customer_id,signup_date,segment,region,plan,acquisition_channel,seats,mrr,tenure_days,monthly_active_days,support_tickets_90d,nps_score,feature_adoption_score,payment_failures_90d,is_churned,churn_date,as_of_date,lifetime_revenue,txn_count,last_txn_date,first_txn_date,avg_txn_amount,total_tickets,avg_resolve_hours,critical_tickets,days_since_last_txn,is_active,customer_health_score
C000001,2022-05-08,Enterprise,Europe,Business,Paid Search,328,481.39,1333,22.0,4,4.7,0.218,0,0,,2025-12-31,18044.84,38,2025-11-25,2022-07-23,474.86,4,9.8,0,36.0,1,55.7
C000002,2025-01-11,SMB,APAC,Free,Sales,14,0.0,354,14.0,1,30.3,0.355,1,0,,2025-12-31,17.939999999999998,9,2025-11-14,2025-01-20,1.99,2,11.6,0,47.0,0,57.7
C000003,2024-07-25,Startup,North America,Starter,Organic,4,58.02,524,22.0,3,64.1,0.658,0,0,,2025-12-31,617.74,11,2025-12-30,2024-09-03,56.16,4,11.1,0,1.0,1,76.3
C000004,2023-09-20,Startup,Europe,Business,Partner,2,422.13,833,5.0,0,88.3,0.343,0,0,,2025-12-31,6350.22,14,2025-12-10,2023-12-30,453.59,3,24.3,1,21.0,1,58.6
C000005,2023-09-12,Mid-Market,Europe,Pro,Paid Search,71,158.47,841,7.0,1,1.1,0.34,1,0,,2025-12-31,1211.72,9,2025-11-17,2024-01-19,134.64,3,12.9,0,44.0,1,48.1
C000006,2025-05-12,Enterprise,APAC,Free,Partner,320,0.0,233,2.0,0,43.3,0.634,0,0,,2025-12-31,7.96,5,2025-12-12,2025-09-12,1.59,0,0.0,0,19.0,0,60.1
C000007,2022-05-03,Startup,LATAM,Pro,Partner,4,135.81,1338,4.8,2,30.2,0.201,1,1,2025-06-04,2025-12-31,3106.35,23,2025-03-29,2022-07-14,135.06,3,22.3,0,277.0,0,43.3
C000008,2024-09-24,Startup,APAC,Pro,Organic,7,166.26,463,20.0,0,32.5,0.228,0,0,,2025-12-31,2682.73,15,2025-09-18,2024-10-21,178.85,0,0.0,0,104.0,1,62.9
C000009,2022-10-16,SMB,Europe,Business,Referral,14,392.69,1172,7.0,3,15.3,0.188,0,0,,2025-12-31,11090.210000000001,28,2025-12-18,2023-01-31,396.08,4,13.7,0,13.0,1,43.9
C000010,2022-05-15,SMB,Europe,Pro,Organic,22,166.24,1326,10.0,1,53.9,0.464,0,0,,2025-12-31,5869.02,34,2025-12-28,2022-05-29,172.62,1,15.0,0,3.0,1,61.7
C000011,2024-01-23,SMB,Europe,Free,Referral,12,0.0,708,15.0,3,52.6,0.623,0,0,,2025-12-31,55.28,13,2025-12-09,2024-01-28,4.25,4,22.6,1,22.0,0,67.8
C000012,2025-10-27,SMB,Europe,Starter,Organic,14,47.83,65,21.0,0,98.1,0.283,0,0,,2025-12-31,33.28,1,2025-11-25,2025-11-25,33.28,0,0.0,0,36.0,1,72.0
C000013,2024-11-18,Enterprise,North America,Starter,Partner,103,57.88,408,8.0,1,2.0,0.42,1,0,,2025-12-31,318.46,6,2025-12-25,2025-02-04,53.08,2,15.7,0,6.0,1,51.4
C000014,2024-12-24,Enterprise,APAC,Pro,Paid Search,377,185.56,372,13.0,2,-8.7,0.814,0,0,,2025-12-31,1950.7,10,2025-12-26,2025-04-15,195.07,3,25.0,0,5.0,1,67.2
C000015,2024-10-22,Mid-Market,APAC,Pro,Partner,52,164.24,435,5.0,2,86.4,0.449,0,0,,2025-12-31,2288.16,14,2025-12-14,2024-11-01,163.44,2,19.4,0,17.0,1,58.6
C000016,2025-01-29,Startup,Europe,Business,Organic,4,453.66,336,22.0,0,33.7,0.615,0,0,,2025-12-31,4505.59,10,2025-12-25,2025-02-09,450.56,1,15.4,0,6.0,1,76.5
C000017,2024-01-04,Mid-Market,APAC,Pro,Partner,78,178.54,727,24.0,0,23.6,0.339,0,0,,2025-12-31,3562.86,19,2025-08-28,2024-02-12,187.52,1,7.8,0,125.0,1,69.0
C000018,2022-07-03,Mid-Market,Europe,Starter,Organic,46,48.7,1277,20.0,0,39.7,0.127,0,0,,2025-12-31,1535.1,31,2025-10-22,2022-10-27,49.52,0,0.0,0,70.0,1,60.6
C000019,2025-04-15,SMB,North America,Free,Paid Search,6,0.0,260,22.0,0,0.1,0.427,0,0,,2025-12-31,53.230000000000004,12,2025-12-14,2025-04-21,4.44,0,0.0,0,17.0,0,67.5
C000020,2023-10-07,Mid-Market,North America,Starter,Referral,64,60.95,816,7.9,1,44.4,0.325,1,1,2024-12-19,2025-12-31,399.28,7,2024-11-06,2023-10-11,57.04,2,5.2,0,420.0,0,52.7
C000021,2023-12-17,Mid-Market,North America,Starter,Paid Search,72,47.06,745,23.0,0,33.0,0.564,0,0,,2025-12-31,551.18,13,2025-12-27,2024-02-18,42.4,1,7.1,0,4.0,1,75.8
C000022,2023-06-15,SMB,North America,Pro,Paid Search,19,164.87,930,12.0,1,61.8,0.64,1,0,,2025-12-31,4531.11,29,2025-12-29,2023-06-26,156.25,1,38.2,0,2.0,1,67.6
C000023,2022-09-19,Mid-Market,Europe,Enterprise,Partner,35,1234.6,1199,5.0,2,56.4,0.544,0,0,,2025-12-31,38738.95,31,2025-11-23,2023-01-11,1249.64,2,5.8,1,38.0,1,58.4
C000024,2025-08-18,SMB,North America,Starter,Paid Search,19,50.19,135,26.0,2,58.5,0.295,1,0,,2025-12-31,136.83,3,2025-11-30,2025-08-31,45.61,2,7.0,0,31.0,1,67.9
C000025,2025-01-22,Startup,North America,Pro,Referral,3,132.94,343,0.0,0,39.8,0.078,1,0,,2025-12-31,1139.75,9,2025-12-23,2025-01-31,126.64,2,19.2,0,8.0,1,39.3
C000026,2024-07-09,Mid-Market,North America,Starter,Paid Search,31,48.95,540,3.8,0,75.1,0.238,1,1,2024-12-12,2025-12-31,188.61,4,2024-10-28,2024-07-30,47.15,0,0.0,0,429.0,0,51.0
C000027,2023-07-30,Startup,APAC,Pro,Sales,7,171.72,885,4.7,1,49.4,0.204,0,1,2025-01-23,2025-12-31,2392.88,14,2024-12-21,2023-07-30,170.92,1,7.5,0,375.0,0,48.8
C000028,2025-03-22,Startup,APAC,Free,Referral,4,0.0,284,22.0,1,21.7,0.307,1,0,,2025-12-31,36.81,7,2025-12-31,2025-04-29,5.26,1,5.9,0,0.0,0,62.5
C000029,2024-02-19,Startup,North America,Pro,Paid Search,1,142.31,681,19.0,0,14.8,0.085,0,0,,2025-12-31,1565.1100000000001,10,2025-11-17,2024-03-26,156.51,0,0.0,0,44.0,1,56.0
C000030,2023-09-27,SMB,North America,Starter,Paid Search,17,59.4,826,13.0,2,17.6,0.257,0,0,,2025-12-31,1041.21,18,2025-06-22,2023-10-10,57.84,2,7.6,0,192.0,1,53.1
C000031,2023-10-07,SMB,North America,Starter,Partner,12,46.03,816,25.0,0,49.7,0.285,1,0,,2025-12-31,965.32,21,2025-12-26,2023-10-10,45.97,0,0.0,0,5.0,1,68.8
C000032,2022-11-21,SMB,North America,Pro,Referral,13,169.21,1136,6.0,2,1.7,0.252,0,0,,2025-12-31,3313.42,20,2025-09-19,2022-12-11,165.67,2,40.0,0,103.0,1,45.1
C000033,2022-05-12,SMB,North America,Starter,Organic,16,59.46,1329,3.0,0,38.9,0.398,1,0,,2025-12-31,2260.98,38,2025-12-31,2022-05-16,59.5,1,31.4,0,0.0,1,51.5
C000034,2024-03-04,Enterprise,North America,Pro,Organic,82,181.13,667,17.0,1,14.2,0.508,0,0,,2025-12-31,3528.85,21,2025-12-28,2024-03-19,168.04,2,8.6,0,3.0,1,65.3
C000035,2025-06-23,Startup,North America,Starter,Organic,5,56.17,191,8.0,0,3.7,0.418,0,0,,2025-12-31,204.32,3,2025-10-07,2025-07-22,68.11,0,0.0,0,85.0,1,55.1
C000036,2022-04-02,SMB,LATAM,Enterprise,Referral,4,1423.33,1369,13.0,1,7.7,0.318,0,0,,2025-12-31,49553.43,33,2025-12-13,2022-05-09,1501.62,1,29.7,0,18.0,1,55.4
C000037,2025-05-12,SMB,Europe,Starter,Referral,18,48.34,233,12.0,1,34.4,0.474,0,0,,2025-12-31,141.58,3,2025-10-20,2025-05-19,47.19,1,15.3,0,72.0,1,61.9
C000038,2025-03-29,Mid-Market,APAC,Pro,Organic,20,179.92,277,7.0,1,54.1,0.471,2,0,,2025-12-31,1690.44,9,2025-12-19,2025-06-24,187.83,1,6.9,0,12.0,1,55.3
C000039,2023-01-31,Enterprise,North America,Business,Paid Search,486,453.89,1065,27.0,0,18.1,0.101,2,0,,2025-12-31,12071.15,26,2025-11-12,2023-02-21,464.28,1,7.6,0,49.0,1,59.9
C000040,2024-06-22,SMB,North America,Pro,Referral,20,139.41,557,10.0,2,-16.9,0.31,0,0,,2025-12-31,1510.59,11,2025-07-21,2024-09-11,137.33,3,21.8,0,163.0,1,48.5
C000041,2022-08-25,SMB,LATAM,Starter,Sales,22,57.78,1224,18.0,0,100.0,0.182,0,0,,2025-12-31,1473.47,25,2025-11-29,2022-09-04,58.94,1,9.2,0,32.0,1,66.5
C000042,2024-12-20,SMB,North America,Pro,Organic,4,136.76,376,4.0,3,62.9,0.174,0,0,,2025-12-31,716.28,5,2025-11-03,2025-01-06,143.26,4,8.0,0,58.0,1,45.6
C000043,2024-09-28,Mid-Market,Europe,Free,Paid Search,79,0.0,459,27.0,0,58.3,0.205,0,0,,2025-12-31,14.99,9,2025-10-30,2024-10-29,1.67,1,2.3,0,62.0,0,71.1
C000044,2023-05-22,Mid-Market,LATAM,Pro,Paid Search,19,134.27,954,27.0,1,75.7,0.659,0,0,,2025-12-31,2472.4,19,2025-09-22,2023-06-13,130.13,1,6.1,0,100.0,1,84.9
C000045,2022-04-08,SMB,Europe,Starter,Partner,10,49.47,1363,1.0,0,37.3,0.749,0,0,,2025-12-31,948.2,21,2025-09-23,2022-05-04,45.15,0,0.0,0,99.0,1,62.1
C000046,2025-10-20,Mid-Market,North America,Business,Organic,19,412.31,72,18.0,1,31.6,0.31,0,0,,2025-12-31,249.83,1,2025-11-05,2025-11-05,249.83,3,19.7,0,56.0,1,62.0
C000047,2023-09-30,Startup,Europe,Business,Organic,6,384.57,823,16.0,1,68.9,0.289,0,0,,2025-12-31,7359.55,20,2025-10-10,2024-01-09,367.98,1,10.8,0,82.0,1,63.3
C000048,2025-07-01,Mid-Market,North America,Starter,Referral,54,58.01,183,4.0,3,68.7,0.658,0,0,,2025-12-31,215.67,3,2025-12-05,2025-08-18,71.89,4,9.4,0,26.0,1,60.7
C000049,2024-08-27,Mid-Market,North America,Free,Paid Search,53,0.0,491,13.7,1,50.4,0.661,1,1,2024-11-07,2025-12-31,17.0,3,2024-10-07,2024-09-04,5.67,1,10.7,0,450.0,0,68.6
C000050,2025-01-18,Mid-Market,North America,Starter,Organic,49,49.58,347,21.0,1,57.1,0.374,1,0,,2025-12-31,157.0,4,2025-11-20,2025-01-22,39.25,1,9.5,0,41.0,1,67.2
C000051,2024-12-22,SMB,APAC,Pro,Paid Search,4,154.71,374,23.0,0,4.0,0.413,0,0,,2025-12-31,1704.7,10,2025-11-28,2024-12-25,170.47,0,0.0,0,33.0,1,68.3
C000052,2022-10-06,SMB,Europe,Starter,Organic,21,58.93,1182,16.0,0,28.6,0.6,0,0,,2025-12-31,1995.2,35,2025-10-26,2022-12-09,57.01,0,0.0,0,66.0,1,70.1
C000053,2023-06-05,SMB,North America,Pro,Paid Search,13,141.83,940,19.0,1,77.6,0.685,2,0,,2025-12-31,3652.01,26,2025-11-12,2023-06-06,140.46,3,31.3,0,49.0,1,74.8
C000054,2023-10-30,Startup,North America,Pro,Paid Search,4,140.82,793,20.0,3,55.1,0.559,0,0,,2025-12-31,2534.86,17,2025-12-21,2024-02-16,149.11,3,20.2,0,10.0,1,70.6
C000055,2023-12-13,Mid-Market,APAC,Enterprise,Organic,72,1254.63,749,21.0,1,-1.6,0.197,0,0,,2025-12-31,24284.76,19,2025-12-01,2024-01-20,1278.15,3,21.6,0,30.0,1,58.0
C000056,2022-03-04,SMB,LATAM,Starter,Organic,20,47.96,1398,16.0,2,21.7,0.7,0,0,,2025-12-31,981.06,20,2025-11-28,2022-03-10,49.05,2,12.0,0,33.0,1,69.5
C000057,2024-02-21,Enterprise,North America,Free,Sales,171,0.0,679,20.0,0,73.5,0.141,0,0,,2025-12-31,45.540000000000006,11,2025-12-26,2024-04-12,4.14,2,23.4,0,5.0,0,64.4
C000058,2022-08-09,Mid-Market,North America,Starter,Sales,43,59.01,1240,1.0,1,46.4,0.622,0,0,,2025-12-31,1612.23,27,2025-09-01,2022-09-15,59.71,1,13.5,0,121.0,1,57.7
C000059,2024-11-29,SMB,APAC,Pro,Organic,9,134.95,397,17.0,0,39.5,0.336,0,0,,2025-12-31,759.72,6,2025-11-28,2025-03-26,126.62,0,0.0,0,33.0,1,64.2
C000060,2024-09-03,Enterprise,APAC,Starter,Partner,265,52.27,484,5.0,0,40.3,0.199,0,0,,2025-12-31,450.92,9,2025-11-15,2024-09-12,50.1,2,10.2,0,46.0,1,49.5
C000061,2025-08-12,SMB,LATAM,Starter,Organic,9,45.03,141,7.4,0,32.9,0.39,1,1,2025-11-02,2025-12-31,84.86,2,2025-10-18,2025-09-19,42.43,1,9.0,0,74.0,0,54.6
C000062,2024-12-01,SMB,North America,Starter,Referral,7,48.71,395,6.8,4,21.9,0.486,0,1,2025-09-21,2025-12-31,184.28,4,2025-07-30,2025-01-02,46.07,4,30.0,0,154.0,0,51.8
C000063,2023-06-09,SMB,North America,Business,Referral,22,374.19,936,3.0,0,14.2,0.346,0,0,,2025-12-31,6570.96,18,2025-11-05,2023-07-04,365.05,0,0.0,0,56.0,1,49.5
C000064,2025-10-15,SMB,Europe,Enterprise,Partner,4,1094.16,77,21.0,1,60.3,0.71,0,0,,2025-12-31,1339.29,1,2025-11-29,2025-11-29,1339.29,2,14.5,0,32.0,1,79.6
C000065,2023-08-11,SMB,North America,Starter,Partner,12,53.69,873,7.0,1,40.9,0.886,0,0,,2025-12-31,857.3299999999999,15,2025-07-29,2023-08-16,57.16,3,16.7,0,155.0,1,70.4
C000066,2023-04-11,Mid-Market,APAC,Starter,Paid Search,52,51.99,995,21.0,1,52.7,0.469,2,0,,2025-12-31,1376.82,27,2025-12-12,2023-04-22,50.99,1,10.5,0,19.0,1,67.6
C000067,2025-07-18,Enterprise,North America,Starter,Organic,433,51.21,166,21.0,2,48.7,0.229,0,0,,2025-12-31,211.49,4,2025-12-25,2025-07-30,52.87,3,11.1,0,6.0,1,62.5
C000068,2023-06-14,Enterprise,Europe,Starter,Paid Search,214,61.67,931,0.0,4,70.2,0.319,0,0,,2025-12-31,1442.46,23,2025-12-24,2023-07-09,62.72,4,9.6,0,7.0,1,45.6
C000069,2022-04-20,SMB,LATAM,Enterprise,Organic,11,1437.41,1351,6.0,1,46.4,0.117,0,0,,2025-12-31,49802.61,34,2025-12-06,2022-05-02,1464.78,1,4.4,0,25.0,1,47.0
C000070,2023-11-03,Startup,LATAM,Pro,Partner,1,156.17,789,22.0,2,55.6,0.569,1,0,,2025-12-31,1972.17,12,2025-05-08,2024-02-27,164.35,3,16.0,1,237.0,1,72.3
C000071,2025-02-11,Enterprise,Europe,Pro,Paid Search,461,152.43,323,9.0,0,39.2,0.151,0,0,,2025-12-31,1692.43,12,2025-12-01,2025-02-23,141.04,0,0.0,0,30.0,1,51.5
C000072,2022-09-28,SMB,LATAM,Enterprise,Organic,10,1420.03,1190,12.0,2,11.3,0.116,0,0,,2025-12-31,25403.62,19,2025-12-08,2023-09-25,1337.03,2,6.4,0,23.0,1,47.3
C000073,2023-10-25,SMB,North America,Pro,Partner,9,149.6,798,0.0,0,29.4,0.307,0,0,,2025-12-31,2388.38,18,2025-12-18,2023-10-26,132.69,0,0.0,0,13.0,1,47.2
C000074,2022-07-05,Startup,North America,Starter,Referral,7,50.8,1275,19.0,0,49.7,0.25,0,0,,2025-12-31,996.97,20,2025-10-14,2023-03-10,49.85,1,9.9,0,78.0,1,64.4
C000075,2024-09-08,SMB,North America,Pro,Partner,17,168.85,479,2.0,1,51.9,0.123,0,0,,2025-12-31,1458.28,9,2025-12-06,2025-02-10,162.03,1,18.3,0,25.0,1,44.2
C000076,2023-11-12,SMB,LATAM,Starter,Paid Search,22,55.85,780,7.0,1,71.3,0.473,0,0,,2025-12-31,971.87,17,2025-11-22,2024-02-19,57.17,1,17.3,0,39.0,1,61.1
C000077,2023-04-18,SMB,LATAM,Starter,Referral,24,51.52,988,13.0,0,23.5,0.364,0,0,,2025-12-31,1249.47,22,2025-12-17,2023-05-18,56.79,1,31.5,0,14.0,1,59.9
C000078,2022-11-21,Startup,North America,Enterprise,Organic,7,1264.39,1136,21.0,0,40.6,0.393,0,0,,2025-12-31,33792.58,27,2025-10-24,2022-11-22,1251.58,0,0.0,0,68.0,1,69.6
C000079,2024-03-18,Mid-Market,North America,Starter,Partner,39,60.08,653,13.0,0,31.8,0.589,1,0,,2025-12-31,793.93,15,2025-12-09,2024-07-28,52.93,0,0.0,0,22.0,1,65.5
C000080,2024-08-15,Startup,North America,Pro,Paid Search,5,154.13,503,27.0,4,75.6,0.307,0,0,,2025-12-31,1531.71,10,2025-12-29,2024-08-22,153.17,4,16.3,0,2.0,1,69.9
C000081,2025-09-06,Enterprise,North America,Starter,Organic,337,58.09,116,7.8,3,44.4,0.401,0,1,2025-12-05,2025-12-31,121.25999999999999,2,2025-11-29,2025-09-24,60.63,3,36.4,0,32.0,0,53.9
C000082,2023-09-18,Startup,APAC,Starter,Sales,7,46.63,835,7.0,1,44.9,0.344,1,0,,2025-12-31,818.09,17,2025-12-09,2023-10-04,48.12,1,10.2,0,22.0,1,52.6
C000083,2022-08-18,Enterprise,North America,Pro,Paid Search,143,169.67,1231,2.0,0,34.1,0.2,1,1,2024-11-05,2025-12-31,3697.6,21,2024-10-26,2022-08-29,176.08,1,11.6,0,431.0,0,44.2
C000084,2025-04-05,Mid-Market,APAC,Business,Paid Search,32,385.68,270,21.0,1,29.4,0.473,0,0,,2025-12-31,1824.3400000000001,4,2025-12-17,2025-05-14,456.08,2,21.7,0,14.0,1,69.4
C000085,2024-06-19,Enterprise,Europe,Pro,Organic,144,157.25,560,12.0,1,-1.2,0.664,1,0,,2025-12-31,1343.7,8,2025-12-26,2024-08-12,167.96,1,6.7,0,5.0,1,62.0
C000086,2024-09-28,SMB,North America,Starter,Sales,19,51.13,459,16.0,2,3.5,0.487,0,0,,2025-12-31,850.5,15,2025-11-06,2024-11-19,56.7,2,13.2,0,55.0,1,61.2
C000087,2022-05-20,Mid-Market,North America,Free,Referral,46,0.0,1321,10.0,1,39.5,0.649,1,0,,2025-12-31,180.58,25,2025-12-01,2022-10-20,7.22,1,14.9,0,30.0,0,63.8
C000088,2023-03-23,Mid-Market,LATAM,Pro,Organic,38,139.84,1014,7.0,1,36.4,0.2,0,0,,2025-12-31,1863.76,15,2025-08-25,2023-06-25,124.25,1,16.3,0,128.0,1,49.4
C000089,2025-01-03,SMB,Europe,Pro,Partner,21,139.24,362,16.0,0,39.6,0.376,0,0,,2025-12-31,522.33,4,2025-11-06,2025-07-26,130.58,2,10.2,0,55.0,1,64.5
C000090,2025-04-05,SMB,Europe,Business,Organic,19,366.08,270,8.0,0,58.5,0.305,0,0,,2025-12-31,3350.18,9,2025-12-23,2025-05-04,372.24,0,0.0,0,8.0,1,57.1
C000091,2023-09-15,SMB,North America,Pro,Referral,13,151.28,838,27.0,2,37.3,0.815,0,0,,2025-12-31,1478.58,10,2025-12-29,2024-01-18,147.86,2,10.3,1,2.0,1,84.3
C000092,2025-02-24,Startup,LATAM,Business,Paid Search,5,376.29,310,20.0,2,26.3,0.295,1,0,,2025-12-31,3951.08,10,2025-12-22,2025-03-14,395.11,2,19.0,0,9.0,1,59.3
C000093,2025-04-18,SMB,APAC,Business,Organic,3,443.21,257,22.0,0,29.8,0.381,0,0,,2025-12-31,2970.95,6,2025-10-14,2025-05-04,495.16,1,3.8,1,78.0,1,69.1
C000094,2023-07-09,Mid-Market,APAC,Starter,Partner,57,58.15,906,7.0,0,41.1,0.578,0,0,,2025-12-31,1430.58,22,2025-08-29,2023-07-11,65.03,1,22.1,0,124.0,1,62.7
C000095,2025-07-08,Mid-Market,Europe,Pro,Sales,60,148.9,176,0.0,0,25.5,0.435,1,1,2025-09-23,2025-12-31,316.75,2,2025-07-31,2025-07-26,158.38,0,0.0,0,153.0,0,48.6
C000096,2023-02-17,Startup,APAC,Business,Paid Search,7,429.94,1048,1.0,3,61.6,0.292,0,0,,2025-12-31,10759.7,23,2025-10-18,2023-04-02,467.81,3,12.8,0,74.0,1,46.3
C000097,2022-12-09,Enterprise,North America,Enterprise,Organic,182,1320.88,1118,24.0,1,34.7,0.354,1,0,,2025-12-31,21242.38,16,2025-11-28,2023-02-06,1327.65,1,2.0,0,33.0,1,67.0
C000098,2024-09-02,SMB,APAC,Starter,Sales,11,46.81,485,24.0,0,41.3,0.142,0,0,,2025-12-31,387.65999999999997,9,2025-12-29,2024-09-29,43.07,0,0.0,0,2.0,1,64.8
C000099,2024-06-29,Startup,Europe,Pro,Organic,2,158.5,550,19.0,0,14.6,0.046,0,0,,2025-12-31,1386.55,9,2025-09-07,2024-07-28,154.06,0,0.0,0,115.0,1,54.8
C000100,2022-07-19,Startup,Europe,Starter,Paid Search,6,54.53,1261,6.6,3,61.6,0.297,2,1,2025-11-26,2025-12-31,1455.84,27,2025-11-12,2022-08-09,53.92,4,39.6,0,49.0,0,47.5
C000101,2025-04-05,SMB,LATAM,Business,Paid Search,18,465.28,270,5.0,0,71.0,0.363,1,0,,2025-12-31,2324.34,5,2025-11-17,2025-04-06,464.87,0,0.0,0,44.0,1,55.5
C000102,2022-10-13,SMB,LATAM,Enterprise,Organic,24,1201.4,1175,21.0,2,0.9,0.217,1,0,,2025-12-31,23294.29,21,2025-09-25,2022-11-14,1109.25,2,9.7,0,97.0,1,55.4
C000103,2025-02-25,SMB,Europe,Enterprise,Organic,16,1136.5,309,14.0,1,45.0,0.647,2,0,,2025-12-31,5892.63,6,2025-11-14,2025-03-05,982.1,1,13.9,0,47.0,1,65.9
C000104,2022-01-11,SMB,Europe,Starter,Organic,8,57.78,1450,16.0,2,32.3,0.374,1,0,,2025-12-31,1801.56,31,2025-11-18,2022-03-07,58.11,3,13.7,0,43.0,1,58.7
C000105,2025-02-13,Enterprise,APAC,Starter,Organic,422,62.03,321,0.0,0,42.1,0.097,1,0,,2025-12-31,450.93,7,2025-11-15,2025-02-13,64.42,0,0.0,0,46.0,1,40.1
C000106,2025-01-30,Mid-Market,LATAM,Business,Paid Search,58,403.83,335,14.0,0,46.3,0.296,0,0,,2025-12-31,3870.12,10,2025-11-18,2025-04-01,387.01,1,27.6,0,43.0,1,61.0
C000107,2025-01-20,SMB,APAC,Pro,Referral,6,134.19,345,19.0,2,-20.9,0.161,0,0,,2025-12-31,977.91,7,2025-10-03,2025-04-16,139.7,2,18.2,0,89.0,1,51.7
C000108,2024-08-08,Mid-Market,North America,Enterprise,Organic,74,1385.24,510,21.0,0,54.0,0.483,0,0,,2025-12-31,12149.33,8,2025-09-11,2024-10-20,1518.67,0,0.0,0,111.0,1,73.6
C000109,2023-11-06,SMB,North America,Starter,Referral,19,49.83,786,4.0,1,62.8,0.653,0,0,,2025-12-31,986.19,19,2025-12-08,2023-11-07,51.9,2,9.5,0,23.0,1,62.9
C000110,2024-10-05,Mid-Market,APAC,Business,Paid Search,73,466.97,452,0.0,1,65.6,0.226,0,0,,2025-12-31,4412.72,9,2025-09-10,2024-10-13,490.3,1,3.4,0,112.0,1,46.8
C000111,2023-02-01,Startup,APAC,Pro,Organic,5,134.51,1064,23.0,2,11.4,0.336,1,0,,2025-12-31,3198.84,25,2025-12-12,2023-02-11,127.95,3,8.9,0,19.0,1,61.8
C000112,2025-01-21,Startup,APAC,Starter,Paid Search,5,50.13,344,2.6,2,34.2,0.376,0,1,2025-08-22,2025-12-31,603.1400000000001,11,2025-08-13,2025-02-10,54.83,2,5.8,0,140.0,0,49.0
C000113,2024-03-05,SMB,Europe,Free,Organic,4,0.0,666,13.0,2,21.5,0.572,0,0,,2025-12-31,75.42,16,2025-12-30,2024-05-28,4.71,2,8.0,0,1.0,0,62.9
C000114,2023-10-19,SMB,Europe,Pro,Partner,19,164.69,804,17.0,1,-12.9,0.46,0,0,,2025-12-31,3422.7,20,2025-06-11,2023-10-25,171.14,2,13.8,0,203.0,1,61.2
C000115,2023-12-25,Mid-Market,Europe,Starter,Paid Search,32,55.72,737,13.0,2,19.5,0.373,0,0,,2025-12-31,996.0,17,2025-10-20,2024-01-15,58.59,3,9.4,0,72.0,1,56.7
C000116,2024-03-24,SMB,APAC,Business,Partner,3,465.27,647,26.0,3,7.9,0.266,0,0,,2025-12-31,4817.19,12,2025-12-22,2024-07-11,401.43,3,85.8,0,9.0,1,62.5
C000117,2022-02-23,Mid-Market,North America,Pro,Sales,57,153.74,1407,23.0,0,43.4,0.29,0,0,,2025-12-31,3693.3,24,2025-11-30,2022-04-21,153.89,1,9.2,0,31.0,1,68.6
C000118,2022-07-19,Startup,APAC,Pro,Organic,4,136.69,1261,11.0,1,-5.8,0.21,1,0,,2025-12-31,3442.1800000000003,25,2025-12-15,2022-12-13,137.69,1,15.4,0,16.0,1,47.0
C000119,2022-12-18,Startup,APAC,Starter,Sales,7,58.1,1109,5.0,3,10.5,0.169,0,0,,2025-12-31,1214.22,19,2025-09-05,2023-01-22,63.91,3,11.5,1,117.0,1,41.1
C000120,2022-06-13,Startup,APAC,Enterprise,Organic,4,1264.71,1297,27.0,4,22.0,0.355,0,0,,2025-12-31,20087.88,15,2025-11-09,2022-10-02,1339.19,5,9.0,0,52.0,1,66.0
C000121,2023-09-21,Startup,North America,Pro,Organic,4,173.79,832,19.0,1,54.3,0.828,0,0,,2025-12-31,3564.23,20,2025-12-25,2023-10-12,178.21,2,11.6,0,6.0,1,80.7
C000122,2024-08-13,Startup,APAC,Business,Organic,1,444.65,505,21.0,0,100.0,0.851,1,0,,2025-12-31,5848.78,14,2025-12-09,2024-08-20,417.77,1,27.0,0,22.0,1,87.3
C000123,2024-07-24,Mid-Market,North America,Business,Referral,56,430.08,525,12.0,0,42.6,0.392,0,0,,2025-12-31,4528.93,10,2025-12-12,2024-08-03,452.89,1,6.6,0,19.0,1,61.7
C000124,2023-11-05,Startup,North America,Pro,Partner,1,132.42,787,13.0,1,9.2,0.549,1,0,,2025-12-31,2334.36,18,2025-11-28,2023-11-09,129.69,2,7.6,1,33.0,1,60.5
C000125,2025-05-07,SMB,Europe,Enterprise,Sales,7,1174.63,238,5.0,0,18.0,0.429,0,0,,2025-12-31,6255.53,5,2025-11-16,2025-05-25,1251.11,0,0.0,0,45.0,1,54.1
C000126,2024-03-19,SMB,North America,Pro,Referral,22,167.81,652,12.0,0,51.5,0.687,1,0,,2025-12-31,2611.31,16,2025-12-11,2024-05-08,163.21,1,25.5,0,20.0,1,69.5
C000127,2022-04-24,SMB,LATAM,Pro,Paid Search,10,167.11,1347,15.0,2,1.3,0.464,0,0,,2025-12-31,4790.52,30,2025-12-24,2022-05-31,159.68,2,10.6,0,7.0,1,59.4
C000128,2024-12-29,Mid-Market,LATAM,Starter,Sales,76,49.29,367,3.0,4,62.4,0.211,0,0,,2025-12-31,557.08,10,2025-11-30,2025-01-03,55.71,4,11.1,0,31.0,1,44.2
C000129,2024-04-01,Mid-Market,North America,Starter,Sales,77,55.52,639,17.0,1,41.8,0.276,0,0,,2025-12-31,738.67,12,2025-12-22,2024-07-30,61.56,2,28.0,0,9.0,1,61.1
C000130,2024-06-26,Mid-Market,APAC,Business,Referral,53,379.5,553,17.0,2,31.9,0.212,0,0,,2025-12-31,2997.13,8,2025-09-19,2024-10-17,374.64,5,18.0,0,103.0,1,56.7
C000131,2024-03-19,Enterprise,Europe,Starter,Partner,355,50.05,652,15.6,5,-7.1,0.289,1,1,2025-06-28,2025-12-31,493.1,10,2025-06-07,2024-03-19,49.31,5,6.7,0,207.0,0,47.4
C000132,2024-03-02,SMB,APAC,Pro,Referral,10,138.46,669,1.0,1,58.0,0.652,0,0,,2025-12-31,1338.22,10,2025-12-23,2024-06-09,133.82,2,39.7,0,8.0,1,59.8
C000133,2022-05-10,Startup,APAC,Enterprise,Organic,6,1135.75,1331,6.0,0,16.0,0.327,0,0,,2025-12-31,29833.31,26,2025-12-27,2022-06-26,1147.44,0,0.0,0,4.0,1,51.8
C000134,2024-03-10,SMB,Europe,Starter,Sales,9,46.11,661,12.0,1,38.8,0.737,0,0,,2025-12-31,906.5,18,2025-09-12,2024-04-27,50.36,1,49.0,0,110.0,1,70.2
C000135,2025-02-10,SMB,North America,Free,Sales,17,0.0,324,24.0,2,31.1,0.188,0,0,,2025-12-31,41.13,7,2025-12-23,2025-05-12,5.88,2,18.0,0,8.0,0,62.2
C000136,2023-03-11,SMB,North America,Pro,Partner,15,176.87,1026,6.0,3,-4.6,0.279,0,0,,2025-12-31,4157.81,23,2025-09-20,2023-03-12,180.77,3,22.8,1,102.0,1,43.8
C000137,2024-05-12,SMB,Europe,Free,Organic,9,0.0,598,27.0,2,29.2,0.389,0,0,,2025-12-31,114.26,17,2025-08-12,2024-06-09,6.72,2,11.1,0,141.0,0,70.7
C000138,2022-02-14,Mid-Market,LATAM,Business,Organic,56,417.19,1416,26.0,0,4.7,0.644,1,0,,2025-12-31,14423.94,34,2025-11-29,2022-03-15,424.23,0,0.0,0,32.0,1,76.0
C000139,2023-05-12,Startup,Europe,Pro,Sales,1,167.36,964,2.0,0,18.7,0.211,0,0,,2025-12-31,4043.85,24,2025-12-06,2023-08-17,168.49,0,0.0,0,25.0,1,45.0
C000140,2023-09-17,Mid-Market,North America,Pro,Referral,32,139.88,836,10.0,0,45.8,0.219,1,0,,2025-12-31,2686.64,18,2025-10-19,2023-10-28,149.26,0,0.0,0,73.0,1,53.1
C000141,2025-11-06,SMB,North America,Pro,Referral,21,161.49,55,7.0,2,52.6,0.594,1,0,,2025-12-31,606.82,4,2025-12-10,2025-11-24,151.71,3,12.6,1,21.0,1,59.3
C000142,2022-11-03,SMB,LATAM,Pro,Sales,20,163.07,1154,13.0,1,34.5,0.345,0,0,,2025-12-31,3864.85,24,2025-08-28,2022-11-25,161.04,1,13.8,0,125.0,1,58.9
C000143,2023-01-31,SMB,North America,Starter,Paid Search,24,50.75,1065,25.0,0,12.9,0.413,0,0,,2025-12-31,1177.34,23,2025-12-29,2023-03-02,51.19,1,9.3,0,2.0,1,71.0
C000144,2023-08-08,Startup,APAC,Starter,Sales,4,43.33,876,10.0,4,18.8,0.406,0,0,,2025-12-31,773.24,18,2025-12-18,2023-09-10,42.96,4,12.8,0,13.0,1,52.0
C000145,2025-11-20,Mid-Market,APAC,Starter,Organic,55,50.25,41,18.0,2,18.4,0.598,1,0,,2025-12-31,59.16,1,2025-12-08,2025-12-08,59.16,2,17.7,0,23.0,1,65.9
C000146,2025-05-05,Startup,North America,Business,Organic,6,352.97,240,1.1,0,-18.4,0.517,0,1,2025-07-18,2025-12-31,1036.88,3,2025-07-12,2025-05-21,345.63,1,14.0,0,172.0,0,49.7
C000147,2022-02-19,SMB,North America,Free,Paid Search,22,0.0,1411,15.0,1,36.8,0.507,0,0,,2025-12-31,116.42,26,2025-12-25,2022-12-23,4.48,1,8.9,0,6.0,0,65.8
C000148,2022-12-01,SMB,North America,Starter,Paid Search,24,59.96,1126,9.0,0,-6.7,0.632,0,0,,2025-12-31,1982.08,34,2025-11-04,2022-12-19,58.3,1,14.0,0,57.0,1,61.3
C000149,2025-03-20,SMB,North America,Starter,Paid Search,13,47.07,286,25.0,0,36.9,0.5,0,0,,2025-12-31,217.04000000000002,4,2025-07-30,2025-04-10,54.26,0,0.0,0,154.0,1,76.0
C000150,2022-03-25,Startup,APAC,Starter,Referral,1,53.73,1377,21.0,1,-1.5,0.573,0,0,,2025-12-31,1790.54,33,2025-12-30,2022-03-30,54.26,3,13.3,0,1.0,1,69.3
C000151,2025-05-08,Startup,APAC,Free,Organic,6,0.0,237,2.0,3,4.8,0.346,1,1,2025-07-06,2025-12-31,0.0,2,2025-06-21,2025-05-30,0.0,3,20.6,0,193.0,0,41.1
C000152,2023-02-07,SMB,North America,Business,Referral,18,395.68,1058,17.0,2,51.7,0.19,0,0,,2025-12-31,7416.79,18,2025-07-08,2023-02-22,412.04,2,17.0,0,176.0,1,58.0
C000153,2025-08-05,Startup,Europe,Free,Organic,3,0.0,148,5.0,1,35.6,0.216,0,1,2025-12-18,2025-12-31,6.97,3,2025-10-08,2025-09-27,2.32,1,15.9,0,84.0,0,48.0
C000154,2023-02-24,SMB,North America,Pro,Referral,16,145.59,1041,12.0,4,-12.1,0.284,0,0,,2025-12-31,2972.79,21,2025-12-06,2023-03-01,141.56,4,21.8,1,25.0,1,47.0
C000155,2023-09-14,SMB,North America,Starter,Organic,13,44.87,839,12.0,2,21.0,0.481,1,0,,2025-12-31,812.88,18,2025-10-19,2023-09-16,45.16,2,32.6,0,73.0,1,57.2
C000156,2024-08-04,Startup,APAC,Pro,Referral,1,154.57,514,22.0,2,41.5,0.279,0,0,,2025-12-31,1633.03,9,2025-12-10,2024-10-29,181.45,3,10.5,0,21.0,1,64.2
C000157,2022-06-30,Mid-Market,APAC,Starter,Partner,48,49.5,1280,8.0,1,19.5,0.284,0,0,,2025-12-31,1266.6399999999999,24,2025-12-21,2022-07-31,52.78,2,7.8,0,10.0,1,51.1
C000158,2024-03-07,SMB,APAC,Business,Paid Search,20,469.33,664,0.0,0,26.4,0.058,0,0,,2025-12-31,8086.39,17,2025-12-21,2024-08-27,475.67,0,0.0,0,10.0,1,39.4
C000159,2023-12-24,Enterprise,North America,Enterprise,Organic,341,1524.18,738,5.0,0,41.1,0.281,0,0,,2025-12-31,23679.54,15,2025-12-08,2024-02-25,1578.64,0,0.0,0,23.0,1,52.0
C000160,2025-01-25,Mid-Market,Europe,Starter,Organic,75,48.09,340,23.0,1,36.1,0.403,0,0,,2025-12-31,381.17,8,2025-11-13,2025-02-03,47.65,1,9.0,0,48.0,1,69.7
C000161,2025-11-25,Startup,Europe,Enterprise,Paid Search,6,1115.81,36,8.0,0,10.2,0.523,0,0,,2025-12-31,1224.44,1,2025-12-30,2025-12-30,1224.44,0,0.0,0,1.0,1,58.9
C000162,2024-08-07,Mid-Market,LATAM,Starter,Organic,74,48.44,511,0.4,3,35.6,0.426,0,1,2025-10-12,2025-12-31,696.07,13,2025-10-10,2024-08-09,53.54,3,13.4,0,82.0,0,47.2
C000163,2023-08-09,Mid-Market,Europe,Pro,Organic,68,159.94,875,11.0,0,27.8,0.289,0,0,,2025-12-31,2930.5099999999998,17,2025-10-07,2023-09-08,172.38,0,0.0,0,85.0,1,56.3
C000164,2023-08-05,Mid-Market,LATAM,Pro,Referral,68,152.8,879,24.0,1,78.1,0.638,0,0,,2025-12-31,2965.06,21,2025-11-14,2023-10-17,141.19,3,21.1,0,47.0,1,81.9
C000165,2023-08-21,SMB,North America,Starter,Organic,11,53.61,863,24.0,2,32.4,0.891,0,0,,2025-12-31,934.21,17,2025-11-13,2023-09-07,54.95,2,11.4,0,48.0,1,83.4
C000166,2025-03-10,Startup,Europe,Starter,Organic,6,50.37,296,26.0,1,38.4,0.617,0,0,,2025-12-31,178.61,4,2025-12-02,2025-04-19,44.65,1,1.9,0,29.0,1,79.1
C000167,2023-04-05,Startup,APAC,Free,Paid Search,5,0.0,1001,19.0,0,41.5,0.63,0,0,,2025-12-31,96.39,25,2025-12-25,2023-04-17,3.86,1,32.0,0,6.0,0,75.0
C000168,2022-08-27,Enterprise,North America,Pro,Paid Search,480,179.92,1222,22.0,2,26.9,0.097,1,0,,2025-12-31,5023.12,25,2025-12-17,2022-09-26,200.92,2,14.2,0,14.0,1,55.2
C000169,2023-04-24,SMB,Europe,Starter,Paid Search,22,49.78,982,21.0,1,17.0,0.607,0,0,,2025-12-31,794.14,15,2025-07-07,2023-05-27,52.94,2,9.8,0,177.0,1,72.2
C000170,2022-02-02,SMB,Europe,Business,Partner,18,443.25,1428,0.0,3,46.5,0.344,0,0,,2025-12-31,18429.88,42,2025-12-09,2022-03-04,438.81,3,12.1,0,22.0,1,45.5
C000171,2022-06-01,SMB,LATAM,Starter,Partner,15,56.99,1309,6.3,2,46.7,0.441,0,1,2025-02-02,2025-12-31,1473.18,25,2024-10-13,2022-08-20,58.93,2,21.4,0,444.0,0,55.5
C000172,2022-05-09,SMB,North America,Enterprise,Paid Search,8,1105.68,1332,14.0,0,87.1,0.362,1,0,,2025-12-31,40339.34,35,2025-12-27,2022-05-16,1152.55,0,0.0,0,4.0,1,65.1
C000173,2025-01-08,Mid-Market,LATAM,Free,Paid Search,52,0.0,357,3.8,0,53.6,0.582,0,1,2025-04-15,2025-12-31,36.51,4,2025-04-06,2025-01-08,9.13,2,35.1,0,269.0,0,61.2
C000174,2024-10-29,SMB,Europe,Pro,Organic,9,176.07,428,23.0,0,54.0,0.541,0,0,,2025-12-31,2098.93,12,2025-12-17,2024-11-19,174.91,1,6.5,0,14.0,1,77.2
C000175,2024-09-23,SMB,Europe,Starter,Referral,4,45.04,464,27.0,1,52.9,0.608,0,0,,2025-12-31,562.3,13,2025-12-15,2024-10-31,43.25,1,12.9,1,16.0,1,81.1
C000176,2023-10-23,SMB,Europe,Starter,Paid Search,21,53.69,800,15.0,2,17.7,0.093,0,0,,2025-12-31,1022.84,19,2025-08-28,2023-11-18,53.83,2,10.4,0,125.0,1,50.0
C000177,2024-10-22,SMB,North America,Free,Referral,23,0.0,435,1.1,2,3.6,0.416,0,1,2025-02-27,2025-12-31,0.0,1,2024-11-15,2024-11-15,0.0,3,13.1,1,411.0,0,45.8
C000178,2022-08-19,Startup,LATAM,Pro,Partner,1,147.76,1230,10.0,0,9.9,0.314,0,0,,2025-12-31,2818.8199999999997,19,2025-07-12,2022-10-20,148.36,0,0.0,0,172.0,1,54.3
C000179,2025-07-11,SMB,LATAM,Starter,Partner,9,54.8,173,5.0,2,52.2,0.438,0,0,,2025-12-31,342.11,5,2025-11-14,2025-07-17,68.42,3,12.2,0,47.0,1,54.8
C000180,2023-12-18,Mid-Market,LATAM,Pro,Paid Search,70,178.27,744,13.0,4,70.5,0.49,2,0,,2025-12-31,4227.35,23,2025-12-23,2024-03-14,183.8,4,13.8,0,8.0,1,58.4
C000181,2025-09-03,Startup,LATAM,Enterprise,Sales,6,1405.85,119,6.0,0,53.4,0.382,0,0,,2025-12-31,3443.26,2,2025-11-27,2025-11-25,1721.63,1,9.3,1,34.0,1,57.2
C000182,2022-08-06,Startup,Europe,Starter,Paid Search,1,54.2,1243,2.0,1,30.8,0.233,0,0,,2025-12-31,1333.51,22,2025-11-03,2022-10-02,60.61,1,13.9,0,58.0,1,45.4
C000183,2023-12-13,Mid-Market,Europe,Free,Paid Search,31,0.0,749,2.1,1,76.9,0.252,1,1,2024-12-23,2025-12-31,70.28999999999999,8,2024-11-16,2023-12-13,8.79,1,15.9,0,410.0,0,48.6
C000184,2024-09-22,SMB,APAC,Free,Sales,11,0.0,465,13.0,1,23.9,0.501,0,0,,2025-12-31,67.1,9,2025-09-03,2024-11-12,7.46,1,7.3,0,119.0,0,62.5
C000185,2023-12-10,Mid-Market,North America,Free,Partner,48,0.0,752,3.0,1,6.3,0.719,0,0,,2025-12-31,33.07,12,2025-10-17,2024-03-23,2.76,1,6.3,0,75.0,0,58.4
C000186,2023-10-01,SMB,APAC,Pro,Paid Search,16,166.73,822,0.0,2,41.3,0.62,0,0,,2025-12-31,1644.33,11,2025-10-02,2023-10-12,149.48,2,12.6,1,90.0,1,54.7
C000187,2022-08-26,Mid-Market,Europe,Business,Organic,33,374.14,1223,7.0,1,67.3,0.499,0,0,,2025-12-31,8323.119999999999,21,2025-12-17,2022-09-16,396.34,1,4.3,0,14.0,1,61.4
C000188,2023-06-29,SMB,Europe,Starter,Organic,15,49.18,916,18.0,4,13.9,0.691,0,0,,2025-12-31,922.61,19,2025-12-15,2023-07-30,48.56,4,11.5,0,16.0,1,67.2
C000189,2022-12-08,Mid-Market,North America,Free,Referral,30,0.0,1119,17.0,5,-7.6,0.209,0,0,,2025-12-31,97.49,22,2025-12-15,2023-03-10,4.43,6,12.6,1,16.0,0,48.2
C000190,2023-03-08,SMB,North America,Pro,Organic,9,162.74,1029,10.0,1,35.9,0.043,0,0,,2025-12-31,3445.68,22,2025-12-07,2023-04-15,156.62,1,4.1,0,24.0,1,47.3
C000191,2024-09-04,Startup,North America,Starter,Organic,5,51.41,483,18.0,1,54.3,0.233,1,0,,2025-12-31,509.98,10,2025-12-27,2025-01-06,51.0,2,9.6,0,4.0,1,60.0
C000192,2024-06-20,Mid-Market,Europe,Pro,Organic,26,179.65,559,5.0,2,-39.1,0.181,0,0,,2025-12-31,1047.45,7,2025-11-06,2024-12-11,149.64,2,19.6,0,55.0,1,38.0
C000193,2024-05-18,Startup,Europe,Enterprise,Sales,5,1109.69,592,20.0,0,59.4,0.655,0,0,,2025-12-31,14470.8,13,2025-12-25,2024-05-24,1113.14,0,0.0,0,6.0,1,78.4
C000194,2023-06-02,Startup,North America,Starter,Partner,2,51.47,943,0.0,0,0.8,0.635,0,0,,2025-12-31,1467.71,26,2025-11-03,2023-06-09,56.45,1,59.8,0,58.0,1,54.1
C000195,2025-10-04,Startup,North America,Pro,Paid Search,1,134.4,88,3.0,1,53.1,0.489,0,0,,2025-12-31,125.58,1,2025-10-17,2025-10-17,125.58,2,6.2,0,75.0,1,56.2
C000196,2022-05-06,Mid-Market,Europe,Business,Sales,25,470.79,1335,25.0,0,-14.9,0.502,0,0,,2025-12-31,15267.95,33,2025-10-30,2022-06-11,462.67,0,0.0,0,62.0,1,70.9
C000197,2023-05-05,Startup,North America,Pro,Paid Search,3,147.68,971,13.0,1,-1.9,0.421,0,0,,2025-12-31,2948.28,20,2025-11-18,2023-05-25,147.41,2,24.5,0,43.0,1,57.5
C000198,2022-06-18,Enterprise,APAC,Business,Referral,166,410.77,1292,15.0,0,50.5,0.565,1,0,,2025-12-31,10986.41,27,2025-11-04,2022-07-13,406.9,0,0.0,0,57.0,1,68.4
C000199,2023-04-30,Mid-Market,North America,Business,Referral,76,405.54,976,11.0,0,65.4,0.654,0,0,,2025-12-31,7061.86,17,2025-10-16,2023-05-25,415.4,0,0.0,0,76.0,1,71.0
C000200,2025-10-07,Startup,Europe,Pro,Paid Search,2,134.85,85,18.0,3,34.8,0.47,1,0,,2025-12-31,148.09,1,2025-11-09,2025-11-09,148.09,3,16.0,0,52.0,1,62.2
C000201,2023-06-08,SMB,North America,Pro,Referral,4,140.35,937,20.0,1,94.9,0.339,1,0,,2025-12-31,3589.6400000000003,25,2025-12-21,2023-07-14,143.59,1,2.5,0,10.0,1,69.0
C000202,2025-07-23,SMB,Europe,Pro,Sales,21,152.72,161,9.3,1,9.4,0.358,0,1,2025-09-02,2025-12-31,549.11,3,2025-08-27,2025-08-02,183.04,3,18.0,0,126.0,0,53.5
C000203,2023-12-09,Mid-Market,Europe,Pro,Organic,33,137.23,753,6.0,0,9.1,0.301,1,0,,2025-12-31,1818.85,13,2025-12-31,2024-01-01,139.91,0,0.0,0,0.0,1,48.3
C000204,2024-09-27,Startup,Europe,Pro,Organic,7,155.48,460,17.0,1,27.4,0.337,0,0,,2025-12-31,1083.35,8,2025-11-30,2024-11-07,135.42,1,6.3,0,31.0,1,61.5
C000205,2023-10-17,SMB,Europe,Starter,Referral,8,46.32,806,21.0,2,26.3,0.683,2,0,,2025-12-31,597.23,13,2025-12-11,2023-12-26,45.94,2,12.8,1,20.0,1,69.9
C000206,2023-01-16,SMB,Europe,Business,Paid Search,15,427.5,1080,11.0,1,42.1,0.711,1,0,,2025-12-31,7592.44,18,2025-10-07,2023-03-01,421.8,2,57.0,0,85.0,1,66.9
C000207,2024-12-28,Startup,North America,Starter,Paid Search,1,44.26,368,10.0,1,16.4,0.75,0,0,,2025-12-31,239.83,5,2025-10-12,2025-01-22,47.97,2,17.3,0,80.0,1,66.6
C000208,2025-10-17,Mid-Market,Europe,Starter,Organic,60,49.17,75,8.1,0,49.2,0.56,0,1,2025-12-04,2025-12-31,157.36,3,2025-11-09,2025-10-20,52.45,2,15.5,1,52.0,0,64.0
C000209,2023-01-12,Mid-Market,North America,Starter,Referral,44,57.34,1084,16.0,1,48.6,0.282,0,0,,2025-12-31,1750.8,28,2025-12-10,2023-01-18,62.53,1,6.1,0,21.0,1,61.1
C000210,2025-01-18,SMB,Europe,Starter,Referral,7,58.61,347,7.0,0,75.3,0.229,0,0,,2025-12-31,556.61,10,2025-12-18,2025-01-23,55.66,2,6.6,0,13.0,1,55.6
C000211,2023-01-09,Startup,Europe,Pro,Sales,3,146.16,1087,26.0,2,22.7,0.368,1,0,,2025-12-31,2698.25,19,2025-09-18,2023-03-19,142.01,2,19.7,0,104.0,1,66.5
C000212,2024-10-22,Mid-Market,APAC,Starter,Paid Search,75,52.81,435,15.0,2,43.4,0.397,0,0,,2025-12-31,521.9,10,2025-12-10,2025-03-06,52.19,2,6.6,0,21.0,1,61.6
C000213,2025-02-02,Mid-Market,Europe,Pro,Sales,27,156.12,332,15.0,1,50.1,0.69,0,0,,2025-12-31,1224.07,8,2025-09-14,2025-03-31,153.01,2,8.5,0,108.0,1,72.6
C000214,2023-10-05,Mid-Market,North America,Pro,Paid Search,61,154.44,818,5.0,1,34.8,0.471,0,0,,2025-12-31,2711.91,17,2025-09-06,2023-11-23,159.52,2,13.6,0,116.0,1,55.6
C000215,2024-11-19,Startup,North America,Starter,Partner,4,46.91,407,18.0,0,29.7,0.311,0,0,,2025-12-31,511.63,10,2025-11-16,2024-12-17,51.16,0,0.0,0,45.0,1,63.4
C000216,2023-01-25,Mid-Market,North America,Starter,Partner,55,55.21,1071,25.0,2,-16.6,0.683,0,0,,2025-12-31,1769.99,32,2025-12-05,2023-04-18,55.31,5,12.2,0,26.0,1,73.2
C000217,2022-04-24,SMB,Europe,Pro,Paid Search,23,145.89,1347,20.0,3,37.1,0.218,0,0,,2025-12-31,4154.29,30,2025-12-22,2022-06-25,138.48,3,28.7,0,9.0,1,58.6
C000218,2022-05-18,Startup,APAC,Business,Partner,2,401.56,1323,14.0,0,49.9,0.699,0,0,,2025-12-31,8792.55,23,2025-10-08,2022-08-28,382.28,0,0.0,0,84.0,1,73.5
C000219,2023-10-02,Enterprise,APAC,Starter,Organic,88,51.73,821,17.0,1,33.6,0.363,1,0,,2025-12-31,480.41,10,2025-11-11,2024-02-13,48.04,4,17.4,0,50.0,1,60.9
C000220,2025-07-14,SMB,Europe,Starter,Paid Search,14,55.48,170,6.0,1,15.4,0.797,0,0,,2025-12-31,366.53,6,2025-10-29,2025-08-13,61.09,2,18.8,0,63.0,1,64.3
C000221,2022-07-02,SMB,North America,Starter,Referral,9,56.13,1278,1.0,0,-7.0,0.222,2,0,,2025-12-31,1412.26,25,2025-12-06,2022-10-24,56.49,1,40.6,0,25.0,1,37.9
C000222,2023-10-14,Startup,APAC,Free,Organic,3,0.0,809,17.0,1,46.3,0.302,0,0,,2025-12-31,40.989999999999995,16,2025-12-27,2023-11-04,2.56,1,9.9,0,4.0,0,62.4
C000223,2024-10-03,Mid-Market,North America,Free,Referral,35,0.0,454,5.0,0,35.8,0.483,0,0,,2025-12-31,24.16,6,2025-11-23,2024-10-10,4.03,1,20.7,0,38.0,0,57.5
C000224,2022-10-17,SMB,North America,Enterprise,Paid Search,22,1127.78,1171,2.0,0,69.7,0.672,0,0,,2025-12-31,32936.2,28,2025-11-26,2022-10-24,1176.29,0,0.0,0,35.0,1,63.9
C000225,2024-10-28,Mid-Market,APAC,Free,Organic,65,0.0,429,21.0,0,-1.2,0.269,0,0,,2025-12-31,63.879999999999995,8,2025-11-27,2024-10-29,7.98,0,0.0,0,34.0,0,61.7
C000226,2023-03-14,SMB,North America,Free,Partner,5,0.0,1023,3.5,0,23.2,0.143,0,1,2023-09-25,2025-12-31,7.34,3,2023-08-01,2023-06-07,2.45,1,3.3,0,883.0,0,44.7
C000227,2025-03-02,SMB,North America,Business,Organic,21,369.13,304,23.0,0,2.0,0.479,0,0,,2025-12-31,1286.6,4,2025-10-24,2025-03-06,321.65,1,2.6,0,68.0,1,70.1
C000228,2024-04-08,Mid-Market,North America,Pro,Sales,79,182.94,632,24.0,1,60.6,0.131,0,0,,2025-12-31,1987.24,11,2025-07-26,2024-05-15,180.66,1,9.4,0,158.0,1,64.9
C000229,2024-02-22,Mid-Market,Europe,Starter,Sales,56,56.03,678,3.0,1,66.0,0.188,0,0,,2025-12-31,371.31,7,2025-12-22,2024-02-24,53.04,1,11.2,0,9.0,1,48.4
C000230,2022-09-10,Startup,North America,Pro,Paid Search,1,157.66,1208,21.0,3,83.1,0.667,1,0,,2025-12-31,4887.52,31,2025-11-06,2022-11-17,157.66,3,18.5,1,55.0,1,75.6
C000231,2023-10-25,Enterprise,Europe,Enterprise,Paid Search,458,1213.15,798,9.0,0,48.0,0.705,0,0,,2025-12-31,18106.83,15,2025-12-18,2023-11-12,1207.12,0,0.0,0,13.0,1,69.0
C000232,2025-05-09,Mid-Market,Europe,Free,Organic,76,0.0,236,8.0,0,54.7,0.224,0,1,2025-10-29,2025-12-31,32.31,6,2025-10-28,2025-05-10,5.39,0,0.0,0,64.0,0,54.3
C000233,2022-01-28,SMB,North America,Starter,Referral,18,48.16,1433,1.0,0,45.9,0.222,0,0,,2025-12-31,1157.91,24,2025-11-29,2022-06-01,48.25,1,3.0,0,32.0,1,47.1
C000234,2024-12-20,Mid-Market,North America,Business,Organic,62,401.42,376,13.0,5,49.3,0.262,0,0,,2025-12-31,2166.27,6,2025-10-22,2025-01-09,361.04,5,16.6,1,70.0,1,51.9
C000235,2023-12-06,Mid-Market,APAC,Business,Sales,79,484.74,756,17.0,2,36.2,0.759,0,0,,2025-12-31,9576.02,18,2025-12-27,2024-02-11,532.0,3,28.8,0,4.0,1,73.6
C000236,2024-10-25,SMB,North America,Enterprise,Sales,5,1289.68,432,12.0,3,50.5,0.536,2,0,,2025-12-31,5486.07,5,2025-11-15,2024-12-09,1097.21,3,16.1,0,46.0,1,58.3
C000237,2024-08-06,Mid-Market,APAC,Starter,Organic,38,55.24,512,15.0,2,88.5,0.332,0,0,,2025-12-31,330.48,5,2025-11-03,2024-09-21,66.1,2,9.4,0,58.0,1,64.2
C000238,2023-09-10,SMB,Europe,Enterprise,Partner,16,1447.81,843,0.0,1,40.5,0.7,1,0,,2025-12-31,36338.63,25,2025-12-12,2023-09-25,1453.55,1,25.7,0,19.0,1,56.6
C000239,2023-03-18,SMB,North America,Starter,Paid Search,22,50.5,1019,0.0,1,35.6,0.65,1,0,,2025-12-31,846.25,17,2025-11-23,2023-03-30,49.78,4,48.5,0,38.0,1,54.6
C000240,2024-06-16,SMB,Europe,Pro,Paid Search,14,146.43,563,16.0,1,40.0,0.288,0,0,,2025-12-31,2675.55,17,2025-12-18,2024-08-15,157.39,1,13.4,0,13.0,1,60.4
C000241,2022-07-20,Enterprise,Europe,Business,Organic,335,414.16,1260,11.0,0,31.3,0.879,0,0,,2025-12-31,10333.81,25,2025-12-13,2022-09-01,413.35,0,0.0,0,18.0,1,74.3
C000242,2024-04-15,Startup,Europe,Starter,Referral,2,45.55,625,16.0,0,41.2,0.26,0,0,,2025-12-31,605.72,13,2025-10-17,2024-05-19,46.59,3,20.7,1,75.0,1,61.2
C000243,2022-05-16,Mid-Market,APAC,Starter,Organic,20,57.23,1325,10.0,2,30.4,0.422,0,0,,2025-12-31,1304.08,24,2025-10-01,2022-05-16,54.34,2,13.0,0,91.0,1,56.6
C000244,2024-07-18,SMB,LATAM,Pro,Sales,24,148.51,531,0.0,0,63.6,0.379,0,0,,2025-12-31,1995.45,13,2025-12-10,2024-07-22,153.5,0,0.0,0,21.0,1,52.7
C000245,2024-06-18,Mid-Market,APAC,Business,Paid Search,19,374.22,561,19.0,0,61.1,0.671,0,0,,2025-12-31,6810.77,16,2025-11-04,2024-06-27,425.67,0,0.0,0,57.0,1,78.2
C000246,2022-05-01,SMB,Europe,Free,Partner,20,0.0,1340,3.0,2,89.1,0.28,0,0,,2025-12-31,166.69,26,2025-12-28,2022-06-10,6.41,2,30.3,0,3.0,0,52.0
C000247,2024-12-19,Mid-Market,Europe,Business,Sales,64,492.38,377,21.0,0,34.4,0.744,0,0,,2025-12-31,2880.11,6,2025-11-12,2025-03-20,480.02,0,0.0,0,49.0,1,79.5
C000248,2023-08-18,Mid-Market,Europe,Starter,Referral,21,56.19,866,0.0,0,42.2,0.068,0,0,,2025-12-31,1074.8700000000001,19,2025-11-09,2023-09-03,56.57,0,0.0,0,52.0,1,41.3
C000249,2025-01-30,SMB,North America,Starter,Paid Search,18,49.28,335,26.0,0,41.2,0.481,0,0,,2025-12-31,413.46,9,2025-07-17,2025-02-06,45.94,0,0.0,0,167.0,1,76.8
C000250,2022-03-01,Enterprise,APAC,Starter,Paid Search,251,49.07,1401,7.0,0,40.0,0.581,0,0,,2025-12-31,1607.89,33,2025-11-20,2022-03-24,48.72,0,0.0,0,41.0,1,62.7
C000251,2022-09-14,Mid-Market,APAC,Enterprise,Paid Search,43,1401.97,1204,24.0,1,63.2,0.548,1,0,,2025-12-31,28865.5,19,2025-12-10,2023-08-26,1519.24,1,14.4,0,21.0,1,75.7
C000252,2023-12-08,SMB,North America,Free,Paid Search,19,0.0,754,0.0,1,-5.6,0.304,0,1,2024-04-23,2025-12-31,0.0,2,2024-03-12,2024-01-02,0.0,1,6.5,0,659.0,0,42.1
C000253,2022-09-27,Startup,LATAM,Pro,Sales,3,139.21,1191,7.7,1,46.5,0.244,0,1,2022-12-08,2025-12-31,863.3199999999999,6,2022-12-06,2022-09-28,143.89,1,31.0,0,1121.0,0,52.3
C000254,2023-04-17,Enterprise,APAC,Free,Organic,464,0.0,989,11.0,1,84.9,0.35,0,0,,2025-12-31,87.28,11,2025-08-02,2023-06-09,7.93,2,32.7,0,151.0,0,62.3
C000255,2024-08-02,Startup,Europe,Enterprise,Paid Search,4,1272.86,516,4.0,1,69.1,0.611,1,0,,2025-12-31,20123.12,16,2025-11-20,2024-08-26,1257.7,1,3.0,0,41.0,1,60.3
C000256,2022-07-26,SMB,LATAM,Business,Referral,24,436.37,1254,13.0,0,66.2,0.458,0,0,,2025-12-31,7451.74,17,2025-09-12,2022-12-02,438.34,1,16.1,0,110.0,1,67.0
C000257,2024-08-27,Startup,North America,Starter,Paid Search,6,49.32,491,6.0,0,56.1,0.563,0,0,,2025-12-31,349.04,8,2025-11-30,2024-10-27,43.63,0,0.0,0,31.0,1,62.9
C000258,2022-05-28,SMB,North America,Starter,Sales,17,47.25,1313,12.0,1,20.1,0.361,0,0,,2025-12-31,1325.92,27,2025-09-25,2022-07-08,49.11,1,13.8,0,97.0,1,57.1
C000259,2022-09-08,SMB,North America,Starter,Organic,19,53.24,1210,4.1,1,16.3,0.355,0,1,2025-01-15,2025-12-31,722.72,14,2025-01-02,2023-02-10,51.62,1,42.7,0,363.0,0,49.4
C000260,2024-04-20,SMB,Europe,Starter,Organic,6,49.69,620,5.0,1,16.4,0.198,0,0,,2025-12-31,602.46,14,2025-11-03,2024-07-01,43.03,1,54.9,1,58.0,1,45.5
C000261,2025-02-08,SMB,North America,Business,Partner,21,380.91,326,22.0,0,6.5,0.737,0,0,,2025-12-31,3400.46,9,2025-12-23,2025-04-29,377.83,0,0.0,0,8.0,1,77.4
C000262,2022-09-01,Startup,LATAM,Pro,Paid Search,5,132.09,1217,14.0,1,58.7,0.718,2,0,,2025-12-31,3770.44,29,2025-12-16,2022-09-16,130.02,1,15.3,0,15.0,1,69.4
C000263,2023-03-05,Enterprise,North America,Starter,Sales,438,61.3,1032,23.0,1,71.7,0.867,0,0,,2025-12-31,1175.69,19,2025-12-17,2023-10-06,61.88,3,19.7,0,14.0,1,87.2
C000264,2025-08-15,Mid-Market,North America,Pro,Paid Search,52,181.67,138,14.8,2,45.9,0.678,0,1,2025-11-15,2025-12-31,687.38,4,2025-10-26,2025-09-23,171.84,2,10.3,0,66.0,0,70.1
C000265,2025-11-16,Enterprise,Europe,Pro,Organic,411,146.94,45,7.0,0,55.1,0.332,0,0,,2025-12-31,90.7,1,2025-12-14,2025-12-14,90.7,0,0.0,0,17.0,1,56.7
C000266,2024-04-10,Startup,North America,Free,Paid Search,1,0.0,630,8.0,1,42.3,0.5,1,0,,2025-12-31,116.91,23,2025-12-19,2024-04-12,5.08,1,7.9,0,12.0,0,57.9
C000267,2023-10-02,SMB,APAC,Free,Paid Search,22,0.0,821,26.0,1,49.2,0.384,0,0,,2025-12-31,57.14,25,2025-12-19,2023-10-13,2.29,1,7.3,0,12.0,0,73.2
C000268,2023-05-12,SMB,North America,Starter,Partner,3,52.57,964,8.0,1,-17.9,0.639,0,0,,2025-12-31,1110.6,22,2025-09-30,2023-06-02,50.48,1,19.7,0,92.0,1,58.0
C000269,2024-05-25,Startup,LATAM,Pro,Organic,7,150.43,585,2.0,0,42.9,0.227,0,0,,2025-12-31,1457.2,9,2025-12-18,2024-11-08,161.91,0,0.0,0,13.0,1,47.9
C000270,2024-04-25,Startup,APAC,Free,Partner,7,0.0,615,15.0,0,24.4,0.859,1,0,,2025-12-31,62.53,17,2025-11-21,2024-04-28,3.68,1,24.6,0,40.0,0,74.6
C000271,2023-02-26,Mid-Market,North America,Pro,Sales,65,185.11,1039,27.0,0,34.0,0.734,1,0,,2025-12-31,5164.84,26,2025-12-13,2023-04-23,198.65,1,10.5,0,18.0,1,82.5
C000272,2022-02-02,SMB,North America,Starter,Paid Search,12,45.5,1428,6.0,0,40.6,0.492,0,0,,2025-12-31,1663.16,36,2025-11-16,2022-02-17,46.2,1,17.6,0,45.0,1,59.2
C000273,2022-08-05,Startup,North America,Pro,Partner,1,165.65,1244,17.0,1,17.1,0.484,0,0,,2025-12-31,6304.41,37,2025-11-26,2022-09-06,170.39,1,16.9,0,35.0,1,64.9
C000274,2025-10-02,Enterprise,LATAM,Free,Organic,426,0.0,90,9.0,0,8.1,0.382,0,0,,2025-12-31,0.0,2,2025-11-25,2025-10-28,0.0,0,0.0,0,36.0,0,55.3
C000275,2023-08-21,SMB,APAC,Pro,Referral,3,130.75,863,10.0,2,16.4,0.529,0,0,,2025-12-31,1452.05,12,2025-11-01,2023-09-04,121.0,5,25.3,0,60.0,1,58.4
C000276,2023-11-21,Mid-Market,Europe,Free,Organic,39,0.0,771,5.3,4,-1.2,0.555,0,1,2023-12-27,2025-12-31,0.0,2,2023-12-14,2023-12-03,0.0,4,12.0,0,748.0,0,50.3
C000277,2023-10-30,SMB,North America,Starter,Partner,8,58.45,793,4.0,0,6.1,0.342,0,0,,2025-12-31,1104.95,18,2025-12-31,2023-10-31,61.39,1,7.3,0,0.0,1,49.4
C000278,2025-01-24,SMB,APAC,Free,Paid Search,12,0.0,341,4.5,1,9.6,0.236,0,1,2025-09-12,2025-12-31,21.79,4,2025-07-25,2025-04-30,5.45,1,15.5,0,159.0,0,45.6
C000279,2022-04-03,Mid-Market,North America,Pro,Organic,60,167.15,1368,7.0,2,-0.9,0.399,0,0,,2025-12-31,4053.94,26,2025-10-27,2022-04-10,155.92,2,8.3,0,65.0,1,50.1
C000280,2022-04-29,Mid-Market,APAC,Business,Paid Search,64,464.1,1342,22.0,2,48.2,0.501,0,0,,2025-12-31,9334.630000000001,21,2025-11-23,2022-07-08,444.51,2,14.6,0,38.0,1,71.5
C000281,2023-01-30,Enterprise,APAC,Free,Organic,354,0.0,1066,3.9,2,12.5,0.387,1,1,2023-11-26,2025-12-31,42.29,5,2023-11-08,2023-01-31,8.46,2,21.8,0,784.0,0,46.3
C000282,2023-11-27,Enterprise,North America,Business,Sales,487,418.53,765,23.0,1,-11.6,0.425,0,0,,2025-12-31,7177.5,17,2025-11-06,2023-11-27,422.21,1,16.0,0,55.0,1,65.6
C000283,2024-08-17,SMB,Europe,Pro,Organic,4,170.36,501,0.0,0,25.0,0.327,0,0,,2025-12-31,2342.08,13,2025-12-13,2024-08-25,180.16,1,9.8,0,18.0,1,47.3
C000284,2023-12-03,Mid-Market,North America,Pro,Sales,35,164.01,759,11.0,4,7.2,0.161,0,0,,2025-12-31,3142.19,19,2025-12-26,2024-02-05,165.38,5,16.3,0,5.0,1,44.4
C000285,2023-09-23,Mid-Market,North America,Pro,Paid Search,74,159.3,830,7.0,0,71.5,0.279,0,0,,2025-12-31,3635.36,22,2025-12-31,2024-02-18,165.24,0,0.0,0,0.0,1,56.8
C000286,2025-09-03,SMB,LATAM,Starter,Organic,21,54.08,119,12.0,2,38.3,0.335,0,0,,2025-12-31,66.94,1,2025-11-05,2025-11-05,66.94,2,11.0,0,56.0,1,56.6
C000287,2022-08-19,SMB,APAC,Pro,Paid Search,17,152.02,1230,21.0,3,-1.8,0.504,1,0,,2025-12-31,3517.58,25,2025-12-21,2022-12-11,140.7,3,9.6,0,10.0,1,62.2
C000288,2024-03-28,SMB,APAC,Business,Organic,12,469.91,643,26.0,2,49.2,0.305,1,0,,2025-12-31,5235.88,10,2025-10-21,2024-04-02,523.59,2,17.6,0,71.0,1,67.3
C000289,2024-02-15,Startup,Europe,Business,Referral,6,388.65,685,20.0,4,37.1,0.379,0,0,,2025-12-31,7090.36,19,2025-09-02,2024-03-16,373.18,4,13.4,1,120.0,1,61.9
C000290,2023-11-09,Mid-Market,North America,Starter,Organic,28,46.97,783,14.0,2,29.0,0.681,0,0,,2025-12-31,903.12,18,2025-12-04,2023-11-21,50.17,2,18.7,0,27.0,1,67.8
C000291,2025-02-28,Startup,APAC,Pro,Referral,2,137.68,306,14.0,0,74.4,0.719,0,0,,2025-12-31,1069.48,8,2025-11-15,2025-03-15,133.68,0,0.0,0,46.0,1,76.5
C000292,2023-01-17,Enterprise,Europe,Free,Organic,183,0.0,1079,27.0,1,10.6,0.646,0,0,,2025-12-31,115.75,31,2025-12-20,2023-04-01,3.73,1,3.8,0,11.0,0,78.0
C000293,2025-09-25,SMB,North America,Pro,Organic,19,148.83,97,27.0,0,60.9,0.378,0,0,,2025-12-31,702.87,4,2025-12-01,2025-11-05,175.72,1,16.5,0,30.0,1,76.5
C000294,2023-04-20,Startup,Europe,Free,Organic,1,0.0,986,21.0,1,24.8,0.23,1,0,,2025-12-31,120.1,19,2025-11-01,2023-07-22,6.32,1,17.3,0,60.0,0,59.6
C000295,2024-02-19,Startup,Europe,Starter,Partner,4,43.61,681,4.0,2,34.5,0.577,0,0,,2025-12-31,492.46000000000004,12,2025-11-13,2024-02-23,41.04,3,14.5,0,48.0,1,56.3
C000296,2024-01-15,SMB,APAC,Pro,Paid Search,4,133.0,716,1.6,1,16.3,0.136,1,1,2025-12-22,2025-12-31,2045.9699999999998,16,2025-12-18,2024-05-22,127.87,1,42.4,0,13.0,0,38.6
C000297,2025-04-30,SMB,North America,Business,Sales,21,464.39,245,7.0,2,17.8,0.707,0,0,,2025-12-31,4519.860000000001,9,2025-12-28,2025-04-30,502.21,2,20.4,0,3.0,1,61.2
C000298,2023-09-20,Mid-Market,APAC,Free,Paid Search,64,0.0,833,2.9,3,24.1,0.427,1,1,2024-09-04,2025-12-31,30.68,8,2024-06-11,2023-11-05,3.84,3,9.4,0,568.0,0,46.3
C000299,2023-02-11,SMB,North America,Pro,Organic,16,167.07,1054,27.0,0,-12.5,0.692,0,0,,2025-12-31,2745.89,16,2025-12-12,2023-04-09,171.62,0,0.0,0,19.0,1,78.6
C000300,2022-01-31,SMB,North America,Pro,Referral,17,162.0,1430,4.0,1,43.7,0.201,0,0,,2025-12-31,4417.88,27,2025-12-11,2022-05-23,163.63,1,14.7,0,20.0,1,47.5
C000301,2023-06-05,Startup,North America,Enterprise,Partner,1,1284.95,940,23.0,1,37.9,0.44,0,0,,2025-12-31,27251.13,21,2025-09-20,2023-09-15,1297.67,1,17.1,0,102.0,1,71.0
C000302,2025-03-27,SMB,APAC,Pro,Referral,6,155.98,279,22.0,1,-2.4,0.609,0,0,,2025-12-31,751.41,5,2025-09-19,2025-06-25,150.28,2,16.4,1,103.0,1,71.2
C000303,2022-01-15,Enterprise,North America,Free,Paid Search,284,0.0,1446,14.0,2,51.5,0.218,0,0,,2025-12-31,111.22,24,2025-10-21,2022-02-02,4.63,4,13.3,0,71.0,0,56.2
C000304,2025-07-05,SMB,Europe,Free,Referral,9,0.0,179,2.7,1,71.4,0.58,1,1,2025-08-29,2025-12-31,0.0,2,2025-08-07,2025-07-19,0.0,3,15.7,0,146.0,0,58.5
C000305,2024-02-16,Enterprise,North America,Pro,Organic,219,160.28,684,7.0,2,18.4,0.2,2,0,,2025-12-31,1696.26,10,2025-08-14,2024-04-03,169.63,3,14.1,0,139.0,1,42.1
C000306,2022-07-20,Mid-Market,APAC,Starter,Sales,31,55.51,1260,18.0,0,15.4,0.509,0,0,,2025-12-31,1395.05,24,2025-12-19,2022-07-20,58.13,0,0.0,0,12.0,1,67.9
C000307,2023-03-09,Mid-Market,APAC,Enterprise,Organic,45,1145.21,1028,18.0,2,62.8,0.117,0,0,,2025-12-31,25583.76,21,2025-10-17,2023-03-21,1218.27,3,31.0,0,75.0,1,57.9
C000308,2024-03-03,SMB,North America,Enterprise,Referral,5,1156.45,668,15.0,1,45.1,0.573,1,0,,2025-12-31,17949.17,15,2025-12-24,2024-03-13,1196.61,1,17.1,0,7.0,1,66.6
C000309,2023-03-28,Mid-Market,LATAM,Enterprise,Organic,33,1164.22,1009,15.0,1,31.6,0.576,0,0,,2025-12-31,28081.670000000002,24,2025-12-21,2023-03-30,1170.07,2,20.5,0,10.0,1,67.3
C000310,2022-06-05,Mid-Market,North America,Starter,Referral,52,58.29,1305,23.0,4,55.4,0.273,0,0,,2025-12-31,2042.33,33,2025-11-07,2022-08-09,61.89,5,21.3,1,54.0,1,63.3
C000311,2024-08-10,Enterprise,North America,Pro,Referral,455,173.38,508,7.5,3,41.9,0.378,0,1,2024-09-22,2025-12-31,159.42,1,2024-09-09,2024-09-09,159.42,3,9.9,0,478.0,0,52.7
C000312,2024-08-19,Startup,Europe,Pro,Referral,1,128.47,499,21.0,0,70.7,0.304,0,0,,2025-12-31,1790.93,13,2025-12-22,2024-08-24,137.76,1,14.9,0,9.0,1,69.9
C000313,2022-06-19,SMB,APAC,Free,Paid Search,15,0.0,1291,7.0,1,34.6,0.461,0,0,,2025-12-31,124.35,32,2025-11-24,2022-06-20,3.89,1,4.3,0,37.0,0,57.0
C000314,2023-02-07,Enterprise,North America,Starter,Paid Search,380,51.13,1058,1.0,1,45.7,0.244,0,0,,2025-12-31,733.6800000000001,16,2025-09-13,2023-02-22,45.86,3,56.5,1,109.0,1,46.3
C000315,2022-12-15,Enterprise,Europe,Starter,Referral,495,47.0,1112,12.0,3,62.5,0.603,0,0,,2025-12-31,1559.02,32,2025-11-03,2022-12-22,48.72,3,7.3,0,58.0,1,65.6
C000316,2024-07-31,SMB,North America,Starter,Partner,17,45.31,518,4.4,1,-26.2,0.494,0,1,2024-10-23,2025-12-31,62.87,1,2024-10-14,2024-10-14,62.87,1,2.7,0,443.0,0,49.6
C000317,2024-11-10,Mid-Market,Europe,Enterprise,Partner,51,1315.85,416,9.0,0,63.4,0.679,0,0,,2025-12-31,8008.43,7,2025-09-19,2025-01-16,1144.06,0,0.0,0,103.0,1,69.7
C000318,2024-11-05,SMB,Europe,Business,Organic,24,384.21,421,14.0,1,22.4,0.241,0,0,,2025-12-31,2714.95,8,2025-12-28,2025-01-06,339.37,2,10.2,0,3.0,1,55.5
C000319,2025-09-04,SMB,LATAM,Starter,Paid Search,4,52.54,118,25.0,0,47.5,0.609,0,0,,2025-12-31,92.2,2,2025-11-18,2025-11-12,46.1,0,0.0,0,43.0,1,80.3
C000320,2025-01-04,Startup,Europe,Pro,Paid Search,3,169.46,361,22.0,3,76.6,0.41,0,0,,2025-12-31,953.46,5,2025-11-16,2025-05-01,190.69,4,6.1,0,45.0,1,70.1
C000321,2023-04-04,Mid-Market,Europe,Starter,Partner,30,50.94,1002,18.0,2,27.4,0.564,0,0,,2025-12-31,1314.85,24,2025-11-12,2023-06-19,54.79,2,19.6,0,49.0,1,67.7
C000322,2022-06-04,SMB,Europe,Starter,Organic,10,57.07,1306,19.0,2,23.6,0.859,1,0,,2025-12-31,1219.22,22,2025-12-21,2022-09-13,55.42,2,14.0,0,10.0,1,75.1
C000323,2024-05-28,Enterprise,North America,Free,Paid Search,256,0.0,582,11.0,0,33.6,0.616,1,0,,2025-12-31,99.17,16,2025-12-26,2024-06-14,6.2,0,0.0,0,5.0,0,64.7
C000324,2025-08-02,Startup,North America,Pro,Referral,4,160.3,151,15.0,4,-1.3,0.125,1,0,,2025-12-31,328.53,2,2025-12-28,2025-10-30,164.26,4,11.2,0,3.0,1,44.0
C000325,2025-10-26,Startup,LATAM,Pro,Paid Search,1,168.85,66,12.0,0,90.0,0.069,1,0,,2025-12-31,815.91,4,2025-12-17,2025-11-02,203.98,0,0.0,0,14.0,1,54.8
C000326,2022-11-26,SMB,North America,Business,Sales,23,430.72,1131,22.0,1,33.9,0.496,1,0,,2025-12-31,6701.54,16,2025-09-15,2023-01-24,418.85,1,15.0,0,107.0,1,69.4
C000327,2022-12-05,SMB,APAC,Business,Organic,10,453.26,1122,27.0,0,76.1,0.317,0,0,,2025-12-31,13482.42,29,2025-12-05,2023-03-26,464.91,1,6.2,0,26.0,1,76.2
C000328,2022-02-23,Mid-Market,North America,Starter,Paid Search,64,54.76,1407,12.0,1,26.7,0.17,0,0,,2025-12-31,1731.23,32,2025-12-24,2022-04-07,54.1,2,14.4,1,7.0,1,52.0
C000329,2022-07-22,Startup,APAC,Business,Paid Search,5,371.16,1258,20.0,0,35.9,0.711,0,0,,2025-12-31,6568.72,16,2025-11-30,2022-08-14,410.54,0,0.0,0,31.0,1,77.8
C000330,2024-03-04,SMB,North America,Free,Paid Search,12,0.0,667,1.0,1,58.6,0.464,1,0,,2025-12-31,58.97,12,2025-11-08,2024-03-19,4.91,4,12.7,0,53.0,0,52.2
C000331,2024-02-21,Mid-Market,LATAM,Starter,Partner,69,48.45,679,11.0,1,7.4,0.361,1,0,,2025-12-31,1018.5,20,2025-12-31,2024-02-26,50.92,2,24.5,0,0.0,1,52.9
C000332,2023-06-15,SMB,APAC,Pro,Organic,15,170.71,930,24.0,1,32.4,0.313,1,0,,2025-12-31,3516.39,20,2025-12-26,2023-07-14,175.82,1,8.8,0,5.0,1,65.6
C000333,2023-03-20,SMB,North America,Free,Paid Search,7,0.0,1017,19.0,1,57.7,0.191,0,0,,2025-12-31,122.93,16,2025-12-05,2023-11-09,7.68,1,7.1,0,26.0,0,62.0
C000334,2025-04-01,Startup,APAC,Starter,Organic,6,50.74,274,14.0,1,29.7,0.415,2,0,,2025-12-31,132.02,3,2025-10-04,2025-08-20,44.01,1,46.9,0,88.0,1,57.4
C000335,2023-10-20,SMB,Europe,Starter,Partner,13,52.86,803,5.0,0,22.9,0.402,0,0,,2025-12-31,942.13,18,2025-10-30,2023-12-18,52.34,4,17.1,0,62.0,1,53.8
C000336,2025-03-01,SMB,North America,Free,Referral,5,0.0,305,22.0,1,62.9,0.665,0,0,,2025-12-31,26.66,9,2025-12-11,2025-03-18,2.96,2,8.0,0,20.0,0,79.4
C000337,2025-10-09,SMB,North America,Enterprise,Organic,24,1354.6,83,27.0,3,70.0,0.53,0,0,,2025-12-31,1731.25,1,2025-11-09,2025-11-09,1731.25,3,19.8,1,52.0,1,77.5
C000338,2023-03-30,Mid-Market,APAC,Starter,Paid Search,40,45.61,1007,10.0,0,74.0,0.65,0,0,,2025-12-31,756.01,17,2025-12-16,2023-04-07,44.47,0,0.0,0,15.0,1,70.8
C000339,2022-10-17,Mid-Market,APAC,Pro,Paid Search,77,153.38,1171,22.0,0,18.1,0.398,0,0,,2025-12-31,2595.43,18,2025-12-12,2023-04-27,144.19,0,0.0,0,19.0,1,68.4
C000340,2025-09-24,Enterprise,North America,Enterprise,Referral,135,1384.36,98,16.0,3,20.5,0.433,0,0,,2025-12-31,5441.1900000000005,4,2025-12-09,2025-11-04,1360.3,5,10.1,0,22.0,1,59.8
C000341,2024-06-26,SMB,APAC,Pro,Organic,15,151.35,553,11.0,1,23.2,0.322,0,0,,2025-12-31,1374.61,9,2025-10-25,2024-08-13,152.73,2,22.7,0,67.0,1,55.3
C000342,2023-02-21,SMB,North America,Starter,Paid Search,22,51.24,1044,9.0,0,53.0,0.232,1,0,,2025-12-31,1590.11,30,2025-12-26,2023-03-06,53.0,0,0.0,0,5.0,1,53.3
C000343,2024-06-08,SMB,North America,Enterprise,Referral,6,1096.38,571,8.8,0,5.1,0.173,2,1,2024-11-19,2025-12-31,4059.65,4,2024-11-03,2024-09-02,1014.91,1,28.1,0,423.0,0,44.6
C000344,2024-01-07,Mid-Market,Europe,Starter,Paid Search,15,53.28,724,2.4,2,6.5,0.558,2,1,2024-10-23,2025-12-31,252.37,5,2024-07-08,2024-03-07,50.47,3,20.3,0,541.0,0,47.5
C000345,2025-07-18,Mid-Market,North America,Starter,Referral,33,49.74,166,17.0,1,17.1,0.556,0,0,,2025-12-31,211.04,4,2025-12-15,2025-09-09,52.76,1,5.5,0,16.0,1,67.1
C000346,2023-01-02,SMB,North America,Pro,Paid Search,9,137.79,1094,4.0,0,11.5,0.632,0,0,,2025-12-31,2930.22,21,2025-12-01,2023-01-15,139.53,0,0.0,0,30.0,1,58.7
C000347,2025-11-18,Mid-Market,Europe,Starter,Sales,77,53.34,43,13.0,0,57.1,0.377,0,0,,2025-12-31,34.48,1,2025-12-18,2025-12-18,34.48,0,0.0,0,13.0,1,63.6
C000348,2025-08-31,Enterprise,North America,Business,Organic,99,422.94,122,20.0,0,55.4,0.549,1,0,,2025-12-31,1374.98,3,2025-11-08,2025-09-28,458.33,0,0.0,0,53.0,1,72.9
C000349,2022-09-16,SMB,North America,Free,Organic,12,0.0,1202,23.0,1,23.0,0.645,0,0,,2025-12-31,42.900000000000006,17,2025-12-09,2022-12-03,2.52,3,26.1,0,22.0,0,75.7
C000350,2022-08-24,Mid-Market,APAC,Pro,Paid Search,74,148.7,1225,7.0,3,30.2,0.264,1,0,,2025-12-31,2750.17,20,2025-06-13,2022-10-13,137.51,4,14.4,0,201.0,1,45.7
C000351,2024-02-02,Mid-Market,Europe,Pro,Paid Search,52,144.03,698,16.0,1,-28.5,0.621,0,0,,2025-12-31,2009.32,14,2025-12-14,2024-02-02,143.52,1,21.1,0,17.0,1,63.6
C000352,2022-03-06,SMB,APAC,Enterprise,Partner,6,1187.75,1396,8.0,0,23.6,0.243,0,0,,2025-12-31,36149.17,29,2025-12-21,2022-08-08,1246.52,0,0.0,0,10.0,1,51.8
C000353,2023-03-04,Startup,Europe,Free,Organic,5,0.0,1033,22.0,1,66.1,0.275,0,0,,2025-12-31,151.93,20,2025-10-18,2023-04-26,7.6,1,15.7,0,74.0,0,68.0
C000354,2023-09-15,Mid-Market,Europe,Starter,Organic,43,48.19,838,9.0,2,22.2,0.617,0,0,,2025-12-31,583.79,13,2025-12-21,2023-12-18,44.91,3,17.4,0,10.0,1,60.8
C000355,2025-10-18,SMB,North America,Enterprise,Referral,10,1180.52,74,18.0,1,7.7,0.543,1,0,,2025-12-31,1151.89,1,2025-11-20,2025-11-20,1151.89,1,5.2,0,41.0,1,64.6
C000356,2025-11-20,Startup,APAC,Pro,Organic,3,166.2,41,12.0,2,69.4,0.324,1,0,,2025-12-31,224.66,1,2025-11-29,2025-11-29,224.66,2,11.2,0,32.0,1,57.4
C000357,2022-08-05,SMB,North America,Free,Referral,19,0.0,1244,7.0,1,7.1,0.161,0,0,,2025-12-31,129.3,31,2025-12-16,2022-09-14,4.17,1,24.3,0,15.0,0,45.3
C000358,2025-06-29,SMB,North America,Free,Partner,18,0.0,185,16.0,1,73.7,0.124,0,0,,2025-12-31,18.65,7,2025-11-18,2025-07-01,2.66,1,4.2,0,43.0,0,58.9
C000359,2022-05-11,SMB,APAC,Business,Organic,16,461.03,1330,17.0,1,100.0,0.497,0,0,,2025-12-31,9204.63,20,2025-12-24,2022-09-03,460.23,1,3.6,0,7.0,1,73.6
C000360,2024-12-06,SMB,APAC,Pro,Referral,22,170.11,390,19.0,1,32.3,0.248,1,0,,2025-12-31,959.5,6,2025-11-27,2024-12-10,159.92,2,6.2,1,34.0,1,59.1
C000361,2025-04-24,SMB,Europe,Pro,Referral,16,147.27,251,13.2,2,66.1,0.353,1,1,2025-11-08,2025-12-31,807.62,6,2025-10-03,2025-06-11,134.6,2,29.6,0,89.0,0,59.0
C000362,2025-06-27,SMB,North America,Business,Referral,14,435.83,187,18.0,0,-6.7,0.9,3,0,,2025-12-31,950.4000000000001,2,2025-11-11,2025-10-28,475.2,2,22.7,0,50.0,1,71.4
C000363,2022-11-16,Mid-Market,North America,Starter,Organic,62,49.26,1141,23.0,3,-7.8,0.142,0,0,,2025-12-31,985.97,22,2025-12-30,2022-12-01,44.82,5,24.0,0,1.0,1,54.5
C000364,2025-07-01,Enterprise,Europe,Starter,Paid Search,262,54.81,183,11.0,3,15.1,0.275,0,0,,2025-12-31,184.58999999999997,3,2025-11-28,2025-09-17,61.53,5,9.3,1,33.0,1,50.1
C000365,2022-06-15,SMB,APAC,Pro,Sales,13,154.2,1295,14.0,0,55.6,0.52,0,0,,2025-12-31,3291.57,22,2025-12-04,2022-08-08,149.62,0,0.0,0,27.0,1,68.7
C000366,2024-01-12,Mid-Market,Europe,Business,Partner,42,426.0,719,13.0,4,35.0,0.512,0,0,,2025-12-31,10964.86,25,2025-11-21,2024-02-06,438.59,4,11.2,0,40.0,1,59.5
C000367,2023-11-03,SMB,North America,Starter,Organic,13,58.62,789,16.0,4,30.3,0.348,0,0,,2025-12-31,1257.06,21,2025-10-01,2023-11-24,59.86,6,26.0,0,91.0,1,56.8
C000368,2023-03-28,SMB,North America,Pro,Organic,9,169.54,1009,3.0,0,2.7,0.113,0,0,,2025-12-31,3023.66,18,2025-10-07,2023-06-24,167.98,1,5.8,0,85.0,1,41.3
C000369,2022-02-01,Startup,Europe,Starter,Partner,5,52.56,1429,23.0,2,31.8,0.385,0,0,,2025-12-31,1060.32,21,2025-12-16,2022-07-05,50.49,2,5.5,0,15.0,1,67.3
C000370,2025-01-08,Enterprise,APAC,Starter,Referral,496,47.67,357,14.0,2,18.9,0.674,1,0,,2025-12-31,192.88,4,2025-09-07,2025-02-14,48.22,3,20.0,0,115.0,1,64.6
C000371,2023-04-25,SMB,North America,Enterprise,Sales,5,1104.18,981,15.0,4,11.9,0.41,0,0,,2025-12-31,19657.41,17,2025-09-16,2023-05-15,1156.32,4,12.4,1,106.0,1,55.9
C000372,2024-08-04,SMB,North America,Free,Sales,16,0.0,514,24.0,0,9.8,0.165,0,0,,2025-12-31,0.0,5,2025-11-10,2024-12-07,0.0,0,0.0,0,51.0,0,62.4
C000373,2023-08-10,Enterprise,North America,Free,Paid Search,254,0.0,874,8.0,2,39.8,0.274,1,1,2024-09-11,2025-12-31,54.36,5,2024-06-14,2023-08-26,10.87,2,5.8,0,565.0,0,49.3
C000374,2023-06-19,Mid-Market,North America,Business,Partner,50,372.09,926,12.0,1,17.0,0.668,0,0,,2025-12-31,8034.57,22,2025-11-06,2023-08-04,365.21,1,12.0,0,55.0,1,66.0
C000375,2025-06-21,Enterprise,Europe,Starter,Organic,353,62.8,193,15.0,0,34.8,0.782,0,0,,2025-12-31,255.64000000000001,5,2025-12-31,2025-06-21,51.13,0,0.0,0,0.0,1,75.3
C000376,2022-05-16,Mid-Market,North America,Starter,Organic,48,52.35,1325,26.0,2,-9.2,0.511,0,0,,2025-12-31,1421.94,27,2025-11-05,2022-05-27,52.66,2,30.4,1,56.0,1,69.6
C000377,2024-11-19,Mid-Market,Europe,Business,Organic,27,410.42,407,7.0,0,47.6,0.393,0,0,,2025-12-31,4792.1,12,2025-11-23,2024-12-14,399.34,1,5.0,0,38.0,1,57.8
C000378,2024-12-03,SMB,APAC,Starter,Sales,10,54.16,393,4.0,2,41.0,0.596,0,0,,2025-12-31,308.43,6,2025-11-26,2024-12-20,51.4,3,21.7,1,35.0,1,57.6
C000379,2023-06-28,SMB,LATAM,Pro,Organic,15,180.36,917,3.0,2,29.2,0.289,1,0,,2025-12-31,3185.7,17,2025-09-25,2023-07-12,187.39,2,23.4,0,97.0,1,44.3
C000380,2023-01-11,Enterprise,LATAM,Starter,Paid Search,87,48.65,1085,20.0,2,39.0,0.565,1,0,,2025-12-31,923.78,18,2025-11-08,2023-04-14,51.32,2,13.3,0,53.0,1,68.7
C000381,2022-01-08,Mid-Market,North America,Free,Paid Search,69,0.0,1453,0.0,0,58.4,0.262,0,0,,2025-12-31,198.74,32,2025-08-12,2022-01-10,6.21,0,0.0,0,141.0,0,48.7
C000382,2025-09-01,Enterprise,North America,Pro,Paid Search,87,144.03,121,19.0,0,-1.2,0.25,0,0,,2025-12-31,139.61,1,2025-10-16,2025-10-16,139.61,0,0.0,0,76.0,1,59.3
C000383,2025-09-17,SMB,North America,Starter,Paid Search,20,56.83,105,16.5,5,36.7,0.113,0,1,2025-12-14,2025-12-31,354.99,7,2025-12-08,2025-09-17,50.71,5,11.5,1,23.0,0,49.3
C000384,2022-12-11,Mid-Market,APAC,Business,Organic,36,453.94,1116,19.0,0,2.4,0.582,0,0,,2025-12-31,9691.69,21,2025-12-07,2023-06-08,461.51,0,0.0,0,24.0,1,69.7
C000385,2022-02-15,SMB,North America,Enterprise,Paid Search,5,1238.37,1415,4.0,2,37.2,0.394,0,0,,2025-12-31,33845.67,27,2025-07-27,2022-04-30,1253.54,2,12.3,0,157.0,1,51.1
C000386,2022-06-25,Mid-Market,North America,Business,Paid Search,44,435.42,1285,18.0,1,28.5,0.453,0,0,,2025-12-31,13703.51,30,2025-12-15,2022-07-05,456.78,2,30.6,0,16.0,1,66.0
C000387,2022-04-07,Enterprise,North America,Starter,Referral,347,62.57,1364,12.0,1,34.4,0.647,0,0,,2025-12-31,2002.1,32,2025-12-10,2022-04-11,62.57,1,22.3,0,21.0,1,67.1
C000388,2025-04-03,Startup,North America,Starter,Referral,6,54.96,272,0.0,2,56.2,0.22,0,1,2025-07-25,2025-12-31,122.92,2,2025-07-04,2025-05-11,61.46,2,14.6,0,180.0,0,44.2
C000389,2025-06-29,Enterprise,APAC,Business,Referral,324,510.54,185,5.0,1,55.5,0.171,0,0,,2025-12-31,1121.1100000000001,2,2025-10-18,2025-08-20,560.56,3,9.1,0,74.0,1,48.6
C000390,2022-08-08,Mid-Market,Europe,Pro,Paid Search,34,141.09,1241,20.0,1,62.2,0.788,0,0,,2025-12-31,4912.93,34,2025-11-19,2022-08-10,144.5,2,11.4,0,42.0,1,81.2
C000391,2024-12-03,Mid-Market,Europe,Pro,Organic,69,156.66,393,15.0,2,25.1,0.374,0,0,,2025-12-31,1350.91,10,2025-11-28,2024-12-29,135.09,3,16.3,0,33.0,1,59.1
C000392,2022-09-14,Startup,LATAM,Business,Paid Search,6,383.28,1204,13.0,0,52.6,0.442,0,0,,2025-12-31,9711.92,25,2025-12-10,2022-11-09,388.48,1,4.4,0,21.0,1,65.1
C000393,2023-06-10,SMB,North America,Starter,Sales,15,49.02,935,21.0,3,47.7,0.481,0,0,,2025-12-31,518.09,12,2025-06-24,2023-08-16,43.17,3,23.3,0,190.0,1,68.4
C000394,2024-05-07,SMB,North America,Free,Organic,20,0.0,603,5.3,1,25.7,0.103,0,1,2025-02-24,2025-12-31,84.68,7,2025-02-24,2024-08-16,12.1,1,9.2,0,310.0,0,43.9
C000395,2024-10-26,Startup,North America,Pro,Organic,5,156.84,431,27.0,0,37.9,0.582,0,0,,2025-12-31,899.3399999999999,6,2025-11-21,2025-03-19,149.89,0,0.0,0,40.0,1,80.4
C000396,2025-06-04,Enterprise,Europe,Pro,Sales,142,180.19,210,1.0,1,31.7,0.621,0,0,,2025-12-31,936.91,6,2025-11-30,2025-09-04,156.15,1,10.9,0,31.0,1,56.2
C000397,2022-03-06,Startup,Europe,Starter,Sales,1,42.37,1396,8.0,2,69.9,0.276,0,0,,2025-12-31,1221.91,28,2025-12-13,2022-03-21,43.64,2,6.2,0,18.0,1,54.4
C000398,2022-10-08,Mid-Market,North America,Pro,Organic,43,161.34,1180,3.0,2,55.3,0.379,0,1,2025-09-14,2025-12-31,4264.32,26,2025-08-09,2022-10-12,164.01,3,7.2,0,144.0,0,51.6
C000399,2023-02-06,SMB,LATAM,Business,Referral,23,482.46,1059,11.0,2,26.6,0.506,1,0,,2025-12-31,10678.47,22,2025-11-19,2023-04-02,485.38,2,18.2,0,42.0,1,57.7
C000400,2023-03-20,SMB,North America,Starter,Paid Search,13,49.14,1017,25.0,1,24.9,0.441,1,0,,2025-12-31,678.42,14,2025-11-20,2023-06-25,48.46,1,3.8,0,41.0,1,69.5
C000401,2025-11-28,Mid-Market,North America,Starter,Paid Search,40,52.54,33,11.0,0,58.9,0.566,1,0,,2025-12-31,129.84,2,2025-12-30,2025-12-27,64.92,0,0.0,0,1.0,1,65.7
C000402,2025-01-16,Startup,Europe,Pro,Paid Search,4,144.56,349,8.0,2,68.5,0.414,0,0,,2025-12-31,1172.68,8,2025-10-09,2025-02-23,146.58,2,20.7,0,83.0,1,58.4
C000403,2023-04-04,Mid-Market,LATAM,Business,Sales,47,457.15,1002,2.0,1,42.9,0.312,0,0,,2025-12-31,6143.5199999999995,13,2025-10-13,2023-05-18,472.58,2,20.0,0,79.0,1,48.9
C000404,2025-10-21,Startup,Europe,Enterprise,Organic,2,1045.67,71,11.0,3,51.5,0.363,0,0,,2025-12-31,1879.7199999999998,2,2025-12-24,2025-10-31,939.86,3,11.3,1,7.0,1,56.4
C000405,2023-12-16,Mid-Market,LATAM,Free,Referral,79,0.0,746,6.0,0,67.6,0.454,0,0,,2025-12-31,113.06,15,2025-12-27,2023-12-16,7.54,0,0.0,0,4.0,0,60.7
C000406,2023-12-18,SMB,North America,Business,Organic,9,368.74,744,5.0,2,30.6,0.411,3,0,,2025-12-31,3390.71,10,2025-11-26,2024-02-22,339.07,2,23.8,0,35.0,1,45.9
C000407,2023-09-13,Startup,Europe,Business,Partner,3,404.26,840,1.6,1,37.1,0.363,0,1,2025-05-08,2025-12-31,4785.17,11,2025-02-14,2023-12-11,435.02,2,8.4,0,320.0,0,49.5
C000408,2022-07-25,Enterprise,APAC,Pro,Partner,338,166.57,1255,17.0,0,47.2,0.636,1,0,,2025-12-31,4505.11,25,2025-12-24,2022-10-03,180.2,0,0.0,0,7.0,1,72.0
C000409,2025-08-29,Startup,Europe,Starter,Referral,7,49.63,124,4.2,2,24.3,0.107,0,1,2025-12-22,2025-12-31,81.17,2,2025-11-19,2025-09-05,40.58,2,5.6,0,42.0,0,41.4
C000410,2022-01-20,SMB,North America,Free,Sales,12,0.0,1441,20.0,4,77.5,0.359,0,0,,2025-12-31,233.72,35,2025-12-02,2022-02-25,6.68,5,14.8,0,29.0,0,65.4
C000411,2022-09-07,SMB,LATAM,Pro,Referral,23,161.22,1211,1.0,1,24.0,0.33,0,0,,2025-12-31,3180.44,20,2025-12-21,2022-11-24,159.02,2,37.8,0,10.0,1,46.7
C000412,2022-11-25,Mid-Market,North America,Starter,Referral,79,49.31,1132,25.0,1,36.5,0.465,1,0,,2025-12-31,1043.68,21,2025-10-05,2023-02-06,49.7,2,19.4,0,87.0,1,71.4
C000413,2023-02-04,SMB,Europe,Starter,Organic,24,51.23,1061,14.0,0,82.9,0.29,0,0,,2025-12-31,1312.8600000000001,24,2025-12-29,2023-02-06,54.7,0,0.0,0,2.0,1,64.5
C000414,2022-07-08,SMB,APAC,Enterprise,Sales,7,1096.43,1272,15.0,2,-11.5,0.272,0,0,,2025-12-31,35333.4,33,2025-10-11,2022-09-03,1070.71,3,19.5,1,81.0,1,52.4
C000415,2022-01-26,SMB,LATAM,Starter,Paid Search,3,45.27,1435,24.0,1,40.4,0.33,0,0,,2025-12-31,1466.09,33,2025-12-17,2022-02-17,44.43,3,14.0,1,14.0,1,68.9
C000416,2024-08-27,Mid-Market,LATAM,Enterprise,Paid Search,38,1332.64,491,7.0,0,18.5,0.336,0,0,,2025-12-31,12669.54,9,2025-12-29,2024-10-23,1407.73,1,15.6,0,2.0,1,53.2
C000417,2025-10-18,Mid-Market,APAC,Pro,Paid Search,67,185.5,74,14.0,0,35.0,0.452,0,0,,2025-12-31,114.82,1,2025-12-26,2025-12-26,114.82,0,0.0,0,5.0,1,64.6
C000418,2022-06-24,Startup,North America,Business,Paid Search,2,466.62,1286,1.0,3,4.9,0.328,0,0,,2025-12-31,12289.45,27,2025-12-17,2022-08-19,455.16,3,7.8,0,14.0,1,41.7
C000419,2023-03-01,Enterprise,LATAM,Starter,Partner,228,48.05,1036,13.0,1,25.7,0.4,0,0,,2025-12-31,975.52,19,2025-12-04,2023-10-29,51.34,2,25.6,1,27.0,1,59.7
C000420,2023-12-26,SMB,Europe,Pro,Paid Search,17,161.39,736,7.0,0,35.6,0.385,1,0,,2025-12-31,2762.27,18,2025-12-30,2024-02-22,153.46,0,0.0,0,1.0,1,54.4
C000421,2025-08-19,Startup,Europe,Pro,Organic,5,173.04,134,3.4,1,41.0,0.798,0,1,2025-12-09,2025-12-31,352.02,2,2025-11-22,2025-09-01,176.01,1,6.9,0,39.0,0,64.6
C000422,2024-09-19,Enterprise,North America,Enterprise,Sales,430,1304.86,468,17.0,1,57.4,0.313,1,0,,2025-12-31,14446.54,12,2025-12-11,2024-10-12,1203.88,2,25.1,0,20.0,1,61.8
C000423,2024-12-31,Mid-Market,APAC,Starter,Sales,25,56.96,365,3.0,1,-23.1,0.376,1,0,,2025-12-31,402.62,6,2025-08-17,2025-01-09,67.1,2,33.2,0,136.0,1,43.1
C000424,2024-04-10,SMB,Europe,Starter,Paid Search,20,46.41,630,27.0,2,31.9,0.264,0,0,,2025-12-31,712.67,16,2025-12-28,2024-04-22,44.54,3,17.6,0,3.0,1,67.2
C000425,2023-08-20,Enterprise,APAC,Enterprise,Sales,403,1539.94,864,1.6,0,30.6,0.099,1,1,2023-11-14,2025-12-31,2073.37,1,2023-09-30,2023-09-30,2073.37,1,5.1,0,823.0,0,40.5
C000426,2022-10-13,SMB,North America,Free,Paid Search,5,0.0,1175,2.0,1,33.4,0.089,0,0,,2025-12-31,98.49,17,2025-11-15,2022-11-11,5.79,2,9.7,0,46.0,0,41.3
C000427,2025-05-20,SMB,North America,Pro,Paid Search,7,160.67,225,12.0,0,35.8,0.41,0,0,,2025-12-31,654.88,4,2025-12-27,2025-06-01,163.72,0,0.0,0,4.0,1,61.6
C000428,2025-02-23,SMB,Europe,Free,Sales,22,0.0,311,3.0,1,14.2,0.351,0,1,2025-04-16,2025-12-31,0.0,1,2025-04-13,2025-04-13,0.0,1,17.2,0,262.0,0,48.1
C000429,2022-02-05,Mid-Market,North America,Free,Partner,35,0.0,1425,18.0,0,-3.7,0.71,0,0,,2025-12-31,78.54,22,2025-12-01,2022-05-07,3.57,1,16.4,0,30.0,0,72.0
C000430,2024-10-20,SMB,APAC,Pro,Referral,14,148.06,437,18.0,1,40.4,0.219,0,0,,2025-12-31,2652.73,17,2025-12-23,2024-11-30,156.04,2,9.8,0,8.0,1,60.2
C000431,2022-05-01,SMB,North America,Pro,Paid Search,18,144.23,1340,16.0,1,10.1,0.488,0,0,,2025-12-31,4143.01,30,2025-11-21,2022-05-15,138.1,2,15.6,1,40.0,1,63.4
C000432,2024-11-22,Mid-Market,Europe,Pro,Paid Search,68,163.28,404,16.0,1,45.1,0.34,0,0,,2025-12-31,1711.84,10,2025-11-27,2024-12-28,171.18,1,4.5,0,34.0,1,62.5
C000433,2025-03-27,SMB,North America,Pro,Organic,9,178.52,279,21.0,1,11.6,0.238,1,0,,2025-12-31,1152.7,7,2025-12-07,2025-04-02,164.67,2,5.4,0,24.0,1,58.6
C000434,2022-07-07,Startup,North America,Business,Sales,6,474.58,1273,18.0,2,52.3,0.278,2,0,,2025-12-31,12246.460000000001,27,2025-10-31,2022-08-25,453.57,2,18.2,0,61.0,1,57.6
C000435,2023-09-13,SMB,Europe,Enterprise,Organic,5,1090.73,840,0.7,0,33.6,0.651,0,1,2023-11-11,2025-12-31,3494.02,3,2023-11-04,2023-09-14,1164.67,1,12.1,0,788.0,0,58.5
C000436,2022-06-26,SMB,North America,Starter,Paid Search,14,44.65,1284,4.6,1,35.4,0.286,0,1,2025-05-01,2025-12-31,935.5,21,2025-04-27,2022-08-28,44.55,1,24.4,0,248.0,0,49.7
C000437,2024-03-22,Mid-Market,North America,Starter,Organic,51,57.76,649,19.0,1,28.8,0.831,1,0,,2025-12-31,885.49,15,2025-11-25,2024-04-24,59.03,1,9.0,0,36.0,1,76.3
C000438,2025-08-19,Enterprise,North America,Starter,Partner,167,56.34,134,7.0,0,24.8,0.596,1,0,,2025-12-31,363.83,6,2025-12-23,2025-08-20,60.64,0,0.0,0,8.0,1,59.6
C000439,2022-04-26,Mid-Market,North America,Business,Paid Search,34,443.41,1345,24.0,0,29.2,0.478,1,0,,2025-12-31,11678.5,27,2025-12-30,2022-07-13,432.54,2,10.5,0,1.0,1,71.7
C000440,2023-07-23,Enterprise,Europe,Starter,Referral,439,58.25,892,13.0,3,64.5,0.781,0,0,,2025-12-31,827.08,15,2025-12-12,2023-10-30,55.14,3,23.4,0,19.0,1,72.0
C000441,2025-10-23,Startup,North America,Pro,Paid Search,3,131.6,69,4.3,1,-3.4,0.738,0,1,2025-12-16,2025-12-31,189.62,2,2025-11-19,2025-10-26,94.81,2,29.8,0,42.0,0,59.1
C000442,2023-03-07,Mid-Market,North America,Starter,Organic,20,50.59,1030,10.0,2,18.8,0.218,1,0,,2025-12-31,504.54,10,2025-08-12,2023-08-08,50.45,3,8.2,0,141.0,1,47.3
C000443,2022-07-09,Startup,APAC,Pro,Organic,2,151.33,1271,17.0,0,61.4,0.511,0,0,,2025-12-31,4052.17,29,2025-12-24,2022-08-06,139.73,1,6.8,0,7.0,1,71.6
C000444,2023-11-30,Mid-Market,Europe,Business,Organic,21,443.86,762,19.0,0,55.5,0.169,1,0,,2025-12-31,6779.13,15,2025-11-28,2024-01-01,451.94,0,0.0,0,33.0,1,60.6
C000445,2023-12-28,Mid-Market,Europe,Pro,Referral,59,165.09,734,7.0,2,68.6,0.189,2,0,,2025-12-31,2023.62,12,2025-10-31,2024-02-23,168.64,3,8.3,0,61.0,1,46.8
C000446,2024-08-05,SMB,North America,Pro,Referral,7,167.09,513,4.0,3,33.5,0.24,1,0,,2025-12-31,1512.63,10,2025-09-28,2024-11-27,151.26,3,10.9,0,94.0,1,42.6
C000447,2023-03-25,Mid-Market,LATAM,Starter,Paid Search,41,53.34,1012,0.9,0,2.0,0.175,0,1,2025-07-20,2025-12-31,972.09,19,2025-05-22,2023-03-27,51.16,2,47.6,0,223.0,0,41.3
C000448,2025-09-28,SMB,Europe,Pro,Paid Search,13,163.09,94,13.0,1,7.3,0.135,0,0,,2025-12-31,1052.25,7,2025-12-26,2025-10-15,150.32,1,9.6,0,5.0,1,49.9
C000449,2024-01-16,Startup,North America,Starter,Organic,1,42.3,715,25.0,0,27.5,0.27,0,0,,2025-12-31,460.84,11,2025-09-12,2024-01-29,41.89,0,0.0,0,110.0,1,68.2
C000450,2023-02-14,Startup,LATAM,Business,Sales,7,432.66,1051,26.0,0,54.0,0.439,0,0,,2025-12-31,11280.4,24,2025-08-06,2023-02-20,470.02,0,0.0,0,147.0,1,76.8
C000451,2025-10-05,Mid-Market,Europe,Starter,Sales,57,53.16,87,7.4,1,28.6,0.563,0,1,2025-12-14,2025-12-31,147.61,3,2025-11-17,2025-10-24,49.2,2,7.6,0,44.0,0,59.9
C000452,2025-08-15,SMB,Europe,Free,Referral,10,0.0,138,9.4,2,26.7,0.222,0,1,2025-11-25,2025-12-31,69.98,3,2025-11-23,2025-08-18,23.33,2,13.7,1,38.0,0,49.7
C000453,2023-12-15,Mid-Market,APAC,Starter,Organic,32,55.52,747,3.3,5,44.9,0.277,0,1,2024-03-13,2025-12-31,101.81,2,2024-02-11,2024-01-31,50.9,5,25.0,0,689.0,0,43.2
C000454,2022-02-05,Startup,North America,Pro,Paid Search,4,130.82,1425,6.0,0,35.7,0.578,1,0,,2025-12-31,3862.25,29,2025-11-04,2022-03-07,133.18,0,0.0,0,57.0,1,59.3
C000455,2024-05-03,SMB,APAC,Enterprise,Sales,19,1374.58,607,11.0,3,24.0,0.446,0,0,,2025-12-31,12014.039999999999,8,2025-12-14,2024-10-08,1501.76,4,12.1,0,17.0,1,56.1
C000456,2024-03-04,Mid-Market,Europe,Starter,Organic,35,58.6,667,26.0,1,10.0,0.325,2,0,,2025-12-31,856.89,14,2025-07-12,2024-03-11,61.21,2,20.2,0,172.0,1,63.5
C000457,2022-07-31,Mid-Market,North America,Starter,Partner,66,46.95,1249,17.0,1,58.7,0.139,1,0,,2025-12-31,1358.07,30,2025-12-15,2022-08-06,45.27,1,7.3,0,16.0,1,56.7
C000458,2024-06-25,Enterprise,North America,Starter,Sales,105,51.23,554,6.0,2,61.2,0.222,1,0,,2025-12-31,661.95,13,2025-12-09,2024-07-07,50.92,4,26.4,0,22.0,1,48.1
C000459,2025-04-17,Mid-Market,North America,Enterprise,Referral,44,1434.17,258,2.0,1,8.6,0.306,0,0,,2025-12-31,9171.9,6,2025-12-23,2025-04-23,1528.65,1,4.2,0,8.0,1,45.3
C000460,2022-06-01,Startup,LATAM,Business,Partner,6,360.08,1309,21.0,1,24.9,0.146,1,0,,2025-12-31,12527.3,35,2025-12-19,2022-09-04,357.92,1,11.8,0,12.0,1,57.1
C000461,2024-10-31,SMB,North America,Free,Paid Search,17,0.0,426,25.0,0,51.7,0.458,1,0,,2025-12-31,69.7,10,2025-11-30,2024-11-11,6.97,0,0.0,0,31.0,0,74.2
C000462,2022-07-20,Startup,North America,Pro,Sales,3,167.18,1260,3.0,1,6.6,0.065,0,0,,2025-12-31,2754.79,16,2025-07-12,2022-08-07,172.17,2,13.2,0,172.0,1,38.8
C000463,2024-12-06,Enterprise,APAC,Business,Paid Search,263,424.49,390,10.0,2,44.1,0.072,0,0,,2025-12-31,3513.8599999999997,9,2025-12-24,2024-12-09,390.43,6,16.7,1,7.0,1,47.5
C000464,2023-08-23,SMB,APAC,Business,Sales,17,401.68,861,23.0,1,26.8,0.833,0,0,,2025-12-31,6035.04,16,2025-11-27,2023-12-28,377.19,1,4.8,0,34.0,1,81.7
C000465,2022-01-10,Mid-Market,North America,Pro,Paid Search,36,154.89,1451,7.0,3,4.6,0.422,1,0,,2025-12-31,5568.1,37,2025-12-30,2022-04-17,150.49,3,17.9,0,1.0,1,47.9
C000466,2025-10-13,SMB,APAC,Business,Referral,15,480.13,79,5.0,3,79.4,0.366,0,0,,2025-12-31,2369.5699999999997,5,2025-12-17,2025-10-20,473.91,4,11.4,0,14.0,1,53.9
C000467,2022-08-26,Mid-Market,Europe,Pro,Sales,39,138.77,1223,11.0,1,26.5,0.769,0,0,,2025-12-31,2664.28,19,2025-09-26,2023-01-21,140.23,1,14.6,0,96.0,1,69.0
C000468,2024-05-02,Mid-Market,APAC,Starter,Partner,75,51.12,608,11.0,1,48.1,0.458,0,0,,2025-12-31,659.16,14,2025-11-10,2024-05-03,47.08,1,20.0,0,51.0,1,61.9
C000469,2022-09-17,SMB,North America,Free,Paid Search,12,0.0,1201,13.0,1,7.0,0.304,0,0,,2025-12-31,111.08,25,2025-09-21,2022-11-01,4.44,2,8.5,0,101.0,0,54.9
C000470,2025-08-27,Mid-Market,North America,Starter,Organic,30,59.89,126,27.0,0,73.8,0.785,0,0,,2025-12-31,0.0,0,,,0.0,0,0.0,0,,1,90.0
C000471,2024-11-21,SMB,Europe,Free,Referral,6,0.0,405,27.0,1,83.7,0.776,0,0,,2025-12-31,34.65,12,2025-12-12,2025-01-08,2.89,1,10.4,0,19.0,0,89.3
C000472,2025-02-24,SMB,North America,Starter,Partner,16,58.67,310,10.0,1,-2.6,0.561,1,1,2025-07-16,2025-12-31,189.85,3,2025-05-16,2025-03-04,63.28,1,7.1,0,229.0,0,57.0
C000473,2023-09-10,Mid-Market,Europe,Business,Organic,67,420.13,843,2.0,0,30.9,0.593,0,0,,2025-12-31,6950.9400000000005,18,2025-10-27,2023-10-24,386.16,0,0.0,0,65.0,1,57.7
C000474,2023-10-31,Startup,North America,Business,Referral,6,409.13,792,7.0,0,68.2,0.474,0,0,,2025-12-31,6095.41,16,2025-11-29,2024-01-12,380.96,1,8.9,0,32.0,1,62.3
C000475,2024-06-26,SMB,APAC,Free,Sales,16,0.0,553,5.0,0,23.3,0.39,0,0,,2025-12-31,57.4,9,2025-12-20,2024-09-20,6.38,1,7.6,1,11.0,0,53.5
C000476,2025-01-27,Startup,APAC,Free,Sales,6,0.0,338,0.0,1,45.2,0.471,1,1,2025-12-15,2025-12-31,62.54,11,2025-07-31,2025-02-01,5.69,2,30.2,0,153.0,0,50.2
C000477,2025-04-26,SMB,APAC,Pro,Partner,6,141.65,249,5.1,2,-7.0,0.561,1,1,2025-09-12,2025-12-31,287.37,2,2025-08-15,2025-06-09,143.68,3,5.2,0,138.0,0,50.7
C000478,2022-01-26,SMB,LATAM,Pro,Sales,21,174.32,1435,0.0,0,15.3,0.447,0,0,,2025-12-31,5064.61,30,2025-12-10,2022-02-05,168.82,0,0.0,0,21.0,1,49.9
C000479,2024-08-06,SMB,LATAM,Free,Referral,14,0.0,512,16.0,1,42.6,0.492,0,0,,2025-12-31,96.21,17,2025-12-04,2024-09-15,5.66,1,13.0,0,27.0,0,66.8
C000480,2022-06-06,Startup,Europe,Business,Organic,4,455.98,1304,7.0,2,20.3,0.035,0,0,,2025-12-31,9109.36,20,2025-12-22,2023-02-28,455.47,2,11.0,0,9.0,1,41.3
C000481,2023-02-16,SMB,North America,Starter,Sales,6,58.06,1049,20.0,0,26.0,0.318,0,0,,2025-12-31,1333.8400000000001,23,2025-11-15,2023-03-14,57.99,0,0.0,0,46.0,1,65.0
C000482,2025-04-01,Mid-Market,APAC,Free,Paid Search,51,0.0,274,14.0,3,-2.9,0.655,0,0,,2025-12-31,24.35,1,2025-05-19,2025-05-19,24.35,3,6.2,1,226.0,0,62.4
C000483,2022-12-25,Enterprise,LATAM,Business,Sales,61,389.75,1102,26.0,0,51.4,0.113,0,0,,2025-12-31,9897.26,27,2025-11-04,2022-12-30,366.57,0,0.0,0,57.0,1,66.7
C000484,2025-02-13,SMB,LATAM,Pro,Referral,15,141.34,321,4.3,2,1.5,0.466,1,1,2025-03-27,2025-12-31,530.1899999999999,4,2025-03-22,2025-02-21,132.55,2,10.0,1,284.0,0,48.0
C000485,2023-10-25,Enterprise,APAC,Starter,Partner,466,60.83,798,2.4,1,73.5,0.226,1,1,2024-03-20,2025-12-31,280.74,5,2024-03-06,2023-11-02,56.15,4,4.6,0,665.0,0,47.8
C000486,2022-11-29,Mid-Market,North America,Pro,Paid Search,28,148.71,1128,25.0,1,17.9,0.341,2,0,,2025-12-31,3748.7,25,2025-11-29,2023-01-22,149.95,4,8.7,0,32.0,1,63.8
C000487,2023-04-23,Enterprise,LATAM,Enterprise,Organic,65,1298.25,983,8.0,1,55.0,0.371,1,0,,2025-12-31,40910.3,33,2025-12-22,2023-05-24,1239.71,1,34.8,0,9.0,1,55.3
C000488,2024-01-30,SMB,LATAM,Free,Organic,5,0.0,701,21.0,1,52.6,0.398,0,0,,2025-12-31,104.77,13,2025-12-12,2024-03-01,8.06,1,41.4,0,19.0,0,69.4
C000489,2024-12-30,Mid-Market,Europe,Pro,Partner,23,137.34,366,21.0,2,10.4,0.425,0,0,,2025-12-31,1362.18,9,2025-10-31,2025-01-24,151.35,2,21.4,0,61.0,1,64.5
C000490,2024-05-16,SMB,APAC,Starter,Referral,6,49.89,594,25.0,1,20.6,0.283,0,0,,2025-12-31,829.79,18,2025-12-29,2024-06-20,46.1,2,7.6,1,2.0,1,66.4
C000491,2025-08-27,SMB,Europe,Pro,Organic,5,162.24,126,17.0,1,23.6,0.406,2,0,,2025-12-31,654.1,4,2025-11-09,2025-08-30,163.52,2,31.4,0,52.0,1,59.2
C000492,2025-05-25,Startup,LATAM,Starter,Organic,4,51.71,220,14.0,0,25.3,0.559,0,0,,2025-12-31,379.59000000000003,7,2025-12-10,2025-06-23,54.23,1,43.5,0,21.0,1,66.8
C000493,2024-12-13,Mid-Market,North America,Starter,Partner,53,51.43,383,10.0,1,2.6,0.132,1,0,,2025-12-31,382.62,8,2025-11-16,2024-12-25,47.83,1,12.1,0,45.0,1,44.6
C000494,2024-05-12,SMB,APAC,Starter,Organic,13,49.31,598,12.0,0,48.3,0.668,1,0,,2025-12-31,664.3100000000001,13,2025-12-21,2024-05-12,51.1,0,0.0,0,10.0,1,68.6
C000495,2023-02-19,SMB,North America,Business,Organic,5,361.16,1046,21.0,3,17.8,0.399,0,0,,2025-12-31,8676.07,25,2025-12-08,2023-02-21,347.04,3,11.9,0,23.0,1,63.0
C000496,2023-08-13,SMB,North America,Starter,Organic,5,52.36,871,15.0,2,32.1,0.665,0,0,,2025-12-31,897.71,17,2025-12-23,2023-09-06,52.81,4,17.2,0,8.0,1,68.6
C000497,2022-06-20,SMB,North America,Business,Partner,17,366.11,1290,1.0,0,60.2,0.535,0,0,,2025-12-31,9256.11,24,2025-12-05,2022-10-12,385.67,0,0.0,0,26.0,1,58.0
C000498,2023-06-20,Mid-Market,Europe,Starter,Partner,57,53.32,925,10.0,1,49.3,0.539,1,0,,2025-12-31,830.31,17,2025-10-26,2023-10-21,48.84,2,6.5,0,66.0,1,61.5
C000499,2025-08-17,Startup,North America,Business,Referral,6,368.99,136,25.0,0,19.5,0.089,0,0,,2025-12-31,698.55,2,2025-10-19,2025-08-26,349.28,0,0.0,0,73.0,1,61.9
C000500,2023-09-02,Enterprise,LATAM,Pro,Paid Search,129,140.94,851,5.0,0,61.0,0.569,0,0,,2025-12-31,1928.23,14,2025-10-28,2023-11-16,137.73,2,29.8,0,64.0,1,62.6
C000501,2022-06-12,Startup,Europe,Starter,Organic,5,50.56,1298,13.0,2,51.6,0.28,0,0,,2025-12-31,1860.16,37,2025-10-14,2022-06-17,50.27,3,19.1,0,78.0,1,57.2
C000502,2024-07-21,SMB,APAC,Pro,Referral,24,149.36,528,23.0,1,17.4,0.498,0,0,,2025-12-31,1790.82,12,2025-12-28,2024-08-04,149.23,1,14.1,0,3.0,1,70.7
C000503,2025-10-08,Mid-Market,North America,Business,Sales,32,425.42,84,8.0,0,22.1,0.171,0,0,,2025-12-31,1785.93,5,2025-12-20,2025-10-10,357.19,0,0.0,0,11.0,1,49.5
C000504,2025-05-25,SMB,North America,Pro,Paid Search,9,140.14,220,19.0,0,60.0,0.293,1,0,,2025-12-31,449.03,4,2025-11-15,2025-09-11,112.26,2,10.4,0,46.0,1,64.8
C000505,2023-01-27,Enterprise,APAC,Starter,Referral,339,62.37,1069,21.0,0,54.5,0.59,1,0,,2025-12-31,1448.68,23,2025-12-17,2023-02-21,62.99,1,18.4,0,14.0,1,74.9
C000506,2023-10-12,SMB,APAC,Pro,Referral,7,132.57,811,2.4,1,-2.6,0.28,0,1,2024-09-10,2025-12-31,1029.91,7,2024-07-11,2023-11-22,147.13,1,36.0,0,538.0,0,43.8
C000507,2024-01-30,SMB,Europe,Pro,Sales,20,140.8,701,25.0,2,9.9,0.619,0,0,,2025-12-31,1984.88,14,2025-09-08,2024-03-04,141.78,3,20.2,0,114.0,1,73.9
C000508,2022-12-21,Enterprise,APAC,Starter,Paid Search,58,56.35,1106,12.0,3,52.4,0.526,0,0,,2025-12-31,1063.03,20,2025-07-11,2023-01-29,53.15,3,9.1,0,173.0,1,62.2
C000509,2023-01-20,Enterprise,APAC,Business,Organic,432,505.19,1076,8.0,1,5.6,0.194,2,0,,2025-12-31,10876.15,22,2025-11-15,2023-12-21,494.37,2,12.5,0,46.0,1,43.0
C000510,2022-12-05,SMB,Europe,Starter,Organic,19,44.86,1122,6.0,0,55.1,0.359,2,0,,2025-12-31,644.01,15,2025-10-02,2022-12-10,42.93,2,24.8,0,90.0,1,52.6
C000511,2025-11-23,Mid-Market,LATAM,Pro,Referral,76,138.74,38,7.0,1,83.4,0.68,0,0,,2025-12-31,193.61,1,2025-12-07,2025-12-07,193.61,1,2.2,0,24.0,1,68.5
C000512,2024-12-02,Startup,APAC,Pro,Referral,3,155.81,394,15.0,1,44.3,0.115,0,0,,2025-12-31,1521.76,10,2025-11-13,2025-02-13,152.18,2,6.4,1,48.0,1,54.8
C000513,2025-04-17,SMB,Europe,Enterprise,Paid Search,5,1220.92,258,1.8,2,11.9,0.6,0,1,2025-10-30,2025-12-31,3202.25,3,2025-10-09,2025-07-09,1067.42,2,9.3,0,83.0,0,52.8
C000514,2025-03-13,SMB,North America,Starter,Organic,10,46.8,293,3.0,1,39.4,0.547,1,1,2025-11-04,2025-12-31,328.53,7,2025-09-14,2025-03-19,46.93,2,11.3,0,108.0,0,54.5
C000515,2025-10-03,Mid-Market,North America,Starter,Organic,40,46.83,89,19.0,0,60.9,0.849,1,0,,2025-12-31,77.96000000000001,2,2025-12-27,2025-12-11,38.98,0,0.0,0,4.0,1,81.5
C000516,2022-05-31,SMB,North America,Starter,Partner,10,56.79,1310,24.0,3,37.5,0.361,1,0,,2025-12-31,1060.03,20,2025-11-23,2022-06-15,53.0,5,18.6,0,38.0,1,64.5
C000517,2025-06-14,Startup,APAC,Pro,Sales,3,135.86,200,4.8,1,47.1,0.266,0,1,2025-11-08,2025-12-31,172.87,1,2025-10-29,2025-10-29,172.87,1,6.1,0,63.0,0,50.5
C000518,2022-04-06,Enterprise,APAC,Starter,Paid Search,259,57.64,1365,8.3,0,15.0,0.723,0,1,2024-09-10,2025-12-31,987.61,19,2024-08-06,2022-06-21,51.98,0,0.0,0,512.0,0,65.6
C000519,2023-11-11,Mid-Market,North America,Starter,Partner,63,58.28,781,19.0,3,16.9,0.376,0,0,,2025-12-31,677.19,11,2025-10-10,2024-03-15,61.56,3,13.5,0,82.0,1,60.4
C000520,2024-04-30,Mid-Market,Europe,Starter,Paid Search,23,44.65,610,11.0,2,57.7,0.54,0,0,,2025-12-31,364.7,9,2025-10-26,2024-05-23,40.52,3,9.8,0,66.0,1,63.8
C000521,2023-05-27,Mid-Market,North America,Business,Sales,34,458.73,949,7.0,0,17.2,0.189,0,0,,2025-12-31,9445.11,20,2025-09-08,2023-10-22,472.26,0,0.0,0,114.0,1,48.6
C000522,2022-07-29,SMB,North America,Starter,Referral,4,53.36,1251,20.0,1,-29.7,0.867,0,0,,2025-12-31,1328.84,26,2025-12-15,2022-08-01,51.11,1,11.0,0,16.0,1,74.4
C000523,2022-10-02,SMB,LATAM,Pro,Organic,4,155.78,1186,3.0,0,27.3,0.258,0,0,,2025-12-31,3456.68,23,2025-12-07,2022-10-11,150.29,1,12.4,0,24.0,1,48.1
C000524,2025-03-25,SMB,Europe,Free,Partner,21,0.0,281,25.0,1,42.9,0.587,1,0,,2025-12-31,60.650000000000006,6,2025-12-28,2025-05-14,10.11,2,19.0,0,3.0,0,75.7
C000525,2023-04-01,Mid-Market,North America,Free,Referral,68,0.0,1005,12.0,3,61.5,0.391,0,0,,2025-12-31,112.02,27,2025-12-23,2023-04-08,4.15,3,12.0,0,8.0,0,59.1
C000526,2023-03-20,Mid-Market,Europe,Free,Sales,51,0.0,1017,22.0,0,76.1,0.36,0,0,,2025-12-31,92.94,20,2025-11-11,2023-04-10,4.65,1,7.4,0,50.0,0,73.1
C000527,2025-08-13,Mid-Market,North America,Starter,Partner,48,50.3,140,2.0,1,37.1,0.586,0,0,,2025-12-31,88.31,2,2025-12-25,2025-10-06,44.16,1,4.1,0,6.0,1,56.6
C000528,2022-07-25,Startup,APAC,Pro,Organic,7,147.57,1255,13.0,2,51.5,0.109,0,0,,2025-12-31,4265.02,28,2025-11-18,2022-10-09,152.32,2,27.9,0,43.0,1,52.0
C000529,2025-08-01,SMB,LATAM,Starter,Partner,24,52.89,152,11.0,0,38.0,0.745,0,0,,2025-12-31,241.86,4,2025-12-22,2025-09-17,60.46,1,10.5,0,9.0,1,71.0
C000530,2025-08-09,Mid-Market,Europe,Starter,Partner,74,59.23,144,2.0,0,43.9,0.162,2,1,2025-11-14,2025-12-31,192.84,3,2025-09-17,2025-09-03,64.28,0,0.0,0,105.0,0,42.0
C000531,2024-05-05,SMB,Europe,Free,Organic,24,0.0,605,14.0,1,30.3,0.756,1,0,,2025-12-31,36.55,13,2025-11-30,2024-12-15,2.81,1,77.4,0,31.0,0,69.7
C000532,2022-08-25,Enterprise,North America,Starter,Sales,259,50.35,1224,18.0,1,44.7,0.183,0,0,,2025-12-31,1350.99,27,2025-10-21,2022-09-24,50.04,1,3.2,1,71.0,1,59.5
C000533,2022-08-11,Mid-Market,Europe,Free,Organic,55,0.0,1238,26.0,0,16.8,0.531,0,0,,2025-12-31,151.02,26,2025-12-12,2022-09-29,5.81,3,8.8,0,19.0,0,75.8
C000534,2023-02-12,Mid-Market,North America,Free,Sales,77,0.0,1053,22.0,2,84.5,0.659,0,0,,2025-12-31,139.25,21,2025-12-30,2023-02-16,6.63,2,18.3,0,1.0,0,79.9
C000535,2024-04-05,Startup,North America,Free,Paid Search,1,0.0,635,6.0,0,-24.8,0.468,0,0,,2025-12-31,31.38,16,2025-12-27,2024-04-17,1.96,0,0.0,0,4.0,0,51.9
C000536,2022-08-08,SMB,APAC,Pro,Organic,6,131.71,1241,27.0,0,49.3,0.575,0,0,,2025-12-31,2715.22,21,2025-12-29,2022-11-15,129.3,1,5.9,0,2.0,1,81.3
C000537,2023-10-14,SMB,Europe,Enterprise,Paid Search,19,1193.09,809,13.0,2,43.0,0.333,0,0,,2025-12-31,12954.94,11,2025-10-03,2023-11-29,1177.72,2,5.1,0,89.0,1,57.9
C000538,2022-06-15,Enterprise,Europe,Pro,Partner,478,158.76,1295,12.0,2,44.3,0.405,0,0,,2025-12-31,4200.82,26,2025-12-16,2022-06-17,161.57,2,12.0,0,15.0,1,59.3
C000539,2024-02-12,Mid-Market,North America,Free,Referral,33,0.0,688,0.0,0,5.4,0.421,0,1,2025-03-16,2025-12-31,43.73,9,2025-02-12,2024-02-16,4.86,1,5.1,0,322.0,0,48.2
C000540,2022-01-31,SMB,APAC,Enterprise,Paid Search,11,1314.02,1430,18.0,1,-7.0,0.533,0,0,,2025-12-31,35026.16,27,2025-12-08,2022-03-05,1297.27,1,8.9,0,23.0,1,64.9
C000541,2024-10-10,Mid-Market,North America,Enterprise,Organic,32,1468.22,447,24.0,0,50.1,0.568,0,0,,2025-12-31,15327.22,10,2025-12-17,2024-12-07,1532.72,0,0.0,0,14.0,1,78.5
C000542,2022-03-21,Startup,Europe,Pro,Sales,7,162.79,1381,8.0,4,68.5,0.671,0,0,,2025-12-31,3747.66,23,2025-12-28,2022-05-06,162.94,5,18.1,1,3.0,1,63.1
C000543,2022-10-06,SMB,APAC,Free,Partner,11,0.0,1182,24.0,2,40.5,0.835,0,0,,2025-12-31,95.78,20,2025-10-28,2023-05-10,4.79,2,10.0,0,64.0,0,82.5
C000544,2022-09-07,SMB,Europe,Pro,Organic,3,157.25,1211,2.0,4,55.1,0.631,2,0,,2025-12-31,5650.33,35,2025-12-18,2022-10-01,161.44,4,10.0,0,13.0,1,51.2
C000545,2025-04-03,SMB,LATAM,Enterprise,Sales,9,1129.31,272,27.0,2,23.5,0.345,2,0,,2025-12-31,4520.9,4,2025-12-13,2025-05-31,1130.22,2,10.4,0,18.0,1,64.8
C000546,2022-03-18,Startup,North America,Business,Organic,1,362.53,1384,7.0,2,43.3,0.577,1,0,,2025-12-31,6976.35,20,2025-10-15,2022-05-21,348.82,2,8.6,0,77.0,1,57.9
C000547,2023-09-06,SMB,APAC,Pro,Organic,19,178.17,847,13.0,1,65.6,0.241,0,0,,2025-12-31,3764.08,19,2025-12-03,2023-09-09,198.11,1,9.8,0,28.0,1,58.9
C000548,2024-04-25,SMB,LATAM,Pro,Paid Search,14,141.93,615,0.0,0,27.2,0.674,0,0,,2025-12-31,1709.43,11,2025-10-21,2024-05-27,155.4,1,29.8,0,71.0,1,57.9
C000549,2024-01-08,Startup,Europe,Enterprise,Partner,5,1234.47,723,25.0,0,64.6,0.164,0,0,,2025-12-31,12570.78,11,2025-12-04,2024-04-25,1142.8,2,8.8,0,27.0,1,68.7
C000550,2024-08-31,Mid-Market,APAC,Free,Paid Search,37,0.0,487,14.0,1,-5.9,0.174,0,0,,2025-12-31,59.5,13,2025-12-16,2024-09-23,4.58,2,12.2,0,15.0,0,50.6
C000551,2025-02-22,Startup,North America,Free,Sales,7,0.0,312,11.0,2,19.7,0.431,0,1,2025-11-08,2025-12-31,7.95,1,2025-06-25,2025-06-25,7.95,3,16.3,0,189.0,0,56.7
C000552,2023-07-17,Enterprise,APAC,Business,Organic,443,442.22,898,10.0,2,48.6,0.656,0,0,,2025-12-31,5496.78,14,2025-11-28,2023-10-10,392.63,4,28.6,0,33.0,1,65.5
C000553,2025-03-30,SMB,LATAM,Free,Sales,13,0.0,276,0.5,1,82.6,0.021,0,1,2025-10-16,2025-12-31,48.72,7,2025-09-29,2025-05-07,6.96,1,18.1,0,93.0,0,42.8
C000554,2023-03-31,SMB,APAC,Starter,Organic,4,44.9,1006,18.0,1,35.4,0.475,0,0,,2025-12-31,1014.42,21,2025-09-29,2023-05-01,48.31,1,21.4,0,93.0,1,67.4
C000555,2025-11-08,SMB,LATAM,Starter,Organic,17,57.41,53,1.1,3,9.2,0.637,0,1,2025-12-09,2025-12-31,62.04,1,2025-11-27,2025-11-27,62.04,5,24.2,0,34.0,0,51.5
C000556,2023-12-23,SMB,Europe,Starter,Organic,12,56.2,739,17.0,1,82.0,0.264,0,0,,2025-12-31,962.48,18,2025-12-28,2024-01-06,53.47,2,6.6,0,3.0,1,64.8
C000557,2024-11-18,SMB,Europe,Free,Organic,21,0.0,408,0.0,1,31.8,0.441,0,0,,2025-12-31,106.9,13,2025-11-29,2024-11-23,8.22,2,28.3,0,32.0,0,49.9
C000558,2025-06-05,Mid-Market,North America,Pro,Paid Search,60,174.53,209,4.0,1,51.6,0.196,0,0,,2025-12-31,232.17,1,2025-06-21,2025-06-21,232.17,1,17.6,0,193.0,1,48.1
C000559,2025-02-07,Mid-Market,APAC,Starter,Referral,20,51.83,327,17.0,2,26.6,0.242,0,0,,2025-12-31,659.71,12,2025-12-17,2025-04-12,54.98,2,5.1,1,14.0,1,57.1
C000560,2025-05-02,Mid-Market,APAC,Pro,Referral,54,146.16,243,18.0,0,38.6,0.701,1,0,,2025-12-31,278.27,2,2025-10-25,2025-05-19,139.14,1,13.7,0,67.0,1,74.0
C000561,2024-02-07,SMB,Europe,Starter,Referral,8,57.0,693,4.0,2,20.9,0.57,0,0,,2025-12-31,1086.65,20,2025-10-30,2024-03-01,54.33,3,22.3,0,62.0,1,54.8
C000562,2022-03-04,SMB,North America,Enterprise,Organic,8,1141.57,1398,5.0,0,91.4,0.404,0,0,,2025-12-31,28405.5,26,2025-09-23,2022-05-20,1092.52,2,2.8,1,99.0,1,60.7
C000563,2023-12-07,Mid-Market,Europe,Pro,Referral,27,157.42,755,24.0,3,64.8,0.186,1,0,,2025-12-31,1450.18,10,2025-10-30,2024-05-03,145.02,4,10.6,0,62.0,1,62.0
C000564,2022-09-17,Startup,APAC,Enterprise,Paid Search,2,1284.75,1201,0.0,1,79.2,0.365,1,0,,2025-12-31,26693.06,20,2025-12-20,2022-11-18,1334.65,1,17.6,0,11.0,1,50.4
C000565,2025-06-25,Mid-Market,LATAM,Starter,Referral,54,58.46,189,3.3,1,15.3,0.433,0,1,2025-12-16,2025-12-31,246.32,4,2025-11-14,2025-07-17,61.58,1,15.9,0,47.0,0,51.0
C000566,2022-12-05,SMB,North America,Free,Referral,18,0.0,1122,27.0,1,-10.6,0.281,0,0,,2025-12-31,126.03,22,2025-11-23,2023-01-09,5.73,1,10.8,0,38.0,0,65.0
C000567,2022-11-23,SMB,North America,Business,Organic,10,401.15,1134,15.0,1,27.7,0.414,0,0,,2025-12-31,9619.76,24,2025-12-18,2023-01-14,400.82,2,9.4,0,13.0,1,62.1
C000568,2022-12-23,Mid-Market,Europe,Business,Paid Search,61,382.92,1104,0.0,0,97.9,0.022,1,0,,2025-12-31,13328.8,32,2025-11-17,2023-01-03,416.52,0,0.0,0,44.0,1,43.4
C000569,2024-07-07,SMB,North America,Free,Sales,22,0.0,542,24.0,1,27.0,0.36,0,0,,2025-12-31,49.83,10,2025-12-13,2024-09-04,4.98,1,9.8,0,18.0,0,68.4
C000570,2024-03-27,SMB,LATAM,Pro,Organic,12,174.17,644,9.0,0,61.3,0.382,1,0,,2025-12-31,1991.98,11,2025-12-07,2024-05-30,181.09,1,22.5,0,24.0,1,58.6
C000571,2025-09-18,Enterprise,Europe,Pro,Referral,425,156.48,104,20.0,2,9.4,0.633,0,0,,2025-12-31,189.86,1,2025-10-22,2025-10-22,189.86,3,13.8,0,70.0,1,69.8
C000572,2023-08-19,Startup,Europe,Free,Sales,4,0.0,865,17.0,1,14.3,0.273,0,0,,2025-12-31,106.78,16,2025-10-19,2023-12-17,6.67,2,17.4,0,73.0,0,58.3
C000573,2023-02-08,Startup,North America,Pro,Paid Search,3,137.41,1057,10.0,1,33.0,0.545,1,0,,2025-12-31,2453.63,19,2025-11-28,2023-02-13,129.14,1,29.2,0,33.0,1,60.1
C000574,2022-03-12,SMB,Europe,Starter,Paid Search,7,54.76,1390,10.0,1,87.7,0.574,0,0,,2025-12-31,995.86,19,2025-12-25,2022-06-27,52.41,2,10.7,0,6.0,1,68.4
C000575,2022-01-11,Startup,LATAM,Free,Paid Search,3,0.0,1450,15.0,3,62.5,0.523,0,0,,2025-12-31,186.92,32,2025-12-10,2022-01-22,5.84,3,18.2,0,21.0,0,65.8
C000576,2023-06-19,Startup,Europe,Business,Referral,7,445.48,926,10.0,1,-16.3,0.498,1,0,,2025-12-31,5585.73,13,2025-06-11,2023-08-05,429.67,1,15.2,0,203.0,1,53.7
C000577,2025-08-16,Mid-Market,North America,Pro,Paid Search,24,148.6,137,4.0,1,51.7,0.418,0,0,,2025-12-31,970.6700000000001,6,2025-12-22,2025-09-17,161.78,3,16.2,0,9.0,1,54.8
C000578,2024-01-19,SMB,North America,Business,Paid Search,8,438.58,712,20.0,0,6.3,0.53,0,0,,2025-12-31,8982.710000000001,21,2025-12-20,2024-02-01,427.75,0,0.0,0,11.0,1,69.4
C000579,2025-07-01,SMB,LATAM,Pro,Organic,6,139.52,183,18.0,1,18.0,0.346,0,0,,2025-12-31,591.56,4,2025-11-18,2025-10-08,147.89,1,54.6,0,43.0,1,61.8
C000580,2022-05-26,Mid-Market,LATAM,Enterprise,Sales,43,1259.52,1315,16.0,0,47.8,0.457,0,0,,2025-12-31,39484.55,32,2025-12-05,2022-06-16,1233.89,1,21.3,0,26.0,1,67.8
C000581,2022-05-14,Mid-Market,North America,Starter,Sales,78,58.74,1327,20.0,2,70.0,0.347,0,0,,2025-12-31,1553.6399999999999,28,2025-10-08,2022-06-22,55.49,2,8.6,0,84.0,1,67.3
C000582,2025-04-06,Enterprise,Europe,Starter,Partner,197,54.37,269,7.3,1,68.7,0.662,1,1,2025-09-05,2025-12-31,61.93,1,2025-04-25,2025-04-25,61.93,1,15.4,0,250.0,0,64.7
C000583,2022-06-02,SMB,North America,Starter,Sales,3,56.39,1308,25.0,2,43.3,0.637,1,0,,2025-12-31,1481.34,26,2025-10-25,2022-06-02,56.97,3,17.3,0,67.0,1,75.8
C000584,2022-03-16,SMB,Europe,Pro,Partner,11,171.28,1386,24.0,2,43.6,0.235,1,0,,2025-12-31,5339.07,32,2025-11-01,2022-04-11,166.85,2,28.1,0,60.0,1,62.8
C000585,2023-08-01,SMB,North America,Pro,Sales,11,157.69,883,27.0,3,68.7,0.423,0,0,,2025-12-31,3063.55,19,2025-09-30,2024-01-01,161.24,3,9.1,0,92.0,1,74.2
C000586,2025-08-15,Mid-Market,APAC,Pro,Organic,24,150.99,138,1.7,1,-4.4,0.548,0,1,2025-10-01,2025-12-31,466.53999999999996,3,2025-09-30,2025-08-15,155.51,2,8.2,0,92.0,0,51.0
C000587,2024-09-12,Mid-Market,LATAM,Starter,Organic,64,57.03,475,2.0,1,80.7,0.671,0,0,,2025-12-31,545.7,9,2025-12-23,2024-12-30,60.63,1,18.7,0,8.0,1,63.5
C000588,2022-05-22,SMB,North America,Free,Sales,10,0.0,1319,13.0,1,16.6,0.589,0,0,,2025-12-31,169.45,24,2025-11-01,2022-06-02,7.06,1,5.4,0,60.0,0,64.4
C000589,2025-04-12,SMB,Europe,Business,Paid Search,10,420.55,263,19.0,3,41.5,0.435,0,0,,2025-12-31,2407.43,5,2025-12-27,2025-06-08,481.49,4,37.8,0,4.0,1,64.7
C000590,2025-04-21,Startup,North America,Business,Paid Search,7,370.37,254,6.0,1,22.6,0.215,0,0,,2025-12-31,2809.59,7,2025-10-11,2025-04-29,401.37,1,18.7,0,81.0,1,47.6
C000591,2025-02-18,Startup,North America,Starter,Referral,3,47.64,316,3.0,1,6.1,0.468,0,0,,2025-12-31,389.52,8,2025-11-07,2025-04-10,48.69,3,16.0,0,54.0,1,50.8
C000592,2025-07-14,Startup,North America,Pro,Partner,7,154.21,170,0.3,2,46.5,0.413,1,1,2025-09-24,2025-12-31,378.16999999999996,3,2025-09-18,2025-07-15,126.06,2,9.6,0,104.0,0,47.3
C000593,2022-12-10,Startup,North America,Pro,Paid Search,7,175.87,1117,15.0,0,40.9,0.415,0,0,,2025-12-31,3929.63,23,2025-07-24,2023-02-14,170.85,1,1.2,0,160.0,1,64.9
C000594,2025-11-01,Startup,LATAM,Business,Paid Search,2,441.26,60,27.0,1,32.4,0.642,0,0,,2025-12-31,463.44,1,2025-11-15,2025-11-15,463.44,1,21.7,0,46.0,1,80.1
C000595,2023-04-04,SMB,North America,Starter,Paid Search,23,56.45,1002,13.0,1,31.2,0.557,1,0,,2025-12-31,1509.89,26,2025-11-20,2023-04-28,58.07,1,30.3,0,41.0,1,62.9
C000596,2025-02-20,Enterprise,APAC,Pro,Organic,98,148.26,314,20.0,1,73.1,0.607,1,0,,2025-12-31,201.23,1,2025-09-05,2025-09-05,201.23,1,28.5,0,117.0,1,74.9
C000597,2024-04-08,Enterprise,North America,Free,Organic,465,0.0,632,1.0,0,89.8,0.699,1,0,,2025-12-31,29.880000000000003,9,2025-11-10,2024-04-14,3.32,0,0.0,0,51.0,0,63.8
C000598,2025-01-19,Mid-Market,Europe,Starter,Paid Search,24,59.54,346,6.0,0,66.3,0.448,0,0,,2025-12-31,365.8,6,2025-12-15,2025-03-06,60.97,1,34.2,0,16.0,1,60.4
C000599,2024-06-16,Mid-Market,Europe,Business,Referral,56,403.77,563,19.0,3,41.9,0.43,0,0,,2025-12-31,4201.99,11,2025-11-10,2024-12-23,382.0,3,12.8,0,51.0,1,64.6
C000600,2024-07-07,Mid-Market,LATAM,Starter,Paid Search,75,55.72,542,11.0,0,-5.9,0.499,1,0,,2025-12-31,870.16,15,2025-11-29,2024-07-16,58.01,1,5.3,1,32.0,1,57.2
C000601,2024-05-31,Startup,North America,Free,Paid Search,3,0.0,579,0.0,0,50.7,0.103,0,0,,2025-12-31,99.92,11,2025-12-01,2024-06-01,9.08,0,0.0,0,30.0,0,43.2
C000602,2025-01-18,Mid-Market,North America,Starter,Partner,53,53.27,347,6.0,1,51.8,0.482,0,0,,2025-12-31,545.13,11,2025-12-30,2025-03-09,49.56,1,5.3,0,1.0,1,58.5
C000603,2024-11-22,Startup,APAC,Starter,Organic,1,43.34,404,22.0,0,54.3,0.321,1,0,,2025-12-31,238.6,6,2025-10-24,2024-12-19,39.77,1,39.1,0,68.0,1,67.7
C000604,2022-07-12,SMB,APAC,Pro,Paid Search,5,146.73,1268,19.0,1,6.5,0.553,0,0,,2025-12-31,4587.5,34,2025-12-04,2022-08-20,134.93,1,4.9,0,27.0,1,67.7
C000605,2025-03-27,SMB,APAC,Starter,Organic,21,58.77,279,22.0,2,56.3,0.665,1,0,,2025-12-31,388.08000000000004,7,2025-12-23,2025-04-27,55.44,3,10.3,0,8.0,1,75.2
C000606,2024-02-06,SMB,North America,Business,Partner,19,430.24,694,9.0,1,74.0,0.473,0,0,,2025-12-31,3694.9199999999996,9,2025-12-10,2024-03-24,410.55,1,4.4,0,21.0,1,63.1
C000607,2023-04-08,Mid-Market,North America,Business,Organic,76,492.32,998,26.0,1,10.4,0.088,0,0,,2025-12-31,8404.08,17,2025-07-29,2023-06-11,494.36,1,5.9,0,155.0,1,60.4
C000608,2024-01-06,SMB,APAC,Starter,Paid Search,24,46.86,725,25.0,1,52.1,0.88,1,0,,2025-12-31,464.84000000000003,10,2025-12-14,2024-04-23,46.48,2,12.0,0,17.0,1,85.4
C000609,2025-10-14,Mid-Market,Europe,Business,Partner,58,375.62,78,10.0,2,14.7,0.4,0,0,,2025-12-31,803.53,2,2025-12-31,2025-12-12,401.76,2,16.2,0,0.0,1,54.4
C000610,2025-05-11,Startup,Europe,Free,Referral,2,0.0,234,5.0,0,32.4,0.632,0,0,,2025-12-31,10.34,2,2025-10-03,2025-05-25,5.17,0,0.0,0,89.0,0,61.7
C000611,2025-04-07,Mid-Market,North America,Starter,Referral,58,49.47,268,26.0,0,11.3,0.639,0,0,,2025-12-31,207.14,4,2025-12-30,2025-05-08,51.78,0,0.0,0,1.0,1,78.5
C000612,2023-10-24,Mid-Market,North America,Free,Sales,33,0.0,799,9.0,0,26.2,0.853,2,0,,2025-12-31,46.41,15,2025-12-21,2023-11-24,3.09,1,27.5,0,10.0,0,67.2
C000613,2025-01-26,SMB,LATAM,Free,Partner,22,0.0,339,13.0,2,26.4,0.526,0,0,,2025-12-31,6.42,7,2025-12-09,2025-07-24,0.92,2,10.6,0,22.0,0,62.0
C000614,2023-07-05,SMB,APAC,Free,Paid Search,11,0.0,910,26.0,0,45.3,0.815,0,0,,2025-12-31,138.24,21,2025-09-30,2023-07-19,6.58,1,18.9,0,92.0,0,87.2
C000615,2024-09-08,SMB,North America,Free,Organic,18,0.0,479,7.0,2,57.3,0.424,0,0,,2025-12-31,70.47,11,2025-10-01,2024-10-05,6.41,2,6.8,0,91.0,0,56.7
C000616,2024-07-03,SMB,LATAM,Business,Organic,10,424.68,546,24.0,2,65.4,0.079,0,0,,2025-12-31,4126.01,9,2025-12-28,2024-10-31,458.45,3,12.2,0,3.0,1,62.3
C000617,2022-12-24,Mid-Market,Europe,Pro,Organic,68,139.99,1103,1.6,5,18.7,0.584,0,1,2025-06-10,2025-12-31,1625.49,11,2025-01-15,2023-03-11,147.77,5,18.8,0,350.0,0,48.3
C000618,2023-01-17,SMB,North America,Enterprise,Organic,17,1352.46,1079,4.1,2,44.0,0.863,0,1,2024-10-28,2025-12-31,15141.92,11,2024-08-24,2023-01-19,1376.54,2,41.2,0,494.0,0,66.0
C000619,2022-03-29,Mid-Market,North America,Pro,Paid Search,62,149.87,1373,10.0,3,7.5,0.071,1,0,,2025-12-31,5132.01,35,2025-12-01,2022-08-18,146.63,3,13.1,1,30.0,1,40.3
C000620,2022-07-19,Mid-Market,APAC,Pro,Referral,20,141.07,1261,13.0,3,32.2,0.252,0,0,,2025-12-31,3274.6,23,2025-10-19,2022-08-08,142.37,4,10.2,0,73.0,1,52.9
C000621,2023-09-13,Mid-Market,North America,Starter,Partner,53,58.15,840,6.0,0,36.1,0.795,1,0,,2025-12-31,637.92,12,2025-09-30,2024-02-20,53.16,0,0.0,0,92.0,1,65.8
C000622,2023-11-15,Mid-Market,Europe,Pro,Paid Search,55,180.4,777,24.0,0,11.9,0.772,0,0,,2025-12-31,3219.12,19,2025-10-11,2023-12-23,169.43,1,19.0,0,81.0,1,80.8
C000623,2022-08-25,Mid-Market,APAC,Starter,Paid Search,19,46.12,1224,7.6,0,49.0,0.198,0,1,2025-07-28,2025-12-31,1266.39,26,2025-07-25,2022-10-04,48.71,0,0.0,0,159.0,0,52.6
C000624,2023-08-20,SMB,North America,Enterprise,Organic,5,1411.32,864,18.0,0,31.1,0.662,1,0,,2025-12-31,27394.48,19,2025-11-22,2023-12-08,1441.81,1,3.4,0,39.0,1,72.0
C000625,2024-05-13,Mid-Market,LATAM,Enterprise,Paid Search,20,1261.36,597,20.0,1,38.9,0.55,0,0,,2025-12-31,8589.62,8,2025-10-12,2024-09-01,1073.7,1,8.4,0,80.0,1,71.7
C000626,2022-11-29,Mid-Market,North America,Starter,Paid Search,40,46.63,1128,17.0,2,65.6,0.374,0,0,,2025-12-31,777.36,17,2025-12-07,2023-01-28,45.73,2,32.8,0,24.0,1,65.0
C000627,2023-04-29,SMB,Europe,Pro,Paid Search,24,152.37,977,18.0,1,24.3,0.484,0,0,,2025-12-31,2900.51,19,2025-12-04,2023-05-21,152.66,3,19.0,0,27.0,1,66.5
C000628,2023-06-10,Mid-Market,APAC,Pro,Organic,42,162.58,935,18.0,2,56.3,0.401,0,0,,2025-12-31,3606.73,24,2025-11-28,2023-07-05,150.28,4,31.0,0,33.0,1,65.7
C000629,2023-12-24,SMB,Europe,Pro,Sales,10,145.03,738,20.0,1,71.1,0.445,0,0,,2025-12-31,1854.98,13,2025-12-11,2024-01-11,142.69,1,22.3,0,20.0,1,71.8
C000630,2023-06-08,Startup,Europe,Free,Paid Search,4,0.0,937,25.0,1,69.5,0.282,0,0,,2025-12-31,71.68,13,2025-11-18,2023-06-12,5.51,1,30.0,0,43.0,0,71.2
C000631,2024-11-19,SMB,Europe,Pro,Partner,6,137.03,407,5.0,1,30.3,0.444,1,0,,2025-12-31,1911.8400000000001,14,2025-12-17,2025-02-12,136.56,2,4.4,1,14.0,1,52.3
C000632,2023-04-14,Startup,LATAM,Business,Organic,4,459.35,992,14.0,1,10.7,0.657,0,0,,2025-12-31,12837.08,27,2025-12-24,2023-06-03,475.45,1,4.9,0,7.0,1,66.8
C000633,2023-09-13,Enterprise,APAC,Starter,Organic,450,53.63,840,5.0,0,17.3,0.162,0,0,,2025-12-31,1197.17,24,2025-11-16,2023-11-14,49.88,0,0.0,0,45.0,1,46.1
C000634,2023-06-27,Enterprise,APAC,Pro,Paid Search,119,186.63,918,5.0,1,-4.7,0.298,0,0,,2025-12-31,4316.36,23,2025-11-18,2023-08-19,187.67,1,4.3,0,43.0,1,46.4
C000635,2022-09-19,SMB,North America,Free,Sales,3,0.0,1199,26.0,3,52.2,0.189,0,0,,2025-12-31,177.02,27,2025-09-27,2022-10-10,6.56,3,16.8,0,95.0,0,64.6
C000636,2024-09-07,SMB,Europe,Enterprise,Organic,15,1082.81,480,13.0,1,53.7,0.406,0,0,,2025-12-31,4171.99,4,2025-12-30,2025-02-19,1043.0,1,8.0,0,1.0,1,62.7
C000637,2022-12-03,Startup,Europe,Free,Paid Search,2,0.0,1124,19.0,3,37.9,0.194,0,0,,2025-12-31,47.03,19,2025-12-27,2023-01-12,2.48,3,13.2,0,4.0,0,57.1
C000638,2023-03-01,Enterprise,North America,Starter,Sales,358,53.03,1036,20.0,2,0.6,0.12,1,0,,2025-12-31,849.78,16,2025-09-16,2023-04-10,53.11,2,13.0,1,106.0,1,51.5
C000639,2025-02-07,SMB,APAC,Starter,Paid Search,9,49.08,327,0.0,4,25.9,0.192,1,0,,2025-12-31,493.32,9,2025-11-27,2025-03-11,54.81,4,11.6,0,34.0,1,35.4
C000640,2025-09-18,Mid-Market,North America,Business,Paid Search,21,455.79,104,7.1,4,69.5,0.623,1,1,2025-10-18,2025-12-31,867.6399999999999,3,2025-10-15,2025-10-10,289.21,5,14.1,1,77.0,0,59.0
C000641,2024-08-17,Mid-Market,North America,Pro,Partner,67,165.71,501,2.2,3,50.2,0.707,1,1,2025-05-20,2025-12-31,1316.0,8,2025-05-15,2024-08-20,164.5,3,16.2,0,230.0,0,56.7
C000642,2025-08-03,Mid-Market,North America,Free,Paid Search,19,0.0,150,4.9,2,54.6,0.357,1,1,2025-10-04,2025-12-31,25.04,3,2025-09-17,2025-08-27,8.35,3,17.5,0,105.0,0,50.5
C000643,2025-05-06,Startup,North America,Starter,Sales,2,51.96,239,5.0,1,100.0,0.607,0,0,,2025-12-31,223.32999999999998,4,2025-10-04,2025-05-19,55.83,1,8.7,0,88.0,1,66.2
C000644,2023-11-19,Enterprise,North America,Business,Organic,392,458.0,773,18.0,3,43.2,0.102,0,0,,2025-12-31,2976.19,7,2025-12-20,2024-01-16,425.17,3,23.8,1,11.0,1,54.0
C000645,2025-01-06,Startup,Europe,Starter,Referral,4,47.12,359,3.0,2,-19.0,0.24,0,0,,2025-12-31,430.78,9,2025-12-21,2025-02-18,47.86,3,12.4,0,10.0,1,40.0
C000646,2023-04-15,SMB,Europe,Free,Organic,24,0.0,991,12.0,0,7.5,0.605,0,0,,2025-12-31,143.29000000000002,23,2025-09-09,2023-04-18,6.23,1,16.9,0,113.0,0,64.6
C000647,2023-10-21,SMB,North America,Enterprise,Referral,14,1341.3,802,8.0,4,42.6,0.231,1,0,,2025-12-31,19566.5,15,2025-11-15,2024-02-06,1304.43,5,17.4,0,46.0,1,45.3
C000648,2024-02-05,SMB,North America,Starter,Referral,17,44.75,695,26.0,0,35.5,0.399,0,0,,2025-12-31,364.73,8,2025-10-29,2024-02-10,45.59,0,0.0,0,63.0,1,73.7
C000649,2025-10-05,Startup,APAC,Pro,Referral,1,130.76,87,9.8,1,30.7,0.341,3,1,2025-12-11,2025-12-31,178.74,1,2025-10-20,2025-10-20,178.74,1,8.4,1,72.0,0,49.6
C000650,2025-04-28,Mid-Market,North America,Starter,Referral,28,47.75,247,9.0,0,31.1,0.452,1,0,,2025-12-31,228.78,5,2025-12-13,2025-10-07,45.76,1,4.4,0,18.0,1,57.7
C000651,2023-12-01,Enterprise,Europe,Business,Referral,494,459.81,761,8.0,2,15.4,0.234,1,0,,2025-12-31,9362.38,20,2025-11-21,2023-12-11,468.12,2,8.5,0,40.0,1,45.7
C000652,2024-07-22,SMB,Europe,Business,Organic,21,440.93,527,20.0,1,44.3,0.205,0,0,,2025-12-31,6420.3099999999995,14,2025-12-03,2024-08-18,458.59,1,7.1,0,28.0,1,61.9
C000653,2022-10-17,Mid-Market,Europe,Starter,Organic,64,50.8,1171,17.0,1,69.9,0.466,0,0,,2025-12-31,1271.05,26,2025-11-25,2022-11-05,48.89,2,9.0,0,36.0,1,69.6
C000654,2025-02-24,Mid-Market,APAC,Pro,Paid Search,16,145.38,310,15.0,1,78.3,0.533,0,0,,2025-12-31,749.04,5,2025-12-21,2025-05-02,149.81,1,13.4,0,10.0,1,70.7
C000655,2024-03-01,Mid-Market,Europe,Enterprise,Paid Search,37,1157.85,670,2.0,2,77.6,0.7,0,0,,2025-12-31,15824.25,14,2025-10-25,2024-03-02,1130.3,2,14.2,0,67.0,1,62.5
C000656,2024-02-01,Mid-Market,LATAM,Business,Paid Search,25,399.7,699,2.0,2,11.1,0.274,0,0,,2025-12-31,3998.53,10,2025-11-28,2024-02-20,399.85,2,12.3,0,33.0,1,43.1
C000657,2024-12-31,Enterprise,APAC,Starter,Referral,173,53.3,365,17.0,0,34.5,0.339,0,0,,2025-12-31,681.73,12,2025-12-26,2025-01-13,56.81,0,0.0,0,5.0,1,63.8
C000658,2024-06-24,Enterprise,North America,Starter,Referral,213,55.88,555,13.0,2,27.2,0.5,0,0,,2025-12-31,475.76,9,2025-11-18,2024-06-26,52.86,2,25.0,0,43.0,1,61.3
C000659,2022-04-14,Startup,North America,Business,Sales,3,455.67,1357,23.0,0,49.8,0.762,0,0,,2025-12-31,13021.47,29,2025-12-31,2022-06-19,449.02,1,2.4,0,0.0,1,83.4
C000660,2023-02-17,Mid-Market,North America,Free,Paid Search,62,0.0,1048,0.0,2,32.9,0.405,0,0,,2025-12-31,71.59,14,2025-12-29,2023-07-30,5.11,2,16.2,0,2.0,0,47.4
C000661,2022-09-10,Startup,North America,Free,Referral,5,0.0,1208,1.5,1,29.4,0.487,0,1,2023-01-19,2025-12-31,20.32,1,2022-11-11,2022-11-11,20.32,1,7.8,0,1146.0,0,52.4
C000662,2024-11-16,Startup,Europe,Starter,Referral,4,48.24,410,22.0,3,71.4,0.425,0,0,,2025-12-31,545.86,11,2025-11-05,2025-01-01,49.62,3,28.5,0,56.0,1,70.0
C000663,2022-02-20,Mid-Market,North America,Business,Sales,57,422.47,1410,27.0,2,37.5,0.197,1,0,,2025-12-31,12966.91,31,2025-11-06,2022-03-20,418.29,2,11.6,0,55.0,1,63.8
C000664,2022-10-17,SMB,North America,Starter,Referral,9,53.48,1171,20.0,0,38.1,0.313,0,0,,2025-12-31,1547.19,30,2025-11-19,2022-10-30,51.57,2,8.9,0,42.0,1,66.1
C000665,2024-05-04,SMB,North America,Starter,Organic,14,53.78,606,0.0,1,45.3,0.608,0,0,,2025-12-31,677.25,12,2025-11-20,2024-05-04,56.44,1,26.3,0,41.0,1,56.3
C000666,2024-09-20,SMB,Europe,Pro,Organic,23,144.74,467,1.0,2,51.9,0.531,1,0,,2025-12-31,1224.97,9,2025-12-01,2025-01-29,136.11,2,13.2,0,30.0,1,52.0
C000667,2023-12-21,Enterprise,APAC,Starter,Sales,151,58.94,741,24.0,2,52.0,0.617,1,0,,2025-12-31,837.9,14,2025-12-08,2024-02-13,59.85,2,5.5,0,23.0,1,75.1
C000668,2025-05-15,Mid-Market,LATAM,Starter,Referral,27,57.44,230,13.0,0,73.8,0.709,0,0,,2025-12-31,434.0,8,2025-12-18,2025-07-03,54.25,0,0.0,0,13.0,1,75.3
C000669,2025-08-07,Enterprise,North America,Pro,Referral,364,190.65,146,13.0,4,2.9,0.439,1,0,,2025-12-31,902.14,5,2025-12-20,2025-09-17,180.43,4,14.3,0,11.0,1,52.1
C000670,2022-07-08,SMB,North America,Starter,Referral,6,56.92,1272,26.0,0,43.1,0.35,1,0,,2025-12-31,1691.35,29,2025-07-24,2022-09-06,58.32,1,9.2,0,160.0,1,71.0
C000671,2025-09-24,Startup,LATAM,Enterprise,Referral,5,1094.41,98,6.0,1,32.4,0.297,0,0,,2025-12-31,5346.98,5,2025-12-23,2025-10-01,1069.4,1,40.5,0,8.0,1,51.0
C000672,2024-05-28,SMB,APAC,Starter,Referral,11,50.43,582,7.0,1,27.5,0.73,0,0,,2025-12-31,1107.96,21,2025-12-25,2024-06-11,52.76,1,21.7,0,6.0,1,64.4
C000673,2024-06-28,SMB,Europe,Business,Sales,14,364.77,551,8.8,1,53.9,0.282,0,1,2024-09-09,2025-12-31,2383.86,7,2024-09-05,2024-07-03,340.55,1,25.5,0,482.0,0,55.2
C000674,2022-05-16,Startup,Europe,Pro,Sales,2,164.55,1325,7.1,2,67.4,0.319,1,1,2023-12-30,2025-12-31,2301.81,14,2023-11-18,2022-06-23,164.42,2,24.2,0,774.0,0,52.6
C000675,2024-06-08,SMB,North America,Free,Paid Search,3,0.0,571,10.0,3,20.2,0.681,0,0,,2025-12-31,134.76,20,2025-09-29,2024-07-02,6.74,3,31.7,0,93.0,0,61.9
C000676,2024-11-03,Enterprise,APAC,Free,Organic,469,0.0,423,4.0,1,77.2,0.46,1,0,,2025-12-31,59.449999999999996,11,2025-11-13,2024-11-04,5.4,2,20.4,1,48.0,0,56.6
C000677,2024-04-10,Startup,Europe,Pro,Organic,5,139.8,630,1.0,0,-0.8,0.6,1,0,,2025-12-31,2934.02,21,2025-12-24,2024-05-15,139.72,0,0.0,0,7.0,1,51.8
C000678,2022-05-01,Mid-Market,Europe,Starter,Paid Search,61,52.4,1340,0.0,0,49.8,0.499,1,0,,2025-12-31,1350.54,25,2025-06-14,2022-05-14,54.02,1,10.8,0,200.0,1,53.0
C000679,2024-01-19,Enterprise,Europe,Starter,Referral,275,48.48,712,3.3,2,12.7,0.15,1,1,2025-10-16,2025-12-31,861.09,18,2025-10-02,2024-03-06,47.84,3,6.9,0,90.0,0,38.7
C000680,2025-08-31,SMB,North America,Enterprise,Referral,7,1096.31,122,14.0,0,19.0,0.366,0,0,,2025-12-31,1555.0,2,2025-11-10,2025-09-21,777.5,0,0.0,0,51.0,1,60.4
C000681,2024-10-31,Startup,North America,Pro,Paid Search,2,135.02,426,13.0,0,36.5,0.213,1,0,,2025-12-31,856.12,7,2025-11-14,2025-03-21,122.3,0,0.0,0,47.0,1,54.6
C000682,2022-07-16,Mid-Market,APAC,Enterprise,Paid Search,50,1139.64,1264,6.0,1,25.0,0.281,0,0,,2025-12-31,27349.89,22,2025-10-21,2022-10-13,1243.18,1,18.3,0,71.0,1,49.8
C000683,2025-10-04,SMB,Europe,Starter,Paid Search,6,56.91,88,10.4,6,-36.6,0.269,0,1,2025-12-21,2025-12-31,112.31,2,2025-12-01,2025-11-18,56.16,6,14.3,0,30.0,0,39.7
C000684,2025-10-03,Mid-Market,North America,Starter,Referral,34,45.1,89,24.0,2,50.3,0.195,0,0,,2025-12-31,45.69,1,2025-11-24,2025-11-24,45.69,2,3.8,0,37.0,1,64.3
C000685,2022-08-31,Enterprise,North America,Pro,Partner,177,153.71,1218,6.0,0,54.5,0.771,0,0,,2025-12-31,3445.94,23,2025-12-04,2022-09-15,149.82,0,0.0,0,27.0,1,68.9
C000686,2025-02-19,Enterprise,LATAM,Starter,Organic,94,48.74,315,6.6,3,31.0,0.4,1,1,2025-06-30,2025-12-31,98.22999999999999,2,2025-04-28,2025-02-24,49.11,3,8.8,0,247.0,0,49.5
C000687,2023-08-05,SMB,North America,Starter,Paid Search,6,50.07,879,15.0,3,29.0,0.744,0,0,,2025-12-31,735.61,16,2025-12-21,2023-08-20,45.98,3,10.4,0,10.0,1,69.1
C000688,2024-04-28,Startup,Europe,Free,Partner,4,0.0,612,19.0,1,25.7,0.364,0,0,,2025-12-31,55.06,13,2025-12-16,2024-05-01,4.24,2,12.4,0,15.0,0,64.0
C000689,2023-09-29,Mid-Market,Europe,Free,Paid Search,54,0.0,824,0.0,1,-7.8,0.659,0,1,2023-12-04,2025-12-31,12.14,2,2023-11-06,2023-10-27,6.07,1,17.2,0,786.0,0,52.5
C000690,2025-01-24,Mid-Market,APAC,Business,Referral,27,475.71,341,18.0,1,-10.4,0.095,0,0,,2025-12-31,1644.27,4,2025-09-29,2025-04-03,411.07,1,26.9,0,93.0,1,51.4
C000691,2025-11-26,Mid-Market,Europe,Starter,Sales,51,55.43,35,20.0,3,55.1,0.118,1,0,,2025-12-31,50.75,1,2025-12-27,2025-12-27,50.75,5,9.9,0,4.0,1,55.4
C000692,2025-02-11,Enterprise,APAC,Enterprise,Organic,389,1261.06,323,19.0,2,61.6,0.378,1,0,,2025-12-31,3256.25,3,2025-07-23,2025-04-12,1085.42,3,12.1,0,161.0,1,64.5
C000693,2025-08-24,SMB,North America,Starter,Organic,14,48.89,129,23.0,0,49.9,0.476,1,0,,2025-12-31,103.4,2,2025-11-04,2025-10-03,51.7,0,0.0,0,57.0,1,72.8
C000694,2025-09-14,SMB,LATAM,Starter,Paid Search,5,48.77,108,20.0,0,44.5,0.651,1,0,,2025-12-31,167.53000000000003,4,2025-12-07,2025-10-05,41.88,0,0.0,0,24.0,1,74.8
C000695,2022-05-09,SMB,LATAM,Starter,Organic,19,50.31,1332,27.0,2,54.6,0.445,0,0,,2025-12-31,1153.1399999999999,22,2025-11-02,2022-06-04,52.42,2,16.4,1,59.0,1,74.9
C000696,2022-12-29,Mid-Market,Europe,Pro,Paid Search,67,146.44,1098,18.0,1,52.9,0.378,1,0,,2025-12-31,2952.89,19,2025-10-26,2023-01-26,155.42,1,4.9,0,66.0,1,64.2
C000697,2024-10-29,SMB,Europe,Business,Organic,8,397.79,428,12.0,1,15.4,0.384,0,0,,2025-12-31,4164.29,11,2025-12-30,2024-11-28,378.57,1,15.1,0,1.0,1,57.3
C000698,2024-04-23,Enterprise,North America,Business,Organic,182,490.02,617,23.0,1,40.6,0.425,1,0,,2025-12-31,4423.22,10,2025-11-21,2024-06-01,442.32,1,8.3,0,40.0,1,68.8
C000699,2022-03-13,Mid-Market,Europe,Free,Referral,51,0.0,1389,19.0,3,27.6,0.128,0,0,,2025-12-31,99.16,29,2025-10-02,2022-04-09,3.42,3,7.2,0,90.0,0,54.1
C000700,2022-05-16,Startup,North America,Starter,Organic,3,43.39,1325,15.0,3,27.9,0.58,0,0,,2025-12-31,970.94,23,2025-12-08,2022-07-12,42.21,3,16.6,0,23.0,1,64.1
C000701,2024-01-15,SMB,North America,Business,Referral,9,456.16,716,5.0,1,63.5,0.727,2,1,2024-07-03,2025-12-31,470.25,1,2024-03-27,2024-03-27,470.25,2,11.6,0,644.0,0,62.1
C000702,2024-05-31,Startup,LATAM,Free,Paid Search,4,0.0,579,9.0,1,74.4,0.256,0,0,,2025-12-31,0.0,7,2025-09-02,2024-07-01,0.0,2,12.6,0,120.0,0,56.7
C000703,2022-08-28,Startup,North America,Pro,Paid Search,3,163.44,1221,17.0,1,-23.7,0.474,0,0,,2025-12-31,3358.83,22,2025-12-24,2022-10-04,152.67,1,11.1,0,7.0,1,60.5
C000704,2022-09-02,SMB,Europe,Starter,Organic,3,48.74,1216,13.0,1,28.6,0.273,1,0,,2025-12-31,1869.44,36,2025-10-27,2022-09-06,51.93,1,20.7,0,65.0,1,54.2
C000705,2022-07-04,Startup,North America,Starter,Organic,7,55.26,1276,1.8,2,27.3,0.445,0,1,2025-09-16,2025-12-31,1568.12,29,2025-09-01,2022-08-09,54.07,3,12.6,0,121.0,0,49.7
C000706,2024-03-18,SMB,North America,Starter,Paid Search,12,54.05,653,2.5,1,64.0,0.534,1,1,2025-04-25,2025-12-31,438.04,8,2024-12-24,2024-03-27,54.76,2,4.0,0,372.0,0,56.2
C000707,2022-01-12,Enterprise,North America,Starter,Referral,357,57.59,1449,26.0,4,-1.3,0.568,0,0,,2025-12-31,1062.5,19,2025-09-21,2022-12-12,55.92,6,17.6,1,101.0,1,69.1
C000708,2024-03-29,Enterprise,North America,Business,Sales,408,498.17,642,9.0,0,-39.7,0.748,1,0,,2025-12-31,8943.15,17,2025-12-27,2024-04-06,526.07,0,0.0,0,4.0,1,59.5
C000709,2023-11-12,Enterprise,Europe,Pro,Organic,147,179.9,780,18.0,0,55.5,0.41,0,0,,2025-12-31,3216.23,19,2025-10-21,2023-11-16,169.28,0,0.0,0,71.0,1,68.9
C000710,2023-10-29,Enterprise,LATAM,Enterprise,Organic,77,1301.58,794,11.0,1,59.1,0.33,1,0,,2025-12-31,17397.77,13,2025-07-10,2023-11-07,1338.29,1,19.6,0,174.0,1,57.1
C000711,2024-08-29,Mid-Market,Europe,Pro,Organic,65,169.32,489,4.4,0,-9.6,0.435,1,1,2025-08-10,2025-12-31,831.87,5,2025-04-29,2024-09-06,166.37,0,0.0,0,246.0,0,49.0
C000712,2024-01-18,SMB,LATAM,Starter,Referral,15,49.84,713,10.0,2,31.9,0.41,0,0,,2025-12-31,564.0,12,2025-12-02,2024-01-26,47.0,2,17.6,0,29.0,1,56.4
C000713,2024-11-06,SMB,Europe,Pro,Organic,8,163.01,420,26.0,1,73.3,0.39,0,0,,2025-12-31,1472.98,9,2025-10-24,2025-03-09,163.66,1,15.3,0,68.0,1,75.7
C000714,2024-12-28,SMB,Europe,Starter,Organic,24,48.5,368,1.0,0,8.0,0.414,0,1,2025-03-27,2025-12-31,66.06,1,2025-01-13,2025-01-13,66.06,1,40.8,0,352.0,0,49.1
C000715,2025-08-08,Mid-Market,North America,Business,Sales,51,439.88,145,18.0,1,37.5,0.112,0,0,,2025-12-31,861.67,2,2025-09-28,2025-08-30,430.84,1,7.4,0,94.0,1,56.7
C000716,2025-02-16,SMB,North America,Starter,Referral,19,56.83,318,23.0,2,47.7,0.21,0,0,,2025-12-31,345.71,6,2025-12-31,2025-04-01,57.62,2,2.4,0,0.0,1,63.6
C000717,2024-01-11,Mid-Market,APAC,Enterprise,Partner,18,1272.57,720,5.0,3,-0.7,0.352,1,0,,2025-12-31,14107.77,12,2025-11-02,2024-03-18,1175.65,4,16.5,0,59.0,1,43.5
C000718,2023-12-05,Enterprise,Europe,Pro,Organic,248,174.5,757,21.0,0,20.9,0.28,1,0,,2025-12-31,3021.95,17,2025-11-14,2024-05-04,177.76,0,0.0,0,47.0,1,62.2
C000719,2022-12-04,Mid-Market,Europe,Pro,Paid Search,54,150.69,1123,17.0,0,-7.3,0.8,0,0,,2025-12-31,3542.67,23,2025-10-28,2022-12-07,154.03,1,51.7,0,64.0,1,73.4
C000720,2024-05-07,Mid-Market,APAC,Pro,Organic,30,174.5,603,9.0,0,30.9,0.506,0,0,,2025-12-31,1964.73,10,2025-10-18,2024-08-14,196.47,1,18.1,0,74.0,1,61.3
C000721,2022-07-18,Mid-Market,North America,Pro,Partner,21,156.91,1262,4.0,2,15.2,0.598,0,0,,2025-12-31,2763.08,18,2025-10-18,2022-07-28,153.5,2,30.2,1,74.0,1,55.0
C000722,2025-08-24,Startup,APAC,Pro,Referral,2,147.56,129,26.0,0,40.2,0.349,0,0,,2025-12-31,778.94,6,2025-11-11,2025-08-29,129.82,0,0.0,0,50.0,1,72.7
C000723,2025-04-23,SMB,North America,Pro,Organic,6,132.98,252,5.0,2,50.9,0.456,1,0,,2025-12-31,1071.33,8,2025-12-10,2025-05-14,133.92,3,20.7,1,21.0,1,53.2
C000724,2022-06-21,SMB,LATAM,Starter,Sales,4,44.5,1289,26.0,3,69.7,0.56,0,0,,2025-12-31,998.26,22,2025-12-20,2022-07-17,45.38,3,21.7,0,11.0,1,77.5
C000725,2025-01-28,Mid-Market,North America,Pro,Paid Search,71,143.52,337,18.0,1,93.3,0.523,0,0,,2025-12-31,905.66,6,2025-12-29,2025-04-03,150.94,1,7.6,0,2.0,1,74.6
C000726,2022-06-17,Startup,North America,Starter,Referral,5,50.54,1293,23.0,5,40.2,0.028,0,0,,2025-12-31,999.54,20,2025-11-02,2022-07-12,49.98,5,10.0,0,59.0,1,52.9
C000727,2024-10-28,SMB,APAC,Pro,Organic,22,138.26,429,8.0,0,27.1,0.199,0,0,,2025-12-31,610.62,4,2025-12-03,2024-11-19,152.66,0,0.0,0,28.0,1,50.8
C000728,2022-05-06,Mid-Market,North America,Pro,Paid Search,40,165.85,1335,0.0,1,25.6,0.599,1,0,,2025-12-31,5596.58,32,2025-11-04,2022-05-21,174.89,3,17.5,0,57.0,1,52.0
C000729,2023-11-30,SMB,LATAM,Starter,Organic,16,46.44,762,18.0,2,10.9,0.695,0,0,,2025-12-31,705.82,14,2025-12-31,2024-04-22,50.42,3,30.3,1,0.0,1,70.0
C000730,2024-07-29,SMB,Europe,Business,Referral,11,434.23,520,10.0,0,46.2,0.274,0,0,,2025-12-31,5622.94,15,2025-09-09,2024-08-24,374.86,1,4.4,0,113.0,1,56.8
C000731,2024-11-08,SMB,North America,Pro,Organic,23,159.08,418,15.0,1,22.6,0.649,0,0,,2025-12-31,2035.5,13,2025-10-28,2024-11-09,156.58,2,24.7,0,64.0,1,68.6
C000732,2023-08-22,Enterprise,North America,Pro,Paid Search,394,156.03,862,12.0,0,48.0,0.269,1,0,,2025-12-31,3888.31,24,2025-11-24,2023-09-21,162.01,0,0.0,0,37.0,1,56.6
C000733,2025-08-10,SMB,LATAM,Pro,Referral,19,156.23,143,9.0,1,11.7,0.313,0,0,,2025-12-31,284.71,2,2025-10-14,2025-08-16,142.35,1,15.1,1,78.0,1,52.1
C000734,2025-01-12,Enterprise,Europe,Pro,Referral,397,164.87,353,6.3,3,23.3,0.069,0,1,2025-11-17,2025-12-31,1274.78,8,2025-10-05,2025-01-12,159.35,4,21.8,0,87.0,0,40.5
C000735,2022-10-25,Mid-Market,APAC,Business,Partner,21,376.91,1163,14.0,3,45.8,0.805,0,0,,2025-12-31,4477.81,12,2025-10-28,2022-11-14,373.15,3,24.6,0,64.0,1,71.7
C000736,2024-08-17,Mid-Market,North America,Starter,Partner,63,52.49,501,17.0,0,31.9,0.251,0,0,,2025-12-31,392.79,8,2025-12-21,2024-11-02,49.1,0,0.0,0,10.0,1,60.9
C000737,2024-11-10,Startup,LATAM,Free,Partner,3,0.0,416,18.0,0,-13.0,0.188,0,0,,2025-12-31,0.0,7,2025-11-17,2025-01-11,0.0,2,20.0,0,44.0,0,55.4
C000738,2023-04-23,Mid-Market,Europe,Pro,Partner,74,171.28,983,18.0,0,34.6,0.217,0,0,,2025-12-31,3586.56,20,2025-12-23,2023-05-15,179.33,1,25.5,0,8.0,1,61.0
C000739,2024-11-21,Mid-Market,Europe,Starter,Paid Search,65,59.36,405,9.0,0,15.0,0.303,0,0,,2025-12-31,480.12,8,2025-10-06,2025-02-26,60.02,0,0.0,0,86.0,1,53.6
C000740,2025-07-08,Mid-Market,North America,Free,Organic,53,0.0,176,5.8,0,64.5,0.283,1,1,2025-11-07,2025-12-31,53.36,7,2025-10-28,2025-07-12,7.62,0,0.0,0,64.0,0,53.1
C000741,2025-03-14,Startup,North America,Free,Paid Search,5,0.0,292,6.0,1,59.3,0.704,0,0,,2025-12-31,20.58,4,2025-12-26,2025-03-23,5.14,1,8.8,0,5.0,0,65.9
C000742,2024-12-26,SMB,LATAM,Starter,Organic,13,48.48,370,26.0,0,-22.1,0.393,0,0,,2025-12-31,448.14,9,2025-12-29,2025-01-05,49.79,0,0.0,0,2.0,1,67.8
C000743,2024-06-26,Startup,LATAM,Enterprise,Paid Search,7,1237.39,553,22.0,2,55.0,0.283,0,0,,2025-12-31,18096.09,15,2025-11-16,2024-07-01,1206.41,2,12.1,0,45.0,1,65.6
C000744,2023-01-22,Mid-Market,North America,Starter,Paid Search,42,60.2,1074,15.0,0,44.7,0.567,0,0,,2025-12-31,1614.87,26,2025-11-25,2023-02-06,62.11,0,0.0,0,36.0,1,69.9
C000745,2025-02-11,Enterprise,LATAM,Starter,Organic,496,62.44,323,1.6,3,-2.1,0.419,0,1,2025-10-26,2025-12-31,123.92000000000002,2,2025-05-23,2025-04-08,61.96,4,7.7,0,222.0,0,44.3
C000746,2023-06-05,SMB,North America,Enterprise,Referral,12,1351.44,940,25.0,2,57.0,0.609,0,0,,2025-12-31,36889.06,30,2025-12-30,2023-06-30,1229.64,3,24.7,0,1.0,1,78.3
C000747,2024-02-01,Mid-Market,North America,Enterprise,Referral,25,1099.19,699,15.0,2,3.0,0.768,0,0,,2025-12-31,13055.82,12,2025-12-11,2024-02-14,1087.98,3,21.7,0,20.0,1,68.7
C000748,2023-03-26,Startup,North America,Starter,Partner,2,43.54,1011,22.0,0,63.6,0.179,0,0,,2025-12-31,735.76,17,2025-07-01,2023-05-15,43.28,1,7.4,0,183.0,1,66.4
C000749,2023-03-24,Startup,North America,Business,Sales,3,468.5,1013,0.0,2,18.8,0.136,1,0,,2025-12-31,8606.28,19,2025-11-24,2023-05-28,452.96,3,11.9,1,37.0,1,36.0
C000750,2022-08-14,SMB,North America,Free,Organic,22,0.0,1235,3.0,1,-3.0,0.287,0,1,2023-11-27,2025-12-31,17.67,8,2023-11-08,2022-08-18,2.21,1,18.3,0,784.0,0,44.5
C000751,2025-10-06,Startup,North America,Business,Organic,4,410.38,86,8.0,1,88.0,0.263,0,0,,2025-12-31,401.98,1,2025-11-19,2025-11-19,401.98,1,4.5,0,42.0,1,57.3
C000752,2022-07-31,SMB,North America,Free,Organic,7,0.0,1249,22.0,6,-3.7,0.578,1,0,,2025-12-31,210.91,35,2025-12-24,2022-09-14,6.03,6,13.9,0,7.0,0,60.6
C000753,2022-05-04,Mid-Market,APAC,Starter,Paid Search,46,47.75,1337,13.0,0,14.8,0.466,1,0,,2025-12-31,1459.46,30,2025-12-27,2022-05-21,48.65,0,0.0,0,4.0,1,60.1
C000754,2025-08-31,SMB,APAC,Starter,Organic,10,51.64,122,3.0,1,19.8,0.447,0,0,,2025-12-31,103.94,2,2025-12-05,2025-10-16,51.97,1,21.3,0,26.0,1,51.6
C000755,2024-03-04,Enterprise,APAC,Pro,Referral,156,171.49,667,17.0,1,23.6,0.14,0,0,,2025-12-31,2849.36,16,2025-12-29,2024-03-12,178.08,2,24.0,0,2.0,1,55.2
C000756,2023-09-19,Startup,North America,Free,Paid Search,2,0.0,834,4.0,0,52.5,0.14,0,0,,2025-12-31,45.25,17,2025-11-09,2023-10-22,2.66,0,0.0,0,52.0,0,48.0
C000757,2024-11-20,Enterprise,APAC,Pro,Paid Search,70,160.41,406,12.0,1,36.4,0.501,0,0,,2025-12-31,934.65,6,2025-12-25,2024-12-22,155.78,1,7.4,1,6.0,1,62.9
C000758,2023-07-03,Mid-Market,North America,Pro,Paid Search,74,154.87,912,27.0,1,60.1,0.431,0,0,,2025-12-31,2594.35,18,2025-12-20,2023-11-08,144.13,2,29.0,0,11.0,1,76.5
C000759,2022-07-02,SMB,APAC,Free,Paid Search,17,0.0,1278,6.0,3,44.3,0.205,0,1,2024-01-13,2025-12-31,65.41,17,2023-12-23,2022-07-15,3.85,4,17.6,1,739.0,0,46.4
C000760,2024-11-09,Enterprise,Europe,Business,Referral,359,474.25,417,12.0,1,-6.8,0.405,0,0,,2025-12-31,3079.23,7,2025-12-20,2024-11-20,439.89,1,4.6,0,11.0,1,55.7
C000761,2022-09-09,Enterprise,North America,Starter,Partner,382,61.46,1209,1.0,1,48.7,0.219,0,0,,2025-12-31,1988.63,32,2025-12-23,2022-11-23,62.14,1,6.1,0,8.0,1,45.8
C000762,2024-03-01,SMB,North America,Starter,Referral,18,49.66,670,4.0,2,40.8,0.078,1,1,2024-04-09,2025-12-31,56.95,1,2024-03-10,2024-03-10,56.95,2,10.8,0,661.0,0,40.0
C000763,2025-09-19,Enterprise,APAC,Starter,Partner,219,48.79,103,26.0,2,19.4,0.268,2,0,,2025-12-31,56.65,1,2025-10-20,2025-10-20,56.65,3,8.3,0,72.0,1,61.2
C000764,2025-08-31,SMB,LATAM,Starter,Paid Search,22,57.24,122,26.0,1,86.8,0.344,0,0,,2025-12-31,114.72,2,2025-12-12,2025-11-05,57.36,3,9.3,0,19.0,1,75.7
C000765,2023-05-31,Mid-Market,Europe,Starter,Paid Search,34,51.28,945,26.0,1,50.2,0.429,0,0,,2025-12-31,986.84,20,2025-12-02,2023-08-04,49.34,1,7.7,0,29.0,1,74.6
C000766,2025-01-20,Mid-Market,LATAM,Pro,Referral,46,163.99,345,10.0,1,58.5,0.536,1,0,,2025-12-31,750.75,5,2025-12-26,2025-02-10,150.15,2,27.1,0,5.0,1,62.4
C000767,2024-05-26,Mid-Market,LATAM,Pro,Paid Search,64,172.17,584,1.0,0,59.4,0.21,0,0,,2025-12-31,2276.77,12,2025-12-12,2024-07-17,189.73,0,0.0,0,19.0,1,48.1
C000768,2023-11-17,SMB,North America,Starter,Paid Search,8,53.02,775,6.0,4,24.5,0.625,0,0,,2025-12-31,999.88,20,2025-12-27,2023-11-18,49.99,4,8.5,0,4.0,1,55.6
C000769,2022-07-20,Startup,APAC,Starter,Organic,4,55.17,1260,5.0,1,50.8,0.492,0,0,,2025-12-31,1572.0,29,2025-12-25,2022-08-09,54.21,1,10.2,0,6.0,1,57.8
C000770,2023-06-23,Mid-Market,North America,Business,Partner,41,387.17,922,2.0,1,42.9,0.589,0,0,,2025-12-31,6960.62,19,2025-09-05,2023-07-24,366.35,1,16.8,0,117.0,1,57.2
C000771,2024-07-21,Startup,Europe,Starter,Organic,6,44.6,528,19.0,0,21.1,0.621,1,0,,2025-12-31,610.83,13,2025-12-27,2024-08-03,46.99,0,0.0,0,4.0,1,70.7
C000772,2025-11-11,SMB,North America,Pro,Sales,16,149.76,50,14.0,1,4.5,0.115,3,0,,2025-12-31,181.71,1,2025-12-22,2025-12-22,181.71,2,5.3,0,9.0,1,43.9
C000773,2022-01-07,SMB,LATAM,Business,Organic,19,426.31,1454,20.0,3,35.6,0.636,0,0,,2025-12-31,14939.24,37,2025-11-24,2022-04-27,403.76,3,19.3,1,37.0,1,71.0
C000774,2024-10-23,SMB,APAC,Starter,Paid Search,19,55.92,434,3.1,2,49.7,0.58,0,1,2025-05-18,2025-12-31,272.05,5,2025-04-09,2024-11-07,54.41,2,10.8,0,266.0,0,57.1
C000775,2025-04-25,SMB,North America,Pro,Organic,20,171.86,250,19.0,3,35.4,0.372,0,0,,2025-12-31,796.2,5,2025-12-03,2025-05-24,159.24,5,16.7,1,28.0,1,62.2
C000776,2025-09-22,Startup,North America,Enterprise,Organic,1,1241.47,100,1.0,0,30.4,0.552,0,0,,2025-12-31,3826.52,3,2025-11-22,2025-09-24,1275.51,0,0.0,0,39.0,1,55.5
C000777,2023-08-30,SMB,Europe,Pro,Paid Search,18,170.7,854,20.0,1,35.7,0.711,0,0,,2025-12-31,3382.7,19,2025-12-15,2023-10-25,178.04,3,8.8,0,16.0,1,76.3
C000778,2022-06-19,SMB,APAC,Enterprise,Referral,8,1280.06,1291,22.0,3,27.8,0.393,0,0,,2025-12-31,36786.59,28,2025-12-13,2022-09-11,1313.81,4,10.7,0,18.0,1,64.7
C000779,2023-01-23,Mid-Market,LATAM,Starter,Organic,20,47.99,1073,4.6,1,73.7,0.314,0,1,2025-04-16,2025-12-31,748.05,15,2025-04-14,2023-05-01,49.87,1,22.5,0,261.0,0,54.4
C000780,2025-05-01,Enterprise,North America,Pro,Organic,254,177.83,244,4.8,1,41.8,0.396,0,1,2025-06-03,2025-12-31,167.6,1,2025-05-11,2025-05-11,167.6,3,11.0,0,234.0,0,53.8
C000781,2025-06-09,SMB,Europe,Starter,Organic,5,52.23,205,12.0,1,22.8,0.51,0,0,,2025-12-31,421.03999999999996,7,2025-12-27,2025-07-11,60.15,1,5.7,0,4.0,1,61.8
C000782,2024-06-30,Enterprise,Europe,Free,Paid Search,168,0.0,549,16.0,1,-10.2,0.382,0,0,,2025-12-31,100.72,16,2025-10-29,2024-07-05,6.3,2,20.0,0,63.0,0,58.2
C000783,2022-06-25,Mid-Market,North America,Enterprise,Sales,72,1423.82,1285,14.0,1,30.1,0.377,1,0,,2025-12-31,49563.479999999996,35,2025-12-18,2022-06-26,1416.1,1,37.2,0,13.0,1,58.3
C000784,2022-06-24,Enterprise,Europe,Starter,Paid Search,171,46.56,1286,2.0,0,20.6,0.258,0,0,,2025-12-31,1691.04,36,2025-12-24,2022-07-06,46.97,1,15.5,0,7.0,1,46.6
C000785,2023-11-15,Mid-Market,North America,Enterprise,Referral,26,1176.22,777,10.0,3,19.7,0.365,1,0,,2025-12-31,11902.15,10,2025-12-25,2024-02-16,1190.21,3,9.1,0,6.0,1,50.3
C000786,2024-04-21,SMB,North America,Pro,Paid Search,18,166.57,619,14.0,2,58.6,0.138,0,0,,2025-12-31,2353.5499999999997,14,2025-12-17,2024-05-28,168.11,2,21.8,0,14.0,1,54.5
C000787,2022-02-16,SMB,Europe,Enterprise,Paid Search,11,1153.41,1414,17.0,2,37.0,0.35,1,0,,2025-12-31,26199.04,24,2025-10-11,2022-05-14,1091.63,2,4.6,0,81.0,1,59.4
C000788,2024-09-08,SMB,LATAM,Enterprise,Referral,9,1139.48,479,17.0,2,-7.1,0.413,1,0,,2025-12-31,13404.77,11,2025-12-01,2024-10-13,1218.62,2,12.0,0,30.0,1,56.9
C000789,2024-02-18,Enterprise,North America,Pro,Organic,233,187.62,682,18.0,2,50.5,0.542,0,0,,2025-12-31,2142.85,11,2025-12-01,2024-03-19,194.8,2,17.6,1,30.0,1,69.4
C000790,2022-01-18,SMB,North America,Enterprise,Referral,3,1393.06,1443,12.0,0,-4.6,0.517,0,0,,2025-12-31,34210.06,26,2025-12-09,2022-01-21,1315.77,2,12.2,0,22.0,1,60.8
C000791,2022-05-17,Mid-Market,APAC,Business,Paid Search,77,429.75,1324,14.0,3,52.3,0.413,1,0,,2025-12-31,9704.65,23,2025-12-01,2022-05-23,421.94,3,26.0,0,30.0,1,58.6
C000792,2023-10-12,SMB,LATAM,Pro,Paid Search,12,137.99,811,6.0,0,23.1,0.052,1,1,2025-09-25,2025-12-31,1551.6,13,2025-09-18,2024-02-01,119.35,0,0.0,0,104.0,0,42.2
C000793,2024-10-30,SMB,Europe,Pro,Sales,6,168.04,427,7.0,1,37.2,0.294,1,0,,2025-12-31,1849.91,10,2025-12-01,2024-11-20,184.99,1,17.8,0,30.0,1,50.3
C000794,2025-03-26,SMB,North America,Starter,Paid Search,10,55.72,280,8.0,2,34.4,0.641,0,0,,2025-12-31,146.94,2,2025-08-16,2025-03-27,73.47,3,39.8,1,137.0,1,61.8
C000795,2023-09-09,SMB,APAC,Free,Sales,5,0.0,844,12.0,4,31.3,0.173,0,0,,2025-12-31,77.89,15,2025-12-06,2023-12-17,5.19,4,13.8,0,25.0,0,48.0
C000796,2023-02-27,Startup,Europe,Starter,Sales,2,53.94,1038,3.0,2,40.2,0.547,0,0,,2025-12-31,1304.03,25,2025-12-23,2023-03-11,52.16,2,21.1,0,8.0,1,55.1
C000797,2025-10-16,SMB,Europe,Starter,Organic,17,45.44,76,6.0,0,37.0,0.426,0,0,,2025-12-31,106.36,2,2025-12-19,2025-10-27,53.18,0,0.0,0,12.0,1,56.8
C000798,2023-10-18,SMB,North America,Starter,Paid Search,10,50.66,805,2.0,2,81.7,0.093,0,1,2024-12-07,2025-12-31,710.16,13,2024-11-24,2023-10-25,54.63,3,8.2,1,402.0,0,44.7
C000799,2023-03-28,SMB,North America,Pro,Referral,7,134.19,1009,11.0,0,40.6,0.078,0,0,,2025-12-31,2553.86,19,2025-12-27,2023-06-28,134.41,0,0.0,0,4.0,1,51.2
C000800,2023-09-25,Enterprise,North America,Pro,Organic,421,186.14,828,13.0,0,41.2,0.647,3,0,,2025-12-31,3890.45,21,2025-11-06,2023-10-25,185.26,0,0.0,0,55.0,1,64.1
C000801,2022-01-18,Startup,APAC,Pro,Referral,2,145.39,1443,4.0,1,17.3,0.224,0,0,,2025-12-31,3469.16,24,2025-12-18,2022-03-10,144.55,1,10.5,0,13.0,1,45.5
C000802,2023-03-08,Mid-Market,North America,Business,Organic,41,386.29,1029,3.0,1,44.5,0.25,1,0,,2025-12-31,7756.41,20,2025-12-28,2023-03-13,387.82,1,12.8,0,3.0,1,46.1
C000803,2024-01-08,Mid-Market,North America,Enterprise,Organic,55,1158.67,723,14.0,0,9.4,0.299,0,0,,2025-12-31,16197.98,14,2025-12-29,2024-01-15,1157.0,0,0.0,0,2.0,1,57.4
C000804,2025-08-06,Startup,Europe,Business,Paid Search,1,356.89,147,6.0,0,63.8,0.371,0,0,,2025-12-31,995.1099999999999,3,2025-10-07,2025-08-10,331.7,1,24.3,0,85.0,1,57.9
C000805,2024-11-21,SMB,APAC,Pro,Referral,21,139.64,405,24.0,1,-2.1,0.353,0,0,,2025-12-31,1120.29,8,2025-11-08,2024-11-25,140.04,1,12.8,0,53.0,1,65.3
C000806,2025-01-22,Enterprise,North America,Starter,Referral,141,53.43,343,4.0,1,13.9,0.478,0,0,,2025-12-31,281.23,5,2025-08-16,2025-01-26,56.25,1,4.8,1,137.0,1,52.8
C000807,2024-02-19,Enterprise,APAC,Enterprise,Partner,394,1211.42,681,13.0,2,-5.7,0.423,0,0,,2025-12-31,19777.63,15,2025-12-11,2024-04-12,1318.51,2,39.2,0,20.0,1,55.7
C000808,2022-06-08,Enterprise,Europe,Starter,Organic,292,58.87,1302,22.0,1,45.5,0.742,0,0,,2025-12-31,1089.6200000000001,18,2025-07-13,2022-07-19,60.53,1,25.3,0,171.0,1,80.0
C000809,2023-07-14,SMB,North America,Starter,Paid Search,9,51.4,901,2.0,1,24.4,0.302,0,0,,2025-12-31,1063.24,20,2025-12-28,2023-08-11,53.16,1,10.9,0,3.0,1,46.8
C000810,2025-11-26,Enterprise,LATAM,Starter,Organic,64,59.01,35,12.0,2,52.1,0.429,0,0,,2025-12-31,175.51,3,2025-12-24,2025-12-04,58.5,2,20.0,0,7.0,1,60.8
C000811,2022-03-05,Startup,APAC,Pro,Organic,7,170.3,1397,13.0,0,10.6,0.714,2,0,,2025-12-31,5823.31,36,2025-12-14,2022-05-02,161.76,0,0.0,0,17.0,1,65.1
C000812,2025-06-11,Startup,North America,Pro,Paid Search,1,161.84,203,15.0,1,48.3,0.56,0,0,,2025-12-31,420.6,3,2025-12-02,2025-08-05,140.2,2,7.8,0,29.0,1,68.5
C000813,2024-09-05,SMB,North America,Free,Partner,11,0.0,482,24.0,0,49.5,0.357,2,0,,2025-12-31,66.88,12,2025-10-17,2024-09-22,5.57,0,0.0,0,75.0,0,68.1
C000814,2023-02-10,SMB,North America,Business,Organic,6,409.74,1055,16.0,0,40.3,0.302,2,0,,2025-12-31,6597.12,16,2025-12-08,2023-02-15,412.32,2,51.8,0,23.0,1,58.4
C000815,2025-01-17,Mid-Market,North America,Starter,Organic,34,59.05,348,10.0,2,35.8,0.531,0,0,,2025-12-31,746.3199999999999,11,2025-12-30,2025-04-12,67.85,2,30.4,0,1.0,1,60.4
C000816,2025-04-11,Enterprise,Europe,Starter,Partner,340,59.05,264,11.0,0,38.4,0.614,0,0,,2025-12-31,208.96,3,2025-12-19,2025-09-17,69.65,1,19.4,0,12.0,1,67.1
C000817,2022-03-03,SMB,LATAM,Starter,Organic,5,51.43,1399,17.0,1,12.2,0.772,1,0,,2025-12-31,1625.43,33,2025-11-15,2022-04-07,49.26,1,6.5,0,46.0,1,71.1
C000818,2022-06-02,Enterprise,APAC,Starter,Sales,235,55.14,1308,8.0,0,8.1,0.141,0,0,,2025-12-31,1043.54,19,2025-10-12,2022-07-04,54.92,0,0.0,0,80.0,1,47.2
C000819,2024-08-10,Enterprise,North America,Business,Paid Search,408,426.24,508,19.0,1,48.6,0.138,0,0,,2025-12-31,6674.17,15,2025-12-12,2024-08-28,444.94,1,10.1,0,19.0,1,59.5
C000820,2025-11-29,Mid-Market,Europe,Free,Organic,50,0.0,32,10.0,1,25.8,0.509,0,0,,2025-12-31,0.0,2,2025-12-28,2025-12-14,0.0,3,19.4,0,3.0,0,60.3
C000821,2022-02-04,Enterprise,North America,Starter,Sales,236,60.89,1426,1.0,2,46.3,0.573,0,0,,2025-12-31,1931.23,31,2025-12-22,2022-02-07,62.3,2,28.2,0,9.0,1,54.7
C000822,2024-08-09,SMB,Europe,Free,Partner,22,0.0,509,14.0,0,73.8,0.851,0,0,,2025-12-31,80.01,9,2025-12-01,2024-09-05,8.89,1,13.6,0,30.0,0,80.4
C000823,2022-07-15,SMB,North America,Business,Referral,18,485.79,1265,7.0,1,23.6,0.676,1,0,,2025-12-31,12496.91,26,2025-12-15,2022-09-27,480.65,2,14.8,0,16.0,1,60.4
C000824,2024-07-18,Startup,LATAM,Enterprise,Paid Search,2,1330.39,531,10.0,1,20.0,0.409,1,0,,2025-12-31,14766.900000000001,12,2025-12-20,2024-08-26,1230.58,2,11.6,0,11.0,1,54.7
C000825,2024-06-10,SMB,APAC,Pro,Paid Search,10,171.27,569,3.4,0,26.9,0.38,0,1,2025-08-20,2025-12-31,1172.46,7,2025-08-19,2024-09-10,167.49,0,0.0,0,134.0,0,52.1
C000826,2022-05-10,Startup,North America,Pro,Partner,6,154.96,1331,3.0,1,36.0,0.257,0,0,,2025-12-31,3641.19,24,2025-09-19,2022-05-30,151.72,1,5.2,0,103.0,1,47.5
C000827,2024-08-31,SMB,APAC,Enterprise,Paid Search,21,1262.74,487,5.0,1,50.4,0.71,1,1,2025-05-14,2025-12-31,5383.0599999999995,5,2025-01-24,2024-09-06,1076.61,3,13.1,0,341.0,0,62.3
C000828,2025-07-06,Startup,Europe,Starter,Partner,5,48.72,178,25.0,2,34.3,0.409,1,0,,2025-12-31,62.56,2,2025-10-19,2025-09-03,31.28,3,17.5,0,73.0,1,68.0
C000829,2025-05-19,SMB,APAC,Free,Organic,8,0.0,226,8.0,2,87.0,0.337,0,0,,2025-12-31,14.89,4,2025-12-04,2025-09-15,3.72,2,21.8,0,27.0,0,58.0
C000830,2022-02-11,Mid-Market,Europe,Pro,Paid Search,78,166.79,1419,20.0,2,45.5,0.425,0,0,,2025-12-31,5289.0,33,2025-12-04,2022-02-19,160.27,2,75.4,0,27.0,1,67.2
C000831,2022-12-18,Startup,North America,Starter,Organic,6,51.54,1109,11.0,0,54.5,0.287,0,0,,2025-12-31,845.61,16,2025-12-03,2023-04-30,52.85,0,0.0,0,28.0,1,58.9
C000832,2022-12-11,Mid-Market,Europe,Pro,Referral,17,143.59,1116,1.0,0,34.1,0.224,0,0,,2025-12-31,2506.0,17,2025-11-10,2022-12-16,147.41,0,0.0,0,51.0,1,46.0
C000833,2023-10-11,Enterprise,North America,Pro,Paid Search,379,163.68,812,23.0,0,60.3,0.551,1,0,,2025-12-31,2581.73,16,2025-10-03,2023-11-17,161.36,0,0.0,0,89.0,1,76.1
C000834,2022-07-24,Mid-Market,Europe,Starter,Sales,31,52.35,1256,25.0,0,29.9,0.469,0,0,,2025-12-31,1387.64,25,2025-11-24,2022-10-25,55.51,1,8.4,0,37.0,1,74.4
C000835,2025-05-06,Mid-Market,North America,Pro,Organic,65,163.46,239,6.0,2,18.9,0.347,0,0,,2025-12-31,1471.72,10,2025-12-27,2025-06-01,147.17,2,13.8,0,4.0,1,49.7
C000836,2025-01-15,Mid-Market,APAC,Starter,Paid Search,28,45.33,350,4.0,1,57.6,0.498,1,0,,2025-12-31,202.03,4,2025-08-16,2025-01-28,50.51,1,20.2,0,137.0,1,55.8
C000837,2025-03-01,SMB,APAC,Free,Paid Search,10,0.0,305,26.0,2,33.6,0.241,0,0,,2025-12-31,39.62,5,2025-12-26,2025-07-26,7.92,2,19.6,0,5.0,0,65.8
C000838,2022-10-11,Startup,North America,Business,Partner,1,461.36,1177,2.0,1,41.1,0.377,1,0,,2025-12-31,8973.8,19,2025-08-13,2022-11-01,472.31,2,18.3,0,140.0,1,48.7
C000839,2022-01-21,Mid-Market,Europe,Pro,Referral,30,144.35,1440,24.0,0,59.5,0.346,2,0,,2025-12-31,5224.24,32,2025-11-28,2022-02-02,163.26,0,0.0,0,33.0,1,68.8
C000840,2025-07-26,SMB,APAC,Free,Paid Search,7,0.0,158,0.9,2,38.5,0.266,1,1,2025-11-17,2025-12-31,8.64,2,2025-11-03,2025-08-11,4.32,2,12.0,1,58.0,0,42.6
C000841,2023-02-18,Mid-Market,North America,Free,Paid Search,56,0.0,1047,24.0,1,31.3,0.22,2,0,,2025-12-31,79.48,15,2025-10-10,2023-02-25,5.3,1,12.2,0,82.0,0,60.7
C000842,2024-07-27,Startup,Europe,Free,Referral,2,0.0,522,7.9,2,21.6,0.426,0,1,2025-08-29,2025-12-31,21.64,5,2025-05-26,2024-11-23,4.33,3,20.4,0,219.0,0,54.0
C000843,2025-07-24,Mid-Market,Europe,Free,Organic,19,0.0,160,6.0,0,61.5,0.451,0,0,,2025-12-31,26.79,3,2025-11-24,2025-10-05,8.93,1,9.8,0,37.0,0,60.0
C000844,2022-02-21,Enterprise,North America,Free,Partner,350,0.0,1409,6.0,0,26.5,0.512,0,0,,2025-12-31,163.57,26,2025-12-26,2022-02-28,6.29,0,0.0,0,5.0,0,58.4
C000845,2022-01-08,SMB,APAC,Starter,Referral,14,56.99,1453,2.0,0,33.7,0.598,0,0,,2025-12-31,1251.58,23,2025-06-07,2022-01-13,54.42,1,16.2,0,207.0,1,58.1
C000846,2022-01-08,SMB,Europe,Business,Organic,15,369.08,1453,22.0,5,42.2,0.187,1,0,,2025-12-31,9807.83,26,2025-11-09,2022-01-18,377.22,5,9.1,1,52.0,1,55.0
C000847,2022-08-12,SMB,Europe,Business,Partner,19,360.32,1237,9.0,2,42.1,0.61,0,0,,2025-12-31,10919.4,29,2025-11-11,2022-09-28,376.53,2,10.0,0,50.0,1,62.5
C000848,2022-03-15,SMB,North America,Business,Referral,23,473.64,1387,18.0,1,60.3,0.55,0,0,,2025-12-31,10079.25,22,2025-12-26,2022-06-05,458.15,1,14.0,0,5.0,1,72.1
C000849,2025-03-18,SMB,North America,Pro,Organic,24,147.07,288,17.0,1,33.3,0.23,1,0,,2025-12-31,567.9,5,2025-12-04,2025-05-10,113.58,1,15.5,0,27.0,1,56.9
C000850,2024-05-16,Mid-Market,North America,Pro,Paid Search,15,143.86,594,14.0,1,69.4,0.614,1,0,,2025-12-31,2144.47,15,2025-12-20,2024-05-25,142.96,1,9.6,0,11.0,1,69.4
C000851,2025-11-02,Enterprise,LATAM,Business,Paid Search,199,487.03,59,6.0,1,28.8,0.699,0,0,,2025-12-31,946.4200000000001,2,2025-12-24,2025-11-15,473.21,2,6.0,0,7.0,1,62.7
C000852,2025-02-20,Enterprise,APAC,Business,Referral,172,412.77,314,10.0,2,44.3,0.291,2,0,,2025-12-31,2763.1800000000003,6,2025-12-22,2025-03-02,460.53,2,9.1,0,9.0,1,50.1
C000853,2025-10-09,Enterprise,APAC,Business,Partner,228,441.4,83,14.0,1,30.4,0.506,0,0,,2025-12-31,379.52,1,2025-10-24,2025-10-24,379.52,2,19.2,0,68.0,1,64.2
C000854,2022-12-08,Mid-Market,North America,Business,Paid Search,60,486.9,1119,2.0,0,87.3,0.578,0,0,,2025-12-31,7026.93,15,2025-12-30,2022-12-13,468.46,0,0.0,0,1.0,1,62.9
C000855,2023-02-16,SMB,Europe,Business,Paid Search,16,446.1,1049,11.0,0,26.2,0.592,0,0,,2025-12-31,7455.68,16,2025-12-11,2023-03-02,465.98,0,0.0,0,20.0,1,65.2
C000856,2025-04-29,Mid-Market,APAC,Pro,Organic,74,158.74,246,19.0,2,28.5,0.717,1,0,,2025-12-31,925.9200000000001,6,2025-11-30,2025-05-31,154.32,4,7.1,0,31.0,1,71.3
C000857,2022-12-17,SMB,Europe,Starter,Organic,20,52.02,1110,11.0,2,37.9,0.677,1,0,,2025-12-31,1432.1100000000001,27,2025-12-30,2023-01-12,53.04,3,10.7,0,1.0,1,63.9
C000858,2022-03-23,SMB,North America,Free,Organic,13,0.0,1379,11.0,2,28.3,0.473,0,0,,2025-12-31,215.53,37,2025-11-22,2022-05-04,5.83,3,8.2,0,39.0,0,58.8
C000859,2024-08-14,SMB,APAC,Starter,Organic,18,57.44,504,23.0,0,42.9,0.795,0,0,,2025-12-31,365.44,7,2025-10-06,2024-10-13,52.21,2,18.0,1,86.0,1,83.7
C000860,2025-02-19,SMB,North America,Free,Organic,19,0.0,315,14.0,0,65.7,0.732,0,0,,2025-12-31,31.669999999999998,5,2025-12-05,2025-02-23,6.33,2,12.4,0,26.0,0,76.0
C000861,2025-10-16,Mid-Market,North America,Starter,Partner,23,57.11,76,20.0,4,38.7,0.715,0,0,,2025-12-31,102.81,2,2025-12-30,2025-11-10,51.4,5,18.0,0,1.0,1,72.2
C000862,2025-08-19,Mid-Market,LATAM,Free,Partner,62,0.0,134,0.5,2,39.6,0.502,0,1,2025-11-15,2025-12-31,17.97,1,2025-09-17,2025-09-17,17.97,3,25.7,0,105.0,0,51.5
C000863,2022-06-21,SMB,Europe,Starter,Organic,12,51.07,1289,25.0,1,29.3,0.811,0,0,,2025-12-31,1093.22,21,2025-09-26,2022-07-02,52.06,2,11.6,0,96.0,1,83.1
C000864,2025-01-09,SMB,North America,Enterprise,Partner,22,1092.23,356,12.7,0,22.4,0.143,1,1,2025-08-09,2025-12-31,3566.19,3,2025-07-26,2025-04-16,1188.73,0,0.0,0,158.0,0,50.9
C000865,2025-04-24,Mid-Market,Europe,Starter,Organic,31,58.52,251,23.0,0,37.4,0.25,0,0,,2025-12-31,206.15,4,2025-12-10,2025-07-24,51.54,0,0.0,0,21.0,1,66.8
C000866,2024-09-25,Mid-Market,LATAM,Starter,Paid Search,69,49.03,462,19.0,2,35.2,0.327,0,0,,2025-12-31,409.56,8,2025-12-24,2024-11-03,51.2,2,7.3,0,7.0,1,62.3
C000867,2025-03-18,SMB,North America,Starter,Sales,6,47.19,288,9.6,5,64.3,0.156,2,1,2025-06-22,2025-12-31,100.21000000000001,3,2025-06-05,2025-03-24,33.4,5,11.2,1,209.0,0,43.2
C000868,2025-04-13,SMB,APAC,Starter,Paid Search,20,49.45,262,14.0,2,11.0,0.293,1,0,,2025-12-31,225.52,5,2025-10-24,2025-06-18,45.1,2,7.3,0,68.0,1,52.4
C000869,2023-10-01,Mid-Market,North America,Pro,Organic,19,180.11,822,17.0,0,71.4,0.503,2,0,,2025-12-31,2375.0299999999997,13,2025-12-14,2024-06-20,182.69,1,32.0,0,17.0,1,68.4
C000870,2022-02-27,SMB,North America,Pro,Paid Search,13,163.69,1403,13.0,2,31.3,0.035,0,0,,2025-12-31,4917.72,28,2025-11-23,2022-06-16,175.63,3,6.9,0,38.0,1,47.8
C000871,2023-10-15,Startup,Europe,Free,Partner,5,0.0,808,20.0,1,38.7,0.334,1,0,,2025-12-31,28.38,17,2025-12-31,2023-10-20,1.67,1,9.5,0,0.0,0,63.2
C000872,2022-10-16,Enterprise,Europe,Pro,Organic,338,148.23,1172,9.0,1,8.4,0.911,0,0,,2025-12-31,3823.17,26,2025-12-29,2022-12-28,147.05,1,48.2,0,2.0,1,69.7
C000873,2022-06-12,Startup,North America,Free,Sales,1,0.0,1298,21.0,2,49.0,0.336,0,0,,2025-12-31,89.32,18,2025-11-10,2022-10-29,4.96,5,16.2,1,51.0,0,65.7
C000874,2022-06-28,Mid-Market,Europe,Pro,Paid Search,71,149.22,1282,9.0,4,11.0,0.491,0,0,,2025-12-31,4122.62,27,2025-12-29,2022-08-05,152.69,4,14.8,0,2.0,1,52.9
C000875,2024-09-24,SMB,Europe,Enterprise,Organic,18,1086.98,463,13.0,0,44.3,0.837,0,0,,2025-12-31,12395.11,10,2025-12-20,2024-10-11,1239.51,1,10.5,0,11.0,1,76.1
C000876,2023-12-23,SMB,Europe,Enterprise,Paid Search,12,1320.53,739,1.0,0,41.9,0.477,0,0,,2025-12-31,24764.06,20,2025-12-25,2024-02-02,1238.2,0,0.0,0,6.0,1,54.4
C000877,2024-02-11,Enterprise,APAC,Starter,Partner,403,46.82,689,25.0,2,26.9,0.207,0,0,,2025-12-31,552.97,12,2025-11-23,2024-05-13,46.08,2,15.2,0,38.0,1,63.2
C000878,2024-12-01,Startup,APAC,Business,Paid Search,1,449.37,395,19.0,2,-16.6,0.759,0,0,,2025-12-31,1563.48,3,2025-12-29,2025-02-25,521.16,3,17.9,0,2.0,1,70.1
C000879,2024-02-24,SMB,Europe,Business,Sales,6,434.13,676,6.0,0,89.0,0.449,1,0,,2025-12-31,6578.48,15,2025-10-30,2024-05-04,438.57,0,0.0,0,62.0,1,60.7
C000880,2024-06-19,Startup,Europe,Business,Sales,7,419.63,560,1.0,0,8.6,0.171,1,0,,2025-12-31,4925.01,13,2025-12-15,2024-07-25,378.85,0,0.0,0,16.0,1,39.9
C000881,2022-05-04,Mid-Market,Europe,Starter,Organic,46,51.92,1337,23.0,2,41.8,0.454,1,0,,2025-12-31,1227.58,26,2025-11-05,2022-06-01,47.21,2,13.0,1,56.0,1,68.3
C000882,2025-05-02,Startup,Europe,Pro,Organic,6,151.85,243,0.0,1,16.8,0.112,0,1,2025-07-29,2025-12-31,764.46,5,2025-07-26,2025-05-12,152.89,1,18.3,0,158.0,0,38.5
C000883,2023-10-04,Startup,North America,Starter,Paid Search,4,47.75,819,13.0,0,61.2,0.082,0,0,,2025-12-31,797.61,18,2025-07-29,2023-10-13,44.31,2,4.8,0,155.0,1,55.2
C000884,2022-08-10,SMB,North America,Free,Partner,13,0.0,1239,0.0,2,25.5,0.529,1,0,,2025-12-31,83.86,18,2025-12-30,2022-09-06,4.66,2,14.2,0,1.0,0,48.4
C000885,2025-03-09,Mid-Market,North America,Pro,Partner,25,163.83,297,19.0,1,16.2,0.214,0,0,,2025-12-31,1501.49,9,2025-12-10,2025-04-28,166.83,1,4.9,0,21.0,1,58.5
C000886,2024-11-16,SMB,North America,Starter,Organic,12,48.64,410,5.0,1,49.9,0.746,0,0,,2025-12-31,421.93,9,2025-09-30,2024-12-08,46.88,1,23.1,0,92.0,1,65.3
C000887,2022-03-17,SMB,LATAM,Starter,Sales,21,59.07,1385,11.0,4,3.2,0.432,0,0,,2025-12-31,1570.16,26,2025-10-03,2022-04-28,60.39,5,13.7,0,89.0,1,52.1
C000888,2022-10-04,Startup,Europe,Business,Paid Search,5,398.58,1184,15.0,1,24.7,0.305,0,0,,2025-12-31,8457.59,23,2025-12-10,2022-10-14,367.72,2,31.8,0,21.0,1,58.5
C000889,2022-01-23,SMB,Europe,Pro,Referral,18,168.4,1438,10.0,2,52.3,0.693,0,0,,2025-12-31,4918.61,28,2025-12-07,2022-05-03,175.66,2,23.8,0,24.0,1,66.9
C000890,2023-01-23,Mid-Market,Europe,Enterprise,Referral,53,1275.0,1073,19.0,1,72.7,0.249,0,0,,2025-12-31,26832.78,21,2025-11-30,2023-03-17,1277.75,2,3.4,1,31.0,1,65.2
C000891,2022-05-23,Mid-Market,Europe,Business,Organic,57,381.16,1318,14.0,0,10.9,0.371,0,0,,2025-12-31,9813.46,27,2025-10-31,2022-07-17,363.46,0,0.0,0,61.0,1,59.7
C000892,2024-10-12,SMB,Europe,Business,Organic,23,476.4,445,11.0,2,19.7,0.564,0,0,,2025-12-31,4415.69,8,2025-12-23,2024-12-03,551.96,3,22.9,0,8.0,1,60.7
C000893,2024-01-18,Startup,Europe,Business,Organic,1,440.51,713,9.0,2,43.8,0.645,2,0,,2025-12-31,7764.47,17,2025-11-25,2024-02-23,456.73,4,37.2,0,36.0,1,59.8
C000894,2025-11-02,Enterprise,APAC,Free,Sales,318,0.0,59,11.0,3,-14.9,0.736,0,0,,2025-12-31,7.59,2,2025-11-26,2025-11-05,3.8,3,25.3,0,35.0,0,60.9
C000895,2024-12-07,SMB,North America,Free,Paid Search,6,0.0,389,8.0,1,68.9,0.684,1,0,,2025-12-31,59.79,11,2025-10-31,2024-12-20,5.44,1,31.0,0,61.0,0,66.1
C000896,2024-05-24,Startup,Europe,Enterprise,Referral,6,1378.55,586,16.0,0,10.0,0.218,0,0,,2025-12-31,13292.92,10,2025-10-14,2024-08-19,1329.29,1,14.0,0,78.0,1,56.8
C000897,2023-12-30,Enterprise,Europe,Free,Paid Search,341,0.0,732,21.0,0,24.1,0.304,0,0,,2025-12-31,79.59,16,2025-11-17,2024-01-24,4.97,1,28.1,0,44.0,0,65.3
C000898,2022-03-19,Enterprise,APAC,Starter,Paid Search,244,56.93,1383,16.0,2,41.5,0.312,2,0,,2025-12-31,1633.1200000000001,29,2025-12-14,2022-03-28,56.31,2,11.7,0,17.0,1,55.8
C000899,2022-04-11,SMB,LATAM,Pro,Sales,16,172.38,1360,0.0,0,36.3,0.759,0,0,,2025-12-31,3461.42,21,2025-11-26,2022-07-21,164.83,0,0.0,0,35.0,1,61.4
C000900,2024-05-31,SMB,APAC,Starter,Paid Search,12,48.69,579,23.0,3,10.9,0.652,0,0,,2025-12-31,739.92,15,2025-12-16,2024-06-26,49.33,4,15.0,0,15.0,1,71.7
C000901,2022-01-07,Enterprise,Europe,Starter,Referral,400,60.59,1454,22.0,1,78.0,0.481,0,0,,2025-12-31,1661.02,26,2025-11-24,2022-02-04,63.89,1,19.3,0,37.0,1,75.4
C000902,2022-03-02,Startup,North America,Pro,Paid Search,7,174.15,1400,22.0,1,-29.4,0.109,1,0,,2025-12-31,5382.71,31,2025-12-11,2022-05-15,173.64,1,9.9,0,20.0,1,51.5
C000903,2022-11-10,SMB,Europe,Starter,Organic,19,45.05,1147,1.0,3,6.9,0.299,0,0,,2025-12-31,903.3,21,2025-08-08,2022-11-19,43.01,5,11.9,1,145.0,1,41.1
C000904,2025-06-18,Startup,APAC,Pro,Organic,2,171.19,196,23.0,2,19.1,0.851,2,0,,2025-12-31,949.45,6,2025-11-21,2025-07-01,158.24,3,20.7,0,40.0,1,76.0
C000905,2023-10-19,Startup,LATAM,Free,Organic,4,0.0,804,13.0,1,11.3,0.679,0,0,,2025-12-31,67.09,21,2025-10-09,2023-10-23,3.19,1,2.4,0,83.0,0,66.6
C000906,2024-10-11,Startup,APAC,Pro,Referral,7,149.91,446,23.0,0,65.5,0.288,0,0,,2025-12-31,689.51,5,2025-10-02,2025-01-14,137.9,0,0.0,0,90.0,1,70.7
C000907,2023-08-12,SMB,North America,Starter,Paid Search,13,57.62,872,21.0,0,-6.5,0.076,1,0,,2025-12-31,816.37,16,2025-12-25,2023-08-14,51.02,0,0.0,0,6.0,1,53.4
C000908,2022-09-05,Mid-Market,APAC,Pro,Paid Search,56,139.52,1213,24.0,0,73.9,0.276,0,0,,2025-12-31,2657.79,20,2025-09-10,2022-10-10,132.89,0,0.0,0,112.0,1,72.1
C000909,2023-06-15,SMB,APAC,Free,Organic,17,0.0,930,0.9,2,28.0,0.164,2,1,2025-06-05,2025-12-31,31.9,16,2025-05-09,2023-09-06,1.99,2,17.7,1,236.0,0,36.5
C000910,2022-05-12,Enterprise,APAC,Starter,Partner,324,54.15,1329,15.0,1,1.0,0.397,1,0,,2025-12-31,1220.67,23,2025-12-13,2022-05-22,53.07,5,10.0,3,18.0,1,56.9
C000911,2025-01-06,SMB,APAC,Business,Referral,9,415.75,359,20.0,1,-17.5,0.41,0,0,,2025-12-31,3096.69,8,2025-11-25,2025-01-18,387.09,1,8.0,0,36.0,1,61.9
C000912,2022-09-20,Mid-Market,Europe,Starter,Partner,17,58.27,1198,16.0,1,29.6,0.365,1,0,,2025-12-31,1724.07,27,2025-11-29,2022-09-21,63.85,1,9.9,0,32.0,1,59.7
C000913,2023-06-23,SMB,Europe,Business,Sales,24,440.44,922,22.0,4,17.5,0.507,1,0,,2025-12-31,6951.54,17,2025-12-05,2023-07-20,408.91,4,12.1,0,26.0,1,63.6
C000914,2025-11-02,Enterprise,North America,Starter,Organic,397,61.37,59,20.0,6,40.9,0.231,0,0,,2025-12-31,62.32,1,2025-12-02,2025-12-02,62.32,6,13.6,0,29.0,1,54.9
C000915,2024-04-26,Mid-Market,North America,Starter,Organic,51,47.81,614,0.6,2,23.7,0.552,2,1,2024-10-04,2025-12-31,201.89,4,2024-09-11,2024-04-26,50.47,2,8.9,0,476.0,0,47.5
C000916,2023-10-18,Mid-Market,APAC,Starter,Paid Search,72,56.65,805,1.9,1,58.9,0.487,0,1,2025-02-25,2025-12-31,761.75,13,2025-02-23,2023-10-22,58.6,2,13.8,0,311.0,0,55.7
C000917,2024-02-16,SMB,LATAM,Business,Organic,14,387.11,684,17.0,2,31.4,0.36,1,0,,2025-12-31,5710.73,15,2025-10-03,2024-05-07,380.72,3,40.8,0,89.0,1,59.1
C000918,2025-01-26,SMB,APAC,Starter,Partner,12,46.28,339,10.0,1,24.4,0.863,0,0,,2025-12-31,458.8,12,2025-12-21,2025-02-08,38.23,1,25.8,0,10.0,1,70.8
C000919,2022-12-30,Enterprise,North America,Starter,Referral,159,59.94,1097,9.0,0,59.3,0.221,0,0,,2025-12-31,1666.98,27,2025-11-06,2023-02-01,61.74,0,0.0,0,55.0,1,55.6
C000920,2024-06-29,Startup,North America,Pro,Organic,3,157.33,550,25.0,2,40.7,0.675,1,0,,2025-12-31,1933.05,11,2025-12-05,2024-08-05,175.73,3,16.5,1,26.0,1,76.6
C000921,2025-06-01,Startup,North America,Starter,Sales,2,44.71,213,2.0,1,54.4,0.251,0,0,,2025-12-31,213.42000000000002,5,2025-10-17,2025-06-23,42.68,2,28.2,0,75.0,1,48.3
C000922,2024-03-29,Mid-Market,APAC,Business,Organic,50,435.75,642,14.0,1,63.7,0.282,1,0,,2025-12-31,7040.98,15,2025-12-11,2024-04-23,469.4,1,13.5,0,20.0,1,58.8
C000923,2023-10-01,SMB,Europe,Enterprise,Partner,7,1305.28,822,8.0,1,27.7,0.273,1,0,,2025-12-31,24064.68,17,2025-11-29,2023-11-02,1415.57,1,29.9,0,32.0,1,49.6
C000924,2022-07-27,SMB,LATAM,Pro,Paid Search,17,176.4,1253,1.0,2,36.0,0.468,1,0,,2025-12-31,3195.2,20,2025-12-18,2022-07-27,159.76,2,15.2,0,13.0,1,48.5
C000925,2022-12-22,Mid-Market,North America,Pro,Partner,33,144.7,1105,10.0,1,56.1,0.478,0,0,,2025-12-31,3613.48,24,2025-12-31,2023-04-06,150.56,1,17.5,1,0.0,1,62.4
C000926,2025-09-14,SMB,Europe,Starter,Organic,11,46.61,108,11.0,1,-26.3,0.588,0,0,,2025-12-31,160.64,3,2025-12-27,2025-09-16,53.55,2,7.2,0,4.0,1,58.3
C000927,2024-02-14,Enterprise,APAC,Enterprise,Sales,241,1419.69,686,8.3,0,32.5,0.193,0,1,2025-07-30,2025-12-31,21611.19,14,2025-05-10,2024-02-23,1543.66,1,43.8,0,235.0,0,51.5
C000928,2023-03-07,Startup,North America,Pro,Sales,7,150.62,1030,4.0,0,29.4,0.477,0,0,,2025-12-31,2763.89,18,2025-09-21,2023-04-14,153.55,0,0.0,0,101.0,1,55.8
C000929,2023-08-22,Startup,LATAM,Starter,Paid Search,5,54.01,862,20.0,0,44.4,0.228,0,0,,2025-12-31,837.35,15,2025-11-03,2023-12-12,55.82,0,0.0,0,58.0,1,64.1
C000930,2024-04-06,Startup,Europe,Enterprise,Paid Search,4,1126.91,634,9.0,4,15.0,0.029,0,0,,2025-12-31,10719.79,10,2025-09-28,2024-06-01,1071.98,4,32.4,0,94.0,1,39.4
C000931,2024-02-08,SMB,North America,Enterprise,Partner,11,1311.66,692,16.0,2,62.4,0.416,0,0,,2025-12-31,25987.64,19,2025-12-08,2024-02-10,1367.77,3,28.7,0,23.0,1,65.0
C000932,2024-09-27,SMB,North America,Starter,Partner,14,47.05,460,15.0,3,16.6,0.58,0,0,,2025-12-31,633.3,13,2025-12-28,2024-10-01,48.72,3,8.9,0,3.0,1,63.0
C000933,2023-01-04,Startup,APAC,Starter,Paid Search,3,49.13,1092,15.0,2,23.5,0.487,0,0,,2025-12-31,1371.06,27,2025-10-13,2023-01-21,50.78,3,6.3,0,79.0,1,62.4
C000934,2024-07-17,Mid-Market,Europe,Pro,Partner,26,178.19,532,14.0,2,18.4,0.863,0,0,,2025-12-31,1416.19,7,2025-11-06,2024-08-01,202.31,2,14.0,0,55.0,1,72.2
C000935,2023-09-26,Enterprise,APAC,Business,Referral,308,407.78,827,8.0,3,65.7,0.537,0,0,,2025-12-31,7009.110000000001,16,2025-10-06,2023-09-26,438.07,3,10.8,0,86.0,1,60.3
C000936,2025-09-07,SMB,APAC,Pro,Partner,16,144.16,115,13.0,1,-17.1,0.223,0,0,,2025-12-31,226.76,2,2025-11-29,2025-09-16,113.38,1,43.9,0,32.0,1,50.1
C000937,2022-08-14,Mid-Market,Europe,Starter,Organic,16,54.91,1235,14.0,1,79.7,0.324,0,0,,2025-12-31,1287.27,22,2025-10-29,2022-09-19,58.51,1,41.0,0,63.0,1,63.7
C000938,2022-08-01,Mid-Market,APAC,Starter,Sales,63,48.94,1248,0.0,1,71.8,0.212,0,0,,2025-12-31,1285.34,26,2025-09-17,2022-08-06,49.44,1,9.0,0,105.0,1,47.0
C000939,2023-10-23,Enterprise,LATAM,Starter,Organic,394,55.8,800,13.1,1,20.9,0.287,0,1,2025-02-11,2025-12-31,494.46999999999997,10,2025-02-01,2024-01-02,49.45,1,9.3,0,333.0,0,55.9
C000940,2023-12-28,SMB,North America,Free,Organic,3,0.0,734,3.2,0,60.7,0.215,1,1,2025-01-14,2025-12-31,65.44999999999999,10,2024-12-28,2024-01-24,6.54,0,0.0,0,368.0,0,48.4
C000941,2024-09-14,Mid-Market,APAC,Business,Sales,21,469.93,473,8.0,2,38.3,0.246,0,0,,2025-12-31,6085.51,12,2025-11-19,2024-10-05,507.13,4,17.0,0,42.0,1,50.4
C000942,2023-08-01,Mid-Market,North America,Free,Organic,63,0.0,883,0.0,1,76.3,0.556,0,0,,2025-12-31,39.44,14,2025-09-09,2023-10-05,2.82,1,21.5,0,113.0,0,57.8
C000943,2025-07-30,Enterprise,North America,Starter,Organic,108,60.52,154,8.0,2,58.8,0.281,0,0,,2025-12-31,70.47,1,2025-07-31,2025-07-31,70.47,2,14.3,0,153.0,1,53.5
C000944,2023-11-10,Mid-Market,Europe,Business,Partner,63,454.84,782,11.0,2,89.8,0.181,1,0,,2025-12-31,9588.27,22,2025-12-22,2023-12-16,435.83,4,12.4,1,9.0,1,54.2
C000945,2022-07-04,Startup,APAC,Starter,Referral,4,56.01,1276,23.0,0,-4.1,0.637,1,0,,2025-12-31,1304.92,24,2025-12-31,2022-12-15,54.37,0,0.0,0,0.0,1,72.2
C000946,2022-06-20,Mid-Market,North America,Starter,Organic,50,52.03,1290,18.0,0,39.8,0.207,0,0,,2025-12-31,1870.92,34,2025-12-20,2022-06-21,55.03,2,7.9,0,11.0,1,61.3
C000947,2025-10-23,SMB,Europe,Enterprise,Paid Search,12,1126.08,69,11.0,2,-8.1,0.827,0,0,,2025-12-31,2621.9700000000003,2,2025-12-30,2025-10-26,1310.98,2,14.8,0,1.0,1,65.8
C000948,2022-07-11,SMB,APAC,Free,Organic,8,0.0,1269,3.0,1,22.0,0.638,0,0,,2025-12-31,158.71,27,2025-12-28,2022-09-13,5.88,3,20.0,0,3.0,0,57.5
C000949,2025-09-17,Mid-Market,North America,Business,Paid Search,29,414.95,105,7.0,0,91.2,0.279,0,0,,2025-12-31,1006.36,2,2025-11-13,2025-11-09,503.18,1,10.1,0,48.0,1,58.7
C000950,2023-02-02,Startup,APAC,Free,Paid Search,3,0.0,1063,25.0,3,46.7,0.588,0,0,,2025-12-31,101.32,18,2025-11-23,2023-03-30,5.63,3,24.2,0,38.0,0,75.1
C000951,2022-05-14,SMB,LATAM,Starter,Organic,9,49.66,1327,3.0,0,59.6,0.293,0,0,,2025-12-31,1353.74,27,2025-11-30,2022-10-02,50.14,1,26.5,0,31.0,1,52.4
C000952,2023-03-12,SMB,North America,Pro,Sales,22,138.21,1025,17.0,2,47.8,0.289,0,0,,2025-12-31,2707.08,21,2025-10-22,2023-04-09,128.91,3,11.1,0,70.0,1,60.6
C000953,2024-05-29,Enterprise,North America,Starter,Partner,278,49.94,581,14.0,0,46.3,0.329,0,0,,2025-12-31,250.82,6,2025-08-21,2024-09-10,41.8,0,0.0,0,132.0,1,62.0
C000954,2023-09-04,Enterprise,LATAM,Pro,Referral,304,188.67,849,6.0,3,21.9,0.431,1,0,,2025-12-31,3060.73,16,2025-10-01,2023-09-19,191.3,3,17.4,0,91.0,1,49.0
C000955,2025-01-28,Startup,North America,Starter,Sales,7,52.51,337,24.0,2,17.3,0.449,0,0,,2025-12-31,424.21999999999997,8,2025-12-05,2025-03-24,53.03,3,13.1,0,26.0,1,68.6
C000956,2024-05-23,SMB,North America,Pro,Sales,17,158.08,587,11.0,0,21.3,0.278,1,0,,2025-12-31,1147.69,8,2025-11-16,2024-08-10,143.46,0,0.0,0,45.0,1,53.3
C000957,2023-07-28,Startup,LATAM,Free,Referral,7,0.0,887,18.0,2,-33.3,0.494,0,0,,2025-12-31,94.28999999999999,21,2025-11-11,2023-08-22,4.49,2,12.8,0,50.0,0,59.6
C000958,2024-06-26,Startup,APAC,Business,Paid Search,6,461.37,553,0.6,1,32.9,0.086,1,1,2025-01-03,2025-12-31,1968.23,5,2025-01-03,2024-07-18,393.65,3,11.3,0,362.0,0,37.9
C000959,2025-10-21,Enterprise,Europe,Pro,Referral,84,185.8,71,27.0,1,41.0,0.368,0,0,,2025-12-31,130.02,1,2025-11-28,2025-11-28,130.02,1,32.4,0,33.0,1,72.7
C000960,2023-08-12,SMB,Europe,Pro,Paid Search,16,136.84,872,0.0,2,19.5,0.48,0,0,,2025-12-31,2592.53,18,2025-10-07,2023-08-29,144.03,3,32.5,0,85.0,1,48.4
C000961,2022-08-08,SMB,LATAM,Free,Organic,6,0.0,1241,4.2,1,31.7,0.318,0,1,2023-01-05,2025-12-31,7.28,4,2022-12-09,2022-09-15,1.82,1,16.5,0,1118.0,0,50.0
C000962,2023-08-08,SMB,Europe,Pro,Paid Search,18,179.52,876,25.0,0,48.1,0.604,0,0,,2025-12-31,3279.02,18,2025-12-10,2023-08-26,182.17,2,11.6,0,21.0,1,80.3
C000963,2025-04-16,Enterprise,Europe,Pro,Paid Search,468,188.92,259,17.0,0,57.1,0.753,0,0,,2025-12-31,673.0,4,2025-09-24,2025-05-11,168.25,1,59.8,0,98.0,1,78.5
C000964,2022-11-08,Mid-Market,APAC,Starter,Paid Search,21,54.43,1149,18.0,2,5.1,0.783,0,0,,2025-12-31,812.6,15,2025-12-11,2023-01-28,54.17,2,21.0,0,20.0,1,72.1
C000965,2025-09-19,SMB,Europe,Pro,Referral,18,159.8,103,3.6,3,15.1,0.368,0,1,2025-10-29,2025-12-31,180.56,1,2025-10-16,2025-10-16,180.56,4,23.2,0,76.0,0,46.3
C000966,2024-04-21,SMB,Europe,Free,Paid Search,21,0.0,619,21.0,4,53.8,0.664,0,0,,2025-12-31,35.629999999999995,9,2025-10-04,2024-06-12,3.96,4,15.4,1,88.0,0,73.1
C000967,2024-05-10,SMB,North America,Starter,Organic,24,52.83,600,26.0,2,49.7,0.487,1,0,,2025-12-31,575.01,11,2025-12-22,2024-07-22,52.27,3,17.6,0,9.0,1,72.8
C000968,2023-03-30,Mid-Market,Europe,Business,Organic,42,476.72,1007,17.0,3,68.6,0.343,0,0,,2025-12-31,6261.75,13,2025-08-20,2023-03-31,481.67,3,8.9,1,133.0,1,62.8
C000969,2025-08-09,Mid-Market,Europe,Free,Referral,74,0.0,144,6.0,2,67.6,0.174,0,0,,2025-12-31,19.97,4,2025-10-29,2025-09-04,4.99,4,21.4,0,63.0,0,49.3
C000970,2022-02-21,Startup,North America,Starter,Paid Search,6,45.61,1409,25.0,0,95.4,0.281,0,0,,2025-12-31,1268.42,27,2025-12-17,2022-02-28,46.98,0,0.0,0,14.0,1,75.3
C000971,2023-03-04,SMB,Europe,Pro,Paid Search,3,167.47,1033,0.0,0,27.7,0.647,2,0,,2025-12-31,3490.73,19,2025-09-10,2023-04-17,183.72,1,12.3,0,112.0,1,53.2
C000972,2023-08-22,SMB,APAC,Pro,Referral,21,180.48,862,25.0,1,74.5,0.407,0,0,,2025-12-31,1967.26,11,2025-12-18,2023-11-08,178.84,1,11.1,0,13.0,1,75.5
C000973,2023-11-14,SMB,Europe,Free,Referral,22,0.0,778,0.0,0,12.0,0.251,0,0,,2025-12-31,69.79,14,2025-05-19,2023-11-20,4.99,0,0.0,0,226.0,0,43.7
C000974,2023-11-10,SMB,North America,Free,Paid Search,4,0.0,782,1.0,2,94.9,0.334,0,0,,2025-12-31,136.78,21,2025-12-06,2023-11-20,6.51,2,6.6,1,25.0,0,52.4
C000975,2022-07-31,SMB,North America,Starter,Partner,13,50.03,1249,1.0,2,46.4,0.478,0,0,,2025-12-31,1596.7,33,2025-12-23,2022-08-24,48.38,2,6.6,0,8.0,1,51.9
C000976,2022-11-19,SMB,North America,Pro,Organic,24,179.4,1138,5.0,1,48.6,0.491,1,0,,2025-12-31,4717.45,26,2025-11-22,2023-01-11,181.44,1,15.5,0,39.0,1,55.6
C000977,2022-05-17,Startup,APAC,Pro,Sales,2,133.5,1324,20.0,0,59.7,0.337,0,0,,2025-12-31,5113.8,37,2025-09-24,2022-06-09,138.21,1,10.4,0,98.0,1,68.9
C000978,2024-03-29,Startup,Europe,Pro,Partner,7,133.68,642,11.0,1,1.1,0.759,1,0,,2025-12-31,1698.39,14,2025-08-03,2024-03-31,121.31,1,13.1,0,150.0,1,64.2
C000979,2023-05-17,Startup,North America,Business,Referral,2,459.67,959,2.0,0,8.1,0.351,0,0,,2025-12-31,10803.86,22,2025-12-16,2023-06-14,491.08,0,0.0,0,15.0,1,48.1
C000980,2024-03-20,SMB,APAC,Enterprise,Organic,10,1231.03,651,9.0,1,37.9,0.385,0,0,,2025-12-31,23308.09,19,2025-12-07,2024-04-01,1226.74,1,3.9,0,24.0,1,56.9
C000981,2024-04-23,SMB,North America,Starter,Partner,9,52.42,617,27.0,0,43.6,0.685,0,0,,2025-12-31,387.3,7,2025-10-17,2024-05-01,55.33,0,0.0,0,75.0,1,84.0
C000982,2024-09-30,SMB,North America,Starter,Paid Search,12,49.23,457,14.0,3,87.1,0.094,0,0,,2025-12-31,188.85,4,2025-12-08,2024-11-20,47.21,3,20.4,0,23.0,1,54.5
C000983,2024-02-22,Startup,APAC,Starter,Paid Search,1,51.66,678,20.0,3,11.3,0.236,1,0,,2025-12-31,467.94,9,2025-06-17,2024-02-27,51.99,3,17.2,0,197.0,1,54.6
C000984,2024-07-15,SMB,Europe,Free,Partner,9,0.0,534,7.0,1,73.5,0.531,1,0,,2025-12-31,102.16,19,2025-10-10,2024-07-20,5.38,2,15.4,0,82.0,0,61.0
C000985,2024-04-19,SMB,APAC,Starter,Referral,16,44.29,621,14.0,2,28.4,0.525,1,0,,2025-12-31,434.79,9,2025-09-27,2024-06-29,48.31,3,11.0,0,95.0,1,61.1
C000986,2024-07-21,SMB,APAC,Business,Paid Search,21,382.72,528,4.5,0,28.0,0.176,0,1,2025-09-17,2025-12-31,1749.67,4,2025-08-27,2024-08-11,437.42,1,38.1,0,126.0,0,47.1
C000987,2024-05-31,SMB,LATAM,Starter,Referral,3,43.62,579,18.0,2,30.9,0.342,0,0,,2025-12-31,372.46999999999997,9,2025-06-02,2024-09-15,41.39,4,20.8,0,212.0,1,61.4
C000988,2023-03-29,SMB,North America,Free,Organic,16,0.0,1008,0.0,1,27.4,0.201,0,0,,2025-12-31,84.34,18,2025-10-18,2023-04-08,4.69,1,16.6,0,74.0,0,42.3
C000989,2022-12-19,Mid-Market,APAC,Pro,Partner,58,144.77,1108,16.0,2,47.2,0.812,0,0,,2025-12-31,2749.88,19,2025-12-13,2023-01-31,144.73,2,10.4,0,18.0,1,75.4
C000990,2025-01-31,SMB,APAC,Enterprise,Organic,9,1409.04,334,22.0,1,25.1,0.145,0,0,,2025-12-31,12001.75,9,2025-11-17,2025-04-11,1333.53,1,12.4,0,44.0,1,60.0
C000991,2023-05-06,SMB,North America,Starter,Organic,6,46.46,970,3.0,0,-0.3,0.47,0,0,,2025-12-31,913.37,19,2025-11-27,2023-07-06,48.07,0,0.0,0,34.0,1,51.7
C000992,2024-02-25,Enterprise,LATAM,Business,Sales,321,510.58,675,11.0,0,28.3,0.653,1,0,,2025-12-31,8988.01,18,2025-11-16,2024-03-06,499.33,0,0.0,0,45.0,1,65.2
C000993,2022-10-09,Startup,Europe,Business,Organic,6,464.64,1179,18.0,2,46.4,0.49,0,0,,2025-12-31,6333.81,13,2025-11-06,2023-02-26,487.22,2,12.9,0,55.0,1,67.4
C000994,2023-09-09,SMB,APAC,Starter,Sales,18,50.73,844,0.0,0,-0.1,0.772,0,0,,2025-12-31,770.97,16,2025-10-05,2023-12-11,48.19,0,0.0,0,87.0,1,58.2
C000995,2024-01-28,Mid-Market,Europe,Pro,Paid Search,48,140.11,703,19.0,1,49.5,0.478,0,0,,2025-12-31,1702.55,11,2025-12-18,2024-01-29,154.78,1,27.4,0,13.0,1,69.8
C000996,2024-06-14,Startup,Europe,Starter,Partner,7,58.15,565,23.0,2,64.5,0.724,0,0,,2025-12-31,557.75,8,2025-08-07,2024-06-14,69.72,3,12.4,0,146.0,1,80.7
C000997,2024-01-23,SMB,North America,Starter,Organic,11,55.26,708,14.0,3,72.0,0.518,0,0,,2025-12-31,650.23,12,2025-09-13,2024-04-06,54.19,5,18.4,0,109.0,1,65.7
C000998,2023-05-31,SMB,LATAM,Starter,Partner,12,48.77,945,12.0,0,43.4,0.624,0,0,,2025-12-31,739.28,14,2025-10-07,2023-06-01,52.81,1,24.2,0,85.0,1,68.8
C000999,2025-10-07,Mid-Market,Europe,Free,Sales,44,0.0,85,2.0,2,-10.1,0.444,0,0,,2025-12-31,36.78,5,2025-12-22,2025-10-07,7.36,3,7.9,0,9.0,0,46.1
C001000,2024-01-04,Startup,North America,Pro,Partner,2,169.9,727,20.0,0,51.2,0.525,0,0,,2025-12-31,2911.03,16,2025-12-07,2024-01-18,181.94,1,7.4,0,24.0,1,73.7
C001001,2025-03-01,SMB,North America,Business,Paid Search,10,453.52,305,26.0,0,59.2,0.358,0,0,,2025-12-31,2518.12,5,2025-12-18,2025-03-17,503.62,1,8.5,0,13.0,1,74.9
C001002,2024-11-19,SMB,APAC,Starter,Referral,7,46.58,407,24.0,0,17.6,0.702,0,0,,2025-12-31,407.28,8,2025-09-04,2025-01-31,50.91,1,5.4,0,118.0,1,79.2
C001003,2024-03-09,Enterprise,North America,Pro,Referral,126,149.22,662,15.0,0,33.2,0.308,2,0,,2025-12-31,1554.85,11,2025-11-12,2024-06-11,141.35,0,0.0,0,49.0,1,57.0
C001004,2025-06-21,SMB,Europe,Starter,Organic,22,56.76,193,0.0,0,47.1,0.154,0,0,,2025-12-31,226.16,5,2025-11-13,2025-09-22,45.23,0,0.0,0,48.0,1,44.3
C001005,2022-07-03,SMB,APAC,Free,Partner,18,0.0,1277,8.0,0,79.7,0.727,1,0,,2025-12-31,110.91999999999999,24,2025-10-29,2022-08-21,4.62,0,0.0,0,63.0,0,69.9
C001006,2025-08-10,SMB,North America,Pro,Partner,16,158.67,143,7.0,0,28.6,0.495,0,0,,2025-12-31,724.8199999999999,5,2025-12-28,2025-08-17,144.96,1,5.3,0,3.0,1,59.0
C001007,2025-04-30,SMB,Europe,Free,Referral,14,0.0,245,0.0,0,57.3,0.352,1,0,,2025-12-31,0.0,2,2025-08-07,2025-05-02,0.0,1,42.5,0,146.0,0,49.3
C001008,2023-12-22,Startup,North America,Business,Paid Search,3,378.72,740,3.0,2,42.9,0.251,0,0,,2025-12-31,6363.42,18,2025-10-04,2024-02-20,353.52,2,10.3,0,88.0,1,46.5
C001009,2024-11-14,SMB,LATAM,Starter,Paid Search,18,54.26,412,16.0,2,40.0,0.358,1,0,,2025-12-31,380.14,7,2025-12-19,2024-12-28,54.31,3,13.7,0,12.0,1,59.0
C001010,2024-01-14,Mid-Market,APAC,Business,Sales,70,390.49,717,2.0,1,68.3,0.536,0,0,,2025-12-31,3466.89,9,2025-11-16,2024-03-07,385.21,2,16.7,1,45.0,1,58.2
C001011,2023-01-20,Startup,North America,Starter,Partner,7,43.88,1076,1.0,1,14.2,0.61,0,0,,2025-12-31,813.74,22,2025-10-31,2023-01-22,36.99,2,49.2,0,61.0,1,54.1
C001012,2025-02-17,SMB,Europe,Starter,Paid Search,4,47.54,317,9.2,1,40.8,0.681,1,1,2025-04-25,2025-12-31,51.52,1,2025-04-01,2025-04-01,51.52,2,7.9,0,274.0,0,64.2
C001013,2022-12-18,Startup,Europe,Business,Sales,5,431.05,1109,16.0,0,35.7,0.236,0,0,,2025-12-31,10367.87,24,2025-12-24,2023-01-12,431.99,0,0.0,0,7.0,1,59.9
C001014,2023-03-26,Startup,LATAM,Pro,Organic,6,154.35,1011,22.0,1,-2.7,0.477,0,0,,2025-12-31,4480.78,29,2025-12-30,2023-03-29,154.51,1,3.8,0,1.0,1,67.2
C001015,2024-01-13,Startup,North America,Starter,Paid Search,6,57.88,718,6.0,1,65.8,0.125,0,0,,2025-12-31,879.43,14,2025-12-22,2024-02-29,62.82,1,12.2,0,9.0,1,49.2
C001016,2025-04-12,SMB,Europe,Business,Referral,17,375.78,263,10.0,3,55.7,0.343,0,0,,2025-12-31,239.17,1,2025-09-27,2025-09-27,239.17,3,11.4,1,95.0,1,55.3
C001017,2023-07-04,SMB,LATAM,Starter,Referral,7,57.59,911,17.0,1,35.8,0.495,1,0,,2025-12-31,1175.37,21,2025-09-24,2023-07-14,55.97,1,22.9,0,98.0,1,65.1
C001018,2023-12-08,Mid-Market,North America,Free,Sales,34,0.0,754,19.0,2,28.5,0.293,1,0,,2025-12-31,66.52,16,2025-12-22,2023-12-29,4.16,3,18.5,0,9.0,0,58.6
C001019,2022-03-01,SMB,Europe,Starter,Partner,12,58.36,1401,10.0,3,35.0,0.948,2,0,,2025-12-31,1556.91,27,2025-12-26,2022-08-15,57.66,3,4.6,0,5.0,1,67.4
C001020,2022-06-15,SMB,North America,Pro,Paid Search,15,142.16,1295,25.0,1,52.7,0.117,0,0,,2025-12-31,3657.03,26,2025-12-31,2023-01-27,140.66,3,16.0,0,0.0,1,64.6
C001021,2022-03-22,SMB,Europe,Pro,Paid Search,12,145.39,1380,19.0,1,36.3,0.28,0,0,,2025-12-31,3141.31,20,2025-12-25,2022-12-20,157.07,1,23.9,0,6.0,1,62.5
C001022,2022-04-14,Startup,North America,Business,Organic,6,397.3,1357,6.0,0,18.3,0.521,0,0,,2025-12-31,9722.2,25,2025-12-08,2022-04-27,388.89,0,0.0,0,23.0,1,57.8
C001023,2025-05-26,Enterprise,LATAM,Pro,Sales,423,148.22,219,2.0,0,22.1,0.541,0,0,,2025-12-31,742.0,5,2025-11-28,2025-07-26,148.4,0,0.0,0,33.0,1,55.2
C001024,2025-04-19,Mid-Market,Europe,Starter,Organic,76,48.33,256,0.0,1,34.7,0.108,1,0,,2025-12-31,405.14,8,2025-12-27,2025-05-15,50.64,1,33.9,0,4.0,1,38.2
C001025,2025-03-21,SMB,North America,Starter,Paid Search,23,50.71,285,23.0,1,11.7,0.418,2,0,,2025-12-31,220.36,4,2025-06-29,2025-04-03,55.09,2,7.0,0,185.0,1,63.7
C001026,2022-03-21,SMB,APAC,Free,Paid Search,7,0.0,1381,23.0,1,43.3,0.568,0,0,,2025-12-31,93.88,30,2025-12-16,2022-03-22,3.13,1,8.4,0,15.0,0,75.4
C001027,2022-04-22,Enterprise,APAC,Business,Organic,492,458.39,1349,13.0,1,15.2,0.549,1,0,,2025-12-31,13538.59,31,2025-09-18,2022-05-09,436.73,4,17.0,0,104.0,1,61.1
C001028,2023-02-06,Mid-Market,APAC,Free,Organic,40,0.0,1059,20.0,0,11.1,0.312,0,0,,2025-12-31,116.9,23,2025-10-27,2023-02-07,5.08,1,5.8,0,65.0,0,63.3
C001029,2024-03-19,Startup,APAC,Pro,Partner,6,168.73,652,24.0,0,100.0,0.621,0,0,,2025-12-31,2698.79,16,2025-12-04,2024-05-12,168.67,0,0.0,0,27.0,1,85.1
C001030,2023-04-23,SMB,North America,Pro,Organic,13,147.58,983,4.0,0,83.5,0.869,1,0,,2025-12-31,2016.71,15,2025-09-27,2023-05-26,134.45,0,0.0,0,95.0,1,71.0
C001031,2023-11-29,Enterprise,Europe,Business,Sales,68,463.52,763,27.0,1,38.6,0.617,1,0,,2025-12-31,6130.51,13,2025-11-02,2024-07-09,471.58,2,14.6,0,59.0,1,78.0
C001032,2022-09-05,Enterprise,North America,Free,Sales,100,0.0,1213,13.0,1,56.3,0.338,0,0,,2025-12-31,111.83,21,2025-11-22,2022-09-30,5.33,2,10.1,0,39.0,0,60.9
C001033,2024-11-11,SMB,North America,Starter,Organic,16,48.43,415,12.0,0,60.5,0.948,0,0,,2025-12-31,649.05,13,2025-11-14,2024-12-11,49.93,0,0.0,0,47.0,1,80.2
C001034,2023-03-25,Mid-Market,LATAM,Enterprise,Referral,51,1332.05,1012,4.0,0,33.1,0.179,0,0,,2025-12-31,25879.57,19,2025-11-27,2023-04-15,1362.08,1,12.5,0,34.0,1,47.3
C001035,2022-04-06,SMB,APAC,Pro,Paid Search,14,134.31,1365,18.0,1,42.1,0.641,0,0,,2025-12-31,4254.52,31,2025-12-31,2022-05-13,137.24,5,23.2,0,0.0,1,73.0
C001036,2024-11-28,SMB,North America,Pro,Organic,3,135.62,398,16.0,2,28.4,0.167,0,0,,2025-12-31,1099.63,9,2025-12-04,2024-12-16,122.18,2,4.6,0,27.0,1,54.1
C001037,2025-07-14,Mid-Market,North America,Business,Paid Search,24,484.36,170,0.0,1,66.4,0.172,0,0,,2025-12-31,2457.65,5,2025-11-25,2025-08-04,491.53,1,26.2,0,36.0,1,45.3
C001038,2022-01-21,SMB,LATAM,Enterprise,Referral,17,1253.82,1440,18.0,0,66.7,0.41,0,0,,2025-12-31,45628.68,37,2025-12-16,2022-01-21,1233.21,0,0.0,0,15.0,1,70.0
C001039,2023-09-17,Mid-Market,North America,Starter,Partner,62,58.25,836,3.0,1,74.0,0.354,0,0,,2025-12-31,1235.49,20,2025-12-22,2023-12-29,61.77,1,36.7,0,9.0,1,54.2
C001040,2025-03-28,Mid-Market,North America,Enterprise,Organic,55,1421.02,278,7.0,2,41.6,0.278,0,0,,2025-12-31,7870.4,6,2025-12-12,2025-04-01,1311.73,2,8.8,0,19.0,1,50.8
C001041,2024-10-06,Startup,North America,Free,Referral,3,0.0,451,17.0,2,89.2,0.609,0,0,,2025-12-31,15.680000000000001,7,2025-12-31,2024-12-09,2.24,3,12.1,0,0.0,0,74.4
C001042,2025-05-09,SMB,North America,Enterprise,Referral,23,1261.73,236,21.0,2,33.1,0.326,0,0,,2025-12-31,7803.889999999999,7,2025-11-25,2025-05-09,1114.84,4,13.2,1,36.0,1,63.8
C001043,2023-08-17,Startup,North America,Starter,Referral,1,51.5,867,3.0,0,86.2,0.679,0,0,,2025-12-31,699.36,13,2025-10-31,2023-09-07,53.8,0,0.0,0,61.0,1,66.7
C001044,2023-06-17,Mid-Market,LATAM,Starter,Paid Search,53,57.58,928,13.0,2,23.4,0.567,1,0,,2025-12-31,1128.28,21,2025-10-11,2023-10-08,53.73,2,23.6,1,81.0,1,61.0
C001045,2024-10-11,Mid-Market,North America,Free,Referral,75,0.0,446,2.7,0,2.6,0.098,0,1,2025-04-21,2025-12-31,26.98,7,2025-04-20,2024-10-16,3.85,2,21.6,0,255.0,0,40.6
C001046,2022-08-08,SMB,Europe,Business,Partner,20,377.89,1241,19.0,0,85.7,0.235,0,0,,2025-12-31,8217.3,23,2025-11-22,2022-10-09,357.27,0,0.0,0,39.0,1,67.6
C001047,2022-12-09,SMB,APAC,Enterprise,Organic,3,1308.62,1118,23.0,1,51.5,0.464,1,0,,2025-12-31,28003.63,21,2025-12-29,2023-03-10,1333.51,2,12.0,0,2.0,1,71.1
C001048,2024-05-09,Startup,Europe,Starter,Referral,3,49.45,601,17.0,3,48.0,0.672,0,0,,2025-12-31,406.09000000000003,9,2025-09-20,2024-06-29,45.12,4,9.6,0,102.0,1,70.6
C001049,2024-08-13,Enterprise,APAC,Starter,Paid Search,367,53.05,505,22.0,3,26.0,0.562,0,0,,2025-12-31,766.92,14,2025-12-16,2024-12-15,54.78,5,8.6,1,15.0,1,69.6
C001050,2022-06-21,Startup,Europe,Starter,Referral,7,43.4,1289,12.0,5,13.9,0.283,0,0,,2025-12-31,1249.14,30,2025-12-22,2022-06-21,41.64,5,8.5,0,9.0,1,48.1
C001051,2023-12-28,Startup,Europe,Starter,Partner,5,58.22,734,16.0,0,16.2,0.359,1,0,,2025-12-31,710.44,12,2025-10-25,2024-01-22,59.2,1,50.7,0,67.0,1,59.7
C001052,2023-06-06,SMB,Europe,Business,Paid Search,3,424.59,939,8.0,2,38.5,0.278,0,0,,2025-12-31,10601.82,24,2025-12-27,2023-06-10,441.74,3,11.6,0,4.0,1,51.3
C001053,2023-12-19,Mid-Market,APAC,Free,Organic,42,0.0,743,27.0,1,31.2,0.784,0,0,,2025-12-31,142.07,19,2025-08-08,2023-12-31,7.48,1,24.2,0,145.0,0,84.2
C001054,2025-10-02,SMB,APAC,Enterprise,Partner,23,1443.25,90,1.6,3,-13.5,0.251,0,1,2025-12-20,2025-12-31,1498.2,1,2025-12-13,2025-12-13,1498.2,3,20.3,0,18.0,0,38.1
C001055,2022-04-20,Mid-Market,APAC,Enterprise,Referral,31,1180.88,1351,25.0,2,77.3,0.376,1,0,,2025-12-31,39554.28,34,2025-10-15,2022-04-20,1163.36,2,7.3,0,77.0,1,71.3
C001056,2025-11-24,SMB,North America,Free,Referral,24,0.0,37,9.3,0,24.5,0.316,0,1,2025-12-24,2025-12-31,28.419999999999998,2,2025-12-10,2025-12-03,14.21,0,0.0,0,21.0,0,55.2
C001057,2023-10-05,SMB,Europe,Pro,Partner,23,156.57,818,27.0,2,66.0,0.282,0,0,,2025-12-31,3236.5299999999997,21,2025-11-23,2023-12-19,154.12,2,15.7,0,38.0,1,71.2
C001058,2025-01-09,Startup,APAC,Enterprise,Organic,1,1212.22,356,17.0,5,17.4,0.395,1,0,,2025-12-31,8185.71,7,2025-11-16,2025-04-10,1169.39,5,18.7,0,45.0,1,54.3
C001059,2023-08-30,SMB,North America,Business,Paid Search,15,457.07,854,9.0,2,38.9,0.351,0,0,,2025-12-31,7427.46,16,2025-09-20,2024-03-10,464.22,2,20.0,0,102.0,1,54.5
C001060,2023-03-21,SMB,APAC,Pro,Referral,13,145.99,1016,7.0,0,59.3,0.284,0,0,,2025-12-31,4189.03,26,2025-12-10,2023-05-13,161.12,0,0.0,0,21.0,1,55.7
C001061,2025-01-06,SMB,North America,Free,Paid Search,23,0.0,359,5.0,2,55.9,0.184,1,0,,2025-12-31,74.86,9,2025-12-05,2025-01-28,8.32,2,9.0,0,26.0,0,45.6
C001062,2024-09-10,SMB,North America,Free,Referral,15,0.0,477,15.3,2,28.3,0.231,1,1,2025-02-09,2025-12-31,38.08,4,2025-02-06,2024-11-03,9.52,2,9.4,0,328.0,0,53.4
C001063,2022-07-26,Startup,APAC,Business,Paid Search,7,417.64,1254,2.0,0,47.7,0.554,0,0,,2025-12-31,8735.39,19,2025-12-03,2022-08-09,459.76,0,0.0,0,28.0,1,58.2
C001064,2024-10-05,Mid-Market,North America,Starter,Organic,79,51.56,452,22.0,1,51.9,0.465,1,0,,2025-12-31,482.99,10,2025-10-01,2024-10-31,48.3,1,3.4,0,91.0,1,70.3
C001065,2024-12-12,Startup,Europe,Pro,Partner,6,135.12,384,19.0,3,31.3,0.195,1,0,,2025-12-31,479.23,3,2025-05-10,2025-01-04,159.74,3,10.3,0,235.0,1,54.4
C001066,2023-07-09,Startup,North America,Business,Partner,7,422.32,906,3.0,4,7.2,0.457,0,0,,2025-12-31,4508.17,11,2025-11-17,2023-09-18,409.83,7,10.9,0,44.0,1,46.1
C001067,2025-08-16,Startup,APAC,Starter,Partner,6,53.3,137,25.0,0,19.4,0.464,0,0,,2025-12-31,0.0,0,,,0.0,1,9.6,1,,1,73.2
C001068,2024-07-05,SMB,Europe,Free,Organic,16,0.0,544,4.0,3,25.5,0.281,0,0,,2025-12-31,55.22,9,2025-12-25,2024-12-01,6.14,3,14.1,0,6.0,0,45.1
C001069,2023-04-23,Startup,APAC,Starter,Referral,6,47.8,983,4.0,1,35.7,0.319,0,0,,2025-12-31,869.78,18,2025-11-30,2023-05-03,48.32,4,31.8,0,31.0,1,50.2
C001070,2022-01-16,Mid-Market,APAC,Business,Paid Search,65,475.21,1445,15.0,2,74.8,0.233,0,0,,2025-12-31,13204.32,27,2025-09-22,2022-07-28,489.05,3,12.7,1,100.0,1,59.9
C001071,2024-08-23,SMB,Europe,Starter,Referral,10,51.28,495,1.0,4,57.7,0.481,0,1,2025-03-02,2025-12-31,235.73,5,2024-11-26,2024-08-29,47.15,4,8.9,1,400.0,0,50.1
C001072,2022-10-26,Mid-Market,LATAM,Free,Partner,38,0.0,1162,2.0,3,14.6,0.166,1,0,,2025-12-31,109.53,22,2025-11-15,2022-11-06,4.98,3,11.9,0,46.0,0,36.7
C001073,2024-12-17,Mid-Market,APAC,Enterprise,Paid Search,65,1248.63,379,17.0,1,80.9,0.676,0,0,,2025-12-31,13061.810000000001,10,2025-12-02,2025-01-13,1306.18,2,15.6,0,29.0,1,77.0
C001074,2024-01-21,SMB,Europe,Pro,Partner,4,133.36,710,27.0,0,33.0,0.195,0,0,,2025-12-31,1759.9,13,2025-11-07,2024-01-28,135.38,1,4.5,0,54.0,1,68.3
C001075,2023-10-30,Mid-Market,LATAM,Pro,Partner,20,160.94,793,1.0,2,51.8,0.278,1,0,,2025-12-31,3297.18,23,2025-12-31,2023-11-21,143.36,3,25.3,0,0.0,1,44.4
C001076,2022-08-23,Mid-Market,Europe,Business,Paid Search,44,397.8,1226,17.0,2,11.5,0.401,0,0,,2025-12-31,9703.72,25,2025-12-17,2022-10-12,388.15,3,17.0,0,14.0,1,60.4
C001077,2024-10-14,Startup,North America,Starter,Partner,2,53.23,443,16.0,2,23.7,0.303,1,0,,2025-12-31,162.69,3,2025-11-07,2024-10-14,54.23,2,10.0,0,54.0,1,55.7
C001078,2022-08-26,Mid-Market,North America,Enterprise,Organic,36,1246.45,1223,1.0,2,60.9,0.236,1,0,,2025-12-31,31843.57,25,2025-12-31,2022-09-24,1273.74,2,20.0,1,0.0,1,44.1
C001079,2023-08-21,SMB,Europe,Business,Sales,8,417.63,863,4.0,1,13.0,0.594,0,0,,2025-12-31,8649.15,22,2025-10-22,2023-08-22,393.14,2,15.6,0,70.0,1,56.2
C001080,2025-04-10,Enterprise,North America,Starter,Paid Search,296,55.59,265,12.0,0,36.4,0.135,0,0,,2025-12-31,342.56,6,2025-12-28,2025-07-07,57.09,1,3.4,0,3.0,1,53.4
C001081,2025-08-09,SMB,Europe,Starter,Organic,3,53.72,144,19.0,1,46.8,0.4,0,0,,2025-12-31,150.01,3,2025-11-25,2025-10-09,50.0,1,99.6,0,36.0,1,67.1
C001082,2025-11-15,SMB,North America,Starter,Referral,14,56.49,46,6.0,0,9.4,0.371,1,0,,2025-12-31,77.48,1,2025-12-15,2025-12-15,77.48,1,15.5,0,16.0,1,50.4
C001083,2025-10-01,SMB,Europe,Pro,Organic,17,138.74,91,12.0,0,-9.4,0.418,0,0,,2025-12-31,98.2,1,2025-11-26,2025-11-26,98.2,1,8.1,0,35.0,1,57.3
C001084,2024-03-06,SMB,North America,Pro,Sales,6,135.91,665,13.0,3,57.7,0.45,0,0,,2025-12-31,967.72,7,2025-12-28,2024-03-27,138.25,4,17.2,0,3.0,1,61.4
C001085,2022-10-14,Startup,APAC,Pro,Paid Search,5,138.63,1174,19.0,1,100.0,0.147,0,0,,2025-12-31,2575.85,18,2025-06-19,2023-06-17,143.1,2,24.2,0,195.0,1,64.9
C001086,2025-04-14,Startup,North America,Enterprise,Organic,3,1291.73,261,6.0,0,46.5,0.262,0,0,,2025-12-31,11028.34,8,2025-12-17,2025-05-21,1378.54,1,32.4,0,14.0,1,52.9
C001087,2025-02-20,Mid-Market,North America,Pro,Organic,32,147.52,314,19.0,0,51.3,0.358,0,0,,2025-12-31,1142.78,8,2025-10-17,2025-03-04,142.85,0,0.0,0,75.0,1,67.8
C001088,2025-11-17,SMB,Europe,Business,Organic,23,459.19,44,23.0,0,12.9,0.371,1,0,,2025-12-31,436.15,1,2025-12-06,2025-12-06,436.15,0,0.0,0,25.0,1,66.0
C001089,2024-07-19,SMB,Europe,Pro,Organic,17,152.13,530,16.0,1,71.7,0.698,0,0,,2025-12-31,2135.51,13,2025-10-06,2024-08-26,164.27,1,35.2,0,86.0,1,75.9
C001090,2022-07-22,Mid-Market,Europe,Pro,Organic,37,155.99,1258,20.0,1,25.6,0.505,0,0,,2025-12-31,4824.49,28,2025-11-26,2022-07-29,172.3,1,3.6,0,35.0,1,69.1
C001091,2023-12-21,Startup,Europe,Free,Paid Search,4,0.0,741,4.0,1,64.1,0.387,1,0,,2025-12-31,34.260000000000005,11,2025-11-02,2024-03-16,3.11,1,18.7,0,59.0,0,53.1
C001092,2023-10-03,Mid-Market,North America,Pro,Paid Search,74,167.52,820,25.0,0,50.2,0.516,0,0,,2025-12-31,3883.23,23,2025-11-17,2023-10-26,168.84,0,0.0,0,44.0,1,77.8
C001093,2025-04-20,Startup,APAC,Pro,Paid Search,1,129.23,255,8.0,2,50.8,0.824,1,0,,2025-12-31,242.87,2,2025-11-17,2025-05-25,121.44,3,24.3,0,44.0,1,66.9
C001094,2023-07-16,Enterprise,Europe,Free,Organic,455,0.0,899,5.0,1,49.8,0.403,0,0,,2025-12-31,116.91,17,2025-10-18,2023-07-18,6.88,3,13.2,0,74.0,0,55.0
C001095,2023-04-15,Enterprise,North America,Business,Organic,220,484.07,991,15.0,2,49.0,0.212,0,0,,2025-12-31,9792.81,22,2025-12-22,2023-05-05,445.13,2,29.6,0,9.0,1,56.7
C001096,2022-04-25,Startup,APAC,Pro,Organic,4,158.88,1346,10.0,0,42.1,0.777,0,0,,2025-12-31,4166.24,26,2025-11-30,2022-06-10,160.24,1,27.7,0,31.0,1,71.4
C001097,2025-04-09,Startup,Europe,Starter,Organic,1,46.32,266,12.0,1,59.2,0.274,0,0,,2025-12-31,185.21,5,2025-07-27,2025-05-06,37.04,1,60.6,0,157.0,1,58.4
C001098,2024-12-16,Startup,Europe,Business,Paid Search,6,467.95,380,22.0,0,16.8,0.053,1,0,,2025-12-31,1651.4,3,2025-12-25,2025-01-29,550.47,0,0.0,0,6.0,1,55.9
C001099,2022-02-28,Startup,Europe,Starter,Organic,5,57.89,1402,15.0,2,29.0,0.639,0,0,,2025-12-31,1467.24,27,2025-08-25,2022-03-29,54.34,2,28.8,0,128.0,1,67.5
C001100,2023-09-13,SMB,Europe,Pro,Paid Search,23,156.81,840,10.0,1,71.7,0.956,0,0,,2025-12-31,2583.7400000000002,15,2025-12-03,2023-10-13,172.25,1,12.8,0,28.0,1,78.3
C001101,2023-11-17,Mid-Market,Europe,Pro,Sales,43,152.93,775,22.0,2,39.3,0.357,1,0,,2025-12-31,831.2,5,2025-09-25,2024-08-06,166.24,2,11.7,0,97.0,1,64.3
C001102,2023-11-03,Mid-Market,North America,Free,Organic,30,0.0,789,10.0,0,26.9,0.397,1,0,,2025-12-31,100.85,17,2025-11-10,2023-11-22,5.93,1,7.7,0,51.0,0,56.5
C001103,2025-08-07,SMB,North America,Starter,Organic,17,48.44,146,26.0,3,60.9,0.475,0,0,,2025-12-31,233.66,5,2025-12-05,2025-09-02,46.73,4,12.6,0,26.0,1,74.1
C001104,2022-08-04,Mid-Market,LATAM,Starter,Partner,64,56.72,1245,27.0,0,55.9,0.569,0,0,,2025-12-31,1669.16,30,2025-12-18,2022-09-02,55.64,0,0.0,0,13.0,1,81.8
C001105,2023-03-15,Startup,Europe,Starter,Paid Search,4,53.4,1022,13.0,2,2.5,0.538,0,0,,2025-12-31,1508.04,26,2025-12-29,2023-03-15,58.0,4,15.5,0,2.0,1,60.0
C001106,2022-09-16,Enterprise,Europe,Pro,Organic,88,168.9,1202,21.0,2,53.2,0.263,0,0,,2025-12-31,3322.87,21,2025-09-29,2022-10-28,158.23,4,13.6,1,93.0,1,64.0
C001107,2022-12-16,Mid-Market,North America,Free,Referral,66,0.0,1111,19.0,1,38.4,0.749,0,0,,2025-12-31,83.28999999999999,21,2025-11-21,2023-04-13,3.97,2,15.1,0,40.0,0,76.8
C001108,2025-07-21,Mid-Market,APAC,Enterprise,Referral,36,1161.59,163,16.1,0,52.8,0.329,0,1,2025-09-03,2025-12-31,2486.7599999999998,2,2025-07-31,2025-07-25,1243.38,0,0.0,0,153.0,0,64.5
C001109,2025-09-07,Mid-Market,North America,Starter,Sales,18,50.13,115,5.8,3,35.3,0.089,1,1,2025-11-13,2025-12-31,51.2,1,2025-09-10,2025-09-10,51.2,3,19.6,0,112.0,0,39.9
C001110,2022-03-05,Mid-Market,North America,Starter,Sales,25,52.85,1397,11.0,0,46.6,0.794,1,0,,2025-12-31,1320.92,26,2025-12-06,2022-03-05,50.8,0,0.0,0,25.0,1,71.3
C001111,2024-06-22,SMB,North America,Enterprise,Partner,8,1201.82,557,7.0,2,-10.8,0.272,1,0,,2025-12-31,11090.7,9,2025-08-02,2024-08-28,1232.3,2,41.6,0,151.0,1,43.3
C001112,2022-11-29,Mid-Market,APAC,Pro,Partner,64,172.68,1128,16.0,0,12.6,0.463,0,0,,2025-12-31,5503.26,32,2025-12-19,2022-12-10,171.98,0,0.0,0,12.0,1,64.4
C001113,2022-10-03,SMB,Europe,Pro,Paid Search,16,146.93,1185,17.0,1,53.5,0.813,0,0,,2025-12-31,2994.89,20,2025-11-08,2022-10-04,149.74,1,14.5,0,53.0,1,78.4
C001114,2023-02-22,Startup,North America,Pro,Sales,2,157.12,1043,12.0,2,100.0,0.282,1,0,,2025-12-31,3230.87,21,2025-11-13,2023-04-21,153.85,4,19.4,1,48.0,1,59.2
C001115,2022-10-05,SMB,North America,Business,Partner,16,389.4,1183,8.0,1,44.2,0.673,0,0,,2025-12-31,9551.16,24,2025-12-13,2022-10-25,397.96,3,6.7,0,18.0,1,65.3
C001116,2023-12-02,SMB,Europe,Free,Paid Search,23,0.0,760,5.0,2,17.7,0.584,1,1,2024-05-20,2025-12-31,19.92,5,2024-04-24,2024-01-30,3.98,3,17.8,0,616.0,0,53.8
C001117,2025-11-24,Mid-Market,Europe,Free,Organic,41,0.0,37,7.2,0,38.4,0.541,2,1,2025-12-24,2025-12-31,0.0,1,2025-12-01,2025-12-01,0.0,0,0.0,0,30.0,0,57.5
C001118,2024-04-18,Mid-Market,APAC,Enterprise,Partner,23,1279.99,622,1.9,0,12.7,0.244,1,1,2025-05-21,2025-12-31,10453.59,8,2025-05-14,2024-06-19,1306.7,0,0.0,0,231.0,0,43.3
C001119,2024-10-31,Mid-Market,North America,Free,Paid Search,23,0.0,426,18.0,0,66.2,0.391,1,0,,2025-12-31,26.369999999999997,10,2025-11-06,2024-11-29,2.64,1,5.7,0,55.0,0,67.4
C001120,2023-12-07,Startup,APAC,Pro,Referral,1,143.86,755,23.0,3,36.2,0.429,1,0,,2025-12-31,2084.97,14,2025-12-25,2024-01-09,148.93,4,20.6,1,6.0,1,65.5
C001121,2022-01-20,SMB,LATAM,Pro,Organic,16,164.28,1441,9.0,2,61.3,0.355,0,0,,2025-12-31,5338.87,31,2025-11-09,2022-04-25,172.22,2,10.6,0,52.0,1,56.8
C001122,2022-05-01,Mid-Market,Europe,Pro,Referral,71,181.01,1340,10.0,1,31.2,0.357,1,0,,2025-12-31,5376.38,30,2025-12-03,2022-05-12,179.21,2,15.5,1,28.0,1,54.3
C001123,2023-01-20,SMB,North America,Business,Organic,8,393.14,1076,2.0,1,63.5,0.472,0,0,,2025-12-31,11099.92,29,2025-11-24,2023-03-03,382.76,1,14.4,0,37.0,1,55.8
C001124,2022-12-15,Startup,Europe,Enterprise,Partner,7,1255.21,1112,16.0,0,-5.6,0.261,2,0,,2025-12-31,28414.09,23,2025-12-05,2023-01-18,1235.4,0,0.0,0,26.0,1,52.6
C001125,2025-04-17,SMB,North America,Free,Paid Search,14,0.0,258,11.0,2,35.6,0.295,0,0,,2025-12-31,11.6,6,2025-11-12,2025-05-27,1.93,3,9.6,0,49.0,0,54.2
C001126,2025-04-21,SMB,North America,Pro,Paid Search,4,169.03,254,23.0,1,48.5,0.534,0,0,,2025-12-31,811.81,5,2025-08-29,2025-05-16,162.36,1,18.9,0,124.0,1,74.9
C001127,2025-05-06,Startup,North America,Pro,Paid Search,2,142.69,239,25.0,2,28.3,0.5,0,0,,2025-12-31,916.71,7,2025-11-14,2025-05-19,130.96,2,16.5,0,47.0,1,72.2
C001128,2024-06-30,SMB,LATAM,Starter,Organic,13,59.09,549,21.0,3,44.0,0.703,1,0,,2025-12-31,495.23,9,2025-12-26,2024-08-18,55.03,3,9.0,0,5.0,1,72.7
C001129,2024-03-06,SMB,Europe,Business,Organic,21,368.56,665,5.0,0,43.6,0.085,0,0,,2025-12-31,4909.89,14,2025-12-26,2024-05-25,350.71,0,0.0,0,5.0,1,46.4
C001130,2024-07-17,Mid-Market,APAC,Pro,Referral,50,179.74,532,1.3,4,61.2,0.498,0,1,2024-09-10,2025-12-31,171.1,1,2024-08-30,2024-08-30,171.1,4,12.0,0,488.0,0,51.2
C001131,2023-08-05,Enterprise,Europe,Starter,Organic,304,59.55,879,13.0,0,50.5,0.416,0,0,,2025-12-31,912.37,13,2025-12-15,2023-11-12,70.18,0,0.0,0,16.0,1,64.1
C001132,2024-08-16,Startup,Europe,Business,Referral,1,362.58,502,17.0,1,44.8,0.543,0,0,,2025-12-31,2960.5299999999997,10,2025-10-25,2024-09-15,296.05,1,11.3,0,67.0,1,69.4
C001133,2025-02-10,SMB,North America,Enterprise,Referral,7,1312.5,324,0.0,3,57.0,0.149,0,0,,2025-12-31,10503.25,8,2025-11-29,2025-02-25,1312.91,3,16.7,0,32.0,1,40.7
C001134,2024-12-26,SMB,Europe,Free,Organic,23,0.0,370,13.0,0,1.2,0.774,0,0,,2025-12-31,19.060000000000002,4,2025-04-29,2025-01-06,4.77,0,0.0,0,246.0,0,69.9
C001135,2024-05-27,SMB,North America,Business,Sales,13,363.95,583,2.0,2,16.2,0.373,0,0,,2025-12-31,6800.37,18,2025-11-15,2024-06-04,377.8,4,16.6,0,46.0,1,46.6
C001136,2022-03-25,Enterprise,Europe,Starter,Referral,336,55.81,1377,7.0,2,0.4,0.47,1,0,,2025-12-31,1931.4,33,2025-12-03,2022-04-01,58.53,2,47.0,0,28.0,1,50.4
C001137,2024-11-02,Startup,North America,Free,Referral,3,0.0,424,10.0,2,48.7,0.14,0,0,,2025-12-31,22.479999999999997,7,2025-12-29,2024-11-07,3.21,2,25.5,0,2.0,0,50.0
C001138,2023-06-09,Mid-Market,North America,Starter,Referral,26,49.25,936,0.6,1,45.3,0.097,1,1,2024-06-29,2025-12-31,546.87,10,2024-06-23,2023-07-14,54.69,1,6.8,1,556.0,0,39.5
C001139,2024-11-29,Startup,Europe,Business,Partner,3,455.75,397,1.5,1,69.6,0.422,1,1,2025-09-15,2025-12-31,2715.74,6,2025-08-14,2024-12-26,452.62,5,15.3,0,139.0,0,52.5
C001140,2024-02-11,SMB,North America,Free,Sales,24,0.0,689,17.0,0,43.8,0.503,0,0,,2025-12-31,42.77,14,2025-12-26,2024-03-02,3.06,0,0.0,0,5.0,0,69.6
C001141,2025-06-14,Mid-Market,North America,Free,Organic,69,0.0,200,16.7,1,19.2,0.134,0,1,2025-09-28,2025-12-31,26.23,1,2025-08-27,2025-08-27,26.23,4,29.8,0,126.0,0,54.4
C001142,2023-04-29,Enterprise,LATAM,Business,Organic,104,450.18,977,21.0,0,38.4,0.232,1,0,,2025-12-31,6363.48,13,2025-09-01,2023-05-03,489.5,0,0.0,0,121.0,1,62.6
C001143,2025-08-24,Startup,North America,Starter,Referral,1,48.25,129,8.0,1,-11.9,0.715,0,0,,2025-12-31,87.33,2,2025-10-02,2025-09-17,43.66,2,10.4,0,90.0,1,60.9
C001144,2025-04-22,Mid-Market,North America,Free,Organic,58,0.0,253,26.0,2,24.8,0.332,0,0,,2025-12-31,20.68,6,2025-12-04,2025-07-14,3.45,2,6.4,0,27.0,0,67.7
C001145,2023-04-19,Enterprise,North America,Starter,Partner,305,55.66,987,12.0,2,-23.7,0.361,1,0,,2025-12-31,977.3,18,2025-12-20,2023-07-16,54.29,3,53.6,0,11.0,1,49.2
C001146,2023-11-22,SMB,North America,Business,Paid Search,18,463.67,770,9.0,1,43.2,0.642,0,0,,2025-12-31,5593.58,13,2025-09-28,2024-01-25,430.28,1,10.1,0,94.0,1,65.1
C001147,2024-01-30,Mid-Market,APAC,Pro,Paid Search,69,181.36,701,8.9,0,28.0,0.582,0,1,2025-04-14,2025-12-31,2639.7,15,2025-04-11,2024-02-02,175.98,0,0.0,0,264.0,0,63.2
C001148,2025-01-04,Mid-Market,North America,Business,Sales,27,379.13,361,11.0,0,31.7,0.379,0,0,,2025-12-31,1746.75,5,2025-12-29,2025-07-03,349.35,0,0.0,0,2.0,1,59.4
C001149,2024-09-12,Mid-Market,Europe,Free,Organic,37,0.0,475,5.5,2,11.7,0.323,1,1,2025-03-01,2025-12-31,41.01,9,2025-02-25,2024-09-25,4.56,2,12.5,0,309.0,0,45.8
C001150,2025-05-03,Startup,Europe,Pro,Organic,2,139.03,242,4.0,1,18.3,0.568,0,0,,2025-12-31,766.69,5,2025-12-02,2025-08-23,153.34,1,6.0,0,29.0,1,55.9
C001151,2023-06-13,Mid-Market,North America,Business,Partner,23,387.1,932,9.0,0,52.3,0.469,1,0,,2025-12-31,8587.2,22,2025-11-27,2023-08-04,390.33,0,0.0,0,34.0,1,60.3
C001152,2023-12-23,Mid-Market,LATAM,Starter,Referral,34,45.63,739,27.0,1,-0.9,0.309,1,0,,2025-12-31,528.54,12,2025-11-17,2023-12-27,44.04,1,5.1,0,44.0,1,64.8
C001153,2023-09-09,Mid-Market,LATAM,Starter,Referral,26,59.63,844,3.2,0,47.6,0.589,0,1,2025-11-25,2025-12-31,1101.66,20,2025-10-10,2023-11-02,55.08,0,0.0,0,82.0,0,60.3
C001154,2025-07-24,Mid-Market,North America,Starter,Organic,50,56.79,160,23.0,0,14.7,0.249,1,0,,2025-12-31,293.97,5,2025-12-18,2025-07-24,58.79,1,9.3,0,13.0,1,62.5
C001155,2023-03-13,Mid-Market,North America,Starter,Sales,29,49.8,1024,3.5,2,-7.0,0.487,0,1,2025-05-08,2025-12-31,772.82,16,2025-03-16,2023-06-09,48.3,3,17.9,0,290.0,0,49.0
C001156,2024-04-19,Enterprise,North America,Starter,Partner,469,60.9,621,11.6,2,65.7,0.338,1,1,2024-08-24,2025-12-31,170.07999999999998,3,2024-06-25,2024-04-22,56.69,2,8.7,0,554.0,0,57.1
C001157,2022-06-21,Mid-Market,North America,Enterprise,Referral,76,1165.38,1289,11.0,1,68.2,0.154,1,0,,2025-12-31,31338.65,26,2025-09-19,2022-10-05,1205.33,2,18.2,0,103.0,1,52.8
C001158,2025-04-30,SMB,Europe,Pro,Organic,13,149.37,245,13.0,1,21.5,0.688,0,0,,2025-12-31,1460.92,9,2025-12-24,2025-06-14,162.32,1,6.9,0,7.0,1,67.9
C001159,2023-07-04,Startup,Europe,Pro,Paid Search,3,132.43,911,11.0,1,21.3,0.368,1,0,,2025-12-31,2448.0299999999997,18,2025-09-04,2023-07-22,136.0,1,10.3,0,118.0,1,54.5
C001160,2023-05-03,Enterprise,Europe,Free,Paid Search,298,0.0,973,1.0,2,28.7,0.72,1,1,2025-08-23,2025-12-31,112.84,14,2025-02-18,2023-06-09,8.06,5,9.2,0,316.0,0,55.4
C001161,2024-04-13,Mid-Market,North America,Pro,Partner,75,149.97,627,23.0,0,14.7,0.092,0,0,,2025-12-31,959.0899999999999,6,2025-10-17,2024-07-01,159.85,1,19.3,0,75.0,1,59.8
C001162,2023-12-15,Startup,North America,Pro,Organic,5,177.01,747,16.0,3,19.2,0.398,0,0,,2025-12-31,2656.54,17,2025-12-16,2024-01-11,156.27,4,39.4,0,15.0,1,58.6
C001163,2025-04-27,Startup,LATAM,Enterprise,Paid Search,6,1130.61,248,14.0,1,46.3,0.498,1,0,,2025-12-31,4322.49,3,2025-11-06,2025-05-25,1440.83,1,8.9,1,55.0,1,63.6
C001164,2024-01-30,SMB,LATAM,Starter,Partner,15,46.62,701,10.0,2,86.8,0.407,0,0,,2025-12-31,676.96,14,2025-12-15,2024-05-07,48.35,2,21.6,0,16.0,1,61.8
C001165,2024-01-10,Mid-Market,North America,Business,Paid Search,75,374.71,721,21.0,1,26.1,0.511,0,0,,2025-12-31,7208.42,17,2025-12-14,2024-03-23,424.02,1,8.5,0,17.0,1,70.2
C001166,2022-05-31,SMB,Europe,Starter,Paid Search,11,51.5,1310,4.2,0,60.6,0.377,0,1,2023-07-25,2025-12-31,377.31,7,2023-07-17,2022-06-27,53.9,0,0.0,0,898.0,0,56.1
C001167,2022-02-01,Mid-Market,Europe,Pro,Organic,40,139.86,1429,6.0,2,43.8,0.258,2,0,,2025-12-31,3481.07,26,2025-09-25,2022-07-04,133.89,3,24.4,0,97.0,1,45.5
C001168,2023-07-24,Mid-Market,APAC,Enterprise,Referral,24,1378.05,891,2.0,2,-6.8,0.377,0,0,,2025-12-31,27497.15,19,2025-12-28,2023-08-14,1447.22,2,7.4,0,3.0,1,44.4
C001169,2025-11-28,Mid-Market,Europe,Pro,Partner,54,156.98,33,24.0,2,34.4,0.549,1,0,,2025-12-31,295.08,2,2025-12-09,2025-12-06,147.54,2,15.2,0,22.0,1,71.3
C001170,2025-08-04,SMB,APAC,Pro,Partner,6,177.73,149,2.0,1,31.2,0.703,0,0,,2025-12-31,1584.54,8,2025-11-04,2025-08-12,198.07,1,15.7,0,57.0,1,59.5
C001171,2024-06-18,Mid-Market,North America,Business,Sales,67,376.88,561,23.0,2,71.6,0.549,0,0,,2025-12-31,3834.79,10,2025-10-04,2024-07-07,383.48,3,20.9,0,88.0,1,76.2
C001172,2024-06-21,SMB,North America,Enterprise,Partner,15,1245.0,558,10.0,1,72.6,0.27,0,0,,2025-12-31,10250.76,7,2025-10-21,2024-07-22,1464.39,1,5.2,0,71.0,1,57.8
C001173,2023-07-14,Mid-Market,LATAM,Starter,Organic,32,59.83,901,0.0,0,44.4,0.48,0,0,,2025-12-31,1237.98,20,2025-10-26,2023-07-25,61.9,1,23.2,0,66.0,1,53.8
C001174,2022-09-11,Mid-Market,North America,Starter,Partner,16,50.69,1207,25.0,0,65.4,0.74,0,0,,2025-12-31,571.87,12,2025-10-25,2022-10-20,47.66,3,22.7,0,67.0,1,86.1
C001175,2022-01-13,SMB,North America,Pro,Sales,7,148.08,1448,20.0,0,31.3,0.289,0,0,,2025-12-31,2830.63,19,2025-10-31,2022-06-04,148.98,1,14.4,0,61.0,1,64.7
C001176,2023-04-30,Startup,APAC,Enterprise,Organic,7,1113.52,976,20.0,0,63.0,0.601,0,0,,2025-12-31,14272.0,13,2025-11-30,2023-07-25,1097.85,0,0.0,0,31.0,1,77.2
C001177,2023-03-29,Mid-Market,APAC,Pro,Partner,30,164.27,1008,15.0,1,37.5,0.358,0,0,,2025-12-31,2963.08,20,2025-11-28,2023-04-06,148.15,1,9.6,0,33.0,1,61.4
C001178,2022-10-01,SMB,Europe,Starter,Organic,6,48.06,1187,21.0,0,62.4,0.411,0,0,,2025-12-31,1139.55,22,2025-10-17,2022-11-27,51.8,3,17.9,0,75.0,1,72.3
C001179,2023-01-06,Mid-Market,APAC,Pro,Referral,22,161.76,1090,3.0,0,65.0,0.474,0,0,,2025-12-31,4466.0599999999995,28,2025-10-06,2023-01-10,159.5,0,0.0,0,86.0,1,58.4
C001180,2022-02-05,Enterprise,APAC,Free,Partner,385,0.0,1425,6.0,1,52.9,0.233,1,0,,2025-12-31,125.22,25,2025-11-07,2022-02-24,5.01,1,7.0,0,54.0,0,49.1
C001181,2024-05-19,SMB,North America,Starter,Sales,20,53.16,591,15.0,1,16.5,0.906,2,0,,2025-12-31,798.77,15,2025-11-20,2024-05-19,53.25,3,13.2,0,41.0,1,71.7
C001182,2025-08-19,Mid-Market,Europe,Free,Partner,76,0.0,134,20.0,0,24.5,0.575,1,0,,2025-12-31,20.4,4,2025-12-14,2025-09-16,5.1,1,6.2,0,17.0,0,70.6
C001183,2024-09-14,SMB,APAC,Free,Organic,17,0.0,473,16.0,1,53.8,0.481,0,0,,2025-12-31,67.4,9,2025-12-19,2024-09-19,7.49,1,22.8,0,12.0,0,67.6
C001184,2023-10-03,SMB,APAC,Pro,Paid Search,17,167.4,820,11.0,2,57.3,0.392,0,0,,2025-12-31,3601.26,20,2025-09-26,2023-10-18,180.06,2,13.8,0,96.0,1,59.3
C001185,2023-08-24,Mid-Market,North America,Starter,Sales,60,54.6,860,18.0,0,39.0,0.648,1,0,,2025-12-31,694.48,14,2025-09-16,2024-01-11,49.61,1,16.9,0,106.0,1,72.4
C001186,2023-03-16,Enterprise,North America,Starter,Organic,108,47.74,1021,1.0,1,27.2,0.35,2,0,,2025-12-31,916.41,19,2025-12-31,2023-04-28,48.23,1,20.3,0,0.0,1,43.6
C001187,2022-07-23,Mid-Market,APAC,Pro,Organic,63,157.82,1257,14.0,2,39.8,0.445,0,0,,2025-12-31,4661.89,31,2025-12-12,2022-10-06,150.38,3,17.8,0,19.0,1,61.8
C001188,2024-05-05,Startup,North America,Starter,Referral,5,51.23,605,3.3,1,28.0,0.353,0,1,2024-12-12,2025-12-31,242.78,5,2024-12-07,2024-07-07,48.56,1,24.4,0,389.0,0,49.8
C001189,2024-03-21,SMB,North America,Starter,Paid Search,17,50.06,650,13.0,2,28.2,0.133,0,0,,2025-12-31,393.98,8,2025-11-25,2024-03-28,49.25,3,9.7,0,36.0,1,50.4
C001190,2022-01-11,Mid-Market,APAC,Starter,Organic,76,60.03,1450,3.0,1,84.0,0.447,0,0,,2025-12-31,2114.36,33,2025-12-11,2022-02-01,64.07,1,16.7,0,20.0,1,58.0
C001191,2023-08-18,Enterprise,Europe,Free,Organic,158,0.0,866,25.0,0,23.1,0.45,0,0,,2025-12-31,68.4,19,2025-12-02,2023-11-11,3.6,1,37.7,0,29.0,0,73.1
C001192,2023-02-02,SMB,North America,Pro,Paid Search,21,170.59,1063,23.0,2,47.7,0.522,0,0,,2025-12-31,2732.33,17,2025-12-21,2023-05-20,160.73,4,27.7,1,10.0,1,73.0
C001193,2022-09-01,Enterprise,North America,Free,Partner,91,0.0,1217,26.0,3,38.8,0.341,2,0,,2025-12-31,90.1,23,2025-11-30,2022-09-17,3.92,3,32.8,0,31.0,0,63.8
C001194,2024-10-02,SMB,North America,Starter,Paid Search,11,58.19,455,4.6,2,4.3,0.102,0,1,2025-07-26,2025-12-31,188.84,3,2025-06-03,2024-12-01,62.95,2,32.6,0,211.0,0,39.6
C001195,2024-01-22,SMB,APAC,Starter,Paid Search,14,49.31,709,18.0,2,3.5,0.224,0,0,,2025-12-31,615.49,13,2025-12-18,2024-02-26,47.35,4,14.3,0,13.0,1,55.1
C001196,2024-06-25,SMB,Europe,Starter,Referral,15,49.25,554,8.0,3,33.0,0.497,0,0,,2025-12-31,569.98,13,2025-11-01,2024-08-15,43.84,4,11.0,0,60.0,1,55.9
C001197,2024-10-17,Mid-Market,North America,Starter,Organic,22,44.91,440,1.6,1,-13.8,0.366,1,1,2025-05-25,2025-12-31,249.51,5,2025-04-06,2024-10-21,49.9,1,2.7,0,269.0,0,42.5
C001198,2025-11-04,Enterprise,North America,Starter,Partner,293,49.92,57,17.0,0,80.8,0.433,0,0,,2025-12-31,46.76,1,2025-11-05,2025-11-05,46.76,0,0.0,0,56.0,1,71.2
C001199,2025-02-21,Enterprise,North America,Starter,Paid Search,75,47.72,313,26.0,3,26.0,0.628,0,0,,2025-12-31,223.85,5,2025-12-31,2025-05-19,44.77,3,8.3,0,0.0,1,75.2
C001200,2024-06-06,SMB,North America,Free,Paid Search,13,0.0,573,10.0,2,23.9,0.582,0,0,,2025-12-31,44.15,11,2025-09-05,2024-07-23,4.01,2,11.7,0,117.0,0,60.8
C001201,2025-06-11,Startup,North America,Business,Partner,5,370.94,203,27.0,4,65.6,0.153,2,0,,2025-12-31,2366.6,7,2025-12-20,2025-07-18,338.09,4,10.8,0,11.0,1,60.3
C001202,2023-11-14,Mid-Market,Europe,Starter,Partner,26,49.68,778,4.0,2,31.5,0.785,0,0,,2025-12-31,573.68,12,2025-10-22,2023-12-09,47.81,2,11.4,0,70.0,1,62.3
C001203,2025-11-09,SMB,North America,Free,Sales,14,0.0,52,7.0,1,51.3,0.849,0,0,,2025-12-31,6.46,1,2025-12-09,2025-12-09,6.46,2,11.9,1,22.0,0,70.4
C001204,2024-12-24,SMB,North America,Pro,Organic,3,169.84,372,18.0,3,20.7,0.186,0,0,,2025-12-31,1284.43,7,2025-11-22,2025-04-03,183.49,4,17.8,2,39.0,1,54.2
C001205,2024-07-19,Enterprise,Europe,Free,Organic,271,0.0,530,13.0,0,36.1,0.11,0,0,,2025-12-31,49.449999999999996,11,2025-12-27,2024-08-18,4.5,0,0.0,0,4.0,0,53.5
C001206,2025-07-15,Mid-Market,Europe,Business,Paid Search,63,451.57,169,21.0,0,59.2,0.745,0,0,,2025-12-31,817.48,2,2025-12-04,2025-09-24,408.74,1,20.4,0,27.0,1,82.0
C001207,2024-01-07,Mid-Market,North America,Free,Paid Search,68,0.0,724,6.0,0,13.5,0.52,4,1,2025-02-22,2025-12-31,23.64,6,2024-12-26,2024-03-20,3.94,1,46.0,0,370.0,0,49.3
C001208,2024-10-27,SMB,North America,Pro,Organic,14,164.0,430,21.0,2,48.2,0.207,0,0,,2025-12-31,1379.45,8,2025-12-14,2024-11-18,172.43,2,76.5,0,17.0,1,61.8
C001209,2023-02-12,SMB,North America,Enterprise,Sales,7,1064.96,1053,8.0,2,-25.4,0.474,1,0,,2025-12-31,25248.48,24,2025-12-26,2023-03-14,1052.02,2,19.6,0,5.0,1,48.8
C001210,2025-10-09,SMB,North America,Starter,Referral,16,57.09,83,4.0,2,66.6,0.265,1,0,,2025-12-31,47.41,1,2025-11-22,2025-11-22,47.41,2,10.8,0,39.0,1,48.2
C001211,2024-06-10,Startup,APAC,Starter,Paid Search,7,49.37,569,15.0,1,21.1,0.127,0,0,,2025-12-31,741.48,15,2025-10-09,2024-09-08,49.43,1,98.2,0,83.0,1,52.8
C001212,2025-01-23,SMB,North America,Pro,Paid Search,13,170.23,342,14.0,3,32.9,0.398,0,0,,2025-12-31,1350.9,7,2025-12-31,2025-04-21,192.99,3,3.7,0,0.0,1,58.2
C001213,2023-10-21,Startup,APAC,Enterprise,Organic,7,1190.53,802,3.8,2,32.6,0.926,0,1,2025-04-13,2025-12-31,17676.5,14,2025-04-10,2023-11-04,1262.61,2,10.8,0,265.0,0,66.4
C001214,2025-05-24,SMB,APAC,Starter,Paid Search,8,58.25,221,0.0,1,10.6,0.612,0,0,,2025-12-31,582.59,9,2025-12-18,2025-06-20,64.73,1,6.9,0,13.0,1,52.9
C001215,2022-04-17,Startup,North America,Pro,Partner,7,163.25,1354,11.0,1,8.7,0.551,0,0,,2025-12-31,5782.59,36,2025-12-21,2022-05-18,160.63,1,12.8,0,10.0,1,60.7
C001216,2022-06-13,Startup,North America,Starter,Sales,6,57.45,1297,2.0,1,48.0,0.227,1,0,,2025-12-31,1800.93,30,2025-12-14,2022-11-21,60.03,3,19.8,0,17.0,1,44.9
C001217,2023-12-27,SMB,North America,Pro,Paid Search,3,149.19,735,22.0,2,49.2,0.374,0,0,,2025-12-31,2543.1,16,2025-12-30,2024-02-23,158.94,4,17.7,0,1.0,1,67.8
C001218,2024-11-13,Startup,North America,Starter,Organic,6,47.8,413,2.0,2,12.9,0.751,1,0,,2025-12-31,231.16,5,2025-11-01,2024-12-22,46.23,2,11.3,0,60.0,1,55.6
C001219,2025-03-03,Startup,Europe,Pro,Organic,4,151.66,303,26.0,2,48.5,0.065,0,0,,2025-12-31,582.83,4,2025-12-06,2025-03-25,145.71,3,26.7,1,25.0,1,62.0
C001220,2023-09-22,SMB,North America,Free,Organic,12,0.0,831,0.5,3,48.9,0.496,0,1,2024-12-27,2025-12-31,7.7,5,2024-11-04,2024-01-18,1.54,3,12.7,0,422.0,0,50.7
C001221,2024-07-18,SMB,APAC,Pro,Sales,20,144.86,531,17.0,2,25.5,0.308,0,0,,2025-12-31,1638.8899999999999,11,2025-11-01,2024-10-14,148.99,2,17.4,0,60.0,1,59.0
C001222,2024-03-01,SMB,Europe,Starter,Referral,15,49.82,670,9.0,0,2.7,0.408,0,0,,2025-12-31,620.07,13,2025-12-23,2024-03-07,47.7,3,10.7,0,8.0,1,55.5
C001223,2025-10-06,Startup,APAC,Pro,Referral,6,147.32,86,3.0,0,34.1,0.421,1,0,,2025-12-31,175.04,1,2025-12-20,2025-12-20,175.04,1,1.9,0,11.0,1,51.7
C001224,2024-07-24,SMB,APAC,Business,Referral,3,353.75,525,10.0,3,44.1,0.691,2,0,,2025-12-31,3460.11,10,2025-08-27,2024-10-12,346.01,3,10.3,0,126.0,1,60.6
C001225,2023-08-20,Startup,Europe,Business,Organic,7,380.0,864,1.0,1,33.5,0.088,0,0,,2025-12-31,8975.27,22,2025-05-06,2023-09-11,407.97,1,5.6,0,239.0,1,40.4
C001226,2025-10-18,SMB,LATAM,Enterprise,Referral,18,1315.32,74,19.0,2,20.2,0.138,1,0,,2025-12-31,1530.09,1,2025-10-29,2025-10-29,1530.09,3,24.1,0,63.0,1,53.1
C001227,2022-06-03,Startup,LATAM,Pro,Referral,1,169.06,1307,24.0,1,46.7,0.554,0,0,,2025-12-31,5018.86,30,2025-11-21,2022-08-29,167.3,2,14.8,0,40.0,1,76.2
C001228,2025-11-08,Mid-Market,North America,Pro,Organic,22,144.06,53,9.0,2,66.6,0.057,0,0,,2025-12-31,478.61,3,2025-12-30,2025-11-29,159.54,2,16.1,0,1.0,1,48.4
C001229,2022-08-09,SMB,North America,Free,Paid Search,11,0.0,1240,12.0,2,15.7,0.426,0,0,,2025-12-31,111.14,23,2025-12-03,2022-09-07,4.83,2,54.7,1,28.0,0,57.1
C001230,2023-02-17,SMB,North America,Enterprise,Partner,23,1370.18,1048,3.0,1,27.5,0.496,0,0,,2025-12-31,27270.24,18,2025-10-02,2023-03-02,1515.01,2,11.6,0,90.0,1,53.8
C001231,2025-03-20,Startup,North America,Pro,Sales,2,158.58,286,13.0,2,100.0,0.662,0,0,,2025-12-31,1014.81,7,2025-12-02,2025-04-04,144.97,2,29.2,0,29.0,1,73.5
C001232,2024-11-15,Startup,Europe,Starter,Organic,7,56.95,411,16.7,1,42.3,0.21,0,1,2025-02-10,2025-12-31,104.53999999999999,2,2025-01-09,2024-11-28,52.27,1,6.8,0,356.0,0,58.9
C001233,2025-10-19,SMB,North America,Starter,Sales,24,46.61,73,15.0,0,3.3,0.635,0,0,,2025-12-31,75.56,2,2025-11-17,2025-10-21,37.78,0,0.0,0,44.0,1,67.8
C001234,2024-12-08,SMB,Europe,Business,Sales,3,459.55,388,24.0,3,23.1,0.511,0,0,,2025-12-31,4806.99,11,2025-12-26,2024-12-21,437.0,3,8.3,0,5.0,1,69.6
C001235,2024-06-29,Mid-Market,APAC,Business,Sales,38,399.75,550,21.0,0,16.1,0.281,0,0,,2025-12-31,2646.14,6,2025-11-21,2024-07-02,441.02,0,0.0,0,40.0,1,63.8
C001236,2023-05-11,Startup,North America,Business,Organic,6,386.64,965,3.0,1,44.5,0.391,0,0,,2025-12-31,5806.14,15,2025-12-24,2023-07-07,387.08,1,20.6,0,7.0,1,52.4
C001237,2022-01-07,Mid-Market,Europe,Pro,Organic,34,155.8,1454,1.0,2,42.7,0.828,1,0,,2025-12-31,6012.27,38,2025-12-30,2022-02-10,158.22,3,10.8,0,1.0,1,60.0
C001238,2022-06-27,SMB,North America,Starter,Partner,23,59.34,1283,10.0,1,19.1,0.476,0,0,,2025-12-31,1079.33,20,2025-10-01,2022-09-23,53.97,1,83.2,0,91.0,1,58.6
C001239,2023-03-02,SMB,APAC,Enterprise,Paid Search,6,1098.2,1035,26.0,1,81.4,0.467,0,0,,2025-12-31,23110.36,22,2025-10-13,2023-03-11,1050.47,1,7.4,1,79.0,1,78.9
C001240,2022-02-28,SMB,Europe,Pro,Organic,16,163.16,1402,4.0,3,37.1,0.521,0,0,,2025-12-31,6135.45,37,2025-12-03,2022-03-22,165.82,3,21.5,0,28.0,1,53.4
C001241,2023-12-28,Mid-Market,North America,Pro,Referral,34,176.35,734,1.0,1,23.6,0.283,1,0,,2025-12-31,1481.08,8,2025-06-29,2024-01-17,185.14,3,7.9,0,185.0,1,43.2
C001242,2025-01-16,Mid-Market,Europe,Pro,Organic,38,181.29,349,26.0,0,4.5,0.375,0,0,,2025-12-31,1230.33,7,2025-11-15,2025-03-01,175.76,0,0.0,0,46.0,1,69.9
C001243,2025-10-09,Startup,North America,Pro,Paid Search,4,166.25,83,5.0,1,12.6,0.435,0,0,,2025-12-31,232.53,1,2025-11-10,2025-11-10,232.53,1,16.2,0,51.0,1,52.3
C001244,2023-12-02,SMB,APAC,Pro,Sales,15,136.68,760,5.8,0,3.8,0.297,0,1,2024-03-08,2025-12-31,283.78,2,2024-02-04,2024-01-12,141.89,0,0.0,0,696.0,0,49.5
C001245,2025-06-05,Enterprise,Europe,Pro,Paid Search,53,176.41,209,21.0,0,30.2,0.247,0,0,,2025-12-31,900.42,5,2025-11-27,2025-08-10,180.08,2,6.8,0,34.0,1,64.2
C001246,2025-11-10,SMB,Europe,Business,Sales,22,459.3,51,2.0,1,12.9,0.436,1,0,,2025-12-31,558.24,1,2025-12-10,2025-12-10,558.24,1,7.9,0,21.0,1,47.7
C001247,2025-05-14,Mid-Market,APAC,Business,Paid Search,20,479.96,231,4.0,1,54.6,0.357,0,0,,2025-12-31,2267.51,4,2025-11-07,2025-05-20,566.88,2,2.4,0,54.0,1,53.2
C001248,2023-10-27,Startup,APAC,Starter,Paid Search,6,46.02,796,20.0,0,20.4,0.49,1,0,,2025-12-31,860.0,18,2025-12-24,2023-12-11,47.78,2,7.1,1,7.0,1,67.6
C001249,2023-04-11,Mid-Market,APAC,Starter,Organic,30,52.4,995,0.0,1,56.0,0.509,0,0,,2025-12-31,888.81,16,2025-09-20,2023-09-25,55.55,1,3.4,0,102.0,1,54.4
C001250,2025-10-30,Mid-Market,Europe,Pro,Paid Search,42,155.19,62,19.0,1,47.3,0.427,0,0,,2025-12-31,558.36,4,2025-11-15,2025-10-31,139.59,2,5.6,0,46.0,1,68.0
C001251,2022-12-12,Enterprise,APAC,Pro,Paid Search,419,176.68,1115,15.0,1,51.1,0.505,0,0,,2025-12-31,4438.57,25,2025-12-31,2023-01-15,177.54,1,6.4,0,0.0,1,67.2
C001252,2023-08-12,SMB,Europe,Pro,Referral,21,142.11,872,6.0,2,57.4,0.48,0,0,,2025-12-31,3068.7,22,2025-12-04,2023-09-08,139.49,2,7.4,0,27.0,1,57.5
C001253,2022-04-16,SMB,APAC,Business,Sales,19,364.86,1355,17.0,1,84.8,0.306,1,0,,2025-12-31,9013.23,25,2025-12-23,2022-06-25,360.53,1,3.7,0,8.0,1,64.3
C001254,2025-02-08,SMB,APAC,Free,Organic,6,0.0,326,9.0,2,13.8,0.214,0,0,,2025-12-31,60.91,5,2025-09-21,2025-02-25,12.18,3,16.4,0,101.0,0,47.8
C001255,2024-07-18,SMB,North America,Starter,Organic,5,54.14,531,26.0,1,56.1,0.621,0,0,,2025-12-31,337.88,6,2025-09-03,2024-09-04,56.31,1,7.6,0,119.0,1,81.0
C001256,2022-05-02,Mid-Market,North America,Business,Partner,67,450.68,1339,11.0,2,45.0,0.54,0,0,,2025-12-31,15753.41,34,2025-11-28,2022-05-04,463.34,4,19.1,0,33.0,1,62.5
C001257,2022-11-14,Mid-Market,North America,Enterprise,Paid Search,17,1192.45,1143,11.9,2,61.6,0.476,1,1,2024-09-13,2025-12-31,17838.47,14,2024-08-29,2022-11-15,1274.18,2,31.6,0,489.0,0,61.1
C001258,2024-03-05,Mid-Market,North America,Starter,Organic,63,54.58,666,7.0,1,37.8,0.284,0,0,,2025-12-31,760.72,14,2025-12-03,2024-03-29,54.34,1,24.5,1,28.0,1,52.0
C001259,2024-02-12,Startup,North America,Starter,Organic,5,51.23,688,23.0,1,64.4,0.611,0,0,,2025-12-31,562.19,11,2025-12-11,2024-03-12,51.11,2,33.8,0,20.0,1,78.8
C001260,2025-02-20,Mid-Market,North America,Starter,Organic,70,50.18,314,4.1,2,2.7,0.467,1,1,2025-03-27,2025-12-31,60.26,1,2025-02-25,2025-02-25,60.26,2,5.9,0,309.0,0,47.9
C001261,2023-01-16,Startup,Europe,Pro,Paid Search,7,132.84,1080,14.0,2,9.9,0.422,0,0,,2025-12-31,3484.92,27,2025-12-26,2023-03-14,129.07,2,28.2,1,5.0,1,58.2
C001262,2025-08-15,Mid-Market,North America,Pro,Organic,27,159.15,138,22.0,0,20.8,0.126,0,0,,2025-12-31,340.73,2,2025-11-10,2025-08-30,170.36,1,4.2,0,51.0,1,60.5
C001263,2023-09-28,Enterprise,North America,Starter,Referral,442,46.88,825,25.0,1,33.1,0.268,0,0,,2025-12-31,630.33,13,2025-09-15,2024-04-28,48.49,1,6.0,0,107.0,1,67.2
C001264,2025-03-22,Mid-Market,Europe,Starter,Paid Search,70,56.49,284,21.0,1,36.2,0.43,0,0,,2025-12-31,218.95999999999998,4,2025-12-25,2025-05-24,54.74,1,6.4,0,6.0,1,68.8
C001265,2022-12-07,Enterprise,North America,Pro,Paid Search,217,150.89,1120,18.0,1,16.5,0.65,0,0,,2025-12-31,3058.79,22,2025-06-10,2022-12-13,139.04,1,49.8,0,204.0,1,70.7
C001266,2022-02-22,SMB,Europe,Pro,Paid Search,18,149.1,1408,19.0,1,10.2,0.527,0,0,,2025-12-31,5929.56,38,2025-12-17,2022-06-17,156.04,1,6.0,0,14.0,1,67.3
C001267,2022-03-20,SMB,APAC,Pro,Organic,16,139.14,1382,11.0,5,18.6,0.421,0,0,,2025-12-31,3196.6,23,2025-11-02,2022-04-29,138.98,5,33.7,0,59.0,1,51.8
C001268,2023-06-17,Mid-Market,LATAM,Starter,Sales,69,54.1,928,19.0,0,-7.7,0.271,0,0,,2025-12-31,756.5,14,2025-09-23,2023-08-29,54.04,0,0.0,0,99.0,1,59.3
C001269,2025-09-25,SMB,Europe,Starter,Partner,17,45.85,97,6.3,0,27.8,0.234,0,1,2025-12-14,2025-12-31,173.78,4,2025-12-09,2025-10-14,43.44,0,0.0,0,22.0,0,50.4
C001270,2022-03-11,SMB,North America,Starter,Referral,7,50.1,1391,14.0,0,33.5,0.837,0,0,,2025-12-31,1688.92,33,2025-12-31,2022-04-03,51.18,1,11.7,0,0.0,1,76.0
C001271,2023-06-12,Startup,North America,Enterprise,Paid Search,5,1304.84,933,8.0,4,46.0,0.252,1,0,,2025-12-31,18956.41,14,2025-11-21,2023-07-22,1354.03,5,17.0,0,40.0,1,46.3
C001272,2022-06-06,Startup,LATAM,Starter,Paid Search,3,57.45,1304,9.0,1,39.2,0.44,0,0,,2025-12-31,1126.42,20,2025-12-27,2022-08-28,56.32,2,3.6,0,4.0,1,58.7
C001273,2025-08-25,SMB,Europe,Pro,Organic,7,155.78,128,3.0,2,79.8,0.387,1,0,,2025-12-31,281.34000000000003,2,2025-12-24,2025-09-06,140.67,2,15.4,1,7.0,1,52.3
C001274,2024-08-23,Startup,APAC,Pro,Paid Search,7,142.52,495,20.0,0,55.3,0.52,1,0,,2025-12-31,1745.99,11,2025-11-09,2025-01-10,158.73,0,0.0,0,52.0,1,72.0
C001275,2024-12-26,SMB,Europe,Business,Partner,19,446.46,370,0.0,4,53.4,0.048,1,0,,2025-12-31,2091.97,6,2025-10-12,2025-01-11,348.66,5,26.2,0,80.0,1,33.8
C001276,2024-10-16,SMB,North America,Starter,Paid Search,12,48.53,441,3.0,5,44.1,0.635,0,0,,2025-12-31,318.79,7,2025-11-28,2024-10-28,45.54,5,9.3,1,33.0,1,53.6
C001277,2024-07-28,SMB,Europe,Starter,Organic,20,48.52,521,8.0,2,48.4,0.243,0,0,,2025-12-31,417.88,10,2025-12-18,2024-09-07,41.79,2,10.1,1,13.0,1,51.3
C001278,2025-01-11,Enterprise,APAC,Business,Organic,389,464.63,354,3.0,2,29.5,0.668,0,0,,2025-12-31,1960.31,4,2025-06-05,2025-03-10,490.08,3,11.2,0,209.0,1,57.7
C001279,2022-01-12,SMB,APAC,Starter,Organic,23,45.21,1449,20.0,1,37.5,0.38,0,0,,2025-12-31,1435.7,32,2025-11-23,2022-03-07,44.87,2,7.2,0,38.0,1,66.5
C001280,2025-05-22,Startup,North America,Pro,Paid Search,3,148.03,223,3.0,0,83.0,0.599,0,0,,2025-12-31,930.12,6,2025-12-11,2025-07-04,155.02,1,4.1,0,20.0,1,63.9
C001281,2024-11-24,Enterprise,Europe,Starter,Partner,462,52.83,402,12.0,1,33.2,0.676,0,0,,2025-12-31,454.14,9,2025-12-06,2024-11-30,50.46,2,27.4,0,25.0,1,67.8
C001282,2024-11-23,Startup,North America,Enterprise,Sales,4,1109.65,403,20.0,2,1.7,0.251,0,0,,2025-12-31,7510.24,6,2025-12-07,2024-12-21,1251.71,2,24.8,0,24.0,1,57.6
C001283,2023-07-17,Startup,LATAM,Pro,Organic,4,158.69,898,16.0,0,52.4,0.287,0,0,,2025-12-31,3048.66,19,2025-11-16,2023-07-31,160.46,0,0.0,0,45.0,1,63.1
C001284,2025-02-19,Mid-Market,North America,Free,Organic,39,0.0,315,5.1,3,56.9,0.819,0,1,2025-10-08,2025-12-31,11.45,6,2025-09-24,2025-03-15,1.91,4,17.5,0,98.0,0,65.3
C001285,2023-07-01,SMB,APAC,Business,Organic,7,391.56,914,3.2,0,38.9,0.59,1,1,2025-01-23,2025-12-31,4782.29,12,2024-08-02,2023-07-02,398.52,1,4.5,0,516.0,0,57.4
C001286,2022-03-12,Startup,North America,Pro,Organic,4,147.96,1390,12.0,1,-12.0,0.495,1,0,,2025-12-31,5320.28,37,2025-12-21,2022-05-24,143.79,3,17.0,1,10.0,1,55.9
C001287,2025-07-22,Startup,Europe,Pro,Partner,4,148.23,162,21.0,1,67.2,0.233,0,0,,2025-12-31,150.27,1,2025-11-08,2025-11-08,150.27,1,8.4,0,53.0,1,66.0
C001288,2022-12-02,Mid-Market,Europe,Starter,Organic,24,53.45,1125,13.0,1,40.7,0.474,0,0,,2025-12-31,1489.22,28,2025-12-27,2023-02-04,53.19,1,6.9,0,4.0,1,63.4
C001289,2022-05-26,Mid-Market,North America,Free,Sales,53,0.0,1315,19.0,2,27.2,0.666,0,0,,2025-12-31,172.64,27,2025-11-21,2022-06-13,6.39,2,43.2,0,40.0,0,71.7
C001290,2024-06-08,SMB,APAC,Pro,Referral,10,139.5,571,23.0,2,64.7,0.525,0,0,,2025-12-31,2137.0,16,2025-12-17,2024-10-02,133.56,2,15.6,0,14.0,1,74.8
C001291,2022-12-01,Mid-Market,APAC,Starter,Paid Search,18,44.34,1126,6.0,0,-15.6,0.583,0,0,,2025-12-31,1067.25,22,2025-11-13,2023-02-15,48.51,0,0.0,0,48.0,1,56.3
C001292,2025-05-12,Mid-Market,APAC,Business,Sales,72,464.75,233,3.0,2,37.8,0.508,0,0,,2025-12-31,4422.8,8,2025-12-26,2025-05-19,552.85,3,9.0,0,5.0,1,53.7
C001293,2023-09-27,Enterprise,North America,Starter,Partner,418,52.33,826,12.0,0,21.5,0.806,1,0,,2025-12-31,539.96,10,2025-12-27,2023-10-05,54.0,0,0.0,0,4.0,1,70.0
C001294,2022-01-07,Mid-Market,APAC,Pro,Sales,71,162.89,1454,10.0,0,72.3,0.426,1,0,,2025-12-31,4098.72,24,2025-10-04,2022-02-08,170.78,0,0.0,0,88.0,1,61.9
C001295,2025-09-22,SMB,Europe,Starter,Organic,5,53.24,100,4.0,1,41.1,0.308,0,0,,2025-12-31,168.5,3,2025-12-06,2025-10-15,56.17,1,7.0,0,25.0,1,50.4
C001296,2024-01-06,SMB,Europe,Pro,Sales,5,177.16,725,21.0,1,13.4,0.387,0,0,,2025-12-31,3220.33,17,2025-09-13,2024-02-03,189.43,1,7.9,0,109.0,1,65.2
C001297,2023-01-12,SMB,Europe,Free,Organic,8,0.0,1084,17.0,2,63.5,0.53,1,0,,2025-12-31,92.11,20,2025-12-03,2023-01-25,4.61,2,11.0,0,28.0,0,67.4
C001298,2024-08-26,SMB,Europe,Starter,Paid Search,15,49.02,492,18.0,1,-26.5,0.196,0,0,,2025-12-31,761.08,16,2025-12-14,2024-09-26,47.57,1,5.0,0,17.0,1,52.8
C001299,2024-01-29,SMB,North America,Starter,Sales,22,47.14,702,19.0,1,47.7,0.148,0,0,,2025-12-31,875.6700000000001,17,2025-12-02,2024-02-04,51.51,1,22.5,0,29.0,1,59.7
C001300,2022-02-12,Mid-Market,Europe,Pro,Paid Search,52,162.68,1418,12.0,2,3.4,0.317,0,0,,2025-12-31,4869.47,30,2025-09-20,2022-03-20,162.32,3,36.7,0,102.0,1,52.6
C001301,2024-12-22,Enterprise,North America,Starter,Organic,157,53.96,374,14.0,2,23.4,0.587,0,0,,2025-12-31,683.22,15,2025-11-17,2024-12-22,45.55,2,29.6,0,44.0,1,64.4
C001302,2023-07-28,Mid-Market,North America,Business,Organic,35,379.32,887,6.0,2,29.0,0.67,1,0,,2025-12-31,6822.37,17,2025-12-30,2023-07-30,401.32,2,6.7,0,1.0,1,58.4
C001303,2024-09-27,Mid-Market,North America,Free,Organic,56,0.0,460,20.0,0,57.8,0.338,0,0,,2025-12-31,51.54,11,2025-11-05,2024-10-15,4.69,1,62.3,0,56.0,0,68.8
C001304,2025-07-04,Mid-Market,North America,Pro,Paid Search,78,184.57,180,26.0,1,90.1,0.656,0,0,,2025-12-31,192.74,1,2025-09-10,2025-09-10,192.74,2,14.6,0,112.0,1,85.4
C001305,2024-05-23,Enterprise,APAC,Pro,Paid Search,187,166.59,587,5.1,3,-9.5,0.496,0,1,2025-07-16,2025-12-31,1716.97,11,2025-06-21,2024-06-15,156.09,4,30.2,1,193.0,0,49.0
C001306,2024-08-18,Mid-Market,Europe,Free,Paid Search,52,0.0,500,11.0,1,46.2,0.693,0,0,,2025-12-31,8.47,9,2025-12-09,2024-09-10,0.94,1,24.5,0,22.0,0,68.7
C001307,2022-12-31,SMB,North America,Free,Referral,15,0.0,1096,1.0,1,90.1,0.429,1,0,,2025-12-31,95.53,19,2025-11-15,2023-02-02,5.03,1,17.5,0,46.0,0,54.3
C001308,2022-12-06,SMB,APAC,Starter,Organic,3,51.47,1121,24.0,1,20.7,0.381,0,0,,2025-12-31,871.46,18,2025-11-05,2023-04-04,48.41,2,17.2,0,56.0,1,68.4
C001309,2023-08-17,Startup,LATAM,Pro,Referral,4,135.3,867,16.0,3,19.1,0.42,1,0,,2025-12-31,2352.07,19,2025-12-09,2023-09-20,123.79,4,6.4,0,22.0,1,57.3
C001310,2025-05-04,SMB,APAC,Enterprise,Partner,14,1357.46,241,21.0,0,40.9,0.612,1,0,,2025-12-31,1196.65,1,2025-10-17,2025-10-17,1196.65,0,0.0,0,75.0,1,74.2
C001311,2024-01-20,SMB,APAC,Free,Referral,16,0.0,711,1.7,0,55.7,0.191,2,1,2024-11-13,2025-12-31,16.46,7,2024-10-22,2024-03-04,2.35,0,0.0,0,435.0,0,43.8
C001312,2023-05-13,Mid-Market,LATAM,Pro,Referral,68,183.85,963,24.0,1,51.4,0.242,0,0,,2025-12-31,3027.78,18,2025-11-30,2023-07-29,168.21,1,19.9,0,31.0,1,67.3
C001313,2025-01-19,SMB,Europe,Pro,Sales,12,134.33,346,23.0,1,26.0,0.358,0,0,,2025-12-31,791.4,6,2025-12-13,2025-04-07,131.9,3,19.3,0,18.0,1,67.4
C001314,2025-05-05,Enterprise,LATAM,Pro,Organic,230,168.41,240,0.0,0,14.9,0.436,0,0,,2025-12-31,377.46000000000004,2,2025-12-12,2025-09-07,188.73,0,0.0,0,19.0,1,49.6
C001315,2025-07-14,SMB,LATAM,Pro,Partner,3,162.49,170,15.0,0,67.9,0.467,0,0,,2025-12-31,617.12,4,2025-11-29,2025-08-09,154.28,1,12.2,0,32.0,1,69.2
C001316,2023-03-04,Mid-Market,North America,Enterprise,Sales,46,1265.59,1033,13.0,1,15.6,0.482,0,0,,2025-12-31,33894.51,26,2025-12-15,2023-03-17,1303.64,1,5.4,0,16.0,1,61.1
C001317,2024-10-11,SMB,APAC,Pro,Referral,5,175.88,446,18.0,0,-12.9,0.336,0,0,,2025-12-31,927.1700000000001,5,2025-10-28,2024-10-28,185.43,1,11.8,0,64.0,1,59.9
C001318,2024-04-24,Mid-Market,APAC,Business,Organic,68,406.78,616,7.0,1,-1.3,0.639,0,0,,2025-12-31,4929.56,14,2025-12-25,2024-08-02,352.11,1,40.0,0,6.0,1,58.8
C001319,2023-10-05,SMB,APAC,Starter,Partner,17,44.42,818,0.5,2,20.6,0.188,0,1,2023-11-26,2025-12-31,53.96,1,2023-10-20,2023-10-20,53.96,3,11.7,1,803.0,0,40.1
C001320,2023-07-22,Startup,APAC,Business,Referral,5,436.16,893,7.0,0,72.3,0.501,0,0,,2025-12-31,10955.56,24,2025-12-11,2023-07-27,456.48,0,0.0,0,20.0,1,63.5
C001321,2022-06-13,SMB,North America,Enterprise,Organic,18,1276.21,1297,14.0,0,5.3,0.456,0,0,,2025-12-31,27335.81,20,2025-11-08,2022-07-02,1366.79,1,37.5,0,53.0,1,61.7
C001322,2023-01-28,SMB,Europe,Enterprise,Partner,5,1283.41,1068,7.0,0,73.0,0.219,1,0,,2025-12-31,37506.05,29,2025-11-23,2023-02-02,1293.31,1,13.9,0,38.0,1,53.1
C001323,2024-02-26,SMB,Europe,Starter,Referral,11,52.25,674,6.5,2,67.7,0.564,2,1,2025-09-09,2025-12-31,505.36,9,2025-03-31,2024-04-26,56.15,3,15.0,0,275.0,0,57.5
C001324,2025-06-21,Enterprise,APAC,Business,Paid Search,241,472.03,193,5.4,1,40.6,0.29,0,1,2025-11-28,2025-12-31,354.25,1,2025-06-29,2025-06-29,354.25,1,11.3,0,185.0,0,51.1
C001325,2025-05-23,SMB,APAC,Free,Organic,15,0.0,222,6.1,1,-28.7,0.424,0,1,2025-10-16,2025-12-31,30.55,2,2025-06-25,2025-06-05,15.28,4,17.4,1,189.0,0,48.8
C001326,2022-09-26,SMB,APAC,Pro,Paid Search,13,136.55,1192,11.0,2,5.4,0.623,0,0,,2025-12-31,3558.55,26,2025-12-22,2022-11-03,136.87,2,5.5,0,9.0,1,61.1
C001327,2024-08-29,Mid-Market,APAC,Starter,Partner,48,45.81,489,4.0,1,19.2,0.496,0,0,,2025-12-31,447.39,11,2025-12-22,2024-09-19,40.67,2,6.8,0,9.0,1,53.9
C001328,2022-05-02,Mid-Market,LATAM,Pro,Paid Search,60,138.52,1339,17.0,0,78.3,0.712,1,0,,2025-12-31,2794.81,21,2025-12-02,2022-06-17,133.09,0,0.0,0,29.0,1,77.4
C001329,2024-08-23,Startup,North America,Starter,Partner,3,57.37,495,5.0,0,20.8,0.178,0,0,,2025-12-31,505.31,9,2025-12-19,2024-09-22,56.15,2,7.2,0,12.0,1,46.9
C001330,2023-05-04,SMB,LATAM,Free,Paid Search,19,0.0,972,5.2,0,15.7,0.328,0,1,2025-05-20,2025-12-31,136.67000000000002,17,2025-05-12,2023-05-23,8.04,0,0.0,0,233.0,0,51.1
C001331,2023-10-06,SMB,North America,Starter,Referral,20,50.24,817,19.0,0,39.7,0.083,0,0,,2025-12-31,675.88,14,2025-08-17,2024-01-12,48.28,0,0.0,0,136.0,1,58.4
C001332,2024-10-23,SMB,Europe,Free,Referral,21,0.0,434,7.0,1,-0.2,0.459,0,0,,2025-12-31,47.94,12,2025-12-28,2025-02-22,3.99,1,5.2,0,3.0,0,53.5
C001333,2023-08-31,SMB,North America,Starter,Referral,14,44.73,853,1.0,1,34.4,0.662,0,0,,2025-12-31,937.3,20,2025-08-03,2023-10-05,46.86,1,10.1,1,150.0,1,57.7
C001334,2025-02-28,SMB,Europe,Business,Paid Search,12,445.52,306,10.0,0,15.0,0.434,0,0,,2025-12-31,3977.26,8,2025-10-26,2025-04-20,497.16,0,0.0,0,66.0,1,58.4
C001335,2024-02-03,Mid-Market,North America,Business,Organic,74,427.76,697,10.0,0,100.0,0.444,2,0,,2025-12-31,4508.46,10,2025-12-05,2024-05-26,450.85,1,8.4,0,26.0,1,63.2
C001336,2025-11-29,SMB,North America,Business,Referral,22,423.85,32,19.0,0,12.1,0.633,0,0,,2025-12-31,781.1800000000001,2,2025-12-12,2025-12-05,390.59,0,0.0,0,19.0,1,72.2
C001337,2024-07-01,SMB,Europe,Business,Organic,18,371.98,548,19.0,1,83.2,0.407,0,0,,2025-12-31,3058.5699999999997,8,2025-12-12,2024-10-19,382.32,1,14.9,0,19.0,1,71.0
C001338,2023-02-28,Enterprise,APAC,Starter,Paid Search,459,53.21,1037,0.0,0,6.5,0.389,2,0,,2025-12-31,1209.47,22,2025-12-06,2023-03-20,54.98,2,18.2,0,25.0,1,43.3
C001339,2025-01-13,SMB,North America,Pro,Organic,11,141.51,352,21.0,2,41.6,0.417,0,0,,2025-12-31,1284.45,9,2025-10-24,2025-02-20,142.72,2,16.7,0,68.0,1,67.4
C001340,2023-08-07,Mid-Market,APAC,Pro,Paid Search,43,136.55,877,20.0,2,47.5,0.402,0,0,,2025-12-31,3282.53,24,2025-12-09,2023-09-14,136.77,2,7.2,1,22.0,1,66.7
C001341,2024-02-03,SMB,North America,Free,Partner,7,0.0,697,4.0,3,38.5,0.435,0,0,,2025-12-31,83.36,15,2025-12-18,2024-02-09,5.56,3,7.5,1,13.0,0,51.0
C001342,2022-07-15,SMB,North America,Pro,Paid Search,10,137.61,1265,9.0,2,37.0,0.041,0,0,,2025-12-31,3450.26,27,2025-06-24,2022-09-03,127.79,3,4.9,0,190.0,1,45.0
C001343,2022-06-20,SMB,North America,Pro,Paid Search,16,142.58,1290,21.0,3,56.5,0.091,0,0,,2025-12-31,5148.05,35,2025-12-20,2022-06-29,147.09,4,19.7,0,11.0,1,57.6
C001344,2024-04-02,SMB,Europe,Pro,Organic,22,149.21,638,16.0,3,45.4,0.165,1,0,,2025-12-31,2892.79,19,2025-12-12,2024-06-10,152.25,4,14.6,0,19.0,1,52.3
C001345,2022-09-24,Startup,APAC,Business,Paid Search,3,404.32,1194,9.0,0,30.7,0.451,0,0,,2025-12-31,9445.26,22,2025-11-20,2022-09-25,429.33,0,0.0,0,41.0,1,59.6
C001346,2025-11-27,SMB,Europe,Free,Paid Search,12,0.0,34,21.0,3,18.1,0.27,0,0,,2025-12-31,0.0,0,,,0.0,3,14.4,0,,0,59.2
C001347,2025-05-08,SMB,APAC,Business,Referral,14,477.73,237,17.0,0,30.9,0.655,0,0,,2025-12-31,2098.23,4,2025-12-09,2025-06-07,524.56,0,0.0,0,22.0,1,72.9
C001348,2024-09-29,SMB,Europe,Starter,Sales,7,57.46,458,14.0,0,30.5,0.436,0,0,,2025-12-31,847.11,15,2025-12-20,2024-10-09,56.47,0,0.0,0,11.0,1,63.6
C001349,2024-11-16,Mid-Market,APAC,Business,Sales,74,400.73,410,0.0,0,30.1,0.418,0,0,,2025-12-31,1819.8600000000001,5,2025-12-30,2024-12-24,363.97,1,7.4,0,1.0,1,50.6
C001350,2024-05-01,Mid-Market,LATAM,Starter,Organic,71,52.37,609,7.9,3,36.9,0.202,1,1,2024-07-13,2025-12-31,60.43,1,2024-07-08,2024-07-08,60.43,3,10.8,0,541.0,0,45.3
C001351,2022-03-28,SMB,North America,Pro,Organic,3,158.07,1374,5.0,3,-0.2,0.519,0,0,,2025-12-31,3679.8,25,2025-10-18,2022-06-29,147.19,5,18.2,0,74.0,1,50.5
C001352,2023-07-16,Mid-Market,North America,Pro,Paid Search,62,146.17,899,25.0,1,9.3,0.741,1,0,,2025-12-31,1571.91,11,2025-07-11,2023-09-26,142.9,1,29.6,0,173.0,1,77.0
C001353,2023-12-10,Mid-Market,North America,Starter,Partner,64,55.13,752,5.0,0,55.8,0.258,1,0,,2025-12-31,1030.94,18,2025-10-01,2023-12-23,57.27,0,0.0,0,91.0,1,50.8
C001354,2025-08-01,Mid-Market,Europe,Starter,Referral,57,51.72,152,0.0,2,-21.3,0.648,0,1,2025-09-25,2025-12-31,72.07,1,2025-09-05,2025-09-05,72.07,4,13.6,0,117.0,0,49.3
C001355,2022-11-10,SMB,Europe,Starter,Referral,19,44.63,1147,10.0,3,64.9,0.446,0,0,,2025-12-31,693.6800000000001,16,2025-12-28,2022-11-15,43.36,3,14.5,0,3.0,1,59.3
C001356,2023-12-12,Mid-Market,North America,Pro,Paid Search,38,148.26,750,9.0,0,21.0,0.812,0,0,,2025-12-31,1868.78,13,2025-10-01,2024-01-03,143.75,0,0.0,0,91.0,1,69.5
C001357,2023-05-08,Startup,APAC,Enterprise,Partner,4,1120.95,968,9.0,2,76.7,0.161,1,0,,2025-12-31,21329.260000000002,19,2025-12-29,2023-07-14,1122.59,3,6.2,0,2.0,1,50.5
C001358,2022-07-12,SMB,LATAM,Starter,Sales,14,56.66,1268,25.0,0,65.7,0.76,1,0,,2025-12-31,1529.23,25,2025-10-04,2022-07-17,61.17,0,0.0,0,88.0,1,84.7
C001359,2022-05-28,SMB,North America,Pro,Organic,11,156.29,1313,7.0,0,26.8,0.347,2,0,,2025-12-31,2199.6,14,2025-07-12,2022-07-20,157.11,0,0.0,0,172.0,1,50.3
C001360,2023-06-07,Enterprise,North America,Business,Referral,218,399.58,938,23.0,0,29.4,0.659,1,0,,2025-12-31,7100.35,17,2025-12-06,2023-08-06,417.67,0,0.0,0,25.0,1,76.2
C001361,2022-04-28,SMB,North America,Pro,Referral,15,160.51,1343,4.0,2,74.8,0.528,0,0,,2025-12-31,3853.84,26,2025-12-28,2022-08-31,148.22,2,21.2,0,3.0,1,58.9
C001362,2022-04-07,Enterprise,North America,Business,Organic,176,431.88,1364,17.0,2,66.8,0.379,0,0,,2025-12-31,13507.73,31,2025-11-23,2022-04-12,435.73,3,9.2,0,38.0,1,65.2
C001363,2023-05-17,SMB,APAC,Starter,Sales,9,50.14,959,3.0,0,59.3,0.567,0,0,,2025-12-31,808.42,16,2025-11-01,2023-08-09,50.53,0,0.0,0,60.0,1,60.6
C001364,2022-10-16,Mid-Market,Europe,Starter,Referral,40,47.92,1172,6.0,2,63.6,0.371,0,0,,2025-12-31,556.13,11,2025-07-16,2022-11-16,50.56,3,11.4,0,168.0,1,54.8
C001365,2024-03-04,Startup,North America,Starter,Referral,4,52.69,667,4.0,0,7.8,0.413,2,0,,2025-12-31,667.98,12,2025-12-05,2024-06-21,55.66,0,0.0,0,26.0,1,47.7
C001366,2022-01-26,Mid-Market,Europe,Free,Organic,22,0.0,1435,9.0,1,40.1,0.632,1,0,,2025-12-31,151.29,34,2025-12-07,2022-05-02,4.45,3,43.0,1,24.0,0,62.5
C001367,2023-03-08,SMB,North America,Pro,Organic,16,156.74,1029,12.0,2,15.7,0.453,0,0,,2025-12-31,3905.23,26,2025-11-06,2023-03-08,150.2,3,10.2,1,55.0,1,57.9
C001368,2023-10-11,Mid-Market,Europe,Business,Partner,52,385.3,812,24.0,2,7.2,0.531,1,0,,2025-12-31,4561.26,13,2025-11-18,2023-10-16,350.87,2,25.8,0,43.0,1,68.1
C001369,2025-10-09,SMB,Europe,Free,Organic,21,0.0,83,21.0,0,39.1,0.69,1,0,,2025-12-31,14.46,1,2025-12-17,2025-12-17,14.46,0,0.0,0,14.0,0,76.4
C001370,2024-06-26,SMB,Europe,Enterprise,Organic,8,1182.81,553,19.0,2,24.7,0.849,0,0,,2025-12-31,10971.42,9,2025-12-15,2024-07-28,1219.05,2,45.3,1,16.0,1,76.9
C001371,2025-06-13,Mid-Market,Europe,Starter,Paid Search,22,58.06,201,8.3,2,30.8,0.374,0,1,2025-08-17,2025-12-31,111.05000000000001,2,2025-08-10,2025-08-01,55.53,2,21.0,0,143.0,0,53.7
C001372,2023-05-06,Mid-Market,APAC,Starter,Organic,56,54.93,970,7.0,0,22.5,0.246,0,0,,2025-12-31,1398.85,25,2025-12-11,2023-07-18,55.95,0,0.0,0,20.0,1,50.9
C001373,2023-10-06,Enterprise,North America,Business,Referral,185,497.1,817,8.0,0,3.6,0.31,1,0,,2025-12-31,7764.99,16,2025-12-10,2023-11-03,485.31,0,0.0,0,21.0,1,49.8
C001374,2023-08-25,Enterprise,APAC,Business,Paid Search,120,413.91,859,3.0,2,77.4,0.682,1,0,,2025-12-31,10693.7,25,2025-12-17,2023-09-04,427.75,2,18.0,1,14.0,1,60.9
C001375,2025-06-22,Startup,North America,Pro,Organic,4,171.0,192,18.0,0,38.9,0.185,0,0,,2025-12-31,112.93,1,2025-11-21,2025-11-21,112.93,0,0.0,0,40.0,1,60.5
C001376,2025-10-03,SMB,North America,Starter,Paid Search,14,56.17,89,11.6,2,-1.1,0.333,1,1,2025-12-02,2025-12-31,167.39,3,2025-10-22,2025-10-09,55.8,4,13.4,0,70.0,0,50.2
C001377,2025-10-08,Enterprise,APAC,Starter,Organic,96,60.69,84,8.4,1,39.5,0.293,0,1,2025-12-10,2025-12-31,233.89999999999998,4,2025-12-07,2025-11-04,58.47,2,11.2,0,24.0,0,53.7
C001378,2024-12-11,Startup,APAC,Starter,Organic,4,46.66,385,16.0,0,73.0,0.787,0,0,,2025-12-31,389.15999999999997,8,2025-12-29,2025-01-28,48.64,1,3.5,0,2.0,1,80.2
C001379,2023-12-21,Enterprise,North America,Business,Paid Search,316,504.65,741,10.0,0,59.0,0.349,1,0,,2025-12-31,9687.96,19,2025-10-28,2024-01-26,509.89,0,0.0,0,64.0,1,58.3
C001380,2024-02-13,SMB,Europe,Starter,Paid Search,22,54.56,687,26.0,2,22.0,0.58,0,0,,2025-12-31,1034.58,19,2025-12-30,2024-03-01,54.45,2,28.2,0,1.0,1,74.8
C001381,2025-11-03,SMB,APAC,Pro,Paid Search,8,166.49,58,24.0,5,22.6,0.11,0,0,,2025-12-31,184.17,1,2025-12-06,2025-12-06,184.17,6,11.0,0,25.0,1,54.5
C001382,2023-02-11,Startup,LATAM,Starter,Partner,1,45.0,1054,11.0,0,11.1,0.261,1,0,,2025-12-31,650.26,14,2025-12-29,2024-04-18,46.45,1,120.6,0,2.0,1,51.8
C001383,2023-05-11,SMB,Europe,Pro,Paid Search,18,144.33,965,21.0,1,16.4,0.709,0,0,,2025-12-31,2756.05,19,2025-12-18,2023-05-18,145.06,1,12.5,0,13.0,1,75.2
C001384,2025-07-06,SMB,North America,Starter,Partner,11,59.06,178,9.0,1,18.5,0.516,0,0,,2025-12-31,111.31,2,2025-12-16,2025-09-25,55.66,1,33.7,0,15.0,1,58.9
C001385,2023-07-07,Startup,Europe,Pro,Paid Search,5,167.49,908,3.0,2,-1.7,0.32,0,0,,2025-12-31,3079.4900000000002,17,2025-12-25,2023-08-08,181.15,3,15.7,0,6.0,1,44.1
C001386,2022-12-03,Enterprise,North America,Pro,Referral,177,183.63,1124,8.0,2,23.9,0.41,0,0,,2025-12-31,4451.14,25,2025-11-19,2023-01-24,178.05,2,31.7,1,42.0,1,53.8
C001387,2024-03-12,Startup,North America,Enterprise,Partner,3,1145.29,659,23.0,2,43.6,0.454,0,0,,2025-12-31,10560.17,9,2025-08-08,2024-03-28,1173.35,2,10.2,0,145.0,1,70.5
C001388,2023-04-11,Startup,Europe,Business,Organic,1,403.93,995,13.0,1,24.7,0.576,1,0,,2025-12-31,6529.27,16,2025-10-12,2023-06-18,408.08,1,11.1,0,80.0,1,62.9
C001389,2025-06-27,Startup,APAC,Pro,Partner,1,152.41,187,24.0,0,40.4,0.35,2,0,,2025-12-31,662.3,4,2025-10-28,2025-07-30,165.58,0,0.0,0,64.0,1,67.0
C001390,2025-07-23,Mid-Market,North America,Starter,Referral,29,48.67,161,9.0,2,75.5,0.411,0,0,,2025-12-31,223.44,5,2025-11-11,2025-07-24,44.69,2,13.3,0,50.0,1,59.9
C001391,2023-03-14,Mid-Market,APAC,Enterprise,Organic,73,1164.31,1023,12.0,1,80.9,0.403,0,0,,2025-12-31,35894.26,29,2025-12-02,2023-07-18,1237.73,1,9.2,0,29.0,1,64.4
C001392,2024-01-28,SMB,APAC,Business,Partner,20,383.41,703,2.0,1,33.3,0.771,0,0,,2025-12-31,4278.23,11,2025-11-06,2024-03-13,388.93,2,8.1,0,55.0,1,61.7
C001393,2025-11-08,SMB,APAC,Business,Referral,8,393.89,53,21.0,1,57.0,0.561,0,0,,2025-12-31,702.1700000000001,2,2025-12-21,2025-12-20,351.08,2,18.4,1,10.0,1,74.8
C001394,2024-11-27,SMB,North America,Pro,Organic,3,149.55,399,4.2,4,30.8,0.41,0,1,2025-04-01,2025-12-31,585.98,4,2025-03-30,2024-12-28,146.5,4,25.0,0,276.0,0,48.1
C001395,2022-11-05,Startup,North America,Starter,Sales,2,42.85,1152,2.0,0,22.8,0.297,0,0,,2025-12-31,1380.72,33,2025-12-16,2023-02-18,41.84,0,0.0,0,15.0,1,48.0
C001396,2024-04-24,SMB,North America,Business,Paid Search,22,421.11,616,4.1,0,7.1,0.518,0,1,2025-02-03,2025-12-31,5312.19,13,2025-01-16,2024-04-30,408.63,0,0.0,0,349.0,0,54.9
C001397,2024-06-05,Mid-Market,North America,Starter,Referral,15,52.16,574,18.0,1,37.2,0.692,0,0,,2025-12-31,460.31,9,2025-11-14,2024-11-24,51.15,1,5.4,0,47.0,1,74.1
C001398,2024-07-23,SMB,North America,Starter,Sales,20,51.6,526,9.2,1,62.1,0.346,0,1,2025-10-04,2025-12-31,690.53,13,2025-10-01,2024-09-06,53.12,3,7.7,0,91.0,0,58.3
C001399,2022-02-05,Mid-Market,North America,Starter,Sales,50,54.32,1425,26.0,0,3.1,0.437,0,0,,2025-12-31,1973.69,35,2025-12-17,2022-02-08,56.39,1,14.6,0,14.0,1,71.6
C001400,2023-03-05,Mid-Market,North America,Pro,Partner,77,142.04,1032,6.0,1,27.8,0.158,0,0,,2025-12-31,3136.11,22,2025-10-23,2023-03-20,142.55,1,33.4,0,69.0,1,46.4
C001401,2025-05-07,Mid-Market,North America,Starter,Referral,44,58.76,238,16.0,1,26.6,0.643,0,0,,2025-12-31,431.02,7,2025-11-08,2025-05-31,61.57,2,5.7,0,53.0,1,69.7
C001402,2022-12-12,Startup,LATAM,Pro,Organic,3,140.9,1115,12.0,0,41.2,0.609,1,0,,2025-12-31,2101.08,14,2025-11-25,2023-01-11,150.08,0,0.0,0,36.0,1,66.1
C001403,2023-03-05,SMB,APAC,Pro,Organic,8,152.64,1032,20.0,0,41.6,0.719,0,0,,2025-12-31,2741.75,18,2025-11-30,2023-08-14,152.32,1,18.5,0,31.0,1,78.6
C001404,2023-04-07,SMB,North America,Pro,Referral,8,172.18,999,18.0,1,48.4,0.647,0,0,,2025-12-31,4293.29,25,2025-12-22,2023-05-08,171.73,1,7.6,0,9.0,1,73.8
C001405,2022-09-11,Mid-Market,LATAM,Free,Paid Search,48,0.0,1207,1.0,2,82.4,0.402,0,0,,2025-12-31,145.35,25,2025-09-06,2022-09-21,5.81,2,13.3,0,116.0,0,53.2
C001406,2022-08-11,SMB,North America,Enterprise,Referral,3,1315.44,1238,4.0,0,13.2,0.757,0,0,,2025-12-31,37931.3,27,2025-12-18,2022-08-14,1404.86,0,0.0,0,13.0,1,62.6
C001407,2023-05-12,Startup,Europe,Starter,Organic,7,55.64,964,16.0,1,11.9,0.538,0,0,,2025-12-31,934.03,16,2025-12-07,2023-06-14,58.38,1,8.0,0,24.0,1,65.1
C001408,2025-06-04,Startup,APAC,Starter,Organic,7,58.19,210,14.0,2,41.2,0.835,0,0,,2025-12-31,317.93,5,2025-11-08,2025-06-04,63.59,3,15.0,0,53.0,1,73.7
C001409,2022-01-03,SMB,Europe,Pro,Organic,4,132.62,1458,24.0,0,71.3,0.459,0,0,,2025-12-31,3633.44,29,2025-11-24,2022-03-30,125.29,0,0.0,0,37.0,1,77.3
C001410,2023-02-10,Startup,North America,Starter,Paid Search,7,58.65,1055,23.0,2,-1.6,0.412,0,0,,2025-12-31,1225.6299999999999,20,2025-12-04,2023-03-09,61.28,3,7.1,0,27.0,1,64.7
C001411,2022-03-28,SMB,North America,Pro,Organic,20,178.7,1374,1.0,1,43.3,0.709,1,0,,2025-12-31,5362.3,31,2025-11-06,2022-06-14,172.98,2,22.3,0,55.0,1,58.0
C001412,2024-03-13,SMB,Europe,Free,Paid Search,7,0.0,658,16.0,2,30.0,0.662,0,0,,2025-12-31,130.57,17,2025-12-05,2024-03-18,7.68,3,39.5,0,26.0,0,69.1
C001413,2022-12-25,Startup,Europe,Business,Sales,3,384.82,1102,11.0,0,56.4,0.139,1,0,,2025-12-31,8828.45,23,2025-11-21,2023-01-07,383.85,1,24.0,0,40.0,1,52.6
C001414,2025-02-06,Mid-Market,Europe,Free,Referral,68,0.0,328,13.0,2,50.7,0.58,0,0,,2025-12-31,46.55,7,2025-11-08,2025-04-13,6.65,5,23.2,0,53.0,0,66.1
C001415,2024-04-16,Mid-Market,Europe,Enterprise,Referral,17,1414.26,624,1.0,1,36.2,0.348,0,0,,2025-12-31,13730.14,10,2025-12-17,2024-05-06,1373.01,1,4.9,0,14.0,1,48.5
C001416,2025-01-25,Mid-Market,North America,Pro,Organic,48,162.63,340,23.0,0,47.2,0.533,2,0,,2025-12-31,1739.26,12,2025-11-12,2025-01-26,144.94,1,20.0,0,49.0,1,72.2
C001417,2024-06-26,SMB,Europe,Free,Paid Search,8,0.0,553,4.0,0,18.5,0.557,1,0,,2025-12-31,66.94,12,2025-12-24,2024-11-14,5.58,0,0.0,0,7.0,0,55.1
C001418,2023-09-19,SMB,North America,Pro,Partner,4,136.25,834,26.0,2,55.0,0.189,0,0,,2025-12-31,2241.88,17,2025-11-05,2023-10-21,131.88,2,22.8,0,56.0,1,66.4
C001419,2025-05-16,SMB,APAC,Starter,Organic,23,55.61,229,26.0,0,69.7,0.768,0,0,,2025-12-31,465.46000000000004,9,2025-11-26,2025-07-29,51.72,0,0.0,0,35.0,1,88.2
C001420,2023-11-13,SMB,APAC,Enterprise,Paid Search,9,1255.01,779,22.0,1,37.5,0.508,1,0,,2025-12-31,20771.85,17,2025-12-20,2024-01-25,1221.87,2,15.8,0,11.0,1,70.1
C001421,2025-09-20,Mid-Market,Europe,Business,Sales,20,373.05,102,3.0,2,24.8,0.466,0,0,,2025-12-31,476.55,1,2025-12-06,2025-12-06,476.55,2,24.7,0,25.0,1,51.1
C001422,2025-11-23,Startup,APAC,Pro,Organic,5,173.43,38,11.0,2,31.4,0.245,0,0,,2025-12-31,239.91,1,2025-12-04,2025-12-04,239.91,2,52.0,0,27.0,1,52.3
C001423,2024-04-22,Mid-Market,North America,Starter,Sales,21,47.93,618,0.0,2,54.7,0.383,0,0,,2025-12-31,574.81,12,2025-11-05,2024-10-25,47.9,3,13.0,0,56.0,1,49.0
C001424,2024-08-22,Startup,North America,Enterprise,Organic,4,1250.78,496,17.0,0,34.0,0.697,0,0,,2025-12-31,12346.02,10,2025-11-22,2024-11-03,1234.6,0,0.0,0,39.0,1,74.5
C001425,2023-01-01,Mid-Market,Europe,Pro,Organic,35,175.68,1095,24.0,1,5.0,0.418,1,0,,2025-12-31,5312.15,31,2025-11-27,2023-01-04,171.36,2,13.7,1,34.0,1,66.0
C001426,2025-03-10,SMB,Europe,Pro,Organic,5,162.44,296,14.0,2,58.8,0.774,0,0,,2025-12-31,706.02,4,2025-11-18,2025-03-17,176.5,2,15.9,0,43.0,1,73.6
C001427,2024-08-18,SMB,APAC,Starter,Sales,19,47.8,500,0.0,1,10.4,0.394,0,0,,2025-12-31,566.92,11,2025-12-30,2024-08-23,51.54,1,19.8,0,1.0,1,46.4
C001428,2025-07-14,Startup,LATAM,Starter,Partner,4,58.16,170,8.0,0,45.6,0.162,0,0,,2025-12-31,128.69,2,2025-12-22,2025-12-10,64.34,1,36.9,0,9.0,1,51.6
C001429,2023-01-17,Mid-Market,North America,Pro,Referral,77,142.2,1079,4.0,0,-11.7,0.527,0,0,,2025-12-31,2451.24,17,2025-12-20,2023-03-07,144.19,0,0.0,0,11.0,1,53.2
C001430,2025-01-31,Startup,North America,Pro,Paid Search,2,166.23,334,12.0,1,37.7,0.446,1,0,,2025-12-31,1104.67,7,2025-12-21,2025-04-07,157.81,2,32.8,0,10.0,1,59.4
C001431,2023-11-04,SMB,Europe,Business,Referral,13,415.54,788,10.0,1,33.3,0.191,0,0,,2025-12-31,6690.16,16,2025-12-15,2024-01-15,418.14,2,11.2,0,16.0,1,51.5
C001432,2022-09-22,SMB,North America,Pro,Partner,6,134.93,1196,23.0,0,-14.2,0.122,0,0,,2025-12-31,5053.41,37,2025-12-19,2022-11-13,136.58,0,0.0,0,12.0,1,57.8
C001433,2022-09-02,SMB,North America,Pro,Partner,4,141.92,1216,6.0,0,43.3,0.147,2,0,,2025-12-31,3963.01,27,2025-12-18,2022-11-01,146.78,2,15.4,0,13.0,1,45.1
C001434,2024-03-14,Enterprise,LATAM,Pro,Referral,59,141.05,657,5.0,2,7.5,0.385,0,1,2024-11-28,2025-12-31,324.86,3,2024-09-23,2024-08-15,108.29,3,26.7,0,464.0,0,48.8
C001435,2023-04-02,SMB,APAC,Business,Referral,15,384.1,1004,6.0,2,37.1,0.432,0,0,,2025-12-31,7305.900000000001,19,2025-10-26,2023-06-09,384.52,2,6.5,1,66.0,1,54.0
C001436,2022-05-26,Mid-Market,LATAM,Starter,Partner,78,59.43,1315,24.0,0,24.7,0.49,0,0,,2025-12-31,1856.6100000000001,29,2025-11-11,2022-08-05,64.02,0,0.0,0,50.0,1,73.6
C001437,2023-09-03,Mid-Market,North America,Business,Organic,45,402.81,850,8.0,2,-2.0,0.167,0,0,,2025-12-31,6255.09,16,2025-12-16,2023-09-13,390.94,3,27.8,0,15.0,1,44.0
C001438,2024-07-22,SMB,North America,Starter,Referral,22,53.8,527,27.0,1,8.9,0.478,0,0,,2025-12-31,221.38,4,2025-10-03,2024-11-26,55.34,1,19.8,0,89.0,1,72.8
C001439,2023-04-02,SMB,Europe,Pro,Organic,15,143.09,1004,18.0,4,10.9,0.112,1,0,,2025-12-31,2803.13,19,2025-12-29,2023-05-05,147.53,4,18.2,0,2.0,1,47.5
C001440,2025-09-28,Enterprise,LATAM,Business,Sales,166,406.19,94,8.0,1,59.6,0.279,0,0,,2025-12-31,731.48,2,2025-12-14,2025-11-04,365.74,1,4.1,0,17.0,1,55.0
C001441,2025-01-19,Enterprise,North America,Business,Paid Search,424,427.54,346,16.0,0,55.9,0.48,0,0,,2025-12-31,3007.79,8,2025-10-31,2025-04-05,375.97,1,31.3,0,61.0,1,69.3
C001442,2024-01-04,Mid-Market,North America,Starter,Organic,77,60.43,727,3.0,0,89.9,0.559,0,0,,2025-12-31,952.32,16,2025-12-19,2024-03-01,59.52,1,10.3,0,12.0,1,63.4
C001443,2025-08-29,Mid-Market,North America,Pro,Paid Search,78,147.99,124,25.0,3,22.2,0.14,0,0,,2025-12-31,610.6700000000001,5,2025-11-12,2025-09-07,122.13,3,14.7,0,49.0,1,59.2
C001444,2023-09-12,SMB,APAC,Starter,Partner,22,54.53,841,26.0,0,21.4,0.436,0,0,,2025-12-31,1088.23,20,2025-11-27,2023-11-26,54.41,1,15.9,0,34.0,1,73.4
C001445,2022-07-19,Mid-Market,APAC,Free,Paid Search,23,0.0,1261,8.0,1,38.4,0.311,0,0,,2025-12-31,112.52,20,2025-12-09,2022-08-08,5.63,2,10.4,0,22.0,0,53.8
C001446,2022-02-21,Startup,APAC,Business,Referral,5,368.99,1409,4.0,1,26.1,0.253,0,0,,2025-12-31,8101.34,23,2025-12-30,2022-03-17,352.23,1,4.0,0,1.0,1,47.3
C001447,2025-09-03,Mid-Market,North America,Business,Partner,40,435.65,119,11.0,4,20.4,0.226,0,0,,2025-12-31,1123.87,2,2025-09-30,2025-09-10,561.93,4,18.6,0,92.0,1,47.6
C001448,2025-10-04,Enterprise,APAC,Free,Organic,246,0.0,88,21.0,0,36.4,0.487,0,0,,2025-12-31,0.0,0,,,0.0,0,0.0,0,,0,72.0
C001449,2024-11-23,Startup,Europe,Enterprise,Paid Search,6,1386.12,403,17.0,1,52.6,0.349,1,0,,2025-12-31,13565.42,9,2025-12-25,2025-01-07,1507.27,1,17.5,0,6.0,1,62.4
C001450,2022-05-28,Mid-Market,North America,Starter,Referral,48,59.56,1313,1.0,1,-17.8,0.523,1,0,,2025-12-31,1534.98,26,2025-11-23,2022-08-29,59.04,1,12.1,0,38.0,1,46.3
C001451,2023-02-24,SMB,North America,Enterprise,Sales,22,1302.1,1041,0.0,2,20.7,0.483,0,0,,2025-12-31,26783.75,20,2025-12-20,2023-04-09,1339.19,2,19.1,0,11.0,1,48.6
C001452,2022-02-28,Startup,Europe,Business,Paid Search,2,382.5,1402,6.0,2,-0.1,0.523,0,0,,2025-12-31,11676.15,31,2025-12-18,2022-05-29,376.65,2,14.6,0,13.0,1,53.0
C001453,2022-03-15,Startup,North America,Enterprise,Sales,5,1254.89,1387,21.0,2,31.2,0.383,1,0,,2025-12-31,46805.29,35,2025-11-17,2022-04-14,1337.29,2,7.8,0,44.0,1,63.4
C001454,2022-12-18,SMB,LATAM,Business,Organic,6,462.41,1109,7.0,2,45.8,0.458,0,0,,2025-12-31,9645.7,21,2025-12-20,2022-12-29,459.32,2,14.3,0,11.0,1,56.6
C001455,2024-03-29,Enterprise,Europe,Enterprise,Partner,472,1418.49,642,25.0,1,62.9,0.517,0,0,,2025-12-31,15422.49,11,2025-08-04,2024-04-03,1402.04,2,15.0,0,149.0,1,77.6
C001456,2022-04-04,SMB,North America,Pro,Referral,14,137.6,1367,8.0,2,24.2,0.473,1,0,,2025-12-31,2943.19,24,2025-11-29,2022-05-05,122.63,3,23.0,1,32.0,1,53.8
C001457,2025-11-08,Startup,Europe,Starter,Paid Search,1,43.19,53,24.0,2,37.7,0.57,0,0,,2025-12-31,39.39,1,2025-12-02,2025-12-02,39.39,2,10.2,1,29.0,1,74.3
C001458,2023-10-13,Startup,Europe,Starter,Organic,5,45.5,810,25.0,4,-7.1,0.354,1,0,,2025-12-31,668.87,16,2025-11-23,2023-10-18,41.8,4,5.7,0,38.0,1,59.2
C001459,2023-01-13,Enterprise,North America,Business,Partner,105,444.88,1083,20.0,0,13.5,0.439,1,0,,2025-12-31,9099.15,21,2025-11-23,2023-03-21,433.29,1,10.2,0,38.0,1,65.4
C001460,2024-01-09,Mid-Market,Europe,Starter,Paid Search,44,47.48,722,2.2,0,40.2,0.034,1,1,2024-06-06,2025-12-31,308.5,6,2024-05-06,2024-01-14,51.42,0,0.0,0,604.0,0,40.0
C001461,2025-02-03,Mid-Market,North America,Enterprise,Organic,36,1191.75,331,2.0,1,1.0,0.231,0,0,,2025-12-31,8221.31,6,2025-11-21,2025-03-23,1370.22,1,13.5,0,40.0,1,42.3
C001462,2023-03-23,Mid-Market,North America,Starter,Organic,34,52.93,1014,4.0,2,65.9,0.217,0,0,,2025-12-31,1126.7,24,2025-11-03,2023-05-13,46.95,2,40.8,0,58.0,1,48.7
C001463,2022-03-09,SMB,APAC,Business,Referral,22,432.44,1393,17.0,1,48.1,0.514,0,0,,2025-12-31,14036.51,31,2025-12-18,2022-03-18,452.79,2,46.2,0,13.0,1,68.9
C001464,2022-03-14,Mid-Market,Europe,Pro,Organic,22,173.77,1388,19.0,0,12.4,0.479,1,0,,2025-12-31,5553.45,34,2025-12-28,2022-05-30,163.34,1,20.7,0,3.0,1,65.6
C001465,2025-05-03,Mid-Market,North America,Business,Paid Search,22,415.98,242,8.8,1,-2.1,0.623,0,1,2025-12-18,2025-12-31,1628.93,4,2025-12-11,2025-08-02,407.23,1,3.2,0,20.0,0,59.8
C001466,2022-06-09,Enterprise,North America,Enterprise,Sales,196,1437.37,1301,26.0,0,17.0,0.512,0,0,,2025-12-31,47950.14,33,2025-11-15,2022-07-27,1453.03,1,9.4,0,46.0,1,75.3
C001467,2024-06-27,SMB,Europe,Starter,Referral,4,44.2,552,8.0,3,12.5,0.427,1,0,,2025-12-31,544.41,11,2025-12-25,2024-07-05,49.49,4,14.5,1,6.0,1,49.7
C001468,2023-07-04,Mid-Market,North America,Pro,Paid Search,38,161.94,911,10.0,0,4.6,0.475,0,0,,2025-12-31,2770.76,15,2025-12-06,2023-08-30,184.72,1,16.2,0,25.0,1,58.6
C001469,2025-01-16,SMB,LATAM,Starter,Paid Search,18,50.79,349,12.3,0,-0.2,0.4,1,1,2025-11-01,2025-12-31,169.57,3,2025-09-01,2025-07-07,56.52,0,0.0,0,121.0,0,56.0
C001470,2022-03-28,Mid-Market,Europe,Business,Organic,47,484.66,1374,21.0,0,29.2,0.266,0,0,,2025-12-31,12653.51,25,2025-09-19,2022-05-06,506.14,0,0.0,0,103.0,1,64.6
C001471,2025-07-07,Startup,APAC,Business,Paid Search,2,434.71,177,8.0,1,53.3,0.135,0,0,,2025-12-31,1774.1100000000001,4,2025-12-14,2025-07-16,443.53,1,32.2,0,17.0,1,50.0
C001472,2024-09-25,Mid-Market,North America,Starter,Organic,49,55.87,462,0.0,1,17.2,0.401,0,1,2025-12-06,2025-12-31,671.52,12,2025-11-12,2024-10-03,55.96,1,3.0,0,49.0,0,47.2
C001473,2023-10-05,SMB,APAC,Free,Organic,18,0.0,818,2.0,1,46.1,0.69,0,0,,2025-12-31,44.29,11,2025-07-15,2023-11-01,4.03,2,13.1,0,169.0,0,60.6
C001474,2022-10-24,Mid-Market,North America,Starter,Organic,25,48.24,1164,23.0,0,26.8,0.543,1,0,,2025-12-31,1085.31,21,2025-12-29,2022-11-20,51.68,1,30.7,0,2.0,1,72.5
C001475,2025-10-29,Enterprise,North America,Starter,Partner,333,58.93,63,9.0,0,50.3,0.457,0,0,,2025-12-31,64.68,1,2025-11-26,2025-11-26,64.68,0,0.0,0,35.0,1,61.8
C001476,2023-03-08,Mid-Market,North America,Business,Organic,51,477.83,1029,20.0,3,15.3,0.747,0,0,,2025-12-31,11446.48,25,2025-12-27,2023-05-09,457.86,3,18.5,0,4.0,1,72.3
C001477,2023-12-03,Enterprise,North America,Starter,Organic,478,63.19,759,22.0,2,42.0,0.478,0,0,,2025-12-31,775.61,13,2025-10-30,2024-03-02,59.66,2,24.0,0,62.0,1,70.2
C001478,2023-07-18,Mid-Market,LATAM,Enterprise,Referral,30,1255.14,897,25.0,4,38.0,0.369,0,0,,2025-12-31,17522.27,16,2025-10-28,2024-01-26,1095.14,4,11.0,0,64.0,1,66.2
C001479,2022-11-26,SMB,APAC,Enterprise,Organic,11,1322.33,1131,13.0,0,69.1,0.616,0,0,,2025-12-31,14942.43,12,2025-11-13,2022-11-26,1245.2,0,0.0,0,48.0,1,72.0
C001480,2023-08-19,SMB,Europe,Enterprise,Referral,13,1145.26,865,17.0,0,49.0,0.358,0,0,,2025-12-31,18044.56,16,2025-10-07,2023-08-22,1127.79,0,0.0,0,85.0,1,65.8
C001481,2022-08-05,Enterprise,Europe,Pro,Paid Search,404,169.84,1244,5.0,0,41.4,0.253,0,0,,2025-12-31,3978.22,24,2025-12-24,2022-09-03,165.76,0,0.0,0,7.0,1,51.2
C001482,2022-01-03,SMB,Europe,Starter,Partner,3,49.54,1458,26.0,0,-1.7,0.335,0,0,,2025-12-31,1291.86,26,2025-12-27,2022-02-27,49.69,0,0.0,0,4.0,1,68.1
C001483,2023-02-19,SMB,Europe,Business,Organic,6,369.5,1046,24.0,1,21.9,0.224,0,0,,2025-12-31,10441.84,27,2025-12-06,2023-02-27,386.73,2,3.6,0,25.0,1,63.8
C001484,2022-06-10,Mid-Market,APAC,Pro,Organic,66,181.77,1300,10.0,3,15.0,0.518,0,0,,2025-12-31,4602.8099999999995,26,2025-12-05,2022-07-21,177.03,4,24.2,0,26.0,1,56.5
C001485,2023-08-17,Mid-Market,Europe,Enterprise,Referral,21,1427.81,867,10.0,0,14.4,0.156,0,0,,2025-12-31,30337.67,22,2025-12-16,2023-08-21,1378.98,1,12.4,0,15.0,1,50.0
C001486,2025-05-18,Enterprise,APAC,Starter,Paid Search,193,61.61,227,20.0,2,35.4,0.52,0,0,,2025-12-31,128.36,2,2025-08-28,2025-08-27,64.18,3,24.4,0,125.0,1,69.0
C001487,2022-08-21,Mid-Market,North America,Free,Organic,24,0.0,1228,11.0,1,41.0,0.556,0,0,,2025-12-31,97.01,23,2025-09-28,2023-01-01,4.22,2,51.1,0,94.0,0,64.1
C001488,2022-01-02,SMB,LATAM,Enterprise,Paid Search,8,1071.93,1459,20.0,2,42.0,0.505,0,0,,2025-12-31,30644.93,28,2025-10-13,2022-02-18,1094.46,2,10.2,0,79.0,1,69.2
C001489,2022-06-08,Startup,North America,Business,Paid Search,5,443.4,1302,2.0,1,66.5,0.622,1,0,,2025-12-31,11711.05,28,2025-12-08,2022-08-05,418.25,1,12.0,0,23.0,1,58.6
C001490,2023-12-28,Startup,North America,Starter,Organic,7,47.53,734,7.0,1,47.1,0.523,1,0,,2025-12-31,571.3199999999999,13,2025-12-12,2024-01-03,43.95,1,85.6,0,19.0,1,58.2
C001491,2023-01-29,Startup,APAC,Pro,Paid Search,3,159.04,1067,21.0,3,4.3,0.163,1,0,,2025-12-31,2597.48,17,2025-11-06,2023-04-07,152.79,3,10.7,0,55.0,1,52.6
C001492,2023-12-01,SMB,North America,Free,Paid Search,10,0.0,761,25.0,0,40.1,0.678,0,0,,2025-12-31,111.5,20,2025-12-26,2023-12-05,5.58,0,0.0,0,5.0,0,81.7
C001493,2022-02-11,Enterprise,North America,Pro,Partner,306,169.97,1419,0.0,1,49.6,0.33,0,0,,2025-12-31,5917.39,35,2025-11-13,2022-03-15,169.07,2,7.8,0,48.0,1,48.4
C001494,2023-04-22,Mid-Market,North America,Starter,Referral,24,52.09,984,21.0,1,66.6,0.659,2,0,,2025-12-31,1359.08,26,2025-12-14,2023-05-29,52.27,2,24.6,1,17.0,1,74.7
C001495,2023-08-10,Mid-Market,Europe,Starter,Paid Search,62,45.26,874,1.0,2,31.1,0.436,0,0,,2025-12-31,855.8,17,2025-12-05,2023-09-27,50.34,3,18.7,1,26.0,1,49.1
C001496,2023-09-09,Enterprise,LATAM,Starter,Sales,83,49.62,844,24.0,1,31.4,0.786,0,0,,2025-12-31,836.91,18,2025-11-10,2023-10-28,46.5,2,17.3,0,51.0,1,81.6
C001497,2024-02-28,Enterprise,APAC,Starter,Paid Search,302,61.51,672,7.0,0,62.0,0.499,2,0,,2025-12-31,1074.55,16,2025-12-09,2024-03-20,67.16,0,0.0,0,22.0,1,58.4
C001498,2025-01-21,SMB,Europe,Pro,Paid Search,14,153.43,344,10.0,1,39.5,0.401,0,0,,2025-12-31,1494.46,10,2025-12-30,2025-03-17,149.45,1,5.2,0,1.0,1,58.4
C001499,2023-10-31,Mid-Market,LATAM,Starter,Partner,48,49.91,792,20.0,0,-5.0,0.186,1,0,,2025-12-31,868.81,17,2025-10-07,2023-11-21,51.11,0,0.0,0,85.0,1,55.9
C001500,2025-04-17,Mid-Market,Europe,Pro,Partner,69,138.57,258,23.0,0,-10.3,0.163,0,0,,2025-12-31,981.56,7,2025-11-24,2025-04-18,140.22,0,0.0,0,37.0,1,59.4
C001501,2024-01-28,SMB,APAC,Pro,Organic,21,152.1,703,11.0,2,81.0,0.717,1,0,,2025-12-31,1471.9,11,2025-11-11,2024-03-01,133.81,3,10.4,0,50.0,1,69.4
C001502,2023-01-08,Mid-Market,North America,Pro,Sales,64,147.99,1088,8.0,4,-7.8,0.483,2,0,,2025-12-31,2183.43,16,2025-11-15,2023-08-11,136.46,4,10.1,1,46.0,1,45.9
C001503,2022-11-24,Startup,Europe,Pro,Sales,2,153.23,1133,27.0,0,30.8,0.335,0,0,,2025-12-31,4008.7,26,2025-12-28,2023-01-06,154.18,1,1.2,0,3.0,1,72.2
C001504,2023-04-07,Mid-Market,North America,Starter,Organic,29,55.36,999,27.0,4,57.1,0.293,0,0,,2025-12-31,1432.23,26,2025-12-27,2023-04-22,55.09,4,14.5,0,4.0,1,67.6
C001505,2024-05-04,SMB,North America,Free,Partner,23,0.0,606,6.5,1,-9.1,0.751,0,1,2025-06-13,2025-12-31,47.1,10,2025-06-10,2024-05-07,4.71,1,55.1,0,204.0,0,60.9
C001506,2022-12-13,Mid-Market,APAC,Business,Referral,30,453.51,1114,0.0,2,8.0,0.595,1,1,2025-01-19,2025-12-31,7700.45,17,2024-12-23,2023-02-01,452.97,2,12.4,0,373.0,0,48.6
C001507,2025-07-31,SMB,North America,Business,Sales,5,354.11,153,27.0,2,3.8,0.618,1,0,,2025-12-31,1255.59,3,2025-09-20,2025-08-01,418.53,2,15.2,0,102.0,1,73.0
C001508,2023-11-18,Mid-Market,Europe,Enterprise,Partner,21,1344.4,774,17.0,0,80.0,0.175,0,0,,2025-12-31,20912.64,15,2025-12-20,2023-12-14,1394.18,0,0.0,0,11.0,1,63.4
C001509,2025-05-19,Mid-Market,APAC,Enterprise,Organic,24,1144.91,226,15.0,0,85.5,0.193,0,0,,2025-12-31,4630.52,4,2025-12-03,2025-08-30,1157.63,0,0.0,0,28.0,1,62.7
C001510,2024-09-04,SMB,North America,Pro,Partner,17,150.43,483,3.0,1,16.6,0.103,0,0,,2025-12-31,1662.74,11,2025-12-27,2024-10-08,151.16,1,15.3,0,4.0,1,40.9
C001511,2023-04-22,Mid-Market,Europe,Business,Organic,42,380.48,984,27.0,1,49.5,0.599,0,0,,2025-12-31,10812.62,26,2025-12-30,2023-06-04,415.87,2,8.6,0,1.0,1,80.5
C001512,2022-11-23,Mid-Market,APAC,Starter,Partner,31,53.25,1134,20.0,1,42.7,0.657,1,0,,2025-12-31,1375.29,25,2025-12-07,2022-11-23,55.01,2,7.3,0,24.0,1,73.3
C001513,2024-11-29,Startup,APAC,Business,Partner,7,451.96,397,6.0,1,28.0,0.502,0,0,,2025-12-31,3113.9,7,2025-11-13,2025-01-27,444.84,2,4.6,0,48.0,1,56.7
C001514,2023-04-18,Enterprise,North America,Enterprise,Partner,332,1363.65,988,10.0,1,-5.7,0.287,0,0,,2025-12-31,26119.04,19,2025-12-04,2023-05-07,1374.69,1,16.2,0,27.0,1,50.5
C001515,2022-12-20,SMB,LATAM,Business,Organic,9,467.86,1107,9.0,0,92.7,0.649,1,0,,2025-12-31,6815.39,15,2025-11-02,2023-01-29,454.36,0,0.0,0,59.0,1,69.8
C001516,2025-08-23,SMB,APAC,Starter,Paid Search,11,44.21,130,24.0,2,-10.4,0.196,0,0,,2025-12-31,156.26,4,2025-12-23,2025-09-08,39.06,2,6.0,0,8.0,1,58.3
C001517,2023-11-22,Mid-Market,Europe,Starter,Partner,32,50.18,770,13.0,1,40.3,0.379,0,0,,2025-12-31,325.44,7,2025-08-14,2024-06-05,46.49,1,15.5,0,139.0,1,60.5
C001518,2022-03-11,SMB,North America,Starter,Paid Search,22,50.19,1391,24.0,0,18.8,0.604,0,0,,2025-12-31,1520.84,31,2025-12-22,2022-06-14,49.06,0,0.0,0,9.0,1,76.4
C001519,2023-12-09,Enterprise,APAC,Starter,Organic,221,51.35,753,19.0,4,60.2,0.575,0,0,,2025-12-31,240.31,5,2025-12-25,2024-02-23,48.06,4,12.0,0,6.0,1,69.2
C001520,2023-10-21,SMB,APAC,Business,Organic,23,414.3,802,10.0,0,56.1,0.304,0,0,,2025-12-31,6475.3,16,2025-11-13,2023-10-31,404.71,0,0.0,0,48.0,1,58.7
C001521,2025-05-20,Mid-Market,North America,Pro,Referral,77,165.46,225,11.0,2,10.5,0.138,0,0,,2025-12-31,640.59,4,2025-11-11,2025-06-24,160.15,2,13.1,0,50.0,1,47.0
C001522,2024-10-14,Mid-Market,LATAM,Starter,Paid Search,28,47.5,443,22.0,1,15.2,0.48,1,0,,2025-12-31,419.0,9,2025-12-29,2025-01-30,46.56,1,6.1,0,2.0,1,67.1
C001523,2022-10-01,Mid-Market,LATAM,Pro,Partner,28,144.75,1187,13.0,1,-3.8,0.456,1,0,,2025-12-31,2767.37,19,2025-11-09,2022-11-12,145.65,1,11.6,1,52.0,1,56.4
C001524,2022-08-04,Startup,Europe,Starter,Paid Search,6,45.44,1245,19.0,0,39.9,0.361,0,0,,2025-12-31,981.04,21,2025-12-25,2022-08-28,46.72,0,0.0,0,6.0,1,66.8
C001525,2024-05-13,SMB,APAC,Pro,Referral,21,148.6,597,3.0,1,52.8,0.208,0,0,,2025-12-31,1926.8400000000001,12,2025-12-01,2024-05-25,160.57,1,6.3,0,30.0,1,47.7
C001526,2022-03-09,Startup,Europe,Starter,Paid Search,4,52.78,1393,11.0,3,24.0,0.329,0,0,,2025-12-31,1605.15,31,2025-11-24,2022-04-04,51.78,3,15.2,0,37.0,1,52.6
C001527,2023-04-02,SMB,APAC,Pro,Organic,15,157.95,1004,16.0,0,28.9,0.4,0,0,,2025-12-31,3297.34,19,2025-11-10,2023-05-04,173.54,0,0.0,0,51.0,1,64.2
C001528,2022-07-17,SMB,APAC,Pro,Organic,18,147.7,1263,9.0,1,82.7,0.435,0,0,,2025-12-31,3464.59,23,2025-12-28,2022-07-17,150.63,2,4.8,0,3.0,1,62.9
C001529,2022-01-30,SMB,North America,Business,Organic,20,481.69,1431,23.0,2,58.4,0.742,0,0,,2025-12-31,17436.28,36,2025-12-12,2022-03-17,484.34,2,21.2,0,19.0,1,80.6
C001530,2025-08-06,Startup,North America,Business,Referral,4,428.35,147,5.0,2,68.7,0.494,1,0,,2025-12-31,827.3599999999999,2,2025-10-08,2025-09-06,413.68,4,21.3,0,84.0,1,56.2
C001531,2022-05-09,SMB,North America,Starter,Partner,4,47.08,1332,23.0,2,-21.1,0.106,0,0,,2025-12-31,1299.09,26,2025-10-06,2022-06-18,49.96,2,11.4,0,86.0,1,53.6
C001532,2022-01-14,Mid-Market,LATAM,Pro,Referral,49,138.78,1447,1.0,0,48.7,0.527,0,0,,2025-12-31,3344.75,26,2025-11-12,2022-04-04,128.64,0,0.0,0,49.0,1,56.6
C001533,2025-08-27,SMB,North America,Starter,Referral,9,47.19,126,5.4,2,41.3,0.485,0,1,2025-10-12,2025-12-31,28.36,1,2025-09-28,2025-09-28,28.36,2,6.9,0,94.0,0,55.5
C001534,2022-09-27,SMB,APAC,Pro,Referral,12,156.08,1191,14.0,1,3.7,0.14,0,0,,2025-12-31,4146.45,26,2025-10-29,2023-01-03,159.48,1,16.3,0,63.0,1,50.6
C001535,2025-03-13,Mid-Market,Europe,Pro,Sales,74,147.6,293,7.0,2,8.9,0.377,0,0,,2025-12-31,1008.25,8,2025-12-09,2025-04-22,126.03,2,25.4,0,22.0,1,50.4
C001536,2022-02-14,Mid-Market,North America,Pro,Partner,60,152.71,1416,15.0,0,29.5,0.23,1,0,,2025-12-31,3239.53,23,2025-09-10,2022-08-10,140.85,2,49.8,0,112.0,1,56.2
C001537,2022-08-08,Mid-Market,LATAM,Enterprise,Organic,55,1486.55,1241,25.0,5,1.5,0.505,1,0,,2025-12-31,26238.73,18,2025-09-24,2022-10-04,1457.71,5,17.5,0,98.0,1,63.1
C001538,2022-06-08,Startup,Europe,Starter,Organic,2,56.62,1302,12.0,0,15.0,0.547,0,0,,2025-12-31,1176.98,21,2025-11-04,2022-06-08,56.05,0,0.0,0,57.0,1,63.6
C001539,2024-10-06,Mid-Market,North America,Business,Partner,56,432.52,451,15.0,2,23.5,0.214,0,0,,2025-12-31,2944.5099999999998,7,2025-09-27,2025-04-25,420.64,2,25.6,0,95.0,1,54.2
C001540,2024-06-05,Startup,North America,Starter,Referral,5,55.9,574,26.0,1,49.3,0.723,0,0,,2025-12-31,1001.81,17,2025-11-05,2024-06-11,58.93,1,3.8,0,56.0,1,83.3
C001541,2023-11-11,SMB,North America,Pro,Partner,23,148.03,781,25.0,1,17.3,0.399,0,0,,2025-12-31,1406.35,11,2025-01-02,2023-11-25,127.85,1,9.0,0,363.0,1,69.5
C001542,2022-12-12,SMB,North America,Business,Paid Search,5,443.78,1115,0.0,1,23.8,0.354,0,0,,2025-12-31,9846.13,22,2025-10-31,2023-02-26,447.55,1,20.6,1,61.0,1,46.5
C001543,2022-05-08,Mid-Market,North America,Pro,Referral,26,177.67,1333,20.0,0,60.6,0.158,1,0,,2025-12-31,3899.97,23,2025-10-28,2022-06-05,169.56,0,0.0,0,64.0,1,61.7
C001544,2024-03-24,Startup,Europe,Business,Paid Search,3,451.04,647,23.0,1,-9.1,0.234,1,0,,2025-12-31,5854.68,12,2025-09-01,2024-04-16,487.89,1,13.8,0,121.0,1,58.1
C001545,2022-11-26,SMB,North America,Business,Organic,23,441.28,1131,26.0,0,40.7,0.276,0,0,,2025-12-31,11716.78,26,2025-11-10,2023-01-10,450.65,1,9.1,0,51.0,1,70.6
C001546,2024-04-23,Mid-Market,North America,Starter,Referral,73,58.45,617,22.0,3,44.7,0.013,0,0,,2025-12-31,525.9399999999999,9,2025-10-20,2024-08-06,58.44,3,16.0,0,72.0,1,55.0
C001547,2024-09-10,Mid-Market,North America,Enterprise,Partner,17,1081.64,477,2.0,0,45.4,0.539,0,0,,2025-12-31,11118.99,11,2025-09-27,2024-09-22,1010.82,0,0.0,0,95.0,1,57.5
C001548,2025-04-29,Mid-Market,Europe,Enterprise,Organic,59,1253.67,246,21.0,3,22.5,0.14,0,0,,2025-12-31,3434.68,3,2025-12-05,2025-08-03,1144.89,4,22.8,0,26.0,1,55.7
C001549,2023-12-08,Mid-Market,LATAM,Starter,Paid Search,72,57.49,754,23.0,2,8.4,0.215,0,0,,2025-12-31,885.12,15,2025-10-12,2024-01-10,59.01,2,15.1,1,80.0,1,59.8
C001550,2022-01-07,SMB,North America,Free,Partner,16,0.0,1454,14.0,3,73.0,0.629,0,0,,2025-12-31,146.57,31,2025-07-17,2022-01-28,4.73,6,13.5,0,167.0,0,69.2
C001551,2023-02-06,Startup,North America,Starter,Paid Search,6,46.12,1059,0.0,2,13.6,0.585,1,0,,2025-12-31,1183.52,25,2025-12-17,2023-02-10,47.34,2,7.7,0,14.0,1,48.9
C001552,2025-05-05,SMB,Europe,Business,Organic,11,453.28,240,5.0,1,7.1,0.058,0,0,,2025-12-31,777.28,2,2025-08-15,2025-07-31,388.64,1,11.2,0,138.0,1,40.4
C001553,2024-02-02,SMB,LATAM,Enterprise,Partner,22,1317.51,698,7.0,0,35.5,0.569,1,0,,2025-12-31,23970.06,18,2025-12-20,2024-03-15,1331.67,0,0.0,0,11.0,1,59.9
C001554,2024-06-04,SMB,APAC,Business,Partner,13,423.1,575,24.0,2,16.5,0.202,0,0,,2025-12-31,3814.7,9,2025-12-08,2024-08-08,423.86,3,14.5,0,23.0,1,61.1
C001555,2023-10-17,Startup,APAC,Starter,Organic,1,47.28,806,0.8,0,61.3,0.525,0,1,2025-04-22,2025-12-31,481.14,10,2025-02-02,2024-01-01,48.11,1,11.4,0,332.0,0,57.6
C001556,2022-08-21,Startup,LATAM,Free,Paid Search,4,0.0,1228,20.0,0,28.4,0.221,0,0,,2025-12-31,73.39999999999999,19,2025-12-29,2022-12-04,3.86,1,15.2,0,2.0,0,62.3
C001557,2025-07-06,Mid-Market,Europe,Pro,Partner,65,179.1,178,5.0,0,64.5,0.245,1,0,,2025-12-31,927.99,5,2025-12-25,2025-07-09,185.6,1,4.6,0,6.0,1,51.3
C001558,2025-01-10,Startup,LATAM,Starter,Paid Search,6,46.33,355,23.0,0,46.2,0.4,0,0,,2025-12-31,605.9300000000001,14,2025-12-14,2025-01-17,43.28,0,0.0,0,17.0,1,72.2
C001559,2025-11-24,Mid-Market,North America,Free,Paid Search,35,0.0,37,0.0,0,25.3,0.369,0,1,2025-12-24,2025-12-31,0.0,2,2025-12-01,2025-11-30,0.0,1,4.1,0,30.0,0,48.6
C001560,2025-05-08,Startup,APAC,Free,Paid Search,2,0.0,237,6.0,1,62.9,0.25,1,0,,2025-12-31,36.0,3,2025-12-10,2025-05-16,12.0,3,9.3,0,21.0,0,50.6
C001561,2023-02-21,Startup,APAC,Starter,Paid Search,4,46.48,1044,1.0,1,18.7,0.484,0,1,2025-08-11,2025-12-31,995.18,20,2025-06-07,2023-02-23,49.76,1,40.0,0,207.0,0,50.8
C001562,2022-12-30,SMB,LATAM,Starter,Referral,19,51.11,1097,15.0,1,27.0,0.404,0,0,,2025-12-31,1101.34,22,2025-11-18,2023-01-06,50.06,1,96.1,0,43.0,1,61.7
C001563,2022-12-22,Mid-Market,Europe,Business,Paid Search,37,457.86,1105,10.4,0,48.2,0.631,0,1,2025-01-30,2025-12-31,7588.58,16,2024-10-23,2023-03-08,474.29,0,0.0,0,434.0,0,68.0
C001564,2025-08-06,SMB,APAC,Starter,Sales,5,46.65,147,11.0,1,40.7,0.587,0,0,,2025-12-31,234.08,5,2025-11-22,2025-08-06,46.82,1,41.3,0,39.0,1,65.0
C001565,2024-03-07,Enterprise,North America,Starter,Paid Search,453,48.28,664,14.0,1,18.2,0.071,0,0,,2025-12-31,453.2,10,2025-12-24,2024-03-28,45.32,1,16.6,0,7.0,1,50.0
C001566,2023-10-12,SMB,Europe,Pro,Partner,10,155.45,811,17.0,2,-3.4,0.603,0,0,,2025-12-31,1852.06,13,2025-11-29,2023-10-23,142.47,3,17.3,0,32.0,1,64.9
C001567,2025-10-16,Mid-Market,North America,Enterprise,Paid Search,68,1320.39,76,12.0,0,34.5,0.034,0,0,,2025-12-31,3143.88,2,2025-12-12,2025-11-19,1571.94,1,20.0,0,19.0,1,50.2
C001568,2024-05-12,SMB,Europe,Business,Referral,23,444.3,598,6.5,2,16.8,0.455,0,1,2025-09-20,2025-12-31,6308.6900000000005,14,2025-09-15,2024-05-19,450.62,3,16.2,0,107.0,0,53.1
C001569,2025-07-24,Startup,Europe,Pro,Sales,5,152.07,160,7.0,1,35.7,0.745,0,0,,2025-12-31,849.94,5,2025-12-07,2025-09-01,169.99,1,56.4,0,24.0,1,65.7
C001570,2025-11-09,Mid-Market,North America,Business,Paid Search,22,409.68,52,4.0,1,24.5,0.987,0,0,,2025-12-31,1080.21,3,2025-12-20,2025-11-26,360.07,2,4.2,0,11.0,1,69.1
C001571,2022-04-24,Mid-Market,North America,Pro,Paid Search,40,143.39,1347,5.0,2,17.1,0.361,0,0,,2025-12-31,4305.99,28,2025-12-24,2022-06-20,153.79,2,15.0,0,7.0,1,49.0
C001572,2023-06-01,SMB,North America,Pro,Sales,21,148.73,944,4.0,2,28.3,0.311,1,0,,2025-12-31,3969.23,26,2025-12-25,2023-06-18,152.66,2,87.6,0,6.0,1,45.7
C001573,2024-11-15,SMB,Europe,Pro,Sales,20,146.14,411,1.0,0,33.2,0.73,0,0,,2025-12-31,1684.97,11,2025-12-31,2025-01-26,153.18,1,34.4,0,0.0,1,61.1
C001574,2025-03-08,Mid-Market,Europe,Pro,Sales,78,144.16,298,1.0,1,52.4,0.098,0,0,,2025-12-31,859.7,6,2025-09-18,2025-04-07,143.28,1,25.7,0,104.0,1,42.6
C001575,2022-08-01,Enterprise,APAC,Pro,Organic,250,188.04,1248,1.0,3,45.6,0.455,0,0,,2025-12-31,5024.35,26,2025-12-16,2022-09-21,193.24,3,17.3,0,15.0,1,49.6
C001576,2023-04-01,SMB,North America,Starter,Organic,20,47.05,1005,1.0,1,87.4,0.538,0,1,2023-06-05,2025-12-31,0.0,0,,,0.0,2,14.4,0,,0,59.3
C001577,2024-02-23,SMB,APAC,Starter,Paid Search,4,51.67,677,17.0,1,38.5,0.694,0,0,,2025-12-31,729.95,15,2025-12-31,2024-02-25,48.66,1,25.8,0,0.0,1,73.3
C001578,2025-02-16,SMB,APAC,Starter,Referral,6,49.42,318,6.0,1,18.2,0.565,0,0,,2025-12-31,200.04,4,2025-08-26,2025-03-21,50.01,1,9.6,0,127.0,1,57.6
C001579,2022-06-11,Mid-Market,North America,Starter,Organic,20,52.73,1299,16.0,1,30.8,0.423,0,0,,2025-12-31,1066.98,23,2025-10-09,2022-06-17,46.39,1,16.1,0,83.0,1,63.6
C001580,2024-05-09,SMB,North America,Pro,Paid Search,11,160.39,601,2.0,1,49.2,0.476,0,0,,2025-12-31,2019.73,13,2025-10-20,2024-05-23,155.36,1,16.4,0,72.0,1,54.5
C001581,2023-02-28,Mid-Market,Europe,Pro,Partner,78,163.0,1037,22.0,3,60.1,0.436,0,0,,2025-12-31,3512.18,22,2025-12-02,2023-05-03,159.64,4,17.5,0,29.0,1,69.2
C001582,2022-11-06,Mid-Market,North America,Free,Organic,31,0.0,1151,9.0,1,68.5,0.498,0,0,,2025-12-31,199.19,28,2025-11-27,2022-12-05,7.11,2,11.5,0,34.0,0,63.3
C001583,2024-01-08,SMB,North America,Starter,Referral,22,49.58,723,12.0,2,9.6,0.525,0,0,,2025-12-31,621.59,13,2025-11-19,2024-03-21,47.81,4,11.7,0,42.0,1,59.4
C001584,2023-08-16,Mid-Market,North America,Starter,Organic,47,47.57,868,18.0,1,67.0,0.261,0,0,,2025-12-31,816.33,16,2025-12-01,2024-01-17,51.02,2,10.6,0,30.0,1,64.1
C001585,2024-06-28,SMB,North America,Pro,Referral,12,152.56,551,27.0,1,33.8,0.177,0,0,,2025-12-31,1109.46,7,2025-12-27,2024-10-02,158.49,1,17.8,0,4.0,1,66.3
C001586,2023-03-31,Startup,North America,Starter,Paid Search,6,48.8,1006,22.0,1,11.8,0.587,0,0,,2025-12-31,899.5,19,2025-11-21,2023-05-23,47.34,1,9.6,0,40.0,1,71.9
C001587,2025-03-23,SMB,North America,Free,Partner,22,0.0,283,11.0,3,29.9,0.423,1,0,,2025-12-31,0.0,4,2025-11-22,2025-04-18,0.0,3,12.2,0,39.0,0,54.0
C001588,2022-04-22,SMB,APAC,Free,Paid Search,16,0.0,1349,9.0,2,65.3,0.548,0,0,,2025-12-31,147.49,23,2025-12-25,2022-11-10,6.41,2,7.0,0,6.0,0,63.0
C001589,2025-05-17,Enterprise,Europe,Pro,Organic,468,171.23,228,9.0,1,46.4,0.433,0,0,,2025-12-31,843.04,5,2025-12-27,2025-08-22,168.61,2,13.8,0,4.0,1,59.2
C001590,2022-02-12,Mid-Market,Europe,Starter,Paid Search,20,59.62,1418,2.0,1,4.7,0.448,1,0,,2025-12-31,2113.68,35,2025-08-30,2022-02-19,60.39,1,6.4,0,123.0,1,47.2
C001591,2024-11-18,Enterprise,Europe,Pro,Referral,333,187.66,408,9.0,1,4.9,0.262,0,0,,2025-12-31,1792.37,10,2025-10-24,2024-11-25,179.24,2,16.4,1,68.0,1,49.9
C001592,2023-05-11,SMB,Europe,Pro,Paid Search,19,167.1,965,21.0,0,4.2,0.27,0,0,,2025-12-31,2250.1,13,2025-12-01,2023-09-10,173.08,1,5.6,0,30.0,1,62.3
C001593,2023-07-03,Startup,North America,Enterprise,Organic,3,1195.14,912,7.0,2,16.7,0.765,0,0,,2025-12-31,12484.95,11,2025-11-18,2023-09-28,1135.0,3,6.6,0,43.0,1,62.9
C001594,2022-01-28,Mid-Market,North America,Pro,Referral,44,171.27,1433,10.0,2,36.9,0.566,0,0,,2025-12-31,5870.74,36,2025-11-26,2022-02-03,163.08,3,18.2,0,35.0,1,61.6
C001595,2024-10-01,Mid-Market,North America,Free,Organic,71,0.0,456,1.0,0,6.8,0.714,0,0,,2025-12-31,52.489999999999995,12,2025-12-27,2024-10-30,4.37,0,0.0,0,4.0,0,58.0
C001596,2022-08-25,Mid-Market,Europe,Starter,Paid Search,29,53.0,1224,3.4,2,24.3,0.259,1,1,2024-10-17,2025-12-31,790.8199999999999,14,2024-09-29,2023-01-25,56.49,3,38.8,0,458.0,0,43.2
C001597,2024-07-31,SMB,Europe,Business,Paid Search,4,392.46,518,1.0,0,70.1,0.235,0,0,,2025-12-31,1471.23,4,2025-11-09,2024-10-20,367.81,2,15.2,0,52.0,1,50.0
C001598,2024-11-03,SMB,North America,Starter,Paid Search,23,44.5,423,13.0,0,75.4,0.38,0,0,,2025-12-31,335.42,9,2025-12-13,2024-12-06,37.27,1,9.1,0,18.0,1,65.5
C001599,2025-04-23,SMB,Europe,Enterprise,Organic,8,1255.06,252,8.0,4,73.8,0.301,1,0,,2025-12-31,6974.9400000000005,5,2025-12-17,2025-08-07,1394.99,4,9.2,2,14.0,1,50.6
C001600,2024-10-09,Startup,LATAM,Pro,Organic,6,135.9,448,27.0,3,-9.9,0.406,0,0,,2025-12-31,1840.18,13,2025-11-26,2024-10-23,141.55,4,12.6,0,35.0,1,65.8
C001601,2023-03-08,Mid-Market,North America,Free,Organic,33,0.0,1029,16.0,0,76.8,0.719,0,0,,2025-12-31,104.78999999999999,20,2025-02-08,2023-06-02,5.24,0,0.0,0,326.0,0,78.5
C001602,2024-11-22,SMB,Europe,Starter,Paid Search,20,53.9,404,5.7,2,37.3,0.292,0,1,2025-01-31,2025-12-31,187.56,3,2025-01-29,2024-12-11,62.52,2,35.4,1,336.0,0,49.6
C001603,2025-03-27,SMB,Europe,Enterprise,Partner,9,1171.57,279,15.0,1,36.9,0.378,0,0,,2025-12-31,2434.43,2,2025-06-06,2025-06-04,1217.21,1,17.9,0,208.0,1,61.9
C001604,2023-03-30,Mid-Market,APAC,Enterprise,Partner,64,1192.48,1007,26.0,3,60.7,0.577,0,0,,2025-12-31,20007.19,17,2025-11-06,2023-05-09,1176.89,3,40.5,0,55.0,1,77.1
C001605,2022-06-27,Startup,APAC,Business,Organic,6,425.57,1283,5.0,2,52.6,0.559,2,0,,2025-12-31,10504.43,24,2025-08-31,2022-07-10,437.68,2,27.2,0,122.0,1,54.5
C001606,2025-06-26,Enterprise,APAC,Starter,Organic,198,47.25,188,3.5,1,-11.7,0.74,0,1,2025-10-09,2025-12-31,110.44,3,2025-10-05,2025-07-05,36.81,2,7.2,0,87.0,0,57.7
C001607,2022-07-31,SMB,North America,Business,Partner,20,477.7,1249,15.0,2,19.7,0.532,0,0,,2025-12-31,10885.77,24,2025-12-22,2022-08-08,453.57,2,26.4,0,9.0,1,63.3
C001608,2024-04-29,SMB,Europe,Starter,Paid Search,14,59.14,611,2.0,2,25.8,0.305,0,0,,2025-12-31,761.08,14,2025-11-18,2024-05-17,54.36,3,9.1,0,43.0,1,45.5
C001609,2022-12-04,Startup,APAC,Starter,Referral,4,58.0,1123,14.0,2,1.7,0.416,0,0,,2025-12-31,1520.79,26,2025-12-29,2023-02-17,58.49,2,15.0,0,2.0,1,57.2
C001610,2022-06-30,SMB,North America,Pro,Organic,19,134.56,1280,4.0,2,59.9,0.279,0,0,,2025-12-31,4308.55,32,2025-12-30,2022-07-09,134.64,2,9.0,0,1.0,1,49.9
C001611,2025-01-15,Mid-Market,LATAM,Enterprise,Organic,58,1104.09,350,24.0,1,71.0,0.428,0,0,,2025-12-31,7463.47,6,2025-11-22,2025-04-09,1243.91,1,5.7,0,39.0,1,74.9
C001612,2022-07-25,Startup,North America,Starter,Paid Search,1,43.77,1255,21.0,2,34.7,0.41,2,0,,2025-12-31,1265.21,30,2025-11-24,2022-10-20,42.17,2,7.0,0,37.0,1,62.5
C001613,2024-08-16,SMB,Europe,Pro,Partner,21,178.01,502,1.0,2,42.5,0.249,0,0,,2025-12-31,1612.93,9,2025-12-25,2024-12-04,179.21,2,15.7,0,6.0,1,44.6
C001614,2024-09-18,SMB,Europe,Starter,Paid Search,9,56.94,469,15.0,1,34.7,0.341,2,0,,2025-12-31,549.18,10,2025-10-06,2025-02-03,54.92,2,18.4,0,86.0,1,56.6
C001615,2022-03-28,SMB,Europe,Starter,Organic,9,43.84,1374,5.0,2,37.5,0.216,0,0,,2025-12-31,1097.14,27,2025-12-25,2022-05-25,40.63,2,10.8,0,6.0,1,46.7
C001616,2022-09-05,Mid-Market,APAC,Free,Organic,29,0.0,1213,16.0,3,62.9,0.409,0,0,,2025-12-31,89.61,17,2025-12-22,2022-10-31,5.27,3,11.9,1,9.0,0,63.3
C001617,2025-02-09,SMB,North America,Business,Partner,19,397.97,325,15.0,1,-9.1,0.711,0,0,,2025-12-31,1256.33,3,2025-09-24,2025-07-16,418.78,1,10.7,0,98.0,1,67.3
C001618,2023-12-27,Startup,Europe,Free,Organic,2,0.0,735,27.0,1,47.2,0.439,0,0,,2025-12-31,65.41,17,2025-10-21,2023-12-30,3.85,1,4.4,0,71.0,0,75.5
C001619,2022-06-23,Mid-Market,Europe,Pro,Partner,24,134.88,1287,4.0,1,35.3,0.636,1,0,,2025-12-31,3504.67,26,2025-12-24,2022-08-23,134.8,1,24.9,0,7.0,1,57.7
C001620,2025-11-19,SMB,APAC,Starter,Organic,4,44.23,42,7.6,2,17.2,0.661,1,1,2025-12-19,2025-12-31,45.86,1,2025-11-28,2025-11-28,45.86,2,14.8,0,33.0,0,58.3
C001621,2023-01-14,Startup,Europe,Pro,Paid Search,2,160.41,1082,27.0,0,22.4,0.381,1,0,,2025-12-31,2943.41,19,2025-10-02,2023-03-01,154.92,0,0.0,0,90.0,1,70.8
C001622,2022-01-06,SMB,LATAM,Starter,Organic,5,52.14,1455,3.0,2,80.8,0.381,0,0,,2025-12-31,1915.04,36,2025-12-19,2022-01-10,53.2,3,9.0,1,12.0,1,54.2
C001623,2025-08-14,Startup,APAC,Starter,Sales,6,48.67,139,7.0,2,1.8,0.374,1,0,,2025-12-31,268.26,5,2025-12-28,2025-08-30,53.65,3,13.8,0,3.0,1,47.6
C001624,2022-01-24,Mid-Market,North America,Pro,Organic,40,147.82,1437,20.0,1,30.8,0.14,0,0,,2025-12-31,4508.37,29,2025-12-15,2022-02-16,155.46,2,10.0,0,16.0,1,58.6
C001625,2024-03-02,Startup,APAC,Pro,Organic,5,153.16,669,3.0,1,75.7,0.243,2,0,,2025-12-31,2215.11,14,2025-11-23,2024-03-29,158.22,1,12.0,0,38.0,1,47.0
C001626,2025-11-21,Mid-Market,LATAM,Enterprise,Referral,36,1340.13,40,5.0,1,3.2,0.535,0,0,,2025-12-31,4221.09,3,2025-11-28,2025-11-21,1407.03,1,45.6,0,33.0,1,54.3
C001627,2024-04-06,SMB,North America,Starter,Organic,5,47.78,634,26.0,0,23.6,0.237,0,0,,2025-12-31,554.92,11,2025-10-06,2024-04-16,50.45,1,24.5,0,86.0,1,67.7
C001628,2024-04-16,SMB,Europe,Pro,Organic,6,137.75,624,16.0,1,36.1,0.395,0,0,,2025-12-31,842.29,6,2025-11-03,2025-04-14,140.38,1,17.5,0,58.0,1,63.2
C001629,2023-07-10,SMB,North America,Enterprise,Organic,7,1406.38,905,1.0,1,45.3,0.496,0,0,,2025-12-31,21333.16,16,2025-11-27,2023-07-11,1333.32,2,42.9,0,34.0,1,53.8
C001630,2022-07-01,Startup,Europe,Starter,Partner,4,44.75,1279,23.0,1,33.0,0.535,0,0,,2025-12-31,1066.54,26,2025-12-01,2022-07-24,41.02,1,24.6,0,30.0,1,73.4
C001631,2024-03-29,SMB,North America,Business,Paid Search,24,467.82,642,14.0,1,12.6,0.583,1,0,,2025-12-31,7128.74,16,2025-12-26,2024-06-07,445.55,1,35.1,0,5.0,1,62.8
C001632,2025-07-07,SMB,APAC,Enterprise,Referral,21,1298.16,177,13.0,2,46.2,0.404,1,0,,2025-12-31,3740.54,3,2025-12-31,2025-07-24,1246.85,2,18.2,0,0.0,1,58.3
C001633,2022-05-11,SMB,Europe,Business,Referral,17,418.2,1330,27.0,1,32.5,0.562,0,0,,2025-12-31,10917.23,27,2025-12-13,2022-06-08,404.34,2,16.8,0,18.0,1,77.7
C001634,2025-06-12,SMB,Europe,Pro,Paid Search,6,143.45,202,8.0,1,50.7,0.203,0,0,,2025-12-31,806.5899999999999,6,2025-11-15,2025-06-26,134.43,1,9.3,0,46.0,1,51.8
C001635,2023-08-17,SMB,North America,Pro,Organic,12,166.04,867,10.0,4,58.1,0.181,1,0,,2025-12-31,2740.54,16,2025-10-28,2023-09-10,171.28,4,8.6,0,64.0,1,47.2
C001636,2024-02-06,Enterprise,APAC,Pro,Referral,266,165.2,694,16.0,0,-2.2,0.3,0,0,,2025-12-31,2100.17,14,2025-11-30,2024-02-20,150.01,0,0.0,0,31.0,1,58.1
C001637,2022-08-25,SMB,Europe,Pro,Referral,5,135.95,1224,6.0,0,60.8,0.536,0,0,,2025-12-31,2860.01,22,2025-12-11,2022-08-31,130.0,1,3.8,1,20.0,1,62.5
C001638,2024-06-08,Startup,Europe,Enterprise,Referral,5,1362.77,571,3.0,1,28.6,0.531,0,0,,2025-12-31,15860.83,11,2025-11-27,2024-06-17,1441.89,3,17.4,1,34.0,1,55.0
C001639,2022-09-18,SMB,North America,Starter,Organic,19,54.82,1200,3.0,2,55.6,0.319,0,0,,2025-12-31,1488.58,28,2025-12-15,2022-09-27,53.16,4,18.2,0,16.0,1,49.8
C001640,2023-01-26,SMB,North America,Business,Partner,20,457.57,1070,8.0,0,47.3,0.505,0,0,,2025-12-31,11297.61,26,2025-12-27,2023-02-03,434.52,0,0.0,0,4.0,1,62.0
C001641,2024-10-28,Mid-Market,Europe,Pro,Referral,55,147.86,429,2.0,1,81.4,0.508,0,0,,2025-12-31,1290.04,8,2025-12-10,2024-12-13,161.26,1,21.0,0,21.0,1,58.7
C001642,2022-03-14,SMB,LATAM,Starter,Sales,13,48.82,1388,14.0,1,35.2,0.587,0,0,,2025-12-31,1354.59,29,2025-12-14,2022-05-12,46.71,1,3.2,0,17.0,1,67.1
C001643,2023-10-02,Enterprise,North America,Pro,Organic,498,158.89,821,27.0,2,24.9,0.204,0,0,,2025-12-31,2175.66,15,2025-11-09,2023-10-29,145.04,3,10.7,0,52.0,1,64.7
C001644,2024-04-30,Mid-Market,Europe,Business,Referral,42,385.36,610,7.0,0,22.2,0.189,0,0,,2025-12-31,4864.7300000000005,14,2025-11-05,2024-05-13,347.48,1,14.2,0,56.0,1,49.1
C001645,2022-07-08,SMB,North America,Pro,Partner,20,176.2,1272,1.0,1,9.1,0.242,1,0,,2025-12-31,5396.04,29,2025-09-18,2022-07-29,186.07,3,21.6,1,104.0,1,40.6
C001646,2023-02-26,Mid-Market,APAC,Business,Referral,67,415.27,1039,1.0,4,55.2,0.189,0,0,,2025-12-31,5532.83,13,2025-11-02,2023-04-15,425.6,4,20.0,2,59.0,1,41.1
C001647,2023-05-07,Enterprise,North America,Starter,Partner,316,51.49,969,2.2,2,7.5,0.316,2,1,2025-01-12,2025-12-31,1080.7,19,2025-01-01,2023-05-16,56.88,3,7.3,0,364.0,0,40.2
C001648,2024-08-06,SMB,Europe,Enterprise,Referral,8,1243.41,512,16.0,2,55.0,0.17,1,0,,2025-12-31,8631.12,7,2025-12-28,2025-01-31,1233.02,2,17.4,0,3.0,1,54.9
C001649,2025-10-28,SMB,North America,Pro,Paid Search,22,180.02,64,13.0,1,29.4,0.636,2,0,,2025-12-31,230.69,1,2025-11-14,2025-11-14,230.69,1,12.9,0,47.0,1,63.1
C001650,2025-04-10,SMB,North America,Business,Organic,19,405.86,265,11.0,1,-9.1,0.386,0,0,,2025-12-31,828.55,3,2025-08-21,2025-05-12,276.18,1,10.1,0,132.0,1,54.0
C001651,2022-09-29,Mid-Market,North America,Starter,Paid Search,20,58.69,1189,21.0,1,72.2,0.673,0,0,,2025-12-31,1097.52,19,2025-12-30,2022-10-27,57.76,2,16.0,0,1.0,1,79.7
C001652,2022-01-26,SMB,North America,Starter,Referral,14,58.36,1435,10.0,4,-49.4,0.306,0,0,,2025-12-31,1590.97,27,2025-12-17,2022-03-05,58.92,5,12.8,0,14.0,1,42.2
C001653,2022-03-16,SMB,Europe,Enterprise,Organic,3,1166.88,1386,17.0,1,33.0,0.712,0,0,,2025-12-31,32855.7,28,2025-12-21,2022-03-24,1173.42,2,7.3,0,10.0,1,73.3
C001654,2024-05-01,SMB,LATAM,Free,Partner,12,0.0,609,27.0,2,40.8,0.638,0,0,,2025-12-31,37.67999999999999,14,2025-12-02,2024-07-06,2.69,4,9.6,0,29.0,0,79.3
C001655,2022-08-12,SMB,Europe,Starter,Sales,15,53.93,1237,4.0,0,-22.7,0.161,0,0,,2025-12-31,1608.52,29,2025-09-03,2022-08-18,55.47,0,0.0,0,119.0,1,41.1
C001656,2022-11-27,Enterprise,LATAM,Business,Sales,59,403.94,1130,3.0,1,46.0,0.578,2,0,,2025-12-31,9601.86,21,2025-10-02,2023-02-16,457.23,2,18.6,0,90.0,1,54.1
C001657,2025-04-26,Startup,Europe,Business,Partner,3,470.66,249,6.0,2,18.3,0.7,1,0,,2025-12-31,1561.17,4,2025-12-31,2025-08-03,390.29,2,34.9,0,0.0,1,58.2
C001658,2025-06-03,Enterprise,North America,Business,Referral,380,459.38,211,1.2,2,28.8,0.853,1,1,2025-09-29,2025-12-31,1713.98,3,2025-09-29,2025-06-25,571.33,2,15.0,0,93.0,0,59.5
C001659,2025-04-14,SMB,North America,Business,Organic,4,438.38,261,15.0,0,68.6,0.201,1,1,2025-10-11,2025-12-31,3550.4700000000003,7,2025-09-22,2025-04-28,507.21,0,0.0,0,100.0,0,59.3
C001660,2022-12-29,Mid-Market,Europe,Enterprise,Paid Search,42,1364.1,1098,5.6,0,38.6,0.197,1,1,2024-12-10,2025-12-31,24210.47,18,2024-11-28,2023-02-10,1345.03,0,0.0,0,398.0,0,47.8
C001661,2024-06-05,SMB,North America,Pro,Paid Search,23,145.32,574,15.0,2,26.2,0.443,0,0,,2025-12-31,2301.79,15,2025-12-25,2024-08-01,153.45,2,24.1,1,6.0,1,61.3
C001662,2024-05-23,Mid-Market,APAC,Pro,Referral,21,162.66,587,3.0,1,30.7,0.567,1,0,,2025-12-31,2397.98,16,2025-09-11,2024-08-17,149.87,2,18.3,0,111.0,1,54.3
C001663,2022-09-22,Startup,Europe,Business,Organic,3,454.85,1196,23.0,0,79.4,0.585,2,0,,2025-12-31,14183.6,32,2025-12-14,2022-10-07,443.24,0,0.0,0,17.0,1,77.0
C001664,2024-03-02,Mid-Market,Europe,Pro,Organic,15,169.64,669,25.0,0,45.1,0.145,0,0,,2025-12-31,3046.0299999999997,19,2025-10-17,2024-03-08,160.32,0,0.0,0,75.0,1,66.2
C001665,2024-01-22,SMB,Europe,Free,Partner,3,0.0,709,3.9,2,12.9,0.155,0,1,2024-04-30,2025-12-31,6.78,1,2024-04-07,2024-04-07,6.78,2,33.2,0,633.0,0,41.4
C001666,2023-07-21,Mid-Market,North America,Starter,Paid Search,78,53.97,894,18.0,0,22.8,0.206,1,0,,2025-12-31,1148.37,21,2025-10-16,2023-08-02,54.68,1,8.2,0,76.0,1,57.5
C001667,2024-12-10,Enterprise,Europe,Pro,Referral,167,171.24,386,17.0,2,5.2,0.094,0,0,,2025-12-31,1656.49,11,2025-12-16,2024-12-12,150.59,3,28.2,0,15.0,1,50.5
C001668,2024-08-26,SMB,North America,Business,Paid Search,12,403.29,492,14.0,0,23.7,0.095,0,0,,2025-12-31,5329.2699999999995,14,2025-12-17,2024-09-08,380.66,0,0.0,0,14.0,1,52.7
C001669,2024-02-01,SMB,North America,Pro,Referral,19,150.01,699,9.0,1,75.2,0.287,0,0,,2025-12-31,2214.72,15,2025-12-19,2024-02-05,147.65,1,25.2,0,12.0,1,57.7
C001670,2024-11-03,SMB,North America,Business,Paid Search,4,405.64,423,7.0,0,30.8,0.472,0,0,,2025-12-31,2405.14,6,2025-09-28,2024-12-22,400.86,2,7.0,0,94.0,1,58.5
C001671,2024-12-27,Startup,North America,Business,Referral,6,476.54,369,7.0,2,1.6,0.408,0,0,,2025-12-31,1596.21,3,2025-12-15,2025-02-22,532.07,2,11.6,1,16.0,1,50.6
C001672,2024-03-21,SMB,Europe,Starter,Referral,7,54.1,650,10.0,0,45.8,0.296,0,0,,2025-12-31,923.34,17,2025-10-19,2024-04-19,54.31,0,0.0,0,73.0,1,57.4
C001673,2023-01-18,Startup,North America,Pro,Organic,2,135.52,1078,21.0,0,25.2,0.087,1,0,,2025-12-31,2931.24,22,2025-11-24,2023-03-12,133.24,1,20.2,0,37.0,1,56.9
C001674,2024-12-20,Mid-Market,North America,Pro,Paid Search,37,141.84,376,23.0,2,49.0,0.641,0,0,,2025-12-31,1324.75,9,2025-11-23,2025-02-07,147.19,2,17.0,0,38.0,1,76.7
C001675,2024-10-23,SMB,LATAM,Starter,Sales,7,45.47,434,3.0,1,28.9,0.655,0,0,,2025-12-31,283.94,7,2025-11-04,2025-02-04,40.56,2,24.3,0,57.0,1,58.7
C001676,2025-11-07,SMB,LATAM,Pro,Organic,14,175.05,54,1.0,2,71.1,0.24,0,0,,2025-12-31,405.07,2,2025-11-13,2025-11-10,202.54,2,11.9,0,48.0,1,47.2
C001677,2022-08-03,SMB,Europe,Pro,Partner,4,137.42,1246,13.0,1,12.2,0.641,1,0,,2025-12-31,3078.4700000000003,23,2025-11-29,2022-10-19,133.85,1,21.6,0,32.0,1,63.6
C001678,2023-08-23,Startup,Europe,Business,Organic,6,408.44,861,21.0,1,5.9,0.728,0,0,,2025-12-31,5575.37,13,2025-10-30,2023-11-12,428.87,1,8.7,0,62.0,1,74.7
C001679,2025-08-14,SMB,APAC,Pro,Referral,20,164.87,139,15.0,1,58.4,0.576,0,0,,2025-12-31,565.61,3,2025-12-20,2025-08-22,188.54,3,16.0,0,11.0,1,70.0
C001680,2024-01-06,Startup,North America,Free,Organic,3,0.0,725,23.0,1,-15.1,0.456,1,0,,2025-12-31,68.39,13,2025-12-27,2024-02-26,5.26,2,11.8,0,4.0,0,64.2
C001681,2025-09-09,SMB,Europe,Pro,Partner,9,147.57,113,19.0,1,30.7,0.514,1,0,,2025-12-31,677.21,4,2025-10-21,2025-09-19,169.3,3,24.0,0,71.0,1,67.0
C001682,2022-01-18,Mid-Market,North America,Business,Partner,30,392.03,1443,19.0,0,55.0,0.192,0,0,,2025-12-31,9358.89,26,2025-10-12,2022-02-22,359.96,0,0.0,0,80.0,1,63.2
C001683,2022-02-20,SMB,Europe,Pro,Organic,19,139.14,1410,15.0,1,-19.9,0.262,0,0,,2025-12-31,3890.3,28,2025-11-12,2022-03-13,138.94,1,30.2,0,49.0,1,52.8
C001684,2025-02-12,SMB,LATAM,Starter,Paid Search,11,44.96,322,1.0,1,36.6,0.241,1,0,,2025-12-31,125.66,3,2025-09-22,2025-08-04,41.89,2,13.2,0,100.0,1,43.3
C001685,2023-05-28,Startup,APAC,Enterprise,Referral,7,1119.25,948,5.0,1,-2.4,0.782,2,0,,2025-12-31,25664.13,23,2025-07-18,2023-07-14,1115.83,1,16.5,0,166.0,1,57.2
C001686,2024-01-14,Startup,LATAM,Starter,Partner,4,53.39,717,20.0,0,-11.1,0.239,0,0,,2025-12-31,776.55,13,2025-10-29,2024-03-13,59.73,1,3.6,0,63.0,1,58.9
C001687,2023-09-05,Enterprise,APAC,Starter,Sales,65,46.25,848,5.2,0,8.4,0.85,0,1,2025-10-27,2025-12-31,559.38,11,2025-10-27,2023-10-19,50.85,0,0.0,0,65.0,0,66.0
C001688,2023-08-07,Mid-Market,Europe,Starter,Referral,17,54.15,877,20.0,1,30.4,0.726,0,0,,2025-12-31,925.38,17,2025-12-21,2023-08-11,54.43,1,12.8,0,10.0,1,76.2
C001689,2025-09-05,Enterprise,APAC,Business,Partner,404,495.0,117,9.0,3,17.4,0.64,0,0,,2025-12-31,1127.45,2,2025-12-01,2025-09-29,563.72,3,16.2,0,30.0,1,59.5
C001690,2022-05-15,SMB,Europe,Business,Partner,12,421.73,1326,0.0,1,62.7,0.714,0,0,,2025-12-31,9220.5,24,2025-12-27,2022-06-25,384.19,3,13.4,0,4.0,1,61.2
C001691,2025-01-09,Enterprise,Europe,Free,Sales,320,0.0,356,18.0,1,37.1,0.525,0,0,,2025-12-31,32.22,7,2025-12-05,2025-02-15,4.6,1,7.5,0,26.0,0,69.0
C001692,2025-06-26,SMB,North America,Business,Paid Search,7,411.2,188,9.4,3,22.8,0.256,0,1,2025-09-24,2025-12-31,2386.48,5,2025-09-17,2025-06-29,477.3,3,6.9,0,105.0,0,48.9
C001693,2024-07-29,SMB,Europe,Pro,Paid Search,8,154.16,520,3.6,2,2.3,0.128,1,1,2024-09-06,2025-12-31,304.99,2,2024-08-30,2024-07-29,152.5,3,16.2,0,488.0,0,37.3
C001694,2023-07-19,Startup,North America,Business,Referral,2,366.0,896,3.0,3,40.6,0.286,0,0,,2025-12-31,10320.99,29,2025-12-12,2023-07-20,355.9,3,14.1,0,19.0,1,45.8
C001695,2022-08-17,Mid-Market,Europe,Enterprise,Sales,35,1337.71,1232,11.0,0,86.5,0.163,1,0,,2025-12-31,40904.56,31,2025-07-30,2022-12-26,1319.5,1,54.4,0,154.0,1,56.4
C001696,2024-09-03,SMB,North America,Business,Paid Search,8,449.11,484,26.0,0,17.4,0.718,2,0,,2025-12-31,7211.79,16,2025-12-22,2024-09-26,450.74,1,48.3,0,9.0,1,77.5
C001697,2023-11-02,Enterprise,Europe,Starter,Organic,253,49.55,790,4.9,0,20.4,0.338,2,1,2025-11-06,2025-12-31,939.9,19,2025-11-02,2023-11-27,49.47,0,0.0,0,59.0,0,47.6
C001698,2022-08-02,Startup,North America,Starter,Partner,5,52.48,1247,1.0,1,8.5,0.291,1,0,,2025-12-31,1147.0,21,2025-09-20,2022-11-11,54.62,1,14.7,0,102.0,1,42.0
C001699,2023-05-30,Mid-Market,North America,Enterprise,Referral,50,1261.44,946,21.0,2,64.6,0.307,1,0,,2025-12-31,18211.32,14,2025-10-29,2023-06-07,1300.81,2,17.5,0,63.0,1,64.4
C001700,2025-10-07,Enterprise,Europe,Pro,Paid Search,161,187.9,85,6.0,1,58.2,0.697,1,0,,2025-12-31,197.88,1,2025-10-25,2025-10-25,197.88,2,7.0,0,67.0,1,63.6
C001701,2023-01-15,Mid-Market,North America,Pro,Referral,55,140.45,1081,1.0,0,23.8,0.06,0,0,,2025-12-31,2566.54,19,2025-09-02,2023-04-08,135.08,1,5.5,0,120.0,1,40.1
C001702,2022-09-13,Startup,LATAM,Enterprise,Paid Search,6,1206.31,1205,19.0,1,20.0,0.487,0,0,,2025-12-31,25425.579999999998,20,2025-11-29,2022-11-01,1271.28,1,7.6,0,32.0,1,67.1
C001703,2024-09-02,Enterprise,Europe,Business,Paid Search,242,431.26,485,9.0,0,11.4,0.528,2,0,,2025-12-31,3477.57,8,2025-12-15,2024-10-26,434.7,1,6.1,0,16.0,1,56.0
C001704,2022-10-13,SMB,North America,Pro,Partner,14,155.55,1175,3.0,2,27.8,0.148,0,0,,2025-12-31,4145.5,27,2025-12-29,2022-11-24,153.54,3,18.9,0,2.0,1,41.9
C001705,2025-08-08,SMB,North America,Business,Paid Search,13,395.17,145,1.0,1,60.5,0.363,0,0,,2025-12-31,448.54,1,2025-11-30,2025-11-30,448.54,2,6.1,0,31.0,1,51.3
C001706,2025-05-13,SMB,APAC,Free,Referral,20,0.0,232,5.0,1,36.0,0.212,1,0,,2025-12-31,17.009999999999998,5,2025-11-20,2025-05-18,3.4,2,11.4,0,41.0,0,45.9
C001707,2025-11-07,Mid-Market,Europe,Business,Organic,40,409.68,54,4.0,0,67.2,0.374,0,0,,2025-12-31,421.03,1,2025-12-06,2025-12-06,421.03,1,3.1,0,25.0,1,56.5
C001708,2025-07-28,Enterprise,Europe,Enterprise,Referral,401,1207.33,156,0.0,1,17.0,0.652,1,0,,2025-12-31,4916.93,4,2025-12-19,2025-08-09,1229.23,2,12.4,0,12.0,1,52.8
C001709,2022-12-15,SMB,North America,Free,Paid Search,24,0.0,1112,4.5,0,-22.8,0.337,0,1,2025-07-22,2025-12-31,158.48000000000002,24,2025-07-12,2023-01-11,6.6,1,5.9,0,172.0,0,46.8
C001710,2022-10-31,Mid-Market,APAC,Starter,Sales,24,58.29,1157,23.0,3,100.0,0.427,0,0,,2025-12-31,1687.08,31,2025-12-13,2022-12-02,54.42,5,14.1,0,18.0,1,73.8
C001711,2023-05-05,SMB,LATAM,Business,Referral,6,415.17,971,11.0,1,40.4,0.065,0,0,,2025-12-31,6783.02,16,2025-12-22,2023-07-16,423.94,1,5.1,0,9.0,1,49.3
C001712,2023-11-03,Mid-Market,North America,Pro,Organic,53,174.48,789,1.0,1,54.5,0.147,2,0,,2025-12-31,4367.88,24,2025-11-12,2023-12-06,182.0,1,49.0,0,49.0,1,40.3
C001713,2025-06-12,SMB,North America,Free,Sales,6,0.0,202,24.0,2,15.3,0.309,0,0,,2025-12-31,42.86,3,2025-11-25,2025-07-16,14.29,2,11.0,0,36.0,0,64.2
C001714,2024-11-14,Enterprise,North America,Starter,Paid Search,163,60.95,412,17.0,0,0.9,0.116,0,0,,2025-12-31,840.2900000000001,14,2025-12-07,2024-12-13,60.02,0,0.0,0,24.0,1,53.7
C001715,2024-07-10,SMB,North America,Starter,Paid Search,16,56.62,539,27.0,0,38.9,0.379,0,0,,2025-12-31,621.92,11,2025-11-30,2024-08-10,56.54,1,5.9,0,31.0,1,74.4
C001716,2025-06-10,Mid-Market,APAC,Starter,Sales,53,60.24,204,10.9,1,-14.8,0.341,1,1,2025-11-16,2025-12-31,471.37,8,2025-11-14,2025-06-18,58.92,1,7.1,0,47.0,0,50.0
C001717,2024-07-12,SMB,LATAM,Business,Sales,4,445.23,537,13.0,1,28.3,0.832,0,0,,2025-12-31,4646.93,10,2025-10-13,2024-08-06,464.69,1,3.0,0,79.0,1,72.9
C001718,2023-06-27,Enterprise,LATAM,Pro,Partner,486,178.32,918,14.0,1,60.6,0.175,0,0,,2025-12-31,2754.4700000000003,16,2025-11-06,2023-08-09,172.15,1,8.4,0,55.0,1,57.3
C001719,2023-08-14,Startup,APAC,Business,Sales,7,427.17,870,0.0,0,46.2,0.371,0,0,,2025-12-31,7188.91,15,2025-12-18,2024-02-21,479.26,0,0.0,0,13.0,1,50.8
C001720,2024-01-10,SMB,North America,Free,Paid Search,18,0.0,721,10.0,0,41.4,0.023,0,0,,2025-12-31,69.5,19,2025-12-15,2024-03-28,3.66,0,0.0,0,16.0,0,48.8
C001721,2022-05-07,Mid-Market,LATAM,Starter,Organic,70,50.23,1334,12.0,0,78.6,0.268,0,0,,2025-12-31,1436.25,28,2025-09-17,2022-06-11,51.29,0,0.0,0,105.0,1,61.6
C001722,2024-11-26,Enterprise,North America,Starter,Organic,170,47.04,400,4.2,0,44.4,0.656,2,1,2025-09-20,2025-12-31,367.48,8,2025-07-04,2024-12-05,45.94,0,0.0,0,180.0,0,58.9
C001723,2024-07-22,Mid-Market,North America,Business,Paid Search,78,415.56,527,23.0,0,-12.6,0.056,0,0,,2025-12-31,4950.17,12,2025-10-06,2024-09-02,412.51,0,0.0,0,86.0,1,56.0
C001724,2024-11-11,Mid-Market,APAC,Enterprise,Partner,76,1411.18,415,26.0,2,31.3,0.543,0,0,,2025-12-31,7366.24,6,2025-10-30,2024-12-10,1227.71,2,13.4,0,62.0,1,74.6
C001725,2024-02-03,Mid-Market,North America,Starter,Paid Search,18,45.76,697,13.0,3,83.1,0.367,0,0,,2025-12-31,1034.11,23,2025-12-24,2024-02-19,44.96,3,19.4,0,7.0,1,61.4
C001726,2025-01-24,Startup,APAC,Enterprise,Partner,3,1378.19,341,21.0,4,27.3,0.588,0,0,,2025-12-31,9506.49,6,2025-11-17,2025-03-05,1584.42,4,15.4,0,44.0,1,68.1
C001727,2025-09-20,SMB,LATAM,Free,Organic,17,0.0,102,2.6,2,81.6,0.634,1,1,2025-10-25,2025-12-31,34.15,2,2025-10-19,2025-10-12,17.08,3,18.4,0,73.0,0,59.5
C001728,2024-03-26,Mid-Market,APAC,Starter,Paid Search,25,56.88,645,25.0,0,60.6,0.741,0,0,,2025-12-31,770.9,14,2025-11-26,2024-04-20,55.06,0,0.0,0,35.0,1,85.6
C001729,2023-09-28,SMB,APAC,Business,Referral,8,417.63,825,19.0,2,24.8,0.537,0,0,,2025-12-31,8209.65,19,2025-12-21,2023-11-22,432.09,2,21.2,0,10.0,1,67.6
C001730,2022-05-30,Mid-Market,North America,Starter,Organic,31,57.77,1311,20.0,0,8.0,0.682,0,0,,2025-12-31,1278.17,22,2025-10-31,2022-07-15,58.1,0,0.0,0,61.0,1,74.1
C001731,2025-01-18,Startup,North America,Enterprise,Referral,7,1435.47,347,16.0,1,43.5,0.466,0,0,,2025-12-31,9545.34,6,2025-12-30,2025-02-05,1590.89,1,6.4,0,1.0,1,66.1
C001732,2025-07-16,Enterprise,APAC,Starter,Referral,101,58.49,168,23.0,1,66.8,0.264,0,0,,2025-12-31,188.18,3,2025-10-15,2025-08-27,62.73,1,18.3,0,77.0,1,68.6
C001733,2024-09-27,SMB,Europe,Business,Partner,14,468.2,460,14.0,0,-4.5,0.155,0,0,,2025-12-31,2107.79,6,2025-10-20,2024-10-05,351.3,1,7.0,0,72.0,1,51.7
C001734,2025-05-22,SMB,LATAM,Starter,Sales,15,56.73,223,26.0,3,38.0,0.331,0,0,,2025-12-31,169.82999999999998,3,2025-10-16,2025-07-21,56.61,3,9.7,0,76.0,1,67.4
C001735,2025-05-16,Enterprise,North America,Starter,Sales,181,53.29,229,18.0,0,-16.0,0.438,0,0,,2025-12-31,188.66,4,2025-09-24,2025-06-25,47.16,0,0.0,0,98.0,1,62.6
C001736,2025-02-15,Mid-Market,North America,Starter,Organic,52,50.57,319,5.5,0,26.5,0.227,2,1,2025-06-17,2025-12-31,132.41,3,2025-05-29,2025-04-02,44.14,1,43.7,0,216.0,0,45.4
C001737,2023-12-21,Mid-Market,North America,Enterprise,Partner,32,1309.02,741,5.0,4,-6.4,0.7,1,0,,2025-12-31,21177.48,16,2025-11-10,2023-12-21,1323.59,4,5.9,0,51.0,1,51.8
C001738,2022-05-23,Startup,APAC,Pro,Organic,6,141.11,1318,5.4,0,49.1,0.165,1,1,2025-06-25,2025-12-31,4203.85,28,2025-06-15,2022-06-21,150.14,0,0.0,0,199.0,0,47.7
C001739,2022-01-05,SMB,APAC,Pro,Paid Search,4,151.07,1456,1.0,1,17.8,0.365,0,0,,2025-12-31,4806.08,30,2025-12-17,2022-02-01,160.2,1,13.7,0,14.0,1,47.1
C001740,2022-10-20,SMB,LATAM,Free,Partner,21,0.0,1168,1.0,2,64.0,0.653,0,0,,2025-12-31,141.46,26,2025-12-16,2022-11-14,5.44,2,21.3,0,15.0,0,58.9
C001741,2023-09-09,SMB,North America,Free,Referral,23,0.0,844,0.0,1,21.5,0.169,0,1,2023-12-23,2025-12-31,20.74,1,2023-10-26,2023-10-26,20.74,1,6.5,0,797.0,0,40.7
C001742,2024-11-29,Startup,Europe,Free,Referral,2,0.0,397,3.0,2,19.2,0.734,0,0,,2025-12-31,35.71,7,2025-11-08,2024-11-30,5.1,2,5.6,0,53.0,0,58.6
C001743,2023-10-14,SMB,North America,Business,Referral,23,370.23,809,6.0,1,-5.4,0.457,1,0,,2025-12-31,9017.03,23,2025-12-19,2023-10-15,392.04,1,21.2,0,12.0,1,50.0
C001744,2022-02-03,SMB,North America,Starter,Referral,12,58.02,1427,9.0,4,44.8,0.437,2,1,2022-05-31,2025-12-31,249.21,4,2022-05-12,2022-03-10,62.3,6,13.1,0,1329.0,0,50.6
C001745,2022-10-28,SMB,North America,Starter,Partner,6,44.03,1160,7.0,0,47.3,0.104,1,0,,2025-12-31,877.04,20,2025-12-26,2023-01-07,43.85,0,0.0,0,5.0,1,47.1
C001746,2025-11-01,Mid-Market,Europe,Pro,Organic,65,149.55,60,12.0,0,58.5,0.413,0,0,,2025-12-31,294.36,2,2025-12-04,2025-11-04,147.18,2,7.4,0,27.0,1,64.0
C001747,2025-11-13,Startup,Europe,Pro,Organic,4,174.94,48,12.0,2,51.4,0.232,0,0,,2025-12-31,223.76,1,2025-11-28,2025-11-28,223.76,2,9.7,0,33.0,1,54.8
C001748,2023-06-24,Enterprise,North America,Starter,Paid Search,318,60.73,921,12.0,1,45.0,0.72,0,0,,2025-12-31,959.51,16,2025-12-11,2023-07-11,59.97,1,30.4,0,20.0,1,70.3
C001749,2025-02-25,Mid-Market,Europe,Free,Referral,16,0.0,309,1.0,2,49.9,0.685,0,0,,2025-12-31,64.55,8,2025-11-16,2025-04-18,8.07,2,8.6,1,45.0,0,58.4
C001750,2024-10-25,Startup,APAC,Starter,Organic,1,55.23,432,15.0,2,52.4,0.501,0,0,,2025-12-31,560.37,10,2025-10-29,2024-11-24,56.04,2,40.2,0,63.0,1,65.7
C001751,2025-08-24,Mid-Market,North America,Business,Paid Search,33,471.64,129,8.0,1,57.7,0.363,2,0,,2025-12-31,1093.1599999999999,3,2025-12-19,2025-09-09,364.39,3,32.2,0,12.0,1,53.3
C001752,2025-06-23,Mid-Market,North America,Starter,Organic,35,52.21,191,15.0,1,-3.2,0.04,0,0,,2025-12-31,166.26,3,2025-12-04,2025-06-26,55.42,1,45.5,0,27.0,1,47.8
C001753,2024-06-18,Mid-Market,APAC,Pro,Partner,67,179.47,561,1.0,1,23.5,0.103,1,0,,2025-12-31,2267.96,14,2025-10-18,2024-06-19,162.0,4,16.0,0,74.0,1,37.8
C001754,2023-07-19,SMB,APAC,Free,Paid Search,8,0.0,896,24.0,0,-5.6,0.658,1,0,,2025-12-31,123.66,21,2025-10-27,2023-10-17,5.89,0,0.0,0,65.0,0,73.6
C001755,2024-06-15,Startup,APAC,Enterprise,Organic,1,1087.59,564,20.0,1,43.3,0.549,0,0,,2025-12-31,13534.44,12,2025-12-06,2024-08-25,1127.87,2,13.9,0,25.0,1,72.2
C001756,2023-04-02,Enterprise,North America,Enterprise,Organic,254,1223.03,1004,9.0,2,75.7,0.539,0,0,,2025-12-31,25133.01,20,2025-12-22,2023-05-25,1256.65,3,25.3,0,9.0,1,63.8
C001757,2023-05-13,Enterprise,Europe,Free,Paid Search,218,0.0,963,10.0,0,57.4,0.643,0,0,,2025-12-31,80.47,24,2025-12-28,2023-06-17,3.35,1,13.5,0,3.0,0,69.0
C001758,2024-05-20,SMB,LATAM,Pro,Paid Search,18,150.22,590,8.0,2,19.8,0.28,1,0,,2025-12-31,1906.27,13,2025-12-16,2024-05-23,146.64,2,11.4,0,15.0,1,47.5
C001759,2024-03-28,Startup,North America,Starter,Sales,2,53.68,643,27.0,0,47.6,0.638,1,0,,2025-12-31,578.14,11,2025-12-17,2024-04-30,52.56,0,0.0,0,14.0,1,81.0
C001760,2024-04-10,Mid-Market,Europe,Business,Organic,68,395.77,630,19.0,1,43.7,0.446,1,0,,2025-12-31,5288.12,13,2025-12-14,2024-04-10,406.78,3,15.2,2,17.0,1,66.2
C001761,2023-07-05,Startup,LATAM,Pro,Paid Search,3,164.5,910,12.0,2,40.8,0.759,0,0,,2025-12-31,3501.97,21,2025-12-31,2023-08-17,166.76,3,23.7,0,0.0,1,69.6
C001762,2023-08-09,Startup,North America,Pro,Partner,2,154.67,875,18.0,2,2.4,0.437,2,0,,2025-12-31,2194.39,15,2025-12-15,2023-09-23,146.29,2,12.6,0,16.0,1,57.4
C001763,2022-01-15,Mid-Market,APAC,Starter,Partner,63,54.6,1446,1.0,0,67.9,0.557,0,0,,2025-12-31,1707.6399999999999,30,2025-07-23,2022-07-20,56.92,0,0.0,0,161.0,1,59.4
C001764,2024-05-10,Startup,APAC,Free,Paid Search,1,0.0,600,23.0,1,5.5,0.29,1,0,,2025-12-31,172.36,19,2025-12-14,2024-06-12,9.07,1,5.5,0,17.0,0,61.3
C001765,2024-04-03,SMB,North America,Pro,Organic,17,171.27,637,16.0,0,25.8,0.202,0,0,,2025-12-31,3884.15,23,2025-11-14,2024-05-02,168.88,1,8.4,0,47.0,1,57.9
C001766,2025-08-30,SMB,APAC,Pro,Sales,20,152.59,123,8.0,0,59.0,0.339,1,0,,2025-12-31,155.0,1,2025-12-06,2025-12-06,155.0,0,0.0,0,25.0,1,56.2
C001767,2023-12-23,SMB,Europe,Business,Sales,8,439.39,739,6.7,0,25.7,0.25,1,1,2024-04-01,2025-12-31,2365.97,5,2024-03-17,2024-01-11,473.19,1,9.2,0,654.0,0,49.1
C001768,2023-10-31,Startup,APAC,Business,Paid Search,1,349.3,792,0.0,0,37.0,0.2,0,0,,2025-12-31,4131.65,12,2025-05-10,2024-02-13,344.3,1,9.2,0,235.0,1,44.7
C001769,2022-04-07,SMB,LATAM,Pro,Partner,11,169.1,1364,13.0,0,38.0,0.539,0,0,,2025-12-31,5157.62,29,2025-10-26,2022-05-30,177.85,0,0.0,0,66.0,1,66.6
C001770,2022-10-09,SMB,APAC,Pro,Organic,10,168.44,1179,26.0,0,36.6,0.395,0,0,,2025-12-31,5677.04,32,2025-12-15,2022-10-24,177.41,3,21.4,0,16.0,1,73.7
C001771,2023-04-29,Startup,North America,Enterprise,Organic,1,1388.77,977,21.0,0,37.9,0.734,0,0,,2025-12-31,36937.17,28,2025-10-29,2023-05-03,1319.18,1,27.8,0,63.0,1,79.6
C001772,2023-06-24,SMB,APAC,Business,Organic,10,377.99,921,1.0,0,40.3,0.731,0,0,,2025-12-31,6775.92,18,2025-12-07,2023-06-24,376.44,0,0.0,0,24.0,1,61.9
C001773,2023-06-03,Startup,LATAM,Business,Referral,3,364.76,942,16.0,1,36.9,0.111,0,0,,2025-12-31,5968.8099999999995,16,2025-11-20,2023-09-06,373.05,1,7.6,0,41.0,1,54.8
C001774,2023-07-18,Startup,Europe,Enterprise,Organic,2,1381.56,897,19.0,1,12.6,0.685,0,0,,2025-12-31,17883.25,13,2025-09-07,2023-08-17,1375.63,3,14.2,0,115.0,1,72.3
C001775,2025-01-04,Mid-Market,Europe,Starter,Organic,24,49.55,361,14.0,1,-3.8,0.709,0,0,,2025-12-31,379.48,7,2025-11-15,2025-02-06,54.21,1,4.8,0,46.0,1,66.9
C001776,2022-07-07,Enterprise,North America,Pro,Organic,133,168.82,1273,9.0,0,60.0,0.344,0,0,,2025-12-31,4932.09,27,2025-12-09,2022-08-07,182.67,0,0.0,0,22.0,1,59.4
C001777,2023-04-21,SMB,APAC,Pro,Organic,11,177.72,985,19.0,1,61.1,0.539,0,0,,2025-12-31,4122.24,21,2025-11-01,2023-04-30,196.3,1,10.1,0,60.0,1,72.7
C001778,2022-08-21,Startup,North America,Starter,Paid Search,4,53.24,1228,11.0,2,43.4,0.544,0,0,,2025-12-31,1162.12,21,2025-09-23,2022-09-28,55.34,3,12.4,0,99.0,1,62.5
C001779,2023-03-17,Mid-Market,North America,Pro,Paid Search,19,146.79,1020,26.0,0,43.2,0.479,0,0,,2025-12-31,2580.57,18,2025-12-24,2023-04-17,143.36,1,15.2,0,7.0,1,76.9
C001780,2024-09-05,SMB,LATAM,Starter,Partner,7,45.3,482,23.0,0,12.1,0.06,0,0,,2025-12-31,320.02,7,2025-06-27,2024-11-22,45.72,0,0.0,0,187.0,1,58.5
C001781,2022-03-08,Enterprise,LATAM,Pro,Paid Search,304,158.24,1394,25.0,4,-26.0,0.46,0,0,,2025-12-31,4678.01,31,2025-10-25,2022-07-10,150.9,4,9.6,0,67.0,1,62.5
C001782,2023-05-01,Mid-Market,LATAM,Starter,Paid Search,15,54.3,975,11.0,0,28.8,0.148,0,0,,2025-12-31,793.2,15,2025-12-15,2023-06-12,52.88,0,0.0,0,16.0,1,52.1
C001783,2022-02-03,SMB,Europe,Business,Referral,7,471.69,1427,18.0,1,-12.4,0.693,0,0,,2025-12-31,17200.18,35,2025-11-23,2022-02-07,491.43,1,16.4,0,38.0,1,69.1
C001784,2025-09-27,Mid-Market,North America,Pro,Organic,38,138.99,95,4.0,1,39.6,0.59,0,0,,2025-12-31,161.1,1,2025-11-07,2025-11-07,161.1,1,6.6,0,54.0,1,58.7
C001785,2024-11-05,Startup,Europe,Pro,Organic,7,152.09,421,21.0,0,67.6,0.662,1,0,,2025-12-31,1989.0,12,2025-11-23,2024-11-14,165.75,0,0.0,0,38.0,1,78.4
C001786,2022-12-15,Mid-Market,North America,Starter,Referral,60,57.86,1112,21.0,0,19.6,0.448,0,0,,2025-12-31,1291.41,24,2025-10-22,2022-12-27,53.81,1,54.4,0,70.0,1,69.2
C001787,2022-10-11,Startup,APAC,Pro,Partner,5,171.66,1177,12.6,1,21.0,0.614,2,1,2024-12-29,2025-12-31,2850.79,17,2024-12-24,2022-11-07,167.69,2,38.9,0,372.0,0,61.3
C001788,2022-05-22,Mid-Market,Europe,Free,Paid Search,18,0.0,1319,0.0,0,9.9,0.389,0,1,2025-04-10,2025-12-31,85.1,19,2025-02-19,2022-08-10,4.48,0,0.0,0,315.0,0,47.7
C001789,2023-11-08,Startup,Europe,Starter,Organic,1,53.81,784,12.0,0,36.1,0.293,1,0,,2025-12-31,956.19,19,2025-11-28,2023-11-24,50.33,0,0.0,0,33.0,1,56.1
C001790,2024-12-13,SMB,North America,Starter,Organic,3,45.59,383,4.5,2,34.2,0.255,0,1,2025-05-08,2025-12-31,116.52,2,2025-04-17,2025-04-07,58.26,3,18.2,0,258.0,0,47.1
C001791,2024-04-15,Enterprise,Europe,Business,Organic,101,416.41,625,25.0,1,9.5,0.29,0,0,,2025-12-31,4770.97,12,2025-09-20,2024-06-18,397.58,3,17.8,0,102.0,1,65.5
C001792,2025-06-13,Enterprise,APAC,Starter,Referral,326,56.12,201,15.0,1,57.8,0.186,0,0,,2025-12-31,416.77000000000004,7,2025-12-02,2025-07-08,59.54,2,10.8,0,29.0,1,58.3
C001793,2023-05-07,Enterprise,APAC,Pro,Partner,131,145.62,969,17.0,0,100.0,0.694,1,0,,2025-12-31,2319.46,16,2025-12-04,2023-08-19,144.97,0,0.0,0,27.0,1,79.0
C001794,2023-02-02,SMB,North America,Business,Organic,8,403.0,1063,12.0,0,64.7,0.304,1,0,,2025-12-31,7577.98,20,2025-11-23,2023-03-17,378.9,1,21.3,0,38.0,1,59.3
C001795,2023-11-15,Startup,North America,Starter,Organic,3,46.0,777,3.0,2,32.2,0.32,0,0,,2025-12-31,576.99,12,2025-12-12,2024-02-02,48.08,2,6.7,0,19.0,1,47.5
C001796,2022-10-16,SMB,North America,Business,Organic,11,393.27,1172,17.0,1,31.9,0.406,1,0,,2025-12-31,8432.93,22,2025-12-26,2024-01-31,383.32,1,10.1,0,5.0,1,62.0
C001797,2025-10-27,SMB,North America,Free,Organic,10,0.0,65,17.0,1,22.2,0.203,1,0,,2025-12-31,11.88,1,2025-12-20,2025-12-20,11.88,1,6.8,0,11.0,0,55.0
C001798,2022-09-23,SMB,LATAM,Starter,Paid Search,10,54.2,1195,10.0,3,21.6,0.833,0,0,,2025-12-31,1129.0,20,2025-09-19,2022-10-09,56.45,3,11.1,0,103.0,1,66.6
C001799,2023-11-16,SMB,Europe,Free,Paid Search,13,0.0,776,17.0,2,59.0,0.431,0,0,,2025-12-31,78.1,14,2025-11-26,2023-12-26,5.58,2,22.7,0,35.0,0,66.0
C001800,2024-01-17,SMB,North America,Pro,Sales,13,177.34,714,10.0,3,60.0,0.683,0,0,,2025-12-31,2921.89,16,2025-11-19,2024-01-21,182.62,3,10.2,0,42.0,1,65.9
C001801,2022-03-23,SMB,APAC,Enterprise,Referral,6,1256.3,1379,18.0,0,5.8,0.637,1,0,,2025-12-31,28901.65,23,2025-10-06,2022-04-07,1256.59,1,8.3,0,86.0,1,68.8
C001802,2023-11-01,SMB,North America,Pro,Sales,17,164.92,791,9.0,2,44.2,0.302,0,0,,2025-12-31,1955.54,11,2025-10-02,2023-11-15,177.78,2,18.7,0,90.0,1,53.5
C001803,2023-10-13,Startup,North America,Pro,Referral,3,158.65,810,21.0,1,62.8,0.19,1,0,,2025-12-31,2529.66,16,2025-10-26,2023-10-16,158.1,1,4.2,0,66.0,1,62.2
C001804,2023-01-06,Mid-Market,Europe,Starter,Sales,75,46.4,1090,24.0,2,26.2,0.412,0,0,,2025-12-31,817.88,18,2025-11-23,2023-01-08,45.44,2,44.2,0,38.0,1,68.4
C001805,2022-07-02,Enterprise,North America,Enterprise,Sales,298,1492.7,1278,13.0,2,29.7,0.61,0,0,,2025-12-31,37421.83,26,2025-12-23,2022-08-16,1439.3,2,13.6,0,8.0,1,64.9
C001806,2022-03-06,Mid-Market,Europe,Pro,Paid Search,61,170.2,1396,0.0,1,52.4,0.093,0,0,,2025-12-31,7094.92,43,2025-11-11,2022-03-27,165.0,1,27.8,0,50.0,1,41.5
C001807,2022-01-13,SMB,APAC,Starter,Organic,15,47.95,1448,19.0,0,53.1,0.269,0,0,,2025-12-31,1847.87,38,2025-11-06,2022-03-02,48.63,0,0.0,0,55.0,1,65.3
C001808,2023-11-20,Mid-Market,LATAM,Enterprise,Organic,56,1135.79,772,26.0,2,45.7,0.503,0,0,,2025-12-31,16370.06,15,2025-12-25,2024-01-11,1091.34,2,29.1,0,6.0,1,74.9
C001809,2022-05-09,Startup,North America,Starter,Partner,3,57.81,1332,19.0,1,41.4,0.671,1,0,,2025-12-31,1432.26,27,2025-11-16,2022-08-31,53.05,2,28.8,0,45.0,1,72.7
C001810,2025-10-03,SMB,Europe,Starter,Partner,19,58.73,89,10.0,0,44.7,0.252,0,0,,2025-12-31,237.64000000000001,4,2025-12-14,2025-10-15,59.41,0,0.0,0,17.0,1,56.0
C001811,2022-12-16,SMB,North America,Free,Organic,17,0.0,1111,15.0,1,28.1,0.658,0,0,,2025-12-31,137.02,27,2025-11-02,2022-12-31,5.07,1,5.1,0,59.0,0,69.4
C001812,2024-07-22,SMB,Europe,Starter,Referral,5,51.28,527,4.7,3,7.1,0.347,0,1,2025-11-08,2025-12-31,417.8,8,2025-11-06,2024-07-25,52.22,3,27.4,0,55.0,0,45.8
C001813,2024-08-21,Mid-Market,North America,Business,Referral,70,444.98,497,21.0,1,-3.9,0.63,0,0,,2025-12-31,2081.02,5,2025-11-04,2025-05-21,416.2,1,25.7,0,57.0,1,70.8
C001814,2023-12-10,Startup,Europe,Pro,Partner,7,154.86,752,20.0,0,49.9,0.045,2,0,,2025-12-31,1814.1499999999999,12,2025-11-21,2024-03-22,151.18,0,0.0,0,40.0,1,55.2
C001815,2025-06-17,Enterprise,North America,Enterprise,Paid Search,202,1471.33,197,17.0,5,37.7,0.619,0,0,,2025-12-31,11187.81,8,2025-10-23,2025-06-26,1398.48,5,20.8,1,69.0,1,65.0
C001816,2022-06-08,SMB,LATAM,Free,Organic,18,0.0,1302,10.0,1,46.4,0.34,0,0,,2025-12-31,170.9,30,2025-12-24,2022-08-25,5.7,1,8.7,0,7.0,0,57.3
C001817,2022-12-01,Startup,APAC,Pro,Paid Search,5,134.41,1126,4.0,3,14.3,0.528,0,0,,2025-12-31,2782.08,22,2025-11-28,2022-12-18,126.46,3,27.9,0,33.0,1,51.3
C001818,2022-12-27,SMB,North America,Pro,Organic,5,146.35,1100,17.0,2,37.6,0.598,0,0,,2025-12-31,3275.25,23,2025-12-20,2023-02-07,142.4,4,23.6,0,11.0,1,68.9
C001819,2022-07-13,Startup,APAC,Pro,Partner,3,163.46,1267,9.0,1,37.0,0.349,1,0,,2025-12-31,3947.13,24,2025-10-08,2022-09-01,164.46,1,6.2,0,84.0,1,53.7
C001820,2023-02-26,Mid-Market,North America,Pro,Paid Search,65,185.03,1039,25.0,3,67.0,0.302,0,0,,2025-12-31,4017.17,20,2025-11-05,2023-03-17,200.86,3,15.3,0,56.0,1,68.6
C001821,2023-03-24,Startup,APAC,Pro,Organic,1,162.78,1013,1.0,2,56.3,0.314,1,0,,2025-12-31,2755.88,18,2025-12-22,2023-03-25,153.1,3,9.0,0,9.0,1,45.9
C001822,2024-12-29,SMB,North America,Pro,Paid Search,4,153.63,367,23.0,1,16.5,0.437,2,0,,2025-12-31,880.01,6,2025-10-25,2025-05-15,146.67,2,15.0,0,67.0,1,64.8
C001823,2023-03-08,SMB,North America,Business,Partner,22,458.23,1029,21.0,1,47.6,0.792,0,0,,2025-12-31,10548.68,24,2025-10-16,2023-05-19,439.53,1,13.5,0,76.0,1,80.8
C001824,2025-06-07,Enterprise,Europe,Starter,Paid Search,385,58.53,207,14.0,2,16.3,0.43,0,0,,2025-12-31,235.55,4,2025-11-21,2025-07-23,58.89,3,8.0,0,40.0,1,59.0
C001825,2025-01-09,Mid-Market,Europe,Pro,Sales,45,170.61,356,27.0,2,-30.3,0.644,0,0,,2025-12-31,320.39,2,2025-08-10,2025-05-18,160.2,2,12.6,0,143.0,1,72.4
C001826,2025-07-13,SMB,Europe,Pro,Organic,7,176.0,171,20.0,0,78.1,0.504,1,0,,2025-12-31,984.04,6,2025-12-11,2025-08-18,164.01,0,0.0,0,20.0,1,73.8
C001827,2022-05-31,Enterprise,Europe,Starter,Sales,384,56.76,1310,0.2,2,25.6,0.195,1,1,2023-06-10,2025-12-31,591.9200000000001,12,2023-05-28,2022-08-24,49.33,2,9.8,1,948.0,0,38.6
C001828,2025-11-08,SMB,North America,Starter,Organic,7,51.3,53,10.0,1,61.0,0.121,0,0,,2025-12-31,40.81,1,2025-12-15,2025-12-15,40.81,1,34.8,0,16.0,1,52.2
C001829,2024-05-27,Startup,North America,Enterprise,Organic,4,1328.92,583,23.0,0,18.5,0.787,0,0,,2025-12-31,23384.13,17,2025-08-18,2024-06-11,1375.54,0,0.0,0,135.0,1,81.0
C001830,2025-11-05,Startup,Europe,Starter,Sales,5,56.64,56,21.0,2,14.8,0.89,0,0,,2025-12-31,51.46,1,2025-11-06,2025-11-06,51.46,2,11.0,0,55.0,1,78.9
C001831,2023-05-23,Enterprise,Europe,Starter,Referral,119,55.71,953,4.0,2,21.3,0.176,0,0,,2025-12-31,645.8,12,2025-12-15,2023-06-21,53.82,2,37.2,0,16.0,1,43.0
C001832,2025-09-24,Startup,North America,Pro,Partner,6,132.47,98,4.0,0,41.3,0.288,0,0,,2025-12-31,399.63,3,2025-12-03,2025-10-14,133.21,1,6.2,0,28.0,1,51.3
C001833,2024-04-21,Enterprise,North America,Free,Referral,299,0.0,619,25.0,0,39.4,0.395,0,0,,2025-12-31,74.97,14,2025-11-15,2024-05-04,5.36,0,0.0,0,46.0,0,73.1
C001834,2022-04-13,SMB,Europe,Free,Paid Search,6,0.0,1358,1.0,3,47.4,0.284,0,0,,2025-12-31,177.42000000000002,34,2025-12-06,2022-04-28,5.22,4,18.5,0,25.0,0,44.7
C001835,2023-08-10,Startup,Europe,Free,Referral,2,0.0,874,26.0,0,22.6,0.703,0,0,,2025-12-31,81.27,14,2025-09-17,2023-11-13,5.8,0,0.0,0,105.0,0,81.6
C001836,2022-07-17,Enterprise,APAC,Free,Organic,82,0.0,1263,15.0,0,36.0,0.351,0,0,,2025-12-31,110.76,23,2025-12-22,2022-09-09,4.82,0,0.0,0,9.0,0,62.5
C001837,2025-09-08,Enterprise,Europe,Starter,Referral,72,48.69,114,22.0,0,13.9,0.371,0,0,,2025-12-31,247.44,5,2025-12-16,2025-10-07,49.49,1,10.9,1,15.0,1,67.2
C001838,2023-03-12,Enterprise,Europe,Business,Sales,107,463.52,1025,6.0,1,71.7,0.199,0,0,,2025-12-31,8574.53,19,2025-12-23,2023-03-15,451.29,2,23.1,1,8.0,1,52.0
C001839,2022-11-14,SMB,Europe,Starter,Referral,5,49.51,1143,3.4,0,2.1,0.032,0,1,2023-12-17,2025-12-31,335.84000000000003,6,2023-11-01,2022-11-14,55.97,1,3.7,0,791.0,0,39.2
C001840,2024-03-01,Startup,North America,Starter,Referral,5,43.44,670,20.0,0,14.5,0.788,0,0,,2025-12-31,406.18,9,2025-09-20,2024-04-23,45.13,1,26.4,0,102.0,1,77.9
C001841,2023-08-31,Mid-Market,North America,Pro,Partner,24,152.24,853,0.9,1,24.4,0.3,1,1,2024-10-26,2025-12-31,1627.8899999999999,10,2024-10-01,2023-09-12,162.79,1,12.7,0,456.0,0,43.7
C001842,2022-05-19,Mid-Market,North America,Starter,Paid Search,37,47.74,1322,2.0,0,94.7,0.775,0,0,,2025-12-31,1388.37,27,2025-08-15,2022-05-24,51.42,0,0.0,0,138.0,1,69.5
C001843,2025-03-13,SMB,APAC,Starter,Paid Search,15,52.39,293,17.0,2,54.2,0.254,0,0,,2025-12-31,312.13,5,2025-05-16,2025-03-16,62.43,2,11.2,1,229.0,1,60.2
C001844,2025-04-24,Mid-Market,North America,Starter,Referral,51,58.71,251,0.0,3,13.7,0.204,1,0,,2025-12-31,108.41999999999999,2,2025-07-23,2025-04-24,54.21,3,10.4,1,161.0,1,36.0
C001845,2024-11-28,SMB,Europe,Starter,Partner,15,59.36,398,26.0,2,55.6,0.588,0,0,,2025-12-31,440.14,8,2025-11-07,2024-12-03,55.02,4,14.6,0,54.0,1,78.4
C001846,2024-05-31,Startup,Europe,Starter,Paid Search,5,51.53,579,18.0,1,47.9,0.4,1,0,,2025-12-31,594.11,12,2025-12-13,2024-06-10,49.51,1,25.6,0,18.0,1,64.4
C001847,2023-07-30,SMB,North America,Free,Referral,18,0.0,885,9.8,2,41.8,0.564,1,1,2024-07-31,2025-12-31,0.0,3,2024-06-05,2023-11-08,0.0,4,10.9,0,574.0,0,59.8
C001848,2024-02-15,Startup,APAC,Business,Organic,6,460.78,685,14.0,0,52.4,0.107,1,0,,2025-12-31,5106.4400000000005,11,2025-10-13,2024-05-02,464.22,1,8.7,0,79.0,1,54.0
C001849,2024-01-16,SMB,APAC,Enterprise,Referral,13,1148.33,715,17.0,1,36.5,0.549,0,0,,2025-12-31,14492.17,14,2025-10-09,2024-01-19,1035.16,2,19.6,1,83.0,1,68.8
C001850,2022-08-25,Startup,North America,Business,Referral,3,351.87,1224,26.0,2,39.3,0.455,1,0,,2025-12-31,10185.24,30,2025-11-15,2022-09-15,339.51,2,16.2,0,46.0,1,70.8
C001851,2022-04-27,Mid-Market,APAC,Free,Organic,43,0.0,1344,0.0,3,-3.8,0.676,0,0,,2025-12-31,101.75,25,2025-09-26,2022-04-29,4.07,3,10.9,0,96.0,0,50.4
C001852,2022-12-29,Enterprise,Europe,Business,Organic,84,444.04,1098,6.0,0,71.1,0.779,0,0,,2025-12-31,13477.2,28,2025-12-23,2023-04-19,481.33,1,32.4,0,8.0,1,70.8
C001853,2023-10-12,SMB,North America,Pro,Referral,13,169.89,811,19.0,0,23.8,0.761,0,0,,2025-12-31,3129.26,18,2025-12-18,2023-11-23,173.85,1,7.2,0,13.0,1,77.2
C001854,2022-08-18,Enterprise,APAC,Free,Organic,65,0.0,1231,0.9,1,4.1,0.694,0,1,2022-12-20,2025-12-31,49.91,3,2022-11-08,2022-10-01,16.64,1,11.1,0,1149.0,0,55.5
C001855,2022-06-02,Startup,APAC,Enterprise,Sales,7,1147.49,1308,6.0,0,22.4,0.2,1,0,,2025-12-31,28901.9,26,2025-08-03,2022-06-10,1111.61,0,0.0,0,150.0,1,46.6
C001856,2025-05-03,SMB,North America,Business,Organic,5,407.34,242,0.0,2,23.4,0.093,1,0,,2025-12-31,2641.12,6,2025-12-21,2025-07-23,440.19,2,38.2,0,10.0,1,35.1
C001857,2023-06-21,Startup,LATAM,Free,Organic,4,0.0,924,1.0,1,15.0,0.432,1,0,,2025-12-31,89.29,22,2025-12-10,2023-08-13,4.06,2,31.8,0,21.0,0,46.9
C001858,2024-04-15,Mid-Market,Europe,Enterprise,Organic,73,1379.42,625,12.0,3,54.4,0.341,0,0,,2025-12-31,14923.06,12,2025-09-11,2024-04-27,1243.59,4,5.6,0,111.0,1,56.9
C001859,2024-01-20,SMB,Europe,Free,Referral,6,0.0,711,18.0,0,59.4,0.568,0,0,,2025-12-31,120.11,18,2025-11-23,2024-01-30,6.67,0,0.0,0,38.0,0,74.1
C001860,2024-11-17,SMB,North America,Pro,Partner,3,150.7,409,0.4,1,-14.0,0.521,1,1,2025-07-23,2025-12-31,599.71,4,2025-07-18,2025-01-06,149.93,2,9.8,0,166.0,0,46.1
C001861,2024-11-23,Mid-Market,North America,Starter,Referral,26,48.23,403,27.0,0,22.1,0.619,0,0,,2025-12-31,569.42,11,2025-12-24,2025-01-17,51.77,1,40.2,0,7.0,1,79.9
C001862,2023-02-28,SMB,Europe,Starter,Sales,24,55.4,1037,21.0,3,23.9,0.701,0,0,,2025-12-31,1030.29,18,2025-12-20,2023-06-06,57.24,3,11.2,0,11.0,1,72.7
C001863,2025-04-27,SMB,Europe,Enterprise,Partner,24,1263.7,248,18.0,3,30.7,0.403,0,0,,2025-12-31,6474.63,5,2025-11-28,2025-05-12,1294.93,3,7.5,0,33.0,1,61.7
C001864,2023-06-15,Startup,Europe,Pro,Organic,3,162.35,930,2.0,2,77.7,0.51,1,0,,2025-12-31,4643.03,27,2025-12-31,2023-09-08,171.96,3,25.4,0,0.0,1,54.9
C001865,2025-04-09,SMB,APAC,Starter,Organic,23,56.71,266,14.0,2,14.7,0.242,0,0,,2025-12-31,306.69,5,2025-12-05,2025-08-25,61.34,3,13.3,0,26.0,1,53.2
C001866,2023-08-02,Enterprise,North America,Business,Referral,219,477.64,882,25.0,1,74.1,0.254,1,0,,2025-12-31,6637.67,14,2025-12-30,2023-08-13,474.12,3,18.8,0,1.0,1,68.9
C001867,2022-06-08,SMB,APAC,Business,Organic,18,476.2,1302,6.0,3,31.3,0.398,0,0,,2025-12-31,8549.38,18,2025-12-28,2022-07-24,474.97,3,9.8,0,3.0,1,50.9
C001868,2024-12-22,SMB,APAC,Enterprise,Sales,20,1119.78,374,15.0,1,74.3,0.68,0,0,,2025-12-31,7918.9400000000005,6,2025-12-06,2024-12-22,1319.82,1,5.5,0,25.0,1,74.7
C001869,2022-02-13,Mid-Market,APAC,Enterprise,Referral,53,1133.54,1417,15.0,2,27.2,0.274,2,0,,2025-12-31,29149.63,27,2025-10-12,2022-02-14,1079.62,2,7.1,0,80.0,1,52.3
C001870,2025-01-09,SMB,APAC,Enterprise,Partner,12,1160.4,356,19.0,0,24.3,0.803,2,0,,2025-12-31,9347.32,8,2025-10-21,2025-01-22,1168.42,0,0.0,0,71.0,1,74.5
C001871,2022-03-03,Mid-Market,APAC,Pro,Partner,73,159.61,1399,25.0,2,34.4,0.51,1,0,,2025-12-31,3474.4,22,2025-12-06,2022-03-04,157.93,3,9.9,0,25.0,1,71.1
C001872,2022-10-23,Enterprise,North America,Starter,Sales,295,54.57,1165,3.0,3,67.3,0.352,0,0,,2025-12-31,1247.22,25,2025-10-12,2023-02-24,49.89,3,26.6,0,80.0,1,50.5
C001873,2024-05-12,SMB,APAC,Enterprise,Referral,18,1421.66,598,1.0,1,39.0,0.396,0,0,,2025-12-31,13921.44,11,2025-11-26,2024-08-27,1265.59,3,23.9,0,35.0,1,50.2
C001874,2025-09-08,Mid-Market,LATAM,Free,Partner,17,0.0,114,2.0,1,40.2,0.239,0,0,,2025-12-31,0.0,2,2025-10-12,2025-09-28,0.0,1,26.1,0,80.0,0,46.5
C001875,2023-08-08,SMB,Europe,Starter,Paid Search,13,49.09,876,7.0,0,50.9,0.414,0,0,,2025-12-31,836.35,18,2025-10-14,2023-08-26,46.46,1,9.7,0,78.0,1,58.8
C001876,2022-06-22,Mid-Market,North America,Starter,Paid Search,77,60.47,1288,3.2,1,13.0,0.197,0,1,2025-11-13,2025-12-31,1580.36,27,2025-10-06,2022-10-17,58.53,1,24.6,0,86.0,0,43.6
C001877,2022-11-30,SMB,LATAM,Starter,Paid Search,18,48.07,1127,7.3,2,43.4,0.72,0,1,2024-02-06,2025-12-31,503.78,10,2023-11-02,2022-12-31,50.38,4,18.8,0,790.0,0,64.5
C001878,2025-07-05,Mid-Market,North America,Pro,Sales,56,145.79,179,14.0,1,19.3,0.127,0,0,,2025-12-31,235.29000000000002,2,2025-10-31,2025-10-07,117.65,2,9.2,0,61.0,1,51.7
C001879,2024-11-05,Startup,North America,Enterprise,Partner,2,1296.79,421,20.0,1,71.8,0.727,0,0,,2025-12-31,14394.3,12,2025-12-18,2024-11-25,1199.52,1,14.3,0,13.0,1,80.3
C001880,2022-05-24,Enterprise,North America,Pro,Referral,270,159.65,1317,16.0,4,45.5,0.68,0,0,,2025-12-31,5523.48,34,2025-11-06,2022-06-01,162.46,4,12.5,1,55.0,1,68.2
C001881,2023-07-05,SMB,Europe,Pro,Organic,12,170.68,910,26.0,2,52.3,0.372,0,0,,2025-12-31,3240.5099999999998,20,2025-10-26,2023-07-19,162.03,2,4.2,0,66.0,1,71.6
C001882,2023-01-14,Mid-Market,Europe,Starter,Referral,46,59.2,1082,9.0,0,-16.0,0.658,0,0,,2025-12-31,898.84,16,2025-09-22,2023-02-20,56.18,0,0.0,0,100.0,1,61.2
C001883,2022-09-12,Mid-Market,Europe,Pro,Paid Search,44,163.73,1206,18.0,0,52.7,0.244,1,0,,2025-12-31,3539.82,23,2025-06-18,2022-09-17,153.91,0,0.0,0,196.0,1,61.7
C001884,2025-04-25,SMB,LATAM,Free,Referral,10,0.0,250,4.6,4,30.6,0.182,2,1,2025-12-15,2025-12-31,7.24,2,2025-12-14,2025-07-30,3.62,5,14.2,0,17.0,0,37.6
C001885,2024-06-02,Startup,Europe,Free,Organic,3,0.0,577,6.0,1,-0.9,0.622,0,0,,2025-12-31,86.17,11,2025-12-22,2024-06-28,7.83,1,11.3,0,9.0,0,57.4
C001886,2022-09-14,Startup,Europe,Pro,Sales,2,132.44,1204,27.0,1,37.4,0.305,0,0,,2025-12-31,4215.73,32,2025-08-30,2022-11-30,131.74,2,12.0,0,123.0,1,70.5
C001887,2024-07-19,Mid-Market,APAC,Pro,Partner,34,161.91,530,0.0,0,-3.0,0.163,0,0,,2025-12-31,1807.99,11,2025-11-06,2024-08-28,164.36,0,0.0,0,55.0,1,39.6
C001888,2023-08-15,Mid-Market,APAC,Starter,Paid Search,31,59.7,869,7.0,2,50.3,0.531,0,0,,2025-12-31,797.6,14,2025-06-27,2023-11-07,56.97,4,13.6,0,187.0,1,59.2
C001889,2022-03-29,SMB,North America,Starter,Paid Search,16,53.62,1373,10.0,0,70.8,0.757,0,0,,2025-12-31,754.92,15,2025-04-12,2022-04-23,50.33,2,7.4,0,263.0,1,73.7
C001890,2023-10-06,SMB,North America,Free,Paid Search,22,0.0,817,3.0,1,-9.8,0.416,0,0,,2025-12-31,50.92,14,2025-12-25,2023-10-07,3.64,1,9.9,0,6.0,0,47.7
C001891,2022-09-22,Mid-Market,Europe,Pro,Paid Search,71,181.7,1196,21.0,2,34.3,0.329,0,0,,2025-12-31,3225.91,19,2025-12-23,2022-12-28,169.78,2,10.8,0,8.0,1,64.0
C001892,2022-12-17,SMB,APAC,Starter,Organic,10,55.63,1110,10.0,1,30.9,0.384,0,0,,2025-12-31,1501.73,27,2025-10-26,2023-01-25,55.62,2,29.8,0,66.0,1,57.0
C001893,2025-06-10,SMB,Europe,Starter,Paid Search,16,53.37,204,12.0,0,-14.7,0.389,1,0,,2025-12-31,88.31,2,2025-10-07,2025-07-08,44.16,1,3.4,0,85.0,1,53.9
C001894,2024-10-12,SMB,North America,Business,Paid Search,4,450.44,445,8.0,1,57.9,0.213,0,0,,2025-12-31,1655.35,3,2025-08-28,2025-07-03,551.78,1,48.7,0,125.0,1,52.8
C001895,2022-07-11,Mid-Market,APAC,Business,Paid Search,23,403.24,1269,24.0,0,50.6,0.134,0,0,,2025-12-31,13852.61,33,2025-12-21,2022-08-22,419.78,1,12.4,0,10.0,1,65.5
C001896,2025-05-02,SMB,Europe,Starter,Referral,14,52.93,243,11.0,4,85.7,0.453,0,0,,2025-12-31,223.61,4,2025-11-12,2025-06-05,55.9,5,28.2,0,49.0,1,61.0
C001897,2024-04-01,Mid-Market,Europe,Pro,Paid Search,25,177.06,639,22.0,1,47.4,0.032,0,0,,2025-12-31,2452.49,14,2025-12-27,2024-04-30,175.18,2,20.2,0,4.0,1,58.8
C001898,2025-06-04,SMB,APAC,Free,Organic,3,0.0,210,6.6,3,13.0,0.399,0,1,2025-11-26,2025-12-31,25.11,3,2025-11-03,2025-08-20,8.37,4,16.7,0,58.0,0,49.7
C001899,2024-12-04,Mid-Market,APAC,Starter,Referral,46,57.88,392,26.0,1,47.9,0.631,0,0,,2025-12-31,447.48,7,2025-12-30,2024-12-04,63.93,1,12.6,0,1.0,1,80.4
C001900,2023-05-01,SMB,Europe,Pro,Paid Search,11,167.2,975,16.0,0,67.1,0.347,1,0,,2025-12-31,3059.68,19,2025-12-07,2023-06-19,161.04,1,19.1,0,24.0,1,64.4
C001901,2024-02-04,SMB,Europe,Free,Partner,5,0.0,696,27.0,2,23.4,0.388,0,0,,2025-12-31,91.29,11,2025-12-28,2024-05-11,8.3,2,15.1,0,3.0,0,70.1
C001902,2024-01-30,SMB,Europe,Starter,Sales,11,53.72,701,19.0,1,56.3,0.558,0,0,,2025-12-31,1036.79,20,2025-09-23,2024-02-20,51.84,1,5.6,0,99.0,1,72.8
C001903,2024-10-26,Enterprise,Europe,Business,Referral,370,438.33,431,1.0,1,-23.9,0.104,1,0,,2025-12-31,3331.94,6,2025-12-03,2024-12-14,555.32,2,31.6,0,28.0,1,33.1
C001904,2022-12-22,Mid-Market,Europe,Business,Paid Search,74,413.97,1105,4.0,1,71.9,0.755,1,0,,2025-12-31,11066.34,27,2025-11-20,2022-12-23,409.86,3,21.2,0,41.0,1,64.9
C001905,2023-04-22,SMB,APAC,Enterprise,Paid Search,19,1347.09,984,22.0,2,55.0,0.344,2,0,,2025-12-31,21758.01,15,2025-11-20,2023-06-13,1450.53,2,18.4,0,41.0,1,63.5
C001906,2022-12-17,SMB,Europe,Business,Referral,11,375.56,1110,1.0,2,-28.6,0.352,0,0,,2025-12-31,7254.9,19,2025-09-05,2023-01-17,381.84,6,17.7,0,117.0,1,40.6
C001907,2023-02-28,Startup,Europe,Starter,Referral,6,53.33,1037,5.0,1,44.6,0.479,1,0,,2025-12-31,1304.89,23,2025-12-25,2023-03-20,56.73,1,5.7,0,6.0,1,54.8
C001908,2022-08-19,Mid-Market,North America,Pro,Organic,28,142.52,1230,22.0,3,-14.7,0.52,0,0,,2025-12-31,3044.62,22,2025-09-28,2022-08-28,138.39,4,11.2,0,94.0,1,64.3
C001909,2022-02-22,Startup,APAC,Starter,Partner,6,50.74,1408,9.0,2,19.7,0.687,0,0,,2025-12-31,1787.75,38,2025-12-26,2022-03-14,47.05,3,16.4,1,5.0,1,62.6
C001910,2025-09-06,Mid-Market,Europe,Pro,Referral,73,174.46,116,6.0,2,52.0,0.327,2,0,,2025-12-31,806.77,4,2025-12-31,2025-11-26,201.69,2,18.2,0,0.0,1,48.4
C001911,2022-04-17,Mid-Market,North America,Starter,Referral,33,55.04,1354,5.0,0,31.6,0.19,0,0,,2025-12-31,1413.32,28,2025-12-21,2022-05-07,50.48,0,0.0,0,10.0,1,48.3
C001912,2025-06-23,Enterprise,North America,Free,Organic,228,0.0,191,8.0,0,66.4,0.462,0,0,,2025-12-31,11.03,2,2025-12-02,2025-10-06,5.52,3,11.7,1,29.0,0,62.6
C001913,2022-01-05,SMB,North America,Free,Paid Search,8,0.0,1456,23.0,0,36.6,0.706,0,0,,2025-12-31,195.93,24,2025-09-11,2022-05-02,8.16,2,40.5,0,111.0,0,80.4
C001914,2025-01-16,Mid-Market,LATAM,Business,Paid Search,49,397.37,349,12.0,0,34.1,0.557,0,0,,2025-12-31,3604.92,9,2025-11-06,2025-07-06,400.55,1,33.9,0,55.0,1,65.8
C001915,2023-04-15,Mid-Market,APAC,Free,Organic,58,0.0,991,26.0,2,62.5,0.108,0,0,,2025-12-31,69.75,19,2025-11-15,2023-04-21,3.67,2,6.6,0,46.0,0,64.7
C001916,2024-01-11,SMB,Europe,Pro,Partner,16,176.56,720,20.0,0,26.6,0.105,0,0,,2025-12-31,2941.57,17,2025-12-20,2024-01-27,173.03,1,19.9,0,11.0,1,58.7
C001917,2023-02-08,SMB,Europe,Business,Paid Search,5,455.81,1057,7.0,1,34.4,0.704,0,0,,2025-12-31,8149.1900000000005,20,2025-12-17,2023-02-23,407.46,1,17.2,1,14.0,1,64.3
C001918,2023-12-03,Enterprise,APAC,Business,Organic,495,394.4,759,4.0,0,37.7,0.58,0,0,,2025-12-31,8102.4,19,2025-12-03,2024-01-03,426.44,1,28.8,0,28.0,1,59.7
C001919,2023-10-08,Enterprise,Europe,Starter,Paid Search,473,49.8,815,26.0,1,33.3,0.634,0,0,,2025-12-31,889.29,17,2025-12-26,2023-10-08,52.31,1,2.8,0,5.0,1,79.1
C001920,2024-01-28,SMB,LATAM,Starter,Referral,7,43.95,703,25.0,1,64.0,0.615,1,0,,2025-12-31,736.91,16,2025-10-04,2024-02-01,46.06,2,4.6,0,88.0,1,78.7
C001921,2023-07-17,Mid-Market,North America,Enterprise,Referral,41,1257.13,898,3.0,1,18.3,0.383,0,0,,2025-12-31,28573.16,25,2025-08-10,2023-07-29,1142.93,1,8.5,0,143.0,1,49.5
C001922,2024-02-07,Mid-Market,North America,Pro,Referral,48,176.42,693,9.0,1,14.2,0.275,0,0,,2025-12-31,2316.2,14,2025-10-15,2024-03-03,165.44,2,21.0,0,77.0,1,51.2
C001923,2025-03-26,SMB,Europe,Starter,Sales,18,53.11,280,20.0,2,8.5,0.318,0,0,,2025-12-31,280.93,5,2025-11-22,2025-05-09,56.19,2,7.4,0,39.0,1,60.2
C001924,2023-09-14,Mid-Market,North America,Enterprise,Sales,48,1190.83,839,27.0,1,-18.5,0.604,0,0,,2025-12-31,23269.87,18,2025-11-27,2023-10-10,1292.77,1,3.9,0,34.0,1,73.9
C001925,2023-06-01,SMB,Europe,Starter,Paid Search,10,49.71,944,25.0,2,72.1,0.178,0,0,,2025-12-31,1155.73,24,2025-10-15,2023-07-09,48.16,2,10.8,1,77.0,1,66.9
C001926,2022-07-08,Mid-Market,APAC,Starter,Organic,55,46.49,1272,7.0,0,12.5,0.563,0,0,,2025-12-31,942.77,20,2025-12-07,2022-08-10,47.14,0,0.0,0,24.0,1,59.4
C001927,2023-05-30,Mid-Market,North America,Free,Referral,77,0.0,946,25.0,3,29.0,0.831,0,0,,2025-12-31,109.1,20,2025-11-24,2023-09-23,5.46,5,8.9,0,37.0,0,80.7
C001928,2022-06-29,Mid-Market,Europe,Free,Partner,19,0.0,1281,20.0,1,73.9,0.423,0,0,,2025-12-31,146.12,27,2025-12-06,2022-09-23,5.41,2,12.6,1,25.0,0,71.4
C001929,2022-09-18,Mid-Market,APAC,Starter,Paid Search,74,49.52,1200,4.4,5,31.5,0.379,1,1,2023-05-04,2025-12-31,492.76,9,2023-04-13,2022-10-03,54.75,5,16.0,1,993.0,0,43.9
C001930,2025-09-23,Enterprise,APAC,Pro,Sales,148,149.67,99,10.0,1,47.9,0.285,0,0,,2025-12-31,498.21000000000004,3,2025-10-30,2025-10-07,166.07,1,7.7,1,62.0,1,55.8
C001931,2022-05-08,Mid-Market,Europe,Starter,Paid Search,25,47.74,1333,22.0,1,-0.5,0.603,1,0,,2025-12-31,1365.69,27,2025-11-22,2022-05-20,50.58,1,28.0,0,39.0,1,69.2
C001932,2023-11-21,Startup,North America,Pro,Sales,3,136.77,771,23.0,0,70.0,0.521,0,0,,2025-12-31,1915.4,15,2025-12-26,2023-12-12,127.69,1,13.1,0,5.0,1,78.2
C001933,2025-04-08,Startup,Europe,Business,Partner,6,369.44,267,25.0,1,32.0,0.191,0,0,,2025-12-31,265.84,1,2025-07-28,2025-07-28,265.84,1,15.3,0,156.0,1,64.8
C001934,2025-09-25,Mid-Market,Europe,Business,Organic,24,485.7,97,12.0,0,9.5,0.418,0,0,,2025-12-31,1409.8600000000001,3,2025-11-17,2025-10-08,469.95,0,0.0,0,44.0,1,59.2
C001935,2022-07-29,SMB,APAC,Free,Referral,24,0.0,1251,7.0,1,9.5,0.437,0,0,,2025-12-31,95.51,26,2025-12-21,2022-09-24,3.67,1,9.0,0,10.0,0,53.8
C001936,2022-08-22,SMB,Europe,Business,Referral,5,430.8,1227,24.0,2,77.2,0.201,0,0,,2025-12-31,9719.63,23,2025-10-29,2022-12-21,422.59,2,7.6,0,63.0,1,67.2
C001937,2023-06-17,Startup,North America,Free,Partner,7,0.0,928,8.0,2,20.3,0.286,0,0,,2025-12-31,109.65,27,2025-12-30,2023-07-17,4.06,2,33.9,0,1.0,0,49.8
C001938,2024-03-03,Mid-Market,APAC,Pro,Partner,54,144.88,668,21.0,1,10.1,0.193,0,0,,2025-12-31,1620.5,12,2025-11-19,2024-05-05,135.04,2,16.4,0,42.0,1,59.0
C001939,2025-10-04,Mid-Market,Europe,Starter,Organic,29,52.14,88,7.3,0,24.2,0.164,1,1,2025-12-24,2025-12-31,61.1,1,2025-12-04,2025-12-04,61.1,2,8.7,0,27.0,0,46.9
C001940,2022-10-25,Mid-Market,North America,Pro,Organic,23,152.54,1163,16.0,1,36.1,0.491,0,0,,2025-12-31,2794.56,18,2025-12-24,2022-11-03,155.25,2,7.2,0,7.0,1,66.1
C001941,2022-08-24,Enterprise,Europe,Starter,Organic,108,49.46,1225,5.0,1,38.8,0.431,0,0,,2025-12-31,968.02,19,2025-12-29,2023-03-01,50.95,1,37.2,0,2.0,1,54.8
C001942,2022-12-29,Mid-Market,LATAM,Pro,Organic,63,173.98,1098,6.0,1,46.1,0.041,0,0,,2025-12-31,5393.38,32,2025-11-17,2023-02-11,168.54,1,11.2,0,44.0,1,44.7
C001943,2025-06-04,Startup,APAC,Free,Paid Search,4,0.0,210,18.0,2,40.9,0.472,0,0,,2025-12-31,15.23,8,2025-12-14,2025-06-11,1.9,2,5.2,0,17.0,0,66.3
C001944,2022-02-12,Startup,North America,Starter,Paid Search,3,53.67,1418,7.0,0,51.2,0.542,0,0,,2025-12-31,1674.3,30,2025-08-25,2022-03-11,55.81,0,0.0,0,128.0,1,62.6
C001945,2023-06-28,Enterprise,APAC,Pro,Organic,440,148.41,917,18.0,1,28.2,0.137,0,0,,2025-12-31,2162.37,14,2025-11-04,2023-10-04,154.45,1,1.5,0,57.0,1,56.5
C001946,2022-06-20,SMB,North America,Starter,Partner,3,50.34,1290,27.0,0,86.8,0.461,0,0,,2025-12-31,1329.9,28,2025-12-11,2022-07-21,47.5,0,0.0,0,20.0,1,81.6
C001947,2022-08-13,Mid-Market,Europe,Pro,Organic,36,168.3,1236,2.0,2,22.8,0.92,1,0,,2025-12-31,3570.29,23,2025-12-19,2022-10-27,155.23,2,32.7,0,12.0,1,61.7
C001948,2025-08-04,SMB,Europe,Pro,Organic,10,164.96,149,25.0,1,68.8,0.737,0,0,,2025-12-31,265.68,2,2025-11-07,2025-10-11,132.84,2,2.4,0,54.0,1,84.8
C001949,2022-01-03,SMB,North America,Pro,Sales,11,178.92,1458,1.5,1,20.0,0.414,1,1,2025-10-28,2025-12-31,4835.5599999999995,28,2025-10-09,2022-01-18,172.7,1,17.5,0,83.0,0,47.3
C001950,2023-04-05,Enterprise,North America,Business,Sales,82,428.09,1001,0.8,1,-0.7,0.255,0,1,2025-03-05,2025-12-31,9549.130000000001,22,2025-03-02,2023-04-05,434.05,1,27.2,0,304.0,0,41.8
C001951,2025-08-02,Startup,LATAM,Business,Referral,3,395.03,151,12.7,1,-6.7,0.39,0,1,2025-12-20,2025-12-31,1590.08,4,2025-11-16,2025-10-03,397.52,3,10.1,0,45.0,0,55.9
C001952,2024-05-19,Startup,North America,Enterprise,Organic,4,1329.43,591,5.0,2,42.6,0.17,0,0,,2025-12-31,12808.53,10,2025-12-07,2024-07-14,1280.85,2,11.3,1,24.0,1,45.8
C001953,2022-04-13,SMB,APAC,Free,Referral,14,0.0,1358,18.0,0,64.0,0.742,0,0,,2025-12-31,193.66,33,2025-10-06,2022-05-18,5.87,0,0.0,0,86.0,0,79.7
C001954,2023-10-27,SMB,Europe,Pro,Organic,4,153.42,796,2.0,2,6.2,0.297,0,0,,2025-12-31,2694.61,17,2025-07-18,2023-11-17,158.51,2,14.3,0,166.0,1,43.3
C001955,2025-10-20,SMB,Europe,Business,Partner,10,464.68,72,2.0,0,13.1,0.517,0,0,,2025-12-31,349.26,1,2025-12-13,2025-12-13,349.26,0,0.0,0,18.0,1,53.6
C001956,2023-07-27,Mid-Market,North America,Starter,Sales,37,48.86,888,5.0,3,44.7,0.303,1,0,,2025-12-31,993.91,20,2025-08-14,2023-09-19,49.7,3,14.7,0,139.0,1,46.5
C001957,2024-01-26,Mid-Market,North America,Starter,Paid Search,66,53.16,705,14.0,1,34.9,0.549,0,0,,2025-12-31,549.46,10,2025-09-25,2024-04-04,54.95,1,10.0,0,97.0,1,66.0
C001958,2024-01-31,SMB,North America,Starter,Sales,12,46.29,700,8.0,1,20.4,0.634,2,0,,2025-12-31,739.96,18,2025-12-23,2024-03-02,41.11,1,18.6,0,8.0,1,57.7
C001959,2024-08-02,Enterprise,Europe,Pro,Referral,95,184.3,516,6.0,2,3.0,0.441,0,0,,2025-12-31,2251.12,13,2025-11-04,2024-10-21,173.16,2,6.0,0,57.0,1,50.9
C001960,2022-09-25,Startup,LATAM,Starter,Paid Search,4,55.87,1193,23.0,1,42.7,0.543,0,0,,2025-12-31,1506.65,26,2025-08-14,2022-10-30,57.95,2,9.4,0,139.0,1,74.6
C001961,2025-04-15,SMB,APAC,Pro,Organic,15,169.82,260,4.0,1,51.3,0.418,0,0,,2025-12-31,1015.28,5,2025-12-21,2025-04-25,203.06,2,19.0,0,10.0,1,54.7
C001962,2025-11-14,SMB,North America,Pro,Referral,6,138.4,47,2.0,0,47.3,0.655,0,0,,2025-12-31,267.86,2,2025-12-26,2025-12-15,133.93,0,0.0,0,5.0,1,61.2
C001963,2022-07-23,Mid-Market,North America,Pro,Paid Search,34,159.77,1257,3.0,1,35.7,0.438,1,0,,2025-12-31,4855.11,29,2025-12-16,2022-08-25,167.42,2,37.9,0,15.0,1,50.9
C001964,2025-03-16,Startup,North America,Starter,Organic,1,45.42,290,24.0,1,8.6,0.286,0,0,,2025-12-31,274.34000000000003,6,2025-12-24,2025-06-19,45.72,1,6.1,0,7.0,1,64.4
C001965,2025-03-14,Mid-Market,LATAM,Business,Organic,16,474.47,292,13.0,2,42.9,0.334,0,0,,2025-12-31,2507.15,5,2025-12-17,2025-05-12,501.43,2,31.4,0,14.0,1,57.9
C001966,2024-11-26,Mid-Market,North America,Pro,Sales,38,180.54,400,27.0,0,41.0,0.747,0,0,,2025-12-31,2672.98,15,2025-11-22,2024-11-26,178.2,0,0.0,0,39.0,1,85.6
C001967,2023-06-15,Mid-Market,North America,Free,Organic,57,0.0,930,22.0,1,2.2,0.692,0,0,,2025-12-31,50.43,20,2025-12-30,2023-08-17,2.52,1,10.2,1,1.0,0,74.1
C001968,2023-11-02,SMB,Europe,Starter,Sales,21,54.5,790,7.0,1,27.4,0.496,0,0,,2025-12-31,804.69,16,2025-12-08,2023-12-13,50.29,2,17.6,1,23.0,1,57.4
C001969,2025-04-15,Startup,Europe,Starter,Partner,2,46.23,260,22.0,2,44.2,0.152,0,0,,2025-12-31,283.58,6,2025-12-09,2025-04-20,47.26,2,12.4,0,22.0,1,60.6
C001970,2022-08-07,Mid-Market,North America,Enterprise,Paid Search,76,1137.26,1242,12.0,0,33.0,0.409,1,0,,2025-12-31,13151.51,11,2025-06-08,2022-10-21,1195.59,0,0.0,0,206.0,1,59.3
C001971,2025-03-31,Startup,Europe,Starter,Paid Search,5,55.91,275,15.0,4,-14.0,0.351,0,0,,2025-12-31,322.28000000000003,6,2025-12-19,2025-05-12,53.71,4,5.7,0,12.0,1,51.5
C001972,2025-08-09,Mid-Market,North America,Free,Referral,30,0.0,144,14.0,1,19.0,0.384,0,0,,2025-12-31,24.48,3,2025-12-22,2025-09-09,8.16,2,27.7,0,9.0,0,59.4
C001973,2024-09-02,SMB,North America,Free,Paid Search,8,0.0,485,11.4,2,17.3,0.33,1,1,2025-02-27,2025-12-31,41.55,7,2025-02-23,2024-10-05,5.94,3,6.0,0,311.0,0,51.8
C001974,2023-05-04,Enterprise,North America,Free,Organic,93,0.0,972,5.0,1,49.0,0.359,0,0,,2025-12-31,111.91,25,2025-11-12,2023-07-12,4.48,2,9.8,0,49.0,0,53.6
C001975,2024-03-10,SMB,North America,Starter,Organic,17,49.47,661,1.0,1,100.0,0.578,0,0,,2025-12-31,889.87,17,2025-12-15,2024-03-20,52.35,1,5.0,0,16.0,1,61.7
C001976,2022-03-13,SMB,LATAM,Business,Referral,11,396.77,1389,20.0,1,38.3,0.387,0,0,,2025-12-31,14541.26,35,2025-08-21,2022-04-22,415.46,1,8.2,0,132.0,1,66.8
C001977,2025-08-25,SMB,Europe,Pro,Partner,19,146.37,128,26.0,2,5.1,0.196,0,0,,2025-12-31,1121.96,7,2025-11-28,2025-09-09,160.28,2,7.4,0,33.0,1,61.6
C001978,2023-05-05,Mid-Market,APAC,Business,Paid Search,25,377.59,971,16.0,1,31.0,0.743,0,0,,2025-12-31,6598.66,19,2025-09-26,2023-05-23,347.3,2,14.2,0,96.0,1,73.2
C001979,2022-03-23,Startup,North America,Free,Organic,7,0.0,1379,3.0,2,35.3,0.232,0,0,,2025-12-31,119.84,24,2025-11-23,2022-07-07,4.99,2,37.3,0,38.0,0,45.2
C001980,2025-02-10,Startup,APAC,Pro,Paid Search,7,175.83,324,3.0,3,53.9,0.296,1,0,,2025-12-31,1235.03,8,2025-11-28,2025-04-07,154.38,3,18.5,0,33.0,1,45.4
C001981,2024-07-29,SMB,LATAM,Business,Referral,22,379.68,520,15.0,2,66.1,0.38,0,0,,2025-12-31,3455.29,10,2025-11-13,2024-08-19,345.53,2,16.5,0,48.0,1,63.4
C001982,2024-06-09,SMB,North America,Pro,Organic,3,156.64,570,25.0,0,69.8,0.313,0,0,,2025-12-31,1717.41,10,2025-10-07,2024-07-09,171.74,1,8.1,0,85.0,1,73.7
C001983,2022-03-19,SMB,LATAM,Business,Sales,9,409.82,1383,17.0,1,48.4,0.393,1,0,,2025-12-31,12662.72,32,2025-12-11,2022-03-28,395.71,2,13.0,0,20.0,1,63.3
C001984,2024-12-09,Mid-Market,Europe,Starter,Referral,15,50.92,387,2.7,5,35.0,0.216,0,1,2025-02-19,2025-12-31,40.47,1,2024-12-26,2024-12-26,40.47,6,22.3,0,370.0,0,39.9
C001985,2024-06-30,Startup,APAC,Pro,Paid Search,3,164.87,549,17.0,3,72.1,0.173,0,0,,2025-12-31,1379.82,8,2025-12-23,2024-10-05,172.48,3,17.4,0,8.0,1,58.1
C001986,2025-02-08,Mid-Market,North America,Pro,Referral,65,173.79,326,4.0,0,26.3,0.095,0,0,,2025-12-31,2389.08,13,2025-12-26,2025-03-03,183.78,1,3.1,0,5.0,1,44.1
C001987,2025-03-29,SMB,Europe,Starter,Partner,24,45.31,277,13.0,0,36.4,0.149,0,0,,2025-12-31,187.76999999999998,4,2025-10-22,2025-04-01,46.94,0,0.0,0,70.0,1,54.7
C001988,2022-10-31,Enterprise,Europe,Business,Partner,293,496.6,1157,27.0,5,28.9,0.216,1,0,,2025-12-31,14835.85,31,2025-12-29,2023-01-08,478.58,6,13.4,1,2.0,1,59.0
C001989,2022-10-29,Mid-Market,LATAM,Starter,Organic,19,44.36,1159,17.0,1,-18.3,0.323,0,0,,2025-12-31,1112.55,26,2025-12-30,2022-11-28,42.79,1,11.5,0,1.0,1,56.5
C001990,2025-08-14,SMB,LATAM,Free,Sales,20,0.0,139,2.0,0,66.8,0.127,1,0,,2025-12-31,0.0,1,2025-09-17,2025-09-17,0.0,0,0.0,0,105.0,0,45.3
C001991,2024-01-30,SMB,North America,Business,Paid Search,19,371.37,701,5.0,2,51.9,0.62,2,0,,2025-12-31,4151.89,11,2025-08-02,2024-04-23,377.44,2,8.8,0,151.0,1,56.3
C001992,2023-09-19,Startup,LATAM,Pro,Referral,2,159.86,834,0.3,2,-24.3,0.522,2,1,2024-02-11,2025-12-31,586.42,4,2024-02-03,2023-09-21,146.6,3,25.6,1,697.0,0,41.5
C001993,2023-02-15,Startup,APAC,Business,Organic,3,399.75,1050,11.0,1,60.0,0.143,0,0,,2025-12-31,7340.2,17,2025-07-30,2023-04-26,431.78,1,57.3,0,154.0,1,53.6
C001994,2024-07-02,Enterprise,Europe,Business,Paid Search,464,399.62,547,1.2,1,27.4,0.387,0,1,2024-08-07,2025-12-31,0.0,0,,,0.0,1,11.0,0,,0,48.9
C001995,2024-12-14,Mid-Market,North America,Starter,Sales,58,50.42,382,27.0,1,59.7,0.412,1,0,,2025-12-31,164.89,4,2025-10-27,2025-03-26,41.22,2,19.7,0,65.0,1,73.9
C001996,2022-01-04,Mid-Market,North America,Pro,Paid Search,63,149.76,1457,8.0,2,36.9,0.394,0,0,,2025-12-31,3620.77,26,2025-12-21,2022-01-07,139.26,3,18.5,0,10.0,1,54.7
C001997,2024-03-01,SMB,North America,Enterprise,Organic,6,1304.23,670,0.0,3,1.1,0.251,0,1,2025-09-25,2025-12-31,14923.45,11,2025-09-11,2024-05-28,1356.68,5,12.2,0,111.0,0,38.1
C001998,2025-11-21,SMB,North America,Starter,Referral,23,54.76,40,12.0,0,35.7,0.718,0,0,,2025-12-31,41.52,1,2025-12-08,2025-12-08,41.52,0,0.0,0,23.0,1,70.8
C001999,2023-02-06,Startup,LATAM,Pro,Organic,6,157.09,1059,20.0,2,12.5,0.461,0,0,,2025-12-31,3962.04,25,2025-12-15,2023-03-06,158.48,2,5.8,0,16.0,1,64.9
C002000,2023-02-06,SMB,North America,Enterprise,Referral,16,1374.12,1059,19.0,2,4.4,0.129,0,0,,2025-12-31,33930.11,25,2025-12-27,2023-03-10,1357.2,2,20.4,0,4.0,1,53.3
C002001,2025-06-09,Enterprise,APAC,Free,Sales,491,0.0,205,27.0,2,56.7,0.307,1,0,,2025-12-31,20.28,4,2025-10-25,2025-06-11,5.07,2,14.6,0,67.0,0,69.0
C002002,2022-03-30,SMB,Europe,Enterprise,Organic,18,1330.09,1372,10.0,0,44.8,0.852,1,0,,2025-12-31,41875.39,32,2025-10-08,2022-05-29,1308.61,1,18.5,0,84.0,1,72.0
C002003,2023-07-23,SMB,Europe,Pro,Partner,14,164.28,892,14.0,0,72.4,0.619,0,0,,2025-12-31,3277.85,19,2025-11-22,2024-05-13,172.52,0,0.0,0,39.0,1,73.3
C002004,2023-10-18,SMB,North America,Business,Sales,11,414.09,805,15.0,1,25.1,0.517,1,0,,2025-12-31,5996.4400000000005,15,2025-11-16,2023-12-21,399.76,1,18.9,0,45.0,1,62.9
C002005,2025-02-14,Mid-Market,Europe,Pro,Sales,22,174.41,320,0.0,0,10.9,0.021,0,0,,2025-12-31,1852.75,11,2025-11-09,2025-02-23,168.43,1,7.3,0,52.0,1,36.7
C002006,2022-07-04,Mid-Market,Europe,Pro,Paid Search,33,139.12,1276,0.0,0,51.0,0.657,0,0,,2025-12-31,3273.08,26,2025-11-05,2022-07-08,125.89,0,0.0,0,56.0,1,59.8
C002007,2023-09-13,SMB,Europe,Business,Partner,11,451.62,840,22.0,2,14.2,0.14,0,0,,2025-12-31,6969.88,17,2025-06-28,2023-09-20,409.99,2,21.2,0,186.0,1,57.3
C002008,2022-08-06,Mid-Market,North America,Free,Partner,56,0.0,1243,10.0,4,27.2,0.277,0,0,,2025-12-31,154.45,23,2025-12-22,2022-08-28,6.72,5,19.3,3,9.0,0,49.0
C002009,2025-01-31,SMB,APAC,Pro,Organic,3,131.61,334,19.0,1,48.1,0.707,1,0,,2025-12-31,915.62,7,2025-08-27,2025-03-18,130.8,1,5.9,0,126.0,1,74.5
C002010,2024-06-23,Mid-Market,North America,Enterprise,Partner,19,1090.08,556,26.0,2,31.9,0.602,1,0,,2025-12-31,16388.35,15,2025-12-17,2024-07-12,1092.56,3,22.4,0,14.0,1,74.5
C002011,2023-12-12,SMB,Europe,Enterprise,Paid Search,13,1166.59,750,6.0,0,22.8,0.277,0,0,,2025-12-31,20495.12,17,2025-12-06,2024-03-07,1205.6,1,14.6,0,25.0,1,50.9
C002012,2023-07-16,SMB,Europe,Enterprise,Paid Search,5,1275.26,899,12.3,3,-0.1,0.265,1,1,2024-09-22,2025-12-31,4410.49,4,2024-07-31,2024-03-06,1102.62,3,19.5,0,518.0,0,47.4
C002013,2022-08-08,Startup,North America,Pro,Paid Search,4,159.16,1241,5.0,1,58.4,0.275,0,0,,2025-12-31,3509.65,22,2025-12-06,2022-09-04,159.53,1,9.3,0,25.0,1,52.1
C002014,2025-08-11,Mid-Market,APAC,Pro,Referral,27,140.53,142,20.0,3,25.8,0.539,0,0,,2025-12-31,451.1,3,2025-11-23,2025-09-19,150.37,4,20.7,0,38.0,1,67.1
C002015,2024-07-15,Enterprise,North America,Pro,Organic,237,154.89,534,4.0,1,50.5,0.497,0,0,,2025-12-31,1574.99,9,2025-10-30,2024-08-23,175.0,1,12.3,0,62.0,1,57.0
C002016,2023-04-02,Mid-Market,LATAM,Pro,Organic,66,142.29,1004,8.0,0,47.1,0.105,1,0,,2025-12-31,3135.39,23,2025-12-15,2023-05-02,136.32,2,10.0,0,16.0,1,48.0
C002017,2023-08-15,SMB,APAC,Pro,Organic,6,170.42,869,13.0,2,62.3,0.604,1,0,,2025-12-31,2370.87,15,2025-12-12,2023-08-30,158.06,2,31.8,0,19.0,1,66.0
C002018,2024-11-04,Mid-Market,North America,Free,Organic,63,0.0,422,13.0,1,29.1,0.479,0,0,,2025-12-31,37.65,7,2025-10-30,2025-01-19,5.38,1,6.1,0,62.0,0,62.4
C002019,2024-10-25,SMB,North America,Free,Sales,5,0.0,432,0.0,0,26.3,0.794,0,0,,2025-12-31,43.3,12,2025-11-22,2024-11-25,3.61,2,13.0,0,39.0,0,61.4
C002020,2023-10-22,Mid-Market,North America,Pro,Paid Search,53,180.13,801,23.0,1,7.3,0.33,1,0,,2025-12-31,3742.81,22,2025-12-18,2023-10-22,170.13,1,23.9,0,13.0,1,62.7
C002021,2023-03-10,Enterprise,LATAM,Starter,Organic,437,48.07,1027,0.0,5,21.4,0.52,0,0,,2025-12-31,1200.77,24,2025-12-22,2023-03-27,50.03,5,10.0,0,9.0,1,45.2
C002022,2024-08-01,SMB,Europe,Starter,Sales,14,52.24,517,24.0,2,43.5,0.706,0,0,,2025-12-31,646.42,12,2025-12-23,2024-08-05,53.87,2,20.0,0,8.0,1,79.0
C002023,2024-07-30,SMB,North America,Starter,Organic,3,53.64,519,1.4,1,14.6,0.32,1,1,2025-04-27,2025-12-31,313.75,6,2025-03-29,2024-08-05,52.29,2,9.6,0,277.0,0,43.8
C002024,2024-05-07,Startup,Europe,Business,Paid Search,4,399.55,603,19.0,3,42.9,0.64,2,0,,2025-12-31,3246.5299999999997,9,2025-12-15,2024-09-11,360.73,3,6.7,0,16.0,1,67.0
C002025,2022-04-15,SMB,North America,Enterprise,Referral,18,1116.46,1356,19.0,0,71.7,0.572,0,0,,2025-12-31,32502.510000000002,29,2025-10-02,2022-06-24,1120.78,0,0.0,0,90.0,1,76.3
C002026,2023-11-08,SMB,Europe,Pro,Referral,4,166.01,784,12.0,1,23.9,0.456,0,0,,2025-12-31,2242.25,12,2025-12-10,2023-11-28,186.85,1,11.9,0,21.0,1,60.3
C002027,2024-05-27,SMB,Europe,Enterprise,Organic,22,1385.1,583,15.0,2,2.1,0.509,0,0,,2025-12-31,12642.5,9,2025-09-02,2024-09-01,1404.72,2,17.0,0,120.0,1,60.9
C002028,2025-09-20,SMB,North America,Business,Referral,3,388.83,102,2.0,1,24.7,0.458,0,0,,2025-12-31,1224.12,3,2025-11-17,2025-09-20,408.04,1,11.0,0,44.0,1,51.5
C002029,2024-01-22,Mid-Market,APAC,Starter,Partner,53,45.32,709,25.0,0,-0.6,0.243,0,0,,2025-12-31,294.33,7,2025-12-23,2024-02-04,42.05,0,0.0,0,8.0,1,64.6
C002030,2023-05-06,SMB,North America,Starter,Partner,18,58.43,970,3.0,1,68.4,0.288,0,0,,2025-12-31,950.46,16,2025-12-04,2023-07-08,59.4,1,53.7,0,27.0,1,51.7
C002031,2024-03-05,SMB,Europe,Starter,Organic,21,45.49,666,18.0,1,37.1,0.542,0,0,,2025-12-31,385.34000000000003,8,2025-08-10,2024-03-28,48.17,1,10.2,0,143.0,1,69.5
C002032,2022-09-11,Mid-Market,Europe,Free,Referral,45,0.0,1207,0.0,1,16.8,0.374,2,1,2023-11-10,2025-12-31,9.9,9,2023-10-01,2022-11-01,1.1,1,13.1,0,822.0,0,42.4
C002033,2022-05-10,SMB,LATAM,Pro,Partner,4,150.82,1331,20.0,1,21.0,0.117,2,0,,2025-12-31,5111.34,34,2025-12-31,2022-06-06,150.33,2,21.4,0,0.0,1,53.0
C002034,2024-08-27,SMB,Europe,Starter,Referral,15,50.88,491,10.0,1,5.4,0.293,0,0,,2025-12-31,763.21,13,2025-12-27,2024-09-16,58.71,1,12.9,0,4.0,1,51.8
C002035,2025-11-11,SMB,LATAM,Enterprise,Sales,23,1284.78,50,13.0,2,60.3,0.168,0,0,,2025-12-31,1258.12,1,2025-12-15,2025-12-15,1258.12,4,51.7,0,16.0,1,54.7
C002036,2025-04-24,Enterprise,North America,Pro,Referral,393,152.33,251,0.0,0,80.9,0.55,1,0,,2025-12-31,771.26,5,2025-11-09,2025-06-14,154.25,2,40.9,0,52.0,1,57.6
C002037,2024-04-14,SMB,APAC,Starter,Referral,17,50.09,626,3.2,4,-2.4,0.069,0,1,2025-03-20,2025-12-31,278.3,5,2025-03-12,2024-04-23,55.66,5,15.1,1,294.0,0,33.7
C002038,2022-02-27,Startup,North America,Enterprise,Organic,3,1393.18,1403,12.0,2,61.1,0.278,0,0,,2025-12-31,42623.4,30,2025-08-03,2022-05-11,1420.78,2,14.3,0,150.0,1,57.2
C002039,2025-11-13,Mid-Market,APAC,Enterprise,Organic,59,1448.61,48,20.0,2,28.9,0.569,0,0,,2025-12-31,1532.05,1,2025-12-28,2025-12-28,1532.05,4,19.3,0,3.0,1,69.8
C002040,2023-10-05,Mid-Market,North America,Business,Partner,69,379.79,818,16.0,1,66.7,0.414,0,0,,2025-12-31,7230.26,19,2025-06-28,2023-10-23,380.54,1,8.9,0,186.0,1,66.9
C002041,2023-02-19,Enterprise,LATAM,Business,Organic,413,484.8,1046,7.0,1,-10.8,0.685,0,0,,2025-12-31,16053.36,31,2025-12-03,2023-02-19,517.85,1,6.5,0,28.0,1,59.2
C002042,2025-06-30,Enterprise,LATAM,Enterprise,Referral,316,1358.61,184,16.0,1,40.6,0.376,0,0,,2025-12-31,2769.2,2,2025-11-29,2025-07-04,1384.6,1,2.3,0,32.0,1,63.1
C002043,2024-12-03,Startup,Europe,Pro,Referral,6,133.14,393,6.0,1,24.8,0.375,0,0,,2025-12-31,424.22,3,2025-08-06,2025-02-05,141.41,1,9.7,0,147.0,1,52.6
C002044,2024-12-07,SMB,Europe,Business,Partner,17,458.58,389,15.0,0,51.5,0.251,1,0,,2025-12-31,3808.4700000000003,8,2025-12-08,2025-01-02,476.06,0,0.0,0,23.0,1,59.1
C002045,2023-02-02,Mid-Market,Europe,Free,Organic,27,0.0,1063,15.0,1,36.5,0.035,1,0,,2025-12-31,166.19,26,2025-12-08,2023-05-20,6.39,1,11.4,0,23.0,0,49.6
C002046,2025-11-19,Mid-Market,North America,Pro,Referral,19,145.78,42,6.0,0,35.6,0.148,0,0,,2025-12-31,101.85,1,2025-12-28,2025-12-28,101.85,0,0.0,0,3.0,1,48.4
C002047,2023-10-10,Startup,Europe,Pro,Partner,3,133.63,813,5.0,4,32.4,0.231,0,0,,2025-12-31,2152.49,17,2025-11-11,2024-03-15,126.62,4,20.5,0,50.0,1,43.6
C002048,2024-01-30,Mid-Market,APAC,Free,Paid Search,62,0.0,701,14.0,1,74.1,0.256,1,0,,2025-12-31,91.75999999999999,12,2025-08-05,2024-02-06,7.65,2,26.0,0,148.0,0,59.1
C002049,2024-12-09,SMB,Europe,Free,Partner,4,0.0,387,16.0,2,30.6,0.393,0,0,,2025-12-31,25.74,5,2025-09-10,2025-03-10,5.15,2,8.9,0,112.0,0,61.1
C002050,2024-08-01,Mid-Market,North America,Free,Organic,28,0.0,517,27.0,0,56.6,0.79,0,0,,2025-12-31,59.25,8,2025-12-09,2024-09-08,7.41,0,0.0,0,22.0,0,88.5
C002051,2022-09-04,Enterprise,LATAM,Starter,Referral,314,54.75,1214,13.0,2,50.7,0.119,0,0,,2025-12-31,866.29,17,2025-02-06,2023-01-05,50.96,2,10.8,0,328.0,1,52.2
C002052,2023-03-09,SMB,North America,Free,Organic,20,0.0,1028,12.0,1,57.2,0.416,0,0,,2025-12-31,47.04,16,2025-12-22,2023-04-15,2.94,2,12.8,0,9.0,0,62.4
C002053,2023-06-01,Enterprise,Europe,Starter,Partner,284,55.38,944,13.0,2,9.6,0.451,0,0,,2025-12-31,1467.07,26,2025-12-08,2023-06-11,56.43,2,22.4,0,23.0,1,58.1
C002054,2025-09-16,SMB,North America,Business,Organic,18,360.06,106,24.0,2,52.7,0.713,0,0,,2025-12-31,249.08,1,2025-10-01,2025-10-01,249.08,2,21.4,0,91.0,1,80.1
C002055,2024-10-18,Mid-Market,North America,Pro,Organic,22,171.53,439,8.0,0,43.4,0.253,1,0,,2025-12-31,2018.8799999999999,11,2025-11-14,2024-11-20,183.53,3,11.9,1,47.0,1,52.1
C002056,2023-06-08,SMB,North America,Pro,Organic,8,170.88,937,5.0,4,5.3,0.732,0,1,2024-09-14,2025-12-31,1695.89,9,2024-06-28,2023-06-12,188.43,4,15.0,0,551.0,0,56.0
C002057,2024-11-16,SMB,North America,Free,Organic,12,0.0,410,3.1,1,29.7,0.168,1,1,2025-06-02,2025-12-31,6.68,3,2025-04-29,2025-01-23,2.23,2,24.3,1,246.0,0,42.3
C002058,2024-11-22,SMB,Europe,Business,Sales,19,474.91,404,17.0,0,92.4,0.294,0,0,,2025-12-31,1644.34,4,2025-09-13,2024-12-31,411.08,0,0.0,0,109.0,1,68.2
C002059,2023-07-18,Enterprise,Europe,Free,Referral,256,0.0,897,11.3,5,25.2,0.452,0,1,2024-11-02,2025-12-31,0.0,6,2024-09-24,2023-10-22,0.0,6,16.6,0,463.0,0,53.7
C002060,2023-07-31,SMB,Europe,Starter,Organic,15,47.63,884,13.0,1,25.8,0.669,0,0,,2025-12-31,879.67,19,2025-11-11,2023-08-05,46.3,2,15.4,0,50.0,1,67.8
C002061,2025-07-02,Startup,Europe,Pro,Organic,5,132.99,182,7.0,4,46.3,0.19,0,0,,2025-12-31,466.23,4,2025-12-17,2025-08-03,116.56,5,23.2,0,14.0,1,45.6
C002062,2024-03-14,Mid-Market,North America,Enterprise,Referral,75,1492.05,657,19.0,1,21.5,0.656,0,0,,2025-12-31,18404.42,12,2025-11-24,2024-03-22,1533.7,2,18.1,0,37.0,1,72.3
C002063,2022-08-02,Mid-Market,North America,Enterprise,Organic,26,1342.13,1247,7.0,1,38.5,0.602,0,0,,2025-12-31,37151.71,28,2025-11-09,2022-08-17,1326.85,1,20.0,0,52.0,1,61.7
C002064,2024-10-26,Startup,Europe,Business,Paid Search,2,422.0,431,25.0,2,23.8,0.336,0,0,,2025-12-31,5973.18,13,2025-11-27,2024-10-31,459.48,3,16.6,0,34.0,1,66.8
C002065,2024-04-23,Mid-Market,Europe,Pro,Organic,19,141.19,617,17.0,1,45.1,0.539,0,0,,2025-12-31,2088.9,15,2025-12-01,2024-06-21,139.26,1,5.6,0,30.0,1,69.4
C002066,2023-12-29,SMB,Europe,Pro,Partner,5,168.36,733,12.0,3,33.5,0.577,1,0,,2025-12-31,2483.32,15,2025-11-11,2024-05-15,165.55,3,23.8,0,50.0,1,59.9
C002067,2024-11-02,SMB,North America,Pro,Sales,20,162.32,424,4.0,1,83.8,0.671,1,1,2025-03-11,2025-12-31,847.8,5,2025-02-28,2024-11-03,169.56,1,25.8,1,306.0,0,63.6
C002068,2025-07-21,Enterprise,APAC,Free,Organic,379,0.0,163,13.2,0,36.2,0.203,1,1,2025-11-23,2025-12-31,0.0,3,2025-10-09,2025-09-08,0.0,0,0.0,0,83.0,0,54.5
C002069,2023-04-18,SMB,North America,Starter,Sales,20,53.95,988,17.0,0,29.4,0.401,0,0,,2025-12-31,1095.84,21,2025-12-04,2023-04-24,52.18,1,9.3,0,27.0,1,65.1
C002070,2023-08-23,SMB,Europe,Enterprise,Referral,20,1135.19,861,24.0,1,60.7,0.349,1,0,,2025-12-31,22669.09,20,2025-11-29,2023-10-29,1133.45,1,5.6,0,32.0,1,69.5
C002071,2022-09-28,Mid-Market,North America,Enterprise,Sales,59,1268.98,1190,19.0,1,0.2,0.132,0,0,,2025-12-31,32868.54,26,2025-11-23,2022-12-18,1264.17,1,9.8,0,38.0,1,54.4
C002072,2024-07-14,Startup,Europe,Starter,Referral,7,45.79,535,22.0,0,77.3,0.522,0,0,,2025-12-31,597.64,13,2025-11-28,2024-09-04,45.97,1,34.9,0,33.0,1,78.0
C002073,2023-07-30,Mid-Market,Europe,Starter,Referral,76,47.1,885,1.4,1,10.3,0.504,0,1,2023-09-07,2025-12-31,186.74,4,2023-09-04,2023-07-31,46.68,2,4.9,0,849.0,0,50.9
C002074,2023-05-05,Mid-Market,APAC,Starter,Partner,16,59.45,971,0.0,0,64.8,0.519,0,0,,2025-12-31,1420.94,23,2025-12-23,2023-08-24,61.78,1,4.5,0,8.0,1,57.0
C002075,2024-09-23,Startup,North America,Pro,Referral,5,144.42,464,18.0,0,71.4,0.74,1,0,,2025-12-31,972.86,7,2025-10-15,2025-03-07,138.98,0,0.0,0,77.0,1,78.4
C002076,2023-08-07,Mid-Market,Europe,Starter,Organic,72,45.4,877,0.0,1,21.9,0.746,1,1,2025-02-18,2025-12-31,369.1,10,2025-02-16,2023-08-22,36.91,2,12.9,0,318.0,0,56.1
C002077,2023-10-27,Startup,North America,Pro,Referral,3,140.2,796,24.0,2,24.3,0.031,1,0,,2025-12-31,1914.32,14,2025-12-19,2023-12-11,136.74,3,5.2,0,12.0,1,54.8
C002078,2023-09-22,Enterprise,APAC,Free,Partner,118,0.0,831,24.0,0,32.3,0.474,0,0,,2025-12-31,58.09,21,2025-12-14,2023-10-31,2.77,0,0.0,0,17.0,0,73.9
C002079,2023-01-05,SMB,North America,Free,Organic,18,0.0,1091,5.8,1,50.5,0.365,1,1,2023-06-21,2025-12-31,54.17,9,2023-06-19,2023-02-07,6.02,2,6.6,0,926.0,0,52.7
C002080,2022-06-29,Enterprise,North America,Starter,Organic,367,56.89,1281,20.0,0,10.0,0.443,0,0,,2025-12-31,1379.24,26,2025-12-08,2022-12-10,53.05,1,20.0,0,23.0,1,67.1
C002081,2025-03-28,SMB,APAC,Business,Organic,10,420.89,278,11.0,0,32.3,0.204,0,0,,2025-12-31,3431.28,8,2025-12-29,2025-05-11,428.91,0,0.0,0,2.0,1,54.2
C002082,2022-05-12,SMB,North America,Starter,Paid Search,20,49.5,1329,26.0,2,27.2,0.49,1,0,,2025-12-31,1389.33,28,2025-11-03,2022-07-19,49.62,2,8.3,0,58.0,1,70.6
C002083,2023-04-10,Startup,North America,Pro,Organic,7,173.27,996,0.2,0,6.2,0.694,0,1,2024-09-11,2025-12-31,1176.16,7,2024-08-26,2023-06-10,168.02,0,0.0,0,492.0,0,56.6
C002084,2024-08-12,Startup,APAC,Pro,Organic,7,143.23,506,4.9,1,8.9,0.355,0,1,2025-07-02,2025-12-31,1465.59,10,2025-06-22,2024-09-10,146.56,2,14.9,0,192.0,0,49.4
C002085,2022-07-07,SMB,APAC,Business,Organic,12,368.06,1273,19.0,2,38.2,0.473,1,0,,2025-12-31,7541.24,20,2025-05-23,2022-08-05,377.06,3,11.3,0,222.0,1,65.0
C002086,2024-07-26,SMB,APAC,Starter,Partner,8,45.07,523,22.0,1,37.8,0.271,0,0,,2025-12-31,650.37,14,2025-12-18,2024-09-03,46.46,1,9.4,0,13.0,1,65.1
C002087,2024-11-14,SMB,North America,Business,Organic,10,454.77,412,6.0,2,15.9,0.226,1,0,,2025-12-31,3171.46,8,2025-09-20,2025-01-06,396.43,2,11.7,0,102.0,1,43.7
C002088,2024-08-05,Startup,Europe,Starter,Organic,3,47.96,513,10.2,1,37.0,0.281,1,1,2025-05-01,2025-12-31,250.09,5,2025-02-13,2024-08-15,50.02,2,14.1,0,321.0,0,52.7
C002089,2023-03-13,SMB,APAC,Pro,Paid Search,17,176.64,1024,12.0,1,18.8,0.3,0,0,,2025-12-31,5482.34,31,2025-12-25,2023-03-17,176.85,1,3.1,0,6.0,1,55.1
C002090,2022-01-29,Startup,North America,Pro,Paid Search,6,135.33,1432,24.0,1,67.7,0.372,0,0,,2025-12-31,3426.38,25,2025-11-20,2022-03-18,137.06,1,26.3,0,41.0,1,72.9
C002091,2025-06-22,Mid-Market,APAC,Enterprise,Organic,64,1315.88,192,7.0,1,32.4,0.63,1,0,,2025-12-31,2029.73,2,2025-12-08,2025-10-04,1014.86,1,81.8,0,23.0,1,59.9
C002092,2023-04-12,SMB,North America,Enterprise,Sales,8,1174.17,994,19.0,3,62.4,0.596,0,0,,2025-12-31,24081.52,20,2025-12-01,2023-10-17,1204.08,4,19.4,0,30.0,1,71.6
C002093,2025-02-25,SMB,LATAM,Business,Paid Search,20,479.33,309,2.3,0,-7.3,0.598,1,1,2025-12-18,2025-12-31,3711.09,7,2025-10-30,2025-04-09,530.16,1,3.7,0,62.0,0,52.3
C002094,2022-10-10,Mid-Market,Europe,Enterprise,Organic,28,1271.97,1178,3.0,4,43.1,0.212,1,0,,2025-12-31,29619.98,24,2025-10-26,2022-10-20,1234.17,7,14.7,0,66.0,1,40.3
C002095,2022-08-21,Mid-Market,Europe,Free,Partner,28,0.0,1228,19.0,3,49.9,0.461,1,0,,2025-12-31,120.56,21,2025-10-25,2022-09-29,5.74,3,12.0,0,67.0,0,64.3
C002096,2025-01-17,Startup,Europe,Pro,Referral,1,129.86,348,19.0,1,31.6,0.325,0,0,,2025-12-31,1067.48,9,2025-11-15,2025-01-28,118.61,1,11.9,0,46.0,1,63.4
C002097,2025-09-05,SMB,North America,Starter,Paid Search,7,50.87,117,8.0,0,21.5,0.366,0,0,,2025-12-31,140.94,3,2025-12-15,2025-11-01,46.98,2,20.8,0,16.0,1,55.3
C002098,2025-05-15,Mid-Market,North America,Starter,Organic,32,47.0,230,8.7,1,31.2,0.526,0,1,2025-12-13,2025-12-31,269.58,6,2025-12-07,2025-06-19,44.93,2,25.4,0,24.0,0,60.2
C002099,2024-12-10,Mid-Market,APAC,Pro,Partner,55,140.46,386,26.0,0,53.6,0.511,0,0,,2025-12-31,1035.87,8,2025-11-09,2024-12-18,129.48,1,7.7,0,52.0,1,78.9
C002100,2022-12-19,Mid-Market,Europe,Business,Paid Search,60,386.53,1108,9.0,4,4.7,0.613,0,0,,2025-12-31,7677.56,19,2025-12-12,2023-03-09,404.08,4,18.3,0,19.0,1,55.9
C002101,2025-07-29,SMB,Europe,Pro,Paid Search,14,158.14,155,3.4,3,52.5,0.269,0,1,2025-12-19,2025-12-31,683.83,4,2025-12-11,2025-08-01,170.96,4,14.7,0,20.0,0,46.9
C002102,2024-08-13,Startup,North America,Business,Sales,1,373.78,505,5.0,3,43.0,0.345,0,0,,2025-12-31,2561.96,8,2025-12-12,2024-09-27,320.24,3,19.1,0,19.0,1,49.6
C002103,2022-09-04,Startup,APAC,Pro,Sales,2,148.75,1214,14.0,2,28.5,0.304,0,0,,2025-12-31,3270.62,22,2025-12-05,2023-03-01,148.66,2,11.4,0,26.0,1,56.5
C002104,2022-07-04,SMB,North America,Enterprise,Partner,20,1281.97,1276,24.0,0,29.5,0.341,2,0,,2025-12-31,32332.64,26,2025-10-19,2022-11-08,1243.56,1,16.8,0,73.0,1,65.6
C002105,2025-05-30,SMB,North America,Business,Organic,8,360.18,215,17.0,0,36.5,0.62,1,0,,2025-12-31,1965.9099999999999,6,2025-11-26,2025-07-10,327.65,0,0.0,0,35.0,1,70.4
C002106,2023-01-29,Mid-Market,LATAM,Business,Partner,31,433.89,1067,3.0,1,76.5,0.481,0,0,,2025-12-31,7586.02,17,2025-12-05,2023-02-02,446.24,1,7.1,0,26.0,1,58.3
C002107,2024-12-31,Startup,Europe,Starter,Sales,7,50.26,365,20.0,1,43.7,0.187,1,0,,2025-12-31,563.64,10,2025-12-20,2025-01-21,56.36,2,5.8,0,11.0,1,59.3
C002108,2022-07-18,Mid-Market,Europe,Pro,Sales,67,164.29,1262,11.0,0,11.4,0.371,0,0,,2025-12-31,4178.55,24,2025-12-18,2022-08-19,174.11,0,0.0,0,13.0,1,57.1
C002109,2023-02-06,Enterprise,LATAM,Business,Organic,301,471.15,1059,0.0,3,24.1,0.361,1,0,,2025-12-31,8265.79,18,2025-12-20,2023-04-12,459.21,3,6.2,1,11.0,1,41.7
C002110,2023-02-10,Startup,North America,Enterprise,Organic,2,1303.82,1055,17.0,0,6.4,0.76,0,0,,2025-12-31,29191.38,23,2025-11-20,2023-08-23,1269.19,0,0.0,0,41.0,1,73.6
C002111,2023-02-06,Startup,LATAM,Free,Organic,5,0.0,1059,8.0,0,-12.2,0.363,0,0,,2025-12-31,120.17,32,2025-12-07,2023-04-25,3.76,0,0.0,0,24.0,0,51.8
C002112,2024-08-22,Mid-Market,APAC,Starter,Referral,30,45.7,496,27.0,0,5.9,0.695,2,0,,2025-12-31,425.41,10,2025-12-07,2024-09-15,42.54,0,0.0,0,24.0,1,76.5
C002113,2025-07-31,SMB,Europe,Starter,Paid Search,18,58.19,153,27.0,0,38.0,0.27,0,0,,2025-12-31,282.2,5,2025-12-25,2025-08-20,56.44,0,0.0,0,6.0,1,71.0
C002114,2025-07-25,SMB,North America,Starter,Paid Search,20,56.82,159,18.0,1,66.8,0.633,0,0,,2025-12-31,225.82999999999998,4,2025-12-09,2025-09-04,56.46,1,5.1,0,22.0,1,75.2
C002115,2024-11-26,Mid-Market,North America,Business,Paid Search,60,480.9,400,17.0,2,59.9,0.501,0,0,,2025-12-31,5623.57,10,2025-11-17,2025-01-25,562.36,2,13.4,0,44.0,1,68.2
C002116,2022-10-17,Mid-Market,Europe,Free,Organic,50,0.0,1171,8.0,2,6.1,0.128,1,0,,2025-12-31,93.69,25,2025-11-27,2023-02-03,3.75,3,18.5,0,34.0,0,41.6
C002117,2025-10-05,Mid-Market,North America,Starter,Sales,22,53.43,87,0.3,2,15.1,0.454,1,1,2025-11-19,2025-12-31,63.02,1,2025-11-05,2025-11-05,63.02,2,14.0,0,56.0,0,45.4
C002118,2024-02-15,SMB,North America,Pro,Paid Search,24,179.18,685,0.6,2,11.5,0.398,0,1,2025-12-24,2025-12-31,3037.88,16,2025-10-26,2024-04-23,189.87,2,14.8,0,66.0,0,45.6
C002119,2024-02-20,SMB,Europe,Starter,Organic,7,57.67,680,12.0,4,-29.5,0.473,0,0,,2025-12-31,700.58,13,2025-10-31,2024-04-18,53.89,4,18.5,0,61.0,1,51.0
C002120,2024-09-29,SMB,APAC,Free,Referral,7,0.0,458,2.7,1,30.8,0.435,1,1,2025-01-17,2025-12-31,11.58,4,2025-01-05,2024-10-01,2.9,1,7.8,0,360.0,0,50.0
C002121,2025-01-04,Mid-Market,North America,Pro,Partner,24,175.38,361,26.0,0,55.1,0.162,1,0,,2025-12-31,890.71,5,2025-12-16,2025-01-18,178.14,1,10.2,0,15.0,1,66.6
C002122,2025-09-24,Startup,APAC,Pro,Referral,5,152.6,98,8.0,1,28.7,0.257,1,0,,2025-12-31,395.0,3,2025-11-30,2025-10-05,131.67,2,3.0,1,31.0,1,49.2
C002123,2024-04-12,SMB,LATAM,Enterprise,Referral,5,1087.22,628,2.2,3,3.3,0.665,1,1,2024-12-12,2025-12-31,3980.17,4,2024-12-07,2024-04-29,995.04,3,4.9,1,389.0,0,50.7
C002124,2024-05-22,Startup,APAC,Business,Organic,2,465.66,588,22.0,1,13.9,0.224,1,0,,2025-12-31,8376.09,17,2025-09-25,2024-06-13,492.71,1,35.4,0,97.0,1,59.3
C002125,2024-12-02,Enterprise,APAC,Enterprise,Organic,366,1264.74,394,23.0,1,26.8,0.886,0,0,,2025-12-31,17912.71,12,2025-11-24,2024-12-12,1492.73,1,6.6,1,37.0,1,83.3
C002126,2022-12-31,SMB,APAC,Starter,Organic,24,48.84,1096,10.0,2,54.3,0.555,0,0,,2025-12-31,1049.48,23,2025-11-21,2023-01-12,45.63,2,27.7,0,40.0,1,63.0
C002127,2023-03-17,Startup,North America,Business,Referral,3,459.26,1020,2.0,1,30.4,0.618,0,0,,2025-12-31,8495.23,20,2025-12-21,2023-03-31,424.76,2,23.1,0,10.0,1,56.9
C002128,2024-06-13,Mid-Market,North America,Pro,Sales,38,171.61,566,2.0,2,50.9,0.485,0,0,,2025-12-31,2489.69,14,2025-10-27,2024-12-08,177.84,5,11.9,0,65.0,1,53.4
C002129,2022-04-02,Mid-Market,LATAM,Pro,Paid Search,71,155.13,1369,14.0,0,33.0,0.605,1,0,,2025-12-31,4924.72,31,2025-12-04,2022-05-18,158.86,0,0.0,0,27.0,1,67.0
C002130,2023-04-04,Mid-Market,Europe,Pro,Referral,50,175.1,1002,24.0,1,40.9,0.494,0,0,,2025-12-31,3230.5299999999997,20,2025-11-21,2023-04-05,161.53,1,4.3,0,40.0,1,73.8
C002131,2024-10-23,Mid-Market,APAC,Starter,Referral,64,45.45,434,10.0,1,11.5,0.361,0,0,,2025-12-31,415.31,9,2025-12-18,2024-11-12,46.15,1,38.3,0,13.0,1,54.4
C002132,2025-10-27,SMB,LATAM,Free,Sales,17,0.0,65,0.0,2,17.9,0.243,1,1,2025-12-05,2025-12-31,29.58,2,2025-12-02,2025-10-28,14.79,2,25.0,0,29.0,0,39.1
C002133,2024-01-13,Mid-Market,North America,Business,Paid Search,36,398.39,718,10.0,2,3.6,0.688,0,0,,2025-12-31,3944.76,9,2025-09-22,2024-03-31,438.31,3,17.1,0,100.0,1,61.9
C002134,2023-07-26,Mid-Market,North America,Business,Organic,24,431.6,889,0.0,1,50.0,0.257,0,0,,2025-12-31,8848.51,20,2025-11-25,2023-09-20,442.43,1,5.9,0,36.0,1,46.2
C002135,2023-09-22,SMB,Europe,Starter,Referral,15,49.08,831,11.0,3,27.7,0.248,0,0,,2025-12-31,420.09999999999997,9,2025-11-28,2023-09-23,46.68,4,15.4,0,33.0,1,50.5
C002136,2024-09-07,Enterprise,North America,Pro,Referral,116,173.98,480,13.0,2,-54.9,0.736,0,0,,2025-12-31,1323.99,7,2025-11-11,2024-09-09,189.14,3,11.4,0,50.0,1,60.2
C002137,2024-02-18,Mid-Market,Europe,Business,Referral,67,450.25,682,20.0,1,47.0,0.701,0,0,,2025-12-31,4187.72,9,2025-07-25,2024-05-03,465.3,2,12.2,0,159.0,1,77.1
C002138,2022-02-03,SMB,APAC,Pro,Referral,8,165.77,1427,1.0,0,59.4,0.21,1,0,,2025-12-31,5607.96,35,2025-12-27,2022-02-11,160.23,0,0.0,0,4.0,1,46.1
C002139,2024-02-11,Mid-Market,Europe,Starter,Paid Search,32,55.72,689,13.0,2,14.7,0.205,1,0,,2025-12-31,561.51,10,2025-07-21,2024-02-13,56.15,2,8.4,0,163.0,1,49.2
C002140,2023-07-27,Mid-Market,North America,Business,Partner,46,461.67,888,4.0,0,47.0,0.5,0,0,,2025-12-31,5357.76,12,2025-12-18,2023-12-19,446.48,1,11.6,0,13.0,1,58.3
C002141,2024-09-29,Mid-Market,APAC,Pro,Organic,34,182.76,458,7.1,1,29.8,0.136,2,1,2025-01-22,2025-12-31,365.58000000000004,2,2024-12-20,2024-11-09,182.79,2,14.1,0,376.0,0,42.9
C002142,2025-06-05,Enterprise,North America,Pro,Paid Search,275,162.92,209,27.0,2,-17.9,0.622,0,0,,2025-12-31,863.26,5,2025-12-08,2025-06-09,172.65,3,25.4,0,23.0,1,73.0
C002143,2025-10-08,SMB,APAC,Pro,Organic,6,166.7,84,20.0,1,83.8,0.133,0,0,,2025-12-31,113.51,1,2025-10-09,2025-10-09,113.51,1,7.0,0,83.0,1,63.7
C002144,2024-05-22,Enterprise,North America,Pro,Organic,234,151.46,588,23.0,1,29.9,0.683,0,0,,2025-12-31,1767.7,12,2025-10-25,2024-06-08,147.31,2,15.6,0,67.0,1,77.5
C002145,2023-06-03,Mid-Market,APAC,Free,Organic,60,0.0,942,0.6,0,40.0,0.466,2,1,2025-06-15,2025-12-31,89.95,17,2025-02-01,2023-06-13,5.29,0,0.0,0,333.0,0,49.5
C002146,2023-09-27,Startup,Europe,Enterprise,Partner,2,1355.43,826,21.0,0,19.4,0.433,0,0,,2025-12-31,20476.29,16,2025-10-08,2023-10-01,1279.77,0,0.0,0,84.0,1,68.7
C002147,2022-09-10,Startup,Europe,Starter,Referral,1,43.67,1208,24.0,1,27.6,0.49,2,0,,2025-12-31,1095.1200000000001,24,2025-12-16,2022-12-19,45.63,1,3.9,0,15.0,1,68.4
C002148,2025-08-31,Mid-Market,Europe,Business,Paid Search,44,468.12,122,18.0,2,39.0,0.245,1,0,,2025-12-31,1647.08,4,2025-12-07,2025-09-05,411.77,2,4.8,1,24.0,1,57.3
C002149,2025-04-26,Mid-Market,North America,Business,Paid Search,62,442.97,249,21.0,1,8.9,0.207,0,0,,2025-12-31,2388.44,6,2025-11-03,2025-05-19,398.07,1,4.8,0,58.0,1,59.4
C002150,2025-05-06,SMB,Europe,Pro,Organic,18,153.11,239,0.6,1,77.3,0.518,0,1,2025-11-03,2025-12-31,1348.51,8,2025-10-23,2025-05-09,168.56,2,13.1,0,69.0,0,57.3
C002151,2023-04-15,Startup,APAC,Pro,Paid Search,2,134.49,991,20.0,1,56.0,0.259,0,0,,2025-12-31,2785.22,20,2025-10-05,2023-05-27,139.26,3,14.5,1,87.0,1,64.7
C002152,2023-04-06,Startup,APAC,Free,Organic,3,0.0,1000,23.0,4,47.9,0.416,0,0,,2025-12-31,44.4,12,2025-11-25,2023-05-20,3.7,4,35.0,0,36.0,0,66.8
C002153,2025-05-09,Mid-Market,North America,Starter,Partner,69,53.53,236,6.0,1,31.5,0.242,0,0,,2025-12-31,312.3,5,2025-11-28,2025-05-17,62.46,1,21.8,0,33.0,1,49.3
C002154,2024-02-18,Mid-Market,Europe,Pro,Sales,69,177.94,682,13.0,0,16.0,0.434,0,0,,2025-12-31,2634.91,14,2025-12-16,2024-03-20,188.21,0,0.0,0,15.0,1,61.2
C002155,2024-10-04,SMB,APAC,Free,Paid Search,8,0.0,453,7.0,2,60.8,0.556,1,1,2025-03-07,2025-12-31,19.92,6,2025-02-10,2024-11-03,3.32,2,18.6,0,324.0,0,59.0
C002156,2023-12-02,Startup,APAC,Free,Partner,3,0.0,760,2.0,3,50.3,0.44,0,0,,2025-12-31,58.76,17,2025-11-02,2024-01-21,3.46,4,21.7,0,59.0,0,50.5
C002157,2023-09-26,Startup,Europe,Enterprise,Referral,7,1224.06,827,2.0,1,25.0,0.225,0,1,2025-04-24,2025-12-31,9528.84,9,2025-04-16,2023-10-04,1058.76,1,7.3,0,259.0,0,44.5
C002158,2024-06-23,Enterprise,North America,Starter,Organic,286,47.67,556,2.5,0,7.9,0.246,4,1,2025-06-26,2025-12-31,482.08,11,2025-06-06,2024-06-23,43.83,1,24.6,0,208.0,0,37.4
C002159,2025-03-08,SMB,LATAM,Starter,Paid Search,21,51.44,298,0.8,2,-4.4,0.448,1,1,2025-12-11,2025-12-31,97.02000000000001,3,2025-11-03,2025-09-12,32.34,3,18.6,0,58.0,0,43.7
C002160,2023-04-23,Mid-Market,North America,Starter,Organic,38,59.81,983,14.0,0,35.7,0.437,0,0,,2025-12-31,1835.34,27,2025-11-23,2023-04-23,67.98,0,0.0,0,38.0,1,64.2
C002161,2025-03-03,SMB,North America,Pro,Paid Search,22,135.38,303,1.0,0,28.8,0.484,0,0,,2025-12-31,1101.73,8,2025-10-13,2025-04-03,137.72,1,47.8,0,79.0,1,53.3
C002162,2022-12-16,Startup,APAC,Pro,Sales,6,165.71,1111,0.0,1,64.6,0.305,1,0,,2025-12-31,3627.87,22,2025-11-07,2022-12-16,164.9,1,13.4,0,54.0,1,47.1
C002163,2023-07-31,SMB,North America,Business,Paid Search,10,408.52,884,17.0,2,59.8,0.37,0,0,,2025-12-31,5184.67,13,2025-09-19,2023-07-31,398.82,2,10.4,0,103.0,1,64.3
C002164,2025-07-29,Enterprise,APAC,Pro,Paid Search,111,147.31,155,3.7,2,36.0,0.357,1,1,2025-10-12,2025-12-31,227.05,2,2025-08-14,2025-08-09,113.52,3,17.3,0,139.0,0,47.6
C002165,2025-09-26,SMB,North America,Free,Organic,8,0.0,96,10.0,3,33.0,0.704,1,0,,2025-12-31,28.919999999999998,4,2025-12-29,2025-10-19,7.23,3,29.4,0,2.0,0,61.8
C002166,2025-08-14,SMB,APAC,Pro,Paid Search,3,147.11,139,9.0,1,6.2,0.272,0,0,,2025-12-31,813.38,5,2025-12-12,2025-08-17,162.68,1,19.2,0,19.0,1,50.3
C002167,2023-03-28,Startup,LATAM,Free,Sales,6,0.0,1009,13.0,2,61.5,0.769,0,0,,2025-12-31,98.41000000000001,18,2025-12-30,2023-06-21,5.47,2,8.8,0,1.0,0,72.8
C002168,2025-04-20,Mid-Market,LATAM,Business,Paid Search,62,434.32,255,12.0,1,33.6,0.401,0,0,,2025-12-31,4656.38,10,2025-11-21,2025-05-29,465.64,3,25.6,0,40.0,1,59.6
C002169,2025-08-31,Startup,LATAM,Free,Referral,5,0.0,122,3.0,1,50.1,0.139,1,0,,2025-12-31,7.37,4,2025-11-19,2025-09-23,1.84,1,5.2,0,42.0,0,43.4
C002170,2025-10-30,Mid-Market,APAC,Starter,Organic,37,59.86,62,0.0,2,64.4,0.084,0,0,,2025-12-31,74.97,1,2025-11-07,2025-11-07,74.97,2,4.2,0,54.0,1,41.0
C002171,2022-01-30,Mid-Market,North America,Pro,Organic,79,151.61,1431,12.0,1,20.9,0.832,0,0,,2025-12-31,2887.48,21,2025-12-12,2022-03-24,137.5,1,10.1,0,19.0,1,71.3
C002172,2024-12-01,Mid-Market,LATAM,Starter,Paid Search,38,60.01,395,15.0,1,14.3,0.894,0,0,,2025-12-31,343.53,6,2025-09-01,2025-02-01,57.26,2,12.1,0,121.0,1,75.1
C002173,2025-11-26,Enterprise,LATAM,Pro,Sales,351,180.18,35,21.0,1,96.7,0.094,0,0,,2025-12-31,376.51,2,2025-12-21,2025-12-18,188.26,2,18.4,0,10.0,1,64.7
C002174,2024-12-29,Mid-Market,Europe,Pro,Organic,68,163.89,367,5.0,2,49.9,0.148,0,0,,2025-12-31,1426.13,10,2025-12-26,2025-01-10,142.61,2,23.4,0,5.0,1,45.9
C002175,2022-11-30,SMB,Europe,Enterprise,Referral,6,1198.56,1127,2.0,0,28.0,0.524,1,0,,2025-12-31,27712.75,24,2025-12-26,2023-05-04,1154.7,0,0.0,0,5.0,1,53.3
C002176,2024-12-26,Mid-Market,North America,Free,Organic,53,0.0,370,16.0,3,66.0,0.307,0,0,,2025-12-31,33.71,9,2025-12-15,2025-02-06,3.75,4,23.0,1,16.0,0,60.6
C002177,2022-05-31,Enterprise,Europe,Pro,Partner,290,187.93,1310,25.0,1,27.3,0.593,0,0,,2025-12-31,5167.2,27,2025-11-18,2022-06-05,191.38,1,8.5,0,43.0,1,76.3
C002178,2023-11-19,Mid-Market,APAC,Pro,Partner,55,167.63,773,6.0,1,43.1,0.861,0,0,,2025-12-31,3055.41,17,2025-12-26,2024-02-08,179.73,1,7.2,1,5.0,1,69.0
C002179,2024-06-14,Enterprise,Europe,Free,Partner,444,0.0,565,1.0,0,20.8,0.73,0,1,2024-10-21,2025-12-31,38.79,3,2024-10-18,2024-08-02,12.93,0,0.0,0,439.0,0,59.9
C002180,2023-10-15,Startup,Europe,Pro,Organic,4,160.88,808,11.0,0,34.6,0.592,0,0,,2025-12-31,2164.78,14,2025-11-21,2023-11-15,154.63,1,6.8,0,40.0,1,66.0
C002181,2024-09-27,Startup,Europe,Business,Organic,4,459.74,460,15.0,0,28.1,0.211,0,0,,2025-12-31,4484.25,10,2025-12-29,2024-10-11,448.42,2,28.4,0,2.0,1,57.5
C002182,2022-12-10,Enterprise,North America,Business,Sales,111,410.21,1117,17.0,0,16.2,0.162,1,0,,2025-12-31,8818.89,22,2025-12-09,2022-12-20,400.86,0,0.0,0,22.0,1,54.7
C002183,2024-05-16,SMB,LATAM,Enterprise,Partner,4,1245.51,594,3.0,1,41.1,0.364,1,0,,2025-12-31,15280.37,12,2025-11-23,2024-08-03,1273.36,1,17.2,0,38.0,1,49.2
C002184,2024-07-11,SMB,North America,Pro,Organic,23,173.58,538,18.0,3,19.0,0.687,0,0,,2025-12-31,1913.71,11,2025-10-26,2024-08-02,173.97,3,10.1,0,66.0,1,69.1
C002185,2024-06-25,Startup,North America,Starter,Paid Search,1,55.41,554,1.8,1,49.4,0.389,0,1,2025-02-16,2025-12-31,466.59000000000003,8,2025-01-05,2024-08-07,58.32,1,16.7,0,360.0,0,51.7
C002186,2023-02-18,Mid-Market,North America,Enterprise,Organic,27,1361.08,1047,0.0,2,27.4,0.339,1,1,2023-05-07,2025-12-31,2423.66,2,2023-05-04,2023-03-14,1211.83,3,15.3,0,972.0,0,42.9
C002187,2023-03-13,Mid-Market,APAC,Starter,Paid Search,32,53.81,1024,25.0,2,-8.0,0.267,0,0,,2025-12-31,717.92,14,2025-12-02,2023-04-11,51.28,2,17.2,0,29.0,1,61.5
C002188,2023-01-04,SMB,APAC,Pro,Paid Search,22,153.08,1092,14.0,0,50.5,0.626,0,0,,2025-12-31,3378.98,22,2025-12-23,2023-01-07,153.59,1,16.8,0,8.0,1,71.3
C002189,2023-10-23,Startup,North America,Business,Organic,7,383.64,800,8.0,4,50.9,0.441,1,0,,2025-12-31,7158.28,18,2025-12-19,2023-10-28,397.68,4,22.8,0,12.0,1,52.5
C002190,2024-04-17,SMB,North America,Business,Paid Search,19,441.16,623,22.0,0,91.3,0.708,1,0,,2025-12-31,6926.08,16,2025-12-06,2024-04-20,432.88,1,4.4,0,25.0,1,83.0
C002191,2023-06-03,SMB,Europe,Enterprise,Partner,11,1340.5,942,22.0,3,35.4,0.167,1,0,,2025-12-31,20445.79,16,2025-11-27,2023-06-09,1277.86,4,24.5,0,34.0,1,56.7
C002192,2023-08-10,Mid-Market,North America,Free,Sales,22,0.0,874,1.3,1,39.6,0.74,0,1,2025-05-23,2025-12-31,96.97,18,2025-02-11,2023-09-11,5.39,1,7.9,0,323.0,0,60.8
C002193,2023-02-14,SMB,APAC,Pro,Referral,7,175.96,1051,26.0,1,47.0,0.325,0,0,,2025-12-31,5287.99,31,2025-12-09,2023-02-25,170.58,2,2.6,0,22.0,1,71.2
C002194,2022-11-09,Startup,North America,Starter,Paid Search,4,45.37,1148,14.0,0,60.5,0.549,0,0,,2025-12-31,1168.42,25,2025-12-09,2022-12-14,46.74,1,28.0,0,22.0,1,70.0
C002195,2024-07-29,Mid-Market,Europe,Business,Referral,77,436.1,520,7.0,0,58.9,0.183,1,0,,2025-12-31,7523.93,16,2025-12-24,2024-09-07,470.25,0,0.0,0,7.0,1,50.6
C002196,2025-03-12,SMB,North America,Pro,Organic,7,163.26,294,12.0,2,43.0,0.552,0,0,,2025-12-31,1293.89,8,2025-12-15,2025-06-19,161.74,2,3.8,0,16.0,1,63.6
C002197,2023-02-20,SMB,Europe,Starter,Partner,18,58.77,1045,5.0,1,34.2,0.164,0,0,,2025-12-31,958.88,17,2025-09-29,2023-06-12,56.4,4,19.7,0,93.0,1,46.3
C002198,2025-05-15,SMB,Europe,Business,Organic,13,390.13,230,23.0,5,56.1,0.414,0,0,,2025-12-31,668.52,2,2025-12-19,2025-07-05,334.26,6,12.9,0,12.0,1,66.1
C002199,2024-03-27,SMB,North America,Pro,Organic,11,144.42,644,7.0,1,33.1,0.428,1,0,,2025-12-31,2443.15,17,2025-11-24,2024-04-11,143.71,3,6.5,0,37.0,1,53.9
C002200,2022-08-28,SMB,North America,Pro,Partner,5,153.6,1221,12.0,3,2.8,0.361,1,0,,2025-12-31,3015.7200000000003,20,2025-08-15,2023-03-20,150.79,4,8.2,1,138.0,1,50.3
C002201,2023-06-08,Startup,North America,Enterprise,Organic,4,1314.1,937,1.0,1,-2.5,0.093,0,0,,2025-12-31,20588.16,16,2025-11-21,2023-08-22,1286.76,2,9.9,0,40.0,1,36.9
C002202,2022-01-11,SMB,North America,Pro,Partner,6,146.17,1450,26.0,1,27.7,0.691,1,0,,2025-12-31,3568.25,24,2025-08-06,2022-03-15,148.68,2,33.4,0,147.0,1,78.2
C002203,2022-02-26,Mid-Market,LATAM,Pro,Partner,22,158.76,1404,8.0,0,38.0,0.246,1,0,,2025-12-31,5285.68,33,2025-07-21,2022-03-02,160.17,0,0.0,0,163.0,1,51.3
C002204,2023-04-26,Mid-Market,North America,Free,Organic,57,0.0,980,18.0,1,96.8,0.476,0,0,,2025-12-31,136.64000000000001,22,2025-09-28,2023-05-15,6.21,1,15.7,0,94.0,0,73.5
C002205,2023-10-12,Mid-Market,North America,Starter,Paid Search,65,59.97,811,9.0,0,32.0,0.482,0,0,,2025-12-31,1149.61,19,2025-11-22,2023-11-04,60.51,0,0.0,0,39.0,1,60.7
C002206,2025-02-14,Mid-Market,North America,Free,Partner,39,0.0,320,15.0,1,36.2,0.538,0,0,,2025-12-31,37.65,10,2025-10-09,2025-02-27,3.76,2,6.3,0,83.0,0,66.7
C002207,2022-07-12,Enterprise,APAC,Starter,Referral,140,49.86,1268,15.0,1,24.9,0.472,0,0,,2025-12-31,1030.56,20,2025-10-07,2022-08-24,51.53,2,14.0,0,85.0,1,63.5
C002208,2025-04-15,SMB,LATAM,Starter,Referral,4,49.43,260,3.5,0,50.5,0.381,1,1,2025-12-22,2025-12-31,445.59000000000003,9,2025-12-18,2025-04-15,49.51,0,0.0,0,13.0,0,52.6
C002209,2022-12-02,Mid-Market,APAC,Pro,Paid Search,56,143.58,1125,12.0,1,42.0,0.255,0,0,,2025-12-31,2064.34,15,2025-10-05,2023-01-01,137.62,1,10.0,0,87.0,1,56.1
C002210,2022-07-17,Mid-Market,Europe,Pro,Referral,66,183.61,1263,16.0,1,19.0,0.72,0,0,,2025-12-31,3270.67,18,2025-08-09,2022-07-19,181.7,3,13.3,1,144.0,1,71.3
C002211,2024-09-27,SMB,APAC,Starter,Paid Search,23,54.54,460,6.0,1,9.7,0.236,0,0,,2025-12-31,659.01,13,2025-11-15,2024-11-05,50.69,1,86.1,0,46.0,1,46.9
C002212,2025-01-12,Mid-Market,Europe,Pro,Organic,17,165.2,353,3.0,0,24.9,0.358,0,0,,2025-12-31,835.52,5,2025-11-05,2025-01-30,167.1,1,15.2,0,56.0,1,50.9
C002213,2024-05-15,SMB,APAC,Enterprise,Partner,22,1160.89,595,4.0,3,13.9,0.391,0,0,,2025-12-31,15828.630000000001,13,2025-10-25,2024-05-27,1217.59,3,26.1,0,67.0,1,47.2
C002214,2022-06-15,Startup,APAC,Starter,Organic,1,47.3,1295,11.0,1,29.2,0.354,0,0,,2025-12-31,1560.4,34,2025-12-12,2022-06-25,45.89,2,7.8,1,19.0,1,56.9
C002215,2022-06-14,SMB,North America,Pro,Organic,19,143.38,1296,5.0,3,38.5,0.291,0,0,,2025-12-31,3210.04,24,2025-12-05,2022-08-31,133.75,3,29.0,0,26.0,1,47.5
C002216,2023-07-12,Mid-Market,Europe,Free,Organic,38,0.0,903,2.5,0,22.5,0.458,0,1,2024-01-19,2025-12-31,52.55,5,2023-12-18,2023-08-14,10.51,1,10.5,0,744.0,0,53.2
C002217,2023-10-07,Mid-Market,North America,Pro,Referral,63,157.97,816,19.0,2,71.4,0.133,0,0,,2025-12-31,2451.55,17,2025-10-11,2023-10-18,144.21,2,17.2,0,81.0,1,60.1
C002218,2025-11-29,SMB,North America,Business,Sales,23,419.12,32,18.0,2,64.0,0.586,0,0,,2025-12-31,338.85,1,2025-12-22,2025-12-22,338.85,2,10.4,0,9.0,1,72.1
C002219,2023-02-14,SMB,APAC,Free,Sales,6,0.0,1051,26.0,1,29.3,0.298,1,0,,2025-12-31,131.88,20,2025-09-15,2023-04-14,6.59,1,14.4,0,107.0,0,66.6
C002220,2022-10-03,Mid-Market,North America,Starter,Paid Search,48,51.9,1185,21.0,0,10.9,0.414,0,0,,2025-12-31,974.01,17,2025-11-26,2022-10-21,57.29,1,17.2,0,35.0,1,67.3
C002221,2025-09-14,SMB,APAC,Business,Paid Search,14,482.33,108,11.0,0,34.3,0.173,0,0,,2025-12-31,1356.83,3,2025-11-09,2025-09-20,452.28,0,0.0,0,52.0,1,53.4
C002222,2022-08-09,SMB,LATAM,Starter,Referral,16,51.58,1240,26.0,1,31.7,0.211,0,0,,2025-12-31,1112.08,22,2025-11-09,2022-09-29,50.55,2,7.1,0,52.0,1,66.2
C002223,2022-02-07,Mid-Market,Europe,Pro,Paid Search,21,155.79,1423,25.0,3,33.4,0.384,0,0,,2025-12-31,2458.36,15,2025-12-15,2022-05-19,163.89,5,14.5,0,16.0,1,67.7
C002224,2023-08-28,SMB,North America,Pro,Paid Search,20,147.0,856,6.0,0,25.0,0.07,0,0,,2025-12-31,2166.18,14,2025-12-09,2023-10-05,154.73,0,0.0,0,22.0,1,45.0
C002225,2023-07-28,Enterprise,Europe,Starter,Organic,66,54.95,887,1.8,2,8.8,0.659,2,1,2025-09-07,2025-12-31,716.86,14,2025-05-29,2023-08-20,51.2,2,9.7,1,216.0,0,50.3
C002226,2024-06-05,Mid-Market,APAC,Business,Partner,33,467.14,574,24.0,0,35.9,0.678,0,0,,2025-12-31,4997.05,11,2025-11-27,2024-07-04,454.28,2,15.5,0,34.0,1,80.4
C002227,2025-06-09,Startup,North America,Pro,Partner,7,176.92,205,24.0,3,26.2,0.452,0,0,,2025-12-31,1035.33,5,2025-12-28,2025-08-14,207.07,3,8.7,0,3.0,1,68.1
C002228,2025-08-27,Mid-Market,North America,Free,Paid Search,24,0.0,126,23.0,1,28.5,0.571,0,0,,2025-12-31,59.82,5,2025-11-08,2025-08-28,11.96,2,12.8,0,53.0,0,74.0
C002229,2023-02-19,SMB,Europe,Enterprise,Organic,10,1079.11,1046,12.0,1,37.3,0.245,2,0,,2025-12-31,18470.89,17,2025-12-20,2023-03-17,1086.52,1,16.4,0,11.0,1,51.3
C002230,2025-11-03,SMB,LATAM,Pro,Referral,8,177.85,58,24.0,0,33.3,0.209,0,0,,2025-12-31,129.21,1,2025-12-26,2025-12-26,129.21,1,44.4,0,5.0,1,66.0
C002231,2024-06-23,Mid-Market,North America,Business,Partner,67,421.84,556,21.0,1,36.8,0.162,0,0,,2025-12-31,4803.58,13,2025-12-21,2024-10-19,369.51,1,17.0,0,10.0,1,60.8
C002232,2022-04-10,Startup,North America,Starter,Organic,6,53.56,1361,20.0,1,25.1,0.123,0,0,,2025-12-31,1433.2,27,2025-11-20,2022-05-06,53.08,2,6.5,0,41.0,1,57.6
C002233,2025-09-03,Mid-Market,LATAM,Free,Paid Search,72,0.0,119,16.0,2,44.0,0.367,0,0,,2025-12-31,0.0,1,2025-11-10,2025-11-10,0.0,2,11.0,0,51.0,0,61.7
C002234,2022-07-17,Mid-Market,North America,Business,Sales,42,367.79,1263,7.0,1,17.1,0.276,0,0,,2025-12-31,9860.84,27,2025-09-12,2022-07-18,365.22,1,3.0,0,110.0,1,49.7
C002235,2024-04-21,Startup,North America,Pro,Partner,3,138.06,619,20.0,1,7.8,0.368,2,0,,2025-12-31,1423.74,10,2025-12-07,2024-06-09,142.37,2,24.2,0,24.0,1,59.2
C002236,2025-02-04,SMB,Europe,Starter,Partner,15,56.26,330,24.0,1,12.8,0.328,1,0,,2025-12-31,275.0,6,2025-10-08,2025-05-10,45.83,1,11.4,0,84.0,1,64.0
C002237,2022-12-23,SMB,North America,Business,Partner,7,438.26,1104,24.0,0,18.1,0.176,0,0,,2025-12-31,11447.01,25,2025-11-19,2022-12-24,457.88,1,67.4,0,42.0,1,63.5
C002238,2023-01-23,Enterprise,North America,Pro,Sales,261,162.95,1073,16.0,0,2.8,0.506,0,0,,2025-12-31,4277.91,25,2025-12-29,2023-03-11,171.12,1,19.5,0,2.0,1,64.7
C002239,2023-11-12,Mid-Market,Europe,Starter,Paid Search,64,60.4,780,1.0,1,-7.3,0.322,0,0,,2025-12-31,1113.74,18,2025-12-08,2023-12-20,61.87,2,19.0,0,23.0,1,43.3
C002240,2025-06-19,SMB,Europe,Business,Organic,10,438.14,195,20.0,0,47.6,0.226,1,0,,2025-12-31,2107.31,5,2025-12-22,2025-07-16,421.46,1,10.5,0,9.0,1,62.4
C002241,2022-11-16,Mid-Market,Europe,Pro,Paid Search,50,138.02,1141,7.0,1,66.9,0.319,1,0,,2025-12-31,2737.3,22,2025-12-26,2023-01-09,124.42,2,11.6,0,5.0,1,54.0
C002242,2024-08-06,Mid-Market,North America,Pro,Referral,73,142.49,512,5.0,0,48.9,0.494,1,0,,2025-12-31,1642.13,12,2025-12-25,2024-08-17,136.84,0,0.0,0,6.0,1,57.2
C002243,2023-10-10,SMB,Europe,Business,Organic,19,471.72,813,2.0,2,22.9,0.703,0,0,,2025-12-31,8350.22,18,2025-09-03,2023-11-07,463.9,2,12.1,0,119.0,1,57.2
C002244,2022-06-09,Mid-Market,Europe,Pro,Organic,27,180.79,1301,4.0,0,-7.9,0.483,0,0,,2025-12-31,3646.1,21,2025-12-08,2022-06-15,173.62,0,0.0,0,23.0,1,52.3
C002245,2024-10-13,Enterprise,APAC,Enterprise,Organic,440,1243.26,444,13.0,2,39.8,0.535,0,0,,2025-12-31,21742.77,17,2025-12-15,2024-11-20,1278.99,2,13.2,0,16.0,1,63.6
C002246,2025-04-05,Enterprise,APAC,Business,Partner,313,408.08,270,2.5,2,-5.2,0.162,3,1,2025-09-26,2025-12-31,1469.6399999999999,4,2025-09-20,2025-05-16,367.41,3,18.1,0,102.0,0,32.6
C002247,2024-04-03,SMB,Europe,Starter,Partner,19,44.82,637,10.0,2,32.8,0.753,0,0,,2025-12-31,847.02,19,2025-12-08,2024-04-19,44.58,3,19.3,0,23.0,1,66.8
C002248,2022-09-10,SMB,APAC,Pro,Paid Search,23,140.2,1208,14.0,3,15.0,0.546,0,0,,2025-12-31,3172.14,23,2025-12-15,2023-01-27,137.92,3,13.4,0,16.0,1,60.9
C002249,2022-08-11,Startup,APAC,Enterprise,Organic,4,1142.83,1238,14.0,1,-22.0,0.569,0,0,,2025-12-31,29910.35,28,2025-12-03,2022-08-30,1068.23,1,31.2,0,28.0,1,60.9
C002250,2023-08-29,Enterprise,North America,Business,Referral,309,499.52,855,7.2,1,72.0,0.274,0,1,2025-03-16,2025-12-31,7582.53,14,2025-02-20,2023-09-27,541.61,1,33.0,0,314.0,0,55.3
C002251,2023-12-26,Mid-Market,LATAM,Starter,Organic,42,46.92,736,12.0,0,3.6,0.251,0,0,,2025-12-31,326.14,7,2025-12-14,2024-02-17,46.59,0,0.0,0,17.0,1,53.6
C002252,2024-02-29,SMB,APAC,Starter,Referral,4,44.16,671,24.0,1,26.1,0.355,1,0,,2025-12-31,547.05,12,2025-10-22,2024-04-08,45.59,2,24.2,0,70.0,1,66.2
C002253,2022-12-15,Mid-Market,North America,Starter,Organic,34,60.03,1112,2.6,1,31.8,0.189,0,1,2024-09-18,2025-12-31,610.1899999999999,11,2024-08-12,2022-12-21,55.47,1,29.9,0,506.0,0,44.7
C002254,2023-12-18,SMB,North America,Business,Sales,6,365.91,744,0.0,2,23.2,0.321,0,0,,2025-12-31,3981.61,11,2025-11-20,2024-04-25,361.96,2,14.2,0,41.0,1,44.0
C002255,2023-02-26,Startup,Europe,Enterprise,Paid Search,4,1116.37,1039,22.0,1,46.6,0.509,0,0,,2025-12-31,28694.39,27,2025-11-20,2023-04-07,1062.76,1,20.5,0,41.0,1,73.1
C002256,2024-09-08,SMB,Europe,Business,Partner,21,427.14,479,2.0,2,16.5,0.072,0,0,,2025-12-31,5455.46,13,2025-12-25,2024-12-06,419.65,2,27.0,0,6.0,1,37.6
C002257,2025-02-12,SMB,APAC,Starter,Organic,15,48.17,322,21.0,0,44.5,0.325,0,0,,2025-12-31,260.76,5,2025-12-08,2025-07-07,52.15,0,0.0,0,23.0,1,68.0
C002258,2024-07-22,Startup,Europe,Business,Organic,6,404.06,527,9.0,1,43.0,0.148,0,0,,2025-12-31,5424.6900000000005,12,2025-11-30,2024-08-19,452.06,1,2.4,0,31.0,1,50.3
C002259,2022-01-02,Enterprise,North America,Free,Referral,450,0.0,1459,23.0,1,0.6,0.37,3,0,,2025-12-31,207.88,37,2025-10-19,2022-01-03,5.62,1,18.3,0,73.0,0,59.2
C002260,2025-11-19,Startup,North America,Starter,Partner,6,52.05,42,1.6,0,40.9,0.192,1,1,2025-12-19,2025-12-31,0.0,0,,,0.0,0,0.0,0,,0,44.3
C002261,2022-02-03,SMB,APAC,Starter,Referral,6,43.57,1427,4.0,1,8.7,0.798,0,0,,2025-12-31,1114.07,26,2025-09-22,2022-02-18,42.85,1,46.0,0,100.0,1,61.9
C002262,2025-11-30,SMB,North America,Pro,Partner,19,172.66,31,11.0,3,5.9,0.033,0,0,,2025-12-31,125.34,1,2025-12-10,2025-12-10,125.34,3,13.6,0,21.0,1,41.9
C002263,2022-02-15,Startup,APAC,Pro,Partner,3,146.51,1415,11.0,4,42.3,0.497,0,0,,2025-12-31,4452.8,31,2025-12-28,2022-03-31,143.64,4,9.6,2,3.0,1,58.0
C002264,2024-01-09,SMB,North America,Starter,Referral,16,59.48,722,20.0,0,24.8,0.509,1,0,,2025-12-31,1224.83,19,2025-12-21,2024-02-28,64.46,0,0.0,0,10.0,1,68.6
C002265,2022-06-01,SMB,Europe,Starter,Paid Search,6,56.34,1309,18.0,1,44.3,0.332,1,0,,2025-12-31,1739.63,30,2025-10-19,2022-06-11,57.99,2,7.3,1,73.0,1,62.0
C002266,2022-05-17,Mid-Market,Europe,Business,Sales,32,365.14,1324,27.0,1,44.5,0.339,0,0,,2025-12-31,8761.1,25,2025-09-11,2022-05-30,350.44,2,58.4,0,111.0,1,72.2
C002267,2024-09-04,SMB,North America,Free,Paid Search,18,0.0,483,18.0,3,-0.7,0.57,0,0,,2025-12-31,45.839999999999996,6,2025-11-01,2024-09-06,7.64,3,13.2,0,60.0,0,63.6
C002268,2024-11-06,SMB,Europe,Pro,Paid Search,23,144.28,420,5.0,0,53.5,0.504,0,0,,2025-12-31,697.36,5,2025-10-07,2025-01-09,139.47,1,4.9,0,85.0,1,59.9
C002269,2022-06-19,Mid-Market,APAC,Starter,Referral,57,45.03,1291,1.3,0,42.1,0.106,1,1,2025-04-25,2025-12-31,757.72,17,2025-04-08,2022-07-13,44.57,1,8.8,0,267.0,0,41.6
C002270,2025-10-28,SMB,North America,Starter,Organic,12,44.48,64,7.0,1,20.3,0.386,0,0,,2025-12-31,59.760000000000005,2,2025-11-16,2025-11-09,29.88,1,6.0,0,45.0,1,53.4
C002271,2023-04-04,SMB,North America,Starter,Organic,14,57.23,1002,27.0,1,31.6,0.653,0,0,,2025-12-31,893.52,16,2025-12-28,2023-04-05,55.84,3,12.8,0,3.0,1,80.4
C002272,2023-04-01,Mid-Market,APAC,Pro,Organic,30,152.16,1005,10.7,3,54.2,0.526,2,1,2023-12-17,2025-12-31,240.10999999999999,2,2023-11-07,2023-05-18,120.06,3,11.9,0,785.0,0,57.3
C002273,2023-03-01,Enterprise,APAC,Pro,Paid Search,119,154.93,1036,20.0,2,27.0,0.274,0,0,,2025-12-31,3403.95,22,2025-11-24,2023-08-25,154.72,2,36.9,1,37.0,1,60.8
C002274,2023-10-22,SMB,Europe,Starter,Partner,17,56.55,801,7.0,2,87.9,0.48,0,0,,2025-12-31,1122.48,21,2025-10-26,2023-11-08,53.45,4,11.0,0,66.0,1,61.4
C002275,2022-09-12,Enterprise,APAC,Business,Organic,314,510.7,1206,13.0,1,72.3,0.379,0,0,,2025-12-31,12946.26,27,2025-12-10,2022-10-03,479.49,1,5.9,0,21.0,1,63.7
C002276,2023-08-31,Enterprise,North America,Free,Organic,254,0.0,853,19.0,2,37.9,0.107,0,0,,2025-12-31,152.34,18,2025-12-05,2023-12-27,8.46,2,27.0,0,26.0,0,56.0
C002277,2022-10-28,SMB,North America,Business,Paid Search,8,474.36,1160,26.0,1,29.3,0.417,1,0,,2025-12-31,11590.99,23,2025-12-31,2022-12-05,503.96,1,69.7,0,0.0,1,70.2
C002278,2022-03-15,Enterprise,Europe,Starter,Organic,258,47.72,1387,16.0,1,30.4,0.252,0,0,,2025-12-31,1453.2,29,2025-12-23,2022-03-28,50.11,1,41.2,0,8.0,1,58.4
C002279,2023-06-12,Mid-Market,APAC,Enterprise,Organic,69,1266.17,933,0.0,0,20.0,0.719,1,0,,2025-12-31,26174.24,19,2025-12-09,2023-06-30,1377.59,0,0.0,0,22.0,1,56.6
C002280,2024-08-19,SMB,APAC,Free,Organic,10,0.0,499,23.0,1,38.1,0.605,0,0,,2025-12-31,71.86,14,2025-12-03,2024-09-26,5.13,3,20.0,0,28.0,0,76.0
C002281,2024-12-27,Mid-Market,North America,Pro,Referral,27,164.55,369,26.0,0,52.2,0.286,0,0,,2025-12-31,1729.17,12,2025-12-26,2025-02-02,144.1,0,0.0,0,5.0,1,72.0
C002282,2023-05-21,Startup,Europe,Pro,Referral,3,174.66,955,0.0,0,1.3,0.104,1,0,,2025-12-31,4827.84,28,2025-12-09,2023-05-25,172.42,1,4.3,0,22.0,1,36.2
C002283,2023-04-08,Startup,Europe,Pro,Organic,6,176.45,998,10.0,0,51.1,0.35,0,0,,2025-12-31,2876.87,18,2025-07-01,2023-04-13,159.83,0,0.0,0,183.0,1,59.5
C002284,2025-01-31,SMB,North America,Business,Organic,5,433.7,334,27.0,2,58.3,0.321,0,0,,2025-12-31,4665.54,11,2025-12-21,2025-02-12,424.14,3,19.4,0,10.0,1,71.6
C002285,2024-09-01,Startup,Europe,Free,Organic,2,0.0,486,26.0,2,49.3,0.081,0,0,,2025-12-31,36.47,9,2025-12-15,2024-09-11,4.05,3,30.3,0,16.0,0,62.6
C002286,2025-04-04,Startup,Europe,Starter,Paid Search,7,56.75,271,15.7,0,31.8,0.409,0,1,2025-12-04,2025-12-31,216.5,4,2025-10-23,2025-07-14,54.12,0,0.0,0,69.0,0,64.5
C002287,2025-07-19,Mid-Market,North America,Business,Paid Search,31,419.1,165,27.0,0,48.3,0.621,0,0,,2025-12-31,448.05,1,2025-09-28,2025-09-28,448.05,1,2.4,1,94.0,1,82.6
C002288,2025-03-20,SMB,North America,Business,Sales,19,429.63,286,0.0,2,67.5,0.419,0,0,,2025-12-31,1880.28,5,2025-11-17,2025-06-02,376.06,4,7.4,0,44.0,1,51.3
C002289,2025-09-01,Mid-Market,North America,Pro,Referral,17,175.35,121,2.4,0,33.5,0.724,1,1,2025-12-11,2025-12-31,829.79,4,2025-11-13,2025-09-04,207.45,0,0.0,0,48.0,0,60.2
C002290,2023-08-19,SMB,LATAM,Pro,Paid Search,10,151.08,865,13.0,0,35.6,0.632,0,0,,2025-12-31,3087.64,20,2025-12-31,2023-10-10,154.38,1,9.0,0,0.0,1,69.1
C002291,2023-07-19,SMB,North America,Business,Organic,6,399.03,896,16.0,1,88.3,0.623,1,0,,2025-12-31,9805.7,25,2025-12-26,2023-08-02,392.23,1,32.2,0,5.0,1,73.3
C002292,2023-04-05,Enterprise,North America,Business,Partner,52,473.76,1001,11.0,2,42.7,0.389,0,0,,2025-12-31,8813.98,17,2025-12-11,2023-05-06,518.47,2,7.8,0,20.0,1,57.8
C002293,2022-12-03,Mid-Market,North America,Business,Sales,65,480.83,1124,7.0,0,9.8,0.707,0,0,,2025-12-31,10801.66,22,2025-09-13,2022-12-13,490.98,0,0.0,0,109.0,1,63.4
C002294,2024-12-06,Startup,North America,Business,Organic,7,448.09,390,7.0,1,56.8,0.46,0,0,,2025-12-31,2478.68,5,2025-09-17,2024-12-15,495.74,2,8.6,0,105.0,1,59.2
C002295,2024-10-18,Mid-Market,North America,Starter,Referral,78,52.77,439,16.0,2,45.0,0.24,1,0,,2025-12-31,653.9300000000001,12,2025-11-12,2024-10-18,54.49,2,7.0,0,49.0,1,56.0
C002296,2025-02-19,Mid-Market,Europe,Pro,Organic,49,156.42,315,27.0,0,18.6,0.256,0,0,,2025-12-31,1012.59,6,2025-11-09,2025-02-21,168.76,0,0.0,0,52.0,1,68.6
C002297,2022-08-28,Mid-Market,North America,Pro,Referral,26,140.62,1221,7.0,3,7.4,0.07,1,1,2023-03-15,2025-12-31,558.78,4,2023-03-09,2022-08-29,139.7,6,16.6,0,1028.0,0,37.6
C002298,2023-12-04,SMB,North America,Free,Organic,11,0.0,758,4.0,2,41.0,0.557,0,0,,2025-12-31,93.80000000000001,13,2025-10-15,2023-12-14,7.22,3,8.2,0,77.0,0,56.4
C002299,2022-11-14,Startup,North America,Business,Partner,2,375.01,1143,4.0,0,33.5,0.576,0,0,,2025-12-31,7751.62,21,2025-12-26,2022-11-26,369.12,0,0.0,0,5.0,1,59.2
C002300,2025-07-01,SMB,Europe,Pro,Organic,18,142.91,183,7.0,5,3.9,0.659,0,0,,2025-12-31,1035.6399999999999,8,2025-10-28,2025-07-03,129.45,6,29.5,0,64.0,1,53.9
C002301,2023-01-18,SMB,North America,Free,Paid Search,11,0.0,1078,7.7,1,32.8,0.454,2,1,2024-05-17,2025-12-31,24.28,8,2024-04-23,2023-02-01,3.04,2,14.2,1,617.0,0,53.3
C002302,2022-07-25,Mid-Market,Europe,Pro,Partner,70,169.47,1255,0.0,0,31.2,0.287,0,0,,2025-12-31,6336.35,35,2025-11-26,2022-09-13,181.04,1,4.2,0,35.0,1,46.7
C002303,2024-03-25,Enterprise,APAC,Starter,Partner,198,47.17,646,19.0,0,33.4,0.469,1,0,,2025-12-31,943.1800000000001,21,2025-09-20,2024-03-29,44.91,0,0.0,0,102.0,1,67.4
C002304,2025-06-11,SMB,APAC,Free,Partner,18,0.0,203,16.0,0,47.3,0.487,1,0,,2025-12-31,0.0,2,2025-07-31,2025-06-21,0.0,0,0.0,0,153.0,0,66.6
C002305,2025-08-02,Startup,North America,Pro,Organic,4,147.3,151,18.0,0,-9.0,0.204,0,0,,2025-12-31,514.9,4,2025-12-17,2025-08-12,128.72,1,8.1,0,14.0,1,56.3
C002306,2022-05-18,SMB,APAC,Business,Referral,15,413.41,1323,5.8,6,7.2,0.347,0,1,2023-05-14,2025-12-31,2925.1800000000003,7,2023-04-19,2022-05-23,417.88,6,20.4,0,987.0,0,42.3
C002307,2023-04-12,SMB,APAC,Pro,Organic,23,175.11,994,16.0,0,22.8,0.467,0,0,,2025-12-31,3179.73,18,2025-12-21,2023-04-29,176.65,0,0.0,0,10.0,1,65.6
C002308,2022-08-08,SMB,North America,Free,Partner,21,0.0,1241,11.5,2,68.2,0.854,2,1,2025-07-05,2025-12-31,117.75,28,2025-06-24,2022-09-19,4.21,2,10.8,0,190.0,0,70.7
C002309,2023-03-17,SMB,Europe,Pro,Organic,7,142.34,1020,13.0,1,94.2,0.459,0,0,,2025-12-31,4150.06,27,2025-06-30,2023-04-02,153.71,1,16.3,0,184.0,1,68.3
C002310,2024-02-03,SMB,APAC,Free,Paid Search,19,0.0,697,3.9,0,35.1,0.339,1,1,2024-06-05,2025-12-31,38.03,6,2024-06-04,2024-02-04,6.34,1,16.2,0,575.0,0,50.2
C002311,2023-02-06,SMB,North America,Enterprise,Paid Search,9,1206.31,1059,10.0,2,36.1,0.679,0,0,,2025-12-31,27942.54,23,2025-12-21,2023-02-09,1214.89,4,9.0,1,10.0,1,64.9
C002312,2022-04-07,SMB,North America,Starter,Sales,15,47.43,1364,1.0,1,-26.1,0.912,0,0,,2025-12-31,961.9,22,2025-12-18,2022-07-04,43.72,1,13.9,0,13.0,1,59.1
C002313,2023-12-31,SMB,Europe,Business,Partner,17,432.56,731,0.0,2,57.6,0.623,0,0,,2025-12-31,10308.84,23,2025-12-15,2024-01-14,448.21,4,19.0,0,16.0,1,56.4
C002314,2022-03-17,Startup,North America,Free,Organic,6,0.0,1385,20.0,5,46.2,0.432,0,0,,2025-12-31,165.24,31,2025-12-21,2022-04-09,5.33,6,21.7,1,10.0,0,62.9
C002315,2022-11-21,SMB,LATAM,Free,Referral,11,0.0,1136,17.0,2,42.1,0.688,0,0,,2025-12-31,110.27,17,2025-11-20,2023-03-05,6.49,2,32.5,0,41.0,0,72.0
C002316,2022-01-01,Enterprise,North America,Pro,Organic,294,167.22,1460,11.0,0,3.8,0.559,1,0,,2025-12-31,6014.43,35,2025-12-20,2022-04-13,171.84,0,0.0,0,11.0,1,60.0
C002317,2022-05-05,Mid-Market,North America,Business,Organic,70,381.55,1336,20.0,0,84.5,0.21,0,0,,2025-12-31,7903.1,22,2025-12-13,2022-06-04,359.23,0,0.0,0,18.0,1,67.6
C002318,2023-09-16,SMB,North America,Enterprise,Paid Search,11,1126.1,837,13.0,0,73.0,0.289,0,0,,2025-12-31,18211.87,14,2025-12-29,2023-09-16,1300.85,1,19.5,0,2.0,1,62.6
C002319,2025-05-01,SMB,North America,Pro,Referral,12,147.89,244,7.0,1,42.4,0.437,0,0,,2025-12-31,777.98,6,2025-11-18,2025-05-11,129.66,1,16.8,0,43.0,1,57.1
C002320,2025-01-12,SMB,APAC,Starter,Sales,14,57.25,353,16.0,1,59.8,0.164,0,0,,2025-12-31,455.98,7,2025-12-28,2025-02-24,65.14,2,9.7,0,3.0,1,58.7
C002321,2022-05-22,SMB,APAC,Free,Sales,5,0.0,1319,10.0,0,36.3,0.35,0,0,,2025-12-31,129.68,22,2025-12-29,2022-10-21,5.89,0,0.0,0,2.0,0,58.1
C002322,2022-02-19,Mid-Market,LATAM,Pro,Organic,48,183.55,1411,27.0,2,55.5,0.467,0,0,,2025-12-31,4113.29,22,2025-12-31,2022-03-28,186.97,3,13.2,0,0.0,1,75.7
C002323,2023-04-29,SMB,Europe,Starter,Organic,23,52.21,977,20.0,1,2.3,0.497,0,0,,2025-12-31,946.43,19,2025-10-02,2023-04-29,49.81,2,17.0,0,90.0,1,66.5
C002324,2024-07-21,SMB,Europe,Enterprise,Referral,7,1279.95,528,20.0,1,-21.8,0.312,0,0,,2025-12-31,7019.62,6,2025-09-15,2024-11-22,1169.94,1,30.2,0,107.0,1,58.5
C002325,2024-12-03,SMB,North America,Pro,Organic,18,149.08,393,11.2,1,3.3,0.162,0,1,2025-03-16,2025-12-31,634.12,4,2025-02-09,2024-12-08,158.53,1,130.3,0,325.0,0,48.7
C002326,2025-03-23,SMB,North America,Business,Partner,18,423.93,283,19.0,0,14.8,0.646,1,0,,2025-12-31,1394.1499999999999,3,2025-10-16,2025-05-16,464.72,0,0.0,0,76.0,1,70.8
C002327,2023-05-05,Mid-Market,LATAM,Business,Sales,69,461.94,971,5.3,2,18.9,0.496,2,1,2025-12-23,2025-12-31,8345.29,19,2025-07-27,2023-05-26,439.23,3,38.1,0,157.0,0,49.5
C002328,2022-08-29,SMB,Europe,Free,Organic,9,0.0,1220,12.0,2,46.2,0.261,0,0,,2025-12-31,116.81,26,2025-11-14,2022-10-20,4.49,3,29.9,0,47.0,0,55.2
C002329,2022-02-07,SMB,Europe,Starter,Paid Search,12,57.5,1423,23.0,1,28.6,0.453,0,0,,2025-12-31,1698.38,29,2025-12-28,2022-02-18,58.56,1,11.4,0,3.0,1,70.5
C002330,2022-07-30,Startup,Europe,Business,Referral,4,425.81,1250,0.0,2,34.3,0.346,0,0,,2025-12-31,9057.18,23,2025-12-15,2022-09-29,393.79,3,20.0,0,16.0,1,45.8
C002331,2022-04-04,SMB,APAC,Starter,Partner,12,48.62,1367,18.0,0,5.4,0.198,0,0,,2025-12-31,1092.0,21,2025-11-01,2022-05-04,52.0,2,11.2,0,60.0,1,57.6
C002332,2025-05-15,Mid-Market,North America,Pro,Sales,25,150.27,230,15.0,0,3.2,0.395,0,0,,2025-12-31,1439.67,9,2025-11-29,2025-05-17,159.96,0,0.0,0,32.0,1,60.6
C002333,2023-01-19,SMB,APAC,Business,Partner,12,481.3,1077,0.0,1,36.0,0.779,0,0,,2025-12-31,12738.01,27,2025-12-03,2023-01-27,471.78,1,14.3,0,28.0,1,60.5
C002334,2025-03-23,SMB,APAC,Starter,Paid Search,7,47.95,283,18.0,1,21.4,0.342,0,0,,2025-12-31,130.52,3,2025-12-29,2025-08-08,43.51,2,6.8,0,2.0,1,62.0
C002335,2024-03-02,Mid-Market,APAC,Business,Referral,15,428.57,669,0.0,1,35.1,0.405,0,0,,2025-12-31,3791.93,9,2025-12-04,2024-05-07,421.33,1,7.3,0,27.0,1,49.2
C002336,2024-02-10,Startup,North America,Starter,Referral,5,48.62,690,19.0,1,48.6,0.125,1,0,,2025-12-31,933.37,20,2025-12-02,2024-02-20,46.67,1,4.8,0,29.0,1,57.1
C002337,2023-10-13,Enterprise,North America,Pro,Sales,140,166.4,810,14.0,2,76.0,0.31,0,0,,2025-12-31,2548.73,15,2025-09-14,2023-11-25,169.92,2,16.2,0,108.0,1,61.4
C002338,2025-03-17,Enterprise,Europe,Starter,Paid Search,383,53.57,289,11.5,2,34.5,0.532,2,1,2025-10-12,2025-12-31,299.01,5,2025-08-21,2025-04-04,59.8,2,20.8,0,132.0,0,57.7
C002339,2022-03-04,Mid-Market,APAC,Pro,Paid Search,35,159.11,1398,17.0,3,80.3,0.15,1,0,,2025-12-31,5413.44,33,2025-08-06,2022-03-21,164.04,3,20.3,1,147.0,1,56.2
C002340,2022-05-13,Mid-Market,LATAM,Free,Paid Search,34,0.0,1328,8.0,0,45.2,0.527,0,0,,2025-12-31,93.58,34,2025-12-17,2022-06-28,2.75,0,0.0,0,14.0,0,62.5
C002341,2023-08-29,Startup,Europe,Free,Organic,6,0.0,855,17.0,3,52.2,0.074,1,0,,2025-12-31,86.14,16,2025-11-15,2023-10-22,5.38,3,13.6,0,46.0,0,51.1
C002342,2023-07-19,SMB,North America,Starter,Sales,23,57.64,896,6.0,1,61.3,0.529,0,0,,2025-12-31,891.01,17,2025-12-22,2023-08-18,52.41,3,28.5,0,9.0,1,60.9
C002343,2024-02-20,Mid-Market,North America,Starter,Sales,45,58.28,680,21.0,1,53.0,0.228,1,0,,2025-12-31,1079.3,21,2025-12-07,2024-03-20,51.4,1,9.3,0,24.0,1,62.4
C002344,2024-11-21,SMB,Europe,Pro,Paid Search,17,180.24,405,2.0,2,15.0,0.898,0,0,,2025-12-31,1357.21,7,2025-12-02,2025-01-25,193.89,2,10.0,0,29.0,1,62.2
C002345,2024-04-20,Mid-Market,North America,Free,Sales,49,0.0,620,1.0,1,62.1,0.158,0,1,2025-05-10,2025-12-31,47.33,10,2025-04-08,2024-05-12,4.73,1,30.3,0,267.0,0,45.3
C002346,2023-01-04,Mid-Market,Europe,Starter,Paid Search,46,49.64,1092,19.0,2,25.6,0.225,0,0,,2025-12-31,1152.04,23,2025-12-20,2023-02-14,50.09,2,6.7,0,11.0,1,58.3
C002347,2023-04-14,Mid-Market,APAC,Starter,Referral,62,59.04,992,1.0,1,42.5,0.525,0,0,,2025-12-31,1220.1399999999999,20,2025-11-01,2023-06-15,61.01,2,31.2,0,60.0,1,54.4
C002348,2024-12-11,SMB,North America,Starter,Partner,23,59.11,385,27.0,0,38.3,0.56,0,0,,2025-12-31,718.23,12,2025-11-06,2024-12-21,59.85,0,0.0,0,55.0,1,79.7
C002349,2022-10-16,Mid-Market,North America,Starter,Referral,46,49.5,1172,0.0,1,63.6,0.436,0,0,,2025-12-31,1102.39,22,2025-12-25,2023-04-20,50.11,1,12.2,0,6.0,1,52.9
C002350,2023-12-22,SMB,North America,Free,Referral,9,0.0,740,14.0,4,44.8,0.111,1,0,,2025-12-31,96.59,15,2025-12-25,2024-01-07,6.44,5,8.9,0,6.0,0,47.3
C002351,2024-02-10,Mid-Market,North America,Pro,Partner,21,158.49,690,27.0,1,0.3,0.502,0,0,,2025-12-31,2427.77,16,2025-09-16,2024-02-14,151.74,1,3.5,0,106.0,1,72.7
C002352,2024-12-08,SMB,APAC,Business,Referral,17,413.56,388,18.0,1,87.3,0.198,1,0,,2025-12-31,1243.24,4,2025-06-10,2025-01-13,310.81,1,6.4,0,204.0,1,62.2
C002353,2024-10-18,Startup,North America,Pro,Paid Search,2,156.11,439,17.0,2,55.9,0.38,2,0,,2025-12-31,777.31,5,2025-09-09,2025-01-24,155.46,2,35.1,1,113.0,1,60.2
C002354,2023-10-27,Mid-Market,North America,Starter,Referral,64,59.51,796,19.0,2,21.2,0.538,0,0,,2025-12-31,866.63,14,2025-12-09,2023-11-09,61.9,2,33.0,0,22.0,1,67.2
C002355,2023-03-19,Enterprise,North America,Business,Organic,317,500.42,1018,19.0,3,6.6,0.351,0,0,,2025-12-31,8984.58,18,2025-12-02,2023-04-30,499.14,3,8.9,0,29.0,1,58.7
C002356,2023-06-11,Startup,North America,Pro,Organic,4,135.49,934,4.0,0,58.7,0.3,2,0,,2025-12-31,2611.99,18,2025-09-27,2023-11-09,145.11,1,9.5,0,95.0,1,49.4
C002357,2023-08-12,SMB,Europe,Pro,Referral,23,168.77,872,8.0,0,9.5,0.484,1,0,,2025-12-31,3520.09,21,2025-10-12,2023-08-20,167.62,0,0.0,0,80.0,1,55.6
C002358,2022-11-10,SMB,Europe,Starter,Referral,12,45.77,1147,5.0,2,55.0,0.536,0,0,,2025-12-31,936.3199999999999,21,2025-06-04,2022-11-28,44.59,2,12.7,0,210.0,1,58.0
C002359,2024-06-13,Enterprise,Europe,Starter,Sales,198,51.36,566,5.0,0,61.7,0.864,0,0,,2025-12-31,674.38,14,2025-12-05,2024-06-21,48.17,1,21.2,0,26.0,1,71.6
C002360,2022-10-25,Mid-Market,Europe,Pro,Organic,55,156.05,1163,5.0,1,18.8,0.691,0,0,,2025-12-31,3620.75,23,2025-10-29,2023-03-02,157.42,2,6.2,0,63.0,1,60.6
C002361,2024-07-16,SMB,North America,Starter,Organic,20,58.36,533,17.0,1,16.5,0.466,0,0,,2025-12-31,555.82,10,2025-10-12,2024-08-10,55.58,1,14.8,0,80.0,1,64.3
C002362,2024-12-10,Startup,Europe,Pro,Paid Search,5,148.0,386,26.0,2,23.2,0.666,0,0,,2025-12-31,462.62,3,2025-12-14,2025-03-03,154.21,3,22.6,0,17.0,1,77.5
C002363,2025-10-07,Mid-Market,North America,Starter,Referral,46,54.38,85,15.0,1,10.3,0.352,0,0,,2025-12-31,43.03,1,2025-10-28,2025-10-28,43.03,2,7.6,0,64.0,1,58.5
C002364,2022-06-20,SMB,LATAM,Starter,Sales,9,53.32,1290,0.0,2,40.7,0.124,0,0,,2025-12-31,1139.61,22,2025-08-14,2022-07-23,51.8,2,12.0,0,139.0,1,39.8
C002365,2024-12-22,SMB,North America,Starter,Referral,14,49.49,374,19.0,2,44.3,0.785,2,0,,2025-12-31,553.94,11,2025-12-24,2025-02-02,50.36,3,18.8,0,7.0,1,72.9
C002366,2022-05-03,Enterprise,Europe,Free,Paid Search,295,0.0,1338,15.0,2,53.2,0.322,0,0,,2025-12-31,145.58,20,2025-05-31,2022-05-16,7.28,2,22.2,0,214.0,0,60.4
C002367,2023-04-28,Mid-Market,North America,Starter,Referral,38,53.02,978,12.4,1,14.2,0.538,1,1,2023-08-23,2025-12-31,99.86,2,2023-07-22,2023-06-17,49.93,2,9.2,0,893.0,0,60.1
C002368,2022-09-10,Mid-Market,APAC,Free,Organic,55,0.0,1208,10.0,1,56.0,0.271,0,0,,2025-12-31,73.9,21,2025-11-06,2022-09-26,3.52,2,18.4,0,55.0,0,56.2
C002369,2022-08-21,SMB,North America,Pro,Sales,9,153.82,1228,12.0,2,10.3,0.386,0,0,,2025-12-31,4058.58,28,2025-11-19,2022-08-24,144.95,2,9.0,0,42.0,1,55.3
C002370,2022-09-08,SMB,LATAM,Starter,Partner,18,47.27,1210,18.0,1,56.0,0.372,1,0,,2025-12-31,614.71,14,2025-12-28,2022-10-26,43.91,3,10.5,0,3.0,1,64.3
C002371,2022-03-04,SMB,North America,Pro,Paid Search,20,135.97,1398,19.0,1,-2.2,0.469,0,0,,2025-12-31,2699.28,19,2025-11-13,2022-09-08,142.07,1,70.8,0,48.0,1,64.3
C002372,2025-03-23,Mid-Market,APAC,Enterprise,Partner,79,1252.27,283,6.0,1,74.2,0.683,1,0,,2025-12-31,7580.139999999999,6,2025-12-01,2025-05-01,1263.36,1,19.1,0,30.0,1,64.8
C002373,2022-03-29,SMB,Europe,Business,Referral,6,466.38,1373,16.0,1,22.0,0.42,1,0,,2025-12-31,13040.369999999999,31,2025-12-13,2022-05-05,420.66,1,11.5,0,18.0,1,60.6
C002374,2023-07-24,SMB,North America,Pro,Organic,4,148.26,891,26.0,1,50.0,0.193,2,0,,2025-12-31,3695.74,26,2025-11-15,2023-08-12,142.14,1,6.3,0,46.0,1,63.5
C002375,2024-09-26,SMB,North America,Starter,Organic,23,58.15,461,1.0,2,52.0,0.889,1,0,,2025-12-31,174.6,3,2025-12-15,2024-10-19,58.2,3,20.6,0,16.0,1,62.8
C002376,2025-11-17,SMB,North America,Pro,Referral,7,135.7,44,9.0,0,3.3,0.707,0,0,,2025-12-31,110.79,1,2025-12-03,2025-12-03,110.79,1,43.6,0,28.0,1,64.6
C002377,2025-05-05,Mid-Market,APAC,Enterprise,Sales,40,1277.96,240,7.3,0,55.9,0.606,0,1,2025-12-12,2025-12-31,2896.8900000000003,2,2025-09-13,2025-05-30,1448.45,0,0.0,0,109.0,0,65.3
C002378,2022-07-16,SMB,APAC,Pro,Partner,12,146.98,1264,25.0,0,21.2,0.686,1,0,,2025-12-31,4786.86,29,2025-04-29,2022-08-21,165.06,1,2.7,0,246.0,1,78.0
C002379,2025-11-13,Mid-Market,North America,Free,Organic,78,0.0,48,27.0,1,27.3,0.631,1,0,,2025-12-31,0.0,1,2025-12-31,2025-12-31,0.0,1,3.4,0,0.0,0,77.3
C002380,2024-07-23,Mid-Market,North America,Business,Partner,15,446.23,526,16.0,0,18.2,0.325,0,0,,2025-12-31,4980.01,12,2025-12-28,2024-08-16,415.0,0,0.0,0,3.0,1,60.9
C002381,2022-09-14,Mid-Market,North America,Free,Organic,78,0.0,1204,15.0,0,75.3,0.343,0,0,,2025-12-31,177.98,27,2025-08-28,2022-09-15,6.59,0,0.0,0,125.0,0,66.2
C002382,2023-10-04,SMB,North America,Business,Paid Search,13,374.47,819,11.0,2,5.8,0.213,1,0,,2025-12-31,8151.18,21,2025-12-11,2023-10-09,388.15,2,14.0,0,20.0,1,46.8
C002383,2025-08-05,SMB,Europe,Free,Organic,4,0.0,148,12.0,1,45.8,0.357,2,0,,2025-12-31,0.0,4,2025-12-19,2025-08-28,0.0,2,22.8,0,12.0,0,55.5
C002384,2023-07-16,Mid-Market,North America,Free,Paid Search,74,0.0,899,20.0,1,19.4,0.388,0,0,,2025-12-31,69.72,15,2025-12-09,2023-10-20,4.65,1,3.2,0,22.0,0,64.9
C002385,2022-09-20,Startup,North America,Business,Paid Search,3,436.75,1198,15.0,1,62.3,0.245,0,0,,2025-12-31,11286.29,28,2025-11-28,2022-11-27,403.08,3,10.9,0,33.0,1,60.5
C002386,2025-06-05,Startup,APAC,Pro,Organic,3,151.73,209,15.0,3,93.0,0.894,0,0,,2025-12-31,116.42,1,2025-06-19,2025-06-19,116.42,3,17.6,0,195.0,1,80.0
C002387,2025-09-24,Enterprise,APAC,Pro,Paid Search,303,190.28,98,23.0,1,19.2,0.357,0,0,,2025-12-31,817.02,4,2025-12-15,2025-10-16,204.26,3,13.7,2,16.0,1,66.7
C002388,2025-10-27,SMB,APAC,Business,Partner,19,388.42,65,3.0,2,38.5,0.342,0,0,,2025-12-31,283.77,1,2025-12-01,2025-12-01,283.77,2,24.0,1,30.0,1,48.8
C002389,2025-09-28,Mid-Market,North America,Business,Organic,66,486.03,94,26.0,0,25.4,0.437,1,0,,2025-12-31,1254.71,2,2025-11-24,2025-11-03,627.36,0,0.0,0,37.0,1,71.9
C002390,2025-06-02,Startup,LATAM,Pro,Organic,5,169.31,212,19.0,1,61.0,0.222,1,0,,2025-12-31,598.65,4,2025-09-26,2025-07-01,149.66,1,12.0,0,96.0,1,61.2
C002391,2023-10-12,Mid-Market,Europe,Enterprise,Paid Search,44,1398.02,811,16.0,2,28.8,0.546,1,0,,2025-12-31,25751.84,19,2025-12-26,2023-10-15,1355.36,3,25.4,0,5.0,1,63.5
C002392,2022-10-02,Mid-Market,Europe,Starter,Referral,72,56.33,1186,9.2,1,57.6,0.422,1,1,2023-05-15,2025-12-31,36.01,1,2022-12-19,2022-12-19,36.01,1,12.8,0,1108.0,0,58.1
C002393,2024-06-01,SMB,North America,Starter,Referral,14,44.23,578,16.0,2,25.1,0.269,0,0,,2025-12-31,284.56,6,2025-08-31,2024-06-09,47.43,4,12.1,0,122.0,1,56.9
C002394,2022-11-12,Mid-Market,APAC,Business,Paid Search,22,458.37,1145,15.0,2,91.1,0.44,1,0,,2025-12-31,13532.55,28,2025-12-27,2022-12-01,483.31,3,14.3,0,4.0,1,65.7
C002395,2023-11-08,SMB,Europe,Starter,Referral,5,46.31,784,9.0,0,-19.8,0.108,0,0,,2025-12-31,733.92,16,2025-10-17,2023-11-25,45.87,1,8.2,0,75.0,1,44.3
C002396,2024-07-27,SMB,APAC,Business,Referral,19,397.56,522,20.0,0,44.4,0.606,3,0,,2025-12-31,5183.65,12,2025-11-25,2024-08-14,431.97,0,0.0,0,36.0,1,69.5
C002397,2025-09-15,Mid-Market,Europe,Free,Partner,70,0.0,107,3.7,0,34.7,0.731,2,1,2025-12-22,2025-12-31,10.4,2,2025-11-14,2025-10-29,5.2,0,0.0,0,47.0,0,59.7
C002398,2023-02-18,SMB,APAC,Free,Paid Search,14,0.0,1047,8.5,2,33.8,0.58,0,1,2024-10-03,2025-12-31,93.33,19,2024-09-12,2023-03-13,4.91,2,11.8,0,475.0,0,60.4
C002399,2022-12-27,Startup,APAC,Free,Organic,6,0.0,1100,14.0,1,42.1,0.301,0,0,,2025-12-31,124.66999999999999,31,2025-09-14,2023-03-03,4.02,1,19.7,0,108.0,0,59.2
C002400,2024-11-16,SMB,LATAM,Pro,Organic,23,175.26,410,10.0,0,36.5,0.438,0,0,,2025-12-31,2718.62,14,2025-11-30,2024-12-29,194.19,1,18.3,0,31.0,1,60.7
C002401,2022-01-10,SMB,North America,Business,Paid Search,21,446.53,1451,22.0,2,40.5,0.357,0,0,,2025-12-31,12421.29,29,2025-10-12,2022-01-25,428.32,2,6.4,1,80.0,1,66.4
C002402,2024-03-20,Mid-Market,North America,Starter,Paid Search,18,54.13,651,8.0,4,45.2,0.181,0,0,,2025-12-31,567.73,10,2025-11-27,2024-05-25,56.77,5,15.9,0,34.0,1,46.1
C002403,2024-12-02,Mid-Market,APAC,Free,Sales,59,0.0,394,18.0,2,78.7,0.813,1,0,,2025-12-31,16.39,7,2025-12-28,2025-01-03,2.34,2,18.8,1,3.0,0,78.3
C002404,2024-02-27,Startup,Europe,Starter,Organic,3,47.59,673,7.0,0,-34.1,0.787,1,0,,2025-12-31,339.53,6,2025-12-17,2024-09-24,56.59,1,4.7,0,14.0,1,59.4
C002405,2023-07-04,SMB,Europe,Starter,Paid Search,19,52.76,911,5.0,2,81.2,0.641,1,0,,2025-12-31,694.83,12,2025-09-06,2023-08-26,57.9,2,6.7,0,116.0,1,61.8
C002406,2025-03-30,SMB,APAC,Pro,Sales,13,163.6,276,16.0,2,99.0,0.478,0,0,,2025-12-31,105.73,1,2025-09-04,2025-09-04,105.73,2,29.3,1,118.0,1,70.5
C002407,2023-06-15,Startup,Europe,Pro,Partner,1,153.94,930,27.0,0,-8.8,0.662,0,0,,2025-12-31,2436.21,16,2025-12-19,2023-07-30,152.26,1,6.3,0,12.0,1,78.1
C002408,2024-10-13,Mid-Market,APAC,Free,Organic,48,0.0,444,2.8,2,36.2,0.163,0,1,2025-11-15,2025-12-31,79.78,7,2025-08-13,2024-10-17,11.4,2,10.4,0,140.0,0,43.0
C002409,2023-10-26,SMB,North America,Starter,Sales,18,45.06,797,3.0,1,69.3,0.404,0,0,,2025-12-31,792.67,19,2025-12-23,2023-12-20,41.72,3,29.7,1,8.0,1,55.2
C002410,2022-02-08,Mid-Market,APAC,Pro,Paid Search,44,158.21,1422,3.0,0,58.0,0.351,0,0,,2025-12-31,3722.34,24,2025-11-24,2022-03-17,155.1,1,119.3,0,37.0,1,54.0
C002411,2024-01-29,Mid-Market,North America,Starter,Organic,64,54.34,702,13.0,0,76.9,0.673,0,0,,2025-12-31,565.67,10,2025-09-08,2024-07-16,56.57,0,0.0,0,114.0,1,74.5
C002412,2022-03-12,SMB,Europe,Starter,Paid Search,6,44.93,1390,21.0,0,44.3,0.424,0,0,,2025-12-31,1846.74,40,2025-10-02,2022-03-29,46.17,0,0.0,0,90.0,1,70.9
C002413,2025-08-24,Mid-Market,APAC,Pro,Organic,23,143.37,129,19.0,1,-15.8,0.236,0,0,,2025-12-31,482.16999999999996,3,2025-12-03,2025-09-16,160.72,3,12.3,0,28.0,1,56.0
C002414,2024-05-10,Startup,North America,Starter,Referral,7,52.09,600,5.0,0,67.6,0.355,0,0,,2025-12-31,874.04,17,2025-12-15,2024-05-28,51.41,0,0.0,0,16.0,1,56.9
C002415,2023-06-17,Mid-Market,North America,Free,Organic,27,0.0,928,23.0,1,50.9,0.749,0,0,,2025-12-31,169.72,23,2025-12-22,2023-07-02,7.38,2,11.2,0,9.0,0,81.6
C002416,2023-11-27,Startup,North America,Starter,Referral,6,51.09,765,4.0,2,71.7,0.21,0,0,,2025-12-31,998.23,19,2025-11-26,2023-12-05,52.54,2,18.2,0,35.0,1,49.0
C002417,2024-06-04,SMB,Europe,Business,Organic,10,383.11,575,9.9,3,-3.3,0.163,2,1,2025-03-07,2025-12-31,1461.81,4,2024-11-15,2024-08-25,365.45,4,13.4,0,411.0,0,39.9
C002418,2023-01-08,SMB,Europe,Starter,Sales,11,46.45,1088,23.0,0,4.6,0.101,0,0,,2025-12-31,813.19,17,2025-10-12,2023-03-15,47.83,0,0.0,0,80.0,1,59.0
C002419,2023-02-17,Startup,North America,Business,Organic,7,452.1,1048,22.0,2,35.4,0.746,0,0,,2025-12-31,11110.66,24,2025-12-17,2023-03-15,462.94,3,13.2,1,14.0,1,77.6
C002420,2023-08-22,SMB,APAC,Pro,Sales,22,173.08,862,19.0,1,68.3,0.143,0,0,,2025-12-31,2937.18,18,2025-10-27,2023-09-28,163.18,1,9.2,0,65.0,1,61.6
C002421,2023-01-05,Mid-Market,North America,Pro,Organic,67,153.33,1091,9.0,1,75.3,0.473,0,0,,2025-12-31,2827.88,19,2025-10-08,2023-03-16,148.84,1,39.2,0,84.0,1,63.3
C002422,2024-12-19,Mid-Market,Europe,Business,Referral,35,404.93,377,21.0,1,16.9,0.554,0,0,,2025-12-31,3241.13,9,2025-12-30,2025-03-24,360.13,1,17.7,0,1.0,1,70.6
C002423,2022-05-29,Mid-Market,Europe,Starter,Referral,33,51.08,1312,10.0,6,24.8,0.338,0,0,,2025-12-31,1267.1,25,2025-11-28,2022-06-27,50.68,7,11.7,0,33.0,1,47.5
C002424,2025-03-28,Startup,North America,Starter,Partner,3,45.81,278,9.0,1,100.0,0.274,0,0,,2025-12-31,226.06,5,2025-09-06,2025-04-21,45.21,1,5.9,0,116.0,1,59.8
C002425,2023-05-14,SMB,North America,Free,Organic,19,0.0,962,14.0,0,21.2,0.214,0,0,,2025-12-31,181.28,33,2025-11-19,2023-07-08,5.49,1,21.2,0,42.0,0,56.0
C002426,2024-03-13,Mid-Market,LATAM,Pro,Partner,57,183.9,658,17.0,1,51.9,0.446,0,0,,2025-12-31,3364.46,17,2025-12-01,2024-04-07,197.91,1,77.4,0,30.0,1,67.2
C002427,2022-08-14,Mid-Market,Europe,Pro,Partner,58,173.81,1235,5.0,1,23.7,0.379,0,0,,2025-12-31,3590.72,21,2025-11-19,2023-01-12,170.99,1,20.2,0,42.0,1,51.7
C002428,2023-07-06,SMB,North America,Business,Partner,17,394.12,909,26.0,0,46.9,0.498,1,0,,2025-12-31,5901.2699999999995,17,2025-11-27,2023-08-30,347.13,1,23.8,0,34.0,1,75.8
C002429,2024-12-15,SMB,APAC,Pro,Partner,3,146.31,381,24.0,0,13.3,0.401,0,0,,2025-12-31,723.49,5,2025-10-18,2025-02-27,144.7,0,0.0,0,74.0,1,69.8
C002430,2023-01-23,Mid-Market,Europe,Starter,Sales,51,48.02,1073,4.8,0,14.1,0.025,0,1,2023-11-25,2025-12-31,390.67,8,2023-08-29,2023-04-02,48.83,0,0.0,0,855.0,0,41.4
C002431,2022-07-09,SMB,North America,Starter,Sales,20,55.1,1271,6.0,0,25.7,0.457,0,0,,2025-12-31,1391.64,28,2025-10-12,2022-07-09,49.7,0,0.0,0,80.0,1,56.6
C002432,2024-01-17,SMB,APAC,Starter,Paid Search,13,49.08,714,1.0,1,21.4,0.727,0,0,,2025-12-31,874.9200000000001,17,2025-11-14,2024-04-05,51.47,1,7.3,0,47.0,1,58.3
C002433,2022-08-21,SMB,Europe,Business,Organic,24,472.54,1228,11.0,2,27.4,0.104,1,0,,2025-12-31,10735.98,24,2025-11-10,2022-08-21,447.33,2,22.8,0,51.0,1,45.7
C002434,2023-03-27,Mid-Market,North America,Free,Organic,46,0.0,1010,4.0,1,48.1,0.505,0,0,,2025-12-31,110.73,25,2025-12-15,2023-05-17,4.43,1,18.1,0,16.0,0,57.0
C002435,2023-10-07,SMB,APAC,Enterprise,Referral,22,1221.37,816,26.0,0,82.3,0.191,1,0,,2025-12-31,18803.44,14,2025-11-02,2023-12-25,1343.1,0,0.0,0,59.0,1,70.2
C002436,2024-03-17,Mid-Market,North America,Free,Sales,19,0.0,654,25.0,2,20.2,0.516,0,0,,2025-12-31,67.55,17,2025-12-22,2024-03-20,3.97,2,18.0,0,9.0,0,71.8
C002437,2024-07-03,Mid-Market,North America,Pro,Paid Search,45,142.77,546,8.4,1,10.3,0.128,1,1,2024-09-27,2025-12-31,487.3,3,2024-09-26,2024-08-07,162.43,1,8.2,0,461.0,0,43.9
C002438,2024-08-25,SMB,North America,Free,Organic,17,0.0,493,7.0,0,35.2,0.138,1,0,,2025-12-31,73.65,12,2025-09-25,2024-10-11,6.14,1,39.5,0,97.0,0,46.9
C002439,2025-04-22,SMB,APAC,Business,Paid Search,12,473.97,253,19.0,0,13.7,0.671,0,0,,2025-12-31,2319.2,5,2025-11-11,2025-06-11,463.84,0,0.0,0,50.0,1,73.5
C002440,2022-04-05,Mid-Market,APAC,Starter,Paid Search,62,55.26,1366,13.0,1,-5.9,0.786,0,0,,2025-12-31,1102.89,20,2025-12-02,2022-09-23,55.14,1,8.9,0,29.0,1,68.1
C002441,2023-06-03,Startup,LATAM,Pro,Sales,2,151.48,942,7.0,1,61.6,0.345,2,0,,2025-12-31,3196.94,21,2025-11-15,2023-06-28,152.24,1,3.8,0,46.0,1,52.3
C002442,2022-01-02,Enterprise,North America,Enterprise,Partner,65,1264.58,1459,14.0,0,37.0,0.72,1,0,,2025-12-31,32370.31,25,2025-10-11,2022-02-13,1294.81,0,0.0,0,81.0,1,70.8
C002443,2022-01-14,SMB,APAC,Pro,Organic,13,162.16,1447,4.0,0,39.5,0.392,0,0,,2025-12-31,3987.15,24,2025-10-22,2022-01-20,166.13,0,0.0,0,70.0,1,54.3
C002444,2022-10-31,Startup,Europe,Starter,Paid Search,7,57.26,1157,26.0,3,-13.2,0.745,0,0,,2025-12-31,1121.49,19,2025-12-29,2023-01-05,59.03,3,16.1,0,2.0,1,74.7
C002445,2024-05-05,SMB,North America,Business,Organic,12,406.36,605,4.0,0,20.4,0.529,0,0,,2025-12-31,7002.19,18,2025-11-08,2024-05-09,389.01,1,3.8,0,53.0,1,56.5
C002446,2025-07-03,Startup,North America,Starter,Partner,5,52.49,181,8.0,0,-0.4,0.327,0,0,,2025-12-31,162.15,3,2025-12-18,2025-09-02,54.05,0,0.0,0,13.0,1,51.9
C002447,2025-01-11,SMB,APAC,Free,Partner,12,0.0,354,6.0,3,34.5,0.097,1,0,,2025-12-31,24.34,6,2025-11-20,2025-02-25,4.06,3,35.2,0,41.0,0,40.2
C002448,2024-07-13,SMB,North America,Pro,Organic,15,161.78,536,14.0,2,38.4,0.331,0,0,,2025-12-31,1315.71,10,2025-11-08,2024-08-29,131.57,2,17.6,1,53.0,1,58.3
C002449,2025-01-17,SMB,Europe,Business,Paid Search,20,447.7,348,18.0,1,38.3,0.241,0,0,,2025-12-31,1112.21,2,2025-10-15,2025-05-14,556.1,1,13.2,1,77.0,1,60.6
C002450,2022-09-03,SMB,Europe,Starter,Sales,24,58.09,1215,26.0,2,18.3,0.758,0,0,,2025-12-31,1438.61,25,2025-09-01,2022-10-20,57.54,2,18.8,0,121.0,1,79.8
C002451,2025-04-15,Mid-Market,North America,Business,Referral,35,421.96,260,10.0,3,13.7,0.615,0,0,,2025-12-31,1627.29,4,2025-11-07,2025-07-14,406.82,4,4.4,0,54.0,1,59.2
C002452,2025-06-27,SMB,LATAM,Pro,Partner,15,136.52,187,2.7,0,30.2,0.524,1,1,2025-10-11,2025-12-31,417.21999999999997,3,2025-10-07,2025-06-29,139.07,0,0.0,0,85.0,0,54.2
C002453,2022-05-16,Mid-Market,APAC,Pro,Paid Search,72,158.77,1325,0.0,3,43.9,0.522,0,0,,2025-12-31,5080.24,31,2025-12-16,2022-05-30,163.88,3,14.9,0,15.0,1,50.6
C002454,2023-11-04,Startup,Europe,Starter,Sales,5,45.16,788,16.0,2,20.5,0.777,1,0,,2025-12-31,760.9,15,2025-11-21,2023-11-27,50.73,2,12.6,0,40.0,1,69.6
C002455,2025-04-01,Mid-Market,APAC,Pro,Referral,27,177.46,274,27.0,0,11.6,0.247,0,0,,2025-12-31,809.2,5,2025-12-14,2025-05-01,161.84,0,0.0,0,17.0,1,67.7
C002456,2023-11-12,Mid-Market,Europe,Starter,Sales,34,57.11,780,1.0,0,12.6,0.328,0,0,,2025-12-31,722.83,13,2025-08-08,2024-01-29,55.6,2,8.0,0,145.0,1,47.0
C002457,2025-04-16,Startup,APAC,Starter,Organic,2,54.04,259,27.0,1,18.5,0.318,0,0,,2025-12-31,661.6899999999999,13,2025-12-20,2025-05-05,50.9,1,11.7,0,11.0,1,69.0
C002458,2025-08-30,Mid-Market,North America,Starter,Organic,15,50.41,123,1.8,1,23.7,0.158,0,1,2025-11-20,2025-12-31,157.64,3,2025-10-28,2025-09-24,52.55,1,36.3,0,64.0,0,42.2
C002459,2023-11-10,Mid-Market,Europe,Business,Organic,16,453.59,782,25.0,2,7.5,0.25,1,0,,2025-12-31,5457.07,13,2025-12-26,2024-01-31,419.77,3,13.3,0,5.0,1,60.6
C002460,2022-03-27,SMB,North America,Starter,Referral,15,52.93,1375,1.0,0,23.9,0.388,1,0,,2025-12-31,1437.6,26,2025-11-25,2022-04-03,55.29,1,25.0,0,36.0,1,47.9
C002461,2023-05-02,Mid-Market,Europe,Starter,Partner,59,46.74,974,24.0,2,65.9,0.304,1,0,,2025-12-31,641.5,14,2025-11-26,2023-05-02,45.82,3,10.4,0,35.0,1,67.1
C002462,2022-11-04,Mid-Market,Europe,Free,Organic,68,0.0,1153,9.0,1,27.6,0.02,0,0,,2025-12-31,147.37,25,2025-10-12,2022-12-11,5.89,1,13.7,0,80.0,0,44.9
C002463,2023-11-09,SMB,North America,Free,Sales,22,0.0,783,7.0,3,4.0,0.52,0,0,,2025-12-31,140.35,19,2025-09-27,2024-01-06,7.39,3,8.5,0,95.0,0,52.8
C002464,2024-04-17,Mid-Market,LATAM,Enterprise,Sales,55,1443.25,623,1.2,0,-21.5,0.304,0,1,2024-10-01,2025-12-31,5261.33,4,2024-09-30,2024-07-01,1315.33,0,0.0,0,457.0,0,43.0
C002465,2023-10-26,Mid-Market,North America,Pro,Organic,52,167.76,797,3.0,0,80.9,0.547,2,0,,2025-12-31,2552.06,17,2025-12-26,2023-10-29,150.12,2,5.2,1,5.0,1,58.2
C002466,2022-10-07,Enterprise,North America,Pro,Partner,440,154.5,1181,22.0,2,63.5,0.439,1,0,,2025-12-31,2939.72,19,2025-12-01,2022-12-25,154.72,3,4.7,0,30.0,1,69.2
C002467,2023-03-07,Mid-Market,North America,Business,Partner,57,483.74,1030,0.6,2,42.1,0.038,0,1,2024-02-24,2025-12-31,3148.2799999999997,7,2024-02-06,2023-03-25,449.75,4,47.1,1,694.0,0,37.9
C002468,2024-08-29,Mid-Market,Europe,Starter,Organic,59,58.99,489,5.4,0,64.1,0.623,0,1,2025-04-10,2025-12-31,299.59,5,2025-03-20,2024-09-18,59.92,1,14.9,0,286.0,0,64.9
C002469,2022-02-08,Enterprise,North America,Business,Partner,261,471.05,1422,26.0,2,48.2,0.446,3,0,,2025-12-31,14344.17,31,2025-09-07,2022-05-02,462.72,2,26.1,0,115.0,1,67.4
C002470,2022-11-03,SMB,Europe,Enterprise,Organic,21,1374.82,1154,11.0,0,33.1,0.317,0,0,,2025-12-31,21523.85,16,2025-09-25,2023-01-01,1345.24,0,0.0,0,97.0,1,57.6
C002471,2025-06-30,SMB,APAC,Business,Sales,17,372.58,184,23.0,0,4.0,0.434,1,0,,2025-12-31,707.66,2,2025-08-14,2025-07-13,353.83,0,0.0,0,139.0,1,67.0
C002472,2022-05-22,Enterprise,North America,Pro,Referral,467,180.17,1319,19.0,1,82.7,0.355,1,0,,2025-12-31,5784.48,32,2025-12-31,2022-06-25,180.76,2,62.9,0,0.0,1,67.4
C002473,2023-08-17,Mid-Market,LATAM,Starter,Sales,60,59.01,867,22.0,1,24.1,0.534,0,0,,2025-12-31,1057.6,17,2025-08-01,2023-10-05,62.21,1,7.7,0,152.0,1,71.6
C002474,2022-10-23,Startup,North America,Business,Referral,1,426.2,1165,26.0,2,25.4,0.21,0,0,,2025-12-31,9629.77,22,2025-10-25,2022-12-23,437.72,3,16.0,0,67.0,1,64.1
C002475,2022-05-30,SMB,Europe,Free,Organic,15,0.0,1311,2.0,2,35.9,0.517,0,0,,2025-12-31,127.13,24,2025-11-22,2022-08-04,5.3,2,23.5,0,39.0,0,52.9
C002476,2023-08-28,SMB,North America,Business,Paid Search,17,370.23,856,8.0,2,36.4,0.621,0,0,,2025-12-31,6728.75,18,2025-12-27,2024-01-19,373.82,2,6.0,0,4.0,1,61.4
C002477,2024-01-16,SMB,APAC,Starter,Referral,21,46.68,715,9.0,1,49.4,0.603,0,0,,2025-12-31,409.29,10,2025-08-20,2024-01-29,40.93,1,2.9,0,133.0,1,64.6
C002478,2022-09-09,Mid-Market,APAC,Pro,Paid Search,59,184.85,1209,1.0,1,46.5,0.539,0,0,,2025-12-31,4771.92,27,2025-11-05,2022-11-03,176.74,1,26.6,1,56.0,1,55.2
C002479,2022-04-22,Startup,North America,Business,Referral,2,454.12,1349,2.0,1,20.6,0.18,0,0,,2025-12-31,9700.27,22,2025-09-04,2022-04-22,440.92,1,14.8,0,118.0,1,42.7
C002480,2022-07-12,Startup,North America,Pro,Paid Search,3,142.07,1268,3.0,1,35.6,0.809,0,0,,2025-12-31,2437.96,17,2025-12-22,2023-08-12,143.41,1,24.7,0,9.0,1,64.0
C002481,2024-07-20,Startup,North America,Free,Organic,1,0.0,529,26.0,1,48.6,0.046,1,0,,2025-12-31,34.58,9,2025-12-09,2024-09-12,3.84,1,89.2,0,22.0,0,61.0
C002482,2025-05-15,Mid-Market,North America,Pro,Paid Search,34,138.13,230,24.0,0,18.5,0.285,0,0,,2025-12-31,935.03,6,2025-11-27,2025-06-06,155.84,1,9.1,0,34.0,1,66.8
C002483,2022-09-15,Mid-Market,LATAM,Enterprise,Partner,50,1276.11,1203,16.0,0,71.2,0.243,0,0,,2025-12-31,32924.72,26,2025-11-02,2023-04-17,1266.34,1,9.3,0,59.0,1,63.7
C002484,2023-04-04,Mid-Market,Europe,Pro,Paid Search,34,144.92,1002,23.0,2,34.5,0.644,1,0,,2025-12-31,3402.6,20,2025-11-03,2023-05-29,170.13,3,15.6,0,58.0,1,73.3
C002485,2023-05-07,Mid-Market,Europe,Business,Partner,35,482.0,969,9.0,3,75.0,0.497,0,0,,2025-12-31,9774.75,20,2025-12-24,2023-07-07,488.74,4,15.2,0,7.0,1,60.9
C002486,2023-05-31,Mid-Market,LATAM,Business,Paid Search,69,497.35,945,13.0,3,0.2,0.472,0,0,,2025-12-31,12363.87,24,2025-12-30,2023-06-12,515.16,3,27.9,1,1.0,1,56.3
C002487,2022-12-16,SMB,APAC,Business,Referral,10,369.33,1111,24.0,1,51.4,0.132,1,0,,2025-12-31,8751.73,23,2025-08-22,2023-02-05,380.51,2,26.0,0,131.0,1,62.0
C002488,2022-03-21,Mid-Market,APAC,Starter,Partner,26,58.23,1381,4.0,3,12.7,0.362,0,0,,2025-12-31,1321.79,22,2025-12-08,2022-04-14,60.08,3,8.6,0,23.0,1,46.2
C002489,2024-01-21,Startup,North America,Pro,Partner,3,133.18,710,4.0,3,19.1,0.22,0,0,,2025-12-31,1272.8899999999999,10,2025-12-11,2024-05-04,127.29,3,23.6,0,20.0,1,42.6
C002490,2023-05-27,Enterprise,North America,Business,Paid Search,184,498.61,949,14.0,0,57.6,0.173,1,0,,2025-12-31,6230.43,14,2025-08-28,2023-08-14,445.03,1,23.8,1,125.0,1,56.4
C002491,2023-05-05,Enterprise,North America,Enterprise,Paid Search,159,1488.71,971,7.0,5,29.3,0.167,1,0,,2025-12-31,17969.84,11,2025-08-22,2023-11-15,1633.62,5,18.7,0,131.0,1,39.7
C002492,2023-01-14,Startup,North America,Free,Organic,1,0.0,1082,18.0,0,99.9,0.33,0,0,,2025-12-31,124.61,20,2025-10-09,2023-02-03,6.23,1,6.5,0,83.0,0,71.0
C002493,2025-08-21,SMB,North America,Starter,Partner,12,44.2,132,17.0,0,48.0,0.127,1,0,,2025-12-31,248.47,6,2025-11-26,2025-08-21,41.41,1,76.9,0,35.0,1,56.8
C002494,2024-05-22,Mid-Market,North America,Starter,Organic,45,49.08,588,9.0,3,17.6,0.339,0,0,,2025-12-31,323.28,6,2025-11-14,2024-06-06,53.88,3,22.2,0,47.0,1,50.5
C002495,2023-08-22,SMB,North America,Business,Referral,5,417.69,862,3.0,2,48.0,0.181,1,0,,2025-12-31,7902.2,20,2025-12-20,2023-09-15,395.11,2,18.2,0,11.0,1,42.9
C002496,2022-10-21,Mid-Market,Europe,Business,Referral,32,420.23,1167,2.0,2,29.1,0.381,0,0,,2025-12-31,10713.72,25,2025-11-20,2022-10-29,428.55,3,17.2,0,41.0,1,48.1
C002497,2025-02-19,Mid-Market,North America,Pro,Paid Search,51,157.93,315,12.0,2,55.8,0.393,0,0,,2025-12-31,580.4100000000001,4,2025-09-25,2025-05-03,145.1,3,18.7,0,97.0,1,60.1
C002498,2025-06-24,SMB,North America,Free,Referral,6,0.0,190,5.1,2,27.6,0.411,2,1,2025-08-12,2025-12-31,31.61,3,2025-07-26,2025-07-21,10.54,2,10.0,0,158.0,0,47.6
C002499,2022-02-16,Mid-Market,North America,Starter,Partner,52,47.28,1414,0.0,2,45.2,0.225,1,0,,2025-12-31,1085.96,25,2025-12-02,2022-06-17,43.44,4,22.2,0,29.0,1,41.3
C002500,2025-08-22,SMB,Europe,Business,Organic,24,441.57,131,19.0,1,40.0,0.709,0,0,,2025-12-31,934.25,2,2025-12-27,2025-09-24,467.12,2,11.4,0,4.0,1,75.7
C002501,2024-09-27,Mid-Market,APAC,Starter,Referral,71,47.59,460,26.0,0,37.0,0.156,0,0,,2025-12-31,665.96,15,2025-11-20,2024-09-29,44.4,0,0.0,0,41.0,1,66.6
C002502,2022-05-23,SMB,APAC,Free,Sales,5,0.0,1318,27.0,0,61.0,0.728,0,0,,2025-12-31,114.64999999999999,21,2025-12-28,2022-06-01,5.46,1,3.4,0,3.0,0,87.0
C002503,2024-12-13,SMB,North America,Starter,Organic,20,53.41,383,1.4,2,-10.1,0.155,0,1,2025-06-08,2025-12-31,226.71,4,2025-05-09,2025-03-11,56.68,2,10.4,0,236.0,0,36.9
C002504,2022-06-03,Mid-Market,North America,Business,Organic,35,451.98,1307,5.0,1,37.4,0.358,0,0,,2025-12-31,12296.09,28,2025-11-23,2022-06-08,439.15,1,17.4,0,38.0,1,52.4
C002505,2022-03-14,Enterprise,North America,Pro,Partner,396,153.35,1388,12.0,3,17.5,0.446,1,0,,2025-12-31,3638.98,23,2025-10-21,2022-04-21,158.22,3,5.3,0,71.0,1,54.3
C002506,2022-06-14,SMB,North America,Starter,Paid Search,4,47.7,1296,25.0,2,1.3,0.213,0,0,,2025-12-31,1377.04,29,2025-12-17,2022-10-04,47.48,3,9.0,0,14.0,1,60.8
C002507,2023-10-20,SMB,North America,Starter,Partner,10,55.39,803,16.0,1,14.1,0.13,0,0,,2025-12-31,661.09,12,2025-12-18,2023-11-24,55.09,1,10.8,0,13.0,1,53.1
C002508,2024-06-04,SMB,LATAM,Enterprise,Partner,11,1289.05,575,12.0,2,19.5,0.474,1,0,,2025-12-31,26037.79,20,2025-12-20,2024-06-27,1301.89,2,15.8,0,11.0,1,56.9
C002509,2023-08-06,SMB,North America,Starter,Referral,12,48.59,878,25.0,0,29.1,0.656,0,0,,2025-12-31,771.17,16,2025-12-05,2023-10-06,48.2,0,0.0,0,26.0,1,79.9
C002510,2022-06-24,SMB,North America,Starter,Organic,6,51.64,1286,18.0,2,43.4,0.414,0,0,,2025-12-31,1533.67,31,2025-10-29,2022-08-17,49.47,2,5.4,0,63.0,1,64.8
C002511,2022-10-12,Mid-Market,APAC,Starter,Paid Search,40,46.8,1176,27.0,0,48.6,0.461,1,0,,2025-12-31,1365.47,31,2025-12-09,2022-12-28,44.05,0,0.0,0,22.0,1,75.8
C002512,2025-05-03,SMB,Europe,Starter,Referral,24,50.92,242,7.4,2,24.8,0.386,0,1,2025-08-11,2025-12-31,52.21,1,2025-05-22,2025-05-22,52.21,2,15.2,0,223.0,0,52.7
C002513,2025-10-08,Mid-Market,North America,Business,Paid Search,22,460.61,84,27.0,1,74.6,0.317,0,0,,2025-12-31,731.66,2,2025-12-05,2025-11-05,365.83,1,17.5,0,26.0,1,74.6
C002514,2024-12-14,SMB,North America,Business,Paid Search,14,468.56,382,15.0,0,25.7,0.702,0,0,,2025-12-31,2212.66,6,2025-12-27,2025-03-26,368.78,1,22.0,0,4.0,1,72.0
C002515,2022-05-28,Mid-Market,LATAM,Starter,Organic,35,44.75,1313,10.0,2,-13.7,0.668,1,0,,2025-12-31,1360.26,29,2025-12-21,2022-06-12,46.91,3,17.5,0,10.0,1,57.6
C002516,2025-03-18,Mid-Market,North America,Business,Organic,58,457.63,288,1.0,1,26.4,0.485,1,0,,2025-12-31,1803.0900000000001,4,2025-10-17,2025-06-01,450.77,1,13.7,0,75.0,1,49.6
C002517,2024-09-16,SMB,Europe,Starter,Paid Search,19,44.32,471,20.0,1,36.2,0.55,0,0,,2025-12-31,466.26,10,2025-12-10,2024-11-25,46.63,1,3.3,0,21.0,1,71.5
C002518,2024-01-23,SMB,APAC,Business,Paid Search,9,447.97,708,1.6,1,-46.8,0.532,0,1,2025-10-28,2025-12-31,5252.37,11,2025-08-08,2024-04-08,477.49,1,5.2,0,145.0,0,46.2
C002519,2022-07-24,SMB,North America,Free,Referral,10,0.0,1256,0.0,2,65.2,0.446,0,1,2023-08-07,2025-12-31,52.209999999999994,7,2023-05-14,2022-08-18,7.46,2,24.0,0,962.0,0,51.9
C002520,2025-11-26,SMB,APAC,Starter,Partner,8,57.64,35,22.0,2,32.5,0.735,0,0,,2025-12-31,73.16,1,2025-12-05,2025-12-05,73.16,3,12.8,1,26.0,1,76.9
C002521,2023-09-25,Startup,North America,Business,Sales,5,362.92,828,11.0,3,6.2,0.398,0,0,,2025-12-31,4924.87,14,2025-12-24,2024-02-19,351.78,4,15.0,0,7.0,1,52.9
C002522,2022-03-05,Startup,North America,Enterprise,Referral,7,1066.88,1397,15.0,0,11.0,0.56,2,0,,2025-12-31,32001.24,31,2025-12-04,2022-04-07,1032.3,0,0.0,0,27.0,1,62.3
C002523,2022-10-28,Startup,North America,Business,Organic,3,393.89,1160,21.0,0,54.0,0.497,0,0,,2025-12-31,10370.84,25,2025-12-31,2022-11-13,414.83,0,0.0,0,0.0,1,74.1
C002524,2023-07-28,SMB,LATAM,Pro,Organic,20,146.42,887,9.0,3,57.1,0.423,0,0,,2025-12-31,2180.31,15,2025-10-30,2023-09-06,145.35,5,14.0,0,62.0,1,56.9
C002525,2022-03-31,SMB,North America,Business,Referral,14,409.43,1371,22.0,0,18.8,0.205,2,0,,2025-12-31,17412.89,44,2025-10-14,2022-04-20,395.75,0,0.0,0,78.0,1,58.7
C002526,2023-04-09,SMB,North America,Pro,Paid Search,16,141.67,997,16.0,0,1.1,0.436,0,0,,2025-12-31,3435.63,24,2025-11-09,2023-06-17,143.15,1,6.3,0,52.0,1,62.5
C002527,2023-11-01,SMB,LATAM,Starter,Paid Search,22,56.3,791,15.0,1,38.3,0.564,0,0,,2025-12-31,896.29,15,2025-11-23,2024-01-03,59.75,1,6.1,0,38.0,1,67.6
C002528,2025-09-18,Mid-Market,North America,Pro,Organic,76,169.47,104,7.0,1,42.9,0.463,1,0,,2025-12-31,467.8,3,2025-12-29,2025-10-28,155.93,1,11.6,0,2.0,1,55.9
C002529,2022-05-04,SMB,APAC,Pro,Partner,20,153.08,1337,22.0,0,49.1,0.412,0,0,,2025-12-31,5566.73,35,2025-12-28,2022-05-21,159.05,1,10.4,0,3.0,1,71.9
C002530,2024-04-04,Enterprise,Europe,Pro,Organic,301,176.12,636,6.0,0,20.9,0.35,1,0,,2025-12-31,2175.26,13,2025-09-18,2024-07-25,167.33,1,2.3,0,104.0,1,50.9
C002531,2025-08-02,Enterprise,Europe,Business,Organic,358,425.1,151,17.0,1,31.9,0.449,0,0,,2025-12-31,780.98,2,2025-10-23,2025-10-12,390.49,2,12.6,0,69.0,1,65.3
C002532,2025-02-26,Startup,APAC,Pro,Paid Search,3,156.38,308,23.0,2,35.5,0.466,1,0,,2025-12-31,137.98,1,2025-06-03,2025-06-03,137.98,2,47.6,1,211.0,1,68.1
C002533,2025-08-15,Enterprise,APAC,Starter,Referral,440,54.18,138,1.4,1,59.2,0.08,0,1,2025-11-23,2025-12-31,100.81,2,2025-09-14,2025-08-19,50.4,1,18.7,0,108.0,0,43.1
C002534,2022-09-01,SMB,North America,Starter,Organic,17,49.22,1217,11.0,4,68.2,0.616,0,0,,2025-12-31,1165.9,24,2025-12-11,2022-11-07,48.58,4,13.0,1,20.0,1,64.1
C002535,2025-02-19,SMB,LATAM,Business,Referral,8,361.32,315,18.0,1,75.0,0.112,0,0,,2025-12-31,2370.79,6,2025-11-16,2025-02-21,395.13,1,7.2,0,45.0,1,60.4
C002536,2025-10-31,Mid-Market,LATAM,Free,Paid Search,43,0.0,61,7.0,1,67.6,0.255,0,0,,2025-12-31,24.86,2,2025-11-14,2025-11-01,12.43,1,8.2,1,47.0,0,54.2
C002537,2023-04-12,Startup,APAC,Business,Paid Search,5,409.15,994,0.0,0,80.3,0.309,2,0,,2025-12-31,6591.26,17,2025-11-13,2023-04-19,387.72,0,0.0,0,48.0,1,48.3
C002538,2023-12-15,Mid-Market,Europe,Free,Paid Search,49,0.0,747,11.0,2,60.3,0.296,1,0,,2025-12-31,94.88,11,2025-08-15,2024-01-24,8.63,2,14.4,0,138.0,0,54.7
C002539,2024-01-30,Startup,Europe,Starter,Organic,5,57.93,701,13.0,2,20.3,0.241,0,0,,2025-12-31,819.92,14,2025-11-17,2024-09-25,58.57,3,11.6,0,44.0,1,52.9
C002540,2023-12-07,SMB,Europe,Business,Paid Search,24,384.74,755,25.0,4,73.3,0.18,0,0,,2025-12-31,6956.34,19,2025-12-24,2024-01-25,366.12,5,27.4,0,7.0,1,64.1
C002541,2023-02-19,Mid-Market,North America,Starter,Referral,53,51.12,1046,5.7,2,0.6,0.392,0,1,2025-05-09,2025-12-31,792.6899999999999,18,2025-04-18,2023-09-10,44.04,3,14.7,0,257.0,0,48.9
C002542,2025-10-20,Mid-Market,Europe,Business,Organic,48,453.95,72,5.0,1,94.1,0.819,0,0,,2025-12-31,561.84,1,2025-12-24,2025-12-24,561.84,1,12.7,0,7.0,1,71.9
C002543,2025-09-29,Mid-Market,Europe,Free,Sales,74,0.0,93,4.3,2,10.6,0.389,0,1,2025-12-10,2025-12-31,8.49,3,2025-11-17,2025-10-11,2.83,3,10.2,1,44.0,0,48.6
C002544,2023-06-29,Mid-Market,Europe,Pro,Organic,42,160.49,916,5.0,1,57.2,0.548,0,0,,2025-12-31,2578.5,16,2025-12-07,2023-07-28,161.16,1,7.1,0,24.0,1,60.1
C002545,2025-02-25,Mid-Market,North America,Pro,Paid Search,32,169.9,309,25.0,1,71.1,0.148,0,0,,2025-12-31,2458.65,15,2025-12-01,2025-03-31,163.91,2,20.0,0,30.0,1,67.4
C002546,2023-07-23,Startup,Europe,Business,Partner,1,460.49,892,9.0,2,46.5,0.565,0,0,,2025-12-31,8820.3,19,2025-12-26,2023-08-31,464.23,2,15.4,0,5.0,1,61.6
C002547,2025-02-10,Mid-Market,Europe,Free,Referral,45,0.0,324,11.6,1,-16.3,0.13,2,1,2025-07-17,2025-12-31,8.37,1,2025-02-13,2025-02-13,8.37,3,15.4,0,321.0,0,42.1
C002548,2024-04-16,Startup,Europe,Starter,Organic,4,54.06,624,1.0,0,11.3,0.457,0,0,,2025-12-31,863.33,16,2025-11-04,2024-07-13,53.96,1,43.5,0,57.0,1,50.7
C002549,2023-11-04,Mid-Market,LATAM,Pro,Organic,71,176.69,788,15.0,0,43.9,0.542,0,0,,2025-12-31,3598.04,20,2025-12-23,2024-01-04,179.9,2,5.2,0,8.0,1,69.0
C002550,2022-07-03,Startup,APAC,Enterprise,Partner,1,1161.17,1277,2.0,2,50.9,0.224,0,0,,2025-12-31,32752.81,29,2025-10-26,2022-08-14,1129.41,3,4.8,0,66.0,1,45.6
C002551,2024-07-25,Mid-Market,North America,Business,Organic,70,427.6,524,4.5,1,30.5,0.355,0,1,2025-08-20,2025-12-31,3735.16,10,2025-07-28,2024-08-05,373.52,1,2.3,0,156.0,0,51.2
C002552,2023-04-05,SMB,North America,Business,Partner,6,460.02,1001,0.0,1,36.9,0.304,2,0,,2025-12-31,10030.34,22,2025-12-04,2023-06-12,455.92,1,34.1,0,27.0,1,42.3
C002553,2022-11-07,SMB,APAC,Pro,Referral,9,162.36,1150,4.0,3,-1.7,0.491,1,0,,2025-12-31,2952.68,18,2025-12-29,2023-05-15,164.04,4,12.8,0,2.0,1,46.6
C002554,2022-10-04,Mid-Market,Europe,Pro,Organic,76,138.51,1184,4.0,0,79.4,0.342,0,0,,2025-12-31,2621.61,19,2025-12-18,2022-11-13,137.98,1,3.3,0,13.0,1,56.8
C002555,2025-11-05,Startup,APAC,Business,Referral,7,465.18,56,19.0,0,25.6,0.198,0,0,,2025-12-31,1229.8200000000002,3,2025-11-26,2025-11-07,409.94,0,0.0,0,35.0,1,60.5
C002556,2022-05-28,Mid-Market,North America,Business,Organic,77,421.3,1313,17.0,2,54.7,0.068,0,0,,2025-12-31,11817.91,29,2025-11-11,2022-09-26,407.51,3,14.0,0,50.0,1,54.7
C002557,2025-02-15,SMB,North America,Business,Sales,24,452.46,319,15.0,0,70.1,0.148,0,0,,2025-12-31,3572.4300000000003,9,2025-11-30,2025-04-11,396.94,0,0.0,0,31.0,1,59.8
C002558,2025-05-23,SMB,North America,Business,Sales,19,402.91,222,5.0,0,6.1,0.346,0,0,,2025-12-31,1794.78,4,2025-12-27,2025-07-14,448.7,1,6.9,0,4.0,1,50.5
C002559,2022-02-14,SMB,APAC,Business,Partner,15,424.51,1416,7.0,2,38.2,0.549,0,0,,2025-12-31,16059.15,35,2025-11-23,2022-02-21,458.83,2,16.7,0,38.0,1,58.5
C002560,2024-04-22,Enterprise,LATAM,Free,Sales,209,0.0,618,6.1,2,41.9,0.403,0,1,2025-02-17,2025-12-31,19.880000000000003,9,2025-01-16,2024-04-23,2.21,2,13.7,1,349.0,0,53.7
C002561,2024-04-05,Mid-Market,APAC,Starter,Referral,18,45.16,635,27.0,0,28.5,0.458,0,0,,2025-12-31,868.38,19,2025-12-31,2024-05-20,45.7,2,30.0,0,0.0,1,75.7
C002562,2023-05-28,Mid-Market,Europe,Enterprise,Organic,48,1252.17,948,19.0,0,58.2,0.06,0,0,,2025-12-31,38262.7,31,2025-12-28,2023-06-09,1234.28,0,0.0,0,3.0,1,59.6
C002563,2024-08-11,Mid-Market,APAC,Pro,Organic,36,147.7,507,0.0,0,18.3,0.5,1,0,,2025-12-31,1684.5,11,2025-12-30,2024-10-03,153.14,1,6.1,0,1.0,1,49.8
C002564,2023-08-08,Mid-Market,North America,Starter,Organic,73,54.79,876,0.0,2,36.4,0.077,0,1,2024-12-09,2025-12-31,648.87,12,2024-12-02,2023-08-24,54.07,2,17.4,0,394.0,0,38.0
C002565,2023-09-21,Startup,Europe,Pro,Paid Search,3,174.23,832,9.0,1,25.7,0.316,0,0,,2025-12-31,3735.16,22,2025-12-07,2023-11-20,169.78,1,30.5,0,24.0,1,53.6
C002566,2023-09-10,SMB,LATAM,Pro,Partner,24,171.89,843,5.0,1,93.1,0.351,0,0,,2025-12-31,3181.29,19,2025-12-24,2023-11-04,167.44,1,11.3,0,7.0,1,57.8
C002567,2025-02-18,SMB,North America,Business,Paid Search,11,470.71,316,11.0,1,18.4,0.537,0,0,,2025-12-31,5363.71,11,2025-12-08,2025-03-04,487.61,2,11.2,0,23.0,1,61.3
C002568,2024-06-24,Mid-Market,LATAM,Business,Partner,63,431.23,555,27.0,2,53.6,0.657,0,0,,2025-12-31,7333.5,17,2025-12-18,2024-07-24,431.38,2,48.7,0,13.0,1,81.2
C002569,2023-06-27,Mid-Market,North America,Free,Paid Search,40,0.0,918,1.3,1,79.9,0.507,2,1,2024-11-04,2025-12-31,77.18,8,2024-11-01,2023-07-23,9.65,1,5.8,0,425.0,0,53.9
C002570,2025-08-18,SMB,North America,Pro,Organic,8,143.64,135,16.0,0,12.0,0.299,0,0,,2025-12-31,502.98,4,2025-12-21,2025-09-28,125.74,0,0.0,0,10.0,1,59.5
C002571,2025-02-20,Mid-Market,Europe,Free,Organic,62,0.0,314,2.8,1,37.4,0.878,3,1,2025-06-25,2025-12-31,0.0,1,2025-04-17,2025-04-17,0.0,1,4.4,0,258.0,0,60.1
C002572,2025-08-26,Mid-Market,LATAM,Business,Sales,61,413.71,127,18.0,1,10.3,0.607,0,0,,2025-12-31,563.63,1,2025-12-06,2025-12-06,563.63,4,11.5,0,25.0,1,68.8
C002573,2024-11-10,SMB,North America,Starter,Paid Search,13,50.97,416,15.0,0,-15.3,0.178,0,0,,2025-12-31,183.18,4,2025-07-01,2024-12-02,45.8,0,0.0,0,183.0,1,52.2
C002574,2023-07-14,SMB,APAC,Pro,Paid Search,21,175.85,901,7.3,2,15.4,0.13,1,1,2024-05-29,2025-12-31,1381.47,8,2024-05-19,2023-07-18,172.68,2,7.8,0,591.0,0,42.0
C002575,2025-01-10,Startup,North America,Pro,Organic,3,130.76,355,7.0,1,20.7,0.369,1,0,,2025-12-31,796.25,8,2025-12-20,2025-02-27,99.53,1,7.5,0,11.0,1,50.9
C002576,2023-04-16,Mid-Market,APAC,Pro,Sales,61,147.34,990,27.0,0,22.2,0.66,0,0,,2025-12-31,3351.5299999999997,23,2025-12-10,2023-05-01,145.72,0,0.0,0,21.0,1,81.1
C002577,2023-01-23,SMB,Europe,Pro,Organic,3,174.63,1073,7.0,1,27.5,0.208,0,0,,2025-12-31,3771.36,22,2025-12-21,2023-02-11,171.43,1,18.1,0,10.0,1,48.7
C002578,2023-10-07,Mid-Market,North America,Pro,Partner,79,167.11,816,4.0,2,35.2,0.42,1,0,,2025-12-31,2354.33,14,2025-11-23,2023-11-05,168.17,3,18.0,0,38.0,1,49.7
C002579,2025-10-18,Mid-Market,APAC,Pro,Organic,59,154.81,74,2.0,1,5.1,0.606,0,0,,2025-12-31,178.19,1,2025-11-18,2025-11-18,178.19,2,10.7,0,43.0,1,54.0
C002580,2024-03-23,SMB,APAC,Free,Organic,23,0.0,648,1.0,1,43.8,0.621,0,0,,2025-12-31,95.81,15,2025-10-29,2024-04-19,6.39,1,20.9,0,63.0,0,57.4
C002581,2023-07-03,Mid-Market,Europe,Starter,Referral,30,51.25,912,9.0,1,65.3,0.636,2,0,,2025-12-31,879.42,18,2025-08-31,2023-09-11,48.86,1,7.4,0,122.0,1,63.1
C002582,2023-10-23,SMB,North America,Pro,Partner,6,169.14,800,22.0,0,68.3,0.374,1,0,,2025-12-31,810.6700000000001,5,2025-05-09,2024-03-17,162.13,0,0.0,0,236.0,1,70.7
C002583,2023-02-21,SMB,North America,Starter,Partner,9,58.65,1044,4.0,0,28.5,0.964,0,0,,2025-12-31,860.8199999999999,16,2025-07-18,2023-03-04,53.8,0,0.0,0,166.0,1,70.3
C002584,2024-07-31,Enterprise,LATAM,Business,Organic,78,403.09,518,0.0,1,57.3,0.505,0,0,,2025-12-31,2922.92,8,2025-12-06,2024-11-30,365.36,1,5.4,0,25.0,1,54.4
C002585,2023-05-17,Startup,Europe,Starter,Sales,4,55.21,959,14.0,1,18.0,0.183,0,0,,2025-12-31,1042.1200000000001,20,2025-11-16,2023-06-01,52.11,1,42.4,0,45.0,1,53.3
C002586,2024-03-03,SMB,APAC,Business,Partner,3,353.31,668,5.5,1,26.4,0.303,2,1,2025-09-14,2025-12-31,2926.23,8,2025-07-09,2024-05-06,365.78,1,12.6,0,175.0,0,46.1
C002587,2023-06-13,SMB,APAC,Free,Sales,13,0.0,932,15.0,0,45.0,0.335,0,0,,2025-12-31,99.94,25,2025-11-09,2023-06-15,4.0,0,0.0,0,52.0,0,62.9
C002588,2023-04-04,SMB,APAC,Business,Organic,12,462.57,1002,0.0,1,26.6,0.72,2,0,,2025-12-31,10501.64,23,2025-12-24,2023-05-23,456.59,2,12.3,0,7.0,1,53.8
C002589,2025-10-19,Startup,North America,Starter,Paid Search,5,47.79,73,5.0,0,3.4,0.415,0,0,,2025-12-31,75.56,2,2025-11-30,2025-11-02,37.78,0,0.0,0,31.0,1,52.3
C002590,2023-05-10,Mid-Market,Europe,Pro,Paid Search,53,170.83,966,9.0,1,55.8,0.286,1,0,,2025-12-31,2242.18,13,2025-08-28,2023-05-13,172.48,1,5.1,0,125.0,1,53.7
C002591,2022-04-11,SMB,Europe,Starter,Referral,5,57.8,1360,20.0,3,14.3,0.481,0,0,,2025-12-31,1315.3,23,2025-12-03,2022-05-21,57.19,4,16.6,0,28.0,1,64.2
C002592,2023-06-26,SMB,North America,Pro,Referral,7,162.83,919,18.0,1,22.0,0.35,1,0,,2025-12-31,3909.46,22,2025-12-04,2023-08-14,177.7,1,6.1,0,27.0,1,60.3
C002593,2024-01-31,Mid-Market,North America,Starter,Paid Search,78,54.76,700,22.0,1,61.5,0.641,0,0,,2025-12-31,790.98,13,2025-12-18,2024-03-28,60.84,1,15.7,0,13.0,1,78.5
C002594,2022-05-16,Mid-Market,Europe,Business,Organic,19,369.96,1325,15.0,0,48.4,0.761,0,0,,2025-12-31,6739.42,18,2025-07-07,2022-06-03,374.41,0,0.0,0,177.0,1,76.1
C002595,2023-03-14,Startup,APAC,Pro,Organic,3,140.15,1023,11.0,0,39.4,0.272,0,0,,2025-12-31,3413.94,23,2025-11-04,2023-03-21,148.43,2,14.9,0,57.0,1,56.9
C002596,2022-08-26,SMB,Europe,Enterprise,Organic,15,1179.95,1223,15.0,1,-1.7,0.27,0,0,,2025-12-31,23836.76,22,2025-11-22,2022-09-04,1083.49,2,10.0,0,39.0,1,54.8
C002597,2023-12-17,SMB,North America,Pro,Referral,19,142.09,745,10.0,1,5.9,0.42,0,0,,2025-12-31,1770.37,13,2025-12-25,2024-01-10,136.18,2,23.4,0,6.0,1,55.6
C002598,2024-10-31,SMB,LATAM,Pro,Organic,9,136.8,426,2.3,1,44.9,0.227,3,1,2025-01-13,2025-12-31,337.21999999999997,3,2025-01-11,2024-12-10,112.41,1,7.7,0,354.0,0,40.9
C002599,2025-10-16,Startup,North America,Business,Organic,4,458.87,76,16.0,0,50.8,0.311,0,0,,2025-12-31,1052.56,2,2025-11-08,2025-11-01,526.28,0,0.0,0,53.0,1,63.7
C002600,2023-07-11,Startup,North America,Starter,Paid Search,2,45.51,904,8.0,1,41.3,0.503,0,0,,2025-12-31,718.58,15,2025-11-11,2023-07-19,47.91,2,8.2,0,50.0,1,59.9
C002601,2025-05-19,SMB,LATAM,Pro,Organic,11,173.45,226,7.0,2,23.2,0.361,0,0,,2025-12-31,1216.15,6,2025-10-26,2025-06-02,202.69,4,12.6,0,66.0,1,51.4
C002602,2022-11-03,Mid-Market,APAC,Starter,Sales,39,59.52,1154,19.0,0,22.3,0.207,0,0,,2025-12-31,1501.2,25,2025-12-27,2022-11-10,60.05,1,61.4,0,4.0,1,60.4
C002603,2025-01-21,Enterprise,LATAM,Business,Paid Search,280,432.77,344,0.5,0,40.4,0.465,0,1,2025-06-06,2025-12-31,1101.55,3,2025-02-19,2025-02-01,367.18,0,0.0,0,315.0,0,53.4
C002604,2024-03-15,SMB,APAC,Free,Sales,6,0.0,656,0.0,1,3.7,0.12,0,0,,2025-12-31,28.61,13,2025-12-25,2024-03-16,2.2,1,36.6,0,6.0,0,37.5
C002605,2024-12-20,Startup,Europe,Starter,Partner,1,54.14,376,9.0,1,37.3,0.646,0,0,,2025-12-31,261.83,5,2025-12-20,2025-01-19,52.37,1,1.4,0,11.0,1,64.6
C002606,2024-12-16,SMB,North America,Pro,Partner,8,177.88,380,16.0,1,0.3,0.239,0,0,,2025-12-31,902.65,5,2025-10-21,2024-12-29,180.53,1,12.8,0,71.0,1,55.0
C002607,2024-02-01,Mid-Market,North America,Pro,Paid Search,55,143.93,699,23.0,2,8.7,0.458,0,0,,2025-12-31,1164.83,9,2025-09-14,2024-03-09,129.43,4,12.3,0,108.0,1,67.1
C002608,2023-01-04,Mid-Market,LATAM,Starter,Partner,54,50.35,1092,14.0,0,39.5,0.258,1,0,,2025-12-31,1016.06,21,2025-10-27,2023-02-04,48.38,0,0.0,0,65.0,1,57.2
C002609,2024-01-23,SMB,APAC,Pro,Partner,7,167.75,708,7.0,1,49.6,0.468,0,0,,2025-12-31,2720.1,17,2025-12-22,2024-02-15,160.01,2,10.2,0,9.0,1,58.8
C002610,2025-03-28,Startup,North America,Business,Organic,3,349.21,278,3.8,2,43.5,0.512,0,1,2025-08-17,2025-12-31,584.31,2,2025-04-15,2025-04-06,292.15,3,13.6,0,260.0,0,55.1
C002611,2025-10-20,Mid-Market,North America,Starter,Sales,34,50.58,72,10.0,0,7.1,0.692,0,0,,2025-12-31,188.85,4,2025-12-26,2025-11-24,47.21,0,0.0,0,5.0,1,65.4
C002612,2025-08-19,SMB,North America,Starter,Paid Search,21,46.14,134,3.6,4,-11.8,0.734,0,1,2025-11-08,2025-12-31,191.79,5,2025-11-08,2025-08-25,38.36,5,8.7,0,53.0,0,53.1
C002613,2022-09-17,SMB,North America,Enterprise,Paid Search,13,1382.62,1201,5.2,1,34.8,0.07,3,1,2023-05-01,2025-12-31,7799.52,5,2023-03-04,2022-09-18,1559.9,2,10.9,0,1033.0,0,37.7
C002614,2024-05-04,Startup,APAC,Enterprise,Paid Search,2,1137.57,606,22.0,0,-12.5,0.232,0,0,,2025-12-31,11387.380000000001,10,2025-11-29,2024-05-10,1138.74,0,0.0,0,32.0,1,60.4
C002615,2022-05-30,Enterprise,North America,Free,Partner,166,0.0,1311,19.0,3,58.6,0.222,1,0,,2025-12-31,206.26999999999998,28,2025-11-08,2022-08-23,7.37,4,8.1,0,53.0,0,58.0
C002616,2024-08-14,Startup,Europe,Pro,Paid Search,5,157.79,504,10.0,3,8.0,0.438,0,0,,2025-12-31,1493.26,9,2025-11-15,2024-08-21,165.92,4,9.1,1,46.0,1,53.4
C002617,2025-11-20,SMB,LATAM,Free,Paid Search,23,0.0,41,8.0,1,90.9,0.399,0,0,,2025-12-31,0.0,1,2025-12-26,2025-12-26,0.0,1,6.2,0,5.0,0,61.7
C002618,2022-03-17,SMB,Europe,Enterprise,Organic,9,1096.4,1385,2.0,4,11.0,0.245,1,0,,2025-12-31,22982.6,20,2025-08-28,2022-06-02,1149.13,4,10.6,1,125.0,1,37.2
C002619,2024-07-27,Enterprise,Europe,Starter,Paid Search,212,53.94,522,7.1,2,46.6,0.379,0,1,2024-11-07,2025-12-31,227.01,4,2024-10-16,2024-08-08,56.75,2,5.5,0,441.0,0,54.4
C002620,2025-09-14,SMB,North America,Starter,Organic,15,57.84,108,26.0,3,16.6,0.612,0,0,,2025-12-31,0.0,0,,,0.0,4,44.8,0,,1,73.7
C002621,2025-04-26,SMB,North America,Starter,Referral,23,52.57,249,0.6,1,30.8,0.428,0,1,2025-10-10,2025-12-31,190.94,3,2025-08-14,2025-07-24,63.65,2,8.2,0,139.0,0,50.0
C002622,2023-07-16,Mid-Market,North America,Pro,Paid Search,15,179.0,899,3.0,5,39.6,0.381,0,0,,2025-12-31,3100.25,17,2025-11-24,2024-01-24,182.37,5,15.8,1,37.0,1,45.6
C002623,2022-05-29,SMB,North America,Free,Sales,6,0.0,1312,6.0,1,56.5,0.356,0,0,,2025-12-31,144.01,27,2025-12-28,2022-09-05,5.33,3,9.8,0,3.0,0,55.2
C002624,2025-08-14,SMB,North America,Business,Partner,6,412.04,139,22.0,1,60.5,0.408,0,0,,2025-12-31,661.81,2,2025-11-09,2025-09-17,330.9,1,17.8,1,52.0,1,71.4
C002625,2025-08-10,SMB,North America,Pro,Referral,5,168.37,143,6.0,2,53.2,0.357,0,0,,2025-12-31,1313.5,8,2025-12-14,2025-08-14,164.19,3,32.1,0,17.0,1,53.4
C002626,2024-04-07,Enterprise,North America,Pro,Sales,345,163.77,633,0.0,3,60.9,0.533,0,0,,2025-12-31,1946.0900000000001,13,2025-12-28,2024-05-12,149.7,4,13.6,0,3.0,1,52.6
C002627,2025-10-31,SMB,North America,Business,Organic,16,390.05,61,9.0,1,19.6,0.439,0,0,,2025-12-31,1500.71,3,2025-11-18,2025-11-03,500.24,2,12.8,0,43.0,1,56.7
C002628,2022-01-07,Mid-Market,LATAM,Starter,Partner,46,46.6,1454,10.0,3,51.2,0.23,0,0,,2025-12-31,2028.94,42,2025-12-06,2022-01-19,48.31,3,8.0,0,25.0,1,51.4
C002629,2024-05-31,Startup,North America,Starter,Organic,7,56.36,579,7.1,1,26.5,0.082,1,1,2025-05-17,2025-12-31,468.72,7,2025-04-07,2024-06-29,66.96,2,5.9,0,268.0,0,42.9
C002630,2022-02-25,Startup,North America,Starter,Organic,6,45.44,1405,14.0,1,59.7,0.325,0,0,,2025-12-31,1260.73,27,2025-11-26,2022-03-03,46.69,1,5.1,0,35.0,1,61.7
C002631,2025-08-31,Mid-Market,APAC,Business,Paid Search,54,383.64,122,6.0,0,37.9,0.577,0,0,,2025-12-31,1532.55,4,2025-12-14,2025-11-10,383.14,1,8.5,0,17.0,1,61.5
C002632,2024-08-30,Mid-Market,North America,Free,Partner,35,0.0,488,0.0,0,50.5,0.364,1,0,,2025-12-31,56.5,14,2025-10-14,2024-10-09,4.04,1,41.4,0,78.0,0,49.0
C002633,2025-07-30,Mid-Market,Europe,Business,Referral,27,480.4,154,3.0,3,42.3,0.718,0,0,,2025-12-31,717.61,2,2025-11-15,2025-10-20,358.8,4,20.4,2,46.0,1,58.9
C002634,2024-03-15,SMB,APAC,Pro,Organic,19,161.63,656,20.0,2,54.0,0.377,0,0,,2025-12-31,2161.54,14,2025-12-01,2024-05-04,154.4,2,14.0,0,30.0,1,66.6
C002635,2022-04-30,Startup,Europe,Pro,Referral,6,148.46,1341,18.0,2,14.8,0.745,0,0,,2025-12-31,2990.81,20,2025-12-31,2022-05-02,149.54,4,12.7,2,0.0,1,71.9
C002636,2022-02-07,SMB,North America,Pro,Organic,24,178.48,1423,7.0,1,-4.3,0.518,1,0,,2025-12-31,3464.32,21,2025-10-09,2022-02-28,164.97,1,6.4,0,83.0,1,52.9
C002637,2023-04-25,Enterprise,APAC,Free,Organic,252,0.0,981,26.0,0,59.7,0.077,0,0,,2025-12-31,81.17999999999999,15,2025-09-15,2023-04-27,5.41,0,0.0,0,107.0,0,66.5
C002638,2024-11-29,Enterprise,APAC,Starter,Organic,353,46.96,397,15.0,1,68.6,0.272,1,0,,2025-12-31,443.57,10,2025-12-17,2025-02-28,44.36,2,7.2,0,14.0,1,59.9
C002639,2022-08-04,Mid-Market,North America,Business,Partner,72,414.82,1245,22.0,1,32.1,0.029,0,0,,2025-12-31,8098.0,21,2025-12-18,2022-09-09,385.62,1,28.9,0,13.0,1,57.2
C002640,2025-05-03,Startup,North America,Starter,Paid Search,1,51.62,242,22.0,0,55.3,0.383,1,0,,2025-12-31,160.04,4,2025-12-06,2025-07-13,40.01,0,0.0,0,25.0,1,69.7
C002641,2022-12-09,SMB,North America,Pro,Organic,14,175.58,1118,8.0,1,-5.7,0.825,0,0,,2025-12-31,3676.35,23,2025-10-03,2022-12-20,159.84,1,9.1,0,89.0,1,64.8
C002642,2023-12-11,SMB,APAC,Enterprise,Organic,17,1316.25,751,16.0,0,19.5,0.615,0,0,,2025-12-31,12538.890000000001,10,2025-12-21,2024-04-18,1253.89,1,3.0,0,10.0,1,69.7
C002643,2022-10-18,Mid-Market,North America,Free,Partner,73,0.0,1170,16.0,1,37.0,0.083,0,0,,2025-12-31,91.89999999999999,24,2025-09-19,2022-11-19,3.83,1,37.7,0,103.0,0,54.0
C002644,2023-10-29,Startup,North America,Starter,Referral,5,54.12,794,12.0,1,-8.4,0.625,0,0,,2025-12-31,1002.9399999999999,17,2025-12-01,2023-11-03,59.0,1,3.8,0,30.0,1,62.1
C002645,2023-10-09,Mid-Market,Europe,Starter,Organic,31,47.82,814,17.0,1,-3.2,0.642,0,0,,2025-12-31,502.58,11,2025-11-28,2023-11-11,45.69,1,21.9,0,33.0,1,67.6
C002646,2022-01-08,Startup,LATAM,Free,Referral,6,0.0,1453,4.4,2,38.9,0.499,1,1,2022-10-29,2025-12-31,70.69,7,2022-10-11,2022-03-11,10.1,2,12.2,0,1177.0,0,52.8
C002647,2024-03-22,Startup,North America,Enterprise,Partner,7,1283.51,649,1.3,1,19.9,0.484,0,1,2025-02-03,2025-12-31,8722.52,7,2025-01-07,2024-04-03,1246.07,1,14.4,0,358.0,0,51.2
C002648,2025-01-29,SMB,North America,Enterprise,Paid Search,12,1273.3,336,0.5,2,26.3,0.603,2,1,2025-09-21,2025-12-31,4335.49,4,2025-05-31,2025-01-30,1083.87,2,12.3,0,214.0,0,49.2
C002649,2025-08-31,Startup,Europe,Starter,Organic,6,53.05,122,12.0,0,24.8,0.381,0,0,,2025-12-31,343.12,6,2025-11-22,2025-09-12,57.19,0,0.0,0,39.0,1,59.6
C002650,2023-04-18,Mid-Market,Europe,Enterprise,Sales,55,1139.67,988,25.0,3,2.9,0.402,2,0,,2025-12-31,16261.62,15,2025-12-01,2023-06-21,1084.11,3,19.1,0,30.0,1,61.2
C002651,2025-06-13,SMB,Europe,Free,Paid Search,15,0.0,201,1.5,3,29.6,0.351,0,1,2025-12-04,2025-12-31,82.79,9,2025-11-17,2025-06-18,9.2,5,11.8,0,44.0,0,45.3
C002652,2025-06-10,Enterprise,APAC,Enterprise,Paid Search,480,1194.19,204,16.0,1,34.7,0.383,1,0,,2025-12-31,4031.52,4,2025-12-07,2025-07-29,1007.88,1,4.4,0,24.0,1,60.7
C002653,2025-11-14,SMB,North America,Business,Referral,4,411.95,47,4.0,1,20.4,0.576,0,0,,2025-12-31,1076.06,2,2025-12-21,2025-12-04,538.03,1,4.4,0,10.0,1,56.4
C002654,2023-06-18,Mid-Market,North America,Starter,Referral,51,57.99,927,17.0,0,22.5,0.164,1,0,,2025-12-31,1275.26,21,2025-08-15,2023-06-19,60.73,0,0.0,0,138.0,1,55.3
C002655,2025-05-01,Enterprise,North America,Pro,Referral,86,145.1,244,5.0,0,29.9,0.353,0,0,,2025-12-31,541.04,4,2025-10-31,2025-06-14,135.26,2,38.0,0,61.0,1,53.0
C002656,2024-03-19,Enterprise,North America,Business,Referral,333,432.31,652,12.0,1,55.5,0.455,1,0,,2025-12-31,8385.56,20,2025-11-28,2024-05-11,419.28,1,10.3,0,33.0,1,61.4
C002657,2022-03-25,Mid-Market,Europe,Starter,Organic,71,55.28,1377,22.0,2,32.6,0.194,1,0,,2025-12-31,1305.73,25,2025-11-14,2022-05-08,52.23,3,15.5,0,47.0,1,58.7
C002658,2023-01-22,SMB,APAC,Starter,Referral,7,53.3,1074,3.4,2,-13.2,0.258,0,1,2023-03-19,2025-12-31,79.64,2,2023-03-04,2023-01-26,39.82,3,15.9,0,1033.0,0,41.5
C002659,2024-08-19,SMB,North America,Pro,Paid Search,19,141.97,499,26.0,0,5.2,0.57,1,0,,2025-12-31,1794.1399999999999,13,2025-06-24,2024-08-31,138.01,0,0.0,0,190.0,1,73.8
C002660,2022-08-18,Mid-Market,APAC,Free,Referral,39,0.0,1231,1.0,0,58.3,0.158,1,0,,2025-12-31,160.28,30,2025-11-18,2022-10-02,5.34,0,0.0,0,43.0,0,44.5
C002661,2023-09-14,Startup,North America,Free,Paid Search,2,0.0,839,2.0,1,17.9,0.248,0,0,,2025-12-31,145.31,23,2025-11-27,2024-02-16,6.32,1,33.0,0,34.0,0,44.5
C002662,2025-01-13,Startup,Europe,Starter,Organic,1,54.09,352,4.0,1,32.8,0.556,0,0,,2025-12-31,540.65,10,2025-11-21,2025-01-16,54.06,1,36.3,0,40.0,1,57.0
C002663,2022-08-03,Mid-Market,North America,Business,Paid Search,26,465.28,1246,6.0,1,83.1,0.303,0,0,,2025-12-31,11129.199999999999,25,2025-06-14,2022-11-24,445.17,1,11.6,0,200.0,1,56.3
C002664,2023-12-12,SMB,Europe,Starter,Referral,3,50.86,750,11.0,2,50.8,0.212,0,0,,2025-12-31,860.12,16,2025-12-20,2024-05-31,53.76,2,6.9,0,11.0,1,53.3
C002665,2022-11-04,SMB,North America,Pro,Paid Search,13,179.35,1153,25.0,3,-18.7,0.57,0,0,,2025-12-31,4940.33,29,2025-12-08,2022-11-05,170.36,3,18.7,1,23.0,1,68.1
C002666,2024-02-07,SMB,LATAM,Starter,Referral,3,44.47,693,6.0,0,71.1,0.21,0,0,,2025-12-31,491.34,11,2025-10-01,2024-04-02,44.67,1,6.5,0,91.0,1,53.8
C002667,2022-12-11,Mid-Market,LATAM,Starter,Organic,71,55.4,1116,9.0,3,38.7,0.472,0,0,,2025-12-31,1398.7,25,2025-07-20,2023-01-16,55.95,3,13.0,0,164.0,1,56.6
C002668,2025-10-12,SMB,APAC,Pro,Organic,15,143.15,80,1.0,2,44.2,0.17,0,0,,2025-12-31,390.76,3,2025-11-28,2025-11-19,130.25,3,11.1,1,33.0,1,42.4
C002669,2022-04-20,Mid-Market,APAC,Free,Partner,18,0.0,1351,20.0,1,42.6,0.539,1,0,,2025-12-31,149.82999999999998,25,2025-10-15,2022-06-06,5.99,2,18.4,1,77.0,0,69.8
C002670,2025-10-09,Mid-Market,North America,Pro,Paid Search,48,138.65,83,15.0,1,57.8,0.324,0,0,,2025-12-31,270.71000000000004,2,2025-11-19,2025-11-01,135.36,1,4.2,0,42.0,1,62.4
C002671,2025-02-06,SMB,Europe,Starter,Partner,20,46.34,328,1.0,3,33.0,0.776,0,0,,2025-12-31,217.79000000000002,5,2025-12-08,2025-02-09,43.56,3,18.1,0,23.0,1,58.0
C002672,2025-05-08,SMB,North America,Pro,Sales,10,149.83,237,12.0,0,-2.0,0.328,0,0,,2025-12-31,1131.48,7,2025-12-14,2025-05-09,161.64,0,0.0,0,17.0,1,55.4
C002673,2025-05-02,Startup,APAC,Starter,Partner,1,50.74,243,6.0,1,43.1,0.192,2,0,,2025-12-31,178.29000000000002,3,2025-12-27,2025-05-18,59.43,1,9.3,0,4.0,1,44.9
C002674,2022-09-26,Enterprise,North America,Business,Paid Search,266,441.75,1192,11.0,1,0.5,0.693,0,0,,2025-12-31,9955.22,23,2025-11-27,2022-10-12,432.84,1,33.2,0,34.0,1,64.2
C002675,2025-08-24,Mid-Market,North America,Free,Paid Search,47,0.0,129,7.0,1,80.4,0.354,0,0,,2025-12-31,16.38,3,2025-11-27,2025-09-30,5.46,2,14.1,0,34.0,0,58.4
C002676,2024-04-29,Enterprise,APAC,Business,Sales,296,484.38,611,21.0,1,25.9,0.334,0,0,,2025-12-31,6075.87,12,2025-12-28,2024-07-14,506.32,2,12.4,0,3.0,1,64.9
C002677,2025-10-07,Mid-Market,North America,Starter,Partner,55,45.84,85,1.0,1,33.7,0.608,0,0,,2025-12-31,92.27000000000001,2,2025-11-29,2025-11-25,46.14,2,17.4,1,32.0,1,56.0
C002678,2025-06-09,Enterprise,APAC,Free,Referral,200,0.0,205,16.0,4,18.1,0.563,0,0,,2025-12-31,12.14,8,2025-12-04,2025-06-28,1.52,4,8.5,0,27.0,0,62.0
C002679,2024-04-08,SMB,North America,Pro,Paid Search,23,177.81,632,22.0,1,43.5,0.787,1,0,,2025-12-31,2031.74,11,2025-12-30,2024-04-13,184.7,1,35.2,0,1.0,1,79.1
C002680,2023-06-20,SMB,Europe,Starter,Referral,13,52.01,925,0.0,1,46.4,0.287,1,1,2024-04-14,2025-12-31,558.35,10,2024-03-14,2023-07-19,55.84,2,21.4,0,657.0,0,44.8
C002681,2022-06-17,SMB,APAC,Pro,Organic,5,176.85,1293,25.0,2,18.0,0.293,0,0,,2025-12-31,5433.81,31,2025-03-01,2022-06-24,175.28,4,26.1,0,305.0,1,64.9
C002682,2022-05-25,Mid-Market,Europe,Business,Referral,78,373.79,1316,21.0,0,46.3,0.704,0,0,,2025-12-31,6843.16,19,2025-10-13,2022-06-17,360.17,0,0.0,0,79.0,1,79.5
C002683,2023-07-12,Enterprise,North America,Business,Sales,437,503.78,903,7.0,0,36.7,0.379,1,0,,2025-12-31,10353.17,20,2025-10-14,2023-10-06,517.66,0,0.0,0,78.0,1,54.3
C002684,2025-03-05,SMB,North America,Pro,Sales,16,165.45,301,13.0,3,32.6,0.628,0,0,,2025-12-31,1197.73,7,2025-11-05,2025-04-02,171.1,3,41.6,0,56.0,1,64.2
C002685,2023-12-24,Enterprise,North America,Enterprise,Organic,497,1340.14,738,19.0,0,16.2,0.23,0,0,,2025-12-31,18777.09,14,2025-11-25,2024-06-10,1341.22,1,9.7,0,36.0,1,60.5
C002686,2023-11-20,Startup,North America,Pro,Referral,7,144.41,772,14.0,0,92.9,0.644,0,0,,2025-12-31,2405.37,17,2025-12-22,2024-02-24,141.49,2,20.6,0,9.0,1,76.1
C002687,2022-12-16,Enterprise,Europe,Free,Organic,78,0.0,1111,21.0,1,64.6,0.167,0,0,,2025-12-31,114.13,24,2025-12-24,2022-12-22,4.76,1,15.2,0,7.0,0,63.7
C002688,2024-03-18,SMB,North America,Business,Paid Search,10,442.99,653,24.0,3,53.2,0.471,2,0,,2025-12-31,3768.17,9,2025-12-08,2024-06-14,418.69,3,14.7,0,23.0,1,67.4
C002689,2024-07-01,Startup,North America,Starter,Partner,1,45.57,548,10.0,0,63.2,0.249,0,0,,2025-12-31,610.92,13,2025-12-19,2024-09-15,46.99,0,0.0,0,12.0,1,57.7
C002690,2025-11-05,SMB,North America,Starter,Paid Search,20,57.12,56,1.6,1,42.5,0.315,0,1,2025-12-20,2025-12-31,52.97,1,2025-12-02,2025-12-02,52.97,3,17.6,0,29.0,0,48.6
C002691,2024-11-09,SMB,LATAM,Free,Paid Search,4,0.0,417,12.0,0,26.3,0.308,0,0,,2025-12-31,49.47,8,2025-12-01,2025-03-03,6.18,1,2.7,0,30.0,0,57.6
C002692,2024-05-18,SMB,North America,Starter,Partner,24,54.34,592,16.0,1,-31.1,0.738,1,0,,2025-12-31,678.13,13,2025-10-22,2024-05-20,52.16,1,3.2,0,70.0,1,64.8
C002693,2025-07-25,Mid-Market,North America,Starter,Partner,59,53.24,159,21.0,0,4.5,0.404,0,0,,2025-12-31,64.54,1,2025-11-04,2025-11-04,64.54,1,12.9,0,57.0,1,66.3
C002694,2023-08-31,SMB,Europe,Starter,Partner,9,57.49,853,7.0,2,89.1,0.368,0,0,,2025-12-31,1013.1,18,2025-10-03,2023-09-23,56.28,2,8.9,0,89.0,1,58.2
C002695,2025-08-29,Startup,North America,Pro,Paid Search,7,148.73,124,25.0,1,64.0,0.232,0,0,,2025-12-31,525.6700000000001,3,2025-12-20,2025-11-25,175.22,2,36.4,0,11.0,1,69.2
C002696,2023-06-14,Startup,LATAM,Business,Referral,4,426.81,931,1.0,2,40.1,0.246,0,0,,2025-12-31,6828.41,16,2025-11-10,2023-08-02,426.78,3,8.9,0,51.0,1,44.3
C002697,2022-07-02,SMB,North America,Enterprise,Paid Search,22,1254.48,1278,16.0,1,-4.4,0.339,0,0,,2025-12-31,38222.92,30,2025-11-23,2022-07-23,1274.1,1,4.3,0,38.0,1,57.5
C002698,2023-08-21,Mid-Market,APAC,Free,Organic,77,0.0,863,12.0,0,50.9,0.283,2,0,,2025-12-31,36.43,15,2025-11-29,2023-09-16,2.43,0,0.0,0,32.0,0,55.3
C002699,2022-07-04,SMB,Europe,Starter,Paid Search,24,58.83,1276,8.4,1,28.0,0.093,0,1,2023-08-15,2025-12-31,647.53,11,2023-05-21,2022-07-27,58.87,2,21.7,0,955.0,0,46.6
C002700,2022-06-19,SMB,APAC,Pro,Referral,18,146.15,1291,7.0,0,52.4,0.85,0,0,,2025-12-31,3840.16,27,2025-12-17,2022-07-01,142.23,0,0.0,0,14.0,1,72.0
C002701,2025-06-14,Mid-Market,Europe,Free,Organic,45,0.0,200,26.0,1,7.2,0.347,1,0,,2025-12-31,20.299999999999997,5,2025-10-03,2025-09-21,4.06,2,11.6,0,89.0,0,65.8
C002702,2025-02-10,Mid-Market,APAC,Starter,Organic,23,48.64,324,0.0,1,22.8,0.818,1,1,2025-04-21,2025-12-31,163.24,3,2025-03-22,2025-02-22,54.41,1,13.0,0,284.0,0,58.3
C002703,2022-11-13,Mid-Market,Europe,Pro,Sales,30,164.19,1144,22.0,4,57.1,0.495,0,0,,2025-12-31,3596.26,22,2025-12-13,2022-12-28,163.47,4,10.6,0,18.0,1,69.2
C002704,2025-04-12,SMB,Europe,Business,Referral,7,447.95,263,13.0,5,83.2,0.58,0,0,,2025-12-31,2083.2999999999997,4,2025-12-25,2025-09-19,520.82,7,20.7,0,6.0,1,64.8
C002705,2022-04-09,Mid-Market,APAC,Starter,Partner,35,51.75,1362,14.0,2,18.5,0.23,0,0,,2025-12-31,1433.27,28,2025-11-14,2022-05-09,51.19,2,8.6,0,47.0,1,53.2
C002706,2023-02-11,Enterprise,Europe,Pro,Referral,375,163.38,1054,8.0,0,10.0,0.34,0,0,,2025-12-31,4475.07,30,2025-12-30,2023-02-15,149.17,0,0.0,0,1.0,1,53.3
C002707,2024-10-06,Enterprise,Europe,Pro,Sales,96,162.26,451,10.0,1,60.6,0.149,1,0,,2025-12-31,801.0,5,2025-11-04,2024-10-20,160.2,1,22.2,0,57.0,1,51.0
C002708,2023-03-11,Startup,North America,Business,Partner,5,417.73,1026,12.0,0,3.5,0.468,1,0,,2025-12-31,7871.33,20,2025-12-16,2023-04-16,393.57,1,9.7,0,15.0,1,58.1
C002709,2024-11-10,Enterprise,North America,Starter,Organic,104,53.74,416,8.0,1,5.3,0.351,1,0,,2025-12-31,869.5,17,2025-11-05,2024-11-19,51.15,2,21.8,0,56.0,1,49.7
C002710,2025-06-04,Enterprise,North America,Business,Partner,499,402.78,210,0.0,0,41.6,0.255,0,0,,2025-12-31,1284.3,3,2025-12-08,2025-08-08,428.1,0,0.0,0,23.0,1,46.8
C002711,2022-04-05,SMB,North America,Business,Sales,6,426.71,1366,11.0,2,87.1,0.421,0,0,,2025-12-31,14352.55,33,2025-12-01,2022-04-27,434.93,4,10.7,0,30.0,1,63.2
C002712,2022-02-04,Mid-Market,Europe,Starter,Partner,37,56.67,1426,11.0,1,13.8,0.345,0,0,,2025-12-31,1818.47,33,2025-11-21,2022-03-06,55.11,3,10.4,1,40.0,1,55.1
C002713,2025-09-06,Startup,North America,Pro,Organic,6,165.58,116,20.0,3,25.8,0.833,0,0,,2025-12-31,227.5,1,2025-11-26,2025-11-26,227.5,3,16.8,0,35.0,1,75.9
C002714,2024-01-15,Startup,Europe,Pro,Sales,2,159.66,716,13.0,5,37.8,0.109,0,0,,2025-12-31,1809.22,11,2025-10-12,2024-03-13,164.47,5,10.3,0,80.0,1,46.2
C002715,2023-12-26,SMB,APAC,Starter,Referral,15,50.08,736,15.0,0,23.2,0.271,1,0,,2025-12-31,790.42,16,2025-12-08,2024-03-20,49.4,0,0.0,0,23.0,1,56.8
C002716,2023-10-26,SMB,Europe,Pro,Paid Search,23,160.04,797,13.0,0,-9.2,0.453,2,0,,2025-12-31,1407.8400000000001,9,2025-11-06,2024-01-15,156.43,0,0.0,0,55.0,1,55.3
C002717,2023-09-13,Mid-Market,APAC,Starter,Sales,78,57.89,840,11.0,0,55.0,0.726,0,0,,2025-12-31,1330.67,24,2025-12-21,2023-09-17,55.44,1,10.2,0,10.0,1,72.1
C002718,2024-09-13,Enterprise,North America,Business,Referral,359,397.64,474,20.0,0,39.7,0.156,0,0,,2025-12-31,3201.4,8,2025-12-26,2025-01-10,400.18,2,17.0,0,5.0,1,61.5
C002719,2024-04-09,Mid-Market,North America,Free,Referral,39,0.0,631,18.0,0,44.2,0.221,1,0,,2025-12-31,24.7,15,2025-11-05,2024-04-09,1.65,0,0.0,0,56.0,0,60.1
C002720,2022-08-22,Mid-Market,APAC,Pro,Sales,16,155.87,1227,27.0,2,31.5,0.287,0,0,,2025-12-31,3540.27,24,2025-07-17,2022-09-10,147.51,2,11.2,0,167.0,1,67.9
C002721,2024-06-15,Enterprise,APAC,Starter,Organic,416,57.09,564,13.0,2,72.8,0.634,0,0,,2025-12-31,869.79,14,2025-12-10,2024-06-18,62.13,2,13.6,0,21.0,1,69.9
C002722,2024-08-13,SMB,APAC,Pro,Referral,12,167.06,505,0.0,0,22.4,0.414,0,1,2024-11-09,2025-12-31,317.19,2,2024-10-03,2024-09-10,158.6,1,24.3,0,454.0,0,49.7
C002723,2022-06-12,Enterprise,Europe,Pro,Paid Search,433,152.95,1298,16.0,3,8.1,0.329,1,0,,2025-12-31,3421.45,24,2025-10-16,2022-07-27,142.56,3,18.7,0,76.0,1,53.5
C002724,2023-06-23,Enterprise,APAC,Pro,Referral,80,146.79,922,11.0,2,76.6,0.618,0,0,,2025-12-31,3299.88,24,2025-12-02,2023-07-01,137.5,2,23.2,0,29.0,1,68.0
C002725,2025-02-04,SMB,APAC,Pro,Referral,9,139.59,330,0.6,2,-20.0,0.432,1,1,2025-09-02,2025-12-31,428.66999999999996,3,2025-08-30,2025-05-10,142.89,2,32.6,1,123.0,0,41.5
C002726,2024-06-03,SMB,APAC,Starter,Referral,17,53.98,576,23.0,1,31.2,0.973,0,0,,2025-12-31,737.18,13,2025-12-11,2024-07-01,56.71,1,15.7,0,20.0,1,86.3
C002727,2022-07-15,Mid-Market,APAC,Starter,Referral,39,54.15,1265,17.0,2,33.1,0.264,0,0,,2025-12-31,1219.3,21,2025-11-29,2022-08-07,58.06,2,24.4,0,32.0,1,58.4
C002728,2022-02-27,Enterprise,North America,Business,Referral,216,399.36,1403,17.0,1,32.1,0.503,1,0,,2025-12-31,11242.77,28,2025-11-09,2022-10-12,401.53,1,4.0,0,52.0,1,65.0
C002729,2024-04-11,Mid-Market,North America,Free,Organic,38,0.0,629,17.0,0,-3.8,0.18,0,0,,2025-12-31,97.69,14,2025-12-25,2024-04-28,6.98,0,0.0,0,6.0,0,55.2
C002730,2023-10-23,Mid-Market,North America,Business,Paid Search,72,470.15,800,27.0,0,5.4,0.477,1,0,,2025-12-31,7600.77,17,2025-12-09,2023-12-28,447.1,0,0.0,0,22.0,1,72.0
C002731,2025-10-06,Startup,Europe,Pro,Organic,2,136.25,86,19.0,2,58.9,0.601,1,0,,2025-12-31,158.97,1,2025-11-13,2025-11-13,158.97,2,19.4,0,48.0,1,70.9
C002732,2024-01-17,Startup,APAC,Business,Referral,3,374.05,714,19.0,3,69.6,0.677,1,0,,2025-12-31,5993.96,16,2025-12-01,2024-04-18,374.62,4,26.8,1,30.0,1,72.7
C002733,2025-08-25,SMB,North America,Starter,Partner,14,47.33,128,21.0,1,24.6,0.698,0,0,,2025-12-31,0.0,0,,,0.0,2,13.4,0,,1,75.6
C002734,2022-11-03,SMB,North America,Pro,Partner,24,166.37,1154,20.0,1,11.7,0.358,0,0,,2025-12-31,4318.82,25,2025-06-13,2022-11-12,172.75,1,16.4,0,201.0,1,63.3
C002735,2023-10-02,SMB,APAC,Free,Organic,18,0.0,821,19.0,2,-9.6,0.492,0,0,,2025-12-31,79.14,14,2025-12-22,2023-10-18,5.65,2,7.7,0,9.0,0,62.8
C002736,2022-07-19,SMB,North America,Enterprise,Partner,6,1079.47,1261,2.0,3,58.5,0.578,0,0,,2025-12-31,23285.0,21,2025-08-02,2022-09-08,1108.81,3,9.5,0,151.0,1,55.5
C002737,2024-04-01,Mid-Market,APAC,Pro,Paid Search,28,176.17,639,11.0,1,60.0,0.281,0,0,,2025-12-31,3076.81,17,2025-11-19,2024-07-23,180.99,1,4.2,1,42.0,1,57.8
C002738,2022-09-27,Enterprise,North America,Pro,Sales,295,161.62,1191,7.0,1,-35.3,0.305,1,0,,2025-12-31,2430.29,16,2025-07-20,2023-03-10,151.89,1,25.6,0,164.0,1,43.4
C002739,2023-12-05,SMB,North America,Business,Referral,16,463.75,757,24.0,1,-25.6,0.368,0,0,,2025-12-31,7661.82,18,2025-12-24,2024-01-07,425.66,2,11.6,0,7.0,1,63.4
C002740,2023-05-08,SMB,Europe,Starter,Paid Search,23,57.31,968,16.0,2,38.4,0.55,1,0,,2025-12-31,1243.32,23,2025-12-03,2023-06-13,54.06,2,14.4,0,28.0,1,64.6
C002741,2022-09-23,Mid-Market,North America,Pro,Referral,23,165.35,1195,14.0,3,41.7,0.412,0,0,,2025-12-31,3718.76,23,2025-12-01,2022-09-27,161.69,4,15.5,0,30.0,1,59.5
C002742,2022-05-19,Mid-Market,North America,Business,Organic,47,396.73,1322,14.0,1,23.1,0.602,1,0,,2025-12-31,11183.95,28,2025-10-30,2022-05-26,399.43,2,9.4,0,62.0,1,64.4
C002743,2024-01-03,Mid-Market,North America,Free,Organic,18,0.0,728,10.9,2,34.2,0.392,0,1,2024-12-31,2025-12-31,49.03,10,2024-12-28,2024-01-10,4.9,2,21.8,0,368.0,0,56.9
C002744,2025-09-16,Mid-Market,North America,Enterprise,Partner,24,1150.73,106,21.0,0,28.8,0.082,0,0,,2025-12-31,1402.61,1,2025-10-20,2025-10-20,1402.61,0,0.0,0,72.0,1,59.1
C002745,2022-10-12,SMB,North America,Business,Referral,8,394.22,1176,5.0,0,35.7,0.454,1,0,,2025-12-31,8285.22,20,2025-12-12,2022-11-01,414.26,0,0.0,0,19.0,1,54.7
C002746,2023-08-03,SMB,APAC,Enterprise,Organic,11,1362.16,881,27.0,3,12.5,0.659,0,0,,2025-12-31,28012.43,21,2025-11-15,2023-08-05,1333.93,5,8.2,0,46.0,1,75.6
C002747,2022-11-18,SMB,North America,Business,Organic,13,446.95,1139,21.0,0,34.7,0.057,0,0,,2025-12-31,10629.62,25,2025-12-15,2022-12-08,425.18,0,0.0,0,16.0,1,58.9
C002748,2025-03-02,Mid-Market,North America,Starter,Paid Search,75,53.62,304,5.0,0,18.1,0.263,0,0,,2025-12-31,103.9,2,2025-10-09,2025-03-07,51.95,0,0.0,0,83.0,1,49.2
C002749,2023-08-17,Enterprise,North America,Pro,Organic,450,143.75,867,16.0,1,16.1,0.848,0,0,,2025-12-31,1838.99,13,2025-07-11,2024-01-19,141.46,2,6.3,0,173.0,1,74.8
C002750,2025-10-25,Startup,LATAM,Free,Paid Search,3,0.0,67,4.6,3,-11.7,0.313,2,1,2025-12-01,2025-12-31,32.19,5,2025-11-27,2025-10-28,6.44,4,17.6,1,34.0,0,38.8
C002751,2022-12-17,SMB,APAC,Business,Paid Search,18,476.75,1110,10.0,1,30.6,0.514,1,0,,2025-12-31,8656.42,19,2025-11-23,2023-01-13,455.6,1,8.6,0,38.0,1,58.9
C002752,2022-04-26,Enterprise,LATAM,Starter,Sales,456,58.62,1345,24.0,1,55.1,0.348,0,0,,2025-12-31,1023.91,16,2025-12-28,2022-05-16,63.99,3,4.1,0,3.0,1,70.9
C002753,2024-04-13,Mid-Market,LATAM,Business,Paid Search,58,485.19,627,7.0,0,26.9,0.29,0,0,,2025-12-31,5461.48,12,2025-12-04,2024-09-28,455.12,2,9.6,0,27.0,1,52.6
C002754,2024-07-20,Startup,North America,Starter,Organic,2,50.68,529,23.0,1,26.2,0.498,0,0,,2025-12-31,512.1899999999999,9,2025-08-12,2024-10-18,56.91,1,3.9,0,141.0,1,71.6
C002755,2025-11-17,SMB,APAC,Starter,Organic,19,45.01,44,17.0,0,66.4,0.679,1,0,,2025-12-31,43.03,1,2025-12-17,2025-12-17,43.03,1,25.1,0,14.0,1,75.2
C002756,2025-05-31,Startup,North America,Free,Organic,1,0.0,214,12.0,2,60.6,0.344,0,1,2025-11-13,2025-12-31,0.0,3,2025-11-03,2025-07-16,0.0,2,6.6,0,58.0,0,59.1
C002757,2025-06-18,SMB,APAC,Pro,Referral,10,179.09,196,20.0,1,78.4,0.49,0,0,,2025-12-31,989.29,5,2025-11-06,2025-07-28,197.86,2,14.3,0,55.0,1,73.9
C002758,2024-06-25,SMB,Europe,Starter,Paid Search,7,51.2,554,17.0,1,91.4,0.277,1,0,,2025-12-31,1052.92,22,2025-12-26,2024-07-16,47.86,2,9.2,0,5.0,1,64.1
C002759,2023-05-30,SMB,North America,Starter,Organic,3,44.13,946,5.0,0,36.5,0.477,0,0,,2025-12-31,602.83,14,2025-11-11,2023-08-29,43.06,0,0.0,0,50.0,1,57.4
C002760,2023-09-06,Mid-Market,LATAM,Starter,Sales,61,55.26,847,27.0,2,6.1,0.277,0,0,,2025-12-31,1248.04,24,2025-09-04,2023-11-17,52.0,2,8.6,0,118.0,1,65.0
C002761,2022-07-11,SMB,APAC,Starter,Referral,4,54.48,1269,17.0,0,22.0,0.381,0,0,,2025-12-31,1576.47,30,2025-10-19,2022-08-16,52.55,0,0.0,0,73.0,1,63.8
C002762,2023-09-09,SMB,LATAM,Enterprise,Organic,9,1379.94,844,10.0,0,49.3,0.626,1,0,,2025-12-31,17341.45,12,2025-09-24,2023-12-17,1445.12,0,0.0,0,98.0,1,65.6
C002763,2023-06-06,Mid-Market,North America,Pro,Organic,76,174.17,939,7.0,1,71.0,0.266,2,0,,2025-12-31,3759.28,22,2025-12-13,2023-06-23,170.88,2,6.8,0,18.0,1,50.8
C002764,2022-02-21,Startup,North America,Starter,Referral,2,57.27,1409,3.0,1,8.8,0.305,0,0,,2025-12-31,1464.72,26,2025-07-26,2022-03-17,56.34,1,19.5,0,158.0,1,46.2
C002765,2022-10-20,Mid-Market,North America,Starter,Partner,45,50.91,1168,8.0,0,41.4,0.674,0,0,,2025-12-31,1493.78,30,2025-11-08,2022-11-17,49.79,0,0.0,0,53.0,1,66.5
C002766,2024-02-04,Enterprise,Europe,Free,Sales,67,0.0,696,3.0,0,15.2,0.285,0,0,,2025-12-31,71.76,12,2025-10-06,2024-06-15,5.98,1,21.5,0,86.0,0,47.7
C002767,2023-06-13,Mid-Market,Europe,Starter,Organic,24,55.63,932,24.0,0,31.3,0.29,0,0,,2025-12-31,1107.6399999999999,20,2025-11-14,2023-08-26,55.38,0,0.0,0,47.0,1,68.3
C002768,2025-11-21,Startup,North America,Free,Referral,7,0.0,40,5.4,1,31.0,0.249,0,1,2025-12-21,2025-12-31,22.21,1,2025-11-27,2025-11-27,22.21,2,7.6,0,34.0,0,48.9
C002769,2023-11-16,Startup,APAC,Free,Organic,6,0.0,776,17.0,1,44.5,0.717,0,0,,2025-12-31,190.66,31,2025-11-18,2023-12-04,6.15,2,12.4,0,43.0,0,74.6
C002770,2025-10-02,SMB,North America,Free,Paid Search,9,0.0,90,22.0,1,85.8,0.509,0,0,,2025-12-31,11.12,2,2025-10-16,2025-10-08,5.56,1,40.8,0,76.0,0,77.0
C002771,2024-08-02,Startup,APAC,Starter,Referral,6,53.63,516,26.0,0,46.9,0.302,0,0,,2025-12-31,986.54,18,2025-10-15,2024-08-30,54.81,0,0.0,0,77.0,1,72.0
C002772,2022-02-27,Startup,APAC,Business,Referral,7,403.91,1403,12.0,0,24.3,0.144,0,0,,2025-12-31,10355.92,24,2025-12-16,2022-03-27,431.5,1,12.1,0,15.0,1,52.5
C002773,2022-10-18,Startup,Europe,Free,Organic,6,0.0,1170,1.0,0,20.1,0.365,2,0,,2025-12-31,148.49,31,2025-07-19,2022-11-11,4.79,1,3.1,0,165.0,0,44.9
C002774,2024-10-06,Startup,North America,Pro,Organic,1,133.55,451,17.0,0,30.2,0.646,2,0,,2025-12-31,1262.37,10,2025-11-23,2024-12-03,126.24,1,17.6,0,38.0,1,68.6
C002775,2024-02-19,Mid-Market,North America,Pro,Referral,69,137.78,681,26.0,1,13.2,0.173,0,0,,2025-12-31,1502.6599999999999,12,2025-12-12,2024-07-31,125.22,2,23.0,0,19.0,1,63.2
C002776,2023-03-08,SMB,North America,Business,Organic,4,377.7,1029,10.0,1,38.5,0.586,0,0,,2025-12-31,7106.38,17,2025-12-11,2023-05-27,418.02,1,16.2,0,20.0,1,63.9
C002777,2024-01-17,SMB,APAC,Starter,Paid Search,18,55.29,714,2.0,1,-25.3,0.55,0,0,,2025-12-31,1048.23,18,2025-09-13,2024-03-31,58.24,1,7.3,0,109.0,1,49.3
C002778,2025-07-15,SMB,Europe,Business,Organic,4,408.15,169,20.0,1,29.7,0.125,0,0,,2025-12-31,2070.28,5,2025-12-16,2025-07-26,414.06,1,13.4,0,15.0,1,58.1
C002779,2023-07-10,Mid-Market,North America,Business,Organic,48,464.17,905,17.0,1,31.7,0.25,0,0,,2025-12-31,8064.79,18,2025-09-19,2023-11-03,448.04,1,35.1,0,103.0,1,59.3
C002780,2022-03-06,SMB,LATAM,Enterprise,Referral,17,1448.4,1396,4.0,0,6.0,0.65,0,0,,2025-12-31,41205.38,30,2025-11-09,2022-03-19,1373.51,0,0.0,0,52.0,1,58.7
C002781,2023-03-21,Startup,Europe,Business,Organic,1,362.31,1016,0.0,1,25.4,0.344,0,0,,2025-12-31,4807.12,15,2025-12-13,2023-04-10,320.47,1,13.0,0,18.0,1,46.4
C002782,2025-08-31,Mid-Market,APAC,Free,Paid Search,23,0.0,122,14.0,0,63.0,0.15,0,0,,2025-12-31,17.32,2,2025-11-15,2025-10-02,8.66,2,16.5,1,46.0,0,58.3
C002783,2024-12-25,Startup,Europe,Enterprise,Partner,3,1124.67,371,4.0,2,64.8,0.163,1,0,,2025-12-31,11208.21,10,2025-11-15,2025-02-16,1120.82,3,29.0,0,46.0,1,44.9
C002784,2025-04-12,Mid-Market,LATAM,Business,Organic,69,444.03,263,5.0,0,21.7,0.665,1,0,,2025-12-31,2282.33,5,2025-12-29,2025-04-26,456.47,2,7.6,0,2.0,1,59.6
C002785,2025-07-27,Mid-Market,North America,Starter,Partner,75,57.5,157,8.0,0,48.1,0.9,0,0,,2025-12-31,321.93,6,2025-12-25,2025-08-10,53.66,0,0.0,0,6.0,1,74.0
C002786,2022-06-18,Enterprise,North America,Starter,Paid Search,80,48.73,1292,13.0,0,-2.5,0.323,0,0,,2025-12-31,911.57,19,2025-06-12,2022-08-05,47.98,0,0.0,0,202.0,1,56.0
C002787,2023-02-09,SMB,APAC,Enterprise,Referral,19,1386.04,1056,22.0,1,27.6,0.099,0,0,,2025-12-31,23750.79,16,2025-12-15,2023-03-31,1484.42,2,4.8,0,16.0,1,58.9
C002788,2022-03-27,SMB,APAC,Starter,Referral,13,44.45,1375,5.3,3,40.8,0.468,0,1,2024-09-08,2025-12-31,880.01,20,2024-07-28,2022-04-17,44.0,3,11.0,0,521.0,0,53.4
C002789,2022-01-07,Mid-Market,Europe,Business,Referral,61,451.18,1454,23.0,3,73.2,0.208,0,0,,2025-12-31,11442.62,26,2025-08-06,2022-02-19,440.1,3,10.4,0,147.0,1,64.6
C002790,2025-04-08,SMB,North America,Starter,Paid Search,17,57.24,267,16.0,2,64.8,0.522,0,0,,2025-12-31,182.20000000000002,3,2025-09-13,2025-07-30,60.73,2,14.4,0,109.0,1,68.4
C002791,2025-09-01,Mid-Market,North America,Pro,Referral,78,182.33,121,5.8,2,40.2,0.393,0,1,2025-12-16,2025-12-31,881.64,4,2025-12-03,2025-09-16,220.41,2,18.5,0,28.0,0,53.0
C002792,2022-08-11,SMB,APAC,Free,Partner,8,0.0,1238,14.0,1,12.2,0.123,0,0,,2025-12-31,167.45000000000002,31,2025-11-13,2022-09-01,5.4,1,1.9,1,48.0,0,50.9
C002793,2024-10-29,Startup,APAC,Pro,Paid Search,2,134.34,428,3.0,2,69.0,0.322,0,0,,2025-12-31,1199.19,9,2025-11-08,2024-12-29,133.24,2,41.7,1,53.0,1,51.2
C002794,2024-02-04,SMB,North America,Pro,Organic,3,153.18,696,27.0,2,26.5,0.327,0,0,,2025-12-31,2482.85,16,2025-12-26,2024-02-18,155.18,2,6.4,0,5.0,1,68.6
C002795,2022-04-09,SMB,North America,Enterprise,Organic,17,1256.25,1362,8.0,1,46.2,0.389,2,0,,2025-12-31,31249.94,27,2025-12-14,2022-04-28,1157.41,1,6.9,0,17.0,1,52.9
C002796,2025-08-02,SMB,Europe,Starter,Organic,13,53.53,151,25.0,1,31.9,0.327,0,0,,2025-12-31,66.07,1,2025-10-13,2025-10-13,66.07,1,9.3,0,79.0,1,68.8
C002797,2025-05-30,Startup,APAC,Free,Organic,4,0.0,215,18.0,2,84.8,0.427,0,0,,2025-12-31,7.81,3,2025-10-25,2025-07-14,2.6,3,16.2,1,67.0,0,69.4
C002798,2024-03-22,Mid-Market,Europe,Starter,Sales,48,48.04,649,8.0,0,19.7,0.491,0,0,,2025-12-31,679.52,15,2025-11-25,2024-04-18,45.3,0,0.0,0,36.0,1,58.8
C002799,2024-10-09,Mid-Market,Europe,Free,Sales,53,0.0,448,13.0,0,57.9,0.743,0,0,,2025-12-31,19.9,8,2025-11-15,2024-11-30,2.49,0,0.0,0,46.0,0,74.7
C002800,2023-07-23,Enterprise,LATAM,Enterprise,Organic,65,1484.07,892,1.4,0,32.8,0.51,1,1,2023-11-06,2025-12-31,8005.7300000000005,5,2023-10-26,2023-07-30,1601.15,1,11.7,0,797.0,0,52.8
C002801,2025-02-07,SMB,North America,Free,Sales,14,0.0,327,17.0,0,49.2,0.708,0,0,,2025-12-31,41.980000000000004,9,2025-11-29,2025-03-12,4.66,1,20.4,0,32.0,0,76.3
C002802,2023-09-29,SMB,Europe,Starter,Referral,10,52.5,824,1.0,0,75.5,0.285,0,0,,2025-12-31,1536.56,27,2025-10-07,2023-10-12,56.91,0,0.0,0,85.0,1,52.0
C002803,2025-11-15,SMB,Europe,Business,Paid Search,14,362.16,46,17.0,3,-15.1,0.125,0,0,,2025-12-31,645.48,2,2025-12-26,2025-12-25,322.74,4,17.5,0,5.0,1,47.9
C002804,2022-04-01,Mid-Market,Europe,Starter,Sales,19,46.85,1370,5.0,2,33.4,0.768,0,0,,2025-12-31,1249.66,28,2025-10-20,2022-04-10,44.63,2,16.2,0,72.0,1,62.8
C002805,2022-09-04,Enterprise,APAC,Starter,Referral,249,54.29,1214,3.0,3,12.6,0.378,0,0,,2025-12-31,1379.56,26,2025-12-18,2022-09-11,53.06,3,17.3,0,13.0,1,45.8
C002806,2025-10-17,SMB,Europe,Pro,Partner,21,155.97,75,6.0,2,46.1,0.16,1,0,,2025-12-31,365.65,3,2025-12-18,2025-11-13,121.88,3,59.6,0,13.0,1,44.8
C002807,2023-02-17,Startup,Europe,Starter,Organic,4,46.75,1048,2.0,0,52.3,0.189,0,0,,2025-12-31,1095.88,23,2025-11-23,2023-02-26,47.65,0,0.0,0,38.0,1,47.7
C002808,2023-03-21,Mid-Market,North America,Business,Organic,54,470.11,1016,24.0,1,23.2,0.196,0,0,,2025-12-31,7674.68,15,2025-07-14,2023-07-20,511.65,2,15.1,0,170.0,1,63.1
C002809,2025-02-05,Mid-Market,APAC,Pro,Sales,26,178.21,329,26.0,0,21.9,0.49,0,0,,2025-12-31,1077.13,7,2025-11-02,2025-02-17,153.88,1,11.2,0,59.0,1,75.1
C002810,2022-09-28,Mid-Market,North America,Starter,Organic,30,49.08,1190,25.0,0,40.1,0.374,1,0,,2025-12-31,1324.58,26,2025-09-28,2022-12-06,50.95,0,0.0,0,94.0,1,70.6
C002811,2024-01-05,SMB,North America,Pro,Organic,20,167.12,726,20.0,5,3.2,0.668,1,0,,2025-12-31,729.0899999999999,6,2025-10-19,2024-09-23,121.51,6,12.5,0,73.0,1,63.7
C002812,2023-02-14,Mid-Market,Europe,Business,Organic,54,387.05,1051,6.0,1,43.3,0.614,0,0,,2025-12-31,7201.97,19,2025-12-26,2023-05-09,379.05,1,22.4,1,5.0,1,61.6
C002813,2022-10-11,Mid-Market,Europe,Starter,Paid Search,79,46.97,1177,21.0,0,14.6,0.501,0,0,,2025-12-31,1116.4,24,2025-12-13,2023-01-25,46.52,1,8.4,0,18.0,1,70.2
C002814,2025-10-11,SMB,LATAM,Business,Paid Search,16,381.0,81,21.0,1,53.3,0.648,0,0,,2025-12-31,229.78,1,2025-10-28,2025-10-28,229.78,2,17.2,0,64.0,1,77.0
C002815,2022-10-13,Mid-Market,APAC,Starter,Sales,79,47.67,1175,6.0,1,2.1,0.573,0,0,,2025-12-31,1061.61,23,2025-12-29,2023-01-05,46.16,2,4.7,0,2.0,1,56.3
C002816,2022-05-15,Mid-Market,APAC,Pro,Paid Search,64,160.89,1326,23.0,0,20.8,0.391,0,0,,2025-12-31,4054.39,25,2025-09-21,2022-07-01,162.18,0,0.0,0,101.0,1,69.3
C002817,2024-08-21,Enterprise,North America,Business,Sales,261,404.78,497,27.0,1,16.2,0.237,0,0,,2025-12-31,7096.81,16,2025-12-03,2024-08-21,443.55,2,8.2,0,28.0,1,66.3
C002818,2025-05-25,Startup,Europe,Free,Partner,7,0.0,220,2.8,2,27.5,0.391,1,1,2025-09-18,2025-12-31,23.55,1,2025-06-24,2025-06-24,23.55,2,10.0,0,190.0,0,47.0
C002819,2022-07-02,SMB,LATAM,Pro,Paid Search,24,145.41,1278,16.0,1,69.4,0.488,0,0,,2025-12-31,3629.65,26,2025-12-05,2022-07-30,139.6,1,21.6,0,26.0,1,69.4
C002820,2024-10-09,Mid-Market,Europe,Free,Organic,33,0.0,448,6.0,0,56.1,0.535,0,1,2025-03-11,2025-12-31,0.0,3,2025-02-11,2024-11-16,0.0,0,0.0,0,323.0,0,62.0
C002821,2024-02-13,Enterprise,APAC,Pro,Organic,260,186.55,687,7.0,1,23.0,0.228,0,0,,2025-12-31,2589.16,14,2025-08-28,2024-04-13,184.94,2,6.6,0,125.0,1,48.9
C002822,2025-04-01,SMB,Europe,Pro,Referral,12,146.19,274,27.0,2,23.0,0.346,1,0,,2025-12-31,863.56,5,2025-12-22,2025-04-17,172.71,2,34.5,0,9.0,1,66.8
C002823,2022-07-01,Startup,North America,Starter,Referral,6,47.01,1279,8.0,2,57.1,0.313,0,0,,2025-12-31,944.99,21,2025-05-30,2022-08-04,45.0,4,20.0,0,215.0,1,54.2
C002824,2025-10-27,Enterprise,Europe,Free,Paid Search,289,0.0,65,27.0,1,5.9,0.457,2,0,,2025-12-31,10.83,4,2025-12-28,2025-11-18,2.71,1,8.4,0,3.0,0,67.9
C002825,2024-06-04,Mid-Market,North America,Enterprise,Sales,49,1482.14,575,6.0,1,35.6,0.456,1,0,,2025-12-31,20604.53,12,2025-12-24,2024-07-03,1717.04,1,4.4,0,7.0,1,54.1
C002826,2025-04-19,Mid-Market,North America,Starter,Referral,24,57.22,256,20.0,0,19.9,0.68,1,0,,2025-12-31,405.19,6,2025-11-08,2025-04-25,67.53,0,0.0,0,53.0,1,73.2
C002827,2023-06-02,SMB,North America,Starter,Organic,21,49.93,943,14.0,2,30.7,0.405,0,0,,2025-12-31,877.73,17,2025-12-13,2023-06-19,51.63,2,14.4,0,18.0,1,59.7
C002828,2025-09-11,Startup,North America,Free,Partner,4,0.0,111,10.0,1,55.2,0.498,1,0,,2025-12-31,18.61,4,2025-12-06,2025-10-20,4.65,1,21.0,0,25.0,0,60.9
C002829,2024-06-14,SMB,North America,Pro,Referral,12,158.02,565,12.0,1,18.3,0.651,1,0,,2025-12-31,2889.19,17,2025-12-06,2024-07-05,169.95,2,13.4,0,25.0,1,63.6
C002830,2022-07-01,Mid-Market,APAC,Starter,Referral,74,48.35,1279,6.0,2,59.4,0.784,0,0,,2025-12-31,1440.65,28,2025-12-09,2022-07-08,51.45,4,10.2,0,22.0,1,66.8
C002831,2025-08-12,SMB,North America,Business,Organic,8,355.8,141,18.0,1,90.0,0.607,0,0,,2025-12-31,336.27,1,2025-10-15,2025-10-15,336.27,1,29.8,0,77.0,1,76.8
C002832,2025-02-11,SMB,APAC,Pro,Organic,13,151.79,323,27.0,3,50.1,0.257,1,0,,2025-12-31,657.34,4,2025-08-19,2025-02-12,164.34,4,18.3,0,134.0,1,65.3
C002833,2023-03-06,Mid-Market,Europe,Free,Paid Search,76,0.0,1031,16.0,3,32.9,0.527,0,0,,2025-12-31,92.28,15,2025-11-29,2023-04-29,6.15,3,33.8,0,32.0,0,63.9
C002834,2024-02-20,Mid-Market,North America,Pro,Organic,55,174.78,680,7.0,2,63.9,0.022,0,0,,2025-12-31,2479.93,15,2025-10-28,2024-03-06,165.33,3,9.9,0,64.0,1,45.3
C002835,2023-07-09,Mid-Market,North America,Starter,Organic,72,49.35,906,8.2,1,7.3,0.332,0,1,2025-06-23,2025-12-31,727.56,15,2025-06-09,2023-08-08,48.5,3,9.0,0,205.0,0,51.5
C002836,2024-02-17,SMB,LATAM,Free,Partner,10,0.0,683,12.0,3,73.0,0.279,0,0,,2025-12-31,82.02,12,2025-10-21,2024-02-24,6.84,3,24.1,0,71.0,0,56.9
C002837,2025-10-12,SMB,Europe,Pro,Paid Search,23,169.3,80,25.0,1,16.2,0.514,0,0,,2025-12-31,137.06,1,2025-11-10,2025-11-10,137.06,1,14.6,0,51.0,1,72.9
C002838,2025-07-09,SMB,LATAM,Starter,Organic,23,59.77,175,7.0,0,89.2,0.12,0,0,,2025-12-31,236.32,4,2025-11-13,2025-07-28,59.08,0,0.0,0,48.0,1,53.8
C002839,2022-11-05,Startup,North America,Business,Partner,4,463.93,1152,14.0,0,17.1,0.233,0,0,,2025-12-31,12512.41,28,2025-10-06,2023-01-27,446.87,0,0.0,0,86.0,1,56.2
C002840,2025-10-21,Mid-Market,APAC,Pro,Organic,28,150.14,71,13.0,1,51.5,0.271,0,0,,2025-12-31,399.22,3,2025-12-21,2025-10-25,133.07,1,9.8,1,10.0,1,58.4
C002841,2023-09-19,Mid-Market,APAC,Starter,Paid Search,79,51.9,834,24.0,0,-4.0,0.198,0,0,,2025-12-31,897.76,17,2025-10-24,2023-09-28,52.81,1,112.4,0,68.0,1,62.0
C002842,2024-10-04,Enterprise,LATAM,Enterprise,Referral,246,1503.22,453,3.0,0,29.7,0.399,0,0,,2025-12-31,9907.75,7,2025-11-17,2025-04-07,1415.39,0,0.0,0,44.0,1,52.6
C002843,2024-12-28,Startup,North America,Pro,Sales,4,156.72,368,17.0,0,8.0,0.311,1,0,,2025-12-31,1312.66,8,2025-11-09,2025-02-04,164.08,1,7.7,0,52.0,1,58.3
C002844,2023-11-22,SMB,LATAM,Starter,Organic,23,44.47,770,22.0,0,-1.0,0.421,0,0,,2025-12-31,508.75,11,2025-09-15,2023-12-08,46.25,0,0.0,0,107.0,1,67.2
C002845,2023-10-16,Mid-Market,North America,Pro,Referral,19,168.18,807,10.0,2,65.1,0.356,0,0,,2025-12-31,2095.59,14,2025-10-25,2024-01-02,149.68,3,10.6,0,67.0,1,58.1
C002846,2023-10-15,Enterprise,APAC,Enterprise,Sales,282,1320.8,808,14.0,1,4.3,0.524,0,0,,2025-12-31,32194.41,22,2025-11-23,2023-10-22,1463.38,2,7.8,0,38.0,1,62.2
C002847,2025-05-18,SMB,Europe,Starter,Partner,16,55.82,227,1.9,0,16.6,0.215,0,1,2025-08-18,2025-12-31,148.1,3,2025-07-27,2025-07-08,49.37,0,0.0,0,157.0,0,44.8
C002848,2023-07-07,SMB,Europe,Starter,Sales,5,57.06,908,4.1,3,13.7,0.515,1,1,2025-06-05,2025-12-31,729.35,12,2025-05-28,2023-08-27,60.78,3,9.3,0,217.0,0,49.0
C002849,2023-02-05,SMB,North America,Pro,Organic,11,150.34,1060,26.0,1,63.5,0.311,1,0,,2025-12-31,2548.34,16,2025-12-16,2023-03-05,159.27,1,32.0,0,15.0,1,70.4
C002850,2023-06-02,Mid-Market,APAC,Starter,Organic,15,51.17,943,10.0,0,60.4,0.707,0,0,,2025-12-31,904.61,17,2025-12-27,2023-06-13,53.21,1,36.4,0,4.0,1,71.2
C002851,2022-10-06,Startup,North America,Starter,Referral,2,49.17,1182,5.0,1,66.8,0.215,2,0,,2025-12-31,1127.21,23,2025-10-12,2023-01-29,49.01,2,15.4,0,80.0,1,47.1
C002852,2023-07-14,SMB,Europe,Pro,Paid Search,16,152.06,901,4.7,1,15.3,0.311,1,1,2025-01-13,2025-12-31,2100.67,13,2024-12-29,2023-10-04,161.59,2,22.9,0,367.0,0,46.6
C002853,2022-06-13,SMB,Europe,Business,Paid Search,16,419.46,1297,13.0,2,68.7,0.393,0,0,,2025-12-31,8985.91,22,2025-09-30,2022-07-11,408.45,5,10.7,0,92.0,1,62.3
C002854,2022-05-09,SMB,APAC,Business,Organic,20,438.74,1332,21.0,1,15.1,0.821,1,0,,2025-12-31,14479.39,33,2025-10-15,2022-07-19,438.77,1,18.2,0,77.0,1,76.4
C002855,2024-11-01,Startup,Europe,Free,Organic,3,0.0,425,1.0,4,16.1,0.461,1,0,,2025-12-31,39.05,7,2025-12-03,2025-03-21,5.58,4,25.0,0,28.0,0,43.3
C002856,2022-04-21,Startup,APAC,Starter,Organic,4,56.15,1350,25.0,2,17.5,0.792,0,0,,2025-12-31,2523.47,45,2025-11-28,2022-04-27,56.08,2,11.5,0,33.0,1,79.8
C002857,2024-03-23,SMB,Europe,Free,Organic,4,0.0,648,19.0,2,18.4,0.574,0,0,,2025-12-31,143.42,19,2025-11-07,2024-04-23,7.55,2,11.0,1,54.0,0,68.0
C002858,2025-01-20,SMB,Europe,Starter,Sales,22,47.15,345,23.0,0,32.7,0.454,1,0,,2025-12-31,233.91,6,2025-10-18,2025-02-28,38.98,1,35.9,1,74.0,1,70.4
C002859,2024-11-02,Mid-Market,Europe,Pro,Organic,18,139.75,424,11.0,0,14.0,0.292,0,0,,2025-12-31,1111.62,9,2025-12-12,2025-01-15,123.51,0,0.0,0,19.0,1,55.0
C002860,2023-09-30,Startup,APAC,Starter,Referral,3,53.5,823,12.0,2,40.8,0.348,0,0,,2025-12-31,760.65,15,2025-10-29,2023-12-18,50.71,2,11.2,0,63.0,1,57.2
C002861,2022-10-04,SMB,APAC,Business,Organic,16,478.81,1184,9.0,1,-30.2,0.483,0,0,,2025-12-31,13524.710000000001,26,2025-09-06,2022-11-01,520.18,2,11.1,0,116.0,1,53.0
C002862,2025-08-23,Enterprise,Europe,Pro,Paid Search,213,147.6,130,23.0,0,40.7,0.416,0,0,,2025-12-31,140.74,1,2025-08-29,2025-08-29,140.74,0,0.0,0,124.0,1,72.1
C002863,2025-04-09,Mid-Market,North America,Pro,Sales,59,176.72,266,1.0,0,7.8,0.39,0,0,,2025-12-31,1198.89,7,2025-12-29,2025-06-14,171.27,0,0.0,0,2.0,1,48.4
C002864,2024-05-25,Startup,Europe,Business,Organic,1,459.17,585,14.0,0,18.3,0.601,0,0,,2025-12-31,4342.06,10,2025-12-28,2024-07-31,434.21,1,6.3,0,3.0,1,67.4
C002865,2022-05-05,Startup,North America,Pro,Organic,6,169.64,1336,7.0,3,18.9,0.432,0,0,,2025-12-31,5315.16,30,2025-12-23,2022-05-26,177.17,4,7.2,0,8.0,1,51.6
C002866,2022-02-20,Startup,North America,Business,Referral,3,416.22,1410,17.0,2,58.6,0.203,1,0,,2025-12-31,12088.65,29,2025-12-29,2022-05-11,416.85,2,6.8,0,2.0,1,57.1
C002867,2023-03-27,SMB,APAC,Business,Organic,7,468.18,1010,26.0,2,47.6,0.28,3,0,,2025-12-31,5000.2,11,2025-06-08,2023-06-15,454.56,2,9.0,0,206.0,1,62.4
C002868,2022-08-14,SMB,Europe,Pro,Organic,4,131.31,1235,18.0,1,30.9,0.463,1,0,,2025-12-31,2857.17,22,2025-12-10,2022-08-27,129.87,3,18.8,0,21.0,1,64.6
C002869,2025-05-15,Startup,Europe,Starter,Sales,1,55.08,230,0.6,0,17.1,0.12,0,1,2025-11-15,2025-12-31,205.61999999999998,4,2025-11-02,2025-05-17,51.4,1,99.1,0,59.0,0,40.8
C002870,2022-10-22,Mid-Market,LATAM,Starter,Paid Search,66,56.2,1166,11.0,0,54.6,0.603,1,0,,2025-12-31,1133.77,21,2025-12-28,2022-11-10,53.99,2,16.4,0,3.0,1,66.4
C002871,2023-02-09,Mid-Market,North America,Business,Partner,51,416.26,1056,0.0,0,79.9,0.106,0,0,,2025-12-31,8229.53,19,2025-12-23,2023-03-23,433.13,1,3.8,0,8.0,1,46.2
C002872,2025-10-27,Startup,North America,Free,Organic,4,0.0,65,13.0,1,34.3,0.562,0,0,,2025-12-31,0.0,1,2025-11-21,2025-11-21,0.0,1,33.9,1,40.0,0,65.4
C002873,2025-03-16,Enterprise,North America,Enterprise,Organic,403,1439.78,290,4.0,3,-5.0,0.19,0,0,,2025-12-31,8112.06,5,2025-12-23,2025-04-12,1622.41,3,23.0,0,8.0,1,39.3
C002874,2022-11-09,SMB,North America,Starter,Paid Search,13,56.17,1148,19.0,0,17.4,0.702,1,0,,2025-12-31,1433.25,25,2025-09-06,2022-12-27,57.33,1,9.4,1,116.0,1,72.8
C002875,2023-07-03,SMB,APAC,Business,Partner,17,394.85,912,14.0,1,49.0,0.584,1,0,,2025-12-31,9034.37,23,2025-12-23,2023-08-26,392.8,1,11.0,0,8.0,1,66.4
C002876,2024-01-08,SMB,APAC,Starter,Organic,3,51.5,723,8.0,1,23.9,0.228,1,0,,2025-12-31,766.23,15,2025-10-22,2024-01-28,51.08,1,8.2,0,70.0,1,47.9
C002877,2024-08-07,Mid-Market,Europe,Enterprise,Sales,74,1248.42,511,24.0,1,13.5,0.676,0,0,,2025-12-31,11063.52,9,2025-08-09,2024-08-26,1229.28,2,15.4,0,144.0,1,76.6
C002878,2025-08-31,SMB,North America,Free,Referral,17,0.0,122,20.0,0,12.4,0.663,0,0,,2025-12-31,41.06,4,2025-12-14,2025-08-31,10.26,2,23.6,1,17.0,0,74.0
C002879,2025-05-30,Mid-Market,Europe,Starter,Partner,55,56.76,215,17.0,3,37.3,0.884,0,0,,2025-12-31,216.11,4,2025-10-28,2025-06-14,54.03,4,8.0,0,64.0,1,75.9
C002880,2025-10-29,Startup,North America,Business,Paid Search,7,433.89,63,9.0,1,-3.3,0.284,1,0,,2025-12-31,594.53,1,2025-11-25,2025-11-25,594.53,1,26.9,0,36.0,1,47.7
C002881,2022-02-28,Mid-Market,APAC,Starter,Partner,38,58.57,1402,7.0,1,34.1,0.413,0,0,,2025-12-31,1786.08,29,2025-11-22,2022-04-06,61.59,1,5.9,0,39.0,1,55.6
C002882,2022-12-04,SMB,Europe,Starter,Referral,12,45.77,1123,16.0,1,37.2,0.505,0,0,,2025-12-31,999.16,21,2025-09-10,2023-03-22,47.58,2,41.8,0,112.0,1,66.7
C002883,2024-03-16,SMB,North America,Business,Organic,19,429.54,655,22.0,3,23.8,0.12,0,0,,2025-12-31,6966.15,17,2025-11-21,2024-04-16,409.77,3,14.8,0,40.0,1,56.1
C002884,2022-03-12,Mid-Market,APAC,Business,Referral,63,436.93,1390,23.0,2,8.9,0.531,0,0,,2025-12-31,13740.119999999999,31,2025-12-04,2022-04-19,443.23,2,6.8,0,27.0,1,69.4
C002885,2023-05-24,Mid-Market,APAC,Free,Paid Search,46,0.0,952,13.4,1,60.5,0.352,3,1,2025-06-14,2025-12-31,139.78,19,2025-05-15,2023-06-19,7.36,1,7.7,0,230.0,0,56.1
C002886,2022-08-08,SMB,North America,Pro,Sales,24,157.82,1241,0.0,1,1.7,0.707,1,0,,2025-12-31,2816.35,19,2025-12-27,2022-10-07,148.23,1,3.3,0,4.0,1,52.9
C002887,2025-08-27,Enterprise,Europe,Starter,Sales,469,50.97,126,27.0,1,39.3,0.472,0,0,,2025-12-31,64.47,1,2025-09-04,2025-09-04,64.47,1,12.4,0,118.0,1,75.7
C002888,2022-04-01,Mid-Market,Europe,Starter,Organic,79,49.36,1370,6.0,1,53.2,0.168,2,0,,2025-12-31,1460.34,31,2025-12-24,2022-04-09,47.11,1,3.5,0,7.0,1,45.2
C002889,2022-08-01,SMB,North America,Pro,Paid Search,9,148.14,1248,0.0,1,39.0,0.542,0,0,,2025-12-31,3251.49,22,2025-11-25,2022-09-05,147.79,2,12.8,0,36.0,1,53.7
C002890,2022-10-07,Startup,North America,Free,Paid Search,5,0.0,1181,15.0,1,65.8,0.106,0,0,,2025-12-31,120.49,23,2025-11-11,2022-10-08,5.24,1,12.0,0,50.0,0,56.7
C002891,2022-08-01,SMB,APAC,Pro,Paid Search,10,164.82,1248,12.0,1,6.6,0.368,0,0,,2025-12-31,5574.62,33,2025-10-11,2022-09-20,168.93,1,16.0,0,81.0,1,55.9
C002892,2024-03-24,Mid-Market,LATAM,Starter,Referral,62,51.79,647,2.0,1,15.2,0.283,1,0,,2025-12-31,578.11,10,2025-12-17,2024-05-11,57.81,1,11.0,0,14.0,1,43.3
C002893,2023-06-06,Startup,Europe,Business,Organic,3,375.62,939,6.0,1,23.5,0.458,0,0,,2025-12-31,5265.26,15,2025-07-18,2023-08-16,351.02,1,2.3,0,166.0,1,54.9
C002894,2025-07-28,SMB,Europe,Pro,Partner,6,137.9,156,5.0,1,100.0,0.233,0,0,,2025-12-31,361.66,3,2025-12-21,2025-11-03,120.55,2,14.8,0,10.0,1,55.0
C002895,2023-01-08,SMB,Europe,Starter,Sales,16,54.95,1088,12.0,1,47.7,0.776,1,0,,2025-12-31,1386.02,25,2025-12-19,2023-02-01,55.44,1,15.0,0,12.0,1,70.3
C002896,2024-02-08,SMB,Europe,Enterprise,Sales,22,1126.59,692,20.0,1,52.4,0.136,0,0,,2025-12-31,23401.61,20,2025-12-05,2024-04-19,1170.08,1,15.7,0,26.0,1,60.7
C002897,2024-08-01,Mid-Market,North America,Business,Organic,76,407.23,517,19.0,2,51.3,0.379,0,0,,2025-12-31,3681.86,10,2025-10-19,2024-10-09,368.19,2,31.8,0,73.0,1,65.5
C002898,2024-06-14,Mid-Market,North America,Starter,Sales,55,48.38,565,0.0,0,37.0,0.453,0,0,,2025-12-31,720.07,14,2025-12-05,2024-06-18,51.43,1,19.5,0,26.0,1,52.3
C002899,2025-02-12,SMB,LATAM,Enterprise,Organic,16,1109.85,322,1.6,0,61.2,0.515,0,1,2025-10-01,2025-12-31,11541.24,10,2025-09-17,2025-02-15,1154.12,0,0.0,0,105.0,0,58.0
C002900,2022-10-16,Enterprise,APAC,Starter,Paid Search,412,61.24,1172,17.0,4,-11.8,0.347,0,0,,2025-12-31,2189.96,35,2025-12-11,2022-10-22,62.57,5,27.0,0,20.0,1,53.4
C002901,2023-12-27,SMB,LATAM,Starter,Organic,19,45.26,735,22.0,3,41.9,0.611,0,0,,2025-12-31,705.58,15,2025-12-15,2024-02-27,47.04,3,24.9,1,16.0,1,72.7
C002902,2025-02-18,Mid-Market,North America,Starter,Partner,32,48.29,316,0.0,0,45.7,0.384,0,0,,2025-12-31,318.09,7,2025-12-11,2025-05-05,45.44,1,89.0,0,20.0,1,51.1
C002903,2025-05-19,Mid-Market,Europe,Starter,Organic,17,46.71,226,9.0,2,60.5,0.634,2,0,,2025-12-31,305.11,6,2025-12-31,2025-05-30,50.85,3,5.3,0,0.0,1,61.1
C002904,2024-06-02,Mid-Market,Europe,Pro,Organic,17,174.3,577,3.0,1,6.1,0.814,0,0,,2025-12-31,2611.43,13,2025-12-28,2024-06-12,200.88,3,22.8,1,3.0,1,61.2
C002905,2024-07-21,SMB,North America,Pro,Paid Search,11,174.95,528,13.0,1,7.9,0.658,0,0,,2025-12-31,3148.49,17,2025-08-25,2024-08-11,185.21,3,10.4,0,128.0,1,65.6
C002906,2025-05-20,SMB,North America,Business,Sales,3,416.71,225,10.0,4,9.5,0.345,0,0,,2025-12-31,1330.3200000000002,4,2025-11-22,2025-07-25,332.58,4,14.3,1,39.0,1,49.2
C002907,2024-06-12,Mid-Market,APAC,Starter,Partner,49,56.02,567,1.4,0,48.1,0.175,0,1,2025-12-21,2025-12-31,918.7,16,2025-12-17,2024-08-21,57.42,1,51.6,0,14.0,0,46.3
C002908,2025-09-18,Mid-Market,Europe,Starter,Referral,57,58.44,104,27.0,0,48.4,0.936,0,0,,2025-12-31,151.66,2,2025-12-16,2025-09-29,75.83,1,108.5,0,15.0,1,92.0
C002909,2022-07-02,Mid-Market,Europe,Starter,Partner,55,49.9,1278,21.0,1,11.3,0.552,0,0,,2025-12-31,1334.12,29,2025-11-21,2022-08-13,46.0,1,6.5,0,40.0,1,69.9
C002910,2023-05-13,Startup,North America,Free,Paid Search,6,0.0,963,15.0,0,82.9,0.258,1,0,,2025-12-31,53.01,21,2025-12-11,2023-05-14,2.52,0,0.0,0,20.0,0,62.4
C002911,2022-06-10,Mid-Market,Europe,Enterprise,Organic,68,1109.27,1300,21.0,2,42.2,0.603,1,0,,2025-12-31,31839.66,31,2025-09-28,2022-06-19,1027.09,3,16.9,0,94.0,1,71.1
C002912,2022-05-10,SMB,North America,Pro,Organic,13,145.06,1331,8.0,3,38.1,0.874,0,0,,2025-12-31,4483.47,30,2025-11-30,2022-05-19,149.45,4,17.6,0,31.0,1,67.7
C002913,2023-11-06,Mid-Market,North America,Business,Paid Search,60,434.85,786,26.0,3,29.8,0.518,0,0,,2025-12-31,10040.23,23,2025-12-01,2023-11-14,436.53,3,11.6,0,30.0,1,72.2
C002914,2022-11-20,Mid-Market,Europe,Business,Sales,53,409.45,1137,11.0,1,58.3,0.322,0,0,,2025-12-31,13254.66,32,2025-11-27,2023-03-12,414.21,2,15.0,0,34.0,1,58.8
C002915,2023-08-06,SMB,North America,Starter,Organic,3,44.96,878,3.4,0,44.7,0.28,0,1,2025-07-30,2025-12-31,692.3,15,2025-07-21,2024-02-02,46.15,0,0.0,0,163.0,0,50.9
C002916,2023-09-19,SMB,LATAM,Free,Partner,10,0.0,834,15.0,1,82.2,0.728,0,0,,2025-12-31,78.13,15,2025-08-21,2024-02-07,5.21,1,18.8,0,132.0,0,77.0
C002917,2024-06-06,Enterprise,Europe,Starter,Referral,195,59.87,573,16.0,2,4.7,0.207,0,0,,2025-12-31,713.43,13,2025-12-26,2024-07-10,54.88,2,16.4,0,5.0,1,53.0
C002918,2025-09-14,Startup,North America,Business,Sales,6,445.8,108,17.0,3,-3.6,0.312,1,0,,2025-12-31,1314.42,3,2025-10-26,2025-09-21,438.14,3,21.2,0,66.0,1,52.7
C002919,2025-04-29,Mid-Market,North America,Starter,Organic,52,57.43,246,23.0,1,16.5,0.689,0,0,,2025-12-31,387.83,7,2025-12-17,2025-05-06,55.4,1,6.8,0,14.0,1,76.4
C002920,2023-06-25,Mid-Market,APAC,Free,Sales,29,0.0,920,7.0,1,48.8,0.51,1,0,,2025-12-31,149.95,28,2025-11-24,2023-08-29,5.36,1,32.5,0,37.0,0,57.9
C002921,2023-04-11,Mid-Market,North America,Pro,Partner,66,145.76,995,19.0,0,24.3,0.712,1,0,,2025-12-31,3245.4,23,2025-11-19,2023-10-09,141.1,1,2.8,0,42.0,1,73.8
C002922,2025-01-07,SMB,North America,Starter,Paid Search,24,55.85,358,1.6,1,66.8,0.415,1,1,2025-04-29,2025-12-31,176.76999999999998,3,2025-03-27,2025-01-17,58.92,2,13.1,0,279.0,0,52.1
C002923,2022-06-26,SMB,Europe,Pro,Referral,11,159.05,1284,6.0,3,25.2,0.707,1,0,,2025-12-31,3794.86,23,2025-11-03,2022-08-31,164.99,3,21.0,0,58.0,1,57.6
C002924,2024-02-12,Enterprise,North America,Free,Organic,463,0.0,688,13.0,3,62.0,0.33,0,0,,2025-12-31,72.5,12,2025-11-30,2024-03-07,6.04,4,18.9,0,31.0,0,58.2
C002925,2023-08-28,Startup,Europe,Pro,Referral,6,133.92,856,14.0,1,14.2,0.434,1,0,,2025-12-31,1909.25,15,2025-10-30,2023-09-25,127.28,2,18.9,0,62.0,1,58.4
C002926,2022-09-19,SMB,Europe,Starter,Partner,24,47.76,1199,18.0,5,64.6,0.459,0,0,,2025-12-31,884.22,19,2025-12-07,2022-10-10,46.54,5,28.7,0,24.0,1,63.8
C002927,2024-05-31,Startup,North America,Business,Referral,3,445.49,579,3.0,2,69.2,0.426,0,0,,2025-12-31,2627.34,7,2025-09-22,2024-07-13,375.33,2,76.8,0,100.0,1,54.4
C002928,2023-04-04,Startup,APAC,Pro,Referral,1,155.61,1002,22.0,1,20.9,0.588,1,0,,2025-12-31,2841.47,18,2025-12-09,2023-06-10,157.86,1,7.5,0,22.0,1,70.9
C002929,2022-09-23,Startup,Europe,Free,Partner,7,0.0,1195,15.0,3,47.2,0.593,0,0,,2025-12-31,172.79,30,2025-12-09,2022-09-28,5.76,3,11.6,1,22.0,0,66.4
C002930,2024-07-23,SMB,Europe,Business,Organic,23,486.39,526,16.0,1,41.7,0.329,0,0,,2025-12-31,7713.64,15,2025-11-26,2024-08-06,514.24,1,7.7,0,35.0,1,61.8
C002931,2022-09-07,Mid-Market,North America,Business,Organic,27,425.04,1211,20.0,2,47.9,0.833,0,0,,2025-12-31,10041.1,24,2025-11-28,2023-01-12,418.38,2,16.0,0,33.0,1,79.6
C002932,2024-08-20,SMB,Europe,Pro,Referral,19,156.03,498,19.0,2,67.1,0.628,0,0,,2025-12-31,1899.79,12,2025-12-13,2024-08-21,158.32,2,24.0,1,18.0,1,74.5
C002933,2022-08-20,SMB,North America,Enterprise,Partner,13,1249.12,1229,12.0,0,59.3,0.417,0,0,,2025-12-31,34306.18,26,2025-10-03,2022-09-15,1319.47,1,6.0,0,89.0,1,64.2
C002934,2023-09-14,SMB,Europe,Business,Sales,12,395.75,839,13.0,1,47.9,0.765,0,0,,2025-12-31,6419.64,15,2025-12-20,2023-11-19,427.98,1,25.4,0,11.0,1,72.8
C002935,2025-03-01,SMB,North America,Starter,Paid Search,6,46.61,305,3.3,1,51.6,0.864,1,1,2025-04-28,2025-12-31,39.06,1,2025-04-06,2025-04-06,39.06,1,8.1,0,269.0,0,65.5
C002936,2022-11-23,Enterprise,LATAM,Starter,Paid Search,91,46.56,1134,15.0,1,3.3,0.221,0,0,,2025-12-31,1149.83,25,2025-09-12,2022-12-22,45.99,1,19.4,0,110.0,1,53.9
C002937,2025-01-02,Startup,North America,Starter,Referral,6,48.05,363,5.0,2,34.0,0.745,0,0,,2025-12-31,555.48,12,2025-12-24,2025-02-20,46.29,2,14.9,1,7.0,1,62.2
C002938,2024-10-29,Mid-Market,LATAM,Pro,Referral,79,143.45,428,17.0,2,7.5,0.088,2,0,,2025-12-31,1659.15,11,2025-12-14,2024-12-08,150.83,3,6.2,1,17.0,1,46.6
C002939,2025-07-14,Startup,LATAM,Enterprise,Paid Search,5,1112.13,170,4.4,2,34.5,0.391,0,1,2025-09-07,2025-12-31,1760.52,2,2025-08-11,2025-07-27,880.26,3,8.0,0,142.0,0,51.1
C002940,2022-08-30,Mid-Market,Europe,Pro,Organic,44,164.23,1219,6.0,1,62.9,0.447,0,0,,2025-12-31,4293.2,28,2025-12-10,2022-10-22,153.33,2,34.6,0,21.0,1,58.6
C002941,2024-10-19,Mid-Market,North America,Starter,Sales,57,48.58,438,13.0,2,34.8,0.723,0,0,,2025-12-31,637.67,13,2025-12-13,2025-01-03,49.05,3,22.2,0,18.0,1,68.8
C002942,2025-09-01,Startup,North America,Enterprise,Referral,4,1115.02,121,26.0,1,-27.6,0.129,0,0,,2025-12-31,2369.7799999999997,2,2025-12-26,2025-09-06,1184.89,2,14.2,0,5.0,1,57.8
C002943,2024-12-27,Startup,LATAM,Pro,Paid Search,1,152.27,369,15.0,0,8.8,0.398,0,0,,2025-12-31,417.35,3,2025-07-29,2025-01-22,139.12,1,7.9,0,155.0,1,61.2
C002944,2022-09-26,SMB,Europe,Starter,Paid Search,4,43.13,1192,9.0,0,49.5,0.755,0,0,,2025-12-31,844.9,22,2025-08-12,2022-12-04,38.4,0,0.0,0,141.0,1,70.6
C002945,2025-03-21,Startup,Europe,Enterprise,Organic,2,1253.91,285,12.0,2,21.5,0.435,2,0,,2025-12-31,2329.09,2,2025-08-30,2025-06-26,1164.54,3,23.4,0,123.0,1,53.9
C002946,2022-06-03,Mid-Market,North America,Starter,Paid Search,32,50.62,1307,16.0,0,54.6,0.11,1,0,,2025-12-31,1096.75,22,2025-11-26,2022-06-21,49.85,0,0.0,0,35.0,1,56.0
C002947,2024-04-22,Startup,APAC,Pro,Organic,7,145.27,618,2.1,2,4.8,0.405,1,1,2025-01-28,2025-12-31,912.61,6,2025-01-02,2024-06-08,152.1,2,9.6,1,363.0,0,44.5
C002948,2023-12-13,Mid-Market,North America,Pro,Organic,53,139.81,749,15.0,1,44.5,0.713,0,0,,2025-12-31,1574.99,12,2025-12-25,2024-01-05,131.25,1,5.1,0,6.0,1,72.7
C002949,2024-01-30,SMB,North America,Enterprise,Referral,8,1154.88,701,0.0,0,45.8,0.431,0,0,,2025-12-31,16622.53,14,2025-12-30,2024-03-26,1187.32,0,0.0,0,1.0,1,52.5
C002950,2024-01-13,SMB,North America,Starter,Paid Search,8,55.11,718,23.0,0,54.7,0.433,0,0,,2025-12-31,572.3,10,2025-12-21,2024-01-27,57.23,1,5.9,0,10.0,1,74.0
C002951,2022-02-15,Enterprise,Europe,Starter,Referral,89,52.16,1415,17.0,1,18.6,0.624,0,0,,2025-12-31,1282.06,24,2025-07-31,2022-04-23,53.42,1,17.2,0,153.0,1,69.3
C002952,2023-12-28,SMB,APAC,Pro,Paid Search,23,165.25,734,3.0,2,54.5,0.76,0,0,,2025-12-31,2649.69,16,2025-11-24,2024-01-07,165.61,3,27.0,0,37.0,1,62.9
C002953,2025-09-01,SMB,APAC,Business,Organic,9,460.71,121,13.0,4,72.7,0.263,0,0,,2025-12-31,2042.32,4,2025-11-25,2025-09-03,510.58,4,5.2,1,36.0,1,55.8
C002954,2023-09-17,Mid-Market,North America,Free,Paid Search,22,0.0,836,24.0,1,-21.8,0.297,0,0,,2025-12-31,98.27,17,2025-11-15,2023-11-06,5.78,1,19.6,0,46.0,0,61.7
C002955,2023-01-31,Startup,North America,Starter,Organic,7,55.79,1065,27.0,0,36.3,0.214,1,0,,2025-12-31,1290.26,23,2025-10-24,2023-03-30,56.1,1,17.7,0,68.0,1,67.2
C002956,2025-11-23,SMB,APAC,Enterprise,Partner,15,1129.94,38,3.0,2,-10.2,0.534,0,0,,2025-12-31,1366.78,1,2025-12-22,2025-12-22,1366.78,3,15.8,0,9.0,1,49.7
C002957,2022-05-22,Mid-Market,Europe,Business,Sales,67,458.53,1319,7.0,1,13.5,0.296,0,0,,2025-12-31,12397.4,28,2025-12-17,2022-06-13,442.76,1,24.0,0,14.0,1,50.0
C002958,2023-11-27,SMB,North America,Starter,Referral,15,46.79,765,2.3,1,15.5,0.06,1,1,2024-10-30,2025-12-31,215.51,5,2024-10-17,2023-12-16,43.1,1,11.5,0,440.0,0,36.9
C002959,2024-01-04,Mid-Market,North America,Starter,Referral,25,54.45,727,10.0,1,33.3,0.065,0,0,,2025-12-31,850.2,16,2025-12-06,2024-02-16,53.14,1,69.2,1,25.0,1,47.7
C002960,2023-11-15,Enterprise,Europe,Pro,Referral,444,163.74,777,24.0,2,44.4,0.762,0,0,,2025-12-31,3105.75,18,2025-12-09,2023-11-29,172.54,2,53.9,0,22.0,1,80.7
C002961,2025-08-11,SMB,LATAM,Pro,Referral,10,176.56,142,19.0,2,57.6,0.405,0,0,,2025-12-31,593.72,3,2025-12-01,2025-08-30,197.91,3,12.1,0,30.0,1,66.9
C002962,2023-08-27,Enterprise,Europe,Pro,Partner,290,159.95,857,7.0,2,41.6,0.245,2,0,,2025-12-31,2108.27,12,2025-09-25,2023-09-14,175.69,3,9.8,0,97.0,1,45.8
C002963,2025-10-23,Enterprise,North America,Business,Referral,244,484.62,69,9.0,1,51.8,0.389,1,0,,2025-12-31,1096.08,2,2025-11-21,2025-10-23,548.04,2,6.3,0,40.0,1,56.4
C002964,2022-04-06,SMB,APAC,Free,Paid Search,13,0.0,1365,17.0,0,8.0,0.563,1,0,,2025-12-31,193.77,34,2025-10-24,2022-05-08,5.7,0,0.0,0,68.0,0,65.9
C002965,2024-11-15,Enterprise,North America,Business,Organic,231,379.43,411,16.0,1,61.4,0.312,0,0,,2025-12-31,2469.89,8,2025-10-12,2025-01-05,308.74,1,6.5,0,80.0,1,63.3
C002966,2024-04-27,Startup,APAC,Free,Referral,4,0.0,613,12.0,1,-47.4,0.612,1,0,,2025-12-31,0.0,6,2025-11-19,2024-05-28,0.0,2,27.2,0,42.0,0,55.8
C002967,2022-12-10,SMB,North America,Business,Referral,3,435.56,1117,11.0,0,73.2,0.565,0,0,,2025-12-31,11125.27,27,2025-10-21,2023-01-23,412.05,0,0.0,0,71.0,1,69.1
C002968,2022-11-22,Mid-Market,North America,Free,Organic,59,0.0,1135,26.0,2,68.7,0.508,0,0,,2025-12-31,70.42,26,2025-12-30,2023-03-11,2.71,2,16.2,0,1.0,0,77.3
C002969,2024-10-26,SMB,Europe,Free,Sales,7,0.0,431,14.0,0,53.8,0.366,0,0,,2025-12-31,76.28,12,2025-12-22,2024-11-11,6.36,0,0.0,0,9.0,0,63.9
C002970,2024-06-30,Enterprise,North America,Starter,Organic,429,61.49,549,21.0,1,90.7,0.283,0,0,,2025-12-31,720.85,11,2025-09-06,2024-09-08,65.53,2,20.7,0,116.0,1,69.8
C002971,2024-05-23,SMB,North America,Starter,Referral,5,49.76,587,26.0,0,-10.1,0.334,0,0,,2025-12-31,718.96,14,2025-11-09,2024-06-02,51.35,1,3.1,0,52.0,1,67.2
C002972,2022-03-14,Enterprise,Europe,Starter,Sales,224,55.43,1388,9.0,1,54.5,0.505,1,0,,2025-12-31,1304.13,24,2025-12-15,2022-04-25,54.34,2,15.7,0,16.0,1,60.1
C002973,2024-05-04,Startup,APAC,Pro,Paid Search,1,133.54,606,21.0,3,38.4,0.852,0,0,,2025-12-31,1396.79,11,2025-08-23,2024-05-04,126.98,4,14.0,0,130.0,1,78.6
C002974,2025-11-04,Mid-Market,APAC,Business,Sales,33,376.86,57,22.0,1,41.1,0.553,0,0,,2025-12-31,553.31,2,2025-12-28,2025-12-14,276.65,1,6.2,0,3.0,1,73.8
C002975,2022-01-25,SMB,North America,Pro,Referral,18,169.85,1436,6.0,0,5.9,0.41,1,0,,2025-12-31,5100.42,29,2025-12-24,2022-02-03,175.88,0,0.0,0,7.0,1,51.2
C002976,2023-11-02,Mid-Market,North America,Pro,Referral,27,150.0,790,6.0,1,44.9,0.601,0,0,,2025-12-31,2328.06,15,2025-11-29,2023-11-25,155.2,2,42.2,0,32.0,1,61.4
C002977,2023-12-08,Mid-Market,Europe,Starter,Sales,38,56.28,754,4.0,1,43.7,0.516,0,0,,2025-12-31,588.47,10,2025-10-22,2024-01-24,58.85,2,9.4,0,70.0,1,56.9
C002978,2025-07-06,SMB,Europe,Business,Partner,22,373.18,178,17.0,0,17.8,0.219,0,0,,2025-12-31,1033.16,2,2025-11-24,2025-08-07,516.58,0,0.0,0,37.0,1,58.5
C002979,2023-02-09,SMB,North America,Free,Paid Search,20,0.0,1056,21.0,0,33.3,0.269,0,0,,2025-12-31,164.28,27,2025-12-31,2023-02-20,6.08,0,0.0,0,0.0,0,65.2
C002980,2023-11-12,Startup,APAC,Starter,Partner,2,48.81,780,4.8,1,2.1,0.073,0,1,2025-06-19,2025-12-31,863.36,16,2025-04-09,2024-02-18,53.96,1,6.1,0,266.0,0,40.2
C002981,2024-10-22,Enterprise,LATAM,Free,Paid Search,187,0.0,435,4.8,2,25.1,0.628,1,1,2025-08-17,2025-12-31,66.4,7,2025-02-23,2024-10-23,9.49,2,11.8,0,311.0,0,55.6
C002982,2022-03-28,Enterprise,North America,Starter,Paid Search,179,61.64,1374,19.0,1,59.0,0.299,0,0,,2025-12-31,1642.93,29,2025-12-12,2022-04-20,56.65,1,4.4,0,19.0,1,65.3
C002983,2025-02-19,Mid-Market,APAC,Pro,Organic,15,135.12,315,0.0,1,59.5,0.404,1,0,,2025-12-31,563.81,4,2025-12-07,2025-02-19,140.95,2,18.8,0,24.0,1,49.6
C002984,2025-03-21,Mid-Market,Europe,Free,Paid Search,66,0.0,285,5.7,1,54.2,0.296,1,1,2025-05-26,2025-12-31,26.39,4,2025-05-26,2025-04-03,6.6,1,2.0,0,219.0,0,50.9
C002985,2024-10-26,Startup,North America,Free,Referral,6,0.0,431,13.0,1,59.0,0.376,0,0,,2025-12-31,41.489999999999995,8,2025-10-17,2024-11-18,5.19,1,4.3,0,75.0,0,62.3
C002986,2024-07-15,Startup,Europe,Business,Sales,5,394.5,534,23.0,0,59.3,0.437,0,0,,2025-12-31,5578.08,15,2025-12-02,2024-07-29,371.87,0,0.0,0,29.0,1,74.6
C002987,2024-12-05,Startup,North America,Free,Sales,4,0.0,391,27.0,0,18.9,0.48,1,0,,2025-12-31,24.880000000000003,7,2025-11-01,2024-12-19,3.55,1,4.5,0,60.0,0,73.4
C002988,2025-01-22,Mid-Market,North America,Pro,Organic,66,175.54,343,15.0,2,43.5,0.373,1,0,,2025-12-31,907.3,6,2025-10-23,2025-03-29,151.22,2,11.0,0,69.0,1,58.9
C002989,2025-07-15,SMB,LATAM,Starter,Partner,6,47.71,169,3.7,2,62.2,0.448,1,1,2025-11-17,2025-12-31,257.14,5,2025-11-03,2025-08-31,51.43,3,17.9,0,58.0,0,53.0
C002990,2023-09-05,SMB,Europe,Business,Partner,20,461.29,848,25.0,2,0.5,0.252,1,0,,2025-12-31,11354.87,23,2025-11-03,2023-10-25,493.69,2,8.7,0,58.0,1,59.9
C002991,2023-10-15,Mid-Market,North America,Pro,Organic,38,182.43,808,9.0,0,0.4,0.099,0,0,,2025-12-31,3634.37,19,2025-12-14,2023-12-14,191.28,0,0.0,0,17.0,1,46.0
C002992,2024-07-01,SMB,Europe,Free,Partner,13,0.0,548,4.0,1,-1.0,0.457,1,0,,2025-12-31,60.900000000000006,8,2025-10-18,2024-08-16,7.61,1,11.9,0,74.0,0,48.7
C002993,2022-10-04,Mid-Market,LATAM,Business,Paid Search,19,384.16,1184,14.0,1,-9.6,0.317,0,0,,2025-12-31,8170.6900000000005,22,2025-11-15,2022-12-04,371.4,1,59.4,0,46.0,1,54.6
C002994,2025-05-09,Mid-Market,Europe,Starter,Sales,76,59.9,236,4.5,3,8.7,0.234,3,1,2025-10-08,2025-12-31,296.84999999999997,5,2025-10-08,2025-05-10,59.37,3,19.2,0,84.0,0,36.4
C002995,2025-01-06,Startup,LATAM,Starter,Organic,5,43.46,359,17.0,2,21.9,0.354,0,0,,2025-12-31,365.21,8,2025-12-09,2025-01-21,45.65,2,17.2,0,22.0,1,60.0
C002996,2024-06-21,Mid-Market,APAC,Pro,Referral,57,143.39,558,21.0,1,72.8,0.221,0,0,,2025-12-31,1507.39,11,2025-12-16,2024-06-25,137.04,1,16.4,0,15.0,1,66.2
C002997,2023-03-08,Startup,North America,Pro,Sales,2,147.15,1029,14.0,2,24.1,0.462,0,0,,2025-12-31,3351.57,23,2025-10-28,2023-03-14,145.72,3,18.1,0,64.0,1,60.8
C002998,2023-05-13,Mid-Market,APAC,Starter,Referral,66,56.04,963,8.0,1,-2.9,0.551,0,0,,2025-12-31,891.6700000000001,16,2025-10-23,2023-08-18,55.73,1,78.0,0,69.0,1,56.9
C002999,2023-09-15,Enterprise,Europe,Starter,Organic,372,61.87,838,15.0,2,39.2,0.641,1,0,,2025-12-31,928.9,15,2025-12-15,2023-12-23,61.93,2,8.7,0,16.0,1,66.5
C003000,2024-08-05,Mid-Market,APAC,Starter,Organic,75,53.83,513,12.0,1,30.3,0.581,0,0,,2025-12-31,668.97,12,2025-11-19,2024-08-09,55.75,3,13.7,0,42.0,1,64.7
C003001,2025-01-17,Mid-Market,North America,Pro,Sales,77,175.71,348,5.0,0,15.4,0.343,1,0,,2025-12-31,1797.6000000000001,10,2025-12-08,2025-02-20,179.76,0,0.0,0,23.0,1,49.3
C003002,2024-08-18,SMB,North America,Enterprise,Organic,4,1153.12,500,21.0,1,20.3,0.399,0,0,,2025-12-31,13639.09,11,2025-12-28,2024-08-28,1239.92,1,12.3,0,3.0,1,66.2
C003003,2025-08-22,Enterprise,North America,Starter,Organic,309,57.7,131,9.0,0,61.7,0.244,0,0,,2025-12-31,498.07,8,2025-12-27,2025-08-27,62.26,0,0.0,0,4.0,1,56.5
C003004,2025-10-05,SMB,Europe,Enterprise,Sales,18,1176.51,87,15.0,0,-0.2,0.358,0,0,,2025-12-31,1608.94,2,2025-10-29,2025-10-10,804.47,1,11.5,0,63.0,1,59.1
C003005,2024-10-05,Startup,APAC,Starter,Referral,2,55.49,452,25.0,1,-6.6,0.464,0,0,,2025-12-31,627.86,11,2025-12-25,2024-10-12,57.08,2,12.2,0,6.0,1,69.1
C003006,2023-06-15,Mid-Market,APAC,Business,Referral,46,411.48,930,5.0,1,46.7,0.585,0,0,,2025-12-31,8301.07,19,2025-12-17,2023-07-07,436.9,1,3.5,0,14.0,1,60.2
C003007,2024-05-06,Mid-Market,Europe,Enterprise,Organic,29,1368.94,604,3.9,1,19.7,0.327,0,1,2025-09-19,2025-12-31,7570.6900000000005,6,2025-07-18,2024-08-19,1261.78,1,44.6,0,166.0,0,48.8
C003008,2023-08-31,SMB,North America,Pro,Paid Search,12,151.32,853,4.0,4,73.8,0.65,0,0,,2025-12-31,2330.26,17,2025-12-04,2023-09-16,137.07,4,15.7,0,27.0,1,59.5
C003009,2024-06-18,SMB,North America,Free,Referral,9,0.0,561,2.9,0,31.1,0.192,1,1,2025-03-02,2025-12-31,24.38,6,2025-01-12,2024-07-27,4.06,1,2.5,0,353.0,0,44.5
C003010,2025-03-07,SMB,APAC,Starter,Paid Search,21,54.08,299,8.0,1,32.5,0.572,0,0,,2025-12-31,238.07999999999998,5,2025-12-17,2025-04-16,47.62,1,41.8,0,14.0,1,61.1
C003011,2023-06-13,Enterprise,Europe,Free,Organic,493,0.0,932,25.0,1,54.7,0.36,1,0,,2025-12-31,61.21,16,2025-09-10,2023-07-04,3.83,2,14.0,0,112.0,0,70.1
C003012,2023-12-25,SMB,APAC,Pro,Organic,9,146.44,737,5.3,1,-6.8,0.508,3,1,2024-08-29,2025-12-31,889.03,6,2024-07-27,2024-01-18,148.17,2,27.0,0,522.0,0,46.8
C003013,2022-03-07,SMB,North America,Enterprise,Partner,15,1175.18,1395,8.6,2,43.4,0.155,0,1,2023-04-17,2025-12-31,15602.5,13,2023-03-08,2022-04-13,1200.19,2,9.2,0,1029.0,0,48.7
C003014,2024-11-19,Mid-Market,Europe,Starter,Organic,40,51.64,407,3.0,0,25.9,0.655,0,0,,2025-12-31,401.0,8,2025-10-19,2024-11-30,50.12,1,11.3,0,73.0,1,59.9
C003015,2023-12-02,Enterprise,LATAM,Starter,Referral,82,46.11,760,12.0,0,60.7,0.761,0,0,,2025-12-31,1238.63,28,2025-12-27,2024-01-10,44.24,0,0.0,0,4.0,1,74.6
C003016,2023-10-20,Startup,North America,Starter,Organic,3,57.79,803,23.0,1,18.8,0.586,0,0,,2025-12-31,700.03,13,2025-12-10,2023-12-29,53.85,1,6.8,0,21.0,1,73.5
C003017,2024-02-01,Mid-Market,North America,Pro,Organic,29,149.12,699,7.8,4,39.4,0.546,2,1,2025-09-10,2025-12-31,1918.57,13,2025-07-31,2024-04-24,147.58,5,7.1,0,153.0,0,52.3
C003018,2022-11-05,Mid-Market,Europe,Pro,Sales,44,157.28,1152,7.0,2,26.0,0.187,0,0,,2025-12-31,3863.6,25,2025-10-10,2022-12-08,154.54,2,6.5,0,82.0,1,46.5
C003019,2024-05-05,Mid-Market,Europe,Starter,Sales,23,48.58,605,27.0,2,45.3,0.667,0,0,,2025-12-31,687.6,14,2025-11-24,2024-05-17,49.11,3,12.5,0,37.0,1,80.6
C003020,2024-12-01,SMB,LATAM,Business,Partner,24,410.75,395,22.0,1,28.7,0.142,1,0,,2025-12-31,2330.17,6,2025-11-23,2025-03-04,388.36,1,40.6,0,38.0,1,58.3
C003021,2023-05-16,SMB,LATAM,Free,Sales,7,0.0,960,11.0,0,41.6,0.252,0,0,,2025-12-31,121.04,24,2025-11-28,2023-07-16,5.04,0,0.0,0,33.0,0,56.5
C003022,2022-07-07,Mid-Market,APAC,Pro,Organic,65,170.91,1273,27.0,0,78.8,0.462,2,0,,2025-12-31,5563.09,31,2025-11-22,2022-08-03,179.45,0,0.0,0,39.0,1,76.8
C003023,2023-07-08,SMB,North America,Starter,Paid Search,8,51.12,907,5.0,1,27.9,0.514,0,0,,2025-12-31,1037.42,21,2025-11-13,2023-08-25,49.4,1,10.4,0,48.0,1,56.2
C003024,2022-10-11,SMB,Europe,Free,Organic,15,0.0,1177,9.0,0,45.1,0.698,0,0,,2025-12-31,136.13,25,2025-12-05,2022-11-21,5.45,0,0.0,0,26.0,0,68.5
C003025,2023-06-19,Mid-Market,APAC,Pro,Paid Search,45,160.22,926,26.0,1,92.2,0.307,1,0,,2025-12-31,2071.12,12,2025-05-26,2023-06-19,172.59,2,6.0,0,219.0,1,73.1
C003026,2024-06-15,Startup,Europe,Pro,Referral,2,138.78,564,27.0,1,44.7,0.158,0,0,,2025-12-31,1734.6100000000001,15,2025-10-22,2024-07-01,115.64,1,16.2,0,70.0,1,66.8
C003027,2022-06-12,Mid-Market,LATAM,Starter,Referral,18,48.7,1298,23.0,0,-25.9,0.319,0,0,,2025-12-31,1730.47,37,2025-12-20,2022-06-20,46.77,1,20.1,0,11.0,1,62.5
C003028,2024-12-04,Mid-Market,Europe,Business,Organic,33,425.65,392,1.2,0,18.3,0.425,1,1,2025-04-02,2025-12-31,1824.88,4,2025-02-19,2024-12-10,456.22,0,0.0,0,315.0,0,48.7
C003029,2022-11-18,Startup,North America,Pro,Paid Search,2,163.1,1139,6.0,0,4.9,0.175,0,0,,2025-12-31,3459.69,21,2025-12-23,2023-02-15,164.75,1,7.3,0,8.0,1,46.1
C003030,2025-07-03,Startup,Europe,Starter,Sales,6,44.09,181,18.0,2,58.0,0.601,0,0,,2025-12-31,237.37,5,2025-11-25,2025-09-13,47.47,2,9.1,0,36.0,1,71.9
C003031,2024-11-13,Mid-Market,APAC,Enterprise,Partner,64,1249.43,413,1.0,0,32.7,0.263,0,0,,2025-12-31,8973.56,8,2025-11-10,2025-03-08,1121.7,1,6.5,0,51.0,1,47.1
C003032,2023-01-25,Startup,North America,Enterprise,Organic,2,1090.64,1071,27.0,0,61.6,0.591,0,0,,2025-12-31,20346.18,20,2025-09-22,2023-03-03,1017.31,0,0.0,0,100.0,1,83.0
C003033,2024-03-16,SMB,North America,Free,Paid Search,15,0.0,655,26.0,1,50.3,0.886,1,0,,2025-12-31,6.74,10,2025-11-20,2024-05-12,0.67,2,4.6,0,41.0,0,86.3
C003034,2022-06-08,Mid-Market,APAC,Enterprise,Paid Search,30,1173.98,1302,22.0,2,50.2,0.529,0,0,,2025-12-31,28733.08,24,2025-11-27,2022-07-11,1197.21,2,11.7,0,34.0,1,72.5
C003035,2022-05-23,Startup,North America,Business,Paid Search,3,391.51,1318,27.0,2,4.4,0.591,1,0,,2025-12-31,8984.31,23,2025-11-20,2022-06-02,390.62,3,14.0,0,41.0,1,72.3
C003036,2025-09-29,SMB,North America,Free,Paid Search,10,0.0,93,2.1,1,47.6,0.281,0,1,2025-12-06,2025-12-31,29.099999999999998,5,2025-11-28,2025-10-02,5.82,2,5.4,0,33.0,0,48.6
C003037,2025-02-21,Mid-Market,APAC,Pro,Paid Search,24,154.94,313,24.0,0,69.2,0.414,0,0,,2025-12-31,568.84,3,2025-11-15,2025-03-14,189.61,1,5.9,0,46.0,1,75.8
C003038,2022-08-09,SMB,APAC,Free,Paid Search,8,0.0,1240,2.9,1,-1.2,0.398,0,1,2024-03-12,2025-12-31,40.980000000000004,14,2023-09-13,2022-08-21,2.93,1,6.3,0,840.0,0,47.9
C003039,2023-02-09,Mid-Market,Europe,Pro,Paid Search,30,140.53,1056,3.0,0,27.1,0.829,0,0,,2025-12-31,3795.9,27,2025-12-05,2023-03-13,140.59,1,10.3,0,26.0,1,65.3
C003040,2022-10-10,Enterprise,LATAM,Enterprise,Organic,85,1427.91,1178,7.0,2,43.9,0.514,0,0,,2025-12-31,41264.54,31,2025-11-14,2022-11-01,1331.11,2,11.5,0,47.0,1,58.1
C003041,2023-07-20,Startup,LATAM,Starter,Organic,2,50.77,895,21.0,1,37.5,0.304,0,0,,2025-12-31,935.98,19,2025-11-03,2023-09-14,49.26,3,12.8,0,58.0,1,65.1
C003042,2023-02-21,SMB,Europe,Pro,Paid Search,14,158.79,1044,26.0,1,70.9,0.137,0,0,,2025-12-31,2660.36,17,2025-10-04,2023-09-16,156.49,2,15.7,0,88.0,1,67.9
C003043,2023-04-15,SMB,North America,Starter,Sales,16,48.37,991,17.0,2,53.2,0.647,0,0,,2025-12-31,1008.3199999999999,22,2025-12-14,2023-04-18,45.83,3,36.7,0,17.0,1,71.9
C003044,2024-01-28,SMB,APAC,Pro,Referral,20,134.61,703,6.0,0,45.2,0.353,0,0,,2025-12-31,1751.1200000000001,13,2025-12-13,2024-04-15,134.7,1,18.8,0,18.0,1,55.5
C003045,2022-09-28,SMB,North America,Business,Organic,17,435.86,1190,16.0,1,55.4,0.495,0,0,,2025-12-31,11222.78,26,2025-12-18,2023-01-09,431.65,2,11.2,0,13.0,1,68.2
C003046,2025-06-16,Mid-Market,APAC,Starter,Paid Search,27,51.91,198,14.0,3,54.1,0.756,2,0,,2025-12-31,255.09,5,2025-12-07,2025-06-23,51.02,3,16.3,0,24.0,1,67.1
C003047,2024-11-06,Startup,Europe,Pro,Partner,7,150.5,420,14.0,2,36.0,0.362,0,0,,2025-12-31,698.59,4,2025-11-29,2025-02-01,174.65,3,14.9,0,32.0,1,59.0
C003048,2024-12-23,SMB,North America,Starter,Paid Search,11,52.12,373,6.1,1,26.1,0.529,0,1,2025-01-28,2025-12-31,155.32,3,2025-01-22,2024-12-23,51.77,1,23.5,0,343.0,0,57.4
C003049,2022-08-31,SMB,Europe,Business,Partner,14,446.87,1218,3.0,0,59.8,0.559,2,0,,2025-12-31,8120.57,18,2025-10-06,2022-09-12,451.14,1,18.4,0,86.0,1,56.4
C003050,2024-10-09,SMB,Europe,Pro,Sales,14,159.28,448,10.0,1,16.4,0.16,0,0,,2025-12-31,1750.1599999999999,11,2025-11-26,2024-11-09,159.11,2,8.2,0,35.0,1,48.9
C003051,2025-04-10,Mid-Market,LATAM,Pro,Organic,15,154.03,265,24.0,1,33.2,0.128,0,0,,2025-12-31,1121.47,7,2025-11-22,2025-04-22,160.21,1,5.9,0,39.0,1,62.1
C003052,2022-09-08,Enterprise,North America,Starter,Paid Search,449,63.09,1210,11.0,1,6.1,0.213,1,0,,2025-12-31,1895.34,30,2025-11-22,2022-10-18,63.18,2,6.0,0,39.0,1,48.3
C003053,2024-12-10,Mid-Market,LATAM,Pro,Paid Search,20,162.24,386,0.0,2,53.3,0.434,0,0,,2025-12-31,1471.38,9,2025-11-09,2025-04-30,163.49,3,13.7,0,52.0,1,50.4
C003054,2023-05-27,Mid-Market,North America,Pro,Partner,65,150.47,949,9.0,1,65.8,0.332,0,0,,2025-12-31,2065.23,13,2025-08-05,2023-09-15,158.86,1,8.5,0,148.0,1,58.1
C003055,2025-01-31,SMB,APAC,Pro,Organic,11,143.52,334,12.0,3,11.6,0.114,0,0,,2025-12-31,1032.85,6,2025-12-11,2025-03-07,172.14,4,33.2,0,20.0,1,45.8
C003056,2023-11-16,Startup,LATAM,Pro,Partner,4,152.61,776,16.0,1,31.2,0.517,0,0,,2025-12-31,1643.5,11,2025-07-21,2024-02-09,149.41,2,16.9,0,163.0,1,66.4
C003057,2025-02-21,Mid-Market,North America,Business,Organic,75,385.78,313,17.0,0,23.0,0.448,0,0,,2025-12-31,1970.6599999999999,5,2025-09-09,2025-03-16,394.13,1,6.9,0,113.0,1,65.9
C003058,2022-07-30,Mid-Market,North America,Starter,Referral,43,45.25,1250,11.0,0,61.9,0.506,0,0,,2025-12-31,1207.28,25,2025-11-13,2022-08-04,48.29,0,0.0,0,48.0,1,66.2
C003059,2023-07-11,SMB,APAC,Free,Partner,12,0.0,904,4.0,2,70.4,0.534,0,0,,2025-12-31,153.2,32,2025-12-21,2023-08-04,4.79,2,14.2,0,10.0,0,58.6
C003060,2023-01-27,Mid-Market,APAC,Enterprise,Paid Search,78,1269.24,1069,6.2,1,23.0,0.165,1,1,2024-08-01,2025-12-31,15884.630000000001,14,2024-07-24,2023-02-11,1134.62,1,8.9,0,525.0,0,44.3
C003061,2022-12-22,Startup,North America,Free,Sales,7,0.0,1105,0.0,5,-42.3,0.282,1,1,2025-11-25,2025-12-31,137.81,19,2025-07-05,2023-01-19,7.25,6,8.7,1,179.0,0,29.7
C003062,2023-03-17,Mid-Market,Europe,Enterprise,Referral,30,1092.04,1020,14.0,2,63.8,0.39,1,0,,2025-12-31,18651.22,18,2025-08-23,2023-03-25,1036.18,2,19.4,0,130.0,1,60.6
C003063,2023-07-01,Enterprise,APAC,Pro,Paid Search,97,173.15,914,12.0,1,36.1,0.455,0,0,,2025-12-31,2460.15,14,2025-10-03,2023-07-22,175.72,2,11.0,0,89.0,1,61.5
C003064,2022-07-02,Mid-Market,North America,Enterprise,Sales,23,1358.21,1278,9.0,1,36.2,0.452,0,0,,2025-12-31,31533.84,23,2025-12-21,2022-09-05,1371.04,2,12.4,0,10.0,1,58.7
C003065,2024-10-08,Startup,Europe,Pro,Referral,5,169.9,449,18.0,1,59.1,0.161,0,0,,2025-12-31,2327.93,12,2025-12-06,2024-10-22,193.99,1,15.6,0,25.0,1,60.3
C003066,2024-02-26,Mid-Market,Europe,Business,Organic,41,469.23,674,21.0,0,25.9,0.536,1,0,,2025-12-31,6830.07,15,2025-08-02,2024-03-16,455.34,0,0.0,0,151.0,1,70.4
C003067,2025-03-31,SMB,North America,Pro,Partner,18,180.11,275,1.7,1,19.2,0.218,0,1,2025-07-18,2025-12-31,271.37,2,2025-05-20,2025-03-31,135.68,2,15.6,0,225.0,0,43.5
C003068,2024-10-05,Mid-Market,APAC,Pro,Partner,24,140.91,452,14.0,1,26.1,0.5,0,0,,2025-12-31,1815.3500000000001,13,2025-09-30,2025-02-14,139.64,1,1.0,0,92.0,1,63.6
C003069,2022-08-02,Mid-Market,North America,Starter,Partner,53,50.31,1247,14.0,0,47.2,0.398,0,0,,2025-12-31,1350.69,26,2025-12-28,2022-08-28,51.95,0,0.0,0,3.0,1,64.2
C003070,2022-04-11,Startup,LATAM,Free,Sales,5,0.0,1360,14.0,2,57.0,0.181,0,0,,2025-12-31,146.56,27,2025-10-06,2022-05-17,5.43,2,18.1,0,86.0,0,55.6
C003071,2023-08-28,Mid-Market,Europe,Starter,Paid Search,46,58.01,856,11.0,2,75.8,0.208,0,0,,2025-12-31,1042.17,19,2025-12-18,2023-09-06,54.85,3,10.2,0,13.0,1,55.6
C003072,2023-11-20,Enterprise,Europe,Enterprise,Organic,60,1419.64,772,5.0,1,45.1,0.526,0,0,,2025-12-31,17915.17,13,2025-10-21,2024-02-07,1378.09,2,54.0,0,71.0,1,58.3
C003073,2022-12-10,SMB,Europe,Starter,Paid Search,24,53.24,1117,1.6,4,31.4,0.624,2,1,2023-10-09,2025-12-31,700.75,12,2023-08-27,2022-12-30,58.4,4,16.5,0,857.0,0,48.3
C003074,2025-01-23,Startup,Europe,Business,Referral,1,459.13,342,0.0,4,57.2,0.353,0,0,,2025-12-31,3946.6,8,2025-10-13,2025-06-03,493.32,4,33.2,0,79.0,1,45.3
C003075,2024-04-11,Mid-Market,APAC,Pro,Paid Search,34,156.39,629,1.0,0,10.7,0.417,0,0,,2025-12-31,2492.16,15,2025-11-20,2024-04-23,166.14,0,0.0,0,41.0,1,49.5
C003076,2024-12-05,Mid-Market,Europe,Starter,Organic,31,49.95,391,22.0,0,70.5,0.244,0,0,,2025-12-31,229.0,5,2025-08-20,2025-03-01,45.8,0,0.0,0,133.0,1,69.0
C003077,2022-06-05,Startup,APAC,Enterprise,Paid Search,3,1413.62,1305,1.0,2,40.3,0.49,0,0,,2025-12-31,33693.72,22,2025-11-17,2022-06-26,1531.53,3,5.9,0,44.0,1,51.6
C003078,2025-03-11,SMB,Europe,Free,Partner,3,0.0,295,23.0,0,29.3,0.877,0,0,,2025-12-31,15.030000000000001,6,2025-12-18,2025-07-09,2.51,0,0.0,0,13.0,0,84.8
C003079,2022-10-22,Startup,North America,Pro,Organic,5,173.06,1166,25.0,1,10.8,0.528,0,0,,2025-12-31,2981.36,17,2025-12-14,2022-11-05,175.37,1,16.8,0,17.0,1,72.7
C003080,2023-10-03,SMB,North America,Pro,Paid Search,21,152.74,820,6.0,1,50.7,0.648,0,0,,2025-12-31,2391.49,15,2025-11-17,2023-10-23,159.43,1,3.5,0,44.0,1,63.4
C003081,2023-09-21,SMB,APAC,Free,Organic,4,0.0,832,12.0,0,28.0,0.193,0,0,,2025-12-31,186.49,26,2025-11-29,2023-09-22,7.17,0,0.0,0,32.0,0,54.3
C003082,2025-03-19,Mid-Market,Europe,Starter,Paid Search,68,52.92,287,10.0,0,32.6,0.446,0,0,,2025-12-31,638.79,12,2025-12-23,2025-04-07,53.23,0,0.0,0,8.0,1,60.6
C003083,2023-01-31,Mid-Market,Europe,Pro,Organic,15,161.65,1065,3.3,4,-6.8,0.214,1,1,2024-08-05,2025-12-31,1201.1399999999999,8,2024-07-17,2023-04-11,150.14,4,19.1,0,532.0,0,35.7
C003084,2022-12-11,SMB,Europe,Free,Organic,8,0.0,1116,10.0,2,24.1,0.142,1,0,,2025-12-31,122.14,24,2025-09-28,2023-01-14,5.09,2,7.0,0,94.0,0,45.6
C003085,2023-05-01,SMB,Europe,Business,Partner,20,451.5,975,9.0,1,20.8,0.236,0,0,,2025-12-31,8524.38,20,2025-12-26,2023-05-04,426.22,1,17.1,0,5.0,1,50.7
C003086,2023-05-31,Startup,APAC,Pro,Organic,1,164.7,945,19.0,1,45.5,0.73,0,0,,2025-12-31,3431.8,19,2025-09-05,2023-06-24,180.62,1,21.9,0,117.0,1,76.9
C003087,2022-09-17,SMB,Europe,Free,Organic,15,0.0,1201,11.0,1,28.3,0.294,1,0,,2025-12-31,212.7,37,2025-10-09,2022-10-02,5.75,2,9.7,1,83.0,0,53.0
C003088,2022-09-10,Mid-Market,LATAM,Starter,Partner,74,46.86,1208,3.1,2,-31.2,0.301,0,1,2023-01-06,2025-12-31,341.32,6,2023-01-03,2022-10-09,56.89,3,14.0,0,1093.0,0,40.7
C003089,2022-11-27,SMB,North America,Free,Organic,9,0.0,1130,10.0,0,24.6,0.369,0,0,,2025-12-31,57.81,22,2025-09-06,2022-11-27,2.63,1,7.4,0,116.0,0,57.5
C003090,2023-10-31,SMB,Europe,Business,Organic,4,470.79,792,27.0,2,-1.4,0.418,0,0,,2025-12-31,8588.91,17,2025-11-17,2023-12-02,505.23,2,11.5,0,44.0,1,68.5
C003091,2023-05-06,SMB,North America,Pro,Paid Search,5,144.41,970,27.0,1,8.9,0.335,0,0,,2025-12-31,3183.59,21,2025-12-11,2023-06-03,151.6,2,13.5,0,20.0,1,68.5
C003092,2023-07-15,SMB,APAC,Free,Paid Search,17,0.0,900,1.0,0,60.1,0.402,0,0,,2025-12-31,97.44,21,2025-11-23,2023-07-17,4.64,0,0.0,0,38.0,0,54.0
C003093,2024-10-25,SMB,Europe,Pro,Paid Search,24,161.38,432,16.0,2,-7.2,0.318,0,0,,2025-12-31,2162.7,13,2025-12-18,2024-12-20,166.36,2,26.8,0,13.0,1,55.1
C003094,2022-12-11,Enterprise,Europe,Pro,Sales,83,155.39,1116,27.0,0,42.4,0.488,0,0,,2025-12-31,3970.72,25,2025-12-21,2023-02-12,158.83,1,3.0,0,10.0,1,78.0
C003095,2025-07-25,SMB,APAC,Pro,Paid Search,20,135.59,159,5.0,0,22.3,0.162,0,0,,2025-12-31,617.54,4,2025-12-09,2025-10-13,154.38,1,6.8,0,22.0,1,46.6
C003096,2024-12-11,SMB,Europe,Free,Partner,3,0.0,385,1.0,1,17.5,0.114,0,0,,2025-12-31,26.44,9,2025-12-11,2025-01-03,2.94,1,9.2,0,20.0,0,39.6
C003097,2022-09-07,Startup,North America,Free,Sales,2,0.0,1211,5.0,1,10.5,0.531,1,0,,2025-12-31,291.96,39,2025-12-19,2022-09-20,7.49,1,9.7,0,12.0,0,52.9
C003098,2023-03-25,SMB,Europe,Starter,Paid Search,19,47.38,1012,8.0,1,43.0,0.245,0,0,,2025-12-31,1043.22,22,2025-11-23,2023-07-03,47.42,1,9.8,0,38.0,1,52.3
C003099,2022-09-20,SMB,North America,Pro,Referral,10,133.05,1198,26.0,1,45.8,0.168,1,0,,2025-12-31,3363.21,26,2025-12-26,2022-11-09,129.35,1,19.1,0,5.0,1,64.3
C003100,2023-01-26,SMB,APAC,Pro,Paid Search,23,150.23,1070,3.3,0,-8.1,0.126,1,1,2024-03-24,2025-12-31,911.36,6,2024-01-04,2023-03-02,151.89,0,0.0,0,727.0,0,38.9
C003101,2023-06-07,SMB,APAC,Starter,Partner,4,56.84,938,9.0,0,63.8,0.473,0,0,,2025-12-31,549.05,12,2025-12-19,2023-07-25,45.75,0,0.0,0,12.0,1,63.6
C003102,2022-07-07,Enterprise,APAC,Starter,Sales,384,60.88,1273,1.7,2,5.3,0.394,1,1,2024-02-05,2025-12-31,487.44,8,2024-02-01,2022-09-09,60.93,2,11.4,0,699.0,0,43.9
C003103,2022-01-21,Startup,APAC,Pro,Organic,3,150.31,1440,10.0,1,44.7,0.25,0,0,,2025-12-31,4441.8,31,2025-11-23,2022-04-16,143.28,2,15.2,0,38.0,1,54.4
C003104,2023-09-20,Startup,APAC,Free,Sales,6,0.0,833,27.0,0,5.5,0.416,0,0,,2025-12-31,77.92,13,2025-02-19,2023-12-17,5.99,2,48.7,0,315.0,0,72.1
C003105,2024-09-29,SMB,Europe,Pro,Paid Search,3,143.61,458,2.0,0,23.5,0.746,0,0,,2025-12-31,669.2,5,2025-09-04,2024-11-09,133.84,0,0.0,0,118.0,1,61.5
C003106,2023-03-10,SMB,North America,Starter,Partner,7,52.19,1027,12.0,0,3.0,0.254,0,0,,2025-12-31,976.75,19,2025-09-25,2023-05-07,51.41,0,0.0,0,97.0,1,53.6
C003107,2025-05-15,Enterprise,North America,Starter,Paid Search,346,57.55,230,17.0,0,21.8,0.147,0,0,,2025-12-31,189.51,3,2025-12-10,2025-07-29,63.17,2,12.8,0,21.0,1,56.8
C003108,2023-06-13,SMB,LATAM,Pro,Organic,3,135.33,932,3.0,4,30.0,0.486,0,0,,2025-12-31,3661.19,27,2025-12-22,2023-07-24,135.6,5,18.5,0,9.0,1,49.3
C003109,2025-07-12,SMB,LATAM,Starter,Organic,13,46.26,172,0.7,2,6.3,0.076,0,1,2025-10-05,2025-12-31,0.0,0,,,0.0,3,23.6,0,,0,35.5
C003110,2022-12-04,SMB,APAC,Pro,Sales,11,136.86,1123,27.0,2,42.9,0.362,0,0,,2025-12-31,4012.42,28,2025-10-28,2022-12-10,143.3,3,6.1,0,64.0,1,71.3
C003111,2024-02-11,Enterprise,North America,Free,Partner,285,0.0,689,7.0,3,46.1,0.446,0,0,,2025-12-31,125.53999999999999,20,2025-12-29,2024-04-16,6.28,3,21.7,0,2.0,0,54.7
C003112,2024-12-27,SMB,North America,Starter,Referral,20,50.25,369,2.8,1,100.0,0.372,1,1,2025-07-23,2025-12-31,360.5,7,2025-07-07,2025-01-22,51.5,3,10.5,0,177.0,0,55.2
C003113,2022-03-26,Mid-Market,APAC,Pro,Organic,35,150.87,1376,9.0,1,58.2,0.536,0,0,,2025-12-31,4035.48,27,2025-12-30,2022-09-03,149.46,2,25.0,0,1.0,1,63.4
C003114,2025-08-22,SMB,North America,Free,Organic,9,0.0,131,2.0,0,64.4,0.327,0,0,,2025-12-31,0.0,4,2025-11-12,2025-09-18,0.0,2,18.4,0,49.0,0,53.0
C003115,2023-06-06,SMB,Europe,Pro,Paid Search,9,177.75,939,4.0,1,-9.2,0.536,1,0,,2025-12-31,4167.09,24,2025-10-03,2023-07-19,173.63,3,15.2,0,89.0,1,50.2
C003116,2023-12-14,Mid-Market,North America,Business,Organic,22,363.65,748,0.0,2,-14.0,0.376,0,0,,2025-12-31,5115.32,13,2025-10-27,2024-02-17,393.49,2,39.0,0,65.0,1,41.9
C003117,2024-06-17,SMB,North America,Enterprise,Paid Search,17,1432.17,562,14.0,2,27.6,0.871,0,0,,2025-12-31,18911.56,14,2025-12-19,2024-08-04,1350.83,2,16.0,0,12.0,1,73.4
C003118,2024-07-08,Startup,Europe,Starter,Sales,7,52.17,541,12.0,1,79.7,0.767,0,0,,2025-12-31,590.35,11,2025-10-21,2024-11-08,53.67,1,10.4,1,71.0,1,75.2
C003119,2022-02-03,SMB,LATAM,Starter,Referral,8,51.74,1427,7.0,0,96.9,0.67,0,0,,2025-12-31,1236.42,24,2025-11-15,2022-06-10,51.52,0,0.0,0,46.0,1,71.0
C003120,2025-05-25,Enterprise,APAC,Starter,Paid Search,341,52.19,220,16.1,1,17.8,0.204,1,1,2025-09-21,2025-12-31,121.75999999999999,3,2025-09-12,2025-06-14,40.59,1,6.7,0,110.0,0,53.8
C003121,2024-06-10,SMB,Europe,Business,Paid Search,4,353.62,569,8.0,1,20.3,0.708,0,0,,2025-12-31,4744.93,14,2025-12-22,2024-08-09,338.92,1,29.5,0,9.0,1,63.9
C003122,2025-11-29,Mid-Market,Europe,Starter,Partner,35,57.98,32,0.0,2,48.6,0.645,0,0,,2025-12-31,80.78,2,2025-12-30,2025-12-14,40.39,2,29.6,0,1.0,1,56.2
C003123,2023-11-06,SMB,LATAM,Starter,Partner,4,50.98,786,1.2,1,30.1,0.263,2,1,2024-11-20,2025-12-31,467.28,9,2024-06-26,2024-01-06,51.92,1,8.3,0,553.0,0,41.5
C003124,2024-05-27,SMB,Europe,Business,Partner,12,357.19,583,20.0,2,30.7,0.172,0,0,,2025-12-31,3524.84,10,2025-12-12,2024-11-22,352.48,3,14.0,0,19.0,1,58.1
C003125,2023-09-23,Enterprise,Europe,Free,Paid Search,396,0.0,830,14.0,2,50.9,0.629,0,0,,2025-12-31,49.4,18,2025-12-10,2023-09-28,2.74,2,18.8,0,21.0,0,68.5
C003126,2025-06-26,SMB,APAC,Pro,Organic,6,151.23,188,7.0,2,100.0,0.592,1,0,,2025-12-31,939.06,5,2025-12-12,2025-07-09,187.81,2,38.8,0,19.0,1,64.0
C003127,2025-04-05,SMB,North America,Pro,Organic,24,153.56,270,6.0,0,67.6,0.419,1,0,,2025-12-31,255.5,2,2025-11-13,2025-07-03,127.75,0,0.0,0,48.0,1,57.7
C003128,2025-07-23,SMB,North America,Pro,Sales,24,137.73,161,6.0,2,81.7,0.393,1,0,,2025-12-31,273.23,2,2025-12-16,2025-08-29,136.62,2,14.0,0,15.0,1,55.3
C003129,2023-12-23,Enterprise,APAC,Business,Referral,162,462.42,739,11.0,1,-11.1,0.101,0,0,,2025-12-31,4910.73,10,2025-12-10,2024-02-06,491.07,2,19.4,0,21.0,1,45.2
C003130,2025-02-05,Mid-Market,Europe,Starter,Sales,61,55.4,329,19.0,1,61.9,0.464,0,0,,2025-12-31,331.86,7,2025-07-16,2025-03-16,47.41,2,15.8,0,168.0,1,70.6
C003131,2023-05-29,SMB,North America,Pro,Paid Search,10,178.1,947,17.0,2,11.3,0.272,0,0,,2025-12-31,1720.82,10,2025-11-29,2023-08-16,172.08,2,26.8,0,32.0,1,56.5
C003132,2023-10-22,Mid-Market,North America,Pro,Paid Search,39,141.18,801,20.0,4,76.9,0.466,0,0,,2025-12-31,1668.47,11,2025-12-30,2023-11-16,151.68,4,14.8,0,1.0,1,68.5
C003133,2024-12-23,SMB,LATAM,Free,Paid Search,5,0.0,373,0.5,1,68.9,0.213,0,1,2025-05-10,2025-12-31,21.11,2,2025-04-06,2025-02-27,10.56,2,12.1,1,269.0,0,47.2
C003134,2022-04-27,Enterprise,Europe,Business,Sales,417,444.24,1344,15.0,0,50.1,0.818,1,0,,2025-12-31,13917.68,35,2025-08-07,2022-05-29,397.65,0,0.0,0,146.0,1,75.9
C003135,2024-10-13,Enterprise,Europe,Business,Organic,266,384.19,444,21.0,1,16.4,0.313,0,0,,2025-12-31,3412.27,8,2025-12-31,2024-11-14,426.53,2,11.6,0,0.0,1,63.3
C003136,2022-01-23,SMB,North America,Enterprise,Partner,9,1351.45,1438,5.0,1,22.9,0.147,0,0,,2025-12-31,48735.81,36,2025-12-21,2022-02-18,1353.77,1,62.5,0,10.0,1,44.7
C003137,2024-04-10,Mid-Market,LATAM,Pro,Organic,61,157.1,630,16.0,2,24.9,0.489,0,0,,2025-12-31,1692.88,11,2025-12-14,2024-05-20,153.9,2,10.1,0,17.0,1,63.4
C003138,2023-11-14,SMB,APAC,Starter,Organic,7,44.76,778,0.0,1,54.1,0.298,0,0,,2025-12-31,549.99,13,2025-12-10,2023-12-02,42.31,1,12.7,0,21.0,1,47.8
C003139,2023-11-02,Enterprise,Europe,Starter,Organic,329,48.56,790,25.0,0,45.1,0.789,0,0,,2025-12-31,563.59,11,2025-12-13,2023-11-28,51.24,0,0.0,0,18.0,1,85.5
C003140,2023-12-08,SMB,North America,Starter,Paid Search,5,57.81,754,20.0,1,70.5,0.472,0,0,,2025-12-31,1031.8899999999999,18,2025-11-18,2023-12-31,57.33,1,3.2,0,43.0,1,72.6
C003141,2023-12-05,Mid-Market,APAC,Free,Referral,40,0.0,757,17.0,0,75.3,0.739,0,0,,2025-12-31,91.21,14,2025-12-27,2023-12-22,6.52,0,0.0,0,4.0,0,79.9
C003142,2023-08-06,SMB,APAC,Starter,Sales,12,58.51,878,16.0,1,13.9,0.36,1,0,,2025-12-31,1415.48,23,2025-12-02,2023-09-20,61.54,1,5.1,0,29.0,1,58.0
C003143,2023-10-08,SMB,APAC,Starter,Partner,6,55.12,815,18.0,3,46.9,0.393,0,0,,2025-12-31,534.1,8,2025-09-24,2024-08-03,66.76,4,14.9,1,98.0,1,63.1
C003144,2024-03-23,Mid-Market,LATAM,Free,Paid Search,63,0.0,648,11.0,2,46.6,0.322,0,0,,2025-12-31,43.03,11,2025-11-16,2024-04-09,3.91,2,19.4,0,45.0,0,56.1
C003145,2024-12-27,SMB,Europe,Business,Referral,18,374.17,369,27.0,3,32.6,0.819,1,0,,2025-12-31,4187.84,10,2025-12-26,2025-03-23,418.78,3,28.1,0,5.0,1,80.4
C003146,2024-02-29,Mid-Market,North America,Free,Organic,74,0.0,671,2.8,3,58.5,0.486,0,1,2025-07-30,2025-12-31,114.51,13,2025-07-21,2024-07-05,8.81,3,19.0,0,163.0,0,53.4
C003147,2024-07-07,SMB,Europe,Pro,Referral,6,142.75,542,22.0,0,47.3,0.228,0,0,,2025-12-31,2205.0,15,2025-10-30,2024-08-09,147.0,0,0.0,0,62.0,1,66.2
C003148,2025-04-11,Enterprise,APAC,Business,Referral,189,395.89,264,21.0,3,20.6,0.511,0,0,,2025-12-31,1802.8799999999999,4,2025-11-15,2025-05-21,450.72,4,13.7,0,46.0,1,66.6
C003149,2025-11-16,SMB,North America,Pro,Paid Search,16,157.15,45,23.0,0,31.4,0.452,0,0,,2025-12-31,129.66,1,2025-12-19,2025-12-19,129.66,0,0.0,0,12.0,1,72.2
C003150,2022-06-05,Mid-Market,North America,Starter,Organic,39,49.67,1305,1.0,2,26.3,0.257,0,0,,2025-12-31,1339.1100000000001,26,2025-12-12,2022-07-16,51.5,3,15.1,0,19.0,1,43.2
C003151,2024-10-16,Startup,APAC,Pro,Organic,5,175.33,441,12.0,1,16.8,0.671,2,0,,2025-12-31,2189.2,12,2025-12-24,2024-10-20,182.43,1,13.7,0,7.0,1,62.0
C003152,2022-11-19,SMB,Europe,Business,Paid Search,4,353.66,1138,17.0,0,32.9,0.309,1,0,,2025-12-31,6835.17,20,2025-12-09,2022-11-27,341.76,0,0.0,0,22.0,1,60.7
C003153,2022-10-09,SMB,APAC,Business,Sales,8,357.6,1179,17.0,0,2.6,0.567,0,0,,2025-12-31,5126.76,15,2025-08-13,2022-10-12,341.78,0,0.0,0,140.0,1,67.4
C003154,2025-02-07,Mid-Market,North America,Starter,Partner,77,55.25,327,19.0,0,46.8,0.467,1,0,,2025-12-31,276.81,5,2025-11-04,2025-02-11,55.36,1,8.8,0,57.0,1,68.7
C003155,2022-04-09,Mid-Market,North America,Free,Paid Search,49,0.0,1362,17.0,1,70.1,0.233,0,0,,2025-12-31,130.01,29,2025-11-30,2022-05-18,4.48,1,13.3,0,31.0,0,62.7
C003156,2025-04-27,Mid-Market,North America,Pro,Paid Search,68,164.24,248,6.0,1,36.3,0.511,0,0,,2025-12-31,632.5500000000001,4,2025-10-24,2025-07-20,158.14,2,7.6,1,68.0,1,57.8
C003157,2025-01-06,Startup,APAC,Starter,Referral,7,55.87,359,23.0,2,58.7,0.794,1,0,,2025-12-31,336.04,5,2025-11-20,2025-03-06,67.21,2,15.0,0,41.0,1,80.2
C003158,2025-11-23,SMB,APAC,Business,Paid Search,3,363.98,38,6.9,3,38.9,0.622,1,1,2025-12-23,2025-12-31,1969.77,5,2025-12-23,2025-11-23,393.95,3,19.4,0,8.0,0,57.2
C003159,2024-08-13,Mid-Market,Europe,Pro,Organic,24,138.15,505,27.0,1,9.4,0.644,2,0,,2025-12-31,1235.21,9,2025-12-07,2024-08-21,137.25,3,19.6,0,24.0,1,73.9
C003160,2025-06-02,SMB,Europe,Business,Partner,21,481.06,212,14.0,1,85.2,0.237,0,0,,2025-12-31,1528.92,3,2025-10-22,2025-08-06,509.64,1,20.6,0,70.0,1,61.6
C003161,2022-06-19,SMB,North America,Enterprise,Paid Search,14,1401.56,1291,15.0,2,-25.6,0.558,1,0,,2025-12-31,36830.11,27,2025-12-16,2022-07-23,1364.08,2,10.1,0,15.0,1,57.6
C003162,2025-06-26,Enterprise,APAC,Pro,Paid Search,461,154.57,188,16.0,2,35.3,0.704,2,0,,2025-12-31,356.59000000000003,3,2025-12-17,2025-07-04,118.86,3,7.1,0,14.0,1,66.9
C003163,2022-08-18,SMB,LATAM,Enterprise,Paid Search,12,1254.9,1231,24.0,2,15.8,0.31,0,0,,2025-12-31,39118.43,31,2025-12-25,2022-09-27,1261.88,2,14.2,0,6.0,1,64.3
C003164,2023-03-26,Mid-Market,APAC,Pro,Organic,71,144.98,1011,25.0,0,74.5,0.356,0,0,,2025-12-31,3027.25,21,2025-12-09,2023-04-04,144.15,1,1.7,0,22.0,1,75.5
C003165,2022-07-03,Mid-Market,North America,Starter,Sales,76,58.66,1277,16.0,0,40.4,0.651,1,0,,2025-12-31,1142.43,22,2025-11-12,2022-07-12,51.93,0,0.0,0,49.0,1,70.9
C003166,2023-07-29,SMB,Europe,Business,Referral,15,382.24,886,15.0,0,98.9,0.357,1,0,,2025-12-31,4457.53,12,2025-10-23,2023-08-15,371.46,2,9.0,0,69.0,1,67.0
C003167,2024-12-07,Mid-Market,North America,Pro,Sales,15,172.84,389,1.0,1,35.9,0.376,0,0,,2025-12-31,853.1999999999999,6,2025-12-15,2025-04-21,142.2,2,26.3,0,16.0,1,49.3
C003168,2023-01-19,Startup,North America,Enterprise,Sales,5,1148.99,1077,1.0,4,16.0,0.569,0,0,,2025-12-31,20400.39,17,2025-09-02,2023-02-13,1200.02,4,17.7,0,120.0,1,48.6
C003169,2025-03-21,SMB,North America,Starter,Paid Search,24,46.05,285,20.0,3,-7.8,0.585,1,0,,2025-12-31,405.88,8,2025-12-17,2025-04-03,50.74,4,22.4,0,14.0,1,63.1
C003170,2024-05-17,Startup,North America,Starter,Paid Search,7,46.65,593,9.0,0,62.7,0.245,0,0,,2025-12-31,370.93,8,2025-11-09,2024-12-20,46.37,1,12.4,0,52.0,1,56.7
C003171,2024-06-18,SMB,North America,Business,Partner,23,429.53,561,12.0,1,14.1,0.422,0,0,,2025-12-31,4011.19,8,2025-11-07,2024-06-27,501.4,2,10.0,1,54.0,1,58.3
C003172,2025-09-04,Startup,APAC,Free,Organic,7,0.0,118,17.0,1,24.5,0.391,0,0,,2025-12-31,0.0,1,2025-10-23,2025-10-23,0.0,1,22.0,0,69.0,0,62.9
C003173,2023-09-10,Mid-Market,North America,Pro,Sales,21,136.31,843,6.0,1,65.7,0.327,1,0,,2025-12-31,2948.48,23,2025-12-22,2023-09-26,128.19,1,2.5,0,9.0,1,53.2
C003174,2023-05-08,SMB,APAC,Pro,Organic,7,138.58,968,9.0,0,61.3,0.484,1,0,,2025-12-31,2017.9,15,2025-10-08,2023-08-27,134.53,0,0.0,0,84.0,1,61.7
C003175,2025-11-23,SMB,LATAM,Starter,Paid Search,20,52.81,38,0.5,1,19.8,0.531,0,1,2025-12-23,2025-12-31,161.65,4,2025-12-23,2025-12-02,40.41,1,136.4,0,8.0,0,51.9
C003176,2024-03-07,Startup,Europe,Starter,Partner,4,44.37,664,21.0,1,23.6,0.255,0,0,,2025-12-31,755.53,16,2025-08-08,2024-05-22,47.22,1,11.1,0,145.0,1,62.3
C003177,2024-05-28,Mid-Market,Europe,Business,Sales,60,412.06,582,14.0,2,-8.9,0.266,0,0,,2025-12-31,5899.24,14,2025-12-07,2024-06-06,421.37,2,24.8,0,24.0,1,51.6
C003178,2023-02-28,SMB,APAC,Free,Partner,5,0.0,1037,2.9,5,-16.4,0.122,0,1,2025-02-04,2025-12-31,71.22,14,2025-01-17,2023-03-15,5.09,5,17.0,0,348.0,0,32.1
C003179,2022-11-05,SMB,North America,Business,Partner,20,421.76,1152,16.0,0,54.1,0.792,0,0,,2025-12-31,7609.38,19,2025-12-19,2022-12-04,400.49,0,0.0,0,12.0,1,78.5
C003180,2022-08-31,Mid-Market,Europe,Business,Paid Search,50,458.57,1218,4.0,0,56.9,0.729,1,0,,2025-12-31,14603.31,32,2025-08-26,2022-09-24,456.35,0,0.0,0,127.0,1,64.1
C003181,2022-11-16,Startup,Europe,Pro,Partner,4,142.09,1141,21.0,2,43.9,0.468,0,0,,2025-12-31,5504.83,38,2025-11-17,2022-11-19,144.86,2,35.8,0,44.0,1,69.2
C003182,2022-10-07,Mid-Market,APAC,Starter,Referral,44,50.0,1181,6.0,2,39.7,0.888,0,0,,2025-12-31,759.08,16,2025-03-06,2022-10-23,47.44,2,7.0,0,300.0,1,68.0
C003183,2024-12-03,Mid-Market,APAC,Free,Paid Search,18,0.0,393,7.0,0,17.3,0.473,0,0,,2025-12-31,63.2,6,2025-09-23,2025-01-10,10.53,0,0.0,0,99.0,0,57.2
C003184,2022-03-24,SMB,APAC,Business,Referral,9,403.89,1378,24.0,0,71.7,0.084,0,0,,2025-12-31,13528.99,35,2025-12-18,2022-05-03,386.54,0,0.0,0,13.0,1,66.1
C003185,2024-06-19,SMB,APAC,Free,Organic,15,0.0,560,20.0,0,-9.6,0.568,0,0,,2025-12-31,71.74000000000001,11,2025-10-05,2024-07-28,6.52,1,6.7,0,87.0,0,68.9
C003186,2025-09-19,Enterprise,Europe,Starter,Paid Search,183,46.74,103,19.0,1,23.3,0.42,0,0,,2025-12-31,79.21,2,2025-12-31,2025-12-05,39.6,1,24.4,0,0.0,1,65.4
C003187,2024-12-30,Enterprise,APAC,Enterprise,Sales,375,1200.56,366,16.0,1,39.0,0.285,0,0,,2025-12-31,9061.78,8,2025-11-07,2025-01-25,1132.72,1,7.0,0,54.0,1,60.2
C003188,2023-07-31,Mid-Market,APAC,Starter,Paid Search,52,47.15,884,14.0,1,35.0,0.648,0,0,,2025-12-31,699.5,15,2025-12-08,2023-09-10,46.63,1,30.1,0,23.0,1,68.9
C003189,2022-03-26,SMB,Europe,Starter,Partner,24,52.71,1376,5.0,1,34.9,0.218,0,0,,2025-12-31,2067.96,37,2025-12-07,2022-04-06,55.89,2,12.6,0,24.0,1,48.0
C003190,2025-04-07,Startup,LATAM,Enterprise,Paid Search,1,1065.16,268,8.0,2,22.0,0.513,0,0,,2025-12-31,4380.25,4,2025-10-28,2025-05-05,1095.06,2,15.4,0,64.0,1,56.7
C003191,2022-01-05,SMB,APAC,Free,Sales,13,0.0,1456,26.0,1,48.5,0.177,0,0,,2025-12-31,91.1,25,2025-12-10,2022-01-07,3.64,1,13.7,0,21.0,0,66.9
C003192,2024-09-01,Enterprise,Europe,Starter,Organic,454,59.64,486,25.0,2,4.6,0.421,0,0,,2025-12-31,566.5,9,2025-12-09,2024-12-13,62.94,2,14.2,0,22.0,1,67.4
C003193,2024-08-17,SMB,North America,Starter,Organic,16,59.24,501,20.0,1,31.4,0.708,0,0,,2025-12-31,485.29,9,2025-08-01,2024-10-23,53.92,2,16.4,0,152.0,1,75.7
C003194,2022-10-02,Startup,North America,Business,Referral,7,357.78,1186,24.0,1,45.8,0.647,0,0,,2025-12-31,9072.48,25,2025-12-31,2022-11-11,362.9,1,28.5,0,0.0,1,78.9
C003195,2024-11-24,SMB,APAC,Business,Partner,20,381.63,402,22.0,2,26.7,0.475,0,0,,2025-12-31,3075.86,7,2025-12-18,2025-01-10,439.41,3,17.1,0,13.0,1,68.6
C003196,2022-09-08,Mid-Market,North America,Business,Paid Search,41,429.99,1210,11.0,1,35.1,0.167,0,0,,2025-12-31,10948.619999999999,28,2025-12-15,2022-09-16,391.02,2,13.7,0,16.0,1,51.8
C003197,2022-11-19,Mid-Market,Europe,Enterprise,Paid Search,35,1440.34,1138,20.0,2,40.4,0.778,1,0,,2025-12-31,32438.63,25,2025-12-07,2022-12-29,1297.55,2,6.7,0,24.0,1,75.2
C003198,2025-03-07,Startup,Europe,Free,Paid Search,7,0.0,299,21.0,0,-9.0,0.258,0,0,,2025-12-31,12.33,3,2025-12-23,2025-04-25,4.11,0,0.0,0,8.0,0,60.6
C003199,2025-11-01,Startup,APAC,Pro,Sales,3,147.6,60,1.3,2,-6.7,0.354,0,1,2025-12-20,2025-12-31,0.0,0,,,0.0,3,31.5,0,,0,43.1
C003200,2023-01-14,Enterprise,APAC,Free,Partner,247,0.0,1082,25.0,3,38.3,0.323,0,0,,2025-12-31,133.45,24,2025-12-20,2023-02-04,5.56,4,23.2,0,11.0,0,66.3
C003201,2025-08-10,Startup,APAC,Enterprise,Sales,6,1347.9,143,13.0,1,19.8,0.266,1,0,,2025-12-31,3484.01,3,2025-11-15,2025-09-05,1161.34,2,26.6,0,46.0,1,53.1
C003202,2025-07-29,Enterprise,Europe,Enterprise,Sales,427,1466.57,155,8.0,0,21.3,0.339,0,0,,2025-12-31,4680.8,3,2025-12-30,2025-09-04,1560.27,1,6.0,0,1.0,1,54.4
C003203,2025-01-05,Enterprise,North America,Starter,Paid Search,444,50.59,360,13.0,0,49.2,0.381,1,0,,2025-12-31,565.98,10,2025-10-29,2025-01-31,56.6,0,0.0,0,63.0,1,61.0
C003204,2022-07-20,SMB,Europe,Business,Partner,23,443.49,1260,3.8,0,10.3,0.725,0,1,2022-08-29,2025-12-31,1611.72,4,2022-08-29,2022-07-24,402.93,0,0.0,0,1220.0,0,61.2
C003205,2023-03-05,SMB,North America,Pro,Partner,22,143.29,1032,9.0,1,-25.3,0.465,1,0,,2025-12-31,4109.26,29,2025-10-12,2023-03-20,141.7,1,79.8,0,80.0,1,51.0
C003206,2024-08-27,SMB,Europe,Free,Referral,5,0.0,491,15.0,0,76.4,0.458,0,0,,2025-12-31,0.0,12,2025-12-18,2024-11-27,0.0,1,28.7,0,13.0,0,69.8
C003207,2025-11-29,Startup,LATAM,Pro,Partner,7,170.98,32,27.0,2,65.2,0.517,0,0,,2025-12-31,182.83,1,2025-11-29,2025-11-29,182.83,2,8.5,0,32.0,1,78.1
C003208,2025-03-10,Startup,Europe,Enterprise,Organic,3,1342.53,296,11.0,1,64.9,0.49,1,0,,2025-12-31,11082.31,8,2025-12-07,2025-04-22,1385.29,1,23.5,0,24.0,1,62.5
C003209,2023-08-24,Enterprise,Europe,Starter,Sales,75,54.13,860,2.7,2,7.0,0.706,0,1,2024-10-26,2025-12-31,463.28000000000003,8,2024-10-12,2023-09-16,57.91,2,15.4,0,445.0,0,56.3
C003210,2022-12-03,SMB,Europe,Free,Partner,3,0.0,1124,21.0,0,33.1,0.134,0,0,,2025-12-31,126.6,28,2025-12-27,2023-01-26,4.52,0,0.0,0,4.0,0,61.1
C003211,2025-10-05,SMB,APAC,Enterprise,Referral,12,1097.85,87,8.0,1,3.3,0.197,0,0,,2025-12-31,1103.99,1,2025-11-15,2025-11-15,1103.99,2,11.0,0,46.0,1,46.9
C003212,2023-01-30,SMB,Europe,Starter,Paid Search,23,57.27,1066,15.0,0,33.5,0.035,0,0,,2025-12-31,1271.94,21,2025-10-21,2023-02-11,60.57,0,0.0,0,71.0,1,52.8
C003213,2023-05-05,Startup,Europe,Starter,Paid Search,7,55.54,971,7.0,0,26.3,0.127,0,0,,2025-12-31,1125.1200000000001,21,2025-10-17,2023-05-07,53.58,0,0.0,0,75.0,1,47.7
C003214,2025-10-11,SMB,North America,Pro,Partner,10,167.47,81,5.0,4,8.0,0.633,0,0,,2025-12-31,228.46,1,2025-12-21,2025-12-21,228.46,6,24.0,0,10.0,1,53.3
C003215,2024-03-14,Enterprise,Europe,Pro,Referral,69,144.4,657,7.0,0,47.6,0.221,0,0,,2025-12-31,1418.95,10,2025-12-24,2024-04-25,141.9,1,7.6,0,7.0,1,52.6
C003216,2023-01-14,Mid-Market,North America,Starter,Organic,18,47.43,1082,9.0,1,28.5,0.218,0,0,,2025-12-31,960.77,22,2025-12-14,2023-01-24,43.67,1,6.5,0,17.0,1,50.9
C003217,2022-01-08,Startup,Europe,Free,Paid Search,1,0.0,1453,26.0,4,78.1,0.323,0,0,,2025-12-31,89.09,28,2025-12-29,2022-02-16,3.18,4,16.3,0,2.0,0,69.7
C003218,2023-09-07,Startup,APAC,Business,Referral,7,438.55,846,5.6,1,37.1,0.664,1,1,2023-12-23,2025-12-31,1000.3199999999999,2,2023-11-09,2023-09-21,500.16,2,24.7,0,783.0,0,60.1
C003219,2025-11-10,Enterprise,North America,Pro,Sales,264,154.72,51,19.0,0,-28.7,0.446,0,0,,2025-12-31,163.78,1,2025-12-29,2025-12-29,163.78,0,0.0,0,2.0,1,62.5
C003220,2023-09-11,Enterprise,Europe,Pro,Organic,151,145.86,842,1.0,1,-10.3,0.384,0,0,,2025-12-31,3353.21,24,2025-12-16,2023-10-17,139.72,1,21.0,0,15.0,1,44.9
C003221,2024-09-27,SMB,North America,Business,Organic,3,417.79,460,0.0,0,87.4,0.478,0,0,,2025-12-31,3016.17,8,2025-12-24,2024-09-27,377.02,0,0.0,0,7.0,1,58.1
C003222,2022-12-28,Enterprise,North America,Free,Paid Search,153,0.0,1099,9.0,1,26.0,0.652,0,0,,2025-12-31,82.32,22,2025-12-18,2023-01-17,3.74,1,2.5,0,13.0,0,63.7
C003223,2025-01-14,Enterprise,North America,Business,Organic,104,433.6,351,24.0,2,41.0,0.548,0,0,,2025-12-31,1582.88,3,2025-11-04,2025-05-12,527.63,3,57.2,0,57.0,1,74.0
C003224,2025-01-14,Startup,North America,Business,Organic,1,432.51,351,0.0,1,35.2,0.239,0,0,,2025-12-31,4894.61,11,2025-12-29,2025-01-24,444.96,1,39.3,0,2.0,1,44.2
C003225,2024-05-19,Startup,LATAM,Enterprise,Paid Search,3,1134.05,591,21.0,1,70.4,0.631,0,0,,2025-12-31,10922.56,9,2025-11-28,2024-06-10,1213.62,2,11.6,1,33.0,1,78.2
C003226,2025-01-08,Startup,LATAM,Starter,Partner,7,57.26,357,22.0,2,-12.7,0.512,0,0,,2025-12-31,522.16,8,2025-12-03,2025-01-29,65.27,2,6.4,0,28.0,1,65.7
C003227,2024-04-07,SMB,APAC,Starter,Paid Search,12,54.89,633,7.0,1,68.2,0.734,0,0,,2025-12-31,564.13,10,2025-09-27,2024-05-03,56.41,3,14.0,0,95.0,1,68.6
C003228,2023-06-25,Mid-Market,Europe,Pro,Paid Search,71,177.19,920,3.0,3,66.5,0.378,0,0,,2025-12-31,2808.01,17,2025-12-13,2023-07-16,165.18,4,10.0,0,18.0,1,51.2
C003229,2024-11-21,Startup,APAC,Enterprise,Sales,2,1194.36,405,4.0,1,35.2,0.31,1,0,,2025-12-31,9914.2,8,2025-11-16,2024-12-12,1239.28,1,22.9,0,45.0,1,47.9
C003230,2025-04-09,Mid-Market,APAC,Enterprise,Paid Search,15,1299.37,266,2.0,2,45.3,0.575,0,0,,2025-12-31,5913.16,4,2025-11-21,2025-09-30,1478.29,2,17.6,1,40.0,1,55.6
C003231,2025-04-17,Mid-Market,Europe,Starter,Referral,50,57.37,258,23.0,0,25.7,0.429,0,0,,2025-12-31,204.31,4,2025-12-10,2025-04-18,51.08,0,0.0,0,21.0,1,71.0
C003232,2022-11-01,Startup,North America,Pro,Organic,6,133.77,1156,22.0,1,-7.1,0.358,1,0,,2025-12-31,2520.87,21,2025-10-04,2022-11-15,120.04,2,21.3,0,88.0,1,61.2
C003233,2024-08-25,SMB,APAC,Starter,Referral,4,48.55,493,18.0,1,49.5,0.488,2,0,,2025-12-31,413.25,8,2025-12-10,2024-09-10,51.66,1,7.0,0,21.0,1,65.2
C003234,2022-01-07,Startup,LATAM,Pro,Referral,6,136.91,1454,2.0,1,41.2,0.767,1,0,,2025-12-31,3131.06,23,2025-12-08,2022-02-26,136.13,1,12.9,0,23.0,1,60.4
C003235,2024-03-28,Mid-Market,North America,Business,Organic,54,469.89,643,26.0,2,41.7,0.262,0,0,,2025-12-31,6256.360000000001,14,2025-10-06,2024-06-02,446.88,2,13.0,0,86.0,1,67.2
C003236,2024-03-27,Startup,Europe,Business,Partner,1,461.78,644,4.1,2,47.1,0.25,0,1,2024-06-11,2025-12-31,3412.5,8,2024-06-01,2024-04-02,426.56,2,32.5,0,578.0,0,47.9
C003237,2023-06-04,SMB,North America,Starter,Partner,17,58.1,941,23.0,1,19.9,0.519,1,0,,2025-12-31,1174.49,18,2025-11-15,2023-06-30,65.25,2,2.4,0,46.0,1,69.6
C003238,2025-11-22,SMB,North America,Enterprise,Paid Search,6,1403.36,39,10.0,1,72.3,0.331,0,0,,2025-12-31,1248.88,1,2025-11-25,2025-11-25,1248.88,2,14.9,0,36.0,1,59.6
C003239,2025-06-16,Startup,APAC,Free,Referral,3,0.0,198,2.3,0,35.2,0.428,0,1,2025-11-17,2025-12-31,6.12,3,2025-10-04,2025-07-07,2.04,1,21.0,0,88.0,0,53.4
C003240,2022-02-25,Mid-Market,North America,Pro,Paid Search,20,159.05,1405,23.0,2,48.5,0.731,0,0,,2025-12-31,2012.13,14,2025-10-30,2022-06-07,143.72,2,29.3,0,62.0,1,79.3
C003241,2022-10-26,SMB,LATAM,Pro,Paid Search,17,152.38,1162,1.0,0,28.2,0.204,1,0,,2025-12-31,4173.5,28,2025-12-23,2022-11-12,149.05,1,8.6,0,8.0,1,42.8
C003242,2022-10-25,SMB,APAC,Pro,Sales,8,149.28,1163,5.0,2,61.3,0.457,1,0,,2025-12-31,4565.09,32,2025-12-19,2022-11-25,142.66,3,10.6,0,12.0,1,54.3
C003243,2025-07-07,SMB,North America,Business,Organic,7,355.09,177,4.0,1,37.6,0.088,0,0,,2025-12-31,350.08,1,2025-07-16,2025-07-16,350.08,1,15.5,1,168.0,1,43.5
C003244,2024-01-13,Startup,APAC,Pro,Organic,7,159.42,718,0.6,2,32.9,0.375,1,1,2025-12-08,2025-12-31,1875.01,12,2025-11-09,2024-01-22,156.25,2,10.0,0,52.0,0,45.1
C003245,2024-11-08,SMB,APAC,Free,Organic,12,0.0,418,15.0,1,65.2,0.255,0,0,,2025-12-31,18.54,4,2025-12-30,2024-11-25,4.64,2,14.6,0,1.0,0,61.1
C003246,2025-03-04,Enterprise,Europe,Starter,Sales,226,52.64,302,6.0,0,-8.1,0.466,0,0,,2025-12-31,245.82,6,2025-12-27,2025-03-15,40.97,0,0.0,0,4.0,1,53.5
C003247,2025-01-02,Mid-Market,Europe,Pro,Organic,66,178.52,363,27.0,3,28.0,0.563,1,0,,2025-12-31,1791.59,10,2025-12-15,2025-03-11,179.16,4,20.9,0,16.0,1,72.3
C003248,2022-05-08,Startup,APAC,Pro,Organic,3,150.67,1333,26.0,1,19.7,0.242,0,0,,2025-12-31,3987.06,25,2025-11-03,2022-06-27,159.48,1,19.4,1,58.0,1,65.9
C003249,2022-07-20,Startup,Europe,Pro,Partner,5,160.8,1260,4.0,2,44.3,0.383,0,0,,2025-12-31,4856.18,31,2025-11-29,2022-09-15,156.65,2,16.3,0,32.0,1,51.5
C003250,2023-07-20,Startup,North America,Starter,Referral,3,42.98,895,5.3,3,42.9,0.344,0,1,2023-09-15,2025-12-31,27.52,1,2023-09-06,2023-09-06,27.52,3,12.9,0,847.0,0,49.8
C003251,2023-04-29,Enterprise,North America,Free,Paid Search,154,0.0,977,1.0,0,34.7,0.616,0,0,,2025-12-31,92.57,17,2025-12-29,2023-04-29,5.45,0,0.0,0,2.0,0,57.8
C003252,2024-12-04,Mid-Market,North America,Business,Sales,27,399.31,392,8.0,1,17.1,0.648,1,0,,2025-12-31,4368.38,11,2025-10-28,2025-01-13,397.13,2,23.2,0,64.0,1,59.8
C003253,2022-08-12,SMB,APAC,Pro,Organic,15,171.49,1237,18.0,0,34.4,0.328,1,0,,2025-12-31,3819.97,21,2025-10-11,2022-09-03,181.9,1,6.8,1,81.0,1,62.4
C003254,2023-06-16,SMB,North America,Pro,Partner,15,133.74,929,1.5,0,43.1,0.689,1,1,2025-09-21,2025-12-31,3756.36,29,2025-09-18,2023-07-30,129.53,0,0.0,0,104.0,0,59.3
C003255,2022-12-05,Enterprise,Europe,Pro,Partner,476,147.77,1122,2.0,0,30.5,0.438,0,0,,2025-12-31,4065.81,28,2025-11-10,2023-01-16,145.21,0,0.0,0,51.0,1,53.0
C003256,2022-09-28,SMB,Europe,Starter,Paid Search,9,56.14,1190,4.0,3,62.7,0.33,0,0,,2025-12-31,1155.59,21,2025-09-09,2022-10-27,55.03,3,17.0,0,113.0,1,50.2
C003257,2022-09-05,Mid-Market,APAC,Starter,Sales,32,51.58,1213,11.6,0,50.3,0.205,0,1,2023-08-06,2025-12-31,275.57,6,2023-07-10,2022-10-28,45.93,0,0.0,0,905.0,0,56.5
C003258,2022-10-07,SMB,Europe,Free,Partner,7,0.0,1181,6.0,2,35.5,0.428,0,0,,2025-12-31,81.71,20,2025-10-14,2022-11-10,4.09,3,12.0,1,78.0,0,53.7
C003259,2024-03-18,Mid-Market,LATAM,Pro,Organic,19,135.14,653,6.0,2,-23.7,0.417,0,0,,2025-12-31,2153.28,15,2025-12-30,2024-05-13,143.55,3,34.3,1,1.0,1,47.5
C003260,2023-08-10,Enterprise,LATAM,Starter,Organic,337,52.39,874,5.0,2,29.5,0.849,0,0,,2025-12-31,471.4,11,2025-06-20,2024-01-31,42.85,3,12.0,0,194.0,1,64.9
C003261,2023-09-15,Enterprise,North America,Starter,Organic,159,58.74,838,24.0,1,50.8,0.707,0,0,,2025-12-31,680.08,12,2025-11-28,2023-10-05,56.67,1,5.7,0,33.0,1,81.2
C003262,2023-11-17,Startup,APAC,Enterprise,Sales,3,1244.32,775,24.0,0,28.0,0.634,2,0,,2025-12-31,14618.53,11,2025-07-21,2024-02-06,1328.96,2,19.8,0,163.0,1,74.2
C003263,2024-11-25,SMB,North America,Starter,Organic,4,44.78,401,22.0,2,42.6,0.601,0,0,,2025-12-31,222.08,5,2025-12-01,2025-02-18,44.42,2,12.2,0,30.0,1,73.9
C003264,2025-05-17,Startup,APAC,Pro,Sales,2,146.45,228,0.0,0,29.4,0.601,0,0,,2025-12-31,1016.62,8,2025-11-26,2025-05-19,127.08,0,0.0,0,35.0,1,56.0
C003265,2024-01-23,SMB,Europe,Starter,Organic,22,49.65,708,7.0,0,40.8,0.205,0,0,,2025-12-31,833.86,16,2025-10-25,2024-06-26,52.12,0,0.0,0,67.0,1,51.5
C003266,2024-07-07,SMB,North America,Starter,Sales,21,45.87,542,24.0,0,70.0,0.518,0,0,,2025-12-31,547.8100000000001,12,2025-12-07,2024-07-07,45.65,0,0.0,0,24.0,1,79.0
C003267,2024-11-22,Mid-Market,North America,Free,Referral,42,0.0,404,15.0,1,54.7,0.551,0,0,,2025-12-31,89.95,11,2025-12-11,2024-11-30,8.18,1,3.0,0,20.0,0,68.9
C003268,2024-09-14,SMB,Europe,Business,Organic,18,376.68,473,1.0,2,2.6,0.696,1,0,,2025-12-31,2480.58,6,2025-05-03,2024-09-14,413.43,2,4.1,0,242.0,1,52.0
C003269,2022-07-11,Mid-Market,APAC,Pro,Organic,74,172.16,1269,6.0,1,-6.5,0.364,0,0,,2025-12-31,3592.2,22,2025-12-17,2022-11-04,163.28,1,12.8,0,14.0,1,49.1
C003270,2025-11-06,SMB,APAC,Pro,Referral,11,143.57,55,23.0,0,46.1,0.222,0,0,,2025-12-31,359.17,3,2025-12-16,2025-11-14,119.72,1,9.7,0,15.0,1,66.8
C003271,2022-08-24,Startup,North America,Enterprise,Organic,1,1139.4,1225,24.0,0,64.2,0.642,0,0,,2025-12-31,33411.11,29,2025-11-19,2022-10-29,1152.11,2,9.2,1,42.0,1,82.1
C003272,2023-08-12,Startup,North America,Free,Organic,1,0.0,872,11.0,1,-6.5,0.423,0,0,,2025-12-31,122.08,19,2025-12-09,2023-09-12,6.43,1,19.5,1,22.0,0,55.4
C003273,2024-07-22,Mid-Market,Europe,Pro,Referral,35,173.8,527,4.0,0,29.8,0.037,1,0,,2025-12-31,705.84,5,2025-10-27,2025-05-22,141.17,0,0.0,0,65.0,1,40.7
C003274,2023-07-31,SMB,Europe,Free,Sales,24,0.0,884,0.8,2,94.3,0.352,1,1,2024-05-25,2025-12-31,32.19,10,2024-04-25,2023-08-30,3.22,2,14.0,0,615.0,0,50.7
C003275,2022-12-14,Mid-Market,North America,Pro,Referral,63,146.53,1113,6.0,0,28.3,0.571,1,0,,2025-12-31,3566.31,23,2025-09-22,2022-12-30,155.06,1,26.5,0,100.0,1,58.3
C003276,2025-08-13,Enterprise,North America,Business,Sales,276,447.52,140,22.0,2,98.1,0.81,0,0,,2025-12-31,894.6800000000001,2,2025-12-28,2025-12-10,447.34,2,9.1,0,3.0,1,85.8
C003277,2022-04-13,SMB,APAC,Free,Partner,11,0.0,1358,23.0,1,14.4,0.552,0,0,,2025-12-31,40.87,21,2025-11-23,2022-07-20,1.95,3,31.4,0,38.0,0,72.0
C003278,2022-12-18,SMB,Europe,Enterprise,Referral,24,1447.09,1109,7.0,2,18.8,0.514,1,0,,2025-12-31,27990.0,21,2025-12-16,2023-04-27,1332.86,5,12.2,0,15.0,1,53.6
C003279,2025-11-20,SMB,APAC,Pro,Paid Search,13,139.85,41,27.0,0,17.4,0.498,0,0,,2025-12-31,190.2,1,2025-11-22,2025-11-22,190.2,1,8.4,0,39.0,1,75.8
C003280,2024-11-09,Enterprise,Europe,Starter,Referral,360,56.4,417,24.0,3,3.0,0.408,0,0,,2025-12-31,433.63,7,2025-10-04,2024-11-24,61.95,3,9.5,0,88.0,1,64.5
C003281,2022-05-05,Startup,Europe,Free,Partner,3,0.0,1336,27.0,3,-7.3,0.495,1,0,,2025-12-31,87.35,28,2025-11-26,2022-06-28,3.12,3,5.8,0,35.0,0,66.7
C003282,2024-12-15,Startup,Europe,Pro,Partner,1,146.95,381,21.0,0,29.5,0.371,0,0,,2025-12-31,537.69,4,2025-09-18,2025-02-12,134.42,1,12.4,1,104.0,1,67.8
C003283,2025-10-18,SMB,North America,Pro,Sales,18,172.67,74,16.0,1,38.6,0.605,2,0,,2025-12-31,552.44,3,2025-12-24,2025-12-02,184.15,2,11.0,0,7.0,1,65.8
C003284,2022-05-20,Startup,North America,Starter,Paid Search,2,42.95,1321,27.0,0,17.1,0.159,0,0,,2025-12-31,1481.53,37,2025-12-21,2022-06-13,40.04,2,19.5,0,10.0,1,65.6
C003285,2023-08-16,Mid-Market,LATAM,Pro,Partner,52,177.32,868,19.0,0,23.1,0.494,0,0,,2025-12-31,4064.42,24,2025-10-07,2023-08-24,169.35,0,0.0,0,85.0,1,69.1
C003286,2023-11-01,SMB,APAC,Free,Paid Search,5,0.0,791,23.0,5,71.2,0.519,0,0,,2025-12-31,11.59,7,2025-06-25,2023-11-07,1.66,6,8.2,0,189.0,0,70.7
C003287,2022-07-07,Startup,APAC,Enterprise,Organic,4,1106.33,1273,11.0,3,59.3,0.331,0,0,,2025-12-31,19872.96,17,2025-06-07,2022-11-01,1169.0,3,9.2,0,207.0,1,56.2
C003288,2022-10-14,Startup,North America,Starter,Paid Search,2,52.04,1174,6.0,2,28.5,0.342,0,0,,2025-12-31,1772.69,33,2025-12-26,2022-11-10,53.72,2,16.2,1,5.0,1,50.5
C003289,2022-09-06,Startup,North America,Pro,Sales,1,171.07,1212,16.0,1,45.7,0.836,1,0,,2025-12-31,3439.0,20,2025-12-02,2022-10-30,171.95,2,61.8,0,29.0,1,75.4
C003290,2022-09-23,SMB,North America,Business,Paid Search,5,415.6,1195,11.0,0,-5.9,0.416,0,0,,2025-12-31,15028.87,37,2025-11-21,2022-11-02,406.19,0,0.0,0,40.0,1,56.7
C003291,2023-08-01,Startup,LATAM,Pro,Partner,3,174.44,883,9.0,0,41.7,0.38,0,0,,2025-12-31,2785.64,17,2025-12-01,2024-01-19,163.86,3,9.0,0,30.0,1,58.6
C003292,2023-10-26,SMB,APAC,Business,Partner,6,428.71,797,19.0,1,33.4,0.078,0,0,,2025-12-31,8403.08,20,2025-12-22,2023-11-19,420.15,1,37.5,0,9.0,1,56.1
C003293,2022-12-07,Mid-Market,Europe,Enterprise,Sales,38,1325.05,1120,17.0,1,25.6,0.694,0,0,,2025-12-31,27656.08,21,2025-10-29,2023-01-01,1316.96,1,12.9,0,63.0,1,72.1
C003294,2023-02-18,Enterprise,LATAM,Starter,Referral,196,49.07,1047,8.0,0,35.8,0.444,0,0,,2025-12-31,932.98,19,2025-10-25,2023-03-20,49.1,0,0.0,0,67.0,1,59.0
C003295,2022-10-02,SMB,North America,Starter,Organic,24,46.65,1186,6.0,1,31.8,0.535,0,0,,2025-12-31,856.77,19,2025-11-05,2022-11-30,45.09,2,20.6,0,56.0,1,58.1
C003296,2025-02-12,SMB,Europe,Pro,Paid Search,7,161.26,322,15.0,0,2.2,0.226,0,0,,2025-12-31,1499.07,10,2025-12-26,2025-03-06,149.91,0,0.0,0,5.0,1,55.4
C003297,2022-10-30,SMB,North America,Free,Referral,4,0.0,1158,9.0,0,77.0,0.68,0,0,,2025-12-31,135.64,20,2025-09-25,2022-10-31,6.78,0,0.0,0,97.0,0,71.1
C003298,2025-07-21,Startup,North America,Pro,Organic,4,175.64,163,6.0,1,58.8,0.546,0,0,,2025-12-31,744.86,4,2025-11-09,2025-08-18,186.22,1,3.7,0,52.0,1,61.1
C003299,2024-02-10,SMB,LATAM,Free,Paid Search,19,0.0,690,6.0,1,25.3,0.656,0,0,,2025-12-31,33.870000000000005,13,2025-12-08,2024-02-11,2.61,2,69.0,0,23.0,0,61.1
C003300,2025-02-21,Mid-Market,APAC,Enterprise,Paid Search,59,1284.0,313,18.0,0,-9.0,0.113,0,0,,2025-12-31,10202.19,9,2025-12-30,2025-03-10,1133.58,2,16.8,0,1.0,1,53.6
C003301,2024-06-29,SMB,North America,Pro,Organic,7,140.4,550,11.0,0,-26.4,0.198,1,0,,2025-12-31,1814.41,12,2025-09-29,2024-08-22,151.2,0,0.0,0,93.0,1,46.1
C003302,2023-01-16,SMB,North America,Pro,Sales,4,151.5,1080,9.0,0,85.1,0.088,0,0,,2025-12-31,3799.48,24,2025-12-04,2023-03-01,158.31,1,6.8,0,27.0,1,54.2
C003303,2024-05-09,SMB,Europe,Starter,Sales,6,46.8,601,3.0,2,30.7,0.453,1,0,,2025-12-31,728.4,15,2025-09-04,2024-05-16,48.56,2,21.2,0,118.0,1,49.3
C003304,2023-01-28,SMB,North America,Enterprise,Referral,21,1403.53,1068,1.0,1,54.1,0.465,1,0,,2025-12-31,31093.66,23,2025-07-02,2023-02-18,1351.9,1,15.2,0,182.0,1,51.8
C003305,2022-06-19,SMB,Europe,Business,Organic,21,368.17,1291,19.0,4,11.3,0.335,0,0,,2025-12-31,7222.16,19,2025-05-09,2022-08-23,380.11,4,12.6,0,236.0,1,57.1
C003306,2022-12-31,SMB,Europe,Business,Sales,21,413.01,1096,27.0,1,27.3,0.688,0,0,,2025-12-31,9149.46,22,2025-12-12,2023-03-05,415.88,4,18.0,0,19.0,1,81.0
C003307,2023-01-30,SMB,North America,Business,Partner,14,454.37,1066,9.0,1,28.6,0.709,0,0,,2025-12-31,8423.5,18,2025-12-05,2023-02-28,467.97,1,7.5,0,26.0,1,65.7
C003308,2022-07-13,Startup,North America,Free,Sales,6,0.0,1267,23.0,0,41.0,0.567,0,0,,2025-12-31,156.09,23,2025-09-12,2022-09-12,6.79,2,7.1,0,110.0,0,76.6
C003309,2022-02-03,Enterprise,North America,Free,Organic,57,0.0,1427,16.0,2,37.2,0.238,0,0,,2025-12-31,245.22,32,2025-09-19,2022-04-30,7.66,2,21.1,0,103.0,0,57.1
C003310,2025-09-11,SMB,LATAM,Starter,Organic,16,44.9,111,8.0,0,11.9,0.749,1,0,,2025-12-31,102.41,3,2025-11-22,2025-10-11,34.14,2,8.6,0,39.0,1,63.8
C003311,2024-01-05,SMB,North America,Pro,Partner,16,140.03,726,15.0,1,11.7,0.216,0,0,,2025-12-31,1236.26,9,2025-12-26,2024-08-16,137.36,2,20.4,0,5.0,1,54.5
C003312,2023-07-29,Enterprise,Europe,Pro,Sales,119,150.92,886,3.0,0,33.0,0.272,0,0,,2025-12-31,3355.1,20,2025-11-16,2023-10-26,167.76,1,4.2,0,45.0,1,49.1
C003313,2025-08-22,SMB,North America,Starter,Organic,8,58.14,131,9.0,1,-8.9,0.53,1,0,,2025-12-31,234.51000000000002,4,2025-12-21,2025-09-12,58.63,1,1.0,0,10.0,1,54.5
C003314,2022-11-18,SMB,APAC,Enterprise,Paid Search,16,1446.28,1139,20.0,0,14.4,0.198,0,0,,2025-12-31,27810.96,20,2025-09-10,2022-11-24,1390.55,0,0.0,0,112.0,1,60.2
C003315,2023-07-31,SMB,North America,Free,Partner,23,0.0,884,10.4,1,31.1,0.372,0,1,2024-09-17,2025-12-31,56.76,11,2024-07-23,2023-09-02,5.16,1,37.9,0,526.0,0,57.1
C003316,2025-04-25,SMB,North America,Business,Sales,8,445.73,250,6.0,0,44.9,0.239,0,0,,2025-12-31,4285.29,10,2025-12-24,2025-04-27,428.53,0,0.0,0,7.0,1,52.0
C003317,2024-06-22,Mid-Market,APAC,Pro,Referral,76,160.44,557,25.0,2,72.6,0.508,0,0,,2025-12-31,1984.27,12,2025-12-09,2024-07-04,165.36,2,24.6,0,22.0,1,76.8
C003318,2023-07-25,Mid-Market,APAC,Starter,Sales,60,59.46,890,16.0,3,23.1,0.258,0,0,,2025-12-31,987.61,15,2025-11-25,2023-07-25,65.84,3,29.5,0,36.0,1,54.8
C003319,2023-01-01,Mid-Market,North America,Free,Partner,57,0.0,1095,3.0,1,35.9,0.276,2,1,2024-07-18,2025-12-31,42.27,15,2024-07-08,2023-02-18,2.82,1,72.8,0,541.0,0,44.0
C003320,2022-02-20,SMB,North America,Pro,Referral,4,167.75,1410,21.0,1,-11.7,0.552,1,0,,2025-12-31,3769.03,22,2025-12-28,2022-08-04,171.32,2,6.6,0,3.0,1,65.6
C003321,2022-05-02,SMB,LATAM,Business,Paid Search,16,418.79,1339,24.0,0,43.4,0.127,1,0,,2025-12-31,12252.13,26,2025-10-27,2022-05-13,471.24,0,0.0,0,65.0,1,62.6
C003322,2022-08-20,Startup,North America,Starter,Organic,4,49.89,1229,7.0,1,12.3,0.732,0,0,,2025-12-31,1178.46,24,2025-12-28,2022-10-24,49.1,1,10.7,0,3.0,1,62.9
C003323,2025-01-29,SMB,North America,Pro,Referral,9,159.07,336,2.0,1,27.3,0.322,1,0,,2025-12-31,1890.87,12,2025-12-31,2025-02-09,157.57,2,10.6,0,0.0,1,45.7
C003324,2024-07-03,Mid-Market,Europe,Pro,Partner,41,158.93,546,7.0,2,46.9,0.355,1,0,,2025-12-31,1757.98,11,2025-12-21,2024-07-06,159.82,2,15.6,1,10.0,1,51.6
C003325,2023-09-12,Mid-Market,North America,Starter,Paid Search,41,58.25,841,21.0,3,47.9,0.606,0,0,,2025-12-31,1191.47,21,2025-12-09,2023-10-25,56.74,3,40.6,1,22.0,1,72.2
C003326,2025-01-24,Mid-Market,Europe,Pro,Organic,66,148.95,341,1.0,0,-1.3,0.277,0,0,,2025-12-31,1474.03,9,2025-10-07,2025-01-24,163.78,0,0.0,0,85.0,1,44.1
C003327,2022-08-18,SMB,APAC,Starter,Referral,6,45.2,1231,8.0,1,55.0,0.571,0,0,,2025-12-31,1097.2,25,2025-10-13,2022-10-06,43.89,2,17.0,0,79.0,1,63.3
C003328,2022-10-29,Mid-Market,Europe,Business,Referral,19,440.67,1159,8.0,1,34.0,0.926,0,0,,2025-12-31,8168.94,20,2025-10-21,2023-01-03,408.45,1,19.8,0,71.0,1,71.8
C003329,2023-07-16,SMB,Europe,Pro,Paid Search,15,169.11,899,0.0,2,66.7,0.28,0,0,,2025-12-31,2206.6,14,2025-10-06,2023-09-18,157.61,3,15.9,0,86.0,1,47.1
C003330,2025-08-04,SMB,Europe,Free,Sales,17,0.0,149,16.0,2,71.5,0.419,0,0,,2025-12-31,29.53,5,2025-12-04,2025-10-13,5.91,3,15.6,0,27.0,0,66.0
C003331,2024-05-28,SMB,APAC,Business,Paid Search,22,443.25,582,22.0,0,75.2,0.558,0,0,,2025-12-31,6469.51,15,2025-12-28,2024-05-29,431.3,0,0.0,0,3.0,1,78.9
C003332,2025-05-01,Mid-Market,North America,Starter,Organic,29,52.04,244,1.0,1,-0.6,0.616,0,1,2025-07-01,2025-12-31,55.05,1,2025-06-28,2025-06-28,55.05,3,23.3,0,186.0,0,52.8
C003333,2022-12-21,Mid-Market,North America,Enterprise,Organic,42,1419.02,1106,24.0,1,45.1,0.516,0,0,,2025-12-31,28548.77,20,2025-12-16,2023-01-23,1427.44,1,19.1,0,15.0,1,74.9
C003334,2025-04-28,SMB,APAC,Pro,Paid Search,7,165.02,247,26.0,0,-4.4,0.282,0,0,,2025-12-31,1318.77,9,2025-11-08,2025-05-13,146.53,1,120.4,0,53.0,1,66.2
C003335,2022-04-14,SMB,North America,Free,Organic,12,0.0,1357,24.0,1,67.5,0.16,1,0,,2025-12-31,141.18,20,2025-11-19,2022-05-10,7.06,3,15.1,0,42.0,0,64.5
C003336,2022-11-22,Enterprise,North America,Business,Referral,438,461.73,1135,20.0,0,71.1,0.216,0,0,,2025-12-31,10145.16,22,2025-10-08,2022-12-11,461.14,1,34.7,0,84.0,1,66.4
C003337,2024-01-18,Startup,North America,Free,Referral,3,0.0,713,12.0,0,59.5,0.77,3,0,,2025-12-31,0.0,8,2025-12-11,2024-02-14,0.0,1,14.0,0,20.0,0,68.8
C003338,2022-03-14,SMB,APAC,Business,Paid Search,9,421.34,1388,5.0,0,24.4,0.11,0,0,,2025-12-31,15662.43,36,2025-11-18,2022-06-11,435.07,2,26.6,0,43.0,1,45.2
C003339,2025-05-12,SMB,North America,Enterprise,Sales,18,1287.47,233,25.0,2,48.6,0.574,0,0,,2025-12-31,6562.32,5,2025-10-17,2025-05-25,1312.46,2,25.8,0,75.0,1,76.4
C003340,2025-05-25,Mid-Market,APAC,Pro,Sales,59,140.8,220,14.0,0,21.2,0.349,1,0,,2025-12-31,680.1,5,2025-09-26,2025-05-31,136.02,0,0.0,0,96.0,1,58.1
C003341,2024-02-14,Mid-Market,APAC,Pro,Paid Search,72,159.17,686,12.0,0,35.3,0.318,0,0,,2025-12-31,2012.02,12,2025-12-07,2024-02-26,167.67,2,10.2,0,24.0,1,58.8
C003342,2023-03-14,Mid-Market,Europe,Pro,Organic,60,148.52,1023,10.0,1,32.7,0.308,0,0,,2025-12-31,2010.3500000000001,14,2025-10-27,2023-10-03,143.6,2,30.7,0,65.0,1,54.9
C003343,2022-05-22,Mid-Market,North America,Starter,Organic,73,60.69,1319,3.4,0,-15.0,0.251,1,1,2023-04-29,2025-12-31,280.34,5,2022-12-31,2022-07-18,56.07,0,0.0,0,1096.0,0,42.1
C003344,2024-06-04,SMB,APAC,Free,Partner,19,0.0,575,10.0,1,14.8,0.629,0,0,,2025-12-31,55.68,10,2025-05-09,2024-06-22,5.57,2,18.1,0,236.0,0,62.8
C003345,2024-02-08,SMB,North America,Enterprise,Paid Search,15,1232.18,692,22.0,2,91.8,0.465,0,0,,2025-12-31,22273.54,17,2025-12-10,2024-03-27,1310.21,4,24.2,0,21.0,1,74.8
C003346,2024-12-22,Startup,LATAM,Starter,Partner,2,44.19,374,15.0,0,32.8,0.306,0,0,,2025-12-31,191.14,5,2025-12-04,2025-08-02,38.23,1,5.5,0,27.0,1,60.9
C003347,2024-05-11,Startup,APAC,Starter,Partner,3,48.62,599,11.0,1,39.0,0.653,0,0,,2025-12-31,481.24,10,2025-06-01,2024-06-06,48.12,2,14.5,0,213.0,1,66.8
C003348,2022-07-03,Mid-Market,North America,Starter,Partner,24,59.88,1277,3.0,2,34.8,0.067,0,0,,2025-12-31,1749.06,29,2025-12-31,2022-07-20,60.31,2,12.0,0,0.0,1,40.2
C003349,2022-06-24,Enterprise,APAC,Enterprise,Organic,468,1173.03,1286,11.0,2,24.7,0.33,0,0,,2025-12-31,35849.07,31,2025-10-03,2022-11-05,1156.42,3,17.2,1,89.0,1,54.2
C003350,2025-01-21,SMB,Europe,Enterprise,Organic,20,1426.29,344,6.0,1,35.9,0.596,0,0,,2025-12-31,17079.97,11,2025-12-30,2025-02-06,1552.72,1,38.7,0,1.0,1,60.3
C003351,2022-08-16,Startup,Europe,Starter,Paid Search,5,44.76,1233,11.0,1,24.8,0.699,0,0,,2025-12-31,1110.19,25,2025-10-24,2022-12-04,44.41,1,18.0,0,68.0,1,66.8
C003352,2025-09-04,Startup,Europe,Starter,Referral,2,50.94,118,1.8,2,-22.1,0.144,1,1,2025-11-11,2025-12-31,151.53,3,2025-11-10,2025-10-15,50.51,2,22.0,0,51.0,0,33.7
C003353,2022-06-01,Enterprise,Europe,Business,Partner,164,488.32,1309,26.0,3,54.7,0.334,0,0,,2025-12-31,15287.63,31,2025-07-14,2022-06-11,493.15,4,8.4,0,170.0,1,69.2
C003354,2024-11-07,Mid-Market,APAC,Starter,Partner,19,53.78,419,4.0,2,75.3,0.424,0,0,,2025-12-31,407.66,8,2025-09-09,2024-11-27,50.96,3,13.6,0,113.0,1,55.8
C003355,2025-10-26,Enterprise,APAC,Enterprise,Partner,263,1203.43,66,1.1,3,5.9,0.217,0,1,2025-12-10,2025-12-31,988.44,1,2025-12-02,2025-12-02,988.44,3,15.2,0,29.0,0,38.6
C003356,2023-09-23,Startup,North America,Enterprise,Paid Search,4,1422.79,830,18.0,0,24.7,0.623,0,0,,2025-12-31,26605.510000000002,20,2025-12-14,2023-10-05,1330.28,0,0.0,0,17.0,1,72.2
C003357,2022-03-23,SMB,Europe,Business,Organic,19,468.71,1379,9.0,3,72.5,0.469,0,0,,2025-12-31,13172.84,29,2025-10-02,2022-04-05,454.24,3,12.1,0,90.0,1,59.9
C003358,2025-06-07,SMB,APAC,Free,Organic,18,0.0,207,27.0,1,15.7,0.332,1,0,,2025-12-31,0.0,0,,,0.0,1,76.8,0,,0,67.1
C003359,2022-09-25,SMB,Europe,Pro,Organic,10,156.96,1193,11.0,1,44.7,0.131,0,0,,2025-12-31,2632.82,17,2025-10-30,2022-12-10,154.87,2,11.7,0,62.0,1,51.7
C003360,2024-01-25,Mid-Market,Europe,Enterprise,Organic,24,1334.41,706,18.0,0,100.0,0.487,0,0,,2025-12-31,17111.1,15,2025-12-20,2024-01-28,1140.74,0,0.0,0,11.0,1,75.7
C003361,2025-11-08,SMB,North America,Starter,Paid Search,19,53.34,53,23.0,0,50.8,0.363,0,0,,2025-12-31,48.17,1,2025-12-03,2025-12-03,48.17,0,0.0,0,28.0,1,71.5
C003362,2024-12-01,Enterprise,APAC,Business,Referral,353,426.31,395,27.0,0,36.7,0.523,0,0,,2025-12-31,3243.1,6,2025-10-31,2024-12-28,540.52,0,0.0,0,61.0,1,78.5
C003363,2022-03-08,SMB,North America,Starter,Organic,15,56.65,1394,22.0,1,57.0,0.283,0,0,,2025-12-31,1825.3,30,2025-10-04,2022-04-29,60.84,1,9.5,0,88.0,1,67.3
C003364,2025-03-19,SMB,North America,Enterprise,Organic,8,1169.66,287,16.0,1,54.4,0.767,0,0,,2025-12-31,4323.27,3,2025-10-12,2025-08-09,1441.09,1,31.8,0,80.0,1,76.2
C003365,2022-08-19,SMB,Europe,Pro,Organic,16,148.16,1230,22.0,1,18.4,0.206,0,0,,2025-12-31,4258.94,29,2025-12-11,2022-08-20,146.86,1,15.7,0,20.0,1,61.2
C003366,2024-12-07,Mid-Market,North America,Free,Organic,34,0.0,389,1.5,2,-8.4,0.198,0,1,2025-06-07,2025-12-31,42.480000000000004,5,2025-05-05,2024-12-12,8.5,2,6.9,0,240.0,0,38.4
C003367,2024-06-06,Startup,North America,Pro,Organic,7,134.87,573,24.0,1,49.8,0.168,1,0,,2025-12-31,1296.44,10,2025-11-09,2024-07-07,129.64,2,8.6,0,52.0,1,62.9
C003368,2023-02-16,SMB,North America,Free,Organic,10,0.0,1049,24.0,3,53.6,0.202,0,0,,2025-12-31,203.39,20,2025-11-22,2023-02-16,10.17,5,12.3,0,39.0,0,63.3
C003369,2023-08-29,Mid-Market,APAC,Starter,Organic,33,59.8,855,10.0,0,27.6,0.821,2,0,,2025-12-31,1337.19,21,2025-12-24,2023-09-16,63.68,2,9.9,0,7.0,1,67.3
C003370,2022-06-18,Mid-Market,LATAM,Enterprise,Sales,31,1257.7,1292,1.0,0,76.1,0.45,0,0,,2025-12-31,22013.43,17,2025-10-16,2022-07-15,1294.91,0,0.0,0,76.0,1,57.0
C003371,2025-11-12,SMB,Europe,Starter,Paid Search,23,53.11,49,19.0,0,71.1,0.257,0,0,,2025-12-31,150.48,3,2025-12-15,2025-12-01,50.16,0,0.0,0,16.0,1,66.8
C003372,2022-12-07,Mid-Market,North America,Enterprise,Organic,43,1480.75,1120,2.0,0,54.4,0.228,0,0,,2025-12-31,43101.31,27,2025-09-19,2023-01-12,1596.34,0,0.0,0,103.0,1,49.1
C003373,2023-03-18,Enterprise,APAC,Free,Paid Search,433,0.0,1019,0.0,0,28.0,0.346,0,1,2023-12-17,2025-12-31,0.0,1,2023-07-25,2023-07-25,0.0,0,0.0,0,890.0,0,48.2
C003374,2023-12-21,Mid-Market,North America,Pro,Organic,58,174.26,741,26.0,1,-17.3,0.292,0,0,,2025-12-31,2662.17,14,2025-10-28,2024-04-09,190.16,1,9.9,0,64.0,1,63.7
C003375,2024-08-19,Mid-Market,LATAM,Enterprise,Partner,30,1315.44,499,15.0,2,30.6,0.523,0,0,,2025-12-31,16393.61,12,2025-10-16,2024-08-28,1366.13,4,8.6,1,76.0,1,64.1
C003376,2023-12-24,SMB,Europe,Pro,Paid Search,9,144.11,738,18.0,2,-10.9,0.545,0,0,,2025-12-31,3592.19,25,2025-12-11,2023-12-28,143.69,2,6.1,0,20.0,1,63.3
C003377,2023-12-24,SMB,North America,Business,Sales,6,374.97,738,24.0,2,-23.9,0.173,0,0,,2025-12-31,4938.91,12,2025-09-19,2024-02-26,411.58,2,7.6,0,103.0,1,56.2
C003378,2024-04-13,Mid-Market,Europe,Enterprise,Sales,18,1125.55,627,26.0,3,51.2,0.403,0,0,,2025-12-31,16600.8,16,2025-12-04,2024-04-29,1037.55,3,11.9,1,27.0,1,70.9
C003379,2025-05-11,SMB,North America,Pro,Referral,10,150.25,234,26.0,2,64.3,0.548,1,0,,2025-12-31,786.56,5,2025-12-03,2025-06-27,157.31,2,9.8,0,28.0,1,76.1
C003380,2023-07-19,Mid-Market,APAC,Business,Organic,31,396.47,896,1.5,1,-13.8,0.598,0,1,2024-03-08,2025-12-31,1912.92,5,2023-11-30,2023-07-25,382.58,2,17.4,1,762.0,0,51.4
C003381,2025-04-04,Mid-Market,North America,Free,Paid Search,70,0.0,271,9.0,0,28.6,0.515,1,0,,2025-12-31,18.55,6,2025-10-04,2025-04-30,3.09,0,0.0,0,88.0,0,59.3
C003382,2025-01-30,Mid-Market,APAC,Starter,Paid Search,23,58.68,335,21.0,2,34.6,0.08,1,0,,2025-12-31,323.02,6,2025-12-18,2025-05-18,53.84,3,11.0,1,13.0,1,54.6
C003383,2025-10-06,SMB,APAC,Starter,Referral,6,52.51,86,0.0,4,27.7,0.433,0,0,,2025-12-31,42.35,1,2025-11-30,2025-11-30,42.35,5,13.0,0,31.0,1,44.8
C003384,2025-07-29,Startup,APAC,Business,Organic,5,432.21,155,6.0,1,0.5,0.619,1,0,,2025-12-31,1102.02,3,2025-10-04,2025-08-04,367.34,1,28.7,0,88.0,1,55.5
C003385,2025-02-15,SMB,APAC,Pro,Partner,14,158.72,319,14.0,1,68.3,0.599,1,0,,2025-12-31,728.22,5,2025-11-16,2025-03-06,145.64,2,18.8,1,45.0,1,68.8
C003386,2022-12-19,Enterprise,North America,Pro,Paid Search,399,147.37,1108,9.0,2,1.2,0.181,1,0,,2025-12-31,3442.54,23,2025-12-28,2023-01-06,149.68,2,19.6,0,3.0,1,43.6
C003387,2025-01-12,Mid-Market,Europe,Enterprise,Paid Search,22,1411.93,353,1.9,2,-13.7,0.241,0,1,2025-06-08,2025-12-31,7386.72,5,2025-05-29,2025-02-13,1477.34,2,23.8,0,216.0,0,39.6
C003388,2024-11-19,Mid-Market,APAC,Free,Paid Search,30,0.0,407,7.7,1,0.6,0.904,0,1,2025-05-06,2025-12-31,37.01,9,2025-05-02,2025-02-13,4.11,1,52.1,0,243.0,0,67.6
C003389,2023-02-18,Startup,North America,Enterprise,Paid Search,4,1303.64,1047,12.0,0,47.0,0.541,0,0,,2025-12-31,21069.08,16,2025-12-01,2023-05-13,1316.82,0,0.0,0,30.0,1,66.6
C003390,2024-08-27,Enterprise,North America,Free,Partner,325,0.0,491,11.0,1,28.3,0.371,0,0,,2025-12-31,97.49000000000001,15,2025-12-26,2024-11-13,6.5,1,15.0,0,5.0,0,57.3
C003391,2022-12-28,Startup,North America,Starter,Partner,2,54.28,1099,18.0,1,15.7,0.288,1,0,,2025-12-31,1099.74,20,2025-11-05,2023-01-21,54.99,1,9.1,0,56.0,1,57.8
C003392,2024-01-19,SMB,North America,Pro,Organic,3,160.07,712,18.0,1,48.2,0.151,1,0,,2025-12-31,2816.44,17,2025-10-12,2024-02-10,165.67,1,11.4,0,80.0,1,56.9
C003393,2025-02-13,SMB,APAC,Starter,Organic,17,47.89,321,6.1,1,43.3,0.361,2,1,2025-05-31,2025-12-31,147.47,3,2025-04-19,2025-04-01,49.16,3,4.8,0,256.0,0,50.1
C003394,2022-09-27,Startup,Europe,Pro,Referral,3,165.88,1191,24.0,6,-22.7,0.521,0,0,,2025-12-31,4405.34,26,2025-12-31,2022-12-30,169.44,6,11.2,0,0.0,1,60.8
C003395,2023-04-27,Enterprise,APAC,Business,Paid Search,121,474.62,979,8.0,3,47.9,0.47,0,0,,2025-12-31,10568.28,24,2025-11-30,2023-06-17,440.34,3,10.6,0,31.0,1,56.5
C003396,2025-02-11,SMB,LATAM,Business,Partner,11,418.76,323,24.0,0,64.5,0.405,0,0,,2025-12-31,3725.92,8,2025-12-09,2025-04-10,465.74,0,0.0,0,22.0,1,75.0
C003397,2023-10-11,Enterprise,North America,Starter,Paid Search,435,55.77,812,24.0,2,31.9,0.395,0,0,,2025-12-31,1279.63,21,2025-11-02,2023-10-26,60.93,3,13.7,0,59.0,1,68.5
C003398,2025-10-05,Startup,APAC,Starter,Partner,1,43.81,87,0.0,1,29.1,0.343,0,0,,2025-12-31,129.04999999999998,3,2025-10-21,2025-10-09,43.02,3,12.9,0,71.0,1,46.7
C003399,2022-01-12,SMB,North America,Free,Partner,15,0.0,1449,21.0,3,82.3,0.353,1,0,,2025-12-31,100.5,27,2025-07-29,2022-03-01,3.72,3,13.1,1,155.0,0,66.1
C003400,2024-10-29,Enterprise,North America,Pro,Organic,105,170.72,428,4.0,4,17.3,0.49,0,0,,2025-12-31,1627.05,10,2025-12-18,2025-01-28,162.7,5,21.3,1,13.0,1,49.0
C003401,2025-03-10,Startup,North America,Free,Paid Search,6,0.0,296,13.0,0,30.9,0.072,0,0,,2025-12-31,46.94,5,2025-11-20,2025-05-03,9.39,1,10.8,0,41.0,0,51.9
C003402,2025-08-05,Enterprise,North America,Starter,Paid Search,479,52.72,148,25.0,0,43.3,0.335,0,0,,2025-12-31,253.86,5,2025-12-16,2025-08-19,50.77,0,0.0,0,15.0,1,71.7
C003403,2022-08-13,Mid-Market,Europe,Business,Organic,68,426.38,1236,5.0,0,36.2,0.324,0,0,,2025-12-31,11756.32,26,2025-11-05,2022-10-04,452.17,0,0.0,0,56.0,1,52.8
C003404,2025-11-08,SMB,Europe,Enterprise,Referral,12,1341.42,53,15.0,0,28.2,0.333,0,0,,2025-12-31,2913.45,2,2025-12-27,2025-12-13,1456.72,0,0.0,0,4.0,1,61.2
C003405,2023-07-15,SMB,North America,Business,Organic,17,405.53,900,21.0,0,37.2,0.638,2,0,,2025-12-31,4660.01,13,2025-12-20,2023-12-25,358.46,0,0.0,0,11.0,1,72.6
C003406,2023-05-19,Startup,North America,Free,Organic,1,0.0,957,13.0,0,74.2,0.563,1,0,,2025-12-31,103.84,19,2025-12-06,2023-06-29,5.47,0,0.0,0,25.0,0,68.9
C003407,2023-05-24,SMB,Europe,Pro,Referral,3,167.06,952,2.0,1,55.2,0.609,0,0,,2025-12-31,1729.1299999999999,10,2025-10-03,2023-05-31,172.91,1,6.6,0,89.0,1,59.1
C003408,2024-07-01,SMB,North America,Starter,Referral,17,51.86,548,1.0,1,33.1,0.663,0,0,,2025-12-31,633.12,12,2025-09-15,2024-07-07,52.76,1,11.9,0,107.0,1,57.6
C003409,2024-07-31,Mid-Market,APAC,Starter,Organic,49,56.19,518,14.0,0,13.4,0.217,0,0,,2025-12-31,838.95,14,2025-12-25,2024-08-27,59.92,2,8.0,0,6.0,1,55.4
C003410,2023-11-09,Mid-Market,LATAM,Starter,Partner,30,49.4,783,0.0,3,16.7,0.424,0,1,2024-05-12,2025-12-31,114.15,3,2024-03-12,2023-12-04,38.05,3,6.6,0,659.0,0,44.9
C003411,2022-04-12,Startup,APAC,Enterprise,Organic,5,1240.32,1359,0.0,2,58.8,0.365,0,0,,2025-12-31,37642.68,31,2025-11-28,2022-06-07,1214.28,2,7.9,0,33.0,1,48.8
C003412,2025-11-11,Enterprise,Europe,Pro,Referral,417,170.57,50,10.6,0,-4.8,0.761,0,1,2025-12-17,2025-12-31,169.09,1,2025-11-14,2025-11-14,169.09,0,0.0,0,47.0,0,66.8
C003413,2022-11-14,SMB,Europe,Starter,Paid Search,7,47.72,1143,14.0,3,95.1,0.368,1,0,,2025-12-31,753.13,15,2025-10-19,2022-11-16,50.21,5,18.2,1,73.0,1,61.6
C003414,2022-05-15,Mid-Market,Europe,Pro,Referral,49,177.31,1326,13.0,3,34.2,0.605,0,0,,2025-12-31,6379.4400000000005,36,2025-12-27,2022-06-05,177.21,4,29.4,0,4.0,1,63.7
C003415,2024-05-04,Mid-Market,LATAM,Enterprise,Paid Search,60,1319.1,606,2.0,0,0.5,0.61,0,0,,2025-12-31,16624.29,14,2025-12-12,2024-05-05,1187.45,1,5.2,0,19.0,1,55.1
C003416,2023-08-13,SMB,LATAM,Free,Paid Search,16,0.0,871,11.4,1,39.5,0.381,1,1,2025-09-04,2025-12-31,109.84,21,2025-08-11,2023-09-07,5.23,1,34.6,0,142.0,0,57.1
C003417,2024-05-30,SMB,Europe,Business,Referral,7,392.58,580,14.0,0,15.0,0.802,0,0,,2025-12-31,3658.55,9,2025-11-08,2024-10-12,406.51,0,0.0,0,53.0,1,73.1
C003418,2025-06-06,SMB,Europe,Starter,Organic,11,57.43,208,6.0,2,24.5,0.383,0,0,,2025-12-31,130.97,2,2025-10-24,2025-07-29,65.48,2,14.6,0,68.0,1,51.3
C003419,2022-05-20,Startup,APAC,Starter,Organic,3,47.47,1321,7.0,1,-2.8,0.294,0,1,2022-09-14,2025-12-31,103.92,2,2022-08-10,2022-06-23,51.96,1,12.5,0,1239.0,0,48.3
C003420,2023-02-11,Mid-Market,North America,Business,Paid Search,55,382.48,1054,6.0,0,29.0,0.466,0,0,,2025-12-31,4482.55,12,2025-08-24,2023-04-07,373.55,0,0.0,0,129.0,1,57.2
C003421,2024-01-09,SMB,Europe,Free,Partner,11,0.0,722,14.0,0,-18.1,0.459,0,0,,2025-12-31,18.89,9,2025-08-19,2024-02-05,2.1,0,0.0,0,134.0,0,59.5
C003422,2025-01-31,Enterprise,Europe,Business,Organic,455,496.34,334,15.0,1,20.0,0.393,0,0,,2025-12-31,6189.1900000000005,12,2025-11-04,2025-02-01,515.77,1,4.5,0,57.0,1,60.7
C003423,2024-05-08,SMB,APAC,Free,Partner,4,0.0,602,4.9,1,14.3,0.487,1,1,2024-08-11,2025-12-31,25.64,1,2024-05-22,2024-05-22,25.64,3,16.5,0,588.0,0,51.9
C003424,2023-07-02,Mid-Market,North America,Pro,Paid Search,68,168.76,913,24.0,2,22.4,0.54,0,0,,2025-12-31,3474.19,20,2025-12-05,2023-08-19,173.71,2,8.0,0,26.0,1,71.9
C003425,2024-05-22,SMB,North America,Pro,Partner,13,180.1,588,19.0,1,15.9,0.316,0,0,,2025-12-31,1772.41,11,2025-08-05,2024-08-16,161.13,1,16.9,0,148.0,1,61.5
C003426,2025-11-02,Mid-Market,North America,Business,Sales,74,402.64,59,8.0,3,35.8,0.22,0,0,,2025-12-31,1050.61,2,2025-12-08,2025-11-06,525.3,3,10.0,0,23.0,1,47.8
C003427,2023-11-18,Startup,Europe,Business,Paid Search,2,423.98,774,4.0,1,57.2,0.792,0,0,,2025-12-31,4590.59,11,2025-11-16,2024-02-25,417.33,1,15.0,1,45.0,1,66.6
C003428,2025-06-17,Startup,LATAM,Pro,Partner,5,156.48,197,9.0,0,44.0,0.299,1,0,,2025-12-31,837.23,5,2025-10-27,2025-06-25,167.45,0,0.0,0,65.0,1,54.4
C003429,2025-01-20,Startup,APAC,Starter,Paid Search,6,44.3,345,13.0,0,67.5,0.393,0,0,,2025-12-31,113.0,3,2025-11-25,2025-06-05,37.67,0,0.0,0,36.0,1,65.1
C003430,2023-03-07,Enterprise,North America,Starter,Organic,295,52.05,1030,15.0,2,22.5,0.255,1,0,,2025-12-31,1231.4,23,2025-07-23,2023-04-22,53.54,2,12.4,0,161.0,1,53.3
C003431,2022-12-23,Startup,North America,Pro,Referral,1,134.18,1104,11.0,2,43.1,0.525,0,0,,2025-12-31,2560.83,18,2025-12-01,2023-03-05,142.27,2,47.4,0,30.0,1,61.9
C003432,2025-01-06,Mid-Market,APAC,Pro,Sales,23,146.2,359,1.0,0,44.1,0.227,0,0,,2025-12-31,1699.85,11,2025-10-13,2025-02-02,154.53,0,0.0,0,79.0,1,47.1
C003433,2022-10-24,Mid-Market,APAC,Free,Referral,45,0.0,1164,18.0,1,63.8,0.655,2,0,,2025-12-31,56.54,19,2025-06-08,2023-02-05,2.98,2,17.2,0,206.0,0,71.6
C003434,2023-04-27,Mid-Market,Europe,Enterprise,Sales,49,1228.24,979,10.0,0,16.7,0.281,0,0,,2025-12-31,27185.47,22,2025-12-04,2023-05-28,1235.7,0,0.0,0,27.0,1,54.0
C003435,2022-12-03,Mid-Market,North America,Starter,Paid Search,58,45.49,1124,9.0,0,54.7,0.285,1,0,,2025-12-31,1114.71,26,2025-11-04,2022-12-28,42.87,1,22.3,0,57.0,1,55.1
C003436,2024-05-17,SMB,North America,Free,Partner,3,0.0,593,15.0,1,13.6,0.685,0,0,,2025-12-31,65.96,10,2025-12-24,2024-06-02,6.6,2,12.3,0,7.0,0,68.8
C003437,2023-02-25,Mid-Market,APAC,Enterprise,Organic,26,1441.29,1040,23.0,4,20.8,0.337,0,0,,2025-12-31,26527.91,20,2025-10-28,2023-04-03,1326.4,5,17.3,0,64.0,1,61.7
C003438,2024-07-30,Mid-Market,Europe,Pro,Sales,55,163.08,519,0.0,1,26.0,0.742,0,1,2025-05-14,2025-12-31,1544.05,8,2025-04-11,2024-08-05,193.01,1,4.7,0,264.0,0,58.4
C003439,2025-08-29,SMB,North America,Business,Partner,13,401.56,124,26.0,2,46.3,0.536,0,0,,2025-12-31,769.76,2,2025-12-14,2025-10-30,384.88,2,16.9,0,17.0,1,75.9
C003440,2025-04-01,Startup,LATAM,Starter,Organic,1,54.35,274,17.0,3,7.8,0.712,0,0,,2025-12-31,417.95,7,2025-10-19,2025-05-04,59.71,5,7.6,1,73.0,1,67.8
C003441,2025-09-17,SMB,Europe,Starter,Referral,7,44.9,105,15.0,2,11.3,0.594,3,0,,2025-12-31,87.07,2,2025-11-26,2025-10-05,43.54,2,22.4,1,35.0,1,58.3
C003442,2022-02-04,SMB,LATAM,Pro,Partner,21,163.58,1426,1.0,1,18.9,0.692,0,0,,2025-12-31,5243.81,33,2025-12-15,2022-02-27,158.9,3,11.1,0,16.0,1,57.0
C003443,2023-10-14,Mid-Market,Europe,Starter,Sales,34,46.93,809,19.0,1,36.2,0.588,0,0,,2025-12-31,1129.52,25,2025-12-14,2023-12-09,45.18,1,6.9,0,17.0,1,71.7
C003444,2022-11-11,Startup,Europe,Pro,Referral,2,168.71,1146,20.0,0,11.6,0.868,0,0,,2025-12-31,3563.94,20,2025-12-22,2022-11-22,178.2,0,0.0,0,9.0,1,80.1
C003445,2025-08-05,Enterprise,LATAM,Starter,Referral,87,57.67,148,15.0,1,41.6,0.155,0,0,,2025-12-31,308.06,5,2025-11-21,2025-08-15,61.61,1,3.4,0,40.0,1,55.7
C003446,2024-10-15,Mid-Market,LATAM,Starter,Paid Search,69,59.54,442,22.0,1,26.1,0.7,0,0,,2025-12-31,398.14,7,2025-12-13,2025-03-22,56.88,3,22.7,0,18.0,1,76.8
C003447,2023-04-03,Enterprise,LATAM,Free,Paid Search,375,0.0,1003,23.0,2,51.4,0.537,0,0,,2025-12-31,129.98,23,2025-12-10,2023-04-06,5.65,2,12.6,0,21.0,0,73.8
C003448,2024-03-16,SMB,APAC,Starter,Referral,22,56.71,655,23.0,0,36.6,0.351,0,0,,2025-12-31,966.84,16,2025-11-07,2024-03-23,60.43,4,22.9,0,54.0,1,69.7
C003449,2024-05-15,Mid-Market,Europe,Starter,Organic,21,48.4,595,9.0,1,78.8,0.421,0,0,,2025-12-31,516.5799999999999,11,2025-10-03,2024-05-17,46.96,2,52.8,0,89.0,1,62.0
C003450,2023-12-10,SMB,North America,Business,Organic,7,430.34,752,18.0,1,38.0,0.292,1,0,,2025-12-31,7207.54,16,2025-12-12,2024-01-18,450.47,4,23.4,0,19.0,1,60.1
C003451,2023-11-10,Mid-Market,North America,Pro,Sales,37,180.78,782,1.0,5,4.5,0.706,1,0,,2025-12-31,2931.68,15,2025-12-06,2023-11-19,195.45,5,24.2,0,25.0,1,48.0
C003452,2022-03-20,SMB,LATAM,Starter,Sales,9,46.5,1382,15.0,0,29.7,0.399,0,0,,2025-12-31,1233.79,27,2025-12-17,2022-10-11,45.7,3,13.1,2,14.0,1,63.3
C003453,2023-10-10,SMB,North America,Pro,Sales,16,142.86,813,4.0,1,35.5,0.439,0,0,,2025-12-31,1760.48,11,2025-12-21,2023-10-21,160.04,1,16.5,0,10.0,1,53.8
C003454,2023-05-14,Enterprise,APAC,Starter,Organic,214,58.29,962,8.0,2,12.3,0.218,0,0,,2025-12-31,1006.3,17,2025-11-17,2023-09-21,59.19,3,10.6,0,44.0,1,46.9
C003455,2025-03-16,SMB,LATAM,Starter,Organic,18,53.88,290,18.0,0,72.9,0.264,1,0,,2025-12-31,344.94,6,2025-12-11,2025-03-24,57.49,0,0.0,0,20.0,1,64.3
C003456,2025-05-22,SMB,LATAM,Business,Sales,11,412.76,223,11.0,1,27.3,0.369,0,0,,2025-12-31,1903.53,5,2025-10-25,2025-06-25,380.71,4,11.1,0,67.0,1,57.1
C003457,2024-12-09,SMB,LATAM,Pro,Organic,21,138.78,387,24.0,2,18.9,0.169,0,0,,2025-12-31,1147.47,8,2025-10-03,2024-12-28,143.43,5,18.6,0,89.0,1,60.4
C003458,2022-02-14,Enterprise,Europe,Pro,Paid Search,286,178.89,1416,2.0,0,39.5,0.203,1,0,,2025-12-31,5176.95,26,2025-12-29,2022-02-21,199.11,0,0.0,0,2.0,1,44.8
C003459,2025-04-17,SMB,Europe,Starter,Paid Search,19,49.42,258,27.0,1,12.3,0.281,0,0,,2025-12-31,189.85,4,2025-12-22,2025-06-29,47.46,2,13.9,0,9.0,1,67.3
C003460,2023-07-21,Mid-Market,LATAM,Free,Referral,19,0.0,894,19.0,2,59.2,0.389,2,0,,2025-12-31,89.55,18,2025-12-09,2023-08-15,4.97,2,15.2,0,22.0,0,62.6
C003461,2023-08-19,Enterprise,North America,Business,Paid Search,160,452.13,865,7.8,2,54.1,0.279,0,1,2025-07-11,2025-12-31,7247.53,15,2025-06-04,2023-10-25,483.17,3,11.2,0,210.0,0,52.7
C003462,2025-09-13,Mid-Market,North America,Pro,Organic,38,172.13,109,0.0,1,38.3,0.155,1,1,2025-10-29,2025-12-31,280.45,2,2025-10-26,2025-09-29,140.22,2,4.2,1,66.0,0,40.0
C003463,2025-05-25,SMB,LATAM,Pro,Paid Search,5,139.57,220,1.0,0,49.8,0.431,0,0,,2025-12-31,710.41,5,2025-12-07,2025-08-10,142.08,0,0.0,0,24.0,1,53.8
C003464,2022-03-14,Mid-Market,APAC,Enterprise,Organic,30,1350.13,1388,11.0,2,22.5,0.29,0,0,,2025-12-31,41882.54,30,2025-12-30,2022-03-19,1396.08,2,9.0,0,1.0,1,52.8
C003465,2023-05-30,SMB,Europe,Starter,Referral,17,59.11,946,16.0,2,-2.6,0.568,0,0,,2025-12-31,776.94,14,2025-12-02,2023-06-04,55.5,3,18.8,0,29.0,1,63.1
C003466,2024-12-08,Mid-Market,North America,Business,Partner,41,393.3,388,14.0,4,26.9,0.554,1,0,,2025-12-31,1439.16,4,2025-11-15,2024-12-22,359.79,5,13.5,0,46.0,1,58.8
C003467,2024-02-10,SMB,Europe,Pro,Partner,18,169.18,690,8.0,1,22.5,0.395,0,0,,2025-12-31,2782.7799999999997,17,2025-11-04,2024-02-24,163.69,2,31.8,0,57.0,1,54.7
C003468,2023-01-04,Mid-Market,LATAM,Starter,Paid Search,70,51.7,1092,18.0,1,-15.9,0.501,0,0,,2025-12-31,1505.45,29,2025-11-09,2023-01-05,51.91,2,36.2,0,52.0,1,63.0
C003469,2024-01-21,SMB,Europe,Free,Organic,19,0.0,710,5.1,1,8.6,0.481,1,1,2024-09-11,2025-12-31,7.89,3,2024-08-19,2024-01-24,2.63,3,7.2,0,499.0,0,51.3
C003470,2025-05-24,SMB,Europe,Pro,Organic,24,177.37,221,9.0,1,4.2,0.192,2,0,,2025-12-31,666.52,4,2025-11-20,2025-08-24,166.63,1,6.7,0,41.0,1,43.7
C003471,2022-11-16,Mid-Market,Europe,Starter,Sales,59,51.97,1141,9.0,1,8.7,0.248,0,0,,2025-12-31,1337.01,26,2025-11-09,2023-02-08,51.42,2,14.5,0,52.0,1,49.8
C003472,2024-12-02,Enterprise,APAC,Pro,Paid Search,80,154.64,394,12.0,0,68.3,0.676,0,0,,2025-12-31,2358.1,16,2025-11-30,2024-12-07,147.38,0,0.0,0,31.0,1,72.8
C003473,2024-11-16,SMB,LATAM,Pro,Paid Search,16,171.23,410,20.0,0,47.8,0.392,0,0,,2025-12-31,1505.8999999999999,8,2025-12-05,2025-01-11,188.24,0,0.0,0,26.0,1,69.4
C003474,2025-06-20,Startup,Europe,Pro,Paid Search,6,132.18,194,16.0,0,59.1,0.495,0,0,,2025-12-31,483.5,3,2025-12-24,2025-09-24,161.17,1,36.8,0,7.0,1,70.0
C003475,2023-03-03,Startup,Europe,Pro,Sales,4,157.94,1034,3.0,2,47.7,0.413,0,0,,2025-12-31,4096.65,26,2025-12-20,2023-04-08,157.56,2,6.8,0,11.0,1,51.8
C003476,2022-11-05,Mid-Market,North America,Pro,Referral,43,138.78,1152,25.0,1,62.1,0.094,0,0,,2025-12-31,4467.58,32,2025-11-09,2022-11-25,139.61,2,4.4,0,52.0,1,64.9
C003477,2024-02-23,SMB,Europe,Pro,Organic,4,174.18,677,5.0,1,35.7,0.372,0,0,,2025-12-31,3898.65,22,2025-12-19,2024-04-01,177.21,1,6.1,0,12.0,1,52.7
C003478,2024-01-30,Mid-Market,North America,Business,Partner,25,475.93,701,18.0,3,72.9,0.159,0,0,,2025-12-31,4773.97,10,2025-11-12,2024-04-14,477.4,3,10.3,0,49.0,1,58.6
C003479,2023-08-09,Mid-Market,Europe,Free,Paid Search,19,0.0,875,0.0,1,4.2,0.412,0,0,,2025-12-31,96.54,14,2025-11-08,2023-12-20,6.9,2,17.4,0,53.0,0,46.3
C003480,2025-01-19,SMB,Europe,Enterprise,Referral,23,1286.67,346,7.0,2,33.3,0.409,1,0,,2025-12-31,6145.51,5,2025-08-13,2025-04-06,1229.1,2,19.8,0,140.0,1,51.8
C003481,2025-02-16,SMB,North America,Free,Sales,14,0.0,318,15.0,3,9.4,0.346,1,0,,2025-12-31,15.98,4,2025-10-12,2025-03-07,4.0,3,7.1,1,80.0,0,53.2
C003482,2022-12-18,SMB,North America,Starter,Referral,24,55.36,1109,23.0,1,66.0,0.465,0,0,,2025-12-31,1373.74,25,2025-10-19,2023-01-17,54.95,1,6.1,0,73.0,1,74.6
C003483,2025-02-11,Startup,North America,Pro,Referral,3,149.83,323,15.0,2,45.5,0.681,1,0,,2025-12-31,1028.38,6,2025-12-22,2025-05-12,171.4,2,9.4,0,9.0,1,68.4
C003484,2022-11-26,Mid-Market,North America,Free,Paid Search,27,0.0,1131,1.0,1,64.7,0.019,0,0,,2025-12-31,225.95,33,2025-12-03,2023-01-10,6.85,1,24.5,1,28.0,0,41.4
C003485,2023-08-06,SMB,APAC,Starter,Paid Search,4,55.77,878,26.0,2,-0.1,0.113,1,0,,2025-12-31,951.44,18,2025-12-12,2023-09-01,52.86,2,16.0,0,19.0,1,56.6
C003486,2022-02-08,Mid-Market,North America,Starter,Partner,32,55.43,1422,7.0,0,19.9,0.614,0,0,,2025-12-31,1898.89,32,2025-12-25,2022-02-14,59.34,0,0.0,0,6.0,1,61.7
C003487,2023-05-02,Enterprise,North America,Pro,Referral,397,157.53,974,10.0,1,-9.6,0.349,0,0,,2025-12-31,3266.65,21,2025-12-19,2024-03-08,155.55,2,16.6,1,12.0,1,51.9
C003488,2025-10-02,Mid-Market,LATAM,Pro,Organic,42,157.02,90,3.0,2,44.0,0.336,0,0,,2025-12-31,129.44,1,2025-11-18,2025-11-18,129.44,2,9.6,0,43.0,1,49.2
C003489,2023-09-25,Startup,North America,Free,Paid Search,1,0.0,828,19.0,4,24.3,0.482,0,0,,2025-12-31,100.73,9,2025-12-19,2024-02-03,11.19,4,10.8,0,12.0,0,62.9
C003490,2024-10-12,SMB,APAC,Pro,Organic,6,161.05,445,12.0,0,53.9,0.309,0,0,,2025-12-31,1231.44,8,2025-12-21,2024-10-25,153.93,0,0.0,0,10.0,1,60.4
C003491,2022-06-04,Enterprise,Europe,Starter,Organic,143,60.64,1306,6.0,2,35.8,0.603,1,0,,2025-12-31,1506.58,25,2025-12-09,2022-06-20,60.26,2,23.8,0,22.0,1,57.0
C003492,2024-06-27,SMB,APAC,Enterprise,Sales,3,1059.2,552,17.0,1,-18.3,0.534,0,0,,2025-12-31,11065.52,10,2025-10-01,2024-08-08,1106.55,2,14.2,0,91.0,1,62.9
C003493,2023-06-16,Startup,Europe,Free,Organic,4,0.0,929,5.0,0,-6.5,0.533,0,0,,2025-12-31,75.82,17,2025-09-24,2023-06-18,4.46,1,30.6,0,98.0,0,54.8
C003494,2024-11-29,Startup,North America,Pro,Referral,2,147.0,397,14.0,2,37.1,0.387,1,0,,2025-12-31,1169.08,9,2025-11-03,2024-12-12,129.9,2,16.4,0,58.0,1,57.8
C003495,2025-08-20,SMB,APAC,Pro,Paid Search,11,146.5,133,18.0,1,46.6,0.058,1,0,,2025-12-31,510.6,3,2025-12-22,2025-08-27,170.2,1,3.9,0,9.0,1,54.0
C003496,2024-01-31,Mid-Market,APAC,Pro,Partner,48,179.86,700,22.0,0,-20.4,0.522,0,0,,2025-12-31,3404.88,19,2025-12-20,2024-02-14,179.2,1,5.9,0,11.0,1,68.3
C003497,2022-05-28,SMB,North America,Enterprise,Sales,15,1239.64,1313,19.0,1,32.9,0.176,0,0,,2025-12-31,33012.66,26,2025-11-12,2022-07-04,1269.72,2,8.6,0,49.0,1,59.0
C003498,2023-11-12,Startup,APAC,Starter,Referral,5,49.59,780,15.0,1,9.6,0.347,1,0,,2025-12-31,944.72,19,2025-10-30,2024-01-09,49.72,1,6.5,0,62.0,1,56.3
C003499,2022-06-26,Startup,Europe,Business,Referral,3,382.73,1284,0.0,2,7.2,0.352,0,0,,2025-12-31,8202.34,21,2025-12-29,2022-07-06,390.59,2,31.8,0,2.0,1,43.3
C003500,2023-10-05,Startup,LATAM,Starter,Organic,1,53.32,818,6.0,1,18.6,0.314,0,0,,2025-12-31,1114.23,20,2025-12-20,2023-12-07,55.71,1,17.8,0,11.0,1,50.1
C003501,2022-03-29,SMB,APAC,Pro,Paid Search,4,151.09,1373,16.0,2,38.1,0.74,0,0,,2025-12-31,5281.4800000000005,35,2025-09-30,2022-04-12,150.9,3,9.4,0,92.0,1,72.3
C003502,2024-07-04,Enterprise,North America,Starter,Referral,304,52.87,545,15.0,1,17.3,0.35,1,0,,2025-12-31,890.16,15,2025-12-07,2024-09-23,59.34,2,40.2,0,24.0,1,57.1
C003503,2023-03-20,SMB,APAC,Starter,Referral,6,53.84,1017,14.0,2,-14.7,0.38,0,0,,2025-12-31,1108.35,21,2025-12-07,2023-05-10,52.78,2,27.6,0,24.0,1,54.4
C003504,2022-10-16,Mid-Market,LATAM,Free,Referral,27,0.0,1172,20.0,2,37.9,0.515,0,0,,2025-12-31,161.09,26,2025-09-06,2022-10-23,6.2,3,17.1,0,116.0,0,69.1
C003505,2022-01-25,Enterprise,APAC,Free,Referral,258,0.0,1436,25.0,0,26.2,0.585,0,0,,2025-12-31,144.1,32,2025-09-29,2022-02-13,4.5,0,0.0,0,93.0,0,77.5
C003506,2025-06-23,SMB,North America,Enterprise,Organic,14,1193.12,191,14.0,2,11.5,0.282,0,0,,2025-12-31,2994.43,3,2025-11-24,2025-06-30,998.14,3,16.4,0,37.0,1,54.1
C003507,2025-04-12,SMB,APAC,Business,Organic,4,465.45,263,0.7,2,27.3,0.585,2,1,2025-06-19,2025-12-31,982.98,2,2025-06-18,2025-06-02,491.49,5,17.3,0,196.0,0,48.9
C003508,2025-03-06,Startup,Europe,Starter,Sales,2,50.13,300,12.0,1,26.3,0.913,0,0,,2025-12-31,246.01999999999998,6,2025-11-09,2025-05-21,41.0,2,19.5,0,52.0,1,74.2
C003509,2022-03-25,SMB,North America,Pro,Partner,15,134.98,1377,7.0,0,36.1,0.342,0,0,,2025-12-31,2661.63,19,2025-11-30,2022-08-28,140.09,2,8.7,2,31.0,1,55.1
C003510,2023-05-15,Startup,APAC,Pro,Referral,3,163.11,961,14.0,1,28.8,0.784,0,0,,2025-12-31,2746.99,17,2025-12-31,2023-06-21,161.59,2,46.4,0,0.0,1,72.4
C003511,2025-10-21,SMB,Europe,Starter,Partner,24,50.36,71,16.0,0,39.1,0.285,0,0,,2025-12-31,105.36,2,2025-12-30,2025-11-24,52.68,1,27.8,0,1.0,1,61.7
C003512,2024-04-07,SMB,APAC,Starter,Sales,7,56.83,633,15.0,2,33.8,0.153,0,0,,2025-12-31,570.24,10,2025-12-25,2024-07-12,57.02,2,15.8,0,6.0,1,53.4
C003513,2022-07-03,Enterprise,Europe,Pro,Referral,330,161.87,1277,16.0,1,55.5,0.449,0,0,,2025-12-31,4345.46,26,2025-07-30,2022-07-14,167.13,1,11.1,0,154.0,1,66.8
C003514,2022-07-21,SMB,North America,Starter,Organic,13,45.68,1259,8.0,2,74.6,0.723,1,0,,2025-12-31,1527.24,33,2025-12-06,2022-09-17,46.28,2,26.6,0,25.0,1,66.3
C003515,2023-01-12,Mid-Market,LATAM,Pro,Sales,65,170.0,1084,4.0,3,34.6,0.603,2,0,,2025-12-31,2556.8,16,2025-10-01,2023-06-09,159.8,5,21.7,0,91.0,1,51.6
C003516,2025-10-22,Enterprise,Europe,Starter,Paid Search,291,51.99,70,13.2,2,19.5,0.765,0,1,2025-12-19,2025-12-31,45.3,1,2025-11-21,2025-11-21,45.3,2,16.2,0,40.0,0,68.7
C003517,2022-08-31,Mid-Market,Europe,Free,Paid Search,43,0.0,1218,7.7,3,-0.9,0.274,1,1,2023-11-17,2025-12-31,56.51,10,2023-10-22,2022-10-19,5.65,4,9.6,0,801.0,0,43.5
C003518,2025-07-15,Startup,Europe,Pro,Referral,6,145.12,169,5.0,1,51.2,0.741,0,0,,2025-12-31,498.08,3,2025-12-16,2025-09-11,166.03,2,37.7,0,15.0,1,65.3
C003519,2024-08-27,SMB,North America,Pro,Paid Search,15,149.57,491,27.0,2,12.4,0.63,0,0,,2025-12-31,2208.14,14,2025-12-18,2024-11-20,157.72,2,33.2,0,13.0,1,76.2
C003520,2025-08-11,Startup,APAC,Enterprise,Organic,7,1258.45,142,0.0,0,93.7,0.285,1,0,,2025-12-31,9402.57,7,2025-12-24,2025-08-23,1343.22,0,0.0,0,7.0,1,50.9
C003521,2025-03-27,Startup,Europe,Starter,Partner,2,50.28,279,9.0,1,100.0,0.505,1,0,,2025-12-31,379.81,7,2025-11-20,2025-06-06,54.26,2,24.4,0,41.0,1,64.7
C003522,2023-04-20,Startup,LATAM,Business,Sales,5,474.64,986,20.0,1,29.7,0.073,0,0,,2025-12-31,11509.03,25,2025-10-12,2023-05-09,460.36,1,3.9,1,80.0,1,56.5
C003523,2025-03-29,Mid-Market,LATAM,Enterprise,Organic,38,1303.17,277,11.0,2,-6.6,0.17,0,0,,2025-12-31,4010.36,4,2025-11-30,2025-06-26,1002.59,2,19.6,0,31.0,1,46.3
C003524,2022-08-30,Startup,APAC,Pro,Referral,6,159.63,1219,23.0,2,51.3,0.567,0,0,,2025-12-31,5620.3,35,2025-12-11,2022-10-05,160.58,2,7.3,0,20.0,1,74.7
C003525,2023-02-21,Startup,North America,Enterprise,Paid Search,7,1383.37,1044,10.0,1,87.5,0.413,1,0,,2025-12-31,22832.46,18,2025-12-24,2023-05-23,1268.47,2,60.3,1,7.0,1,61.6
C003526,2022-10-30,Startup,APAC,Enterprise,Paid Search,2,1045.34,1158,17.0,1,2.2,0.247,1,0,,2025-12-31,26812.24,26,2025-12-06,2022-12-17,1031.24,1,3.5,0,25.0,1,54.3
C003527,2022-07-10,Mid-Market,North America,Business,Referral,56,488.41,1270,11.0,2,82.5,0.337,1,0,,2025-12-31,13240.539999999999,27,2025-11-01,2022-07-24,490.39,3,10.1,0,60.0,1,58.2
C003528,2022-05-09,Enterprise,APAC,Enterprise,Partner,189,1260.45,1332,13.0,1,-11.2,0.354,0,0,,2025-12-31,39010.66,30,2025-11-03,2022-06-04,1300.36,1,9.6,0,58.0,1,54.6
C003529,2022-09-25,Startup,Europe,Pro,Referral,1,165.83,1193,13.0,1,-1.4,0.455,0,0,,2025-12-31,3398.98,19,2025-11-24,2022-10-14,178.89,1,9.5,0,37.0,1,58.6
C003530,2022-06-21,Mid-Market,LATAM,Pro,Referral,77,166.49,1289,27.0,0,42.7,0.383,1,0,,2025-12-31,4335.77,26,2025-12-27,2022-07-02,166.76,1,26.0,0,4.0,1,72.9
C003531,2023-06-29,Mid-Market,North America,Enterprise,Sales,48,1430.5,916,21.0,1,60.4,0.63,0,0,,2025-12-31,21533.47,16,2025-10-19,2023-08-25,1345.84,3,7.2,0,73.0,1,77.2
C003532,2022-04-12,SMB,North America,Business,Referral,23,409.51,1359,10.0,1,33.3,0.618,0,0,,2025-12-31,12019.65,31,2025-12-23,2022-06-02,387.73,4,24.3,0,8.0,1,64.3
C003533,2022-03-29,Mid-Market,LATAM,Free,Organic,26,0.0,1373,11.0,0,46.2,0.238,0,0,,2025-12-31,111.73,22,2025-12-07,2022-07-18,5.08,1,6.4,0,24.0,0,56.6
C003534,2025-11-16,Enterprise,Europe,Starter,Referral,433,62.07,45,11.0,0,62.6,0.513,1,0,,2025-12-31,85.07,1,2025-11-21,2025-11-21,85.07,0,0.0,0,40.0,1,64.5
C003535,2022-05-06,Startup,APAC,Starter,Partner,6,47.83,1335,20.0,1,65.5,0.769,0,0,,2025-12-31,1317.2,28,2025-11-10,2022-08-18,47.04,1,12.7,0,51.0,1,81.0
C003536,2022-04-16,Startup,LATAM,Business,Organic,6,429.54,1355,16.0,1,19.4,0.392,1,0,,2025-12-31,9821.49,23,2025-09-29,2022-05-02,427.02,3,15.2,0,93.0,1,59.5
C003537,2022-02-13,Startup,Europe,Starter,Partner,5,46.32,1417,14.0,0,13.4,0.446,0,0,,2025-12-31,907.43,20,2025-09-06,2022-03-16,45.37,0,0.0,0,116.0,1,62.2
C003538,2022-07-09,Mid-Market,Europe,Starter,Referral,23,54.61,1271,3.9,3,61.3,0.768,0,1,2023-09-09,2025-12-31,216.96,5,2023-09-02,2022-09-26,43.39,3,21.3,0,851.0,0,63.2
C003539,2024-01-25,Mid-Market,Europe,Pro,Organic,28,179.51,706,11.0,1,46.4,0.213,0,0,,2025-12-31,2206.71,12,2025-11-19,2024-02-17,183.89,1,6.8,0,42.0,1,54.4
C003540,2025-03-28,SMB,APAC,Free,Paid Search,13,0.0,278,15.0,2,49.7,0.519,0,0,,2025-12-31,46.19,9,2025-12-31,2025-05-05,5.13,4,12.2,1,0.0,0,65.9
C003541,2024-11-16,SMB,LATAM,Enterprise,Paid Search,15,1355.79,410,23.0,2,18.5,0.333,1,0,,2025-12-31,19243.18,14,2025-12-10,2024-12-10,1374.51,2,6.8,0,21.0,1,62.4
C003542,2024-04-09,Enterprise,North America,Pro,Paid Search,119,181.75,631,27.0,1,51.0,0.35,1,0,,2025-12-31,3357.6800000000003,17,2025-12-07,2024-06-01,197.51,1,32.8,1,24.0,1,71.2
C003543,2022-05-02,SMB,APAC,Starter,Referral,3,53.06,1339,1.0,3,7.6,0.541,0,0,,2025-12-31,934.29,19,2025-11-11,2022-05-19,49.17,3,11.6,0,50.0,1,48.4
C003544,2025-01-12,Startup,North America,Starter,Organic,4,46.81,353,6.0,1,41.2,0.252,0,0,,2025-12-31,293.95,6,2025-12-21,2025-04-08,48.99,2,9.2,0,10.0,1,50.5
C003545,2022-02-23,SMB,Europe,Business,Referral,24,445.33,1407,19.0,1,37.8,0.403,0,0,,2025-12-31,15848.5,33,2025-11-30,2022-03-06,480.26,2,38.8,0,31.0,1,66.3
C003546,2024-06-21,Mid-Market,APAC,Pro,Referral,66,182.25,558,4.0,0,38.0,0.324,0,0,,2025-12-31,2607.69,15,2025-12-16,2024-07-01,173.85,0,0.0,0,15.0,1,52.1
C003547,2023-08-09,Mid-Market,APAC,Pro,Paid Search,34,170.28,875,17.0,0,54.5,0.763,0,0,,2025-12-31,3078.1800000000003,18,2025-12-28,2023-09-18,171.01,1,22.9,1,3.0,1,78.5
C003548,2025-06-15,Enterprise,Europe,Starter,Paid Search,221,50.52,199,11.0,1,9.5,0.471,0,0,,2025-12-31,361.53,7,2025-12-13,2025-06-24,51.65,2,29.3,0,18.0,1,58.4
C003549,2023-03-16,Mid-Market,North America,Enterprise,Organic,75,1460.28,1021,5.0,2,51.9,0.31,1,0,,2025-12-31,22265.170000000002,15,2025-06-24,2023-06-11,1484.34,2,15.0,0,190.0,1,49.0
C003550,2024-07-02,SMB,North America,Business,Organic,17,475.87,547,14.0,0,35.5,0.115,0,0,,2025-12-31,5602.76,12,2025-11-30,2024-10-27,466.9,0,0.0,0,31.0,1,54.5
C003551,2023-09-22,SMB,North America,Pro,Paid Search,8,143.27,831,14.0,3,15.2,0.514,0,0,,2025-12-31,1544.86,12,2025-10-28,2023-12-28,128.74,4,7.3,1,64.0,1,59.9
C003552,2024-01-17,SMB,North America,Starter,Organic,16,49.71,714,5.7,3,2.0,0.341,0,1,2025-06-23,2025-12-31,837.9300000000001,17,2025-06-04,2024-01-22,49.29,4,11.9,1,210.0,0,46.0
C003553,2025-09-04,Startup,APAC,Enterprise,Referral,2,1083.68,118,23.0,0,82.2,0.422,0,0,,2025-12-31,3321.57,3,2025-10-14,2025-09-10,1107.19,0,0.0,0,78.0,1,76.4
C003554,2024-10-16,Mid-Market,Europe,Pro,Partner,62,182.01,441,26.0,2,33.3,0.63,0,0,,2025-12-31,1564.84,8,2025-12-07,2024-11-21,195.6,3,8.2,0,24.0,1,77.4
C003555,2023-08-16,Enterprise,North America,Starter,Organic,398,56.15,868,12.0,0,26.1,0.575,0,0,,2025-12-31,679.6,12,2025-10-25,2023-10-06,56.63,1,12.8,1,67.0,1,65.6
C003556,2023-10-02,Enterprise,APAC,Enterprise,Paid Search,138,1249.19,821,19.0,2,6.4,0.639,0,0,,2025-12-31,31676.059999999998,24,2025-11-25,2023-10-05,1319.84,2,5.2,0,36.0,1,68.8
C003557,2024-10-04,Mid-Market,North America,Business,Referral,49,400.85,453,22.0,2,62.2,0.687,0,0,,2025-12-31,4186.39,11,2025-12-27,2024-11-03,380.58,2,9.6,0,4.0,1,78.5
C003558,2023-05-10,SMB,North America,Business,Organic,19,431.26,966,27.0,0,60.3,0.43,1,0,,2025-12-31,5998.05,15,2025-08-31,2023-07-22,399.87,0,0.0,0,122.0,1,76.0
C003559,2022-08-29,Startup,LATAM,Business,Referral,5,471.45,1220,18.0,0,55.5,0.23,1,0,,2025-12-31,11358.52,24,2025-12-04,2022-09-30,473.27,1,30.2,0,27.0,1,61.5
C003560,2023-10-31,Startup,North America,Starter,Organic,7,50.5,792,2.7,4,33.5,0.172,0,1,2024-03-07,2025-12-31,269.08,6,2024-02-23,2023-11-10,44.85,4,6.0,0,677.0,0,39.9
C003561,2022-04-08,SMB,Europe,Pro,Sales,19,180.7,1363,9.0,1,53.8,0.447,1,0,,2025-12-31,5126.21,30,2025-12-13,2022-04-25,170.87,1,14.6,0,18.0,1,58.3
C003562,2022-08-31,SMB,Europe,Starter,Paid Search,3,54.01,1218,5.0,1,14.4,0.539,0,0,,2025-12-31,835.8,17,2025-11-25,2022-09-17,49.16,1,25.8,1,36.0,1,55.6
C003563,2023-08-25,Mid-Market,North America,Pro,Paid Search,42,170.04,859,5.0,0,40.4,0.358,1,0,,2025-12-31,2411.11,15,2025-11-13,2023-09-18,160.74,2,36.2,0,48.0,1,52.2
C003564,2025-02-13,SMB,North America,Starter,Partner,24,46.73,321,5.1,1,33.6,0.576,1,1,2025-06-24,2025-12-31,182.97,4,2025-06-12,2025-02-26,45.74,1,11.4,0,202.0,0,56.7
C003565,2025-01-22,Mid-Market,North America,Starter,Paid Search,24,47.38,343,13.0,0,41.7,0.26,0,0,,2025-12-31,389.16999999999996,8,2025-10-15,2025-02-05,48.65,0,0.0,0,77.0,1,58.6
C003566,2023-01-08,Startup,North America,Enterprise,Referral,6,1336.03,1088,22.0,1,-10.3,0.207,0,0,,2025-12-31,25068.81,20,2025-12-24,2023-05-14,1253.44,1,15.4,0,7.0,1,58.3
C003567,2023-08-27,SMB,APAC,Starter,Organic,3,45.3,857,8.0,1,81.7,0.136,0,0,,2025-12-31,492.99,10,2025-11-01,2024-02-09,49.3,1,103.3,0,60.0,1,52.9
C003568,2022-08-08,Mid-Market,Europe,Business,Organic,77,440.32,1241,5.0,2,75.5,0.202,0,0,,2025-12-31,9419.57,20,2025-12-13,2023-02-08,470.98,2,19.8,0,18.0,1,50.1
C003569,2024-12-15,Mid-Market,Europe,Starter,Organic,64,53.29,381,3.0,0,6.2,0.45,1,0,,2025-12-31,177.71,3,2025-05-27,2025-01-18,59.24,0,0.0,0,218.0,1,49.8
C003570,2022-12-19,Mid-Market,North America,Free,Partner,23,0.0,1108,2.3,1,49.4,0.269,0,1,2024-02-13,2025-12-31,87.22,16,2024-02-03,2023-01-20,5.45,4,20.0,1,697.0,0,48.6
C003571,2025-02-17,Startup,LATAM,Free,Sales,4,0.0,317,6.7,0,-2.2,0.453,0,1,2025-10-16,2025-12-31,15.1,7,2025-10-15,2025-03-17,2.16,0,0.0,0,77.0,0,54.4
C003572,2025-04-19,Enterprise,North America,Starter,Organic,210,49.66,256,11.0,0,37.1,0.605,0,0,,2025-12-31,226.18,5,2025-10-05,2025-08-10,45.24,0,0.0,0,87.0,1,66.7
C003573,2024-09-12,Enterprise,APAC,Pro,Referral,105,176.63,475,11.0,2,-19.9,0.554,0,0,,2025-12-31,754.94,5,2025-08-15,2024-09-28,150.99,4,17.1,0,138.0,1,56.5
C003574,2023-04-18,Mid-Market,North America,Starter,Referral,63,57.6,988,3.4,0,27.7,0.218,0,1,2023-11-13,2025-12-31,270.40000000000003,5,2023-09-22,2023-06-20,54.08,1,21.8,0,831.0,0,47.3
C003575,2025-09-24,Startup,LATAM,Pro,Organic,7,133.76,98,12.0,1,22.8,0.179,0,0,,2025-12-31,93.84,1,2025-12-10,2025-12-10,93.84,1,3.9,0,21.0,1,51.9
C003576,2024-09-08,SMB,North America,Pro,Organic,19,159.92,479,18.0,1,63.9,0.417,1,0,,2025-12-31,2177.32,13,2025-12-25,2024-09-08,167.49,2,41.0,0,6.0,1,66.5
C003577,2024-07-12,SMB,North America,Free,Paid Search,11,0.0,537,1.0,3,76.7,0.487,0,0,,2025-12-31,55.3,7,2025-09-26,2024-07-26,7.9,3,8.4,0,96.0,0,53.7
C003578,2025-05-09,Mid-Market,Europe,Starter,Organic,51,46.78,236,13.0,4,77.3,0.413,0,1,2025-12-20,2025-12-31,155.49,3,2025-11-18,2025-07-17,51.83,6,33.7,1,43.0,0,60.7
C003579,2025-06-14,Enterprise,North America,Free,Referral,212,0.0,200,8.0,2,64.0,0.636,0,0,,2025-12-31,22.25,4,2025-10-11,2025-07-08,5.56,2,5.6,1,81.0,0,64.6
C003580,2022-04-22,Startup,APAC,Free,Paid Search,4,0.0,1349,3.0,4,37.1,0.393,0,0,,2025-12-31,69.97,24,2025-07-17,2022-04-29,2.92,5,14.7,0,167.0,0,47.2
C003581,2025-06-14,Mid-Market,Europe,Starter,Paid Search,74,54.3,200,4.0,0,44.7,0.696,1,0,,2025-12-31,142.38,3,2025-11-07,2025-07-20,47.46,1,4.6,0,54.0,1,61.9
C003582,2024-12-29,Enterprise,APAC,Pro,Referral,347,166.75,367,15.0,0,44.6,0.703,1,0,,2025-12-31,1674.77,10,2025-09-18,2025-01-03,167.48,1,12.1,0,104.0,1,71.9
C003583,2022-10-23,SMB,North America,Pro,Organic,4,140.55,1165,14.0,1,5.5,0.454,1,0,,2025-12-31,3057.9700000000003,22,2025-10-07,2022-11-14,139.0,1,20.6,0,85.0,1,58.2
C003584,2023-03-16,Enterprise,APAC,Business,Referral,277,380.36,1021,2.0,2,63.6,0.572,1,0,,2025-12-31,11390.31,31,2025-12-23,2023-04-15,367.43,2,40.1,0,8.0,1,55.3
C003585,2024-12-12,Enterprise,North America,Business,Partner,226,405.53,384,13.0,3,52.3,0.374,0,0,,2025-12-31,4137.01,10,2025-10-31,2024-12-24,413.7,4,10.4,0,61.0,1,58.6
C003586,2022-11-06,Startup,LATAM,Pro,Paid Search,6,146.43,1151,6.0,1,53.4,0.581,1,0,,2025-12-31,3417.06,25,2025-11-28,2022-11-18,136.68,1,31.1,0,33.0,1,59.6
C003587,2023-10-09,SMB,APAC,Starter,Paid Search,6,56.47,814,25.0,3,-22.0,0.629,0,0,,2025-12-31,1078.33,19,2025-12-27,2023-10-20,56.75,3,11.1,0,4.0,1,69.5
C003588,2024-09-12,Mid-Market,Europe,Free,Organic,51,0.0,475,2.7,2,46.3,0.479,1,1,2025-04-04,2025-12-31,26.26,5,2025-03-25,2024-10-08,5.25,3,13.0,0,281.0,0,51.4
C003589,2024-07-19,Mid-Market,APAC,Pro,Sales,32,145.54,530,27.0,4,60.1,0.443,0,0,,2025-12-31,1969.77,12,2025-10-26,2024-07-31,164.15,4,45.0,0,66.0,1,72.4
C003590,2025-07-25,SMB,Europe,Starter,Paid Search,21,46.38,159,16.0,1,34.6,0.235,0,0,,2025-12-31,73.51,2,2025-09-07,2025-09-01,36.76,3,21.0,0,115.0,1,58.3
C003591,2022-06-09,Enterprise,Europe,Starter,Sales,480,59.72,1301,27.0,2,22.5,0.326,0,0,,2025-12-31,1475.1,22,2025-09-21,2022-06-27,67.05,2,12.4,0,101.0,1,68.1
C003592,2023-02-26,Enterprise,North America,Enterprise,Sales,171,1182.23,1039,15.0,1,0.9,0.604,0,0,,2025-12-31,33309.17,29,2025-12-31,2023-03-02,1148.59,1,12.4,0,0.0,1,65.1
C003593,2025-11-09,SMB,Europe,Starter,Paid Search,18,45.67,52,3.0,2,-0.9,0.334,0,0,,2025-12-31,146.57,3,2025-12-13,2025-11-14,48.86,2,15.4,0,18.0,1,44.6
C003594,2024-03-24,SMB,North America,Free,Referral,4,0.0,647,18.0,0,38.9,0.346,1,0,,2025-12-31,79.65,11,2025-09-12,2024-05-29,7.24,0,0.0,0,110.0,0,63.3
C003595,2022-12-22,Startup,North America,Enterprise,Partner,5,1245.37,1105,13.0,2,29.1,0.368,0,0,,2025-12-31,22754.11,19,2025-10-01,2023-01-04,1197.58,2,5.8,0,91.0,1,57.6
C003596,2023-02-19,Mid-Market,APAC,Starter,Organic,70,52.28,1046,22.0,0,28.8,0.707,0,0,,2025-12-31,1071.3,21,2025-12-27,2023-03-22,51.01,2,16.0,0,4.0,1,78.7
C003597,2023-05-01,Enterprise,North America,Starter,Sales,411,60.75,975,10.0,1,73.2,0.381,0,0,,2025-12-31,995.93,17,2025-09-13,2023-05-09,58.58,1,8.6,0,109.0,1,61.2
C003598,2024-03-03,SMB,Europe,Free,Paid Search,8,0.0,668,5.0,0,3.6,0.566,1,0,,2025-12-31,74.74,14,2025-12-11,2024-05-09,5.34,1,4.2,0,20.0,0,54.8
C003599,2023-02-11,SMB,North America,Starter,Sales,21,44.59,1054,3.0,3,26.4,0.555,0,0,,2025-12-31,985.11,22,2025-11-07,2023-02-17,44.78,3,10.2,0,54.0,1,52.5
C003600,2024-06-08,Mid-Market,Europe,Enterprise,Partner,66,1229.18,571,20.0,1,77.4,0.764,0,0,,2025-12-31,13242.6,10,2025-12-19,2024-10-07,1324.26,1,17.4,0,12.0,1,82.0
C003601,2023-09-29,SMB,APAC,Pro,Organic,10,169.04,824,6.0,2,27.2,0.526,1,0,,2025-12-31,2839.95,16,2025-12-07,2024-02-06,177.5,2,17.4,0,24.0,1,53.9
C003602,2024-05-22,Mid-Market,North America,Pro,Paid Search,67,144.19,588,18.0,0,36.7,0.502,0,0,,2025-12-31,2020.2,15,2025-12-31,2024-07-04,134.68,1,4.6,0,0.0,1,69.8
C003603,2022-08-10,Startup,Europe,Starter,Organic,2,55.27,1239,3.0,0,30.6,0.151,1,0,,2025-12-31,1875.68,33,2025-11-22,2022-08-26,56.84,0,0.0,0,39.0,1,43.3
C003604,2024-06-10,Startup,Europe,Starter,Organic,3,50.58,569,2.0,0,52.6,0.533,1,0,,2025-12-31,670.27,13,2025-09-08,2024-06-15,51.56,0,0.0,0,114.0,1,56.0
C003605,2025-08-15,SMB,APAC,Pro,Referral,19,149.85,138,19.0,0,-16.4,0.516,1,0,,2025-12-31,848.02,6,2025-12-15,2025-09-05,141.34,0,0.0,0,16.0,1,63.8
C003606,2022-07-13,Startup,North America,Starter,Organic,6,46.63,1267,3.7,2,29.9,0.538,1,1,2025-10-16,2025-12-31,807.72,18,2025-07-12,2022-07-22,44.87,2,29.8,0,172.0,0,52.4
C003607,2023-04-14,Startup,APAC,Starter,Sales,4,47.88,992,15.0,2,36.4,0.462,0,0,,2025-12-31,753.51,16,2025-12-29,2023-04-25,47.09,2,15.0,0,2.0,1,62.9
C003608,2024-09-18,Mid-Market,Europe,Pro,Paid Search,22,137.16,469,0.0,2,10.0,0.645,0,0,,2025-12-31,1028.28,8,2025-11-14,2024-12-17,128.54,3,12.7,2,47.0,1,52.4
C003609,2024-06-01,Mid-Market,Europe,Business,Paid Search,36,435.35,578,5.0,0,43.6,0.209,1,0,,2025-12-31,5676.74,13,2025-10-26,2024-10-04,436.67,0,0.0,0,66.0,1,48.1
C003610,2024-08-22,SMB,North America,Enterprise,Organic,18,1177.7,496,0.4,3,54.7,0.541,1,1,2024-12-05,2025-12-31,7293.93,5,2024-11-26,2024-08-27,1458.79,3,7.9,0,400.0,0,50.6
C003611,2024-03-11,Enterprise,North America,Business,Organic,229,492.14,660,7.0,1,46.3,0.711,0,0,,2025-12-31,4193.18,9,2025-11-28,2024-11-11,465.91,1,11.5,0,33.0,1,65.7
C003612,2024-09-03,Mid-Market,Europe,Pro,Partner,48,143.38,484,7.0,0,79.5,0.311,1,0,,2025-12-31,713.73,6,2025-12-30,2025-01-31,118.96,1,12.7,0,1.0,1,56.5
C003613,2024-05-21,Mid-Market,North America,Business,Paid Search,72,428.56,589,10.0,1,24.2,0.108,0,0,,2025-12-31,8418.92,21,2025-10-25,2024-06-15,400.9,1,16.9,0,67.0,1,48.1
C003614,2022-04-16,Startup,Europe,Enterprise,Partner,1,1298.47,1355,6.0,1,47.5,0.152,0,0,,2025-12-31,26357.18,21,2025-12-15,2022-04-28,1255.1,1,38.9,0,16.0,1,48.2
C003615,2024-12-10,SMB,Europe,Free,Partner,19,0.0,386,12.0,2,46.9,0.293,2,0,,2025-12-31,13.79,8,2025-10-18,2024-12-14,1.72,3,14.7,0,74.0,0,52.2
C003616,2023-10-01,SMB,Europe,Starter,Organic,17,47.49,822,25.0,1,29.1,0.404,0,0,,2025-12-31,486.48,10,2025-11-06,2023-12-22,48.65,1,13.1,0,55.0,1,70.9
C003617,2022-03-15,Mid-Market,North America,Starter,Paid Search,67,60.34,1387,2.0,0,63.3,0.564,0,0,,2025-12-31,1630.24,26,2025-10-03,2022-03-19,62.7,0,0.0,0,89.0,1,60.0
C003618,2023-08-08,Mid-Market,North America,Enterprise,Paid Search,15,1437.07,876,25.0,2,42.2,0.182,0,0,,2025-12-31,21819.47,16,2025-10-16,2023-08-17,1363.72,2,14.3,0,76.0,1,64.0
C003619,2023-09-15,Startup,Europe,Enterprise,Organic,2,1195.3,838,11.0,0,5.0,0.474,0,0,,2025-12-31,20055.32,17,2025-10-19,2023-10-05,1179.72,0,0.0,0,73.0,1,59.5
C003620,2022-05-04,Enterprise,Europe,Business,Referral,420,441.71,1337,6.1,1,53.8,0.414,1,1,2023-03-17,2025-12-31,2686.54,6,2023-01-29,2022-05-25,447.76,1,5.4,0,1067.0,0,54.7
C003621,2025-11-25,Enterprise,LATAM,Starter,Organic,477,52.31,36,18.0,3,22.5,0.221,0,0,,2025-12-31,96.03,2,2025-12-30,2025-12-01,48.02,3,11.5,0,1.0,1,55.5
C003622,2022-11-14,Mid-Market,Europe,Enterprise,Organic,42,1250.05,1143,4.0,2,26.9,0.363,2,1,2023-03-07,2025-12-31,4563.71,3,2023-01-26,2022-12-10,1521.24,3,21.4,0,1070.0,0,45.2
C003623,2023-04-18,SMB,Europe,Free,Paid Search,11,0.0,988,26.0,1,28.8,0.495,0,0,,2025-12-31,114.2,26,2025-12-04,2023-07-14,4.39,2,44.7,0,27.0,0,74.4
C003624,2023-09-23,Mid-Market,North America,Starter,Paid Search,60,53.19,830,27.0,2,53.4,0.159,0,0,,2025-12-31,835.65,17,2025-11-12,2023-10-01,49.16,3,20.1,0,49.0,1,66.2
C003625,2025-04-05,Enterprise,LATAM,Pro,Sales,195,184.22,270,2.0,3,62.0,0.28,2,0,,2025-12-31,1259.68,6,2025-12-14,2025-04-25,209.95,4,40.7,1,17.0,1,42.9
C003626,2024-11-28,Mid-Market,North America,Business,Referral,51,419.01,398,11.0,2,31.0,0.275,1,0,,2025-12-31,3293.5,8,2025-11-20,2024-12-29,411.69,2,46.6,0,41.0,1,51.2
C003627,2025-01-07,Mid-Market,North America,Business,Referral,41,453.72,358,9.8,0,29.6,0.236,2,1,2025-12-02,2025-12-31,3819.5699999999997,8,2025-10-30,2025-02-16,477.45,1,32.4,0,62.0,0,49.8
C003628,2022-12-05,Enterprise,North America,Starter,Paid Search,202,58.02,1122,3.7,2,-16.2,0.322,0,1,2024-11-27,2025-12-31,448.0,7,2024-06-24,2022-12-08,64.0,2,24.5,0,555.0,0,43.3
C003629,2025-04-23,SMB,North America,Starter,Paid Search,7,48.5,252,27.0,1,17.3,0.283,0,0,,2025-12-31,382.15999999999997,7,2025-10-20,2025-06-05,54.59,2,17.6,0,72.0,1,67.8
C003630,2025-04-01,Enterprise,APAC,Pro,Organic,84,182.27,274,18.0,1,11.3,0.454,0,0,,2025-12-31,1510.89,7,2025-11-16,2025-05-12,215.84,1,3.5,1,45.0,1,64.3
C003631,2023-10-26,Mid-Market,North America,Free,Referral,51,0.0,797,11.0,0,42.8,0.307,1,0,,2025-12-31,96.92,16,2025-11-04,2024-02-17,6.06,0,0.0,0,57.0,0,56.3
C003632,2024-02-20,SMB,North America,Business,Paid Search,4,412.72,680,25.0,1,32.3,0.502,1,0,,2025-12-31,4505.64,10,2025-10-29,2024-03-31,450.56,3,26.2,1,63.0,1,72.1
C003633,2022-02-23,SMB,North America,Starter,Paid Search,21,45.0,1407,20.0,1,12.3,0.451,2,0,,2025-12-31,976.1899999999999,22,2025-09-05,2022-04-12,44.37,1,16.5,0,117.0,1,62.1
C003634,2024-12-23,Mid-Market,LATAM,Starter,Partner,30,57.86,373,22.0,1,38.8,0.525,0,0,,2025-12-31,614.0699999999999,10,2025-10-14,2025-02-01,61.41,1,5.1,0,78.0,1,72.8
C003635,2025-10-06,Mid-Market,APAC,Starter,Referral,31,54.13,86,17.0,1,33.3,0.156,0,0,,2025-12-31,36.52,1,2025-12-28,2025-12-28,36.52,2,16.0,0,3.0,1,56.7
C003636,2023-11-07,Mid-Market,LATAM,Pro,Paid Search,56,147.97,785,1.0,1,-28.5,0.405,0,0,,2025-12-31,2608.51,16,2025-10-27,2024-02-06,163.03,3,5.2,1,65.0,1,43.7
C003637,2024-02-12,Startup,APAC,Business,Organic,3,387.27,688,27.0,0,62.7,0.073,1,0,,2025-12-31,3053.8,8,2025-12-11,2024-02-15,381.72,0,0.0,0,20.0,1,65.6
C003638,2023-12-15,Mid-Market,LATAM,Starter,Sales,29,50.24,747,19.0,1,60.3,0.626,0,0,,2025-12-31,572.41,11,2025-12-30,2024-01-11,52.04,2,12.5,1,1.0,1,75.3
C003639,2022-04-29,Mid-Market,Europe,Starter,Organic,43,58.0,1342,4.0,2,29.1,0.547,0,0,,2025-12-31,818.3399999999999,16,2025-12-31,2022-09-09,51.15,2,17.8,0,0.0,1,54.9
C003640,2024-06-05,SMB,North America,Enterprise,Sales,24,1394.48,574,7.0,1,43.8,0.313,1,0,,2025-12-31,9766.41,7,2025-10-14,2024-06-05,1395.2,1,25.5,0,78.0,1,51.5
C003641,2024-10-28,Mid-Market,North America,Pro,Paid Search,41,162.09,429,9.0,1,26.9,0.608,1,0,,2025-12-31,1780.35,11,2025-11-10,2024-12-06,161.85,1,17.1,0,51.0,1,60.5
C003642,2025-08-19,Mid-Market,North America,Starter,Sales,24,56.61,134,7.0,2,-5.1,0.483,0,0,,2025-12-31,141.75,3,2025-12-24,2025-08-21,47.25,3,25.8,0,7.0,1,52.2
C003643,2025-08-22,Enterprise,APAC,Starter,Sales,349,55.85,131,17.0,1,89.1,0.506,0,0,,2025-12-31,189.17000000000002,4,2025-12-22,2025-10-15,47.29,1,3.2,0,9.0,1,72.8
C003644,2023-12-05,SMB,North America,Enterprise,Paid Search,21,1139.74,757,5.0,1,53.7,0.501,2,1,2025-09-17,2025-12-31,9327.31,8,2025-05-16,2024-03-10,1165.91,2,15.8,0,229.0,0,54.4
C003645,2025-10-03,SMB,North America,Pro,Referral,3,140.34,89,5.0,0,58.5,0.744,0,0,,2025-12-31,156.53,1,2025-11-23,2025-11-23,156.53,0,0.0,0,38.0,1,67.6
C003646,2024-01-26,SMB,APAC,Starter,Organic,24,49.4,705,19.0,0,27.9,0.301,0,0,,2025-12-31,896.01,17,2025-10-29,2024-02-15,52.71,0,0.0,0,63.0,1,63.8
C003647,2024-07-07,SMB,North America,Free,Organic,14,0.0,542,2.8,6,63.1,0.636,0,1,2024-09-11,2025-12-31,31.29,2,2024-08-18,2024-08-16,15.64,7,26.8,0,500.0,0,53.9
C003648,2024-05-10,Mid-Market,North America,Starter,Paid Search,48,59.15,600,4.0,0,0.7,0.248,0,0,,2025-12-31,1060.66,19,2025-11-26,2024-05-11,55.82,0,0.0,0,35.0,1,46.1
C003649,2025-11-29,Startup,North America,Starter,Partner,6,46.25,32,26.0,1,28.9,0.428,1,0,,2025-12-31,40.55,1,2025-12-29,2025-12-29,40.55,3,28.0,0,2.0,1,70.4
C003650,2024-11-20,SMB,APAC,Free,Organic,14,0.0,406,8.0,2,53.5,0.531,1,0,,2025-12-31,46.67,6,2025-11-21,2024-11-23,7.78,2,18.4,0,40.0,0,58.4
C003651,2022-06-21,Startup,North America,Starter,Paid Search,5,55.86,1289,6.0,1,19.3,0.104,0,0,,2025-12-31,1791.42,34,2025-11-27,2022-06-28,52.69,1,19.3,0,34.0,1,43.9
C003652,2022-04-13,SMB,North America,Free,Sales,5,0.0,1358,20.0,4,57.8,0.78,0,0,,2025-12-31,156.5,26,2025-12-16,2022-04-18,6.02,4,14.0,0,15.0,0,76.0
C003653,2023-08-10,Mid-Market,North America,Starter,Referral,66,45.23,874,21.0,2,42.6,0.518,0,0,,2025-12-31,1206.0,26,2025-12-04,2023-08-23,46.38,4,14.8,0,27.0,1,70.6
C003654,2024-01-08,Mid-Market,APAC,Pro,Organic,42,168.81,723,4.0,0,40.2,0.116,0,0,,2025-12-31,3321.0,19,2025-12-28,2024-01-21,174.79,0,0.0,0,3.0,1,46.1
C003655,2024-08-14,SMB,North America,Pro,Paid Search,16,140.93,504,0.2,1,17.0,0.508,2,1,2024-09-26,2025-12-31,189.42,1,2024-09-26,2024-09-26,189.42,2,6.8,0,461.0,0,46.6
C003656,2023-11-20,Enterprise,North America,Business,Organic,247,429.34,772,23.0,1,45.1,0.599,0,0,,2025-12-31,6190.08,15,2025-09-11,2024-01-23,412.67,1,15.1,0,111.0,1,76.5
C003657,2024-01-06,SMB,LATAM,Starter,Organic,8,48.46,725,14.0,0,83.3,0.193,0,0,,2025-12-31,523.44,12,2025-10-06,2024-01-23,43.62,0,0.0,0,86.0,1,61.6
C003658,2025-08-11,Enterprise,APAC,Business,Sales,203,502.65,142,12.0,1,39.4,0.919,0,0,,2025-12-31,1050.01,2,2025-11-06,2025-10-13,525.0,2,9.5,0,55.0,1,75.7
C003659,2023-04-24,Enterprise,North America,Enterprise,Sales,294,1175.54,982,11.0,0,48.9,0.276,0,0,,2025-12-31,18290.61,15,2025-12-17,2023-05-15,1219.37,0,0.0,0,14.0,1,58.0
C003660,2023-12-07,Startup,North America,Enterprise,Organic,5,1077.89,755,16.0,0,52.6,0.384,0,0,,2025-12-31,21154.87,19,2025-07-23,2023-12-09,1113.41,0,0.0,0,161.0,1,66.1
C003661,2024-03-08,SMB,North America,Starter,Organic,9,55.53,663,10.0,1,6.4,0.368,0,1,2025-02-24,2025-12-31,350.17,6,2025-02-23,2024-04-19,58.36,1,31.8,0,311.0,0,54.1
C003662,2023-11-01,SMB,APAC,Starter,Paid Search,21,49.43,791,2.0,1,31.7,0.303,2,0,,2025-12-31,1052.0,22,2025-10-14,2023-12-30,47.82,2,43.2,0,78.0,1,43.5
C003663,2025-10-16,Mid-Market,North America,Pro,Paid Search,41,163.16,76,7.0,0,30.9,0.161,0,0,,2025-12-31,237.48,2,2025-11-03,2025-10-27,118.74,0,0.0,0,58.0,1,49.2
C003664,2025-10-07,SMB,LATAM,Free,Organic,21,0.0,85,26.0,3,-18.1,0.043,0,0,,2025-12-31,18.68,1,2025-11-05,2025-11-05,18.68,4,15.4,0,56.0,0,53.2
C003665,2024-01-04,Startup,APAC,Free,Organic,7,0.0,727,0.9,0,54.7,0.247,0,1,2025-12-05,2025-12-31,74.95,17,2025-12-01,2024-02-22,4.41,0,0.0,0,30.0,0,48.7
C003666,2023-10-07,SMB,Europe,Free,Paid Search,24,0.0,816,25.0,1,11.7,0.599,0,0,,2025-12-31,69.67,12,2025-12-18,2023-10-19,5.81,2,18.8,1,13.0,0,75.0
C003667,2024-04-22,SMB,North America,Pro,Organic,21,165.6,618,11.0,1,52.0,0.707,1,0,,2025-12-31,2468.96,16,2025-12-30,2024-05-02,154.31,2,6.6,0,1.0,1,67.7
C003668,2022-09-16,SMB,APAC,Business,Referral,3,440.78,1202,5.0,1,16.0,0.124,0,0,,2025-12-31,9421.03,20,2025-09-27,2022-09-16,471.05,1,35.0,0,95.0,1,43.3
C003669,2023-09-02,Mid-Market,APAC,Starter,Referral,25,50.05,851,16.0,1,86.1,0.064,0,0,,2025-12-31,573.04,11,2025-07-05,2023-09-10,52.09,2,14.8,0,179.0,1,58.3
C003670,2022-11-07,SMB,APAC,Enterprise,Paid Search,21,1236.6,1150,7.2,0,28.0,0.064,1,1,2023-12-28,2025-12-31,8090.37,6,2023-05-17,2022-11-11,1348.4,1,103.9,0,959.0,0,44.1
C003671,2022-07-25,Startup,North America,Business,Paid Search,5,405.57,1255,9.0,1,83.0,0.306,1,0,,2025-12-31,10841.62,26,2025-11-29,2022-07-27,416.99,2,13.4,0,32.0,1,57.0
C003672,2022-05-17,SMB,APAC,Free,Referral,9,0.0,1324,22.0,2,30.7,0.526,0,0,,2025-12-31,172.74,26,2025-11-25,2022-07-21,6.64,3,25.3,0,36.0,0,70.5
C003673,2024-04-19,Mid-Market,APAC,Starter,Organic,25,45.68,621,1.0,1,33.7,0.212,1,0,,2025-12-31,497.1,10,2025-10-01,2024-08-26,49.71,4,6.9,0,91.0,1,42.1
C003674,2022-01-01,SMB,LATAM,Free,Sales,7,0.0,1460,3.0,1,74.2,0.554,0,0,,2025-12-31,175.66,28,2025-10-06,2022-02-13,6.27,2,10.4,0,86.0,0,60.2
C003675,2024-07-13,SMB,Europe,Enterprise,Organic,19,1379.12,536,17.0,2,12.1,0.469,0,0,,2025-12-31,13658.98,10,2025-11-27,2024-08-19,1365.9,2,22.4,0,34.0,1,62.5
C003676,2023-09-10,Startup,Europe,Business,Sales,7,361.83,843,16.0,1,36.2,0.345,0,0,,2025-12-31,6488.46,17,2025-12-24,2023-09-11,381.67,1,4.8,0,7.0,1,61.8
C003677,2023-06-09,SMB,Europe,Pro,Organic,8,176.46,936,19.0,1,48.5,0.668,1,0,,2025-12-31,3123.35,17,2025-08-09,2023-06-21,183.73,1,8.5,0,144.0,1,73.4
C003678,2025-01-05,Mid-Market,APAC,Pro,Referral,60,163.8,360,23.0,2,45.1,0.633,0,0,,2025-12-31,1150.87,7,2025-12-25,2025-01-05,164.41,2,26.8,1,6.0,1,76.0
C003679,2024-02-10,Mid-Market,LATAM,Starter,Organic,64,47.07,690,26.0,2,36.1,0.314,0,0,,2025-12-31,916.75,20,2025-11-25,2024-02-19,45.84,2,11.3,1,36.0,1,68.2
C003680,2024-11-14,SMB,Europe,Enterprise,Referral,22,1159.29,412,14.0,1,32.6,0.647,2,0,,2025-12-31,8722.96,7,2025-10-14,2025-02-28,1246.14,3,9.4,0,78.0,1,64.7
C003681,2024-10-11,Enterprise,North America,Enterprise,Partner,430,1226.8,446,14.0,0,56.2,0.371,0,0,,2025-12-31,10176.59,9,2025-08-20,2024-11-24,1130.73,0,0.0,0,133.0,1,64.2
C003682,2022-02-15,SMB,North America,Business,Organic,22,384.11,1415,25.0,0,39.4,0.388,0,0,,2025-12-31,11153.17,28,2025-11-15,2022-05-04,398.33,3,31.8,0,46.0,1,72.9
C003683,2022-11-05,Startup,Europe,Pro,Referral,5,155.22,1152,26.0,2,59.2,0.573,1,0,,2025-12-31,3964.37,24,2025-11-17,2023-09-06,165.18,4,15.0,0,44.0,1,76.3
C003684,2024-03-26,SMB,APAC,Free,Organic,15,0.0,645,0.5,1,44.8,0.497,1,1,2025-11-29,2025-12-31,72.25999999999999,13,2025-10-20,2024-06-06,5.56,1,4.7,0,72.0,0,51.3
C003685,2025-10-27,Mid-Market,North America,Free,Paid Search,68,0.0,65,7.2,0,51.3,0.258,0,1,2025-12-20,2025-12-31,0.0,1,2025-12-04,2025-12-04,0.0,2,10.4,1,27.0,0,54.3
C003686,2022-08-09,SMB,North America,Free,Paid Search,12,0.0,1240,25.0,1,63.3,0.508,1,0,,2025-12-31,85.27,12,2025-06-10,2022-11-04,7.11,1,8.5,0,204.0,0,75.4
C003687,2022-05-31,SMB,LATAM,Pro,Referral,23,136.32,1310,1.0,0,27.2,0.344,0,0,,2025-12-31,2673.71,19,2025-12-13,2022-09-10,140.72,2,17.0,0,18.0,1,48.9
C003688,2025-09-07,Mid-Market,Europe,Business,Referral,41,380.61,115,27.0,0,62.7,0.492,2,0,,2025-12-31,817.61,2,2025-12-06,2025-12-06,408.8,0,0.0,0,25.0,1,76.1
C003689,2025-10-14,SMB,North America,Enterprise,Paid Search,17,1155.72,78,20.0,1,31.1,0.577,0,0,,2025-12-31,1806.07,2,2025-12-22,2025-12-12,903.04,1,3.5,0,9.0,1,71.8
C003690,2022-08-28,SMB,North America,Starter,Referral,18,50.48,1221,4.0,1,-0.0,0.109,0,0,,2025-12-31,1140.97,21,2025-11-12,2023-04-08,54.33,2,15.6,0,49.0,1,40.3
C003691,2023-07-29,Startup,Europe,Starter,Sales,4,54.25,886,17.0,1,26.8,0.611,0,0,,2025-12-31,939.65,17,2025-12-11,2023-08-08,55.27,2,2.2,0,20.0,1,69.7
C003692,2024-06-15,Mid-Market,North America,Free,Partner,15,0.0,564,12.0,0,16.9,0.459,0,0,,2025-12-31,77.31,10,2025-11-12,2024-09-30,7.73,0,0.0,0,49.0,0,61.2
C003693,2022-10-07,Mid-Market,Europe,Enterprise,Paid Search,29,1198.12,1181,9.0,1,44.4,0.302,0,0,,2025-12-31,33450.72,28,2025-12-17,2022-10-19,1194.67,1,3.4,0,14.0,1,55.0
C003694,2023-04-12,SMB,Europe,Business,Paid Search,12,359.77,994,17.0,2,27.9,0.043,1,0,,2025-12-31,9180.6,26,2025-11-21,2023-06-04,353.1,3,10.4,0,40.0,1,49.3
C003695,2023-07-20,Enterprise,Europe,Pro,Organic,275,190.19,895,20.0,0,38.2,0.051,0,0,,2025-12-31,3550.02,18,2025-12-12,2023-10-14,197.22,0,0.0,0,19.0,1,58.2
C003696,2024-07-06,SMB,Europe,Pro,Paid Search,12,165.74,543,25.0,1,60.4,0.783,0,0,,2025-12-31,1627.24,10,2025-12-11,2024-08-14,162.72,1,29.7,0,20.0,1,85.4
C003697,2023-03-17,SMB,North America,Pro,Organic,17,143.38,1020,11.0,2,72.1,0.24,0,0,,2025-12-31,3780.2,27,2025-12-18,2023-04-02,140.01,2,11.9,1,13.0,1,56.2
C003698,2023-08-13,Mid-Market,North America,Starter,Referral,74,46.87,871,4.0,0,42.3,0.515,1,0,,2025-12-31,999.17,22,2025-10-09,2023-08-14,45.42,2,29.2,0,83.0,1,56.3
C003699,2023-02-19,SMB,North America,Starter,Partner,19,48.56,1046,24.0,0,62.1,0.704,0,0,,2025-12-31,1248.22,26,2025-12-21,2023-03-04,48.01,0,0.0,0,10.0,1,83.8
C003700,2024-12-22,Startup,North America,Starter,Partner,1,53.2,374,9.0,0,30.6,0.744,1,0,,2025-12-31,578.31,12,2025-09-03,2025-01-24,48.19,0,0.0,0,119.0,1,66.4
C003701,2022-08-07,SMB,APAC,Starter,Organic,17,59.57,1242,21.0,0,-4.1,0.749,0,0,,2025-12-31,930.36,15,2025-11-03,2022-10-03,62.02,1,14.5,0,58.0,1,75.8
C003702,2022-11-26,SMB,North America,Pro,Organic,14,146.04,1131,22.0,0,5.5,0.647,0,0,,2025-12-31,2971.11,19,2025-10-21,2022-11-30,156.37,1,5.5,0,71.0,1,74.6
C003703,2022-12-24,SMB,Europe,Starter,Referral,16,56.62,1103,1.0,1,30.1,0.237,0,0,,2025-12-31,1237.97,22,2025-11-10,2023-01-25,56.27,2,40.0,0,51.0,1,44.5
C003704,2025-07-19,Mid-Market,North America,Pro,Paid Search,49,176.61,165,11.0,0,54.9,0.175,0,0,,2025-12-31,1350.87,7,2025-12-30,2025-08-02,192.98,0,0.0,0,1.0,1,55.6
C003705,2025-09-12,Mid-Market,North America,Pro,Sales,77,170.57,110,2.0,0,30.2,0.247,0,0,,2025-12-31,167.27,1,2025-12-18,2025-12-18,167.27,0,0.0,0,13.0,1,47.2
C003706,2023-12-17,SMB,North America,Pro,Paid Search,16,158.09,745,16.0,1,64.6,0.14,0,0,,2025-12-31,2599.31,15,2025-12-26,2024-02-26,173.29,2,12.4,0,5.0,1,58.4
C003707,2022-08-12,Mid-Market,Europe,Enterprise,Organic,21,1437.94,1237,22.0,0,80.8,0.092,0,0,,2025-12-31,52130.57,37,2025-12-15,2022-10-07,1408.93,0,0.0,0,16.0,1,65.5
C003708,2024-12-17,Mid-Market,Europe,Starter,Partner,45,55.23,379,15.0,1,12.8,0.674,0,0,,2025-12-31,568.04,11,2025-12-03,2025-01-05,51.64,1,29.7,0,28.0,1,68.4
C003709,2023-12-05,Enterprise,APAC,Pro,Referral,214,166.02,757,9.0,0,88.1,0.188,0,0,,2025-12-31,2614.82,17,2025-11-24,2023-12-18,153.81,0,0.0,0,37.0,1,57.5
C003710,2025-04-30,Startup,North America,Free,Organic,4,0.0,245,14.1,0,-5.9,0.164,0,1,2025-11-01,2025-12-31,32.77,4,2025-10-19,2025-05-28,8.19,0,0.0,0,73.0,0,51.9
C003711,2023-05-30,Enterprise,Europe,Business,Partner,311,481.22,946,2.0,3,81.2,0.651,0,0,,2025-12-31,8389.09,17,2025-08-30,2023-07-22,493.48,4,12.7,0,123.0,1,59.9
C003712,2025-11-29,SMB,APAC,Pro,Organic,24,141.06,32,3.0,1,34.2,0.332,0,0,,2025-12-31,178.09,1,2025-12-25,2025-12-25,178.09,1,3.4,0,6.0,1,49.6
C003713,2025-02-28,Mid-Market,North America,Starter,Organic,17,57.01,306,10.0,1,29.2,0.694,1,0,,2025-12-31,245.43,4,2025-11-13,2025-04-17,61.36,3,50.0,0,48.0,1,64.2
C003714,2022-11-17,SMB,North America,Free,Organic,24,0.0,1140,26.0,1,34.8,0.548,0,0,,2025-12-31,67.05,21,2025-12-16,2023-02-21,3.19,2,16.5,0,15.0,0,76.6
C003715,2024-11-03,Mid-Market,North America,Pro,Partner,56,153.91,423,25.0,0,15.0,0.57,2,0,,2025-12-31,1582.24,9,2025-07-27,2024-12-16,175.8,0,0.0,0,157.0,1,71.9
C003716,2023-02-15,Mid-Market,North America,Pro,Referral,19,137.3,1050,15.0,0,72.5,0.295,0,0,,2025-12-31,3009.78,21,2025-09-28,2023-03-05,143.32,1,7.1,0,94.0,1,64.5
C003717,2023-05-16,SMB,APAC,Pro,Organic,14,170.22,960,26.0,1,17.7,0.372,0,0,,2025-12-31,4934.58,28,2025-12-28,2023-06-18,176.24,1,3.9,0,3.0,1,69.6
C003718,2022-12-25,SMB,North America,Starter,Referral,23,57.98,1102,25.0,2,20.9,0.526,0,0,,2025-12-31,1519.22,26,2025-10-30,2023-01-08,58.43,2,20.4,0,62.0,1,72.2
C003719,2024-09-02,Mid-Market,Europe,Pro,Referral,40,163.84,485,16.0,2,0.5,0.51,0,0,,2025-12-31,1339.47,8,2025-08-24,2024-09-10,167.43,2,31.0,0,129.0,1,61.6
C003720,2023-01-11,SMB,APAC,Pro,Paid Search,8,167.12,1085,1.8,2,16.7,0.165,0,1,2025-10-08,2025-12-31,4170.81,25,2025-08-07,2023-02-20,166.83,3,7.6,0,146.0,0,40.2
C003721,2024-07-02,SMB,North America,Starter,Organic,16,55.88,547,25.0,3,17.5,0.588,1,0,,2025-12-31,411.35,7,2025-11-08,2024-10-06,58.76,3,9.6,1,53.0,1,70.2
C003722,2024-04-12,Mid-Market,Europe,Pro,Organic,50,150.59,628,17.0,1,15.8,0.429,0,0,,2025-12-31,2238.39,15,2025-12-31,2024-07-20,149.23,1,17.1,0,0.0,1,63.1
C003723,2024-12-09,SMB,North America,Pro,Organic,11,138.26,387,3.0,2,30.6,0.931,1,0,,2025-12-31,1313.25,9,2025-11-03,2025-03-03,145.92,2,23.9,1,58.0,1,63.7
C003724,2025-11-21,Mid-Market,Europe,Business,Sales,37,476.63,40,6.9,3,7.1,0.451,1,1,2025-12-23,2025-12-31,365.85,1,2025-12-20,2025-12-20,365.85,5,24.9,0,11.0,0,48.9
C003725,2022-01-13,SMB,North America,Starter,Referral,15,47.85,1448,11.0,0,74.9,0.265,0,0,,2025-12-31,1249.54,27,2025-08-25,2022-03-16,46.28,1,26.0,0,128.0,1,60.3
C003726,2025-11-17,Enterprise,North America,Starter,Organic,183,53.04,44,14.7,2,31.2,0.19,0,1,2025-12-21,2025-12-31,114.62,2,2025-12-05,2025-11-23,57.31,3,23.1,0,26.0,0,53.9
C003727,2022-06-06,SMB,North America,Enterprise,Paid Search,6,1387.03,1304,7.0,0,44.4,0.7,2,0,,2025-12-31,49415.75,37,2025-11-02,2022-06-23,1335.56,0,0.0,0,59.0,1,62.7
C003728,2024-01-24,Mid-Market,APAC,Business,Organic,66,409.27,707,0.0,1,56.5,0.586,1,1,2025-12-18,2025-12-31,7582.72,17,2025-12-13,2024-02-19,446.04,1,6.9,0,18.0,0,54.7
C003729,2023-05-03,SMB,Europe,Starter,Organic,8,49.87,973,12.0,2,85.6,0.75,0,0,,2025-12-31,839.89,16,2025-12-25,2023-08-09,52.49,2,4.6,0,6.0,1,73.8
C003730,2024-07-02,SMB,APAC,Enterprise,Paid Search,5,1067.29,547,12.0,2,57.7,0.27,0,0,,2025-12-31,6870.51,7,2025-06-20,2024-08-25,981.5,3,20.9,0,194.0,1,56.6
C003731,2024-10-29,Startup,North America,Free,Organic,7,0.0,428,24.0,1,28.8,0.701,0,0,,2025-12-31,11.63,4,2025-10-28,2024-12-01,2.91,1,37.2,1,64.0,0,78.8
C003732,2025-05-14,SMB,LATAM,Business,Organic,13,440.21,231,1.9,3,8.2,0.265,0,1,2025-08-24,2025-12-31,534.49,1,2025-07-14,2025-07-14,534.49,3,28.6,0,170.0,0,41.0
C003733,2023-07-29,Startup,North America,Starter,Paid Search,5,57.53,886,15.8,2,43.5,0.488,1,1,2024-02-10,2025-12-31,374.88,7,2024-01-14,2023-08-23,53.55,3,14.3,0,717.0,0,63.1
C003734,2025-08-27,Mid-Market,APAC,Starter,Paid Search,41,46.69,126,4.0,0,61.6,0.216,0,0,,2025-12-31,276.44,6,2025-11-27,2025-09-15,46.07,2,20.6,0,34.0,1,51.2
C003735,2023-04-07,Mid-Market,APAC,Enterprise,Paid Search,55,1455.98,999,26.0,0,38.5,0.462,0,0,,2025-12-31,21218.88,15,2025-12-31,2023-05-10,1414.59,0,0.0,0,0.0,1,75.9
C003736,2022-10-19,Enterprise,Europe,Free,Paid Search,425,0.0,1169,19.0,3,36.6,0.437,0,0,,2025-12-31,112.81,25,2025-11-11,2022-11-17,4.51,3,20.0,0,50.0,0,64.2
C003737,2023-06-27,SMB,Europe,Business,Paid Search,13,468.26,918,10.0,1,40.3,0.969,0,0,,2025-12-31,9047.13,20,2025-12-25,2023-08-24,452.36,1,17.8,0,6.0,1,75.5
C003738,2024-01-26,SMB,APAC,Pro,Paid Search,9,174.03,705,26.0,2,-11.7,0.418,1,0,,2025-12-31,2092.29,12,2025-10-30,2024-02-07,174.36,3,21.9,1,62.0,1,64.6
C003739,2024-08-13,Startup,APAC,Free,Paid Search,3,0.0,505,10.0,0,38.7,0.261,0,0,,2025-12-31,35.13,7,2025-03-20,2024-08-23,5.02,0,0.0,0,286.0,0,55.6
C003740,2025-04-05,SMB,North America,Enterprise,Sales,14,1206.7,270,17.0,0,53.3,0.494,0,0,,2025-12-31,7215.389999999999,5,2025-11-26,2025-06-01,1443.08,0,0.0,0,35.0,1,70.3
C003741,2022-11-18,SMB,APAC,Pro,Organic,16,143.98,1139,0.0,1,33.9,0.473,0,0,,2025-12-31,3409.61,23,2025-11-26,2022-12-13,148.24,2,19.7,0,35.0,1,51.1
C003742,2023-03-10,Mid-Market,North America,Business,Partner,57,493.97,1027,2.0,0,63.1,0.538,0,0,,2025-12-31,10225.84,20,2025-09-22,2023-04-25,511.29,1,8.2,0,100.0,1,59.2
C003743,2025-09-04,Enterprise,Europe,Business,Organic,301,417.28,118,6.1,3,63.9,0.677,0,1,2025-11-16,2025-12-31,957.47,3,2025-11-06,2025-09-12,319.16,4,19.0,0,55.0,0,62.6
C003744,2023-09-21,SMB,Europe,Free,Paid Search,15,0.0,832,6.0,0,22.4,0.211,0,0,,2025-12-31,112.0,13,2025-09-30,2023-09-24,8.62,0,0.0,0,92.0,0,48.9
C003745,2022-12-12,Mid-Market,APAC,Starter,Paid Search,67,51.92,1115,6.0,0,46.0,0.073,0,0,,2025-12-31,1068.98,21,2025-12-05,2022-12-13,50.9,0,0.0,0,26.0,1,47.1
C003746,2025-11-10,Enterprise,Europe,Starter,Referral,484,55.48,51,3.1,2,36.1,0.414,0,1,2025-12-21,2025-12-31,57.04,1,2025-12-07,2025-12-07,57.04,2,15.6,0,24.0,0,50.8
C003747,2023-10-05,Startup,North America,Pro,Sales,5,162.44,818,17.0,3,-15.7,0.715,0,0,,2025-12-31,3644.93,22,2025-12-17,2023-10-27,165.68,3,19.0,0,14.0,1,65.6
C003748,2025-11-09,Startup,Europe,Free,Paid Search,3,0.0,52,1.4,1,30.3,0.37,0,1,2025-12-11,2025-12-31,0.0,1,2025-12-07,2025-12-07,0.0,1,8.6,0,24.0,0,48.9
C003749,2025-08-07,SMB,North America,Starter,Organic,10,57.45,146,21.0,0,9.2,0.284,0,0,,2025-12-31,81.36,2,2025-12-19,2025-11-10,40.68,1,7.7,0,12.0,1,63.2
C003750,2025-07-19,Mid-Market,Europe,Business,Referral,43,394.57,165,23.0,2,38.3,0.269,0,0,,2025-12-31,1868.74,5,2025-12-24,2025-09-04,373.75,3,25.2,0,7.0,1,64.4
C003751,2024-04-12,Startup,Europe,Starter,Organic,3,55.85,628,23.0,2,52.1,0.703,1,0,,2025-12-31,650.9,12,2025-12-10,2024-05-18,54.24,2,13.4,0,21.0,1,76.8
C003752,2025-02-15,Mid-Market,APAC,Pro,Paid Search,15,160.28,319,2.8,2,29.6,0.447,1,1,2025-11-27,2025-12-31,694.12,4,2025-11-16,2025-03-07,173.53,2,31.4,0,45.0,0,48.9
C003753,2025-10-05,SMB,North America,Pro,Referral,21,178.42,87,24.0,1,12.5,0.559,0,0,,2025-12-31,541.21,3,2025-12-23,2025-11-12,180.4,1,6.1,0,8.0,1,72.9
C003754,2023-01-20,Mid-Market,North America,Free,Paid Search,18,0.0,1076,3.0,1,40.8,0.438,0,0,,2025-12-31,116.34,24,2025-12-18,2023-02-23,4.85,1,3.1,0,13.0,0,53.4
C003755,2022-02-23,Startup,Europe,Starter,Partner,4,54.45,1407,2.0,0,96.1,0.288,1,0,,2025-12-31,1087.62,22,2025-11-14,2022-02-23,49.44,0,0.0,0,47.0,1,53.0
C003756,2023-04-04,Startup,North America,Free,Organic,7,0.0,1002,20.0,1,-19.3,0.2,1,0,,2025-12-31,106.62,21,2025-12-17,2023-04-20,5.08,2,5.4,0,14.0,0,53.4
C003757,2024-06-29,SMB,North America,Pro,Organic,18,144.47,550,14.0,1,40.8,0.403,1,1,2025-11-01,2025-12-31,992.4399999999999,7,2025-09-11,2024-07-09,141.78,1,0.9,0,111.0,0,60.2
C003758,2024-02-22,Enterprise,North America,Free,Sales,83,0.0,678,2.1,2,21.4,0.222,1,1,2025-02-06,2025-12-31,62.55,10,2024-12-25,2024-03-01,6.26,2,24.8,0,371.0,0,40.7
C003759,2022-04-26,SMB,Europe,Business,Organic,21,378.99,1345,11.0,1,24.3,0.481,0,0,,2025-12-31,10116.86,26,2025-12-18,2022-08-30,389.11,2,41.1,0,13.0,1,60.2
C003760,2024-03-12,Mid-Market,North America,Business,Paid Search,33,366.75,659,11.0,3,32.4,0.539,0,0,,2025-12-31,5282.63,14,2025-12-26,2024-08-20,377.33,3,10.0,1,5.0,1,59.7
C003761,2022-09-07,Startup,Europe,Free,Paid Search,7,0.0,1211,20.0,2,26.4,0.512,0,0,,2025-12-31,99.51,21,2025-11-03,2022-09-15,4.74,2,11.0,1,58.0,0,67.9
C003762,2023-12-24,Mid-Market,APAC,Business,Paid Search,41,469.83,738,14.0,1,50.0,0.391,0,0,,2025-12-31,8512.47,20,2025-11-28,2024-02-13,425.62,1,21.3,0,33.0,1,62.7
C003763,2024-04-03,Enterprise,Europe,Enterprise,Organic,262,1500.75,637,16.0,3,29.0,0.391,1,0,,2025-12-31,23584.49,15,2025-10-11,2024-04-04,1572.3,4,11.1,0,81.0,1,57.4
C003764,2024-06-29,SMB,North America,Free,Organic,17,0.0,550,1.0,1,-19.0,0.308,0,1,2025-11-07,2025-12-31,8.66,9,2025-10-13,2024-12-20,0.96,2,50.6,0,79.0,0,41.7
C003765,2023-08-13,SMB,North America,Enterprise,Paid Search,14,1393.36,871,27.0,1,67.0,0.358,0,0,,2025-12-31,24504.53,17,2025-10-25,2023-09-19,1441.44,2,39.5,0,67.0,1,75.0
C003766,2023-08-07,Startup,North America,Starter,Paid Search,1,44.15,877,15.0,1,63.2,0.628,0,0,,2025-12-31,547.84,12,2025-11-05,2023-08-16,45.65,1,12.4,0,56.0,1,72.1
C003767,2024-08-28,Enterprise,Europe,Pro,Referral,115,168.47,490,18.0,0,19.8,0.532,2,0,,2025-12-31,1487.92,9,2025-08-10,2024-10-08,165.32,1,8.2,0,143.0,1,65.0
C003768,2024-12-07,Startup,APAC,Starter,Paid Search,6,57.25,389,13.0,4,36.2,0.698,0,0,,2025-12-31,230.06,3,2025-04-26,2024-12-07,76.69,4,10.8,1,249.0,1,65.2
C003769,2025-03-01,Enterprise,North America,Business,Sales,407,501.2,305,6.0,2,65.4,0.306,0,0,,2025-12-31,2407.23,5,2025-12-30,2025-06-23,481.45,3,8.4,0,1.0,1,53.1
C003770,2023-04-22,Enterprise,North America,Business,Organic,390,500.04,984,18.0,0,60.8,0.696,0,0,,2025-12-31,10267.52,21,2025-12-13,2023-04-28,488.93,1,11.0,0,18.0,1,78.0
C003771,2023-08-30,SMB,North America,Enterprise,Paid Search,8,1332.35,854,8.0,5,68.9,0.48,0,0,,2025-12-31,23277.4,17,2025-12-16,2023-10-17,1369.26,6,13.5,0,15.0,1,55.9
C003772,2023-04-18,Mid-Market,North America,Enterprise,Sales,48,1240.85,988,6.0,0,44.4,0.661,0,0,,2025-12-31,23546.92,18,2025-12-24,2023-04-25,1308.16,0,0.0,0,7.0,1,64.6
C003773,2024-01-25,SMB,LATAM,Free,Referral,11,0.0,706,15.0,2,54.2,0.422,0,0,,2025-12-31,41.49,13,2025-12-13,2024-05-19,3.19,3,17.5,0,18.0,0,63.5
C003774,2022-07-01,Enterprise,North America,Pro,Paid Search,180,143.73,1279,9.0,1,70.2,0.516,0,0,,2025-12-31,3602.11,25,2025-12-23,2022-11-18,144.08,2,10.0,0,8.0,1,64.0
C003775,2023-09-08,Enterprise,North America,Starter,Paid Search,274,47.91,845,25.0,1,26.4,0.762,0,0,,2025-12-31,783.37,17,2025-08-05,2023-10-21,46.08,1,27.9,0,148.0,1,81.3
C003776,2022-09-27,SMB,North America,Free,Referral,19,0.0,1191,18.0,0,46.0,0.42,2,0,,2025-12-31,230.3,32,2025-10-06,2022-10-15,7.2,2,4.4,0,86.0,0,64.3
C003777,2024-02-01,Mid-Market,North America,Free,Organic,73,0.0,699,10.0,1,-18.7,0.725,0,0,,2025-12-31,95.22,18,2025-12-27,2024-02-04,5.29,1,10.7,0,4.0,0,62.3
C003778,2025-05-01,SMB,North America,Enterprise,Organic,5,1067.57,244,0.0,5,-4.5,0.615,0,0,,2025-12-31,2723.5299999999997,2,2025-08-17,2025-05-06,1361.76,7,15.8,0,136.0,1,45.5
C003779,2025-11-10,SMB,Europe,Pro,Paid Search,15,141.98,51,4.6,0,47.5,0.251,0,1,2025-12-14,2025-12-31,324.05,2,2025-12-05,2025-12-03,162.02,1,12.7,0,26.0,0,51.4
C003780,2023-10-01,Enterprise,North America,Free,Referral,301,0.0,822,2.0,0,51.3,0.073,0,1,2025-08-12,2025-12-31,24.89,9,2025-06-17,2023-10-22,2.77,1,16.6,0,197.0,0,44.1
C003781,2022-03-22,SMB,North America,Enterprise,Partner,11,1313.83,1380,6.0,1,25.3,0.652,0,0,,2025-12-31,29264.579999999998,23,2025-11-30,2022-06-19,1272.37,2,26.8,0,31.0,1,60.9
C003782,2022-11-22,Mid-Market,Europe,Business,Paid Search,17,466.76,1135,7.0,0,19.8,0.356,1,0,,2025-12-31,11936.29,26,2025-12-31,2022-12-01,459.09,0,0.0,0,0.0,1,51.9
C003783,2022-05-30,Mid-Market,Europe,Starter,Sales,61,51.58,1311,18.0,1,26.1,0.451,0,0,,2025-12-31,1057.58,22,2025-10-15,2022-07-05,48.07,1,8.6,1,77.0,1,65.7
C003784,2024-12-21,Enterprise,North America,Pro,Organic,492,160.0,375,2.0,2,39.8,0.311,2,0,,2025-12-31,1191.82,7,2025-12-25,2025-01-19,170.26,2,16.1,0,6.0,1,43.1
C003785,2025-11-09,Startup,APAC,Pro,Referral,1,151.91,52,2.3,0,-22.8,0.168,2,1,2025-12-16,2025-12-31,193.32,1,2025-11-18,2025-11-18,193.32,1,13.8,0,43.0,0,35.8
C003786,2024-03-03,SMB,North America,Pro,Organic,12,161.17,668,1.0,1,46.6,0.663,1,0,,2025-12-31,2048.59,12,2025-11-04,2024-05-06,170.72,4,21.7,0,57.0,1,56.9
C003787,2022-09-10,SMB,LATAM,Pro,Referral,5,147.78,1208,25.0,2,35.8,0.204,0,0,,2025-12-31,2718.88,20,2025-11-21,2022-11-10,135.94,3,9.5,0,40.0,1,64.0
C003788,2022-01-31,Startup,LATAM,Pro,Paid Search,3,159.83,1430,27.0,2,41.2,0.366,0,0,,2025-12-31,3971.01,24,2025-09-24,2022-04-12,165.46,2,17.8,1,98.0,1,71.2
C003789,2025-10-27,Mid-Market,Europe,Free,Organic,27,0.0,65,8.0,0,31.9,0.408,0,0,,2025-12-31,0.0,5,2025-12-23,2025-11-04,0.0,1,11.6,0,8.0,0,57.6
C003790,2023-03-29,Startup,North America,Pro,Paid Search,1,137.27,1008,12.0,1,0.4,0.547,0,0,,2025-12-31,3347.37,23,2025-05-31,2023-04-18,145.54,1,5.1,1,214.0,1,60.7
C003791,2022-06-10,SMB,APAC,Starter,Referral,5,56.04,1300,8.0,1,7.5,0.498,0,0,,2025-12-31,2334.13,40,2025-10-10,2022-06-29,58.35,1,18.3,0,82.0,1,56.3
C003792,2022-09-11,Startup,North America,Starter,Paid Search,5,46.3,1207,14.0,0,73.1,0.371,0,0,,2025-12-31,1114.93,25,2025-12-21,2022-09-12,44.6,0,0.0,0,10.0,1,65.9
C003793,2023-01-01,Startup,North America,Starter,Organic,3,54.75,1095,15.0,2,18.9,0.645,0,0,,2025-12-31,1047.06,21,2025-10-09,2023-01-08,49.86,2,14.6,0,83.0,1,66.6
C003794,2024-07-26,Startup,Europe,Pro,Organic,4,157.78,523,7.0,3,55.2,0.16,0,0,,2025-12-31,1776.99,11,2025-12-30,2024-07-29,161.54,3,39.9,0,1.0,1,47.1
C003795,2025-06-29,Mid-Market,Europe,Starter,Partner,57,57.04,185,18.0,1,7.9,0.688,3,0,,2025-12-31,230.18,4,2025-12-08,2025-07-09,57.54,2,10.2,0,23.0,1,65.0
C003796,2023-01-29,SMB,APAC,Starter,Partner,6,43.4,1067,0.0,1,34.6,0.36,1,0,,2025-12-31,976.25,23,2025-09-08,2023-04-10,42.45,1,55.8,0,114.0,1,45.8
C003797,2024-09-09,Startup,APAC,Starter,Paid Search,3,46.08,478,18.0,0,24.0,0.393,0,0,,2025-12-31,447.02,10,2025-11-07,2024-10-13,44.7,3,12.2,0,54.0,1,65.3
C003798,2022-04-03,SMB,APAC,Enterprise,Organic,14,1242.83,1368,21.0,2,27.8,0.221,0,0,,2025-12-31,43024.44,34,2025-12-18,2022-05-13,1265.42,4,11.4,0,13.0,1,60.2
C003799,2022-01-15,Mid-Market,APAC,Starter,Referral,78,59.15,1446,1.0,0,26.5,0.126,0,0,,2025-12-31,1720.51,28,2025-12-28,2022-01-30,61.45,1,6.3,0,3.0,1,42.3
C003800,2022-03-20,Startup,Europe,Starter,Paid Search,7,44.94,1382,20.0,0,71.1,0.113,0,0,,2025-12-31,1659.25,35,2025-09-19,2022-03-31,47.41,0,0.0,0,103.0,1,63.4
C003801,2025-08-13,Mid-Market,Europe,Starter,Organic,78,54.34,140,20.0,1,83.2,0.494,0,0,,2025-12-31,147.61,3,2025-11-14,2025-11-01,49.2,1,39.5,0,47.0,1,74.5
C003802,2024-04-11,SMB,LATAM,Pro,Paid Search,12,172.65,629,27.0,1,40.9,0.308,2,0,,2025-12-31,2355.17,13,2025-12-22,2024-10-26,181.17,1,4.1,0,9.0,1,66.9
C003803,2025-02-25,SMB,LATAM,Starter,Paid Search,24,44.58,309,22.0,2,24.7,0.476,0,0,,2025-12-31,318.79,8,2025-12-21,2025-02-25,39.85,4,11.9,0,10.0,1,68.4
C003804,2022-02-01,Mid-Market,APAC,Starter,Sales,48,45.48,1429,0.0,3,1.8,0.227,1,0,,2025-12-31,1057.7,23,2025-08-12,2022-04-10,45.99,5,33.7,1,141.0,1,35.5
C003805,2022-02-01,SMB,APAC,Business,Partner,7,402.7,1429,2.0,1,0.0,0.444,1,0,,2025-12-31,11458.87,27,2025-12-19,2022-03-03,424.4,1,13.0,0,12.0,1,46.6
C003806,2025-04-28,Enterprise,Europe,Business,Organic,269,389.33,247,3.0,3,71.2,0.472,1,0,,2025-12-31,1308.17,3,2025-07-22,2025-06-28,436.06,3,17.4,0,162.0,1,52.5
C003807,2022-05-27,SMB,North America,Pro,Referral,24,138.88,1314,16.0,0,-1.7,0.668,0,0,,2025-12-31,2756.4900000000002,21,2025-12-01,2022-05-31,131.26,1,11.4,0,30.0,1,69.2
C003808,2022-08-11,Startup,APAC,Pro,Organic,6,141.49,1238,19.0,2,24.0,0.776,2,0,,2025-12-31,1990.75,16,2025-12-08,2022-10-30,124.42,2,14.5,0,23.0,1,70.6
C003809,2024-01-13,Mid-Market,North America,Enterprise,Sales,68,1292.84,718,18.0,2,38.9,0.529,0,0,,2025-12-31,19122.9,16,2025-08-16,2024-02-13,1195.18,2,26.4,0,137.0,1,67.8
C003810,2024-05-17,SMB,North America,Enterprise,Paid Search,4,1176.65,593,9.0,1,-30.0,0.577,1,0,,2025-12-31,8398.98,6,2025-11-17,2024-08-26,1399.83,1,26.1,0,44.0,1,53.8
C003811,2022-11-24,Mid-Market,Europe,Pro,Sales,58,183.99,1133,5.0,2,3.7,0.228,1,0,,2025-12-31,3825.02,22,2025-12-29,2022-12-17,173.86,2,16.6,1,2.0,1,41.7
C003812,2023-09-28,Startup,Europe,Business,Referral,3,403.6,825,1.0,0,1.5,0.307,0,0,,2025-12-31,6062.41,15,2025-12-11,2023-11-06,404.16,0,0.0,0,20.0,1,45.3
C003813,2024-08-23,Startup,Europe,Business,Referral,7,425.04,495,10.0,0,18.4,0.39,0,0,,2025-12-31,4072.86,9,2025-11-20,2024-09-26,452.54,1,35.7,0,41.0,1,57.5
C003814,2023-09-26,Mid-Market,North America,Enterprise,Organic,32,1236.08,827,8.0,1,41.5,0.489,0,0,,2025-12-31,19631.0,16,2025-11-22,2023-10-29,1226.94,1,21.8,0,39.0,1,59.5
C003815,2023-07-02,SMB,North America,Free,Referral,6,0.0,913,8.0,0,60.7,0.18,0,0,,2025-12-31,75.23,21,2025-10-08,2023-07-29,3.58,0,0.0,0,84.0,0,53.6
C003816,2022-04-13,SMB,North America,Enterprise,Referral,5,1212.98,1358,2.0,2,18.4,0.404,0,0,,2025-12-31,29093.04,22,2025-12-11,2022-05-30,1322.41,2,8.6,0,20.0,1,47.7
C003817,2023-10-09,SMB,North America,Pro,Paid Search,17,155.29,814,8.0,4,23.5,0.211,0,0,,2025-12-31,3011.95,18,2025-12-21,2023-11-21,167.33,5,15.0,0,10.0,1,44.8
C003818,2025-02-21,SMB,North America,Pro,Paid Search,13,178.12,313,23.0,2,32.0,0.497,0,0,,2025-12-31,719.26,4,2025-11-30,2025-03-11,179.82,2,30.8,0,31.0,1,70.6
C003819,2024-06-15,SMB,APAC,Starter,Partner,12,57.6,564,6.0,2,14.9,0.371,0,0,,2025-12-31,1150.65,19,2025-11-23,2024-07-11,60.56,2,18.1,0,38.0,1,50.0
C003820,2025-07-01,SMB,North America,Starter,Sales,5,43.21,183,24.0,2,45.4,0.34,0,0,,2025-12-31,197.79,4,2025-12-09,2025-08-13,49.45,2,22.5,0,22.0,1,68.2
C003821,2022-06-30,Mid-Market,North America,Business,Referral,46,400.93,1280,2.0,1,46.2,0.637,1,0,,2025-12-31,11979.44,30,2025-12-12,2022-09-01,399.31,1,5.5,0,19.0,1,57.0
C003822,2022-01-16,Mid-Market,North America,Pro,Paid Search,28,162.68,1445,17.0,0,-33.0,0.427,0,0,,2025-12-31,4514.6,28,2025-08-17,2022-01-20,161.24,0,0.0,0,136.0,1,59.7
C003823,2024-02-23,Startup,Europe,Starter,Partner,4,53.71,677,3.0,1,51.0,0.211,0,0,,2025-12-31,813.83,15,2025-12-23,2024-03-12,54.26,1,10.1,0,8.0,1,47.6
C003824,2022-09-13,Enterprise,APAC,Pro,Organic,384,164.1,1205,10.0,1,38.2,0.282,0,0,,2025-12-31,4967.01,29,2025-12-28,2022-10-01,171.28,2,6.1,0,3.0,1,54.7
C003825,2024-04-29,SMB,North America,Free,Paid Search,24,0.0,611,7.9,2,41.5,0.498,3,1,2025-09-20,2025-12-31,51.41,7,2025-05-27,2024-06-16,7.34,3,21.2,0,218.0,0,52.1
C003826,2025-07-16,Mid-Market,North America,Pro,Referral,32,169.88,168,6.8,0,64.5,0.237,0,1,2025-12-21,2025-12-31,1482.69,8,2025-11-12,2025-07-16,185.34,0,0.0,0,49.0,0,54.6
C003827,2023-04-28,Startup,APAC,Pro,Partner,1,160.62,978,14.0,0,-9.7,0.476,0,0,,2025-12-31,4017.96,25,2025-12-25,2023-05-08,160.72,0,0.0,0,6.0,1,60.8
C003828,2024-02-25,SMB,North America,Pro,Referral,17,145.89,675,5.5,0,3.6,0.401,0,1,2024-06-03,2025-12-31,729.7,6,2024-05-15,2024-03-03,121.62,2,18.1,0,595.0,0,52.3
C003829,2024-09-01,SMB,APAC,Free,Paid Search,15,0.0,486,18.0,2,33.2,0.62,0,0,,2025-12-31,85.58,9,2025-11-14,2024-09-20,9.51,2,28.8,0,47.0,0,70.0
C003830,2022-08-03,Mid-Market,LATAM,Free,Paid Search,15,0.0,1246,22.0,2,-23.0,0.814,0,0,,2025-12-31,137.82,27,2025-09-17,2022-10-07,5.1,3,16.7,1,105.0,0,73.8
C003831,2025-07-07,SMB,Europe,Starter,Referral,15,49.41,177,16.0,1,29.7,0.692,1,0,,2025-12-31,269.51,5,2025-12-13,2025-08-11,53.9,2,25.6,1,18.0,1,69.5
C003832,2022-10-17,Startup,LATAM,Pro,Organic,4,151.4,1171,14.0,1,56.2,0.481,0,0,,2025-12-31,4181.49,27,2025-10-25,2022-11-26,154.87,1,13.8,0,67.0,1,66.0
C003833,2025-03-01,SMB,Europe,Enterprise,Sales,14,1109.2,305,2.0,0,44.9,0.534,2,0,,2025-12-31,8403.55,7,2025-11-28,2025-03-05,1200.51,1,2.7,0,33.0,1,53.3
C003834,2024-08-01,SMB,Europe,Business,Sales,22,448.79,517,26.0,0,37.0,0.391,0,0,,2025-12-31,4440.89,10,2025-11-25,2024-12-09,444.09,0,0.0,0,36.0,1,73.6
C003835,2022-07-21,SMB,North America,Business,Sales,17,376.93,1259,15.0,0,29.2,0.41,1,0,,2025-12-31,7452.79,20,2025-12-30,2022-08-24,372.64,0,0.0,0,1.0,1,61.6
C003836,2024-11-02,Mid-Market,North America,Starter,Sales,79,49.89,424,8.0,1,24.3,0.372,0,0,,2025-12-31,344.26,6,2025-12-01,2024-12-22,57.38,1,5.9,0,30.0,1,54.2
C003837,2022-10-08,SMB,North America,Free,Paid Search,17,0.0,1180,3.0,2,22.9,0.79,1,0,,2025-12-31,187.05,25,2025-12-31,2022-10-24,7.48,2,4.4,1,0.0,0,58.7
C003838,2024-05-07,Mid-Market,Europe,Business,Paid Search,34,438.62,603,16.0,1,40.7,0.386,0,0,,2025-12-31,6090.66,15,2025-10-16,2024-05-13,406.04,2,11.6,0,76.0,1,63.4
C003839,2025-10-04,Mid-Market,Europe,Pro,Referral,69,173.01,88,21.0,1,-3.8,0.463,0,0,,2025-12-31,125.83,1,2025-12-11,2025-12-11,125.83,2,17.8,0,20.0,1,65.8
C003840,2025-09-25,SMB,North America,Free,Organic,4,0.0,97,13.2,0,71.6,0.361,1,1,2025-12-09,2025-12-31,0.0,4,2025-11-26,2025-10-06,0.0,0,0.0,0,35.0,0,62.8
C003841,2025-05-30,Startup,Europe,Pro,Referral,2,167.71,215,24.0,0,16.6,0.245,0,0,,2025-12-31,490.90999999999997,3,2025-12-21,2025-06-11,163.64,0,0.0,0,10.0,1,65.4
C003842,2023-12-08,Startup,North America,Pro,Organic,4,147.12,754,25.0,1,48.9,0.476,0,0,,2025-12-31,2432.36,17,2025-09-13,2024-02-28,143.08,1,7.9,0,109.0,1,75.0
C003843,2024-03-11,Startup,North America,Starter,Referral,2,54.68,660,17.0,0,37.0,0.741,0,0,,2025-12-31,695.81,13,2025-10-14,2024-04-07,53.52,1,6.9,0,78.0,1,76.1
C003844,2023-03-06,SMB,North America,Free,Paid Search,21,0.0,1031,26.0,0,6.2,0.378,0,0,,2025-12-31,166.81,25,2025-12-09,2023-04-19,6.67,0,0.0,0,22.0,0,70.2
C003845,2025-08-09,Mid-Market,APAC,Pro,Referral,40,153.28,144,1.4,1,67.3,0.408,2,1,2025-10-15,2025-12-31,537.46,3,2025-09-28,2025-08-27,179.15,3,21.9,0,94.0,0,49.7
C003846,2023-11-14,SMB,Europe,Free,Paid Search,5,0.0,778,11.0,0,62.0,0.274,1,0,,2025-12-31,101.88,17,2025-12-01,2023-11-29,5.99,1,36.4,0,30.0,0,57.2
C003847,2025-01-08,Startup,APAC,Starter,Partner,7,51.1,357,4.6,0,-4.3,0.606,0,1,2025-08-01,2025-12-31,162.37,3,2025-07-05,2025-02-10,54.12,1,7.1,0,179.0,0,56.9
C003848,2023-05-30,SMB,North America,Business,Sales,6,397.3,946,19.0,2,33.2,0.434,0,0,,2025-12-31,7169.0199999999995,17,2025-12-30,2023-06-28,421.71,4,11.8,0,1.0,1,65.3
C003849,2024-11-24,SMB,Europe,Enterprise,Paid Search,17,1159.69,402,8.0,1,40.2,0.054,0,0,,2025-12-31,9206.09,7,2025-12-21,2024-12-12,1315.16,2,14.2,0,10.0,1,46.3
C003850,2022-11-17,SMB,LATAM,Starter,Organic,19,52.0,1140,8.0,2,-16.8,0.393,1,0,,2025-12-31,1022.75,19,2025-12-10,2023-02-12,53.83,2,9.8,0,21.0,1,47.3
C003851,2024-11-15,SMB,North America,Free,Organic,18,0.0,411,25.0,1,-18.0,0.499,0,0,,2025-12-31,16.52,9,2025-10-13,2024-12-14,1.84,1,42.1,0,79.0,0,69.0
C003852,2022-03-07,Startup,Europe,Pro,Partner,1,146.34,1395,18.0,2,14.2,0.41,0,0,,2025-12-31,5349.53,36,2025-12-16,2022-04-04,148.6,2,9.2,1,15.0,1,61.8
C003853,2022-05-30,SMB,North America,Starter,Partner,7,44.46,1311,17.0,1,2.2,0.721,0,0,,2025-12-31,1100.21,27,2025-12-31,2022-09-10,40.75,1,28.3,0,0.0,1,70.5
C003854,2023-05-19,SMB,North America,Business,Partner,7,407.22,957,5.0,1,8.9,0.046,0,0,,2025-12-31,10081.92,25,2025-12-20,2023-05-27,403.28,3,18.4,0,11.0,1,40.2
C003855,2023-11-21,Mid-Market,Europe,Pro,Organic,24,180.61,771,14.0,1,2.2,0.504,0,0,,2025-12-31,2744.07,16,2025-12-19,2023-12-05,171.5,2,13.3,0,12.0,1,61.3
C003856,2024-10-14,SMB,North America,Starter,Organic,6,50.69,443,2.2,2,31.9,0.692,2,1,2025-08-31,2025-12-31,265.46,5,2025-08-15,2025-01-26,53.09,3,10.4,1,138.0,0,53.9
C003857,2023-05-29,Mid-Market,Europe,Business,Sales,27,436.73,947,17.0,1,12.7,0.327,0,0,,2025-12-31,5860.91,13,2025-12-22,2023-07-03,450.84,1,36.7,0,9.0,1,59.8
C003858,2022-01-27,Startup,LATAM,Starter,Partner,2,50.11,1434,25.0,0,62.8,0.383,0,0,,2025-12-31,1546.39,33,2025-12-30,2022-02-02,46.86,0,0.0,0,1.0,1,75.1
C003859,2023-04-11,SMB,North America,Pro,Organic,8,142.38,995,7.0,0,39.5,0.347,0,0,,2025-12-31,3160.78,22,2025-11-20,2023-05-28,143.67,1,16.2,0,41.0,1,55.6
C003860,2023-09-21,SMB,North America,Enterprise,Organic,3,1088.29,832,22.0,1,54.9,0.226,0,0,,2025-12-31,13695.62,13,2025-02-18,2023-10-04,1053.51,2,17.9,0,316.0,1,65.4
C003861,2024-02-17,Mid-Market,APAC,Starter,Organic,75,50.59,683,7.5,1,-7.2,0.182,1,1,2024-05-28,2025-12-31,104.85,2,2024-05-13,2024-03-26,52.42,1,30.5,0,597.0,0,42.9
C003862,2024-07-09,SMB,Europe,Starter,Referral,12,51.74,540,13.0,3,19.3,0.464,0,0,,2025-12-31,535.3,11,2025-12-24,2024-10-14,48.66,3,11.9,0,7.0,1,58.0
C003863,2022-12-21,SMB,APAC,Business,Referral,5,437.72,1106,26.0,1,38.4,0.392,1,0,,2025-12-31,8911.74,20,2025-12-04,2023-02-06,445.59,1,15.8,0,27.0,1,70.3
C003864,2024-05-22,Mid-Market,North America,Pro,Partner,28,166.07,588,4.0,1,46.3,0.433,1,0,,2025-12-31,1029.53,7,2025-11-01,2024-05-23,147.08,1,5.4,0,60.0,1,52.7
C003865,2024-06-22,Startup,Europe,Starter,Partner,1,50.09,557,9.0,0,18.8,0.593,1,1,2025-08-15,2025-12-31,326.0,7,2025-07-13,2024-06-29,46.57,0,0.0,0,171.0,0,60.7
C003866,2025-01-15,Mid-Market,LATAM,Free,Referral,73,0.0,350,5.6,1,22.5,0.241,0,1,2025-09-19,2025-12-31,41.43,6,2025-09-11,2025-02-06,6.9,2,14.0,0,111.0,0,48.0
C003867,2024-01-17,SMB,North America,Starter,Paid Search,12,47.8,714,19.0,1,25.2,0.183,1,0,,2025-12-31,778.17,16,2025-12-18,2024-01-20,48.64,2,17.8,0,13.0,1,56.5
C003868,2025-03-05,Mid-Market,APAC,Pro,Paid Search,49,172.38,301,3.0,1,27.6,0.395,0,0,,2025-12-31,1093.29,6,2025-12-14,2025-04-19,182.22,1,5.8,0,17.0,1,50.8
C003869,2022-11-13,SMB,Europe,Starter,Paid Search,4,56.5,1144,20.0,0,89.1,0.347,1,0,,2025-12-31,1446.93,26,2025-11-12,2022-12-24,55.65,0,0.0,0,49.0,1,70.2
C003870,2024-10-14,SMB,APAC,Starter,Sales,4,52.58,443,1.0,3,42.8,0.39,0,0,,2025-12-31,270.54,5,2025-12-19,2025-08-26,54.11,3,41.5,0,12.0,1,47.4
C003871,2022-03-07,Startup,North America,Starter,Partner,7,44.92,1395,9.0,1,36.0,0.141,0,0,,2025-12-31,1450.63,31,2025-12-27,2022-03-12,46.79,2,22.0,1,4.0,1,49.4
C003872,2022-05-28,Enterprise,Europe,Pro,Paid Search,335,181.06,1313,25.0,3,3.5,0.542,1,0,,2025-12-31,4506.51,23,2025-10-25,2022-07-09,195.94,3,12.7,0,67.0,1,67.4
C003873,2025-05-21,Startup,North America,Business,Referral,1,415.49,224,17.0,0,4.1,0.466,1,0,,2025-12-31,1743.6,5,2025-11-22,2025-06-03,348.72,1,9.9,0,39.0,1,62.6
C003874,2023-11-11,SMB,LATAM,Pro,Organic,11,163.62,781,13.0,3,29.7,0.377,0,0,,2025-12-31,2618.09,16,2025-12-22,2024-05-08,163.63,3,18.3,0,9.0,1,56.4
C003875,2024-06-06,Mid-Market,North America,Pro,Paid Search,34,168.78,573,9.0,2,63.3,0.734,0,0,,2025-12-31,915.02,6,2025-08-21,2024-08-22,152.5,3,11.6,0,132.0,1,68.4
C003876,2024-05-12,Mid-Market,North America,Business,Partner,33,422.3,598,2.0,0,30.0,0.377,0,0,,2025-12-31,5808.45,12,2025-10-30,2024-08-29,484.04,1,23.5,0,62.0,1,51.1
C003877,2024-09-20,Mid-Market,APAC,Starter,Sales,65,53.27,467,3.0,3,31.1,0.56,0,0,,2025-12-31,430.6,8,2025-09-18,2024-11-06,53.82,3,46.2,0,104.0,1,53.1
C003878,2022-12-18,Startup,North America,Starter,Organic,5,47.89,1109,20.0,0,16.4,0.597,0,0,,2025-12-31,913.77,20,2025-11-16,2022-12-21,45.69,1,8.7,0,45.0,1,72.4
C003879,2022-09-12,Mid-Market,Europe,Free,Paid Search,59,0.0,1206,7.0,0,-8.5,0.438,0,0,,2025-12-31,107.72,31,2025-12-15,2023-07-09,3.47,0,0.0,0,16.0,0,53.5
C003880,2022-03-02,SMB,North America,Starter,Sales,15,51.63,1400,2.0,0,45.9,0.421,0,0,,2025-12-31,1797.48,34,2025-11-29,2022-03-10,52.87,1,28.7,0,32.0,1,54.0
C003881,2025-05-21,SMB,Europe,Enterprise,Referral,22,1215.03,224,6.1,4,28.6,0.121,2,1,2025-09-25,2025-12-31,1746.0,2,2025-07-05,2025-06-15,873.0,5,15.1,0,179.0,0,36.9
C003882,2022-11-16,Startup,North America,Starter,Partner,4,46.49,1141,11.0,2,46.2,0.425,0,0,,2025-12-31,942.67,20,2025-12-02,2023-01-06,47.13,3,14.4,0,29.0,1,59.2
C003883,2024-04-02,SMB,Europe,Business,Organic,16,437.79,638,26.0,1,38.9,0.705,0,0,,2025-12-31,3780.84,9,2025-11-18,2024-04-16,420.09,1,4.4,0,43.0,1,81.8
C003884,2023-10-13,SMB,Europe,Free,Organic,20,0.0,810,1.5,0,10.9,0.494,0,1,2024-06-03,2025-12-31,49.1,7,2024-05-28,2023-11-12,7.01,2,34.8,0,582.0,0,52.2
C003885,2022-08-21,Mid-Market,North America,Pro,Paid Search,60,146.91,1228,7.0,1,40.6,0.185,0,0,,2025-12-31,3384.41,23,2025-10-27,2022-09-23,147.15,1,13.8,0,65.0,1,49.4
C003886,2023-08-15,Startup,North America,Starter,Organic,4,54.81,869,4.0,1,2.7,0.677,0,0,,2025-12-31,963.93,18,2025-12-02,2023-08-19,53.55,1,2.9,0,29.0,1,57.7
C003887,2022-04-29,Mid-Market,North America,Starter,Referral,51,53.51,1342,2.8,1,40.4,0.362,0,1,2023-06-25,2025-12-31,354.12,7,2023-06-21,2022-05-25,50.59,1,14.1,0,924.0,0,50.9
C003888,2022-09-10,Mid-Market,APAC,Starter,Referral,31,54.47,1208,14.0,3,33.4,0.445,0,0,,2025-12-31,1372.7,25,2025-12-16,2023-02-14,54.91,5,21.9,0,15.0,1,59.7
C003889,2022-07-19,Startup,North America,Pro,Referral,2,155.14,1261,6.0,0,73.5,0.27,1,0,,2025-12-31,2633.79,18,2025-10-27,2022-08-31,146.32,0,0.0,0,65.0,1,53.8
C003890,2025-03-24,Mid-Market,North America,Pro,Organic,59,167.28,282,20.0,1,13.3,0.802,1,0,,2025-12-31,936.86,6,2025-12-28,2025-05-02,156.14,2,31.4,0,3.0,1,74.7
C003891,2024-03-22,Mid-Market,North America,Business,Paid Search,21,371.42,649,22.0,1,1.8,0.295,0,0,,2025-12-31,3383.15,9,2025-10-23,2024-07-08,375.91,1,8.8,0,69.0,1,62.2
C003892,2025-08-16,SMB,Europe,Enterprise,Referral,8,1172.24,137,13.0,2,24.7,0.561,0,0,,2025-12-31,6495.889999999999,5,2025-12-03,2025-09-27,1299.18,2,10.4,0,28.0,1,62.9
C003893,2023-09-16,Mid-Market,APAC,Pro,Organic,66,174.78,837,6.0,2,50.2,0.522,1,0,,2025-12-31,2893.65,17,2025-12-01,2024-04-03,170.21,2,8.2,0,30.0,1,56.0
C003894,2022-10-15,Mid-Market,Europe,Enterprise,Organic,42,1405.73,1173,22.0,2,-34.9,0.288,0,0,,2025-12-31,35183.16,25,2025-06-10,2022-10-18,1407.33,2,12.6,0,204.0,1,56.8
C003895,2024-05-20,SMB,APAC,Free,Paid Search,14,0.0,590,27.0,3,56.9,0.14,1,0,,2025-12-31,83.16,12,2025-10-26,2024-07-09,6.93,3,21.5,0,66.0,0,62.5
C003896,2025-08-22,SMB,Europe,Starter,Organic,12,55.12,131,25.0,1,29.8,0.302,0,0,,2025-12-31,172.32,3,2025-10-23,2025-09-22,57.44,1,1.3,0,69.0,1,67.9
C003897,2024-02-01,SMB,APAC,Starter,Organic,24,47.88,699,25.0,1,6.5,0.851,1,0,,2025-12-31,654.52,13,2025-12-20,2024-05-16,50.35,1,5.2,0,11.0,1,80.0
C003898,2022-01-26,Mid-Market,APAC,Pro,Paid Search,18,173.61,1435,22.0,4,25.8,0.655,1,0,,2025-12-31,6213.18,35,2025-12-30,2022-02-08,177.52,4,13.0,0,1.0,1,68.9
C003899,2023-03-11,SMB,North America,Pro,Referral,18,152.43,1026,20.0,0,16.5,0.124,1,0,,2025-12-31,2965.22,19,2025-09-02,2023-04-10,156.06,1,12.0,0,120.0,1,56.2
C003900,2025-08-15,Startup,LATAM,Pro,Organic,5,145.03,138,26.0,1,4.4,0.575,1,0,,2025-12-31,381.61,3,2025-10-24,2025-08-16,127.2,1,27.9,0,68.0,1,72.4
C003901,2024-01-12,Mid-Market,APAC,Business,Partner,44,402.49,719,9.0,0,-13.5,0.608,0,0,,2025-12-31,4714.48,12,2025-12-18,2024-03-22,392.87,0,0.0,0,13.0,1,59.9
C003902,2025-09-23,Mid-Market,Europe,Starter,Partner,75,56.19,99,26.0,2,53.3,0.217,1,0,,2025-12-31,180.42000000000002,3,2025-11-12,2025-10-19,60.14,4,19.6,1,49.0,1,65.1
C003903,2023-12-30,Enterprise,North America,Business,Paid Search,391,470.87,732,0.0,0,21.0,0.227,2,0,,2025-12-31,6501.7,14,2025-08-16,2024-01-13,464.41,1,3.9,0,137.0,1,39.9
C003904,2022-01-18,SMB,North America,Pro,Paid Search,19,162.7,1443,23.0,1,25.2,0.638,0,0,,2025-12-31,4414.97,29,2025-10-29,2022-02-11,152.24,1,69.8,0,63.0,1,75.7
C003905,2025-06-02,Mid-Market,Europe,Pro,Organic,60,183.08,212,9.0,2,56.1,0.483,1,0,,2025-12-31,598.56,3,2025-11-25,2025-07-14,199.52,2,33.9,0,36.0,1,58.1
C003906,2024-12-27,SMB,Europe,Starter,Organic,7,48.1,369,8.0,1,36.4,0.235,0,0,,2025-12-31,598.71,12,2025-11-25,2024-12-30,49.89,1,4.6,0,36.0,1,51.3
C003907,2024-10-19,Startup,Europe,Starter,Paid Search,6,52.64,438,18.0,1,-4.0,0.092,0,0,,2025-12-31,404.06,9,2025-10-17,2024-11-07,44.9,1,31.2,0,75.0,1,51.9
C003908,2025-10-19,Mid-Market,North America,Starter,Sales,60,52.09,73,1.4,2,51.8,0.5,1,1,2025-12-24,2025-12-31,227.0,4,2025-12-10,2025-11-05,56.75,2,19.8,0,21.0,0,51.4
C003909,2022-10-08,SMB,Europe,Business,Paid Search,22,432.57,1180,27.0,1,72.1,0.547,0,0,,2025-12-31,11711.38,28,2025-11-22,2022-11-08,418.26,1,20.6,0,39.0,1,81.2
C003910,2025-07-19,Mid-Market,North America,Pro,Paid Search,72,144.63,165,20.0,0,47.6,0.452,0,0,,2025-12-31,178.34,1,2025-08-31,2025-08-31,178.34,0,0.0,0,122.0,1,71.2
C003911,2022-11-29,Enterprise,North America,Starter,Sales,189,60.88,1128,0.0,1,13.4,0.52,0,1,2025-08-13,2025-12-31,1252.21,20,2025-07-28,2022-12-13,62.61,1,14.9,0,156.0,0,50.4
C003912,2025-10-20,SMB,North America,Business,Referral,13,467.0,72,23.0,1,-1.8,0.568,0,0,,2025-12-31,768.03,2,2025-11-29,2025-11-11,384.02,2,3.6,0,32.0,1,70.9
C003913,2022-10-01,SMB,APAC,Pro,Referral,24,180.3,1187,3.0,2,12.5,0.557,0,0,,2025-12-31,5987.3,34,2025-11-01,2022-10-01,176.1,2,9.6,0,60.0,1,52.6
C003914,2024-02-26,Startup,Europe,Enterprise,Paid Search,2,1313.77,674,23.0,2,37.6,0.436,0,0,,2025-12-31,8861.15,7,2025-08-30,2024-05-13,1265.88,2,11.0,0,123.0,1,69.4
C003915,2025-02-02,SMB,LATAM,Pro,Sales,16,167.03,332,22.0,2,70.7,0.514,0,0,,2025-12-31,1631.12,8,2025-12-21,2025-03-03,203.89,2,4.3,0,10.0,1,74.1
C003916,2022-04-22,Mid-Market,APAC,Pro,Partner,21,137.0,1349,18.0,0,16.0,0.149,0,0,,2025-12-31,4108.08,29,2025-11-22,2022-06-17,141.66,1,18.3,1,39.0,1,57.1
C003917,2022-04-06,SMB,APAC,Pro,Partner,10,153.41,1365,16.0,1,18.8,0.587,0,0,,2025-12-31,3690.85,24,2025-11-25,2022-06-08,153.79,1,11.1,0,36.0,1,67.3
C003918,2025-04-30,Mid-Market,Europe,Pro,Referral,46,138.13,245,23.0,0,60.5,0.323,0,0,,2025-12-31,575.77,4,2025-10-09,2025-05-10,143.94,0,0.0,0,83.0,1,71.3
C003919,2022-03-28,Startup,APAC,Starter,Paid Search,4,57.07,1374,23.0,0,24.1,0.591,0,0,,2025-12-31,2062.96,36,2025-12-25,2022-04-16,57.3,0,0.0,0,6.0,1,75.7
C003920,2024-05-27,SMB,LATAM,Free,Sales,23,0.0,583,19.0,1,77.8,0.283,0,0,,2025-12-31,117.66,18,2025-11-14,2024-05-31,6.54,1,8.3,0,47.0,0,66.7
C003921,2025-09-03,Mid-Market,APAC,Enterprise,Sales,28,1112.16,119,4.0,1,31.3,0.701,0,0,,2025-12-31,2748.55,2,2025-12-21,2025-12-19,1374.28,2,60.0,0,10.0,1,61.2
C003922,2024-05-29,SMB,North America,Pro,Partner,4,158.34,581,18.0,1,64.2,0.778,1,0,,2025-12-31,2345.16,14,2025-11-08,2024-06-28,167.51,2,26.3,0,53.0,1,77.3
C003923,2023-11-19,SMB,Europe,Pro,Organic,10,162.98,773,5.0,0,44.6,0.16,1,0,,2025-12-31,2638.32,17,2025-12-27,2024-02-16,155.2,2,22.3,1,4.0,1,46.7
C003924,2023-08-20,SMB,North America,Pro,Referral,12,179.24,864,1.0,1,52.7,0.236,0,0,,2025-12-31,4050.45,22,2025-12-12,2023-08-28,184.11,2,21.5,0,19.0,1,46.7
C003925,2024-07-01,Enterprise,North America,Pro,Paid Search,242,173.15,548,4.0,3,30.6,0.758,0,0,,2025-12-31,2365.86,14,2025-10-29,2024-08-12,168.99,3,15.6,0,63.0,1,59.9
C003926,2024-03-28,Enterprise,APAC,Free,Partner,480,0.0,643,12.0,1,32.2,0.433,1,0,,2025-12-31,129.01,17,2025-12-08,2024-04-07,7.59,1,11.2,0,23.0,0,58.4
C003927,2023-12-19,Enterprise,APAC,Starter,Organic,217,58.76,743,7.1,1,45.5,0.418,1,1,2025-01-17,2025-12-31,285.65,5,2024-09-15,2024-02-19,57.13,1,4.0,0,472.0,0,54.9
C003928,2022-08-08,Mid-Market,North America,Free,Referral,44,0.0,1241,0.0,2,55.0,0.14,0,0,,2025-12-31,65.1,28,2025-12-04,2022-08-12,2.32,4,11.5,0,27.0,0,41.7
C003929,2024-08-05,SMB,North America,Free,Sales,20,0.0,513,2.0,3,48.2,0.273,0,0,,2025-12-31,63.21,11,2025-10-18,2024-09-07,5.75,3,15.0,0,74.0,0,45.3
C003930,2024-11-23,Mid-Market,APAC,Free,Organic,72,0.0,403,2.0,1,-9.2,0.218,2,0,,2025-12-31,63.17,9,2025-12-26,2024-12-16,7.02,1,7.9,0,5.0,0,36.9
C003931,2024-10-10,SMB,North America,Business,Referral,21,455.87,447,5.0,0,41.4,0.443,0,0,,2025-12-31,3548.0699999999997,8,2025-11-24,2024-11-28,443.51,1,40.5,0,37.0,1,56.9
C003932,2022-04-18,SMB,North America,Starter,Referral,24,58.31,1353,15.0,3,18.6,0.608,1,0,,2025-12-31,1301.47,23,2025-12-20,2022-06-28,56.59,3,11.2,0,11.0,1,62.0
C003933,2024-10-02,Enterprise,APAC,Business,Organic,135,393.95,455,22.0,2,21.4,0.677,0,0,,2025-12-31,1972.35,6,2025-06-17,2024-11-11,328.72,2,13.8,0,197.0,1,74.1
C003934,2024-11-09,Startup,APAC,Enterprise,Organic,6,1059.75,417,1.0,2,46.4,0.332,0,0,,2025-12-31,6855.549999999999,7,2025-11-28,2024-12-09,979.36,3,36.7,0,33.0,1,47.5
C003935,2022-09-20,SMB,Europe,Starter,Paid Search,15,57.16,1198,22.0,1,77.4,0.307,0,0,,2025-12-31,1039.82,20,2025-09-28,2022-09-23,51.99,2,31.8,0,94.0,1,70.1
C003936,2025-04-29,Mid-Market,Europe,Pro,Referral,58,148.39,246,25.0,1,29.2,0.696,1,0,,2025-12-31,745.84,5,2025-12-11,2025-10-19,149.17,2,6.7,1,20.0,1,77.6
C003937,2024-01-20,SMB,North America,Pro,Paid Search,18,159.02,711,2.0,3,84.3,0.54,0,0,,2025-12-31,1696.5,12,2025-12-10,2024-05-16,141.38,3,9.5,0,21.0,1,56.9
C003938,2023-11-07,Mid-Market,North America,Enterprise,Organic,58,1489.2,785,12.0,2,7.6,0.549,1,0,,2025-12-31,13589.07,9,2025-08-21,2023-11-19,1509.9,2,4.0,0,132.0,1,57.9
C003939,2024-10-30,Startup,APAC,Pro,Organic,2,163.53,427,22.0,1,65.8,0.494,0,0,,2025-12-31,1637.11,11,2025-12-30,2024-12-04,148.83,1,23.3,0,1.0,1,74.5
C003940,2023-12-31,SMB,APAC,Starter,Paid Search,3,45.26,731,9.4,0,45.8,0.584,0,1,2025-08-13,2025-12-31,500.8,10,2025-08-03,2024-01-14,50.08,0,0.0,0,150.0,0,65.5
C003941,2024-02-18,SMB,North America,Starter,Organic,22,58.74,682,2.8,1,40.2,0.521,0,1,2025-04-19,2025-12-31,469.06,7,2025-04-19,2024-05-09,67.01,1,3.9,0,256.0,0,55.6
C003942,2023-03-23,Startup,North America,Enterprise,Partner,4,1132.98,1014,4.0,2,69.6,0.139,0,0,,2025-12-31,32038.01,28,2025-12-18,2023-04-27,1144.21,3,12.9,0,13.0,1,46.7
C003943,2025-08-19,Startup,North America,Starter,Organic,2,54.97,134,6.4,5,19.1,0.383,0,1,2025-11-13,2025-12-31,70.19,1,2025-09-02,2025-09-02,70.19,5,14.5,0,120.0,0,46.6
C003944,2025-10-18,Startup,North America,Business,Referral,6,353.72,74,23.0,1,66.9,0.576,0,0,,2025-12-31,374.57,1,2025-12-09,2025-12-09,374.57,2,15.5,0,22.0,1,78.0
C003945,2022-07-06,Mid-Market,North America,Starter,Referral,60,48.82,1274,26.0,1,29.8,0.109,0,0,,2025-12-31,1077.47,23,2025-10-30,2022-07-23,46.85,3,10.4,0,62.0,1,63.0
C003946,2024-11-14,Mid-Market,North America,Pro,Referral,37,141.17,412,13.0,1,18.9,0.664,1,0,,2025-12-31,1693.25,11,2025-11-28,2024-11-21,153.93,1,23.2,0,33.0,1,64.9
C003947,2022-02-03,SMB,APAC,Pro,Organic,6,157.46,1427,14.0,1,1.8,0.42,0,0,,2025-12-31,3639.17,22,2025-12-05,2022-06-04,165.42,4,12.3,0,26.0,1,58.8
C003948,2023-06-12,SMB,North America,Free,Partner,6,0.0,933,15.0,2,74.6,0.374,0,0,,2025-12-31,91.27,18,2025-10-10,2023-07-23,5.07,2,5.8,1,82.0,0,64.1
C003949,2025-10-19,SMB,APAC,Free,Referral,13,0.0,73,13.0,1,63.5,0.592,1,0,,2025-12-31,15.11,3,2025-12-18,2025-10-27,5.04,1,4.5,0,13.0,0,67.2
C003950,2022-09-07,SMB,Europe,Starter,Paid Search,22,48.84,1211,18.0,1,23.0,0.786,0,0,,2025-12-31,1414.82,29,2025-10-18,2022-10-08,48.79,2,8.4,0,74.0,1,75.5
C003951,2023-06-24,Mid-Market,APAC,Business,Organic,73,491.71,921,7.0,1,48.6,0.177,0,0,,2025-12-31,9344.63,21,2025-10-26,2023-07-23,444.98,1,4.1,0,66.0,1,49.9
C003952,2022-11-10,Mid-Market,LATAM,Pro,Organic,62,137.8,1147,15.0,2,38.2,0.533,0,0,,2025-12-31,3510.7400000000002,24,2025-12-27,2023-01-24,146.28,2,11.0,0,4.0,1,65.2
C003953,2024-11-07,SMB,North America,Starter,Partner,24,49.33,419,17.0,0,26.2,0.63,0,0,,2025-12-31,500.15999999999997,9,2025-11-06,2024-11-17,55.57,1,1.2,0,55.0,1,71.7
C003954,2023-10-26,Mid-Market,North America,Pro,Paid Search,58,139.82,797,15.0,0,59.1,0.201,0,0,,2025-12-31,3076.82,22,2025-09-13,2023-11-07,139.86,0,0.0,0,109.0,1,60.3
C003955,2024-04-28,SMB,APAC,Free,Sales,4,0.0,612,27.0,0,19.4,0.348,0,0,,2025-12-31,82.28,17,2025-12-22,2024-05-09,4.84,1,21.2,0,9.0,0,71.5
C003956,2025-09-09,SMB,North America,Pro,Referral,13,177.86,113,20.0,2,-19.8,0.458,1,0,,2025-12-31,376.85,2,2025-10-05,2025-09-10,188.42,3,10.9,0,87.0,1,59.6
C003957,2024-01-16,SMB,North America,Business,Referral,6,389.85,715,20.0,2,41.5,0.649,1,0,,2025-12-31,6478.05,19,2025-12-04,2024-03-17,340.95,2,16.6,0,27.0,1,71.5
C003958,2024-11-15,SMB,North America,Business,Sales,24,399.88,411,22.0,2,36.7,0.195,0,0,,2025-12-31,2876.6,7,2025-08-06,2024-12-10,410.94,3,44.2,0,147.0,1,61.2
C003959,2022-05-21,SMB,APAC,Business,Partner,9,391.45,1320,14.0,5,20.2,0.126,0,0,,2025-12-31,10258.12,28,2025-12-29,2022-06-04,366.36,5,45.6,0,2.0,1,45.8
C003960,2022-11-04,SMB,North America,Starter,Organic,15,56.78,1153,8.0,0,12.7,0.747,0,0,,2025-12-31,1344.07,23,2025-07-29,2023-03-14,58.44,0,0.0,0,155.0,1,65.8
C003961,2025-09-16,Mid-Market,Europe,Starter,Organic,50,54.27,106,15.0,1,-4.0,0.276,0,0,,2025-12-31,111.41,2,2025-11-21,2025-11-04,55.7,3,13.0,0,40.0,1,54.8
C003962,2025-05-14,SMB,Europe,Business,Referral,18,411.96,231,15.9,1,25.9,0.487,1,1,2025-12-24,2025-12-31,304.46,1,2025-06-12,2025-06-12,304.46,1,12.8,0,202.0,0,62.9
C003963,2024-07-28,SMB,Europe,Free,Paid Search,24,0.0,521,24.0,3,13.1,0.369,0,0,,2025-12-31,84.06,13,2025-10-15,2024-11-26,6.47,3,13.4,1,77.0,0,64.3
C003964,2023-06-25,Mid-Market,North America,Free,Sales,25,0.0,920,9.0,1,59.1,0.458,0,0,,2025-12-31,217.9,28,2025-11-10,2023-06-30,7.78,1,16.5,0,51.0,0,61.2
C003965,2022-10-13,SMB,APAC,Starter,Organic,13,59.05,1175,13.0,0,47.9,0.315,1,0,,2025-12-31,849.5,15,2025-12-29,2022-11-19,56.63,0,0.0,0,2.0,1,58.8
C003966,2025-05-02,Startup,APAC,Business,Organic,5,407.11,243,7.0,3,22.9,0.327,0,0,,2025-12-31,1770.3400000000001,4,2025-12-06,2025-05-10,442.58,3,14.3,0,25.0,1,48.8
C003967,2025-01-27,Mid-Market,Europe,Pro,Referral,48,147.34,338,0.0,1,48.1,0.093,0,0,,2025-12-31,1252.9,9,2025-12-28,2025-01-29,139.21,1,3.4,0,3.0,1,41.1
C003968,2022-12-12,SMB,North America,Enterprise,Referral,18,1231.46,1115,8.0,0,32.3,0.217,0,0,,2025-12-31,36755.61,31,2025-12-31,2022-12-19,1185.66,1,2.5,0,0.0,1,51.9
C003969,2024-04-23,Startup,APAC,Starter,Referral,3,45.52,617,2.0,3,28.3,0.373,0,0,,2025-12-31,660.02,16,2025-12-05,2024-08-26,41.25,3,41.4,0,26.0,1,46.3
C003970,2024-06-03,Startup,APAC,Starter,Organic,5,53.21,576,10.0,1,33.6,0.303,0,0,,2025-12-31,795.92,15,2025-11-30,2024-06-27,53.06,1,11.4,0,31.0,1,54.9
C003971,2023-11-14,SMB,North America,Starter,Paid Search,15,44.3,778,1.0,1,79.3,0.433,0,0,,2025-12-31,750.78,17,2025-12-30,2024-01-04,44.16,1,43.4,0,1.0,1,55.3
C003972,2025-08-18,SMB,North America,Business,Partner,10,410.69,135,8.0,1,51.1,0.23,0,0,,2025-12-31,2016.78,5,2025-12-06,2025-08-21,403.36,3,17.4,0,25.0,1,52.7
C003973,2022-06-27,Startup,North America,Starter,Sales,1,42.66,1283,20.0,0,27.5,0.464,1,0,,2025-12-31,1206.86,30,2025-09-18,2022-07-21,40.23,0,0.0,0,104.0,1,67.5
C003974,2023-01-04,SMB,North America,Enterprise,Organic,22,1097.2,1092,23.0,1,57.3,0.492,0,0,,2025-12-31,23310.67,21,2025-11-01,2023-02-26,1110.03,3,17.6,0,60.0,1,74.5
C003975,2022-05-16,Enterprise,North America,Pro,Partner,253,159.5,1325,24.0,0,56.4,0.156,0,0,,2025-12-31,7208.28,44,2025-12-10,2022-05-26,163.82,1,10.7,0,21.0,1,66.7
C003976,2024-09-17,Enterprise,North America,Business,Organic,212,475.59,470,15.0,2,41.5,0.54,1,0,,2025-12-31,2954.81,6,2025-11-30,2025-01-04,492.47,2,12.3,0,31.0,1,63.7
C003977,2024-07-09,SMB,North America,Business,Referral,9,438.38,540,15.0,0,26.8,0.4,0,0,,2025-12-31,4117.74,9,2025-11-30,2024-07-15,457.53,0,0.0,0,31.0,1,63.1
C003978,2025-11-12,SMB,APAC,Pro,Organic,12,175.41,49,6.1,3,25.1,0.308,1,1,2025-12-12,2025-12-31,244.06,1,2025-11-18,2025-11-18,244.06,3,7.4,0,43.0,0,45.7
C003979,2024-02-15,Mid-Market,APAC,Business,Sales,65,423.15,685,15.0,2,8.1,0.362,1,0,,2025-12-31,8470.17,20,2025-12-16,2024-03-17,423.51,2,14.0,0,15.0,1,55.1
C003980,2022-08-04,Mid-Market,APAC,Starter,Organic,41,47.33,1245,2.0,1,39.5,0.653,0,0,,2025-12-31,1194.01,26,2025-12-27,2022-09-01,45.92,2,7.2,0,4.0,1,58.8
C003981,2023-10-07,SMB,Europe,Business,Partner,18,368.73,816,26.0,0,19.8,0.42,1,0,,2025-12-31,8687.41,23,2025-08-09,2023-10-10,377.71,1,3.7,1,144.0,1,70.8
C003982,2022-05-07,SMB,Europe,Business,Referral,23,392.0,1334,17.0,0,24.1,0.248,0,0,,2025-12-31,6985.3099999999995,19,2025-10-19,2022-06-29,367.65,1,9.4,0,73.0,1,60.0
C003983,2024-08-17,Startup,North America,Pro,Organic,6,154.92,501,18.0,0,50.6,0.197,0,0,,2025-12-31,253.38,2,2025-10-07,2025-04-01,126.69,1,62.2,0,85.0,1,62.0
C003984,2024-08-22,SMB,APAC,Starter,Organic,8,47.75,496,2.0,1,77.2,0.448,1,0,,2025-12-31,314.62,7,2025-11-09,2025-01-12,44.95,1,9.0,0,52.0,1,54.4
C003985,2025-05-11,Startup,North America,Enterprise,Partner,2,1321.62,234,3.1,0,44.4,0.3,1,1,2025-11-06,2025-12-31,9694.06,7,2025-11-02,2025-05-31,1384.87,0,0.0,0,59.0,0,49.2
C003986,2023-05-01,Startup,Europe,Enterprise,Partner,1,1274.89,975,12.0,1,32.4,0.522,0,0,,2025-12-31,26786.07,21,2025-11-29,2023-05-23,1275.53,1,9.5,0,32.0,1,63.1
C003987,2023-03-20,Mid-Market,LATAM,Pro,Referral,51,157.31,1017,22.0,1,34.5,0.331,0,0,,2025-12-31,2865.41,19,2025-11-27,2023-03-31,150.81,1,11.9,0,34.0,1,66.5
C003988,2022-04-12,SMB,APAC,Enterprise,Partner,11,1340.36,1359,10.0,4,63.4,0.3,1,0,,2025-12-31,44364.61,32,2025-12-22,2022-07-17,1386.39,4,20.0,0,9.0,1,51.3
C003989,2023-08-17,Enterprise,North America,Pro,Organic,271,163.76,867,9.0,4,44.7,0.411,1,0,,2025-12-31,2896.23,17,2025-10-09,2023-08-29,170.37,4,7.6,0,83.0,1,51.8
C003990,2023-11-11,Startup,APAC,Starter,Sales,1,42.88,781,19.0,1,39.8,0.336,0,0,,2025-12-31,718.56,16,2025-12-11,2023-11-24,44.91,1,15.4,0,20.0,1,64.5
C003991,2024-12-14,Mid-Market,North America,Pro,Organic,32,170.77,382,0.0,3,41.6,0.378,0,1,2025-03-14,2025-12-31,1085.68,6,2025-03-11,2024-12-25,180.95,3,5.1,0,295.0,0,46.0
C003992,2024-12-13,SMB,North America,Free,Partner,6,0.0,383,20.0,2,-0.7,0.079,0,0,,2025-12-31,43.73,9,2025-12-21,2025-01-27,4.86,2,6.7,1,10.0,0,52.2
C003993,2022-07-20,Startup,North America,Pro,Sales,5,155.33,1260,0.0,0,44.8,0.163,0,0,,2025-12-31,4516.55,26,2025-09-28,2023-01-03,173.71,1,10.5,0,94.0,1,44.4
C003994,2023-02-12,Mid-Market,North America,Pro,Sales,54,143.86,1053,6.0,0,13.1,0.369,0,0,,2025-12-31,3452.11,24,2025-12-21,2023-05-31,143.84,1,6.4,0,10.0,1,52.7
C003995,2024-01-02,Startup,APAC,Free,Organic,7,0.0,729,13.0,1,44.9,0.288,0,0,,2025-12-31,53.91,13,2025-11-23,2024-06-09,4.15,1,34.1,0,38.0,0,58.2
C003996,2023-04-25,Enterprise,North America,Starter,Organic,432,50.99,981,5.0,0,16.6,0.356,0,0,,2025-12-31,927.65,19,2025-10-22,2023-06-02,48.82,0,0.0,0,70.0,1,51.8
C003997,2022-02-06,SMB,North America,Pro,Partner,8,177.56,1424,0.0,0,49.8,0.265,0,0,,2025-12-31,3917.5299999999997,23,2025-08-20,2022-02-28,170.33,0,0.0,0,133.0,1,47.9
C003998,2025-04-24,SMB,LATAM,Business,Paid Search,11,414.45,251,11.0,0,31.2,0.092,0,0,,2025-12-31,2609.2000000000003,6,2025-10-04,2025-05-13,434.87,0,0.0,0,88.0,1,50.7
C003999,2024-11-11,Mid-Market,Europe,Enterprise,Referral,62,1410.52,415,19.0,2,6.4,0.463,1,0,,2025-12-31,13595.85,10,2025-12-29,2024-11-19,1359.58,2,7.4,0,2.0,1,61.5
C004000,2024-01-14,SMB,North America,Starter,Paid Search,7,52.13,717,6.0,2,27.7,0.458,1,0,,2025-12-31,1041.5,19,2025-12-24,2024-04-05,54.82,3,10.9,0,7.0,1,51.9
C004001,2023-03-31,Startup,Europe,Business,Organic,1,443.44,1006,1.6,1,90.1,0.394,0,1,2024-08-13,2025-12-31,4988.51,12,2024-06-16,2023-08-14,415.71,1,17.2,0,563.0,0,55.8
C004002,2025-04-20,Mid-Market,Europe,Starter,Paid Search,28,51.74,255,18.0,0,-21.8,0.259,0,0,,2025-12-31,236.42000000000002,4,2025-10-19,2025-05-10,59.1,2,28.4,0,73.0,1,56.7
C004003,2022-02-20,SMB,Europe,Free,Partner,10,0.0,1410,26.0,0,39.2,0.409,0,0,,2025-12-31,192.34,29,2025-10-31,2022-05-13,6.63,0,0.0,0,61.0,0,74.4
C004004,2023-10-01,Startup,Europe,Pro,Referral,4,152.99,822,14.0,2,9.7,0.385,0,0,,2025-12-31,2793.3,17,2025-11-25,2023-12-07,164.31,2,11.3,0,36.0,1,57.0
C004005,2025-02-19,SMB,APAC,Starter,Paid Search,14,58.52,315,15.0,0,69.4,0.378,0,0,,2025-12-31,444.59000000000003,7,2025-12-25,2025-02-21,63.51,0,0.0,0,6.0,1,66.7
C004006,2025-09-24,Enterprise,North America,Business,Organic,246,393.63,98,23.0,1,55.4,0.252,0,0,,2025-12-31,897.3,2,2025-12-03,2025-10-08,448.65,1,7.5,0,28.0,1,67.1
C004007,2022-12-26,Startup,Europe,Starter,Paid Search,6,48.6,1101,1.0,1,39.6,0.264,0,0,,2025-12-31,1067.56,22,2025-09-03,2023-01-07,48.53,1,10.0,0,119.0,1,46.3
C004008,2024-07-19,Enterprise,North America,Starter,Partner,433,55.79,530,27.0,0,57.9,0.366,2,0,,2025-12-31,568.79,11,2025-12-02,2024-10-08,51.71,0,0.0,0,29.0,1,71.9
C004009,2022-09-29,SMB,APAC,Pro,Referral,7,136.09,1189,13.0,1,41.1,0.467,0,0,,2025-12-31,4582.93,32,2025-12-03,2022-12-05,143.22,2,9.8,1,28.0,1,63.2
C004010,2022-06-15,SMB,North America,Free,Referral,17,0.0,1295,10.0,1,35.2,0.607,0,0,,2025-12-31,185.75,30,2025-10-18,2022-06-18,6.19,2,16.8,0,74.0,0,64.2
C004011,2023-05-20,SMB,North America,Starter,Sales,21,57.83,956,17.0,2,20.0,0.789,0,0,,2025-12-31,865.02,15,2025-12-23,2023-05-29,57.67,2,28.2,0,8.0,1,72.8
C004012,2025-06-19,Mid-Market,LATAM,Starter,Paid Search,51,48.24,195,25.0,0,26.0,0.4,0,0,,2025-12-31,388.79,8,2025-12-30,2025-06-30,48.6,2,8.0,0,1.0,1,71.9
C004013,2024-09-12,Mid-Market,Europe,Starter,Sales,16,58.62,475,26.0,2,23.4,0.39,0,0,,2025-12-31,526.3,8,2025-12-31,2025-01-18,65.79,2,8.5,0,0.0,1,69.3
C004014,2023-12-01,SMB,North America,Business,Organic,17,436.52,761,21.0,0,35.3,0.663,1,0,,2025-12-31,5426.93,13,2025-10-22,2024-05-14,417.46,1,12.7,0,70.0,1,75.2
C004015,2023-02-09,Mid-Market,North America,Free,Partner,20,0.0,1056,13.0,1,-12.3,0.742,0,0,,2025-12-31,83.22,13,2025-12-26,2023-02-18,6.4,1,11.3,0,5.0,0,66.1
C004016,2022-07-22,SMB,North America,Pro,Paid Search,4,146.81,1258,4.0,0,60.7,0.295,1,0,,2025-12-31,2693.55,18,2025-11-10,2022-08-03,149.64,0,0.0,0,51.0,1,51.5
C004017,2023-01-23,SMB,LATAM,Pro,Referral,14,160.35,1073,5.0,1,83.7,0.221,0,0,,2025-12-31,3542.93,20,2025-12-04,2023-02-21,177.15,1,16.6,0,27.0,1,53.0
C004018,2022-08-07,SMB,Europe,Pro,Referral,23,146.97,1242,23.0,1,24.2,0.687,0,0,,2025-12-31,2467.94,17,2025-12-12,2022-11-26,145.17,1,6.3,0,19.0,1,77.1
C004019,2022-09-25,Mid-Market,North America,Pro,Organic,17,135.62,1193,3.0,0,64.4,0.416,1,0,,2025-12-31,2585.9,19,2025-12-06,2022-10-08,136.1,0,0.0,0,25.0,1,54.6
C004020,2024-09-10,Mid-Market,Europe,Pro,Sales,63,172.8,477,13.0,2,31.6,0.017,0,0,,2025-12-31,1215.6,9,2025-11-17,2025-01-08,135.07,2,23.4,0,44.0,1,47.3
C004021,2022-07-09,Startup,Europe,Business,Sales,1,460.09,1271,11.0,1,19.9,0.206,2,0,,2025-12-31,11324.03,26,2025-12-19,2022-08-20,435.54,1,8.8,0,12.0,1,47.5
C004022,2022-03-09,SMB,North America,Starter,Sales,5,44.5,1393,19.0,3,25.5,0.664,0,0,,2025-12-31,1060.95,25,2025-09-06,2022-03-20,42.44,3,35.1,0,116.0,1,69.9
C004023,2024-02-15,Enterprise,APAC,Business,Paid Search,471,461.03,685,9.0,1,37.1,0.532,0,0,,2025-12-31,3272.17,7,2025-11-18,2024-06-20,467.45,1,17.0,0,43.0,1,61.2
C004024,2023-02-14,Mid-Market,North America,Free,Sales,63,0.0,1051,19.0,0,17.0,0.377,2,0,,2025-12-31,189.1,21,2025-12-14,2023-06-16,9.0,1,7.0,0,17.0,0,61.0
C004025,2023-10-13,Mid-Market,APAC,Pro,Referral,35,153.68,810,14.0,1,50.2,0.231,1,0,,2025-12-31,3068.38,20,2025-10-01,2023-10-14,153.42,1,14.2,0,91.0,1,56.0
C004026,2022-07-19,Startup,APAC,Pro,Partner,7,145.05,1261,24.0,3,22.0,0.112,0,0,,2025-12-31,2562.95,17,2025-10-24,2022-09-06,150.76,4,9.6,0,68.0,1,57.5
C004027,2022-10-28,Mid-Market,North America,Starter,Paid Search,42,45.86,1160,5.0,1,8.2,0.271,0,0,,2025-12-31,1473.45,32,2025-11-30,2022-11-30,46.05,2,10.6,1,31.0,1,46.9
C004028,2023-09-23,Enterprise,APAC,Free,Referral,415,0.0,830,10.9,1,34.5,0.324,1,1,2024-12-27,2025-12-31,81.56,11,2024-12-27,2023-12-11,7.41,1,9.0,0,369.0,0,54.4
C004029,2024-09-13,SMB,APAC,Free,Referral,20,0.0,474,20.0,0,17.7,0.767,2,0,,2025-12-31,32.3,6,2025-09-18,2025-01-18,5.38,0,0.0,0,104.0,0,73.6
C004030,2023-08-16,Enterprise,Europe,Free,Partner,122,0.0,868,23.0,1,26.8,0.543,0,0,,2025-12-31,123.4,13,2025-09-25,2023-10-23,9.49,1,33.1,0,97.0,0,73.0
C004031,2024-02-14,Mid-Market,Europe,Pro,Sales,56,164.8,686,13.0,0,33.6,0.252,0,0,,2025-12-31,1634.86,10,2025-09-24,2024-07-12,163.49,3,4.5,0,98.0,1,57.5
C004032,2024-01-17,Startup,North America,Starter,Organic,5,44.41,714,8.0,2,1.5,0.357,0,0,,2025-12-31,765.55,18,2025-10-23,2024-01-23,42.53,2,9.4,0,69.0,1,50.0
C004033,2023-01-20,SMB,North America,Business,Partner,11,405.72,1076,14.0,2,71.5,0.173,0,0,,2025-12-31,8050.11,20,2025-10-24,2023-07-21,402.51,2,21.5,1,68.0,1,56.8
C004034,2023-02-04,Enterprise,APAC,Business,Paid Search,295,501.01,1061,27.0,1,55.3,0.624,0,0,,2025-12-31,13959.37,26,2025-12-12,2023-03-10,536.9,1,7.8,0,19.0,1,81.9
C004035,2023-09-01,SMB,North America,Starter,Paid Search,8,51.93,852,2.8,2,19.2,0.207,0,1,2024-12-23,2025-12-31,671.58,13,2024-12-10,2024-03-05,51.66,2,3.9,0,386.0,0,42.6
C004036,2022-02-15,Mid-Market,North America,Starter,Paid Search,31,50.8,1415,18.0,2,34.5,0.313,0,0,,2025-12-31,2377.82,46,2025-11-11,2022-03-11,51.69,2,3.6,0,50.0,1,60.9
C004037,2024-09-07,Mid-Market,Europe,Starter,Paid Search,73,48.63,480,6.0,1,50.9,0.552,0,0,,2025-12-31,601.55,13,2025-11-10,2024-09-08,46.27,1,14.2,0,51.0,1,60.5
C004038,2024-05-28,SMB,North America,Business,Paid Search,23,392.22,582,21.0,3,40.2,0.664,0,0,,2025-12-31,3065.13,8,2025-11-23,2024-06-06,383.14,3,8.7,1,38.0,1,73.2
C004039,2023-03-14,SMB,APAC,Starter,Organic,21,56.78,1023,11.0,0,82.0,0.499,0,0,,2025-12-31,1688.14,29,2025-09-08,2023-03-17,58.21,0,0.0,0,114.0,1,68.0
C004040,2023-06-19,SMB,APAC,Free,Organic,12,0.0,926,24.0,1,29.0,0.512,0,0,,2025-12-31,111.66,21,2025-12-20,2023-07-01,5.32,1,3.5,1,11.0,0,73.2
C004041,2023-04-16,Startup,APAC,Enterprise,Referral,2,1163.25,990,4.0,1,64.7,0.341,0,0,,2025-12-31,20349.989999999998,19,2025-12-31,2023-06-18,1071.05,1,15.8,0,0.0,1,53.8
C004042,2024-07-20,Mid-Market,North America,Pro,Paid Search,25,177.65,529,3.0,2,1.6,0.386,0,0,,2025-12-31,1611.32,9,2025-11-30,2024-10-05,179.04,3,29.8,1,31.0,1,46.4
C004043,2024-12-22,Startup,Europe,Starter,Organic,6,43.58,374,26.0,0,5.5,0.519,0,0,,2025-12-31,167.64000000000001,3,2025-09-30,2025-04-23,55.88,1,17.2,0,92.0,1,74.3
C004044,2022-06-05,SMB,APAC,Business,Organic,7,448.31,1305,9.0,1,77.1,0.314,0,0,,2025-12-31,10267.42,23,2025-10-02,2022-09-07,446.41,1,18.3,0,90.0,1,58.7
C004045,2023-08-15,Mid-Market,North America,Enterprise,Organic,50,1306.06,869,2.0,2,24.2,0.075,0,0,,2025-12-31,25265.16,18,2025-12-16,2023-08-16,1403.62,2,27.9,0,15.0,1,38.5
C004046,2022-01-20,Startup,APAC,Pro,Organic,4,172.0,1441,23.0,2,5.8,0.394,0,0,,2025-12-31,5119.29,31,2025-12-10,2022-01-27,165.14,2,6.0,0,21.0,1,64.9
C004047,2023-10-09,Enterprise,Europe,Starter,Sales,424,61.12,814,11.0,2,33.8,0.147,0,0,,2025-12-31,837.73,14,2025-09-11,2023-11-20,59.84,3,10.7,1,111.0,1,49.6
C004048,2022-12-22,SMB,North America,Pro,Partner,10,147.67,1105,25.0,2,66.6,0.606,0,0,,2025-12-31,3423.38,24,2025-11-01,2023-04-07,142.64,3,9.1,0,60.0,1,79.2
C004049,2023-04-26,SMB,North America,Starter,Paid Search,16,44.55,980,12.0,0,15.9,0.556,0,0,,2025-12-31,895.7,20,2025-12-05,2023-05-17,44.78,0,0.0,0,26.0,1,64.0
C004050,2023-10-15,Mid-Market,Europe,Pro,Paid Search,50,178.65,808,21.0,1,34.0,0.323,0,0,,2025-12-31,3334.86,17,2025-12-29,2023-12-19,196.17,1,8.9,0,2.0,1,65.3
C004051,2023-04-08,Startup,North America,Starter,Organic,7,56.04,998,16.0,3,-11.4,0.234,1,0,,2025-12-31,1160.04,22,2025-11-03,2023-06-01,52.73,3,17.2,0,58.0,1,48.7
C004052,2023-07-18,Mid-Market,APAC,Pro,Referral,40,143.74,897,13.0,1,23.3,0.212,2,0,,2025-12-31,2285.4,15,2025-12-24,2023-07-18,152.36,2,4.7,0,7.0,1,49.8
C004053,2024-12-29,Startup,Europe,Business,Sales,5,417.42,367,13.0,2,59.9,0.513,1,0,,2025-12-31,2528.0,6,2025-11-06,2025-01-01,421.33,2,8.6,0,55.0,1,63.0
C004054,2025-03-04,Enterprise,North America,Enterprise,Organic,196,1277.21,302,7.0,0,15.4,0.517,0,0,,2025-12-31,13773.82,10,2025-12-18,2025-03-04,1377.38,1,24.4,0,13.0,1,58.3
C004055,2022-01-09,Mid-Market,APAC,Business,Organic,24,453.62,1452,20.0,0,3.2,0.626,0,0,,2025-12-31,12402.49,27,2025-12-02,2022-02-23,459.35,1,32.7,0,29.0,1,72.0
C004056,2023-06-25,Mid-Market,Europe,Free,Partner,46,0.0,920,14.0,1,15.6,0.862,0,0,,2025-12-31,110.74000000000001,17,2025-06-03,2023-07-06,6.51,1,8.2,0,211.0,0,73.4
C004057,2025-04-26,Startup,North America,Starter,Organic,1,51.54,249,0.0,2,19.8,0.545,2,1,2025-11-05,2025-12-31,471.7,9,2025-11-05,2025-05-17,52.41,2,17.2,0,56.0,0,46.3
C004058,2024-01-29,Mid-Market,LATAM,Pro,Organic,30,180.71,702,11.0,1,54.1,0.672,2,0,,2025-12-31,2212.9,12,2025-12-16,2024-06-14,184.41,1,14.1,0,15.0,1,64.9
C004059,2022-10-21,Startup,APAC,Starter,Partner,4,43.77,1167,11.0,2,44.5,0.415,0,0,,2025-12-31,1053.33,22,2025-11-15,2022-10-26,47.88,2,36.0,0,46.0,1,58.7
C004060,2024-04-28,Mid-Market,Europe,Free,Partner,25,0.0,612,24.0,0,49.3,0.559,0,0,,2025-12-31,100.78,13,2025-12-17,2024-05-08,7.75,1,7.6,0,14.0,0,78.1
C004061,2022-07-27,SMB,APAC,Business,Organic,11,399.87,1253,11.0,4,35.7,0.544,0,0,,2025-12-31,9370.93,26,2025-10-20,2023-02-10,360.42,5,9.3,1,72.0,1,58.7
C004062,2022-02-01,Mid-Market,Europe,Starter,Referral,21,48.2,1429,15.0,2,19.5,0.19,0,0,,2025-12-31,1379.21,28,2025-09-21,2022-02-14,49.26,3,14.6,1,101.0,1,53.0
C004063,2024-06-23,Enterprise,Europe,Free,Organic,350,0.0,556,0.8,2,15.6,0.068,0,1,2025-11-05,2025-12-31,74.68,14,2025-11-03,2024-08-17,5.33,2,42.0,0,58.0,0,36.3
C004064,2024-01-07,Startup,North America,Pro,Paid Search,2,135.24,724,10.0,1,45.8,0.739,0,0,,2025-12-31,1865.38,14,2025-12-18,2024-04-02,133.24,2,12.4,0,13.0,1,69.2
C004065,2024-12-17,SMB,North America,Enterprise,Referral,10,1258.26,379,1.7,1,74.7,0.255,1,1,2025-03-23,2025-12-31,4294.2,3,2025-02-22,2024-12-25,1431.4,1,18.0,0,312.0,0,48.1
C004066,2023-05-09,SMB,Europe,Pro,Partner,16,148.99,967,13.0,0,11.5,0.333,0,0,,2025-12-31,2364.14,16,2025-11-09,2023-05-15,147.76,0,0.0,0,52.0,1,57.7
C004067,2025-05-06,SMB,Europe,Starter,Partner,20,53.38,239,25.0,2,9.6,0.646,0,0,,2025-12-31,143.09,3,2025-12-23,2025-06-22,47.7,2,7.1,0,8.0,1,74.7
C004068,2023-08-26,SMB,APAC,Pro,Partner,17,154.13,858,26.0,2,6.6,0.168,0,0,,2025-12-31,2444.11,17,2025-10-29,2023-11-03,143.77,2,13.3,0,63.0,1,60.9
C004069,2024-11-21,SMB,Europe,Enterprise,Partner,17,1080.71,405,8.0,0,55.8,0.41,1,0,,2025-12-31,4738.04,5,2025-12-22,2025-01-01,947.61,2,27.6,0,9.0,1,58.0
C004070,2022-05-24,Startup,Europe,Free,Referral,4,0.0,1317,17.0,3,33.9,0.262,0,0,,2025-12-31,180.21,34,2025-12-29,2022-08-12,5.3,3,33.1,0,2.0,0,56.9
C004071,2022-05-19,SMB,APAC,Pro,Partner,18,160.21,1322,26.0,2,48.9,0.197,3,0,,2025-12-31,3934.09,22,2025-10-27,2022-10-02,178.82,4,10.0,0,65.0,1,60.0
C004072,2025-01-24,SMB,LATAM,Pro,Paid Search,18,174.08,341,6.0,1,22.3,0.293,0,0,,2025-12-31,2011.31,13,2025-12-22,2025-02-03,154.72,2,20.0,0,9.0,1,49.9
C004073,2025-04-07,SMB,North America,Pro,Referral,9,145.99,268,12.0,1,50.5,0.29,1,0,,2025-12-31,1427.82,9,2025-12-11,2025-05-20,158.65,2,15.4,0,20.0,1,56.0
C004074,2025-09-09,SMB,LATAM,Starter,Organic,9,54.98,113,14.0,1,27.8,0.622,0,0,,2025-12-31,61.51,1,2025-11-20,2025-11-20,61.51,1,4.8,0,41.0,1,67.4
C004075,2023-04-10,SMB,APAC,Enterprise,Referral,4,1378.34,996,0.0,1,-3.6,0.287,0,0,,2025-12-31,27741.81,20,2025-12-31,2023-04-18,1387.09,1,6.2,0,0.0,1,41.8
C004076,2022-02-01,SMB,North America,Starter,Organic,19,54.91,1429,13.0,1,58.1,0.441,1,0,,2025-12-31,1663.27,28,2025-12-23,2022-04-30,59.4,1,7.8,0,8.0,1,62.1
C004077,2025-11-02,SMB,North America,Free,Paid Search,3,0.0,59,3.0,0,34.1,0.578,1,0,,2025-12-31,22.02,2,2025-11-28,2025-11-26,11.01,0,0.0,0,33.0,0,56.4
C004078,2024-05-09,SMB,North America,Free,Referral,17,0.0,601,8.0,0,27.2,0.553,0,0,,2025-12-31,97.27,16,2025-11-09,2024-07-30,6.08,0,0.0,0,52.0,0,61.5
C004079,2022-12-20,Startup,Europe,Pro,Partner,3,148.55,1107,3.0,0,42.0,0.196,0,0,,2025-12-31,3274.51,21,2025-11-17,2023-04-26,155.93,0,0.0,0,44.0,1,47.8
C004080,2024-12-28,Startup,Europe,Free,Organic,7,0.0,368,20.0,1,-1.1,0.322,0,0,,2025-12-31,40.41,8,2025-12-31,2025-01-27,5.05,1,5.7,0,0.0,0,60.9
C004081,2025-07-16,Startup,Europe,Business,Paid Search,7,395.56,168,23.0,1,45.8,0.406,0,0,,2025-12-31,1978.31,5,2025-12-21,2025-10-05,395.66,1,9.9,0,10.0,1,70.8
C004082,2023-02-12,SMB,APAC,Business,Referral,6,439.51,1053,7.0,0,20.1,0.78,0,0,,2025-12-31,7926.26,19,2025-12-27,2023-07-17,417.17,2,23.3,0,4.0,1,66.7
C004083,2025-01-05,SMB,North America,Free,Sales,20,0.0,360,0.3,3,31.1,0.455,0,1,2025-12-04,2025-12-31,52.38,11,2025-11-30,2025-02-07,4.76,5,14.5,0,31.0,0,47.5
C004084,2025-01-31,Mid-Market,North America,Business,Paid Search,77,394.82,334,13.0,0,63.5,0.128,0,0,,2025-12-31,2750.5699999999997,8,2025-09-28,2025-02-27,343.82,1,80.7,0,94.0,1,56.8
C004085,2023-12-19,SMB,APAC,Enterprise,Organic,23,1390.32,743,3.0,0,51.1,0.15,0,0,,2025-12-31,35551.03,26,2025-10-28,2024-02-14,1367.35,0,0.0,0,64.0,1,47.3
C004086,2024-06-23,Mid-Market,LATAM,Free,Paid Search,66,0.0,556,12.0,2,30.6,0.436,0,0,,2025-12-31,117.10000000000001,18,2025-12-17,2024-07-14,6.51,4,17.9,0,14.0,0,58.9
C004087,2023-01-21,Enterprise,APAC,Pro,Paid Search,263,161.93,1075,15.0,1,32.5,0.562,1,0,,2025-12-31,4292.87,26,2025-08-03,2023-02-24,165.11,1,6.2,0,150.0,1,65.0
C004088,2025-08-21,Startup,North America,Enterprise,Organic,5,1087.84,132,4.0,1,-29.0,0.467,1,1,2025-10-27,2025-12-31,1712.7800000000002,2,2025-10-05,2025-08-30,856.39,2,14.8,0,87.0,0,46.2
C004089,2025-11-06,Startup,North America,Business,Referral,5,448.95,55,14.0,2,14.5,0.437,0,0,,2025-12-31,552.59,1,2025-12-19,2025-12-19,552.59,2,8.5,1,12.0,1,59.1
C004090,2025-11-03,SMB,North America,Pro,Paid Search,20,138.37,58,15.0,0,39.2,0.349,1,0,,2025-12-31,169.81,1,2025-11-16,2025-11-16,169.81,0,0.0,0,45.0,1,60.8
C004091,2024-11-20,Mid-Market,Europe,Business,Paid Search,55,440.41,406,4.0,0,15.9,0.234,0,0,,2025-12-31,1853.86,5,2025-08-18,2024-12-24,370.77,0,0.0,0,135.0,1,47.2
C004092,2022-03-02,SMB,North America,Pro,Paid Search,12,168.85,1400,19.0,1,1.8,0.432,0,0,,2025-12-31,5026.43,31,2025-10-28,2022-05-15,162.14,3,14.9,0,64.0,1,63.6
C004093,2023-06-09,SMB,LATAM,Starter,Organic,24,46.29,936,18.0,2,47.0,0.572,0,0,,2025-12-31,1128.61,23,2025-12-06,2023-06-12,49.07,2,14.2,0,25.0,1,69.9
C004094,2023-09-29,Startup,Europe,Starter,Paid Search,7,48.02,824,4.0,1,67.7,0.365,0,0,,2025-12-31,999.86,21,2025-11-21,2023-11-27,47.61,1,28.0,0,40.0,1,54.8
C004095,2025-10-04,Startup,Europe,Pro,Paid Search,4,176.36,88,3.8,0,17.0,0.294,0,1,2025-11-28,2025-12-31,433.47,2,2025-11-05,2025-10-16,216.74,2,5.8,0,56.0,0,48.9
C004096,2024-02-22,Mid-Market,North America,Starter,Paid Search,64,52.23,678,3.9,1,56.9,0.702,2,1,2025-01-18,2025-12-31,309.64,6,2025-01-16,2024-03-12,51.61,1,13.7,0,349.0,0,59.7
C004097,2024-02-06,Mid-Market,North America,Starter,Partner,49,54.08,694,11.0,0,53.1,0.143,0,0,,2025-12-31,1030.45,17,2025-10-12,2024-03-28,60.61,0,0.0,0,80.0,1,54.4
C004098,2022-07-29,Mid-Market,Europe,Starter,Paid Search,63,58.87,1251,21.0,2,10.6,0.649,0,0,,2025-12-31,1182.13,21,2025-11-27,2022-08-30,56.29,2,20.9,0,34.0,1,71.3
C004099,2025-02-09,Enterprise,APAC,Business,Partner,216,494.96,325,16.0,1,16.8,0.226,0,0,,2025-12-31,4118.5,8,2025-12-11,2025-03-20,514.81,2,20.8,2,20.0,1,56.2
C004100,2023-04-26,Mid-Market,North America,Pro,Sales,23,150.91,980,25.0,2,80.1,0.366,0,0,,2025-12-31,4185.83,27,2025-12-07,2023-04-27,155.03,4,30.3,0,24.0,1,73.3
C004101,2022-05-12,Enterprise,APAC,Starter,Paid Search,254,60.02,1329,15.0,1,7.1,0.357,0,0,,2025-12-31,1612.25,30,2025-10-31,2022-05-25,53.74,3,5.0,0,61.0,1,58.3
C004102,2025-11-13,Enterprise,North America,Starter,Paid Search,99,50.7,48,0.4,1,19.8,0.296,0,1,2025-12-17,2025-12-31,120.46000000000001,2,2025-12-02,2025-11-14,60.23,1,78.1,0,29.0,0,44.7
C004103,2022-09-29,Mid-Market,North America,Free,Referral,58,0.0,1189,19.0,1,84.1,0.169,1,0,,2025-12-31,100.28,21,2025-11-23,2023-05-18,4.78,2,26.7,0,38.0,0,61.9
C004104,2022-01-24,Mid-Market,LATAM,Free,Paid Search,52,0.0,1437,2.0,0,20.8,0.237,1,0,,2025-12-31,118.14,22,2025-10-21,2022-02-13,5.37,0,0.0,0,71.0,0,44.0
C004105,2022-04-22,SMB,North America,Pro,Paid Search,24,162.41,1349,9.0,0,68.8,0.164,0,0,,2025-12-31,3752.2799999999997,23,2025-11-11,2022-12-22,163.14,0,0.0,0,50.0,1,54.8
C004106,2023-10-10,Enterprise,North America,Free,Referral,374,0.0,813,26.0,1,9.4,0.584,0,0,,2025-12-31,58.46,15,2025-09-04,2023-11-12,3.9,2,12.7,1,118.0,0,75.2
C004107,2022-05-28,Startup,Europe,Enterprise,Partner,5,1268.94,1313,27.0,2,38.5,0.096,2,0,,2025-12-31,21301.32,18,2025-04-28,2022-07-06,1183.41,2,13.1,1,247.0,1,58.8
C004108,2025-04-19,Mid-Market,North America,Starter,Sales,79,47.06,256,4.0,1,62.1,0.177,0,0,,2025-12-31,170.86,4,2025-12-08,2025-07-03,42.72,1,8.0,0,23.0,1,48.6
C004109,2024-01-03,Enterprise,North America,Free,Paid Search,448,0.0,728,27.0,2,23.3,0.301,0,0,,2025-12-31,25.1,14,2025-09-08,2024-01-19,1.79,2,23.0,0,114.0,0,67.5
C004110,2023-04-09,Enterprise,North America,Business,Paid Search,377,395.5,997,27.0,1,37.5,0.612,0,0,,2025-12-31,8431.49,21,2025-10-23,2023-04-24,401.5,1,7.5,0,69.0,1,79.7
C004111,2022-01-05,SMB,North America,Starter,Organic,5,43.96,1456,24.0,0,53.6,0.842,0,0,,2025-12-31,1311.41,30,2025-12-29,2022-02-18,43.71,0,0.0,0,2.0,1,87.0
C004112,2023-11-18,Mid-Market,Europe,Starter,Organic,69,53.05,774,23.0,1,12.5,0.502,0,0,,2025-12-31,1211.56,24,2025-11-30,2023-12-19,50.48,1,10.5,0,31.0,1,70.3
C004113,2022-08-05,SMB,North America,Free,Paid Search,11,0.0,1244,2.0,1,91.0,0.408,0,0,,2025-12-31,164.48000000000002,27,2025-12-23,2022-11-10,6.09,1,21.5,0,8.0,0,56.6
C004114,2025-10-30,Enterprise,APAC,Pro,Organic,112,155.76,62,3.0,0,60.9,0.206,0,0,,2025-12-31,281.26,2,2025-12-09,2025-11-09,140.63,1,7.7,0,22.0,1,49.9
C004115,2023-02-21,Startup,APAC,Starter,Paid Search,1,51.57,1044,17.0,0,26.1,0.517,0,0,,2025-12-31,1167.26,21,2025-11-22,2023-03-08,55.58,1,6.8,0,39.0,1,68.3
C004116,2023-11-11,Mid-Market,North America,Business,Organic,50,425.96,781,2.0,1,29.1,0.401,0,0,,2025-12-31,6308.78,16,2025-11-18,2023-12-30,394.3,1,17.1,0,43.0,1,50.2
C004117,2022-01-27,SMB,North America,Pro,Organic,13,160.01,1434,7.0,2,82.8,0.05,1,0,,2025-12-31,3682.54,22,2025-12-02,2022-02-12,167.39,3,19.2,0,29.0,1,46.0
C004118,2022-07-07,Startup,North America,Business,Paid Search,5,434.76,1273,27.0,3,26.1,0.152,0,0,,2025-12-31,11359.68,26,2025-09-06,2022-08-29,436.91,5,13.9,0,116.0,1,61.8
C004119,2022-10-24,Mid-Market,North America,Pro,Partner,55,169.17,1164,25.0,1,23.2,0.798,0,0,,2025-12-31,3297.88,17,2025-07-03,2022-10-30,193.99,2,25.2,0,181.0,1,82.1
C004120,2022-03-15,Mid-Market,North America,Business,Paid Search,32,451.21,1387,7.0,0,63.7,0.575,1,0,,2025-12-31,13903.22,32,2025-10-25,2022-03-22,434.48,0,0.0,0,67.0,1,62.9
C004121,2024-11-04,Startup,APAC,Pro,Referral,4,151.73,422,15.0,1,-0.0,0.026,1,0,,2025-12-31,1167.92,8,2025-10-11,2024-12-06,145.99,1,11.9,0,81.0,1,45.7
C004122,2025-09-13,Mid-Market,North America,Pro,Organic,61,171.36,109,15.0,1,33.0,0.582,0,0,,2025-12-31,322.15999999999997,2,2025-11-16,2025-10-09,161.08,2,12.7,0,45.0,1,67.7
C004123,2025-11-10,Enterprise,Europe,Pro,Organic,163,152.75,51,7.0,0,37.1,0.412,1,0,,2025-12-31,209.53,2,2025-12-17,2025-11-21,104.76,0,0.0,0,14.0,1,55.3
C004124,2023-01-16,SMB,Europe,Pro,Sales,3,165.24,1080,6.0,1,17.4,0.442,1,0,,2025-12-31,4063.43,23,2025-12-08,2023-02-24,176.67,1,5.2,0,23.0,1,51.9
C004125,2025-02-01,Enterprise,APAC,Free,Sales,311,0.0,333,6.6,2,-4.1,0.459,1,1,2025-07-03,2025-12-31,22.3,3,2025-04-14,2025-02-02,7.43,2,6.7,0,261.0,0,49.3
C004126,2023-12-22,Startup,North America,Pro,Paid Search,1,169.03,740,16.0,0,36.7,0.409,0,0,,2025-12-31,2909.79,16,2025-11-22,2024-04-02,181.86,0,0.0,0,39.0,1,65.2
C004127,2022-03-07,SMB,North America,Starter,Paid Search,4,57.31,1395,22.0,1,52.2,0.394,0,0,,2025-12-31,1963.6,35,2025-12-23,2022-04-08,56.1,1,5.0,0,8.0,1,70.2
C004128,2022-05-10,SMB,LATAM,Pro,Referral,13,157.83,1331,23.0,0,18.0,0.274,0,0,,2025-12-31,4620.81,30,2025-07-28,2022-07-06,154.03,1,5.6,0,156.0,1,65.6
C004129,2024-02-23,Mid-Market,North America,Free,Paid Search,20,0.0,677,0.0,1,5.5,0.613,0,0,,2025-12-31,105.44,22,2025-12-26,2024-03-20,4.79,2,17.9,0,5.0,0,52.4
C004130,2023-08-29,SMB,Europe,Free,Organic,21,0.0,855,18.0,2,66.4,0.26,0,0,,2025-12-31,37.47,16,2025-10-28,2023-12-26,2.34,3,18.1,0,64.0,0,62.5
C004131,2022-01-12,SMB,Europe,Free,Organic,18,0.0,1449,17.0,0,48.2,0.515,0,0,,2025-12-31,122.64,28,2025-12-29,2022-02-24,4.38,0,0.0,0,2.0,0,70.4
C004132,2025-08-23,Enterprise,Europe,Starter,Organic,194,50.42,130,1.0,0,26.0,0.131,0,0,,2025-12-31,115.15,2,2025-11-18,2025-10-16,57.58,2,25.0,0,43.0,1,42.4
C004133,2024-11-10,Startup,North America,Free,Referral,2,0.0,416,14.6,0,58.0,0.328,0,1,2025-10-03,2025-12-31,68.53,8,2025-09-20,2025-02-28,8.57,0,0.0,0,102.0,0,63.7
C004134,2023-12-20,SMB,North America,Free,Partner,4,0.0,742,16.0,1,41.0,0.186,0,0,,2025-12-31,136.84,21,2025-11-02,2023-12-30,6.52,1,16.8,0,59.0,0,57.5
C004135,2025-11-12,SMB,Europe,Pro,Organic,15,146.88,49,20.0,0,79.7,0.49,0,0,,2025-12-31,196.99,1,2025-12-11,2025-12-11,196.99,1,12.2,0,20.0,1,75.5
C004136,2025-10-20,Mid-Market,Europe,Starter,Organic,26,48.45,72,18.0,1,51.6,0.51,0,0,,2025-12-31,94.05,2,2025-12-11,2025-11-18,47.02,2,9.9,0,20.0,1,70.0
C004137,2025-10-24,Mid-Market,APAC,Enterprise,Organic,62,1167.21,68,9.0,1,0.3,0.09,0,0,,2025-12-31,3055.17,3,2025-12-04,2025-10-31,1018.39,2,5.0,0,27.0,1,44.3
C004138,2023-01-06,SMB,APAC,Business,Referral,13,449.48,1090,5.0,2,18.5,0.752,0,0,,2025-12-31,13134.32,29,2025-12-22,2023-01-10,452.91,3,20.1,0,9.0,1,60.9
C004139,2025-06-13,SMB,LATAM,Free,Sales,18,0.0,201,2.0,1,19.7,0.598,0,1,2025-07-16,2025-12-31,5.71,1,2025-06-27,2025-06-27,5.71,1,4.2,0,187.0,0,55.2
C004140,2023-12-23,Mid-Market,LATAM,Starter,Paid Search,31,47.39,739,21.0,1,42.7,0.511,0,0,,2025-12-31,731.25,14,2025-12-21,2024-01-21,52.23,1,14.9,1,10.0,1,71.8
C004141,2024-11-04,Enterprise,APAC,Starter,Referral,169,60.65,422,5.3,1,27.4,0.276,1,1,2025-02-03,2025-12-31,254.49,4,2025-01-12,2024-11-20,63.62,3,28.1,0,353.0,0,47.3
C004142,2025-05-14,Startup,North America,Starter,Organic,7,46.54,231,17.0,2,6.8,0.376,0,0,,2025-12-31,127.71,4,2025-11-22,2025-07-15,31.93,2,38.9,0,39.0,1,59.1
C004143,2022-08-22,Mid-Market,Europe,Pro,Partner,53,141.91,1227,1.4,1,49.7,0.33,0,1,2024-05-17,2025-12-31,1957.74,14,2024-05-04,2022-10-31,139.84,2,10.6,0,606.0,0,49.6
C004144,2023-10-04,Mid-Market,Europe,Pro,Paid Search,43,178.46,819,0.0,0,60.0,0.457,1,0,,2025-12-31,3123.65,15,2025-11-12,2023-11-25,208.24,1,47.7,0,49.0,1,52.7
C004145,2022-07-04,SMB,Europe,Pro,Organic,4,173.32,1276,18.0,0,32.4,0.608,0,0,,2025-12-31,5124.51,30,2025-12-14,2022-07-29,170.82,1,49.9,0,17.0,1,72.6
C004146,2023-02-04,Enterprise,North America,Starter,Paid Search,325,49.16,1061,26.0,3,40.2,0.307,0,0,,2025-12-31,800.67,16,2025-11-20,2023-02-13,50.04,4,15.8,0,41.0,1,66.9
C004147,2023-08-15,Enterprise,Europe,Pro,Referral,384,150.64,869,5.2,2,10.8,0.534,1,1,2024-08-10,2025-12-31,1086.12,7,2024-07-18,2023-12-02,155.16,2,22.0,0,531.0,0,51.7
C004148,2025-05-08,Enterprise,North America,Starter,Organic,182,50.74,237,4.0,1,21.9,0.578,0,1,2025-10-21,2025-12-31,44.61,1,2025-08-27,2025-08-27,44.61,1,19.8,0,126.0,0,56.6
C004149,2025-05-18,Startup,North America,Business,Paid Search,5,358.79,227,26.0,0,23.0,0.399,0,0,,2025-12-31,2446.57,7,2025-12-25,2025-08-02,349.51,0,0.0,0,6.0,1,72.5
C004150,2023-07-12,Mid-Market,APAC,Enterprise,Referral,29,1250.64,903,6.0,1,49.0,0.574,0,0,,2025-12-31,23794.21,19,2025-12-27,2023-10-15,1252.33,1,45.8,0,4.0,1,61.0
C004151,2023-04-16,SMB,Europe,Starter,Referral,23,55.53,990,14.0,4,41.4,0.044,1,0,,2025-12-31,857.22,17,2025-12-28,2023-09-24,50.42,4,6.4,0,3.0,1,45.0
C004152,2024-01-29,Startup,Europe,Business,Paid Search,3,358.9,702,2.0,1,26.8,0.429,0,0,,2025-12-31,2790.67,8,2025-11-22,2024-05-10,348.83,2,12.0,1,39.0,1,50.8
C004153,2025-07-27,SMB,Europe,Business,Organic,20,398.02,157,1.5,2,25.8,0.2,1,1,2025-08-28,2025-12-31,274.97,1,2025-08-06,2025-08-06,274.97,3,28.5,0,147.0,0,39.9
C004154,2025-10-28,SMB,Europe,Pro,Referral,21,151.44,64,10.0,2,-14.2,0.053,0,0,,2025-12-31,339.45,2,2025-11-16,2025-11-04,169.72,2,11.3,0,45.0,1,41.1
C004155,2022-11-21,SMB,North America,Free,Organic,23,0.0,1136,19.0,0,75.1,0.39,0,0,,2025-12-31,122.86,24,2025-07-07,2022-11-21,5.12,1,13.0,0,177.0,0,71.2
C004156,2022-09-24,Mid-Market,Europe,Business,Organic,78,465.76,1194,8.0,0,-17.1,0.648,2,0,,2025-12-31,14904.81,32,2025-12-03,2022-11-25,465.78,0,0.0,0,28.0,1,55.9
C004157,2024-10-07,SMB,North America,Starter,Organic,11,49.41,450,12.0,1,45.5,0.36,1,0,,2025-12-31,300.92,6,2025-11-23,2025-02-21,50.15,1,5.4,0,38.0,1,57.6
C004158,2023-03-08,Startup,Europe,Starter,Paid Search,2,45.66,1029,8.0,1,35.9,0.709,0,0,,2025-12-31,773.75,18,2025-12-13,2023-04-13,42.99,1,12.5,0,18.0,1,65.5
C004159,2022-10-13,SMB,North America,Pro,Partner,18,175.25,1175,3.0,0,28.4,0.198,0,0,,2025-12-31,4859.28,29,2025-12-28,2022-10-30,167.56,1,5.2,0,3.0,1,46.5
C004160,2022-02-14,SMB,LATAM,Starter,Referral,24,48.79,1416,22.0,2,34.8,0.577,0,0,,2025-12-31,1737.71,36,2025-11-13,2022-04-06,48.27,3,20.2,0,48.0,1,72.4
C004161,2023-07-31,Mid-Market,APAC,Free,Paid Search,28,0.0,884,18.0,0,18.4,0.154,0,0,,2025-12-31,124.6,15,2025-10-24,2023-09-14,8.31,2,5.0,0,68.0,0,57.5
C004162,2023-07-15,Startup,Europe,Enterprise,Sales,4,1309.74,900,18.0,3,51.3,0.283,0,0,,2025-12-31,20574.43,16,2025-10-19,2023-08-03,1285.9,3,24.4,0,73.0,1,60.2
C004163,2024-03-16,Mid-Market,North America,Starter,Partner,76,57.88,655,16.0,3,2.2,0.288,0,0,,2025-12-31,933.51,15,2025-11-17,2024-05-11,62.23,3,11.4,0,44.0,1,53.6
C004164,2022-10-14,Startup,North America,Pro,Partner,3,158.53,1174,3.0,1,43.2,0.481,0,0,,2025-12-31,3843.78,25,2025-11-14,2022-12-14,153.75,1,17.2,0,47.0,1,54.9
C004165,2024-10-18,Mid-Market,APAC,Pro,Organic,31,154.63,439,7.2,2,18.1,0.165,2,1,2025-03-19,2025-12-31,362.77,2,2025-02-25,2025-01-05,181.38,2,6.6,0,309.0,0,41.2
C004166,2024-08-30,SMB,Europe,Free,Organic,21,0.0,488,13.1,3,24.3,0.28,1,1,2025-10-12,2025-12-31,67.64,9,2025-09-20,2024-11-11,7.52,5,12.2,0,102.0,0,51.0
C004167,2023-10-24,Startup,APAC,Business,Partner,5,376.07,799,13.0,1,25.0,0.605,0,0,,2025-12-31,5978.6,16,2025-12-08,2024-01-05,373.66,1,20.6,0,23.0,1,65.8
C004168,2022-09-17,SMB,APAC,Pro,Referral,16,161.55,1201,20.0,0,30.9,0.571,1,0,,2025-12-31,3693.44,22,2025-12-29,2022-10-13,167.88,0,0.0,0,2.0,1,71.1
C004169,2023-12-26,Mid-Market,Europe,Pro,Organic,51,160.08,736,9.0,1,47.6,0.218,1,0,,2025-12-31,2249.39,13,2025-12-28,2024-01-20,173.03,1,34.6,0,3.0,1,50.8
C004170,2024-08-22,Startup,Europe,Pro,Paid Search,4,148.36,496,14.0,0,34.1,0.567,0,0,,2025-12-31,975.46,6,2025-11-30,2024-10-10,162.58,2,20.6,0,31.0,1,67.9
C004171,2023-06-17,Mid-Market,Europe,Enterprise,Paid Search,79,1317.84,928,10.0,1,58.3,0.455,1,0,,2025-12-31,25851.67,21,2025-11-04,2023-08-15,1231.03,1,41.2,0,57.0,1,59.9
C004172,2023-01-12,Mid-Market,Europe,Enterprise,Paid Search,49,1433.18,1084,27.0,1,61.1,0.614,0,0,,2025-12-31,31615.62,21,2025-09-23,2023-01-26,1505.51,1,11.3,0,99.0,1,82.1
C004173,2023-12-26,SMB,Europe,Free,Organic,18,0.0,736,5.0,1,42.7,0.307,0,0,,2025-12-31,7.06,10,2025-11-05,2024-04-05,0.71,2,6.5,0,56.0,0,51.4
C004174,2023-05-23,SMB,APAC,Starter,Organic,16,46.14,953,7.0,1,52.1,0.644,0,0,,2025-12-31,1152.95,26,2025-12-31,2023-06-05,44.34,2,10.2,0,0.0,1,64.3
C004175,2023-07-27,SMB,North America,Pro,Paid Search,17,134.03,888,19.0,1,85.6,0.219,0,0,,2025-12-31,2876.63,22,2025-09-30,2023-08-07,130.76,2,16.8,0,92.0,1,65.6
C004176,2023-05-14,Mid-Market,North America,Enterprise,Referral,62,1229.17,962,1.0,0,-0.3,0.589,0,0,,2025-12-31,23804.55,18,2025-12-30,2023-06-28,1322.48,0,0.0,0,1.0,1,53.5
C004177,2023-03-10,SMB,North America,Business,Referral,8,374.87,1027,14.0,1,61.9,0.229,0,0,,2025-12-31,12393.82,31,2025-12-18,2023-03-17,399.8,1,56.6,0,13.0,1,59.1
C004178,2024-10-21,Startup,LATAM,Starter,Organic,6,47.53,436,0.0,1,73.6,0.171,0,0,,2025-12-31,299.67,6,2025-12-14,2025-03-14,49.94,2,16.8,0,17.0,1,46.0
C004179,2023-10-21,Enterprise,Europe,Business,Organic,309,388.12,802,14.0,1,45.8,0.149,0,0,,2025-12-31,8960.0,22,2025-12-30,2023-11-21,407.27,2,9.8,0,1.0,1,55.0
C004180,2023-10-30,SMB,North America,Starter,Paid Search,14,49.25,793,3.6,1,82.6,0.452,1,1,2024-06-10,2025-12-31,199.71,4,2024-05-13,2023-11-18,49.93,1,26.5,0,597.0,0,56.5
C004181,2024-07-22,SMB,Europe,Starter,Organic,9,49.72,527,5.0,2,79.3,0.059,0,0,,2025-12-31,675.22,12,2025-12-20,2024-10-25,56.27,3,9.1,1,11.0,1,46.2
C004182,2023-06-01,Startup,Europe,Pro,Referral,6,174.59,944,13.0,0,26.6,0.201,1,0,,2025-12-31,3149.69,17,2025-12-13,2023-07-18,185.28,0,0.0,0,18.0,1,53.3
C004183,2022-05-25,SMB,APAC,Starter,Paid Search,17,52.94,1316,9.0,1,28.5,0.382,0,0,,2025-12-31,1962.01,37,2025-11-29,2022-06-03,53.03,1,4.1,0,32.0,1,55.8
C004184,2025-05-04,Startup,LATAM,Pro,Referral,6,170.83,241,2.0,1,48.3,0.589,1,0,,2025-12-31,1124.13,7,2025-12-20,2025-06-03,160.59,2,12.8,0,11.0,1,55.8
C004185,2022-03-21,Mid-Market,APAC,Starter,Organic,61,55.02,1381,14.0,2,19.4,0.862,0,0,,2025-12-31,1807.13,33,2025-11-08,2022-05-13,54.76,2,18.6,0,53.0,1,72.3
C004186,2024-03-28,Mid-Market,APAC,Business,Sales,73,426.44,643,15.0,2,100.0,0.255,0,0,,2025-12-31,4489.91,10,2025-12-22,2024-04-02,448.99,2,27.8,0,9.0,1,63.0
C004187,2023-01-16,Startup,North America,Enterprise,Referral,4,1384.08,1080,18.0,0,54.7,0.544,2,0,,2025-12-31,25404.260000000002,20,2025-11-26,2023-04-21,1270.21,0,0.0,0,35.0,1,68.9
C004188,2022-11-02,Startup,North America,Starter,Referral,5,54.91,1155,25.0,1,36.2,0.608,0,0,,2025-12-31,1189.19,20,2025-12-29,2023-03-31,59.46,3,19.9,0,2.0,1,77.7
C004189,2022-03-01,SMB,Europe,Pro,Sales,16,135.12,1401,19.0,0,-0.3,0.295,0,0,,2025-12-31,4236.59,31,2025-11-22,2022-03-04,136.66,0,0.0,0,39.0,1,60.8
C004190,2025-07-11,SMB,Europe,Pro,Paid Search,3,140.28,173,22.0,1,41.3,0.321,0,0,,2025-12-31,293.18,2,2025-11-21,2025-08-11,146.59,1,6.0,1,40.0,1,66.9
C004191,2023-09-06,SMB,North America,Starter,Organic,5,58.35,847,5.4,2,5.4,0.113,0,1,2023-11-14,2025-12-31,0.0,0,,,0.0,2,32.4,0,,0,40.8
C004192,2023-05-05,Enterprise,APAC,Business,Paid Search,205,477.22,971,18.0,2,54.0,0.295,0,0,,2025-12-31,14788.96,30,2025-12-23,2023-12-03,492.97,3,11.8,0,8.0,1,62.3
C004193,2024-11-25,Startup,North America,Pro,Referral,2,148.29,401,22.0,1,-27.6,0.306,0,0,,2025-12-31,1321.35,9,2025-10-31,2025-01-01,146.82,2,8.2,0,61.0,1,59.6
C004194,2022-02-25,Startup,North America,Free,Referral,2,0.0,1405,18.0,1,69.6,0.407,0,0,,2025-12-31,138.06,38,2025-12-10,2022-02-28,3.63,1,2.8,0,21.0,0,68.7
C004195,2024-03-18,SMB,North America,Business,Paid Search,23,458.93,653,14.0,1,24.4,0.685,1,0,,2025-12-31,6589.12,14,2025-10-30,2024-03-31,470.65,2,16.4,0,62.0,1,67.0
C004196,2023-12-09,Mid-Market,APAC,Starter,Referral,61,51.32,753,20.0,0,-7.3,0.128,0,0,,2025-12-31,476.88,9,2025-12-04,2024-03-23,52.99,0,0.0,0,27.0,1,56.0
C004197,2024-03-02,Mid-Market,APAC,Starter,Organic,70,45.91,669,27.0,0,34.6,0.379,1,0,,2025-12-31,581.76,14,2025-11-23,2024-05-09,41.55,1,11.0,0,38.0,1,71.9
C004198,2022-06-27,Mid-Market,Europe,Starter,Organic,65,54.98,1283,13.0,0,35.4,0.398,0,0,,2025-12-31,1518.85,27,2025-11-16,2022-08-23,56.25,0,0.0,0,45.0,1,62.1
C004199,2025-09-24,SMB,APAC,Business,Partner,18,373.87,98,6.0,1,33.4,0.557,1,0,,2025-12-31,999.89,3,2025-12-13,2025-09-25,333.3,1,22.4,0,18.0,1,56.9
C004200,2022-12-08,SMB,APAC,Enterprise,Paid Search,10,1160.36,1119,11.0,0,69.5,0.456,0,0,,2025-12-31,22376.47,20,2025-12-09,2023-03-07,1118.82,1,72.4,0,22.0,1,65.5
C004201,2024-08-28,Mid-Market,North America,Starter,Organic,32,52.73,490,0.0,4,44.5,0.711,1,0,,2025-12-31,601.38,13,2025-11-21,2024-09-17,46.26,5,14.8,0,40.0,1,52.8
C004202,2024-12-04,SMB,APAC,Free,Referral,3,0.0,392,4.2,1,54.9,0.682,0,1,2025-03-30,2025-12-31,31.33,5,2025-03-29,2025-01-05,6.27,3,8.0,0,277.0,0,63.2
C004203,2023-05-07,Startup,North America,Free,Paid Search,5,0.0,969,24.0,2,28.8,0.44,0,0,,2025-12-31,77.84,21,2025-12-10,2023-05-16,3.71,3,13.3,0,21.0,0,69.5
C004204,2022-07-06,Mid-Market,Europe,Pro,Paid Search,45,145.61,1274,2.0,0,45.7,0.544,0,0,,2025-12-31,4979.68,32,2025-12-27,2022-07-17,155.62,0,0.0,0,4.0,1,57.7
C004205,2023-03-01,SMB,North America,Starter,Organic,7,49.89,1036,24.0,3,2.3,0.239,0,0,,2025-12-31,1092.37,22,2025-11-17,2023-04-04,49.65,3,25.7,0,44.0,1,59.3
C004206,2025-02-27,SMB,Europe,Starter,Organic,17,46.18,307,15.0,1,41.5,0.206,1,0,,2025-12-31,322.39,6,2025-07-12,2025-05-09,53.73,1,5.2,0,172.0,1,55.2
C004207,2025-07-20,Mid-Market,Europe,Starter,Partner,38,48.65,164,8.0,1,16.0,0.089,0,0,,2025-12-31,97.72999999999999,2,2025-11-20,2025-08-14,48.86,1,5.4,0,41.0,1,44.9
C004208,2025-09-01,SMB,North America,Pro,Referral,3,143.97,121,13.0,1,68.0,0.483,2,0,,2025-12-31,495.27,4,2025-12-24,2025-10-25,123.82,1,9.0,0,7.0,1,62.4
C004209,2022-11-20,SMB,Europe,Pro,Organic,7,168.26,1137,24.0,2,36.9,0.425,0,0,,2025-12-31,3647.26,23,2025-11-22,2023-01-29,158.58,2,8.4,0,39.0,1,69.9
C004210,2024-05-17,Mid-Market,Europe,Pro,Referral,63,169.3,593,3.0,0,51.6,0.679,0,0,,2025-12-31,1510.27,9,2025-12-09,2024-09-08,167.81,0,0.0,0,22.0,1,63.2
C004211,2022-08-04,Mid-Market,Europe,Starter,Referral,76,51.05,1245,15.0,3,41.6,0.514,0,0,,2025-12-31,1501.59,27,2025-10-10,2022-10-01,55.61,5,13.2,0,82.0,1,63.5
C004212,2024-10-12,Startup,North America,Pro,Referral,1,171.3,445,7.0,1,80.2,0.599,0,0,,2025-12-31,2492.21,14,2025-12-08,2024-12-13,178.02,2,26.0,0,23.0,1,65.7
C004213,2023-08-18,Mid-Market,North America,Pro,Partner,40,149.31,866,15.0,1,-4.0,0.518,1,0,,2025-12-31,2348.4,16,2025-12-30,2023-11-28,146.78,2,3.4,0,1.0,1,60.0
C004214,2024-10-17,SMB,North America,Pro,Paid Search,4,154.17,440,22.0,0,32.2,0.108,0,0,,2025-12-31,613.36,4,2025-10-11,2024-11-25,153.34,0,0.0,0,81.0,1,61.1
C004215,2024-09-06,SMB,APAC,Free,Referral,12,0.0,481,25.0,1,11.0,0.229,0,0,,2025-12-31,45.72,7,2025-11-30,2024-09-06,6.53,2,10.3,0,31.0,0,63.8
C004216,2025-11-20,Startup,APAC,Starter,Paid Search,3,57.24,41,7.0,1,-16.2,0.271,0,0,,2025-12-31,68.48,1,2025-11-23,2025-11-23,68.48,1,7.1,0,38.0,1,46.3
C004217,2023-11-30,SMB,North America,Pro,Organic,14,173.8,762,18.0,2,9.4,0.592,0,0,,2025-12-31,2145.39,12,2025-12-19,2024-03-23,178.78,3,10.8,0,12.0,1,66.8
C004218,2023-05-04,Startup,APAC,Starter,Paid Search,3,48.45,972,11.0,0,64.3,0.515,1,0,,2025-12-31,1371.37,32,2025-12-01,2023-05-05,42.86,1,5.1,0,30.0,1,64.7
C004219,2024-01-24,SMB,Europe,Pro,Paid Search,24,158.66,707,14.0,0,34.2,0.293,1,0,,2025-12-31,2059.53,14,2025-12-17,2024-03-22,147.11,0,0.0,0,14.0,1,57.7
C004220,2022-08-21,SMB,LATAM,Starter,Paid Search,4,49.92,1228,4.0,3,29.5,0.591,1,0,,2025-12-31,1148.32,24,2025-11-18,2022-08-21,47.85,3,9.5,0,43.0,1,52.8
C004221,2022-06-09,Mid-Market,North America,Starter,Sales,29,49.27,1301,23.0,1,54.3,0.705,0,0,,2025-12-31,1198.55,24,2025-12-24,2022-08-14,49.94,2,13.4,0,7.0,1,80.6
C004222,2024-01-13,Mid-Market,Europe,Pro,Paid Search,55,160.08,718,1.5,0,37.9,0.234,0,1,2025-02-18,2025-12-31,1151.04,9,2024-11-27,2024-03-14,127.89,0,0.0,0,399.0,0,47.1
C004223,2025-03-26,SMB,Europe,Starter,Organic,5,44.5,280,1.0,1,50.3,0.605,1,0,,2025-12-31,82.86,2,2025-12-10,2025-03-26,41.43,3,7.4,0,21.0,1,55.6
C004224,2024-02-02,Mid-Market,North America,Starter,Sales,50,45.79,698,21.0,1,43.1,0.6,0,0,,2025-12-31,395.34000000000003,9,2025-12-05,2024-07-31,43.93,2,13.2,0,26.0,1,74.6
C004225,2025-01-23,SMB,North America,Business,Organic,21,368.89,342,11.0,1,48.6,0.591,0,0,,2025-12-31,4882.99,12,2025-12-29,2025-02-08,406.92,2,4.3,0,2.0,1,65.9
C004226,2022-09-12,Mid-Market,North America,Starter,Organic,73,47.4,1206,1.0,0,23.8,0.571,0,0,,2025-12-31,1145.75,25,2025-12-28,2022-09-13,45.83,0,0.0,0,3.0,1,55.4
C004227,2023-10-05,Enterprise,Europe,Enterprise,Referral,119,1229.68,818,19.0,0,61.2,0.196,1,0,,2025-12-31,27947.22,22,2025-12-02,2023-10-08,1270.33,1,17.6,0,29.0,1,62.0
C004228,2024-05-26,Mid-Market,APAC,Starter,Sales,62,55.28,584,7.0,1,4.7,0.423,0,0,,2025-12-31,1037.09,19,2025-12-26,2024-07-13,54.58,1,30.6,0,5.0,1,52.9
C004229,2023-05-13,SMB,APAC,Business,Partner,16,464.77,963,27.0,1,32.9,0.748,0,0,,2025-12-31,8621.94,18,2025-12-24,2023-05-27,479.0,1,8.7,0,7.0,1,83.3
C004230,2022-01-21,SMB,North America,Business,Paid Search,15,456.63,1440,27.0,1,62.4,0.264,0,0,,2025-12-31,10589.22,26,2025-08-17,2022-01-23,407.28,1,27.0,0,136.0,1,71.8
C004231,2022-04-16,Startup,APAC,Free,Paid Search,2,0.0,1355,15.0,1,31.1,0.328,1,0,,2025-12-31,112.31,21,2025-12-09,2022-07-10,5.35,2,7.5,0,22.0,0,57.8
C004232,2025-08-19,SMB,North America,Pro,Referral,9,134.51,134,13.0,3,24.2,0.74,0,0,,2025-12-31,393.46000000000004,3,2025-12-21,2025-11-04,131.15,3,14.5,0,10.0,1,66.7
C004233,2024-05-15,Startup,LATAM,Pro,Sales,6,134.1,595,12.0,5,92.2,0.498,0,0,,2025-12-31,1968.51,14,2025-12-10,2024-06-02,140.61,5,19.2,0,21.0,1,62.4
C004234,2023-01-14,SMB,North America,Pro,Organic,15,171.31,1082,16.0,0,70.5,0.707,0,0,,2025-12-31,5314.01,31,2025-11-18,2023-01-28,171.42,0,0.0,0,43.0,1,77.5
C004235,2023-01-06,Enterprise,APAC,Starter,Referral,440,61.1,1090,25.0,2,38.5,0.562,0,0,,2025-12-31,1400.8700000000001,23,2025-11-19,2023-01-13,60.91,2,13.5,0,42.0,1,75.0
C004236,2022-02-26,Startup,LATAM,Enterprise,Partner,4,1399.07,1404,17.0,1,10.7,0.583,0,0,,2025-12-31,37642.23,27,2025-12-26,2022-07-06,1394.16,2,15.0,0,5.0,1,67.2
C004237,2025-09-13,Enterprise,APAC,Pro,Organic,308,189.33,109,2.0,0,-15.9,0.642,0,0,,2025-12-31,510.6,3,2025-12-06,2025-10-09,170.2,0,0.0,0,25.0,1,54.5
C004238,2022-06-04,SMB,APAC,Enterprise,Organic,21,1407.5,1306,5.0,1,52.7,0.351,2,0,,2025-12-31,32857.36,23,2025-12-05,2022-08-11,1428.58,1,8.3,0,26.0,1,49.8
C004239,2024-12-22,SMB,North America,Business,Organic,5,395.31,374,17.0,1,66.6,0.7,0,0,,2025-12-31,4849.5,11,2025-12-25,2025-01-04,440.86,2,21.4,0,6.0,1,76.3
C004240,2022-12-10,Mid-Market,APAC,Business,Sales,75,430.27,1117,10.0,2,44.9,0.736,0,0,,2025-12-31,11435.07,27,2025-11-08,2022-12-19,423.52,2,14.0,0,53.0,1,67.5
C004241,2023-04-25,SMB,Europe,Pro,Paid Search,22,174.13,981,13.0,0,-7.8,0.707,0,0,,2025-12-31,3728.87,21,2025-12-20,2023-07-01,177.57,0,0.0,0,11.0,1,67.0
C004242,2023-01-27,Mid-Market,Europe,Pro,Referral,69,180.97,1069,11.0,1,39.0,0.373,0,0,,2025-12-31,2901.67,15,2025-11-14,2023-02-24,193.44,1,12.1,0,47.0,1,58.4
C004243,2025-03-25,Enterprise,LATAM,Business,Organic,96,417.35,281,16.0,2,22.8,0.474,0,0,,2025-12-31,3713.79,9,2025-10-18,2025-04-06,412.64,4,15.4,0,74.0,1,62.8
C004244,2022-02-16,Enterprise,North America,Pro,Referral,363,172.99,1414,6.0,2,39.0,0.617,1,0,,2025-12-31,5797.7,33,2025-10-30,2022-02-18,175.69,3,23.3,0,62.0,1,57.8
C004245,2023-05-19,Enterprise,Europe,Free,Paid Search,255,0.0,957,2.0,2,83.6,0.047,0,0,,2025-12-31,156.65,20,2025-09-11,2023-08-12,7.83,2,6.5,1,111.0,0,43.6
C004246,2023-02-04,Enterprise,LATAM,Pro,Sales,408,141.97,1061,6.0,1,54.7,0.47,0,0,,2025-12-31,2456.51,17,2025-10-28,2023-03-05,144.5,2,28.0,0,64.0,1,58.4
C004247,2023-01-26,SMB,North America,Free,Paid Search,3,0.0,1070,18.0,2,49.4,0.534,0,0,,2025-12-31,81.14,15,2025-11-02,2023-02-11,5.41,2,21.4,0,59.0,0,69.0
C004248,2022-10-03,SMB,North America,Enterprise,Referral,14,1424.83,1185,17.0,2,33.9,0.451,0,0,,2025-12-31,41406.04,29,2025-12-16,2022-10-19,1427.79,2,19.1,0,15.0,1,64.1
C004249,2025-07-28,SMB,North America,Pro,Partner,19,165.31,156,22.0,3,45.4,0.372,0,0,,2025-12-31,249.57999999999998,2,2025-12-23,2025-08-05,124.79,3,11.1,1,8.0,1,65.8
C004250,2023-06-26,SMB,APAC,Pro,Paid Search,19,176.63,919,3.0,0,16.9,0.44,1,0,,2025-12-31,5104.88,30,2025-12-18,2023-07-03,170.16,0,0.0,0,13.0,1,50.6
C004251,2023-08-22,Enterprise,APAC,Starter,Sales,298,52.27,862,0.8,2,48.9,0.419,0,1,2025-01-14,2025-12-31,377.77,7,2024-11-16,2024-01-06,53.97,2,8.2,0,410.0,0,50.2
C004252,2023-07-05,Mid-Market,North America,Pro,Paid Search,34,137.92,910,3.0,1,30.2,0.501,0,0,,2025-12-31,1167.33,9,2025-12-23,2023-10-28,129.7,1,6.3,0,8.0,1,54.2
C004253,2025-11-02,SMB,Europe,Starter,Sales,5,48.61,59,7.2,0,14.4,0.106,0,1,2025-12-24,2025-12-31,43.07,1,2025-12-11,2025-12-11,43.07,2,22.2,0,20.0,0,46.0
C004254,2023-04-30,Startup,Europe,Pro,Organic,2,149.02,976,16.0,0,55.4,0.079,0,0,,2025-12-31,4810.29,32,2025-12-30,2023-05-02,150.32,0,0.0,0,1.0,1,57.2
C004255,2023-05-04,SMB,Europe,Pro,Partner,13,164.95,972,4.0,0,-20.8,0.334,1,0,,2025-12-31,4838.75,28,2025-12-10,2023-05-22,172.81,0,0.0,0,21.0,1,44.5
C004256,2023-04-14,Enterprise,Europe,Pro,Sales,222,188.24,992,12.0,1,21.4,0.873,0,0,,2025-12-31,6144.82,32,2025-12-05,2023-04-14,192.03,1,16.3,0,26.0,1,72.5
C004257,2023-04-13,SMB,LATAM,Starter,Sales,13,48.65,993,1.0,0,50.3,0.365,0,0,,2025-12-31,1182.24,24,2025-10-15,2023-04-28,49.26,0,0.0,0,77.0,1,51.9
C004258,2022-05-09,Startup,North America,Pro,Paid Search,5,166.24,1332,17.0,2,65.6,0.712,1,0,,2025-12-31,4217.22,25,2025-12-18,2022-06-22,168.69,2,8.8,0,13.0,1,73.1
C004259,2024-05-14,SMB,North America,Pro,Paid Search,4,171.63,596,15.0,0,46.8,0.394,0,0,,2025-12-31,2355.5099999999998,14,2025-10-25,2024-06-17,168.25,0,0.0,0,67.0,1,64.9
C004260,2022-02-06,Mid-Market,Europe,Business,Referral,55,398.53,1424,0.0,2,18.2,0.541,0,0,,2025-12-31,11566.02,27,2025-07-01,2022-04-30,428.37,2,18.2,0,183.0,1,50.0
C004261,2022-11-20,Enterprise,Europe,Business,Paid Search,201,478.51,1137,2.0,0,33.7,0.33,1,0,,2025-12-31,13685.01,27,2025-12-28,2022-11-21,506.85,2,14.4,0,3.0,1,48.1
C004262,2022-10-17,SMB,Europe,Business,Sales,12,476.65,1171,4.2,4,42.3,0.521,0,1,2025-11-18,2025-12-31,10207.15,23,2025-08-13,2022-11-10,443.79,5,12.5,1,140.0,0,52.6
C004263,2023-02-21,Startup,North America,Starter,Organic,1,53.81,1044,25.0,0,74.0,0.52,0,0,,2025-12-31,1339.11,24,2025-12-13,2023-04-25,55.8,0,0.0,0,18.0,1,80.3
C004264,2024-12-18,SMB,North America,Free,Organic,18,0.0,378,23.0,2,58.0,0.154,0,0,,2025-12-31,35.61,9,2025-12-20,2025-02-06,3.96,2,22.3,0,11.0,0,63.0
C004265,2024-05-07,Mid-Market,LATAM,Enterprise,Referral,21,1305.95,603,15.0,0,58.2,0.408,0,0,,2025-12-31,13786.49,11,2025-06-24,2024-06-05,1253.32,0,0.0,0,190.0,1,66.5
C004266,2025-11-17,SMB,North America,Enterprise,Paid Search,4,1329.86,44,14.0,0,36.6,0.272,0,0,,2025-12-31,871.11,1,2025-12-07,2025-12-07,871.11,0,0.0,0,24.0,1,59.3
C004267,2023-05-18,Startup,Europe,Free,Paid Search,1,0.0,958,7.9,4,8.2,0.337,0,1,2024-04-13,2025-12-31,5.63,13,2024-04-06,2023-05-25,0.43,4,56.4,1,634.0,0,47.0
C004268,2025-08-20,SMB,APAC,Pro,Paid Search,3,162.71,133,23.0,1,-0.2,0.127,0,0,,2025-12-31,512.9200000000001,3,2025-12-18,2025-08-20,170.97,2,8.2,0,13.0,1,57.8
C004269,2022-03-06,Startup,North America,Starter,Sales,7,58.35,1396,16.1,0,27.5,0.419,1,1,2022-09-26,2025-12-31,206.84,4,2022-06-15,2022-03-15,51.71,0,0.0,0,1295.0,0,62.7
C004270,2023-12-23,Mid-Market,North America,Free,Partner,64,0.0,739,11.0,4,52.5,0.54,1,0,,2025-12-31,47.59,13,2025-12-27,2023-12-23,3.66,4,10.9,1,4.0,0,58.3
C004271,2025-02-16,Mid-Market,North America,Enterprise,Sales,66,1189.72,318,13.0,0,22.5,0.566,2,0,,2025-12-31,5354.27,4,2025-11-17,2025-04-02,1338.57,0,0.0,0,44.0,1,61.8
C004272,2024-01-31,SMB,Europe,Enterprise,Paid Search,18,1461.06,700,2.0,0,49.3,0.48,0,0,,2025-12-31,21874.1,15,2025-11-17,2024-04-11,1458.27,0,0.0,0,44.0,1,56.1
C004273,2025-08-27,SMB,North America,Enterprise,Paid Search,19,1349.86,126,4.0,1,15.1,0.477,0,0,,2025-12-31,5596.43,4,2025-11-06,2025-10-01,1399.11,1,12.2,0,55.0,1,52.9
C004274,2023-03-26,Startup,Europe,Free,Organic,2,0.0,1011,5.6,1,19.0,0.556,2,1,2025-06-16,2025-12-31,125.91,19,2025-01-31,2023-09-24,6.63,1,3.4,0,334.0,0,53.1
C004275,2022-02-17,SMB,North America,Pro,Paid Search,23,158.35,1413,22.0,2,70.2,0.388,0,0,,2025-12-31,4356.18,27,2025-10-27,2022-02-21,161.34,2,27.8,0,65.0,1,70.3
C004276,2025-01-11,Mid-Market,North America,Business,Organic,79,485.2,354,12.0,1,54.2,0.492,1,0,,2025-12-31,1562.35,3,2025-04-15,2025-01-31,520.78,1,29.6,0,260.0,1,62.4
C004277,2022-04-08,Mid-Market,North America,Pro,Organic,64,184.91,1363,16.0,2,27.3,0.319,2,0,,2025-12-31,5080.66,27,2025-08-27,2022-05-12,188.17,2,33.8,0,126.0,1,54.6
C004278,2024-12-29,SMB,North America,Starter,Paid Search,8,56.1,367,24.0,2,14.2,0.964,0,0,,2025-12-31,383.9,6,2025-10-24,2025-01-21,63.98,2,53.0,0,68.0,1,83.8
C004279,2024-11-14,Mid-Market,North America,Pro,Referral,52,175.2,412,13.0,3,58.7,0.386,1,0,,2025-12-31,773.56,4,2025-10-15,2025-01-30,193.39,3,15.5,0,77.0,1,57.6
C004280,2025-04-22,SMB,LATAM,Free,Paid Search,6,0.0,253,5.3,1,56.9,0.546,0,1,2025-12-01,2025-12-31,47.29,8,2025-10-15,2025-04-25,5.91,3,6.9,0,77.0,0,60.3
C004281,2023-11-16,Mid-Market,North America,Pro,Paid Search,70,144.01,776,20.0,0,51.0,0.42,1,0,,2025-12-31,2616.3,17,2025-12-05,2024-01-16,153.9,0,0.0,0,26.0,1,68.6
C004282,2025-07-04,Mid-Market,Europe,Business,Paid Search,22,458.3,180,8.0,2,30.6,0.547,0,0,,2025-12-31,2184.07,4,2025-12-13,2025-09-20,546.02,3,11.6,0,18.0,1,58.6
C004283,2022-08-31,SMB,Europe,Free,Paid Search,5,0.0,1218,10.0,3,7.6,0.237,2,0,,2025-12-31,147.59,20,2025-10-26,2022-09-01,7.38,3,22.3,0,66.0,0,43.3
C004284,2023-09-14,Enterprise,APAC,Starter,Referral,88,55.39,839,24.0,1,34.6,0.15,0,0,,2025-12-31,968.06,17,2025-12-15,2023-10-26,56.94,2,11.8,0,16.0,1,62.9
C004285,2022-06-24,SMB,Europe,Pro,Referral,16,154.92,1286,12.0,0,70.2,0.758,0,0,,2025-12-31,4430.3,29,2025-12-24,2022-07-19,152.77,0,0.0,0,7.0,1,75.5
C004286,2025-01-01,SMB,North America,Pro,Referral,22,137.68,364,7.0,0,12.3,0.437,0,0,,2025-12-31,1208.11,8,2025-11-24,2025-01-17,151.01,0,0.0,0,37.0,1,55.6
C004287,2024-10-18,SMB,Europe,Starter,Organic,5,51.83,439,23.0,1,36.2,0.194,0,0,,2025-12-31,512.14,10,2025-12-09,2024-12-02,51.21,1,10.9,0,22.0,1,63.5
C004288,2025-02-27,SMB,North America,Free,Paid Search,18,0.0,307,17.0,0,75.9,0.348,1,0,,2025-12-31,0.0,7,2025-12-14,2025-03-27,0.0,0,0.0,0,17.0,0,66.2
C004289,2024-12-29,SMB,APAC,Business,Referral,16,449.1,367,21.0,0,27.4,0.437,0,0,,2025-12-31,5429.84,12,2025-09-09,2024-12-31,452.49,1,12.6,0,113.0,1,69.6
C004290,2023-03-18,Startup,North America,Starter,Sales,4,44.35,1019,9.0,0,31.8,0.124,0,0,,2025-12-31,912.26,19,2025-11-15,2023-04-10,48.01,0,0.0,0,46.0,1,49.9
C004291,2022-04-08,Mid-Market,APAC,Pro,Paid Search,34,154.93,1363,21.0,1,1.2,0.198,0,0,,2025-12-31,4248.84,27,2025-08-02,2022-04-14,157.36,1,9.8,0,151.0,1,58.3
C004292,2025-08-21,Mid-Market,Europe,Pro,Paid Search,46,156.65,132,26.0,0,50.6,0.091,2,0,,2025-12-31,654.25,4,2025-12-05,2025-09-07,163.56,1,16.7,0,26.0,1,62.0
C004293,2023-12-06,SMB,Europe,Starter,Referral,5,50.21,756,2.8,5,16.5,0.38,1,1,2024-04-11,2025-12-31,170.07,3,2024-02-25,2024-01-05,56.69,5,8.8,0,675.0,0,41.0
C004294,2022-05-15,SMB,North America,Pro,Sales,17,135.58,1326,5.0,0,-3.9,0.665,0,0,,2025-12-31,3298.7400000000002,24,2025-10-03,2022-06-10,137.45,0,0.0,0,89.0,1,59.0
C004295,2025-08-18,SMB,Europe,Pro,Paid Search,18,161.81,135,15.0,0,11.2,0.207,1,0,,2025-12-31,136.66,1,2025-10-24,2025-10-24,136.66,0,0.0,0,68.0,1,53.7
C004296,2025-11-22,SMB,APAC,Pro,Organic,10,141.76,39,20.0,3,40.2,0.092,1,0,,2025-12-31,156.15,1,2025-12-08,2025-12-08,156.15,4,14.6,0,23.0,1,53.1
C004297,2023-09-30,SMB,Europe,Pro,Referral,23,178.07,823,0.0,0,-4.5,0.092,0,0,,2025-12-31,2875.6,15,2025-12-29,2023-10-09,191.71,0,0.0,0,2.0,1,37.3
C004298,2025-01-06,Mid-Market,North America,Starter,Referral,58,55.09,359,7.5,0,0.4,0.528,0,1,2025-11-15,2025-12-31,341.02,7,2025-11-09,2025-02-26,48.72,0,0.0,0,52.0,0,57.6
C004299,2022-02-21,SMB,North America,Starter,Organic,6,55.96,1409,3.0,1,49.0,0.185,0,0,,2025-12-31,1527.02,29,2025-08-31,2022-06-18,52.66,1,8.9,0,122.0,1,46.6
C004300,2022-05-14,Mid-Market,North America,Pro,Paid Search,63,161.0,1327,27.0,3,33.2,0.356,0,0,,2025-12-31,3647.69,23,2025-11-01,2022-05-17,158.6,4,31.4,0,60.0,1,68.6
C004301,2023-01-31,SMB,APAC,Pro,Partner,19,151.81,1065,20.0,0,12.2,0.705,0,0,,2025-12-31,3719.97,26,2025-12-20,2023-02-06,143.08,0,0.0,0,11.0,1,75.2
C004302,2024-07-27,SMB,Europe,Starter,Referral,17,48.07,522,27.0,1,27.0,0.396,0,0,,2025-12-31,564.83,11,2025-12-22,2024-08-02,51.35,2,8.0,0,9.0,1,72.2
C004303,2022-07-10,SMB,APAC,Starter,Referral,24,50.53,1270,6.0,2,78.5,0.509,0,0,,2025-12-31,1376.8,28,2025-12-31,2022-08-17,49.17,3,8.4,1,0.0,1,60.5
C004304,2022-02-18,Mid-Market,APAC,Pro,Organic,60,181.61,1412,22.0,0,67.0,0.199,1,0,,2025-12-31,4338.66,24,2025-11-14,2022-03-13,180.78,1,18.7,0,47.0,1,65.3
C004305,2024-08-14,Startup,Europe,Free,Organic,2,0.0,504,10.0,1,32.3,0.475,0,0,,2025-12-31,46.66,12,2025-12-17,2024-08-15,3.89,1,10.7,0,14.0,0,59.9
C004306,2025-01-06,SMB,Europe,Enterprise,Referral,18,1438.16,359,2.0,1,55.4,0.146,0,0,,2025-12-31,13009.9,9,2025-12-29,2025-01-30,1445.54,1,12.3,0,2.0,1,45.2
C004307,2024-11-23,SMB,Europe,Pro,Organic,8,167.96,403,13.0,0,38.0,0.563,0,0,,2025-12-31,1322.4099999999999,9,2025-10-16,2025-01-21,146.93,1,12.9,0,76.0,1,67.3
C004308,2025-02-16,Startup,Europe,Free,Paid Search,6,0.0,318,13.0,1,-9.4,0.489,0,0,,2025-12-31,14.35,3,2025-04-24,2025-03-12,4.78,1,7.9,0,251.0,0,58.8
C004309,2025-02-22,SMB,North America,Pro,Paid Search,19,168.24,312,14.0,0,-13.8,0.789,1,0,,2025-12-31,457.85,3,2025-10-29,2025-07-01,152.62,0,0.0,0,63.0,1,67.8
C004310,2024-05-11,SMB,APAC,Starter,Paid Search,19,49.37,599,10.5,2,12.3,0.784,0,1,2024-08-21,2025-12-31,35.61,1,2024-08-04,2024-08-04,35.61,2,7.6,0,514.0,0,66.1
C004311,2024-01-13,Mid-Market,LATAM,Enterprise,Referral,37,1258.41,718,7.0,0,-4.4,0.246,0,0,,2025-12-31,14200.39,11,2025-10-31,2024-05-25,1290.94,2,37.0,0,61.0,1,48.2
C004312,2025-05-10,Mid-Market,Europe,Enterprise,Organic,29,1266.8,235,17.0,0,41.8,0.05,0,0,,2025-12-31,9915.61,7,2025-12-27,2025-05-19,1416.52,2,22.1,0,4.0,1,55.9
C004313,2023-05-13,Mid-Market,LATAM,Business,Referral,42,397.61,963,5.0,0,21.3,0.32,0,0,,2025-12-31,10453.87,27,2025-11-30,2023-06-14,387.18,1,12.1,0,31.0,1,51.2
C004314,2022-05-20,Enterprise,LATAM,Pro,Partner,400,152.26,1321,24.0,2,45.6,0.373,0,0,,2025-12-31,4629.03,30,2025-12-27,2022-07-19,154.3,4,13.4,0,4.0,1,69.2
C004315,2024-12-11,SMB,Europe,Enterprise,Paid Search,4,1091.34,385,12.0,0,46.0,0.163,0,0,,2025-12-31,5760.29,6,2025-11-02,2024-12-29,960.05,1,4.9,0,59.0,1,55.2
C004316,2023-01-30,Mid-Market,APAC,Pro,Referral,58,158.31,1066,22.0,2,52.3,0.683,0,0,,2025-12-31,2483.52,17,2025-08-02,2023-05-06,146.09,3,12.0,0,151.0,1,77.4
C004317,2025-10-31,SMB,Europe,Business,Organic,3,421.37,61,7.0,1,11.7,0.74,0,0,,2025-12-31,382.89,1,2025-12-01,2025-12-01,382.89,2,22.2,0,30.0,1,63.1
C004318,2023-08-16,Mid-Market,North America,Starter,Referral,51,58.94,868,8.0,0,47.9,0.502,0,0,,2025-12-31,1127.1000000000001,19,2025-10-22,2023-11-28,59.32,0,0.0,0,70.0,1,62.0
C004319,2025-05-03,Mid-Market,North America,Enterprise,Organic,24,1092.42,242,27.0,2,11.1,0.52,0,0,,2025-12-31,3525.1400000000003,3,2025-12-12,2025-06-05,1175.05,2,12.5,0,19.0,1,72.8
C004320,2022-03-02,Startup,Europe,Pro,Sales,6,133.69,1400,5.0,2,52.8,0.683,1,0,,2025-12-31,4082.76,30,2025-11-28,2022-04-15,136.09,2,7.4,0,33.0,1,60.2
C004321,2024-07-31,SMB,APAC,Starter,Organic,22,55.88,518,15.0,3,65.6,0.809,0,0,,2025-12-31,456.62,9,2025-11-06,2024-08-08,50.74,4,18.7,0,55.0,1,74.7
C004322,2023-10-03,Startup,North America,Enterprise,Partner,5,1351.3,820,5.1,0,53.1,0.433,0,1,2025-03-18,2025-12-31,21954.51,16,2025-02-16,2023-10-28,1372.16,3,35.4,0,318.0,0,57.9
C004323,2023-10-24,SMB,APAC,Pro,Organic,17,135.6,799,10.0,1,30.6,0.212,0,0,,2025-12-31,2819.43,20,2025-12-16,2023-11-05,140.97,2,17.1,0,15.0,1,51.8
C004324,2023-01-15,Enterprise,Europe,Enterprise,Paid Search,429,1451.15,1081,19.0,2,49.2,0.612,0,0,,2025-12-31,20366.399999999998,15,2025-10-25,2023-04-03,1357.76,3,31.2,0,67.0,1,72.2
C004325,2025-10-20,SMB,APAC,Free,Organic,20,0.0,72,11.1,3,-3.3,0.303,0,1,2025-11-27,2025-12-31,0.0,2,2025-11-24,2025-11-11,0.0,3,12.8,0,37.0,0,49.2
C004326,2023-07-16,SMB,North America,Pro,Organic,11,147.94,899,13.0,1,-9.0,0.197,0,0,,2025-12-31,2479.5,15,2025-12-15,2023-08-25,165.3,1,4.9,0,16.0,1,50.1
C004327,2025-05-01,Enterprise,Europe,Pro,Organic,317,173.79,244,17.0,0,46.7,0.362,3,0,,2025-12-31,986.4399999999999,5,2025-12-07,2025-05-29,197.29,0,0.0,0,24.0,1,59.7
C004328,2023-08-31,Startup,North America,Free,Organic,7,0.0,853,1.0,2,67.7,0.439,0,0,,2025-12-31,120.19999999999999,16,2025-12-26,2023-10-13,7.51,2,8.0,0,5.0,0,52.8
C004329,2022-03-11,SMB,North America,Business,Referral,20,415.71,1391,6.0,3,4.2,0.245,0,0,,2025-12-31,9297.73,23,2025-12-24,2022-04-03,404.25,3,10.7,1,7.0,1,43.6
C004330,2025-06-11,SMB,North America,Pro,Paid Search,22,157.75,203,20.0,0,35.4,0.393,1,0,,2025-12-31,1346.5900000000001,9,2025-10-26,2025-06-11,149.62,0,0.0,0,66.0,1,66.2
C004331,2022-09-22,SMB,North America,Starter,Organic,9,48.09,1196,18.0,2,46.0,0.573,0,0,,2025-12-31,1229.09,27,2025-12-11,2022-10-21,45.52,4,8.4,0,20.0,1,69.9
C004332,2023-01-22,SMB,North America,Pro,Sales,4,145.87,1074,1.0,1,19.6,0.785,0,0,,2025-12-31,2034.02,15,2025-11-27,2023-02-01,135.6,1,6.3,0,34.0,1,59.9
C004333,2025-05-16,Mid-Market,Europe,Free,Partner,18,0.0,229,12.0,5,26.5,0.352,0,1,2025-11-04,2025-12-31,29.259999999999998,3,2025-08-17,2025-05-16,9.75,5,25.5,1,136.0,0,51.4
C004334,2025-07-02,Startup,Europe,Business,Organic,1,393.36,182,11.0,1,50.3,0.396,1,0,,2025-12-31,799.54,2,2025-10-02,2025-08-15,399.77,2,10.5,0,90.0,1,58.2
C004335,2025-08-03,SMB,North America,Business,Paid Search,22,395.67,150,8.0,1,37.7,0.586,0,0,,2025-12-31,1653.3600000000001,4,2025-12-30,2025-08-07,413.34,4,18.0,0,1.0,1,62.0
C004336,2023-09-02,Mid-Market,APAC,Pro,Paid Search,51,161.08,851,12.0,1,37.8,0.375,0,0,,2025-12-31,2022.24,13,2025-10-31,2023-09-14,155.56,2,12.0,0,61.0,1,59.2
C004337,2024-12-18,Enterprise,Europe,Pro,Partner,228,147.05,378,11.0,2,10.4,0.389,0,0,,2025-12-31,856.55,7,2025-12-04,2024-12-19,122.36,2,16.4,0,27.0,1,54.5
C004338,2023-04-14,SMB,LATAM,Starter,Referral,7,52.03,992,14.0,2,34.2,0.363,0,0,,2025-12-31,1278.34,25,2025-12-16,2023-06-12,51.13,3,4.7,0,15.0,1,58.8
C004339,2024-11-24,Startup,Europe,Starter,Partner,2,55.2,402,4.0,0,25.1,0.388,0,0,,2025-12-31,525.38,10,2025-12-17,2025-02-23,52.54,1,9.5,0,14.0,1,52.7
C004340,2023-12-20,Startup,North America,Business,Sales,7,413.21,742,3.0,2,26.4,0.668,1,0,,2025-12-31,5446.12,15,2025-12-29,2024-01-09,363.07,2,17.4,0,2.0,1,55.4
C004341,2022-03-16,SMB,LATAM,Starter,Referral,11,43.96,1386,27.0,0,21.5,0.282,0,0,,2025-12-31,1185.04,26,2025-12-03,2022-04-11,45.58,0,0.0,0,28.0,1,69.7
C004342,2023-08-21,Startup,APAC,Starter,Sales,3,56.45,863,20.0,0,34.3,0.242,1,0,,2025-12-31,1248.59,22,2025-09-30,2023-09-18,56.75,3,7.8,0,92.0,1,61.5
C004343,2023-10-31,SMB,Europe,Starter,Partner,19,55.85,792,10.0,1,13.3,0.201,1,0,,2025-12-31,714.35,13,2025-12-17,2023-11-26,54.95,1,7.9,0,14.0,1,47.8
C004344,2023-01-04,Mid-Market,Europe,Pro,Partner,33,181.93,1092,23.0,0,35.3,0.072,0,0,,2025-12-31,3822.71,20,2025-09-22,2023-01-10,191.14,2,29.0,0,100.0,1,61.2
C004345,2023-06-20,SMB,Europe,Business,Referral,3,447.68,925,22.0,1,25.9,0.754,1,0,,2025-12-31,5573.63,14,2025-08-13,2023-09-01,398.12,1,12.5,0,140.0,1,76.4
C004346,2023-12-20,Enterprise,Europe,Starter,Referral,346,60.65,742,10.6,1,11.7,0.603,0,1,2025-08-07,2025-12-31,834.92,12,2025-04-01,2024-01-14,69.58,2,10.4,0,274.0,0,62.2
C004347,2022-03-13,Mid-Market,APAC,Starter,Organic,73,59.85,1389,6.7,1,-13.7,0.165,1,1,2025-04-30,2025-12-31,1115.98,18,2025-04-25,2022-03-16,62.0,3,19.7,0,250.0,0,41.1
C004348,2022-08-06,SMB,Europe,Free,Organic,17,0.0,1243,26.0,1,58.7,0.159,1,0,,2025-12-31,124.07,24,2025-12-20,2023-01-09,5.17,1,16.5,0,11.0,0,65.4
C004349,2025-01-01,Mid-Market,North America,Starter,Organic,41,60.33,364,23.0,1,53.7,0.767,1,0,,2025-12-31,387.84,6,2025-08-16,2025-01-07,64.64,2,17.2,0,137.0,1,80.4
C004350,2023-05-19,Startup,North America,Starter,Organic,4,46.84,957,7.0,1,14.9,0.675,0,0,,2025-12-31,1043.08,24,2025-11-21,2023-07-09,43.46,2,7.0,0,40.0,1,61.5
C004351,2024-05-19,Startup,North America,Business,Sales,2,466.03,591,20.0,2,52.0,0.365,0,0,,2025-12-31,10578.44,22,2025-11-18,2024-06-19,480.84,2,30.0,1,43.0,1,66.0
C004352,2024-03-20,Mid-Market,North America,Pro,Referral,19,171.91,651,4.0,1,9.4,0.583,0,0,,2025-12-31,2751.07,17,2025-10-31,2024-05-01,161.83,3,33.4,1,61.0,1,55.5
C004353,2024-02-28,SMB,North America,Free,Organic,3,0.0,672,5.8,2,27.3,0.342,0,1,2025-05-01,2025-12-31,19.36,12,2025-04-03,2024-04-02,1.61,2,21.4,0,272.0,0,50.2
C004354,2023-08-15,SMB,APAC,Pro,Paid Search,19,145.14,869,1.0,1,21.7,0.306,0,0,,2025-12-31,2637.54,18,2025-09-16,2023-08-16,146.53,1,8.6,1,106.0,1,45.7
C004355,2023-11-23,Mid-Market,North America,Business,Organic,39,403.59,769,4.0,2,28.1,0.566,1,0,,2025-12-31,6300.41,16,2025-09-04,2023-11-25,393.78,2,4.4,0,118.0,1,53.4
C004356,2025-03-24,Mid-Market,North America,Starter,Referral,47,47.33,282,20.0,0,51.2,0.525,1,0,,2025-12-31,63.980000000000004,2,2025-04-22,2025-04-05,31.99,1,7.6,1,253.0,1,71.7
C004357,2025-10-12,Mid-Market,North America,Starter,Sales,36,49.31,80,10.0,0,25.0,0.332,0,0,,2025-12-31,101.56,2,2025-12-26,2025-12-05,50.78,0,0.0,0,5.0,1,56.4
C004358,2023-01-03,Mid-Market,Europe,Business,Organic,36,481.7,1093,4.0,0,26.5,0.319,1,0,,2025-12-31,8187.16,17,2025-10-24,2023-03-24,481.6,0,0.0,0,68.0,1,48.8
C004359,2024-08-15,Mid-Market,Europe,Free,Paid Search,62,0.0,503,27.0,1,53.6,0.602,0,0,,2025-12-31,0.0,6,2025-09-18,2024-10-13,0.0,1,31.7,0,104.0,0,81.0
C004360,2025-10-18,Enterprise,Europe,Business,Sales,490,509.96,74,26.0,0,36.5,0.55,2,0,,2025-12-31,323.65,1,2025-10-23,2025-10-23,323.65,2,7.4,0,69.0,1,74.4
C004361,2022-01-11,Mid-Market,LATAM,Business,Partner,31,438.38,1450,6.0,0,20.2,0.42,0,0,,2025-12-31,17996.670000000002,41,2025-09-26,2022-06-05,438.94,1,48.7,0,96.0,1,55.0
C004362,2025-01-27,Startup,LATAM,Business,Referral,2,348.6,338,16.0,0,41.0,0.119,0,0,,2025-12-31,2584.87,7,2025-10-14,2025-05-31,369.27,0,0.0,0,78.0,1,57.0
C004363,2023-12-12,Enterprise,APAC,Free,Paid Search,111,0.0,750,8.0,1,59.8,0.719,0,0,,2025-12-31,31.38,14,2025-12-21,2024-02-26,2.24,4,18.4,0,10.0,0,68.2
C004364,2025-10-15,Mid-Market,APAC,Free,Organic,40,0.0,77,22.0,0,61.4,0.221,0,0,,2025-12-31,11.02,2,2025-12-26,2025-12-09,5.51,0,0.0,0,5.0,0,67.4
C004365,2024-04-06,SMB,North America,Business,Partner,14,411.25,634,19.0,0,1.9,0.063,0,0,,2025-12-31,3061.08,7,2025-12-28,2024-05-13,437.3,0,0.0,0,3.0,1,54.0
C004366,2025-04-13,Mid-Market,Europe,Pro,Organic,15,165.28,262,12.0,3,3.1,0.482,0,0,,2025-12-31,538.89,3,2025-10-13,2025-05-15,179.63,3,9.8,0,79.0,1,56.0
C004367,2022-08-26,SMB,North America,Starter,Referral,20,48.37,1223,26.0,1,60.0,0.386,1,0,,2025-12-31,1042.98,22,2025-09-30,2022-09-13,47.41,4,16.9,0,92.0,1,72.3
C004368,2022-07-23,Enterprise,APAC,Pro,Referral,145,159.26,1257,20.0,0,27.8,0.27,0,0,,2025-12-31,4923.99,29,2025-12-25,2022-07-25,169.79,1,14.1,0,6.0,1,63.7
C004369,2025-08-18,SMB,North America,Free,Paid Search,3,0.0,135,2.0,1,-20.0,0.613,1,1,2025-11-07,2025-12-31,21.29,3,2025-09-30,2025-09-23,7.1,3,19.0,0,92.0,0,49.7
C004370,2024-01-23,SMB,North America,Pro,Paid Search,20,151.55,708,12.0,0,16.8,0.253,0,0,,2025-12-31,2022.99,13,2025-11-16,2024-04-15,155.61,1,27.1,0,45.0,1,55.0
C004371,2024-03-09,SMB,North America,Enterprise,Referral,5,1244.78,662,23.0,2,24.0,0.366,0,0,,2025-12-31,23325.94,17,2025-12-21,2024-05-13,1372.11,3,11.1,0,10.0,1,65.9
C004372,2022-09-01,SMB,Europe,Pro,Sales,10,156.77,1217,15.0,1,27.2,0.583,0,0,,2025-12-31,4942.18,32,2025-12-25,2022-09-09,154.44,1,3.5,1,6.0,1,67.1
C004373,2022-11-21,SMB,APAC,Pro,Paid Search,18,143.34,1136,2.0,2,54.1,0.348,1,0,,2025-12-31,3881.9900000000002,28,2025-12-10,2023-01-20,138.64,2,14.8,0,21.0,1,47.6
C004374,2025-03-16,Mid-Market,North America,Enterprise,Referral,61,1297.32,290,21.0,0,11.8,0.404,1,0,,2025-12-31,8474.07,6,2025-09-24,2025-04-02,1412.34,0,0.0,0,98.0,1,65.0
C004375,2023-03-10,Mid-Market,Europe,Pro,Organic,76,148.4,1027,13.0,0,58.4,0.693,0,0,,2025-12-31,2755.92,21,2025-12-29,2023-03-27,131.23,0,0.0,0,2.0,1,73.2
C004376,2024-04-15,SMB,North America,Free,Sales,18,0.0,625,6.0,1,42.1,0.641,0,0,,2025-12-31,8.5,7,2025-12-17,2025-01-29,1.21,1,25.6,0,14.0,0,62.3
C004377,2023-03-29,Enterprise,APAC,Pro,Partner,309,181.44,1008,22.0,2,2.8,0.101,1,0,,2025-12-31,5017.78,26,2025-11-12,2023-04-13,192.99,2,4.6,0,49.0,1,53.0
C004378,2023-01-12,Mid-Market,North America,Free,Organic,29,0.0,1084,24.0,1,27.0,0.188,0,0,,2025-12-31,112.03999999999999,21,2025-12-29,2023-04-02,5.34,2,16.0,1,2.0,0,63.3
C004379,2022-08-26,SMB,North America,Starter,Referral,8,47.63,1223,16.0,0,47.4,0.143,1,0,,2025-12-31,1093.36,23,2025-11-02,2022-09-07,47.54,0,0.0,0,59.0,1,56.3
C004380,2025-08-22,Enterprise,Europe,Pro,Referral,105,145.04,131,20.0,4,36.0,0.373,0,0,,2025-12-31,585.83,4,2025-12-24,2025-10-24,146.46,5,16.6,0,7.0,1,61.6
C004381,2025-09-06,Enterprise,Europe,Starter,Referral,299,62.5,116,6.0,3,44.5,0.378,0,0,,2025-12-31,194.89,3,2025-12-15,2025-09-15,64.96,3,14.5,0,16.0,1,51.6
C004382,2022-06-14,SMB,APAC,Free,Paid Search,17,0.0,1296,20.0,2,20.3,0.305,0,0,,2025-12-31,160.5,28,2025-12-26,2022-06-23,5.73,2,17.2,0,5.0,0,61.0
C004383,2023-05-21,Mid-Market,Europe,Pro,Referral,25,152.13,955,25.0,1,48.9,0.751,0,0,,2025-12-31,2863.92,20,2025-11-04,2023-06-07,143.2,1,3.7,0,57.0,1,83.2
C004384,2024-03-17,Startup,LATAM,Starter,Referral,7,53.26,654,1.8,0,25.0,0.324,0,1,2025-09-11,2025-12-31,302.55,6,2025-08-31,2024-10-06,50.42,0,0.0,0,122.0,0,48.8
C004385,2023-07-03,Startup,North America,Pro,Paid Search,1,141.43,912,26.0,0,98.7,0.621,0,0,,2025-12-31,2470.52,19,2025-12-14,2023-07-10,130.03,1,8.7,0,17.0,1,86.7
C004386,2024-10-28,Startup,North America,Starter,Organic,4,48.7,429,2.0,1,2.0,0.299,1,0,,2025-12-31,355.77,7,2025-11-02,2024-12-19,50.82,2,26.3,0,59.0,1,42.5
C004387,2023-01-08,SMB,LATAM,Pro,Sales,3,154.92,1088,12.0,2,100.0,0.619,0,0,,2025-12-31,2782.3,18,2025-11-28,2023-01-18,154.57,2,22.6,1,33.0,1,71.3
C004388,2022-03-26,Mid-Market,North America,Business,Partner,72,403.22,1376,2.0,1,11.2,0.503,0,0,,2025-12-31,16558.5,41,2025-11-26,2022-06-12,403.87,1,10.2,0,35.0,1,51.5
C004389,2023-04-27,SMB,APAC,Free,Paid Search,18,0.0,979,12.0,2,66.8,0.305,0,0,,2025-12-31,204.25,31,2025-12-15,2023-05-19,6.59,2,21.7,0,16.0,0,58.5
C004390,2024-05-04,SMB,North America,Business,Referral,9,444.92,606,18.0,1,55.7,0.439,0,0,,2025-12-31,6353.05,16,2025-11-19,2024-05-22,397.07,2,10.0,0,42.0,1,68.3
C004391,2022-09-16,SMB,Europe,Starter,Organic,10,46.59,1202,24.0,0,12.3,0.343,0,0,,2025-12-31,1057.88,23,2025-12-24,2022-10-24,45.99,1,15.9,0,7.0,1,67.9
C004392,2025-03-12,Mid-Market,North America,Starter,Referral,53,49.74,294,4.0,1,50.0,0.212,0,0,,2025-12-31,259.17,5,2025-07-23,2025-03-28,51.83,2,13.0,0,161.0,1,48.4
C004393,2022-01-18,Enterprise,Europe,Starter,Paid Search,464,62.54,1443,24.0,1,22.6,0.468,0,0,,2025-12-31,1576.54,26,2025-08-20,2022-04-25,60.64,2,16.0,0,133.0,1,71.2
C004394,2022-04-07,Mid-Market,APAC,Starter,Organic,63,54.71,1364,27.0,2,41.9,0.521,0,0,,2025-12-31,1658.67,29,2025-05-25,2022-04-24,57.2,3,10.9,1,220.0,1,75.9
C004395,2023-12-29,Mid-Market,North America,Free,Sales,59,0.0,733,0.6,0,38.7,0.237,0,1,2025-11-09,2025-12-31,80.86,14,2025-10-29,2024-01-20,5.78,0,0.0,0,63.0,0,46.5
C004396,2024-01-03,Mid-Market,North America,Business,Referral,37,400.48,728,26.0,3,26.3,0.523,1,0,,2025-12-31,6830.74,17,2025-12-03,2024-02-26,401.81,3,15.7,0,28.0,1,70.0
C004397,2023-02-26,Startup,North America,Business,Organic,4,377.72,1039,25.0,1,24.2,0.701,0,0,,2025-12-31,9023.66,24,2025-11-29,2023-05-02,375.99,1,32.9,0,32.0,1,79.3
C004398,2023-01-05,Enterprise,North America,Enterprise,Sales,230,1478.2,1091,0.0,1,43.5,0.288,0,0,,2025-12-31,33159.77,24,2025-07-21,2023-02-02,1381.66,1,14.8,0,163.0,1,46.5
C004399,2022-04-10,SMB,North America,Enterprise,Sales,12,1375.27,1361,1.0,2,12.4,0.276,0,0,,2025-12-31,37609.85,28,2025-10-08,2022-06-09,1343.21,2,9.8,1,84.0,1,42.4
C004400,2024-08-05,Startup,LATAM,Starter,Referral,7,51.78,513,20.0,1,13.3,0.834,1,0,,2025-12-31,430.68,8,2025-09-28,2024-09-21,53.84,1,15.2,0,94.0,1,75.7
C004401,2023-06-27,Mid-Market,North America,Free,Organic,38,0.0,918,11.0,0,58.9,0.584,0,0,,2025-12-31,78.96000000000001,17,2025-12-25,2023-07-13,4.64,1,11.0,0,6.0,0,68.2
C004402,2022-06-19,SMB,Europe,Free,Organic,18,0.0,1291,7.0,3,45.7,0.48,1,0,,2025-12-31,188.19,39,2025-12-09,2022-07-10,4.83,3,8.2,0,22.0,0,53.7
C004403,2023-07-26,SMB,Europe,Pro,Referral,7,171.44,889,11.0,0,2.3,0.265,2,0,,2025-12-31,2592.67,15,2025-12-15,2023-08-02,172.84,2,8.9,0,16.0,1,49.0
C004404,2025-09-01,Mid-Market,North America,Business,Sales,33,430.68,121,9.0,1,9.9,0.314,0,0,,2025-12-31,1254.0500000000002,3,2025-12-24,2025-09-04,418.02,2,4.8,0,7.0,1,51.9
C004405,2023-01-09,SMB,North America,Starter,Organic,7,46.61,1087,27.0,3,-18.4,0.437,0,0,,2025-12-31,1170.27,25,2025-12-16,2023-02-25,46.81,3,11.1,0,15.0,1,65.9
C004406,2025-07-03,Startup,APAC,Starter,Paid Search,4,53.53,181,6.0,2,57.7,0.773,0,0,,2025-12-31,326.81,7,2025-12-07,2025-07-29,46.69,2,22.2,0,24.0,1,66.3
C004407,2023-01-06,SMB,Europe,Starter,Organic,11,48.76,1090,0.7,1,52.2,0.239,0,1,2023-12-03,2025-12-31,319.82,6,2023-08-05,2023-01-14,53.3,1,5.4,0,879.0,0,46.5
C004408,2022-09-23,Startup,APAC,Business,Paid Search,1,455.09,1195,23.0,1,7.8,0.576,0,0,,2025-12-31,13215.24,29,2025-11-14,2022-09-28,455.7,1,8.7,0,47.0,1,72.1
C004409,2023-01-08,Startup,Europe,Pro,Partner,5,169.63,1088,23.0,1,51.2,0.394,1,0,,2025-12-31,4365.86,27,2025-11-01,2023-01-14,161.7,2,18.0,0,60.0,1,69.0
C004410,2023-04-08,Mid-Market,Europe,Pro,Organic,43,155.77,998,25.0,4,84.6,0.902,0,0,,2025-12-31,4581.79,28,2025-10-14,2023-04-24,163.64,5,30.1,0,78.0,1,86.8
C004411,2022-06-22,SMB,APAC,Pro,Partner,13,135.22,1288,27.0,0,-3.5,0.28,0,0,,2025-12-31,2853.48,23,2025-12-20,2022-09-10,124.06,1,11.0,0,11.0,1,67.2
C004412,2024-04-20,SMB,APAC,Starter,Partner,9,58.14,620,1.0,3,19.6,0.413,0,0,,2025-12-31,784.48,13,2025-11-22,2024-04-21,60.34,3,11.7,0,39.0,1,45.7
C004413,2023-04-22,SMB,LATAM,Starter,Paid Search,24,59.27,984,10.1,0,-4.0,0.462,1,1,2023-11-16,2025-12-31,286.64,5,2023-10-27,2023-05-10,57.33,0,0.0,0,796.0,0,55.5
C004414,2024-10-23,SMB,North America,Business,Sales,18,420.68,434,7.0,0,58.7,0.351,0,0,,2025-12-31,2256.51,6,2025-12-08,2024-11-22,376.08,0,0.0,0,23.0,1,57.6
C004415,2023-12-04,SMB,LATAM,Business,Organic,7,354.02,758,11.0,1,32.6,0.72,0,0,,2025-12-31,5553.79,16,2025-10-27,2023-12-15,347.11,1,8.1,0,65.0,1,68.2
C004416,2023-09-25,Startup,APAC,Starter,Organic,5,54.15,828,12.0,1,25.0,0.06,1,0,,2025-12-31,955.04,18,2025-12-08,2023-09-25,53.06,3,22.7,0,23.0,1,46.5
C004417,2023-11-05,Mid-Market,APAC,Starter,Paid Search,53,49.43,787,27.0,0,40.7,0.133,0,0,,2025-12-31,580.58,13,2025-11-22,2023-12-14,44.66,1,16.8,0,39.0,1,67.2
C004418,2022-08-12,SMB,Europe,Free,Paid Search,5,0.0,1237,14.0,1,21.1,0.385,0,0,,2025-12-31,83.85,19,2025-12-07,2022-08-14,4.41,1,1.9,0,24.0,0,59.7
C004419,2024-10-16,Mid-Market,LATAM,Free,Organic,53,0.0,441,3.8,0,25.0,0.13,1,1,2025-01-24,2025-12-31,50.86,4,2025-01-18,2024-10-24,12.72,0,0.0,0,347.0,0,42.8
C004420,2022-05-29,SMB,Europe,Free,Sales,20,0.0,1312,2.0,0,41.9,0.544,0,0,,2025-12-31,166.86,29,2025-09-30,2022-06-29,5.75,1,14.3,0,92.0,0,57.3
C004421,2024-10-28,SMB,APAC,Starter,Organic,5,57.45,429,16.0,0,19.7,0.356,0,0,,2025-12-31,623.47,11,2025-12-03,2025-03-04,56.68,1,29.6,0,28.0,1,61.9
C004422,2025-11-30,SMB,APAC,Pro,Organic,15,158.18,31,23.0,1,23.3,0.576,0,0,,2025-12-31,932.5699999999999,5,2025-12-30,2025-12-03,186.51,1,12.7,0,1.0,1,73.6
C004423,2024-12-28,SMB,APAC,Business,Referral,22,480.76,368,19.0,2,31.1,0.309,0,0,,2025-12-31,2718.74,6,2025-12-06,2025-03-30,453.12,3,13.9,0,25.0,1,61.3
C004424,2023-10-14,SMB,APAC,Business,Sales,13,448.01,809,26.0,2,37.3,0.439,0,0,,2025-12-31,6636.09,16,2025-10-31,2023-12-08,414.76,2,7.6,0,61.0,1,72.1
C004425,2023-03-26,Mid-Market,North America,Pro,Paid Search,76,166.63,1011,1.0,1,50.0,0.15,0,0,,2025-12-31,4078.17,24,2025-12-18,2023-04-04,169.92,2,19.6,0,13.0,1,43.9
C004426,2025-06-01,Mid-Market,North America,Enterprise,Organic,57,1432.17,213,11.0,1,49.6,0.2,0,0,,2025-12-31,9259.9,6,2025-12-31,2025-09-08,1543.32,2,4.8,0,0.0,1,54.3
C004427,2023-01-03,Mid-Market,North America,Enterprise,Paid Search,50,1457.62,1093,17.0,2,-2.5,0.269,1,0,,2025-12-31,44348.16,30,2025-10-28,2023-01-17,1478.27,2,18.6,1,64.0,1,53.0
C004428,2023-11-21,Startup,APAC,Starter,Organic,3,55.78,771,24.0,1,70.2,0.783,0,0,,2025-12-31,689.63,12,2025-12-06,2024-03-31,57.47,2,9.0,0,25.0,1,85.4
C004429,2025-01-07,Mid-Market,APAC,Free,Paid Search,34,0.0,358,1.8,1,36.5,0.089,1,1,2025-09-07,2025-12-31,41.459999999999994,9,2025-08-24,2025-02-27,4.61,1,58.9,0,129.0,0,39.4
C004430,2025-08-11,Startup,APAC,Starter,Partner,7,44.36,142,11.6,2,26.7,0.261,1,1,2025-11-07,2025-12-31,107.14,2,2025-09-14,2025-08-21,53.57,3,44.4,0,108.0,0,50.9
C004431,2025-08-09,Mid-Market,APAC,Business,Paid Search,27,388.88,144,5.0,1,12.4,0.682,1,0,,2025-12-31,508.4,1,2025-11-16,2025-11-16,508.4,2,23.8,0,45.0,1,57.7
C004432,2022-05-06,SMB,Europe,Free,Paid Search,4,0.0,1335,16.0,0,84.7,0.414,0,0,,2025-12-31,177.54,39,2025-12-11,2022-05-17,4.55,0,0.0,0,20.0,0,70.2
C004433,2025-07-08,SMB,North America,Starter,Referral,10,58.44,176,21.0,1,94.0,0.659,0,0,,2025-12-31,231.13,4,2025-08-15,2025-07-16,57.78,1,22.3,0,138.0,1,81.4
C004434,2022-06-13,SMB,Europe,Pro,Organic,18,177.27,1297,22.0,0,81.7,0.702,0,0,,2025-12-31,5467.78,30,2025-11-23,2022-06-23,182.26,0,0.0,0,38.0,1,83.9
C004435,2024-04-15,SMB,APAC,Pro,Organic,13,171.48,625,12.0,2,38.0,0.053,1,0,,2025-12-31,2247.61,14,2025-07-29,2024-04-22,160.54,2,48.8,0,155.0,1,46.1
C004436,2025-08-22,SMB,Europe,Pro,Referral,13,170.84,131,13.0,0,43.6,0.542,1,0,,2025-12-31,414.61,2,2025-11-19,2025-09-21,207.3,1,2.5,0,42.0,1,65.2
C004437,2024-07-25,Startup,APAC,Business,Organic,2,401.15,524,24.0,1,72.3,0.669,0,0,,2025-12-31,3880.15,10,2025-09-21,2024-07-29,388.02,1,8.0,1,101.0,1,82.2
C004438,2025-09-16,SMB,LATAM,Pro,Organic,16,138.53,106,15.0,1,29.0,0.244,0,0,,2025-12-31,896.26,6,2025-12-19,2025-10-02,149.38,1,9.1,0,12.0,1,57.1
C004439,2023-05-08,Enterprise,North America,Business,Organic,170,461.95,968,9.0,3,48.5,0.702,0,0,,2025-12-31,14472.130000000001,32,2025-12-18,2023-05-15,452.25,4,20.9,0,13.0,1,64.4
C004440,2023-03-27,Mid-Market,APAC,Free,Partner,45,0.0,1010,7.0,1,40.7,0.334,1,0,,2025-12-31,62.8,18,2025-11-13,2023-05-30,3.49,1,14.7,0,48.0,0,51.8
C004441,2023-04-12,SMB,Europe,Business,Partner,17,409.89,994,19.0,4,83.0,0.379,0,0,,2025-12-31,8915.24,21,2025-11-25,2023-04-18,424.54,5,14.6,0,36.0,1,65.6
C004442,2023-05-23,SMB,Europe,Pro,Paid Search,11,149.98,953,19.0,1,70.9,0.597,1,0,,2025-12-31,3214.33,21,2025-10-31,2023-07-06,153.06,1,15.2,0,61.0,1,73.5
C004443,2024-09-03,SMB,North America,Starter,Paid Search,5,45.6,484,15.0,4,31.6,0.191,0,0,,2025-12-31,542.38,12,2025-10-09,2024-09-19,45.2,6,11.0,0,83.0,1,51.3
C004444,2023-10-10,SMB,North America,Enterprise,Paid Search,11,1223.89,813,4.0,2,73.1,0.652,0,0,,2025-12-31,18936.36,16,2025-11-11,2023-11-29,1183.52,2,19.5,0,50.0,1,62.4
C004445,2024-11-20,Mid-Market,North America,Enterprise,Organic,28,1443.55,406,4.0,0,34.9,0.164,0,0,,2025-12-31,22429.52,15,2025-12-07,2025-01-09,1495.3,2,19.0,0,24.0,1,47.0
C004446,2023-08-19,SMB,Europe,Business,Referral,15,382.87,865,6.0,1,21.4,0.666,1,0,,2025-12-31,5645.13,15,2025-11-24,2023-08-28,376.34,2,22.0,0,37.0,1,59.0
C004447,2023-03-17,SMB,North America,Enterprise,Sales,15,1304.11,1020,0.0,3,27.9,0.639,0,0,,2025-12-31,33936.29,26,2025-11-20,2023-04-01,1305.24,4,34.2,0,41.0,1,52.5
C004448,2022-09-29,SMB,Europe,Starter,Paid Search,22,54.01,1189,13.0,1,38.7,0.177,0,0,,2025-12-31,1328.77,25,2025-11-02,2022-12-28,53.15,1,6.3,0,59.0,1,54.3
C004449,2024-02-28,SMB,Europe,Starter,Paid Search,13,49.76,672,11.0,1,15.4,0.301,0,0,,2025-12-31,746.9,15,2025-12-01,2024-05-31,49.79,2,11.8,0,30.0,1,53.9
C004450,2025-07-08,Startup,Europe,Starter,Referral,4,47.08,176,3.4,2,22.1,0.389,2,1,2025-10-12,2025-12-31,0.0,0,,,0.0,2,11.6,0,,0,44.9
C004451,2025-05-13,SMB,APAC,Business,Organic,18,378.88,232,26.0,5,-1.1,0.694,0,0,,2025-12-31,1338.53,4,2025-07-02,2025-05-18,334.63,5,15.6,0,182.0,1,71.4
C004452,2022-12-29,Startup,Europe,Business,Paid Search,7,405.14,1098,6.0,1,14.4,0.798,0,0,,2025-12-31,9837.39,23,2025-11-02,2023-02-01,427.71,1,29.1,0,59.0,1,64.2
C004453,2023-11-15,Enterprise,North America,Enterprise,Sales,216,1330.49,777,22.0,0,40.9,0.144,0,0,,2025-12-31,30263.5,24,2025-12-05,2023-11-19,1260.98,0,0.0,0,26.0,1,63.1
C004454,2024-10-05,SMB,LATAM,Business,Organic,19,364.1,452,5.0,1,61.1,0.467,0,0,,2025-12-31,3232.35,9,2025-12-27,2024-10-05,359.15,1,22.6,0,4.0,1,58.1
C004455,2024-05-25,SMB,APAC,Pro,Organic,24,178.76,585,17.0,1,57.9,0.672,0,0,,2025-12-31,1499.37,9,2025-10-31,2024-06-18,166.6,1,23.8,0,61.0,1,74.6
C004456,2022-04-07,SMB,Europe,Free,Paid Search,7,0.0,1364,6.2,0,45.7,0.17,0,1,2022-06-22,2025-12-31,14.15,1,2022-05-15,2022-05-15,14.15,0,0.0,0,1326.0,0,50.2
C004457,2024-04-25,Mid-Market,APAC,Starter,Partner,46,45.62,615,23.0,0,-3.2,0.601,0,0,,2025-12-31,932.08,19,2025-11-18,2024-06-29,49.06,1,25.9,0,43.0,1,73.2
C004458,2022-02-25,SMB,North America,Pro,Partner,14,165.02,1405,16.0,1,13.5,0.669,0,0,,2025-12-31,5354.71,32,2025-12-21,2022-04-17,167.33,1,2.5,0,10.0,1,69.2
C004459,2022-06-16,Mid-Market,APAC,Business,Organic,66,469.94,1294,5.0,1,30.1,0.229,0,0,,2025-12-31,12621.960000000001,28,2025-12-31,2022-07-20,450.78,1,8.6,0,0.0,1,47.8
C004460,2024-07-23,Startup,North America,Starter,Referral,2,49.44,526,10.0,2,59.1,0.676,0,0,,2025-12-31,195.86,4,2025-04-27,2024-08-03,48.96,3,4.9,0,248.0,1,67.1
C004461,2022-05-27,Mid-Market,Europe,Enterprise,Organic,51,1225.79,1314,11.0,0,21.1,0.124,0,0,,2025-12-31,35254.02,27,2025-12-20,2022-07-13,1305.7,0,0.0,0,11.0,1,50.7
C004462,2023-04-30,Mid-Market,North America,Pro,Sales,28,169.29,976,23.0,1,4.5,0.467,1,0,,2025-12-31,3516.17,20,2025-11-08,2023-06-03,175.81,1,4.0,0,53.0,1,66.5
C004463,2024-04-21,SMB,APAC,Starter,Organic,19,57.71,619,10.0,1,71.2,0.466,0,0,,2025-12-31,618.28,10,2025-08-29,2024-06-10,61.83,1,23.5,0,124.0,1,63.5
C004464,2024-07-26,Mid-Market,North America,Business,Organic,58,407.51,523,23.0,0,16.6,0.383,0,0,,2025-12-31,3850.3500000000004,9,2025-12-17,2024-10-12,427.82,0,0.0,0,14.0,1,68.7
C004465,2023-09-30,Enterprise,North America,Pro,Partner,353,172.22,823,26.0,0,6.8,0.447,0,0,,2025-12-31,4168.34,25,2025-11-17,2023-12-24,166.73,1,7.5,0,44.0,1,72.3
C004466,2022-05-15,SMB,North America,Business,Organic,14,470.87,1326,3.0,0,40.7,0.113,1,0,,2025-12-31,12673.72,26,2025-12-04,2022-05-21,487.45,0,0.0,0,27.0,1,43.1
C004467,2025-02-16,SMB,APAC,Starter,Partner,24,54.71,318,26.0,0,33.7,0.712,0,0,,2025-12-31,669.02,11,2025-12-05,2025-02-24,60.82,0,0.0,0,26.0,1,82.9
C004468,2025-09-20,Mid-Market,North America,Starter,Organic,17,45.33,102,15.0,0,22.5,0.394,0,0,,2025-12-31,226.87,5,2025-12-11,2025-10-04,45.37,0,0.0,0,20.0,1,62.5
C004469,2025-06-24,SMB,Europe,Free,Paid Search,6,0.0,190,16.0,3,35.0,0.438,1,0,,2025-12-31,23.36,4,2025-12-01,2025-08-17,5.84,4,26.7,0,30.0,0,59.4
C004470,2024-12-06,SMB,North America,Pro,Organic,5,168.4,390,8.0,0,11.9,0.416,0,0,,2025-12-31,1016.09,5,2025-09-27,2024-12-22,203.22,0,0.0,0,95.0,1,55.8
C004471,2023-07-30,SMB,APAC,Business,Paid Search,9,414.51,885,9.0,1,22.2,0.185,0,0,,2025-12-31,8483.29,20,2025-12-23,2023-10-06,424.16,1,13.0,0,8.0,1,49.3
C004472,2025-06-07,Mid-Market,North America,Enterprise,Organic,21,1171.79,207,15.0,2,34.1,0.694,0,0,,2025-12-31,4942.75,4,2025-11-28,2025-08-24,1235.69,2,25.0,0,33.0,1,69.6
C004473,2023-11-30,Mid-Market,LATAM,Business,Paid Search,28,372.67,762,1.3,3,-15.9,0.176,1,1,2024-06-20,2025-12-31,787.2,2,2024-06-18,2024-02-18,393.6,3,19.3,0,561.0,0,33.4
C004474,2022-07-15,Startup,North America,Free,Organic,7,0.0,1265,20.0,0,58.9,0.425,0,0,,2025-12-31,172.62,23,2025-11-28,2022-11-05,7.51,0,0.0,0,33.0,0,71.5
C004475,2025-05-01,SMB,North America,Enterprise,Referral,11,1265.08,244,18.0,1,0.7,0.363,0,0,,2025-12-31,7866.09,6,2025-11-08,2025-05-22,1311.02,3,40.0,0,53.0,1,60.5
C004476,2023-04-03,Enterprise,North America,Free,Referral,384,0.0,1003,0.0,1,11.5,0.562,0,0,,2025-12-31,86.31,15,2025-12-07,2023-04-05,5.75,2,9.9,0,24.0,0,51.5
C004477,2025-09-04,Startup,North America,Free,Organic,4,0.0,118,5.0,0,60.0,0.437,1,0,,2025-12-31,0.0,1,2025-12-26,2025-12-26,0.0,1,16.8,0,5.0,0,56.6
C004478,2023-06-11,Mid-Market,Europe,Business,Organic,47,416.82,934,14.0,2,49.2,0.249,0,0,,2025-12-31,7380.6900000000005,18,2025-12-07,2023-06-20,410.04,4,29.9,0,24.0,1,56.9
C004479,2025-05-28,SMB,North America,Enterprise,Organic,5,1057.62,217,13.7,0,37.2,0.127,0,1,2025-09-23,2025-12-31,2582.4,3,2025-09-01,2025-06-28,860.8,0,0.0,0,121.0,0,54.8
C004480,2024-02-08,SMB,APAC,Enterprise,Organic,6,1196.31,692,8.0,1,-7.7,0.053,0,0,,2025-12-31,7961.68,7,2025-12-09,2024-02-18,1137.38,1,19.2,0,22.0,1,41.5
C004481,2023-10-31,Startup,Europe,Business,Paid Search,5,374.51,792,24.0,0,19.9,0.11,0,0,,2025-12-31,5740.93,14,2025-11-30,2024-01-02,410.07,1,7.0,0,31.0,1,61.7
C004482,2023-03-01,Startup,North America,Starter,Paid Search,2,48.54,1036,14.0,1,29.6,0.554,0,0,,2025-12-31,815.24,16,2025-10-14,2023-06-25,50.95,2,6.8,0,78.0,1,65.6
C004483,2025-04-10,Mid-Market,Europe,Starter,Sales,55,45.7,265,8.4,0,31.4,0.669,0,1,2025-07-23,2025-12-31,179.22,5,2025-07-21,2025-05-16,35.84,2,31.6,0,163.0,0,65.7
C004484,2022-03-28,SMB,North America,Free,Referral,16,0.0,1374,3.0,1,63.5,0.171,0,0,,2025-12-31,186.71,27,2025-10-05,2022-05-20,6.92,1,14.4,0,87.0,0,47.7
C004485,2023-11-02,Mid-Market,North America,Pro,Organic,43,164.06,790,17.0,2,84.9,0.155,0,0,,2025-12-31,2875.65,18,2025-12-31,2023-11-08,159.76,2,10.6,0,0.0,1,60.3
C004486,2023-06-12,SMB,North America,Pro,Organic,21,174.52,933,22.0,0,50.4,0.476,0,0,,2025-12-31,3546.31,19,2025-10-25,2023-06-29,186.65,1,14.1,0,67.0,1,74.0
C004487,2024-02-17,SMB,North America,Free,Organic,3,0.0,683,5.0,3,21.6,0.526,0,0,,2025-12-31,30.35,9,2025-11-20,2024-04-04,3.37,3,53.1,1,41.0,0,52.9
C004488,2022-12-31,Enterprise,North America,Pro,Organic,84,167.49,1096,15.0,1,65.4,0.437,0,0,,2025-12-31,3920.55,23,2025-10-25,2023-01-13,170.46,1,7.0,0,67.0,1,66.5
C004489,2024-08-08,Enterprise,LATAM,Pro,Paid Search,413,184.23,510,0.0,2,20.3,0.496,0,0,,2025-12-31,3622.02,19,2025-12-16,2024-08-12,190.63,3,17.6,1,15.0,1,48.9
C004490,2023-07-06,Enterprise,Europe,Pro,Organic,273,186.43,909,5.0,3,-30.6,0.421,0,0,,2025-12-31,3951.9500000000003,19,2025-11-28,2023-09-01,208.0,6,10.7,1,33.0,1,44.5
C004491,2022-09-27,Mid-Market,LATAM,Starter,Organic,76,48.07,1191,1.0,0,3.8,0.594,0,0,,2025-12-31,1124.1,23,2025-12-09,2022-10-15,48.87,1,6.8,0,22.0,1,54.1
C004492,2022-10-09,Mid-Market,North America,Starter,Organic,42,54.72,1179,21.0,2,-24.3,0.585,0,0,,2025-12-31,1313.06,26,2025-12-03,2023-01-25,50.5,3,17.3,1,28.0,1,65.9
C004493,2024-09-23,Startup,APAC,Pro,Partner,6,138.65,464,27.0,3,25.4,0.844,0,0,,2025-12-31,906.28,6,2025-11-27,2024-11-22,151.05,3,14.0,0,34.0,1,82.5
C004494,2023-01-10,SMB,North America,Pro,Organic,23,143.94,1086,1.0,1,30.5,0.26,0,0,,2025-12-31,4113.59,30,2025-10-13,2023-01-30,137.12,1,8.6,0,79.0,1,45.2
C004495,2023-03-16,SMB,North America,Starter,Sales,21,55.41,1021,19.0,1,-4.8,0.121,0,0,,2025-12-31,855.13,14,2025-12-27,2023-08-24,61.08,3,7.7,0,4.0,1,53.6
C004496,2024-06-15,Startup,APAC,Free,Paid Search,4,0.0,564,16.0,2,13.6,0.058,1,0,,2025-12-31,25.61,12,2025-12-30,2024-07-31,2.13,2,8.2,0,1.0,0,47.4
C004497,2023-04-17,SMB,North America,Enterprise,Paid Search,9,1203.57,989,19.0,1,-0.7,0.386,0,0,,2025-12-31,22177.96,19,2025-11-28,2023-05-17,1167.26,1,25.7,0,33.0,1,62.0
C004498,2023-07-10,Mid-Market,Europe,Business,Paid Search,59,470.06,905,14.0,1,31.8,0.148,0,0,,2025-12-31,5407.16,11,2025-12-16,2023-09-22,491.56,1,25.4,0,15.0,1,53.6
C004499,2022-12-16,Startup,APAC,Starter,Paid Search,2,52.84,1111,27.0,0,13.7,0.367,0,0,,2025-12-31,1374.35,26,2025-11-01,2023-01-18,52.86,0,0.0,0,60.0,1,71.5
C004500,2023-05-09,SMB,Europe,Pro,Paid Search,12,150.06,967,1.0,1,60.2,0.26,0,0,,2025-12-31,2966.39,20,2025-08-10,2023-07-29,148.32,2,8.4,0,143.0,1,48.2
C004501,2024-09-17,SMB,Europe,Pro,Paid Search,13,146.5,470,4.0,3,39.2,0.803,1,0,,2025-12-31,1557.03,11,2025-11-20,2025-02-04,141.55,3,15.2,0,41.0,1,60.1
C004502,2024-02-03,Startup,North America,Free,Paid Search,3,0.0,697,6.0,0,75.1,0.844,0,0,,2025-12-31,0.0,4,2025-11-03,2024-08-20,0.0,0,0.0,0,58.0,0,73.2
C004503,2025-11-27,SMB,North America,Starter,Paid Search,22,57.41,34,14.4,0,23.6,0.455,0,1,2025-12-24,2025-12-31,0.0,0,,,0.0,1,7.5,1,,0,63.9
C004504,2025-01-08,SMB,LATAM,Enterprise,Organic,13,1108.07,357,2.0,0,88.6,0.441,1,0,,2025-12-31,2760.15,3,2025-11-03,2025-01-28,920.05,2,7.8,0,58.0,1,56.9
C004505,2022-01-25,Startup,North America,Pro,Partner,1,149.75,1436,3.0,2,35.1,0.12,0,0,,2025-12-31,2780.74,18,2025-12-03,2022-02-19,154.49,4,14.6,1,28.0,1,41.8
C004506,2023-06-26,SMB,North America,Starter,Partner,23,48.58,919,20.0,1,21.8,0.348,0,0,,2025-12-31,1119.39,24,2025-08-28,2023-08-12,46.64,1,1.9,0,125.0,1,64.0
C004507,2023-02-19,Startup,North America,Business,Partner,4,364.12,1046,11.0,1,95.2,0.805,1,0,,2025-12-31,6109.85,16,2025-12-30,2023-04-20,381.87,2,11.6,0,1.0,1,75.0
C004508,2024-04-20,Enterprise,LATAM,Pro,Sales,366,150.7,620,19.0,0,-10.7,0.518,0,0,,2025-12-31,1510.96,11,2025-11-03,2024-09-17,137.36,0,0.0,0,58.0,1,66.4
C004509,2023-01-15,Enterprise,APAC,Pro,Paid Search,217,180.51,1081,10.0,0,21.2,0.537,0,0,,2025-12-31,5867.15,30,2025-12-27,2023-01-30,195.57,0,0.0,0,4.0,1,62.2
C004510,2025-10-13,SMB,Europe,Starter,Sales,18,54.72,79,0.9,1,-6.6,0.418,1,1,2025-12-23,2025-12-31,103.36000000000001,2,2025-12-11,2025-10-20,51.68,1,9.6,0,20.0,0,44.2
C004511,2023-03-05,Enterprise,LATAM,Free,Paid Search,223,0.0,1032,6.9,1,-11.0,0.41,1,1,2024-08-06,2025-12-31,57.11,5,2024-01-21,2023-04-12,11.42,1,17.4,0,710.0,0,48.9
C004512,2024-01-17,Startup,North America,Starter,Paid Search,3,47.81,714,3.0,0,-16.7,0.958,0,0,,2025-12-31,979.44,19,2025-12-20,2024-02-05,51.55,0,0.0,0,11.0,1,64.7
C004513,2022-06-25,Enterprise,APAC,Enterprise,Partner,394,1509.74,1285,13.0,2,50.4,0.638,2,0,,2025-12-31,43676.37,28,2025-10-31,2022-07-07,1559.87,2,19.3,0,61.0,1,63.8
C004514,2025-07-25,SMB,North America,Pro,Organic,6,135.65,159,16.7,1,1.8,0.775,0,1,2025-11-11,2025-12-31,286.4,2,2025-09-29,2025-07-30,143.2,5,10.7,0,93.0,0,71.8
C004515,2025-07-27,Mid-Market,North America,Business,Organic,58,479.88,157,1.9,1,28.6,0.424,0,1,2025-12-13,2025-12-31,1939.1599999999999,5,2025-12-06,2025-08-05,387.83,1,8.2,0,25.0,0,50.8
C004516,2025-02-08,Startup,North America,Free,Paid Search,1,0.0,326,5.0,1,57.3,0.546,0,0,,2025-12-31,41.91,6,2025-11-20,2025-03-04,6.98,1,48.1,0,41.0,0,60.1
C004517,2023-05-18,Mid-Market,LATAM,Business,Organic,79,391.98,958,26.0,2,46.6,0.249,1,0,,2025-12-31,5586.1900000000005,15,2025-11-13,2023-06-20,372.41,2,23.3,0,48.0,1,65.3
C004518,2022-03-25,Enterprise,LATAM,Pro,Organic,148,178.83,1377,8.0,1,45.3,0.543,0,0,,2025-12-31,2978.01,17,2025-11-10,2022-04-13,175.18,1,70.4,0,51.0,1,61.5
C004519,2024-10-13,Enterprise,Europe,Pro,Referral,472,189.21,444,10.0,1,65.3,0.279,0,0,,2025-12-31,1454.54,8,2025-11-22,2025-02-01,181.82,2,28.0,0,39.0,1,57.3
C004520,2023-09-06,SMB,North America,Starter,Paid Search,4,51.96,847,19.0,3,75.2,0.785,2,0,,2025-12-31,623.14,11,2025-08-26,2023-10-25,56.65,3,50.0,0,127.0,1,74.5
C004521,2025-11-17,Startup,North America,Pro,Organic,1,167.4,44,1.5,1,3.7,0.683,0,1,2025-12-21,2025-12-31,192.49,1,2025-12-15,2025-12-15,192.49,2,10.4,0,16.0,0,55.7
C004522,2024-09-25,Startup,Europe,Free,Organic,3,0.0,462,1.0,0,47.1,0.333,0,0,,2025-12-31,41.39,9,2025-12-07,2024-11-20,4.6,0,0.0,0,24.0,0,50.6
C004523,2024-02-10,Mid-Market,North America,Free,Sales,65,0.0,690,23.0,3,28.2,0.282,0,0,,2025-12-31,24.92,13,2025-12-12,2024-02-19,1.92,3,13.8,0,19.0,0,62.3
C004524,2025-11-11,SMB,North America,Business,Sales,8,389.6,50,26.0,0,31.3,0.383,0,0,,2025-12-31,494.64,1,2025-11-21,2025-11-21,494.64,1,8.1,0,40.0,1,72.8
C004525,2025-02-18,Enterprise,Europe,Free,Partner,379,0.0,316,27.0,0,-2.8,0.497,0,0,,2025-12-31,34.22,11,2025-11-29,2025-02-21,3.11,1,9.9,0,32.0,0,73.7
C004526,2023-10-18,SMB,Europe,Free,Organic,16,0.0,805,0.0,1,21.7,0.083,2,0,,2025-12-31,110.58,19,2025-10-19,2023-10-22,5.82,2,14.0,0,73.0,0,34.2
C004527,2022-01-27,SMB,LATAM,Enterprise,Paid Search,4,1342.81,1434,14.0,0,24.4,0.182,0,0,,2025-12-31,28887.64,23,2025-12-04,2022-02-25,1255.98,0,0.0,0,27.0,1,55.4
C004528,2022-05-13,Mid-Market,Europe,Starter,Paid Search,46,55.89,1328,23.0,0,70.8,0.519,2,0,,2025-12-31,1235.61,22,2025-09-09,2022-05-27,56.16,0,0.0,0,113.0,1,74.2
C004529,2023-09-27,SMB,North America,Pro,Referral,22,135.39,826,23.0,1,6.1,0.374,2,0,,2025-12-31,2353.18,18,2025-11-17,2023-11-22,130.73,2,26.8,0,44.0,1,61.9
C004530,2024-03-14,Startup,Europe,Business,Paid Search,3,375.05,657,10.0,2,-24.6,0.798,0,0,,2025-12-31,4547.29,12,2025-12-13,2024-05-02,378.94,3,15.0,0,18.0,1,62.4
C004531,2022-02-13,Enterprise,North America,Business,Referral,343,454.64,1417,13.0,3,34.8,0.751,1,0,,2025-12-31,13306.42,30,2025-10-05,2022-02-17,443.55,4,8.0,1,87.0,1,66.1
C004532,2022-06-30,Mid-Market,Europe,Free,Paid Search,42,0.0,1280,4.0,0,3.6,0.388,0,0,,2025-12-31,89.16,24,2025-12-04,2022-07-23,3.72,0,0.0,0,27.0,0,50.6
C004533,2024-10-04,Mid-Market,APAC,Pro,Referral,62,175.38,453,3.0,0,31.5,0.403,0,0,,2025-12-31,1668.34,10,2025-12-06,2025-01-19,166.83,0,0.0,0,25.0,1,52.9
C004534,2024-12-10,Mid-Market,North America,Pro,Paid Search,77,177.54,386,10.0,3,51.5,0.382,0,0,,2025-12-31,1778.96,11,2025-12-28,2025-01-08,161.72,3,11.7,0,3.0,1,56.0
C004535,2022-02-12,Mid-Market,North America,Starter,Paid Search,29,44.82,1418,6.0,2,32.5,0.08,0,0,,2025-12-31,1659.18,37,2025-12-15,2022-03-03,44.84,2,4.6,0,16.0,1,43.0
C004536,2023-12-27,SMB,APAC,Business,Paid Search,12,432.45,735,27.0,0,24.2,0.189,0,0,,2025-12-31,7034.59,17,2025-12-31,2024-01-21,413.8,1,1.6,0,0.0,1,67.2
C004537,2022-04-26,Enterprise,Europe,Enterprise,Partner,174,1519.33,1345,2.0,1,31.1,0.213,1,0,,2025-12-31,34814.84,24,2025-09-11,2022-05-15,1450.62,1,15.6,0,111.0,1,42.8
C004538,2024-10-31,SMB,Europe,Free,Sales,19,0.0,426,14.0,1,56.2,0.619,2,0,,2025-12-31,18.42,6,2025-12-27,2024-11-03,3.07,1,9.3,0,4.0,0,66.2
C004539,2025-04-07,Startup,APAC,Free,Paid Search,2,0.0,268,15.0,1,6.1,0.287,1,0,,2025-12-31,8.48,2,2025-12-01,2025-09-03,4.24,1,7.3,1,30.0,0,54.1
C004540,2025-05-28,Startup,Europe,Business,Sales,2,360.15,217,0.3,3,53.2,0.246,0,1,2025-07-10,2025-12-31,969.1400000000001,3,2025-06-23,2025-06-04,323.05,3,12.4,0,191.0,0,43.5
C004541,2024-05-05,SMB,North America,Pro,Paid Search,19,168.79,605,12.0,2,9.9,0.28,0,0,,2025-12-31,1112.54,6,2025-04-16,2024-06-17,185.42,2,4.7,0,259.0,1,52.1
C004542,2024-06-18,Mid-Market,APAC,Business,Paid Search,33,389.52,561,26.0,1,50.1,0.127,0,0,,2025-12-31,4705.76,13,2025-12-24,2024-06-29,361.98,3,6.2,0,7.0,1,65.5
C004543,2025-08-18,Enterprise,LATAM,Free,Organic,381,0.0,135,0.8,1,-3.6,0.33,0,1,2025-10-06,2025-12-31,0.0,2,2025-08-30,2025-08-20,0.0,1,17.9,0,123.0,0,43.8
C004544,2024-05-25,Mid-Market,North America,Free,Organic,70,0.0,585,4.0,2,48.6,0.635,0,0,,2025-12-31,60.900000000000006,11,2025-12-25,2025-01-07,5.54,3,22.7,0,6.0,0,59.5
C004545,2023-10-01,Startup,North America,Pro,Referral,2,172.35,822,4.0,0,32.5,0.176,0,0,,2025-12-31,4628.43,25,2025-12-23,2023-12-21,185.14,0,0.0,0,8.0,1,47.1
C004546,2024-12-15,Startup,APAC,Enterprise,Organic,6,1314.45,381,1.0,0,37.4,0.326,0,0,,2025-12-31,9856.69,7,2025-11-14,2025-02-21,1408.1,0,0.0,0,47.0,1,49.4
C004547,2024-04-24,Mid-Market,Europe,Free,Paid Search,28,0.0,616,24.0,0,59.0,0.25,0,0,,2025-12-31,76.29,15,2025-12-22,2024-05-27,5.09,1,32.4,0,9.0,0,69.8
C004548,2025-04-19,Mid-Market,North America,Business,Organic,32,457.44,256,0.5,0,14.5,0.54,1,1,2025-07-16,2025-12-31,829.61,2,2025-06-20,2025-05-21,414.8,0,0.0,0,194.0,0,51.1
C004549,2024-01-21,SMB,Europe,Starter,Referral,15,55.64,710,2.1,1,34.4,0.591,1,1,2024-12-25,2025-12-31,531.0600000000001,9,2024-10-16,2024-03-03,59.01,2,30.0,0,441.0,0,54.5
C004550,2025-05-27,Mid-Market,APAC,Free,Sales,21,0.0,218,6.6,3,42.6,0.629,1,1,2025-06-28,2025-12-31,9.38,1,2025-06-18,2025-06-18,9.38,3,15.3,0,196.0,0,57.5
C004551,2022-03-06,Startup,Europe,Pro,Referral,6,146.8,1396,27.0,1,27.5,0.705,0,0,,2025-12-31,4358.09,30,2025-11-12,2022-04-02,145.27,2,13.2,0,49.0,1,81.5
C004552,2022-02-22,Mid-Market,North America,Starter,Paid Search,47,57.4,1408,4.0,0,52.9,0.632,0,0,,2025-12-31,1561.49,29,2025-12-29,2022-02-28,53.84,0,0.0,0,2.0,1,62.8
C004553,2022-05-22,Mid-Market,North America,Pro,Paid Search,62,177.96,1319,10.0,0,43.2,0.475,1,0,,2025-12-31,6286.56,35,2025-12-13,2022-06-06,179.62,1,43.1,0,18.0,1,60.5
C004554,2024-03-06,SMB,Europe,Starter,Organic,11,55.15,665,5.0,0,20.5,0.556,0,0,,2025-12-31,637.07,12,2025-05-18,2024-04-28,53.09,0,0.0,0,227.0,1,58.2
C004555,2024-10-10,Mid-Market,LATAM,Pro,Sales,39,168.74,447,5.0,3,66.5,0.423,1,0,,2025-12-31,1371.53,8,2025-12-06,2024-10-13,171.44,3,13.7,0,25.0,1,52.3
C004556,2022-11-06,Mid-Market,Europe,Starter,Organic,36,47.63,1151,26.0,4,49.0,0.744,3,0,,2025-12-31,837.32,18,2025-12-04,2023-03-15,46.52,4,6.9,0,27.0,1,73.4
C004557,2022-08-11,Startup,North America,Business,Sales,6,471.5,1238,9.0,1,13.9,0.651,0,0,,2025-12-31,15262.12,33,2025-11-28,2022-08-23,462.49,2,40.8,0,33.0,1,62.5
C004558,2025-05-15,Mid-Market,LATAM,Enterprise,Referral,77,1220.13,230,17.0,0,13.7,0.184,0,0,,2025-12-31,4415.46,4,2025-10-23,2025-06-01,1103.86,0,0.0,0,69.0,1,57.1
C004559,2024-12-09,SMB,North America,Starter,Referral,5,49.48,387,4.0,3,29.5,0.336,0,0,,2025-12-31,407.14,8,2025-10-08,2025-02-28,50.89,4,40.3,0,84.0,1,47.1
C004560,2024-07-16,SMB,Europe,Starter,Referral,4,44.05,533,7.0,0,46.2,0.088,0,0,,2025-12-31,557.66,12,2025-11-28,2024-10-06,46.47,0,0.0,0,33.0,1,48.5
C004561,2023-11-30,Mid-Market,North America,Enterprise,Paid Search,53,1109.79,762,10.0,0,-20.3,0.493,0,0,,2025-12-31,17690.87,17,2025-12-21,2024-02-10,1040.64,0,0.0,0,10.0,1,56.7
C004562,2023-08-24,Enterprise,APAC,Free,Organic,85,0.0,860,16.0,4,15.0,0.648,0,0,,2025-12-31,132.52,22,2025-11-21,2023-09-19,6.02,4,18.9,0,40.0,0,64.2
C004563,2022-01-30,Mid-Market,APAC,Business,Paid Search,23,439.82,1431,25.0,1,20.6,0.169,0,0,,2025-12-31,14482.36,34,2025-12-31,2022-03-29,425.95,1,3.1,0,0.0,1,63.0
C004564,2022-09-26,Enterprise,APAC,Pro,Organic,285,155.63,1192,6.0,0,-0.9,0.411,0,0,,2025-12-31,4091.6,28,2025-11-27,2022-10-02,146.13,0,0.0,0,34.0,1,52.6
C004565,2025-07-06,Mid-Market,North America,Business,Referral,79,483.34,178,18.0,1,9.5,0.675,0,0,,2025-12-31,3074.71,7,2025-12-26,2025-07-24,439.24,2,10.9,0,5.0,1,70.8
C004566,2023-04-30,Startup,Europe,Starter,Paid Search,6,43.58,976,13.0,2,38.4,0.796,0,0,,2025-12-31,917.29,21,2025-12-17,2023-09-09,43.68,2,6.0,0,14.0,1,71.3
C004567,2024-10-04,SMB,North America,Starter,Sales,7,46.38,453,22.0,2,22.8,0.378,0,0,,2025-12-31,259.52,5,2025-09-28,2024-10-23,51.9,3,7.5,0,94.0,1,65.3
C004568,2024-10-03,Startup,LATAM,Starter,Referral,6,44.52,454,9.0,2,24.7,0.149,0,0,,2025-12-31,340.96000000000004,7,2025-11-02,2024-11-15,48.71,3,15.7,0,59.0,1,47.0
C004569,2023-03-19,SMB,North America,Free,Organic,4,0.0,1018,11.0,0,0.5,0.136,0,0,,2025-12-31,72.03,12,2025-11-20,2023-05-16,6.0,1,25.3,0,41.0,0,49.0
C004570,2022-10-20,SMB,Europe,Starter,Organic,3,46.4,1168,17.0,0,29.7,0.457,0,0,,2025-12-31,1130.3,24,2025-12-04,2022-12-30,47.1,0,0.0,0,27.0,1,66.9
C004571,2024-09-16,SMB,APAC,Enterprise,Paid Search,21,1413.71,471,12.0,0,-2.6,0.374,1,0,,2025-12-31,15877.01,12,2025-11-04,2024-09-20,1323.08,0,0.0,0,57.0,1,54.7
C004572,2022-05-14,Mid-Market,North America,Starter,Organic,65,58.77,1327,21.0,1,71.5,0.439,1,0,,2025-12-31,1848.04,32,2025-12-09,2022-05-14,57.75,2,6.4,0,22.0,1,70.6
C004573,2023-12-09,Mid-Market,North America,Free,Partner,65,0.0,753,0.0,2,78.6,0.53,0,0,,2025-12-31,19.509999999999998,10,2025-05-03,2024-01-28,1.95,2,37.0,0,242.0,0,55.8
C004574,2025-06-23,SMB,North America,Starter,Referral,10,44.81,191,9.0,1,23.2,0.511,1,0,,2025-12-31,301.76,6,2025-11-22,2025-07-28,50.29,2,13.2,0,39.0,1,57.2
C004575,2024-10-14,SMB,Europe,Starter,Referral,15,54.55,443,4.0,1,6.9,0.436,1,0,,2025-12-31,537.53,10,2025-12-31,2024-11-30,53.75,2,4.1,0,0.0,1,48.8
C004576,2024-12-28,SMB,LATAM,Pro,Paid Search,6,163.92,368,4.0,0,56.4,0.465,1,0,,2025-12-31,870.08,5,2025-11-25,2025-02-23,174.02,0,0.0,0,36.0,1,56.2
C004577,2022-04-30,Mid-Market,Europe,Free,Referral,68,0.0,1341,1.0,4,49.8,0.435,0,0,,2025-12-31,178.95,28,2025-11-22,2022-05-08,6.39,4,10.1,0,39.0,0,47.9
C004578,2022-10-13,Startup,LATAM,Business,Partner,4,463.62,1175,9.0,0,81.9,0.53,0,0,,2025-12-31,13339.63,29,2025-12-02,2023-01-03,459.99,0,0.0,0,29.0,1,67.1
C004579,2023-01-29,Enterprise,North America,Business,Sales,351,413.52,1067,6.0,3,88.5,0.36,0,0,,2025-12-31,11178.43,26,2025-11-15,2023-05-12,429.94,3,12.2,0,46.0,1,55.5
C004580,2023-02-23,Startup,North America,Starter,Referral,2,55.86,1042,21.0,1,-15.7,0.931,0,0,,2025-12-31,667.42,13,2025-09-21,2023-03-19,51.34,1,9.4,1,101.0,1,78.6
C004581,2022-10-05,Startup,LATAM,Business,Referral,4,415.7,1183,14.0,1,64.0,0.361,1,0,,2025-12-31,11200.3,27,2025-12-19,2022-10-19,414.83,1,26.3,0,12.0,1,61.2
C004582,2025-10-22,Startup,APAC,Starter,Organic,6,57.24,70,22.0,1,29.4,0.584,0,0,,2025-12-31,175.24,3,2025-12-31,2025-10-27,58.41,2,16.6,0,0.0,1,73.6
C004583,2022-08-24,SMB,North America,Starter,Referral,16,54.5,1225,24.0,2,48.7,0.479,0,0,,2025-12-31,1414.47,25,2025-12-20,2022-11-03,56.58,2,7.0,1,11.0,1,72.7
C004584,2024-10-09,Mid-Market,Europe,Enterprise,Paid Search,58,1284.0,448,10.9,1,54.4,0.62,2,1,2025-06-22,2025-12-31,2206.7599999999998,2,2025-04-26,2024-11-24,1103.38,1,11.5,0,249.0,0,63.3
C004585,2024-04-19,SMB,APAC,Business,Paid Search,3,419.68,621,11.0,0,53.4,0.734,0,0,,2025-12-31,4061.85,10,2025-12-23,2024-04-21,406.18,2,8.6,0,8.0,1,72.2
C004586,2024-05-23,SMB,APAC,Starter,Paid Search,6,46.86,587,27.0,3,60.0,0.743,0,0,,2025-12-31,760.58,15,2025-12-21,2024-07-14,50.71,4,8.5,0,10.0,1,82.9
C004587,2022-11-03,SMB,Europe,Pro,Paid Search,22,161.62,1154,10.0,1,21.0,0.427,1,0,,2025-12-31,4098.22,26,2025-12-09,2022-11-18,157.62,1,19.1,0,22.0,1,55.3
C004588,2023-03-16,Mid-Market,North America,Starter,Organic,73,49.56,1021,23.0,1,11.2,0.48,0,0,,2025-12-31,981.74,21,2025-12-17,2023-05-15,46.75,1,6.0,0,14.0,1,69.6
C004589,2024-05-17,Mid-Market,North America,Pro,Organic,30,156.45,593,4.0,2,64.7,0.376,0,0,,2025-12-31,3155.68,21,2025-12-27,2024-05-19,150.27,3,22.3,0,4.0,1,53.3
C004590,2023-03-04,Mid-Market,Europe,Pro,Referral,19,148.32,1033,27.0,2,13.2,0.634,2,0,,2025-12-31,2318.98,15,2025-06-17,2023-06-24,154.6,2,13.5,0,197.0,1,72.4
C004591,2024-09-19,SMB,Europe,Free,Partner,20,0.0,468,8.0,2,81.5,0.481,0,0,,2025-12-31,96.16999999999999,14,2025-12-29,2024-10-30,6.87,2,6.4,0,2.0,0,61.7
C004592,2022-02-26,SMB,North America,Enterprise,Sales,9,1390.62,1404,3.4,2,15.9,0.639,0,1,2025-02-07,2025-12-31,32613.81,24,2025-01-23,2022-05-03,1358.91,3,14.5,0,342.0,0,55.8
C004593,2022-04-15,Startup,North America,Pro,Referral,5,157.44,1356,9.0,0,25.5,0.622,0,0,,2025-12-31,4239.63,25,2025-11-08,2022-05-09,169.59,1,30.3,0,53.0,1,64.2
C004594,2024-11-07,SMB,North America,Free,Paid Search,21,0.0,419,6.0,2,30.2,0.554,0,0,,2025-12-31,9.89,5,2025-10-30,2024-12-23,1.98,3,9.5,0,62.0,0,57.0
C004595,2024-05-31,SMB,Europe,Business,Referral,5,437.8,579,9.0,2,-3.5,0.279,0,0,,2025-12-31,5050.14,11,2025-11-10,2024-06-02,459.1,2,9.1,0,51.0,1,48.1
C004596,2022-03-03,Mid-Market,North America,Business,Partner,58,452.45,1399,17.0,0,-3.5,0.616,0,0,,2025-12-31,14409.53,34,2025-10-08,2022-04-27,423.81,1,10.6,0,84.0,1,68.3
C004597,2025-07-09,SMB,North America,Starter,Organic,21,45.62,175,1.5,1,57.8,0.207,1,1,2025-10-16,2025-12-31,116.50999999999999,2,2025-10-01,2025-09-28,58.26,2,7.2,0,91.0,0,44.8
C004598,2022-01-07,Mid-Market,North America,Pro,Sales,77,152.85,1454,5.0,1,-8.0,0.062,0,0,,2025-12-31,5065.13,32,2025-12-29,2022-01-15,158.29,2,13.2,0,2.0,1,39.0
C004599,2025-09-28,Mid-Market,APAC,Business,Sales,19,391.63,94,25.0,0,98.0,0.767,0,0,,2025-12-31,497.23,1,2025-12-04,2025-12-04,497.23,1,12.5,0,27.0,1,90.1
C004600,2024-11-09,Enterprise,Europe,Enterprise,Organic,65,1285.07,417,2.0,1,32.6,0.224,0,0,,2025-12-31,7387.17,6,2025-10-10,2024-11-22,1231.2,1,29.0,0,82.0,1,45.3
C004601,2025-11-14,Mid-Market,North America,Starter,Referral,26,50.38,47,20.0,2,9.3,0.119,0,0,,2025-12-31,30.96,1,2025-12-02,2025-12-02,30.96,3,16.3,0,29.0,1,54.4
C004602,2025-09-18,Mid-Market,Europe,Pro,Organic,70,177.61,104,8.0,0,45.5,0.09,0,0,,2025-12-31,435.58000000000004,3,2025-12-29,2025-11-25,145.19,0,0.0,0,2.0,1,49.4
C004603,2023-03-24,SMB,Europe,Business,Sales,7,401.98,1013,8.0,0,-26.5,0.352,0,0,,2025-12-31,14247.09,34,2025-12-10,2023-07-02,419.03,0,0.0,0,21.0,1,50.1
C004604,2024-12-17,Enterprise,Europe,Enterprise,Partner,51,1146.54,379,10.0,1,26.7,0.415,0,0,,2025-12-31,9478.35,9,2025-12-18,2024-12-19,1053.15,1,8.4,0,13.0,1,57.5
C004605,2022-10-29,Mid-Market,Europe,Free,Organic,41,0.0,1159,10.0,0,29.9,0.581,1,0,,2025-12-31,62.519999999999996,15,2025-12-03,2022-12-15,4.17,0,0.0,0,28.0,0,62.3
C004606,2023-11-06,Enterprise,Europe,Pro,Referral,313,148.18,786,19.0,0,3.3,0.475,2,0,,2025-12-31,1694.48,12,2025-12-17,2023-12-01,141.21,1,12.9,0,14.0,1,62.5
C004607,2022-12-10,SMB,APAC,Business,Paid Search,9,395.51,1117,22.0,1,19.2,0.496,1,0,,2025-12-31,8252.83,19,2025-07-30,2022-12-31,434.36,2,10.8,0,154.0,1,67.9
C004608,2023-11-27,SMB,North America,Free,Organic,12,0.0,765,10.0,1,73.2,0.471,0,0,,2025-12-31,77.76,16,2025-11-23,2023-12-30,4.86,2,26.4,0,38.0,0,63.9
C004609,2025-06-01,Mid-Market,North America,Starter,Referral,78,53.81,213,4.0,2,39.6,0.318,1,0,,2025-12-31,196.59,4,2025-12-11,2025-07-29,49.15,2,11.2,0,20.0,1,47.1
C004610,2023-09-16,Mid-Market,North America,Pro,Referral,43,153.47,837,0.0,1,45.0,0.235,0,0,,2025-12-31,1839.96,13,2025-12-30,2023-11-20,141.54,1,13.3,1,1.0,1,45.0
C004611,2022-05-13,Startup,Europe,Pro,Paid Search,5,172.7,1328,20.0,2,15.3,0.567,0,0,,2025-12-31,3829.2,22,2025-11-23,2022-06-10,174.05,2,9.2,0,38.0,1,68.4
C004612,2023-04-10,SMB,Europe,Business,Referral,6,409.38,996,25.0,2,1.9,0.473,0,0,,2025-12-31,10370.94,25,2025-12-24,2023-06-12,414.84,5,13.6,0,7.0,1,68.7
C004613,2025-01-29,SMB,APAC,Free,Organic,14,0.0,336,0.0,1,29.0,0.282,0,0,,2025-12-31,59.78,11,2025-12-08,2025-02-13,5.43,1,10.7,0,23.0,0,44.9
C004614,2024-01-17,SMB,North America,Business,Paid Search,6,377.53,714,16.0,0,-26.4,0.517,0,0,,2025-12-31,4903.32,15,2025-09-22,2024-02-08,326.89,0,0.0,0,100.0,1,62.2
C004615,2024-03-12,Startup,Europe,Starter,Partner,7,49.03,659,1.3,1,7.6,0.083,0,1,2025-08-12,2025-12-31,551.43,11,2025-08-09,2024-03-25,50.13,2,3.1,0,144.0,0,37.9
C004616,2023-09-09,Startup,North America,Business,Organic,4,412.72,844,5.0,2,3.7,0.298,1,0,,2025-12-31,9811.48,24,2025-10-06,2023-11-06,408.81,2,8.9,0,86.0,1,43.8
C004617,2023-02-23,Mid-Market,North America,Starter,Paid Search,37,52.76,1042,23.0,2,-16.0,0.465,1,0,,2025-12-31,1138.86,20,2025-11-22,2023-05-24,56.94,2,9.2,0,39.0,1,62.9
C004618,2024-05-05,SMB,APAC,Free,Sales,16,0.0,605,4.4,2,51.2,0.511,1,1,2025-04-10,2025-12-31,23.07,5,2024-12-20,2024-07-31,4.61,4,24.5,1,376.0,0,54.4
C004619,2024-06-24,Mid-Market,North America,Enterprise,Referral,49,1324.71,555,8.0,2,31.7,0.138,0,0,,2025-12-31,11262.75,7,2025-09-27,2024-09-08,1608.96,2,19.5,0,95.0,1,46.5
C004620,2025-07-08,SMB,North America,Business,Partner,24,475.34,176,3.0,2,19.5,0.496,0,0,,2025-12-31,3274.66,7,2025-11-26,2025-07-15,467.81,2,20.4,0,35.0,1,51.5
C004621,2024-06-02,Mid-Market,North America,Starter,Partner,75,59.91,577,25.0,2,51.8,0.888,0,0,,2025-12-31,606.12,10,2025-09-18,2024-10-20,60.61,2,19.4,0,104.0,1,86.1
C004622,2025-11-23,Enterprise,APAC,Starter,Sales,254,53.34,38,10.8,1,-6.1,0.431,1,1,2025-12-24,2025-12-31,0.0,0,,,0.0,1,9.8,0,,0,53.5
C004623,2025-03-28,Startup,North America,Pro,Referral,2,160.64,278,25.0,0,1.4,0.602,1,0,,2025-12-31,815.1,5,2025-11-17,2025-04-19,163.02,0,0.0,0,44.0,1,73.5
C004624,2022-04-23,Startup,LATAM,Enterprise,Organic,1,1320.48,1348,6.0,1,62.9,0.638,1,0,,2025-12-31,44069.54,33,2025-12-28,2022-05-08,1335.44,3,15.7,0,3.0,1,62.3
C004625,2023-07-15,Mid-Market,LATAM,Starter,Paid Search,23,50.0,900,3.1,4,92.0,0.164,1,1,2025-11-26,2025-12-31,1350.23,26,2025-10-13,2023-09-05,51.93,4,13.4,0,79.0,0,43.9
C004626,2023-07-05,Startup,APAC,Enterprise,Organic,7,1168.62,910,26.0,1,52.1,0.832,0,0,,2025-12-31,15522.55,12,2025-10-26,2023-10-17,1293.55,1,11.4,0,66.0,1,86.9
C004627,2022-01-05,Mid-Market,North America,Starter,Organic,29,58.28,1456,17.0,0,46.8,0.287,2,0,,2025-12-31,1943.94,35,2025-11-03,2022-03-21,55.54,1,5.7,0,58.0,1,59.5
C004628,2022-09-16,SMB,Europe,Pro,Organic,24,163.04,1202,7.0,0,20.5,0.701,0,0,,2025-12-31,4660.33,29,2025-12-10,2023-01-23,160.7,0,0.0,0,21.0,1,64.3
C004629,2024-12-25,Startup,North America,Starter,Partner,5,46.02,371,0.2,2,21.0,0.04,0,1,2025-09-10,2025-12-31,625.26,13,2025-09-04,2025-01-23,48.1,2,23.0,0,118.0,0,35.5
C004630,2023-05-19,Mid-Market,APAC,Free,Referral,54,0.0,957,22.0,3,40.7,0.266,0,0,,2025-12-31,157.49,23,2025-10-15,2023-07-21,6.85,4,21.9,0,77.0,0,62.2
C004631,2022-07-31,SMB,Europe,Enterprise,Sales,24,1170.8,1249,22.0,1,69.3,0.652,0,0,,2025-12-31,40784.11,35,2025-10-27,2022-12-18,1165.26,1,6.6,1,65.0,1,79.6
C004632,2023-02-16,SMB,North America,Starter,Paid Search,22,51.51,1049,0.0,2,45.7,0.044,0,0,,2025-12-31,882.33,18,2025-12-13,2023-06-19,49.02,2,14.8,0,18.0,1,37.9
C004633,2023-01-28,Mid-Market,North America,Enterprise,Paid Search,30,1351.58,1068,13.0,1,58.9,0.398,0,0,,2025-12-31,31298.51,23,2025-12-26,2023-02-07,1360.8,1,4.3,0,5.0,1,62.9
C004634,2022-09-07,SMB,APAC,Free,Organic,19,0.0,1211,13.0,1,12.1,0.369,0,0,,2025-12-31,91.25,26,2025-10-21,2022-10-20,3.51,1,42.6,0,71.0,0,57.4
C004635,2022-05-25,Mid-Market,APAC,Starter,Organic,39,51.08,1316,4.0,3,50.4,0.167,0,1,2023-02-26,2025-12-31,554.33,11,2023-02-25,2022-07-03,50.39,3,6.5,0,1040.0,0,44.1
C004636,2024-12-28,SMB,Europe,Enterprise,Organic,9,1104.33,368,6.1,3,18.2,0.475,0,1,2025-10-05,2025-12-31,9318.89,8,2025-07-20,2025-01-03,1164.86,3,7.3,0,164.0,0,52.0
C004637,2025-03-25,Mid-Market,Europe,Pro,Sales,76,175.31,281,9.0,0,38.5,0.288,0,0,,2025-12-31,989.39,6,2025-10-14,2025-04-18,164.9,1,14.1,0,78.0,1,55.5
C004638,2023-12-11,Mid-Market,APAC,Starter,Organic,65,55.73,751,9.0,0,50.4,0.389,0,0,,2025-12-31,571.1999999999999,10,2025-12-25,2024-02-22,57.12,0,0.0,0,6.0,1,59.7
C004639,2024-05-30,SMB,APAC,Pro,Referral,24,164.37,580,25.0,0,21.7,0.442,0,0,,2025-12-31,1787.93,10,2025-12-29,2024-10-14,178.79,1,28.2,0,2.0,1,72.8
C004640,2025-08-07,Mid-Market,APAC,Starter,Paid Search,74,50.17,146,27.0,1,9.6,0.13,0,0,,2025-12-31,173.49,3,2025-12-09,2025-09-18,57.83,1,7.8,0,22.0,1,62.5
C004641,2025-04-20,SMB,North America,Business,Paid Search,22,366.06,255,3.0,2,44.1,0.516,0,0,,2025-12-31,2900.81,8,2025-12-13,2025-05-02,362.6,3,14.5,0,18.0,1,54.6
C004642,2022-02-16,SMB,Europe,Free,Referral,24,0.0,1414,20.0,0,31.6,0.123,0,0,,2025-12-31,83.36999999999999,31,2025-11-28,2022-03-24,2.69,0,0.0,0,33.0,0,59.7
C004643,2025-09-24,SMB,APAC,Pro,Sales,17,170.72,98,11.1,1,38.4,0.912,0,1,2025-11-17,2025-12-31,638.13,4,2025-11-17,2025-10-10,159.53,3,25.2,1,44.0,0,74.6
C004644,2022-04-06,Enterprise,North America,Free,Organic,373,0.0,1365,2.8,1,51.4,0.042,0,1,2025-07-26,2025-12-31,73.91,25,2025-04-12,2022-04-23,2.96,3,7.5,0,263.0,0,42.4
C004645,2022-02-07,Startup,North America,Pro,Sales,3,161.59,1423,5.0,0,67.7,0.188,0,0,,2025-12-31,3645.68,22,2025-09-15,2022-08-03,165.71,0,0.0,0,107.0,1,51.9
C004646,2023-07-31,SMB,North America,Enterprise,Organic,23,1134.22,884,21.0,0,51.6,0.116,0,0,,2025-12-31,19607.13,18,2025-09-03,2023-08-14,1089.29,1,6.8,0,119.0,1,62.4
C004647,2024-12-02,Mid-Market,Europe,Business,Referral,41,458.43,394,3.2,3,48.3,0.683,0,1,2025-02-23,2025-12-31,1273.3200000000002,3,2025-02-18,2024-12-09,424.44,3,6.5,0,316.0,0,58.7
C004648,2022-04-25,SMB,APAC,Starter,Organic,7,56.46,1346,3.0,0,22.5,0.359,0,0,,2025-12-31,1874.49,35,2025-12-06,2022-05-01,53.56,0,0.0,0,25.0,1,50.7
C004649,2023-02-23,SMB,North America,Starter,Paid Search,5,49.07,1042,27.0,1,26.3,0.208,0,0,,2025-12-31,1122.57,23,2025-12-05,2023-04-03,48.81,2,27.4,0,26.0,1,66.5
C004650,2023-01-11,SMB,Europe,Free,Referral,14,0.0,1085,25.0,1,46.4,0.159,1,0,,2025-12-31,76.66,18,2025-11-13,2023-02-07,4.26,2,14.2,0,48.0,0,63.2
C004651,2023-07-23,SMB,North America,Business,Referral,15,419.3,892,3.9,1,25.9,0.429,0,1,2025-01-01,2025-12-31,3595.15,9,2024-12-31,2023-11-01,399.46,1,9.2,0,365.0,0,52.4
C004652,2025-11-11,SMB,APAC,Free,Referral,15,0.0,50,11.0,1,46.3,0.809,0,0,,2025-12-31,0.0,2,2025-11-23,2025-11-16,0.0,1,6.3,0,38.0,0,72.2
C004653,2023-04-19,Startup,APAC,Pro,Organic,6,136.96,987,11.0,0,14.6,0.481,0,0,,2025-12-31,2962.7,22,2025-11-17,2023-04-23,134.67,1,23.8,0,44.0,1,60.7
C004654,2022-10-26,SMB,Europe,Starter,Referral,7,46.36,1162,5.0,0,83.2,0.654,0,0,,2025-12-31,989.3,21,2025-12-24,2022-12-25,47.11,1,9.1,0,7.0,1,67.4
C004655,2022-06-24,Startup,APAC,Enterprise,Paid Search,7,1086.59,1286,2.0,0,39.8,0.114,0,0,,2025-12-31,29431.89,27,2025-11-29,2022-07-07,1090.07,1,93.8,0,32.0,1,44.2
C004656,2022-10-11,SMB,North America,Pro,Organic,3,169.05,1177,7.0,3,38.2,0.368,2,0,,2025-12-31,3145.67,20,2025-10-26,2022-12-20,157.28,4,11.2,1,66.0,1,47.6
C004657,2022-07-10,Startup,APAC,Pro,Organic,6,149.22,1270,10.0,2,22.9,0.672,1,0,,2025-12-31,2613.79,18,2025-06-08,2022-08-18,145.21,3,7.8,0,206.0,1,61.4
C004658,2024-03-31,Startup,APAC,Enterprise,Organic,4,1259.83,640,4.0,0,82.8,0.686,0,0,,2025-12-31,14603.82,12,2025-09-15,2024-05-03,1216.98,2,12.7,0,107.0,1,67.4
C004659,2023-08-25,Mid-Market,North America,Enterprise,Organic,25,1351.62,859,0.0,1,3.7,0.511,0,0,,2025-12-31,16912.670000000002,14,2025-11-26,2023-08-27,1208.05,2,14.8,0,35.0,1,49.2
C004660,2023-12-14,Mid-Market,LATAM,Pro,Partner,39,148.15,748,26.0,0,17.4,0.56,0,0,,2025-12-31,2532.73,16,2025-11-28,2023-12-17,158.3,0,0.0,0,33.0,1,76.8
C004661,2025-04-04,SMB,North America,Business,Organic,14,454.13,271,24.0,1,56.3,0.27,0,0,,2025-12-31,5659.93,12,2025-12-19,2025-04-23,471.66,1,22.3,1,12.0,1,68.7
C004662,2024-04-10,SMB,Europe,Pro,Partner,7,139.59,630,8.0,1,41.0,0.368,1,0,,2025-12-31,941.31,7,2025-12-26,2024-06-18,134.47,1,12.4,0,5.0,1,53.8
C004663,2022-08-10,SMB,North America,Starter,Organic,15,59.3,1239,17.0,2,20.6,0.805,0,0,,2025-12-31,1513.45,27,2025-08-12,2022-09-12,56.05,3,4.0,1,141.0,1,73.4
C004664,2023-06-23,SMB,APAC,Free,Referral,17,0.0,922,1.1,0,21.3,0.455,1,1,2024-07-21,2025-12-31,36.31,7,2024-05-15,2023-07-13,5.19,0,0.0,0,595.0,0,49.8
C004665,2023-03-23,Startup,North America,Pro,Organic,2,152.01,1014,10.3,2,27.7,0.568,0,1,2024-11-27,2025-12-31,1270.9,10,2024-11-02,2023-03-24,127.09,2,7.5,0,424.0,0,61.0
C004666,2025-03-28,SMB,North America,Pro,Paid Search,13,159.49,278,22.0,1,37.6,0.401,0,0,,2025-12-31,974.0,5,2025-11-07,2025-05-11,194.8,2,8.8,0,54.0,1,68.9
C004667,2023-03-16,SMB,Europe,Free,Partner,15,0.0,1021,4.0,0,73.8,0.089,0,0,,2025-12-31,59.26,16,2025-09-30,2023-03-22,3.7,1,26.2,0,92.0,0,48.6
C004668,2022-07-18,Mid-Market,LATAM,Starter,Sales,73,52.5,1262,5.0,1,50.1,0.536,0,0,,2025-12-31,1182.41,23,2025-11-10,2022-09-07,51.41,1,18.4,0,51.0,1,59.1
C004669,2024-11-18,SMB,North America,Business,Sales,10,360.47,408,3.7,2,60.6,0.247,0,1,2025-01-22,2025-12-31,468.71,1,2024-11-20,2024-11-20,468.71,2,4.9,1,406.0,0,48.8
C004670,2023-09-05,Enterprise,Europe,Free,Paid Search,227,0.0,848,2.0,0,24.1,0.568,0,0,,2025-12-31,83.79,20,2025-11-14,2023-12-23,4.19,0,0.0,0,47.0,0,56.2
C004671,2022-05-18,SMB,Europe,Pro,Sales,17,178.49,1323,4.0,2,47.9,0.569,1,1,2025-10-07,2025-12-31,4193.83,23,2025-08-09,2022-06-24,182.34,2,35.4,0,144.0,0,55.4
C004672,2024-09-13,SMB,APAC,Pro,Partner,17,151.65,474,18.0,0,-3.9,0.088,0,0,,2025-12-31,1212.75,7,2025-12-20,2024-11-03,173.25,0,0.0,0,11.0,1,53.3
C004673,2022-10-29,SMB,North America,Starter,Sales,15,57.06,1159,20.0,2,39.6,0.448,1,0,,2025-12-31,1287.87,23,2025-12-06,2023-01-24,55.99,5,10.4,0,25.0,1,65.3
C004674,2025-05-26,SMB,Europe,Starter,Organic,22,54.36,219,0.0,1,37.9,0.335,0,0,,2025-12-31,322.98,6,2025-11-07,2025-05-28,53.83,1,42.6,0,54.0,1,47.3
C004675,2025-04-05,Mid-Market,LATAM,Starter,Organic,36,49.4,270,9.0,0,80.5,0.682,0,0,,2025-12-31,430.72,7,2025-12-28,2025-06-05,61.53,0,0.0,0,3.0,1,71.5
C004676,2023-06-13,Enterprise,North America,Starter,Organic,123,49.22,932,23.0,0,73.9,0.566,1,0,,2025-12-31,919.0600000000001,19,2025-12-02,2023-06-24,48.37,0,0.0,0,29.0,1,77.9
C004677,2024-03-05,Enterprise,Europe,Pro,Referral,294,169.34,666,24.0,1,28.5,0.596,0,0,,2025-12-31,2777.94,16,2025-09-16,2024-04-08,173.62,1,8.7,0,106.0,1,75.7
C004678,2024-03-22,Startup,APAC,Business,Organic,1,376.0,649,15.0,1,14.6,0.172,0,0,,2025-12-31,6842.37,18,2025-11-23,2024-03-26,380.13,1,18.1,0,38.0,1,53.5
C004679,2024-07-23,Startup,North America,Business,Organic,5,436.09,526,20.0,2,15.3,0.485,0,0,,2025-12-31,6924.5,16,2025-11-20,2024-07-23,432.78,3,16.8,0,41.0,1,65.9
C004680,2022-04-09,Mid-Market,North America,Free,Partner,75,0.0,1362,6.0,0,27.6,0.459,0,0,,2025-12-31,73.28,24,2025-10-02,2022-05-15,3.05,0,0.0,0,90.0,0,56.9
C004681,2023-04-10,Mid-Market,North America,Pro,Sales,53,178.09,996,24.0,0,67.5,0.562,0,0,,2025-12-31,3734.2200000000003,21,2025-10-10,2023-05-18,177.82,0,0.0,0,82.0,1,80.0
C004682,2022-09-01,SMB,APAC,Starter,Partner,20,57.76,1217,13.0,1,45.4,0.248,0,0,,2025-12-31,1421.53,23,2025-11-01,2022-09-30,61.81,2,18.3,0,60.0,1,57.1
C004683,2024-09-24,SMB,LATAM,Business,Referral,24,423.63,463,19.0,1,48.0,0.106,1,0,,2025-12-31,2581.85,7,2025-12-28,2024-10-04,368.84,1,16.8,0,3.0,1,56.4
C004684,2022-04-09,Mid-Market,Europe,Free,Organic,50,0.0,1362,7.0,2,55.3,0.595,0,0,,2025-12-31,162.66,25,2025-08-07,2022-04-25,6.51,3,29.7,0,146.0,0,61.6
C004685,2024-01-10,Enterprise,Europe,Pro,Sales,287,158.89,721,4.0,1,10.1,0.434,0,0,,2025-12-31,2418.08,15,2025-12-12,2024-02-06,161.21,2,11.4,0,19.0,1,51.1
C004686,2024-11-06,SMB,North America,Pro,Organic,4,171.19,420,14.0,1,17.3,0.543,0,0,,2025-12-31,1373.53,9,2025-10-12,2024-11-23,152.61,2,9.6,0,80.0,1,64.0
C004687,2025-09-18,Mid-Market,North America,Starter,Organic,18,57.93,104,14.0,4,48.0,0.832,1,0,,2025-12-31,109.11,2,2025-12-22,2025-10-02,54.56,4,28.1,0,9.0,1,69.3
C004688,2023-02-16,Mid-Market,North America,Enterprise,Paid Search,51,1342.27,1049,16.0,1,15.5,0.632,0,0,,2025-12-31,23683.43,18,2025-11-30,2023-02-23,1315.75,1,8.6,0,31.0,1,68.3
C004689,2022-01-12,Mid-Market,North America,Free,Organic,34,0.0,1449,22.0,1,-3.2,0.353,0,0,,2025-12-31,130.59,35,2025-12-29,2022-04-03,3.73,1,7.2,0,2.0,0,63.4
C004690,2024-10-31,SMB,North America,Free,Partner,8,0.0,426,21.0,0,7.9,0.335,0,0,,2025-12-31,100.82,12,2025-12-15,2024-11-22,8.4,0,0.0,0,16.0,0,64.6
C004691,2022-01-03,SMB,Europe,Pro,Partner,13,165.75,1458,8.0,0,61.4,0.485,0,0,,2025-12-31,4194.72,26,2025-12-01,2022-02-10,161.34,1,14.1,0,30.0,1,62.8
C004692,2022-04-05,Mid-Market,North America,Pro,Organic,56,181.99,1366,13.0,2,25.6,0.454,0,0,,2025-12-31,5158.26,29,2025-12-25,2022-04-21,177.87,5,13.6,0,6.0,1,59.8
C004693,2025-11-17,SMB,North America,Starter,Organic,8,57.81,44,2.0,0,40.6,0.594,0,0,,2025-12-31,135.13,2,2025-12-02,2025-12-01,67.56,2,14.4,0,29.0,1,58.7
C004694,2025-05-18,SMB,North America,Starter,Organic,17,56.19,227,22.0,1,9.2,0.108,0,0,,2025-12-31,261.84000000000003,5,2025-09-22,2025-08-02,52.37,1,15.7,0,100.0,1,57.3
C004695,2024-10-08,SMB,North America,Starter,Organic,17,44.25,449,3.0,0,44.5,0.298,0,0,,2025-12-31,409.81,10,2025-07-28,2024-10-10,40.98,1,12.5,0,156.0,1,51.1
C004696,2025-04-09,Startup,North America,Business,Sales,5,402.03,266,0.6,3,28.3,0.635,0,1,2025-07-29,2025-12-31,724.72,2,2025-07-06,2025-05-15,362.36,4,8.7,0,178.0,0,52.9
C004697,2022-04-18,Mid-Market,North America,Pro,Partner,56,181.99,1353,14.0,3,46.2,0.586,0,0,,2025-12-31,3618.9,21,2025-11-30,2022-06-10,172.33,4,24.0,0,31.0,1,65.2
C004698,2022-05-08,Startup,North America,Starter,Organic,4,48.7,1333,25.0,0,23.1,0.69,0,0,,2025-12-31,1097.82,21,2025-12-17,2022-06-12,52.28,1,6.5,0,14.0,1,80.3
C004699,2023-03-07,SMB,Europe,Starter,Organic,16,53.41,1030,10.0,1,47.6,0.29,1,0,,2025-12-31,1491.5900000000001,28,2025-11-25,2023-03-10,53.27,1,9.8,0,36.0,1,53.9
C004700,2022-02-03,SMB,APAC,Enterprise,Referral,18,1397.24,1427,5.0,0,21.8,0.513,1,0,,2025-12-31,36808.31,28,2025-09-24,2022-03-29,1314.58,0,0.0,0,98.0,1,55.0
C004701,2025-06-24,Mid-Market,APAC,Business,Referral,28,387.8,190,5.0,0,33.0,0.379,0,0,,2025-12-31,2031.96,5,2025-10-13,2025-07-05,406.39,1,11.0,0,79.0,1,54.1
C004702,2022-03-22,Mid-Market,APAC,Free,Sales,73,0.0,1380,23.0,1,28.2,0.393,0,0,,2025-12-31,130.8,23,2025-11-04,2022-07-05,5.69,3,25.5,1,57.0,0,68.6
C004703,2024-02-17,Enterprise,Europe,Pro,Organic,305,187.23,683,18.0,1,35.7,0.756,0,0,,2025-12-31,1474.18,8,2025-10-27,2024-09-30,184.27,3,16.4,1,65.0,1,75.8
C004704,2025-05-05,Startup,LATAM,Starter,Paid Search,7,56.2,240,13.0,4,42.0,0.156,0,0,,2025-12-31,417.37,8,2025-12-03,2025-06-26,52.17,4,13.5,0,28.0,1,49.5
C004705,2024-11-17,SMB,Europe,Starter,Organic,10,50.36,409,25.0,0,22.6,0.629,0,0,,2025-12-31,603.39,11,2025-10-21,2024-12-02,54.85,0,0.0,0,71.0,1,78.5
C004706,2022-12-02,SMB,Europe,Business,Referral,5,465.04,1125,2.0,0,32.0,0.665,1,0,,2025-12-31,11203.13,24,2025-12-07,2022-12-16,466.8,0,0.0,0,24.0,1,57.9
C004707,2023-11-04,SMB,Europe,Business,Paid Search,16,429.55,788,17.0,1,39.7,0.251,2,0,,2025-12-31,7952.17,18,2025-09-03,2023-11-15,441.79,1,10.1,0,119.0,1,56.2
C004708,2024-02-24,Enterprise,North America,Free,Partner,278,0.0,676,5.3,2,47.7,0.199,0,1,2024-09-16,2025-12-31,30.15,4,2024-08-13,2024-02-28,7.54,2,14.8,0,505.0,0,47.5
C004709,2025-01-03,Mid-Market,North America,Business,Organic,39,409.57,362,6.0,3,33.1,0.119,0,0,,2025-12-31,2079.79,6,2025-12-25,2025-06-03,346.63,5,21.0,0,6.0,1,42.7
C004710,2023-09-02,SMB,North America,Pro,Referral,24,173.54,851,25.0,0,12.8,0.313,0,0,,2025-12-31,2122.99,11,2025-12-18,2023-09-27,193.0,0,0.0,0,13.0,1,68.0
C004711,2023-02-12,SMB,APAC,Business,Organic,20,429.34,1053,26.0,1,37.2,0.336,0,0,,2025-12-31,9996.63,25,2025-12-20,2023-05-25,399.87,1,34.0,0,11.0,1,70.5
C004712,2025-02-11,SMB,North America,Business,Referral,14,360.82,323,9.7,2,51.8,0.184,0,1,2025-07-02,2025-12-31,2166.86,6,2025-06-22,2025-02-28,361.14,3,12.7,0,192.0,0,51.4
C004713,2025-06-21,SMB,Europe,Pro,Organic,19,158.41,193,1.3,0,1.7,0.622,2,1,2025-09-10,2025-12-31,691.86,5,2025-08-11,2025-06-21,138.37,0,0.0,0,142.0,0,51.0
C004714,2023-12-01,SMB,APAC,Enterprise,Referral,24,1090.81,761,20.0,0,2.0,0.676,0,0,,2025-12-31,27529.07,24,2025-11-08,2024-01-10,1147.04,0,0.0,0,53.0,1,73.3
C004715,2022-02-10,Startup,Europe,Starter,Organic,4,45.5,1420,10.0,1,18.4,0.15,1,0,,2025-12-31,1145.5,24,2025-06-30,2022-05-09,47.73,1,13.5,0,184.0,1,46.8
C004716,2023-12-17,Enterprise,North America,Pro,Partner,63,168.81,745,10.0,0,30.2,0.196,0,0,,2025-12-31,2214.21,14,2025-10-20,2024-01-02,158.16,2,4.2,0,72.0,1,52.8
C004717,2025-06-25,SMB,Europe,Starter,Referral,14,53.56,189,3.4,1,-19.9,0.754,1,1,2025-11-13,2025-12-31,134.20999999999998,2,2025-10-16,2025-07-26,67.1,1,27.1,0,76.0,0,55.2
C004718,2025-11-15,SMB,North America,Business,Paid Search,22,429.34,46,16.0,1,49.4,0.388,0,0,,2025-12-31,902.06,2,2025-12-26,2025-11-23,451.03,2,14.8,0,5.0,1,64.4
C004719,2023-07-28,Mid-Market,LATAM,Free,Organic,45,0.0,887,24.0,1,30.4,0.308,0,0,,2025-12-31,48.71,12,2025-11-16,2024-01-10,4.06,3,22.3,0,45.0,0,67.2
C004720,2022-08-03,Mid-Market,APAC,Starter,Paid Search,47,51.41,1246,6.0,1,-23.8,0.37,0,0,,2025-12-31,1272.36,26,2025-11-06,2022-08-08,48.94,2,33.4,0,55.0,1,47.6
C004721,2024-03-29,Mid-Market,APAC,Business,Organic,16,359.16,642,15.0,2,7.2,0.382,0,0,,2025-12-31,5631.88,15,2025-08-01,2024-03-29,375.46,3,7.3,0,152.0,1,57.6
C004722,2025-04-02,Mid-Market,Europe,Starter,Partner,64,55.62,273,18.0,2,27.5,0.726,0,0,,2025-12-31,244.47,5,2025-12-07,2025-08-11,48.89,2,14.5,0,24.0,1,72.6
C004723,2025-09-13,SMB,APAC,Starter,Organic,10,54.76,109,17.0,0,-9.3,0.048,0,0,,2025-12-31,127.9,2,2025-12-14,2025-11-05,63.95,1,21.1,0,17.0,1,50.7
C004724,2022-03-16,Mid-Market,APAC,Starter,Organic,42,53.66,1386,7.0,2,59.3,0.661,1,0,,2025-12-31,988.9,20,2025-12-08,2022-04-27,49.44,3,30.1,1,23.0,1,62.0
C004725,2023-02-20,SMB,North America,Pro,Organic,5,159.31,1045,0.0,0,39.7,0.733,1,0,,2025-12-31,4351.76,28,2025-12-10,2023-02-23,155.42,0,0.0,0,21.0,1,59.0
C004726,2023-11-15,Enterprise,North America,Starter,Organic,344,49.57,777,23.0,0,52.0,0.346,0,0,,2025-12-31,1201.31,24,2025-12-24,2023-12-04,50.05,0,0.0,0,7.0,1,71.1
C004727,2022-05-21,Enterprise,North America,Starter,Organic,378,50.75,1320,16.0,1,9.3,0.626,0,0,,2025-12-31,1868.87,37,2025-08-13,2022-06-19,50.51,1,17.1,0,140.0,1,67.5
C004728,2025-06-21,Mid-Market,Europe,Pro,Referral,54,162.9,193,19.0,3,45.3,0.595,0,0,,2025-12-31,1188.8,7,2025-12-19,2025-07-16,169.83,4,10.6,0,12.0,1,69.8
C004729,2022-06-10,Mid-Market,APAC,Enterprise,Organic,69,1219.32,1300,14.0,1,18.5,0.336,0,0,,2025-12-31,32053.989999999998,28,2025-11-25,2022-06-23,1144.79,2,8.8,0,36.0,1,57.9
C004730,2024-08-09,Startup,Europe,Business,Sales,4,377.86,509,10.0,0,30.2,0.847,0,0,,2025-12-31,5058.21,13,2025-12-17,2024-10-08,389.09,0,0.0,0,14.0,1,72.4
C004731,2025-08-06,Mid-Market,Europe,Starter,Referral,58,57.46,147,7.0,1,43.8,0.481,0,0,,2025-12-31,256.2,5,2025-12-29,2025-08-21,51.24,3,29.6,0,2.0,1,58.6
C004732,2024-09-06,Mid-Market,LATAM,Business,Paid Search,20,438.03,481,18.0,0,33.2,0.249,1,0,,2025-12-31,6190.57,13,2025-11-24,2024-10-22,476.2,1,6.8,0,37.0,1,59.9
C004733,2024-12-27,Mid-Market,North America,Business,Referral,25,374.29,369,23.0,3,55.2,0.145,0,0,,2025-12-31,2420.7799999999997,7,2025-10-02,2024-12-31,345.83,3,12.5,0,90.0,1,60.9
C004734,2023-01-12,Mid-Market,North America,Business,Partner,46,473.4,1084,9.0,2,38.5,0.762,1,0,,2025-12-31,8582.17,18,2025-10-17,2023-03-20,476.79,4,10.0,0,75.0,1,64.7
C004735,2025-03-29,SMB,LATAM,Pro,Partner,12,158.21,277,0.0,1,23.4,0.58,0,0,,2025-12-31,1151.74,7,2025-12-21,2025-04-03,164.53,2,23.5,0,10.0,1,53.2
C004736,2023-08-22,SMB,LATAM,Free,Paid Search,5,0.0,862,4.0,2,56.1,0.632,0,0,,2025-12-31,139.12,22,2025-12-22,2023-10-22,6.32,2,27.1,1,9.0,0,60.1
C004737,2022-03-29,Mid-Market,APAC,Pro,Partner,69,163.98,1373,16.0,1,61.3,0.436,0,0,,2025-12-31,4841.97,31,2025-10-30,2022-04-27,156.19,2,11.6,0,62.0,1,67.0
C004738,2023-06-09,SMB,North America,Pro,Organic,8,154.36,936,6.0,4,37.2,0.495,0,0,,2025-12-31,3014.62,21,2025-12-15,2023-07-05,143.55,4,14.5,1,16.0,1,52.9
C004739,2023-05-16,SMB,LATAM,Starter,Paid Search,10,54.6,960,22.0,0,68.4,0.399,0,0,,2025-12-31,1212.97,23,2025-12-26,2023-07-24,52.74,0,0.0,0,5.0,1,73.5
C004740,2024-01-16,Startup,APAC,Free,Organic,1,0.0,715,7.0,2,29.1,0.338,0,0,,2025-12-31,36.660000000000004,15,2025-09-19,2024-01-17,2.44,3,10.7,0,103.0,0,51.3
C004741,2023-01-14,SMB,Europe,Starter,Paid Search,22,54.29,1082,13.0,1,31.8,0.414,1,0,,2025-12-31,1791.3899999999999,32,2025-12-11,2023-02-18,55.98,1,39.0,0,20.0,1,58.7
C004742,2023-10-23,Mid-Market,North America,Pro,Partner,19,161.13,800,6.0,0,35.1,0.254,0,0,,2025-12-31,3125.26,19,2025-11-22,2024-01-24,164.49,2,24.6,0,39.0,1,51.5
C004743,2023-09-04,SMB,Europe,Free,Organic,4,0.0,849,5.4,3,31.8,0.174,3,1,2024-08-21,2025-12-31,70.11,12,2024-05-17,2023-10-19,5.84,3,19.0,0,593.0,0,37.7
C004744,2023-04-13,Startup,APAC,Pro,Organic,2,165.23,993,18.0,1,27.2,0.536,0,0,,2025-12-31,3063.54,19,2025-12-14,2023-05-16,161.24,1,6.3,0,17.0,1,68.4
C004745,2024-09-22,SMB,APAC,Business,Referral,23,450.76,465,22.0,1,17.1,0.777,0,0,,2025-12-31,3221.31,6,2025-10-15,2025-02-24,536.88,2,9.8,1,77.0,1,78.2
C004746,2023-03-13,Startup,Europe,Starter,Organic,7,57.5,1024,20.0,1,10.1,0.674,0,0,,2025-12-31,1401.75,23,2025-11-22,2023-03-30,60.95,1,7.9,0,39.0,1,72.6
C004747,2024-12-31,Startup,Europe,Free,Organic,4,0.0,365,14.0,0,37.8,0.681,0,0,,2025-12-31,9.05,6,2025-08-29,2025-01-19,1.51,1,10.8,0,124.0,0,71.7
C004748,2022-12-25,Mid-Market,APAC,Free,Paid Search,73,0.0,1102,12.0,1,65.0,0.445,0,0,,2025-12-31,109.87,35,2025-12-16,2023-01-04,3.14,3,19.1,1,15.0,0,64.1
C004749,2025-05-21,SMB,Europe,Starter,Sales,10,53.05,224,9.0,1,55.4,0.539,0,0,,2025-12-31,118.27000000000001,3,2025-11-20,2025-10-03,39.42,1,4.3,0,41.0,1,63.2
C004750,2023-06-07,SMB,Europe,Business,Partner,5,423.52,938,27.0,1,44.7,0.22,0,0,,2025-12-31,3462.98,9,2025-11-27,2023-06-30,384.78,2,22.6,0,34.0,1,68.7
C004751,2022-02-28,SMB,North America,Pro,Partner,14,135.72,1402,20.0,2,66.2,0.489,1,0,,2025-12-31,4468.92,33,2025-10-04,2022-04-02,135.42,3,44.5,0,88.0,1,69.1
C004752,2022-08-03,SMB,North America,Business,Referral,9,402.88,1246,24.0,3,35.5,0.856,1,0,,2025-12-31,10349.33,26,2025-12-11,2022-08-07,398.05,3,6.8,0,20.0,1,79.2
C004753,2025-02-26,Startup,APAC,Enterprise,Partner,2,1140.05,308,20.0,3,10.3,0.581,0,0,,2025-12-31,5261.41,4,2025-12-27,2025-07-25,1315.35,3,9.0,0,4.0,1,66.8
C004754,2025-06-01,SMB,North America,Starter,Referral,14,50.41,213,1.1,0,26.3,0.356,0,1,2025-12-09,2025-12-31,239.64,4,2025-10-28,2025-07-27,59.91,0,0.0,0,64.0,0,49.3
C004755,2022-10-31,SMB,North America,Pro,Partner,8,168.22,1157,7.0,2,33.5,0.285,0,0,,2025-12-31,3695.08,23,2025-05-02,2022-12-27,160.66,3,10.8,0,243.0,1,50.2
C004756,2024-05-11,Enterprise,LATAM,Pro,Referral,332,155.82,599,5.1,2,22.2,0.342,0,1,2024-11-09,2025-12-31,304.27,2,2024-10-06,2024-06-05,152.14,2,13.4,0,451.0,0,49.0
C004757,2024-04-01,SMB,APAC,Pro,Partner,22,178.51,639,8.0,1,50.3,0.529,0,0,,2025-12-31,1550.8899999999999,9,2025-11-09,2024-04-08,172.32,1,4.6,0,52.0,1,61.5
C004758,2022-07-11,Startup,North America,Starter,Organic,1,55.34,1269,25.0,2,58.4,0.592,0,0,,2025-12-31,1170.17,23,2025-12-18,2022-07-18,50.88,3,17.7,0,13.0,1,77.9
C004759,2023-10-09,SMB,North America,Starter,Organic,24,54.23,814,13.0,1,-8.3,0.465,0,0,,2025-12-31,1613.47,28,2025-12-06,2023-11-16,57.62,1,28.8,0,25.0,1,58.2
C004760,2024-09-19,Enterprise,APAC,Pro,Organic,423,191.41,468,6.0,1,31.4,0.593,0,0,,2025-12-31,1814.36,10,2025-12-01,2024-09-29,181.44,1,8.9,0,30.0,1,59.8
C004761,2025-10-14,Startup,Europe,Pro,Paid Search,5,131.86,78,16.0,0,-37.6,0.268,1,0,,2025-12-31,193.04,2,2025-10-30,2025-10-24,96.52,1,4.6,0,62.0,1,51.6
C004762,2025-04-27,Startup,Europe,Starter,Sales,7,48.76,248,10.0,1,32.7,0.487,1,0,,2025-12-31,382.61,8,2025-12-21,2025-04-28,47.83,1,20.9,0,10.0,1,58.3
C004763,2022-05-20,SMB,Europe,Free,Referral,5,0.0,1321,0.7,0,32.4,0.465,0,1,2024-03-30,2025-12-31,51.82,16,2023-11-26,2022-06-19,3.24,0,0.0,0,766.0,0,52.8
C004764,2022-12-06,Enterprise,North America,Pro,Referral,440,149.21,1121,26.0,1,79.4,0.056,0,0,,2025-12-31,3318.24,21,2025-11-27,2022-12-31,158.01,1,35.8,0,34.0,1,66.3
C004765,2023-09-17,SMB,APAC,Business,Partner,20,457.29,836,26.0,0,71.9,0.385,1,0,,2025-12-31,6695.1,14,2025-12-14,2023-10-30,478.22,0,0.0,0,17.0,1,75.0
C004766,2022-08-04,Enterprise,North America,Pro,Sales,299,166.52,1245,21.0,1,58.3,0.587,0,0,,2025-12-31,3414.72,21,2025-11-30,2022-11-15,162.61,2,13.6,0,31.0,1,75.7
C004767,2024-03-27,Mid-Market,Europe,Free,Referral,31,0.0,644,8.0,1,11.0,0.754,0,0,,2025-12-31,85.99,16,2025-11-30,2024-04-04,5.37,1,16.5,0,31.0,0,64.4
C004768,2022-01-13,SMB,North America,Starter,Organic,5,49.17,1448,23.0,1,9.6,0.537,0,0,,2025-12-31,1251.9,27,2025-12-01,2022-02-13,46.37,2,9.9,0,30.0,1,71.1
C004769,2022-06-12,Startup,North America,Business,Paid Search,2,463.94,1298,8.0,1,7.6,0.227,0,0,,2025-12-31,11847.69,26,2025-10-23,2022-08-20,455.68,1,44.9,0,69.0,1,48.2
C004770,2022-03-09,Mid-Market,North America,Business,Paid Search,72,451.23,1393,24.0,0,73.2,0.234,1,0,,2025-12-31,12581.97,26,2025-10-24,2022-05-24,483.92,0,0.0,0,68.0,1,68.8
C004771,2023-02-27,Startup,APAC,Free,Organic,3,0.0,1038,24.0,1,12.2,0.381,1,0,,2025-12-31,72.46000000000001,20,2025-11-11,2023-05-24,3.62,1,14.6,0,50.0,0,65.6
C004772,2024-12-26,Startup,North America,Pro,Organic,2,159.11,370,0.9,3,25.4,0.416,1,1,2025-10-22,2025-12-31,782.23,4,2025-05-14,2025-01-27,195.56,3,19.3,0,231.0,0,44.3
C004773,2022-09-11,Enterprise,North America,Starter,Organic,379,61.21,1207,4.4,1,12.5,0.267,1,1,2025-04-06,2025-12-31,1144.19,19,2025-03-10,2022-11-06,60.22,1,24.0,0,296.0,0,44.7
C004774,2025-11-12,Mid-Market,North America,Pro,Organic,74,140.31,49,19.0,2,3.5,0.381,1,0,,2025-12-31,0.0,0,,,0.0,3,6.9,0,,1,58.7
C004775,2023-01-21,SMB,APAC,Free,Organic,6,0.0,1075,6.0,2,43.3,0.486,0,0,,2025-12-31,74.58,17,2025-09-27,2023-01-26,4.39,2,12.8,0,95.0,0,56.3
C004776,2022-03-06,SMB,Europe,Pro,Sales,22,137.09,1396,22.0,2,38.8,0.508,0,0,,2025-12-31,4648.69,32,2025-10-24,2022-08-16,145.27,2,11.2,0,68.0,1,70.8
C004777,2023-04-25,Mid-Market,LATAM,Enterprise,Paid Search,41,1337.81,981,19.0,0,-20.6,0.285,0,0,,2025-12-31,19950.260000000002,14,2025-09-14,2023-05-13,1425.02,0,0.0,0,108.0,1,58.5
C004778,2024-12-05,SMB,Europe,Starter,Referral,14,44.1,391,1.3,0,2.5,0.187,1,1,2025-10-02,2025-12-31,489.86,11,2025-09-23,2024-12-15,44.53,1,5.2,0,99.0,0,40.0
C004779,2022-06-02,SMB,Europe,Starter,Organic,8,51.36,1308,21.0,2,41.4,0.314,1,0,,2025-12-31,1680.02,33,2025-12-22,2022-10-23,50.91,3,15.3,1,9.0,1,62.3
C004780,2022-04-13,SMB,Europe,Free,Sales,19,0.0,1358,0.6,2,33.2,0.412,0,1,2023-10-31,2025-12-31,58.739999999999995,8,2023-09-09,2022-05-24,7.34,3,16.6,0,844.0,0,48.2
C004781,2025-04-29,SMB,North America,Free,Referral,6,0.0,246,6.9,1,25.0,0.097,1,1,2025-12-20,2025-12-31,44.900000000000006,6,2025-10-28,2025-05-26,7.48,2,2.5,0,64.0,0,43.1
C004782,2024-04-26,Enterprise,LATAM,Enterprise,Sales,464,1445.09,614,4.0,0,50.1,0.368,1,0,,2025-12-31,16955.97,13,2025-08-28,2024-06-04,1304.31,0,0.0,0,125.0,1,52.6
C004783,2023-05-06,Mid-Market,LATAM,Enterprise,Paid Search,77,1175.6,970,0.0,0,-1.1,0.403,1,0,,2025-12-31,25320.16,21,2025-10-29,2023-05-17,1205.72,1,76.9,0,63.0,1,45.0
C004784,2024-12-17,Mid-Market,North America,Free,Partner,32,0.0,379,20.0,2,20.1,0.14,1,0,,2025-12-31,25.95,9,2025-11-15,2024-12-30,2.88,3,22.4,0,46.0,0,54.1
C004785,2025-04-22,Startup,Europe,Enterprise,Paid Search,6,1204.57,253,4.0,1,48.0,0.854,0,0,,2025-12-31,3822.12,3,2025-10-30,2025-06-07,1274.04,1,5.9,0,62.0,1,67.5
C004786,2023-05-29,Startup,North America,Starter,Paid Search,7,50.25,947,19.0,0,18.8,0.463,0,0,,2025-12-31,1255.1,26,2025-08-18,2023-06-03,48.27,0,0.0,0,135.0,1,67.7
C004787,2024-03-13,SMB,Europe,Pro,Referral,24,151.48,658,0.5,3,42.8,0.435,0,1,2024-10-04,2025-12-31,912.55,7,2024-07-25,2024-05-26,130.36,3,16.4,0,524.0,0,48.3
C004788,2022-01-16,Enterprise,APAC,Pro,Organic,117,164.06,1445,24.0,0,6.3,0.948,0,0,,2025-12-31,4502.24,29,2025-12-04,2022-02-06,155.25,0,0.0,0,27.0,1,85.5
C004789,2023-03-14,SMB,LATAM,Starter,Organic,6,48.84,1023,27.0,1,14.4,0.742,1,0,,2025-12-31,1206.07,25,2025-12-16,2023-03-19,48.24,1,18.9,0,15.0,1,79.3
C004790,2024-05-01,Mid-Market,North America,Pro,Referral,44,150.48,609,8.0,0,-9.6,0.695,0,0,,2025-12-31,2163.32,14,2025-09-29,2024-05-04,154.52,0,0.0,0,93.0,1,62.0
C004791,2022-10-09,Mid-Market,APAC,Pro,Organic,16,157.71,1179,5.1,2,-16.4,0.717,3,1,2025-06-26,2025-12-31,4577.07,30,2025-06-17,2022-10-13,152.57,3,14.4,0,197.0,0,50.4
C004792,2025-11-18,Mid-Market,APAC,Starter,Referral,63,45.61,43,17.0,1,23.1,0.143,1,0,,2025-12-31,34.77,1,2025-12-22,2025-12-22,34.77,2,19.4,0,9.0,1,53.3
C004793,2025-10-20,Startup,North America,Enterprise,Organic,1,1041.86,72,16.0,1,46.3,0.404,0,0,,2025-12-31,1375.06,1,2025-12-31,2025-12-31,1375.06,1,4.9,0,0.0,1,64.5
C004794,2023-01-04,Mid-Market,Europe,Starter,Paid Search,28,58.16,1092,0.0,3,32.1,0.148,0,0,,2025-12-31,1650.83,26,2025-09-24,2023-01-25,63.49,6,12.7,0,98.0,1,38.2
C004795,2023-07-21,SMB,Europe,Free,Organic,8,0.0,894,27.0,2,64.0,0.433,0,0,,2025-12-31,146.27,26,2025-12-06,2023-10-19,5.63,2,6.9,0,25.0,0,75.5
C004796,2022-09-28,Startup,APAC,Enterprise,Paid Search,1,1159.6,1190,26.0,0,25.2,0.199,0,0,,2025-12-31,32270.93,26,2025-12-18,2022-09-28,1241.19,0,0.0,0,13.0,1,66.7
C004797,2023-12-22,SMB,LATAM,Starter,Referral,7,48.77,740,13.0,2,-18.0,0.824,0,0,,2025-12-31,672.95,14,2025-12-10,2024-01-11,48.07,2,12.4,0,21.0,1,66.5
C004798,2022-06-27,Enterprise,North America,Starter,Referral,284,52.19,1283,15.0,2,43.6,0.885,1,0,,2025-12-31,1531.69,31,2025-12-30,2022-07-03,49.41,2,27.4,0,1.0,1,74.3
C004799,2023-07-14,Startup,North America,Starter,Organic,1,55.12,901,4.0,2,8.0,0.474,1,0,,2025-12-31,1142.21,20,2025-12-21,2023-10-26,57.11,2,16.7,0,10.0,1,48.6
C004800,2024-03-05,SMB,North America,Free,Paid Search,11,0.0,666,20.0,2,38.1,0.327,0,0,,2025-12-31,90.86,17,2025-12-06,2024-03-18,5.34,3,13.5,0,25.0,0,63.5
C004801,2024-05-24,SMB,North America,Starter,Referral,17,48.73,586,14.0,1,-22.1,0.424,1,0,,2025-12-31,874.8,18,2025-12-26,2024-05-30,48.6,1,11.8,0,5.0,1,54.5
C004802,2024-05-02,SMB,Europe,Starter,Organic,14,54.73,608,7.0,2,28.1,0.419,0,0,,2025-12-31,526.85,10,2025-12-27,2024-06-08,52.68,2,18.4,0,4.0,1,53.6
C004803,2022-11-13,Startup,APAC,Pro,Organic,1,139.68,1144,8.0,0,52.6,0.52,0,0,,2025-12-31,3322.35,23,2025-09-07,2022-11-13,144.45,0,0.0,0,115.0,1,63.0
C004804,2025-02-06,SMB,Europe,Pro,Paid Search,7,166.23,328,2.0,1,49.5,0.281,0,0,,2025-12-31,1339.78,8,2025-11-08,2025-02-12,167.47,2,39.8,0,53.0,1,48.7
C004805,2024-09-16,SMB,Europe,Business,Referral,8,472.87,471,22.0,4,28.7,0.504,0,0,,2025-12-31,6349.06,13,2025-12-12,2024-11-02,488.39,4,7.6,0,19.0,1,66.6
C004806,2024-12-12,SMB,North America,Enterprise,Paid Search,20,1096.16,384,1.0,2,33.7,0.263,0,0,,2025-12-31,11047.14,11,2025-11-25,2025-01-19,1004.29,2,30.2,0,36.0,1,44.2
C004807,2023-11-01,Enterprise,North America,Starter,Organic,190,47.06,791,15.0,0,22.6,0.572,0,0,,2025-12-31,781.25,16,2025-11-20,2023-12-09,48.83,0,0.0,0,41.0,1,67.8
C004808,2025-06-30,SMB,APAC,Enterprise,Sales,3,1342.92,184,22.0,0,27.5,0.436,1,0,,2025-12-31,10059.85,8,2025-11-06,2025-07-15,1257.48,2,9.7,0,55.0,1,68.5
C004809,2023-07-12,Mid-Market,Europe,Business,Sales,20,417.27,903,1.0,4,50.7,0.322,0,0,,2025-12-31,6937.84,17,2025-12-12,2023-09-20,408.11,6,12.5,0,19.0,1,44.6
C004810,2025-02-26,Mid-Market,North America,Enterprise,Partner,61,1320.56,308,1.3,2,16.3,0.418,0,1,2025-05-07,2025-12-31,3086.87,2,2025-04-22,2025-03-01,1543.44,2,15.2,0,253.0,0,47.3
C004811,2022-10-19,Mid-Market,LATAM,Pro,Partner,22,153.1,1169,21.0,1,18.7,0.387,0,0,,2025-12-31,2867.27,20,2025-07-29,2022-11-01,143.36,2,27.8,0,155.0,1,65.7
C004812,2022-12-20,Mid-Market,Europe,Starter,Sales,38,45.56,1107,23.0,0,-4.5,0.775,0,0,,2025-12-31,896.9,21,2025-12-02,2023-03-21,42.71,2,8.0,0,29.0,1,78.3
C004813,2024-01-24,SMB,North America,Starter,Partner,3,48.89,707,2.0,0,51.2,0.738,0,0,,2025-12-31,515.26,11,2025-10-04,2024-03-20,46.84,0,0.0,0,88.0,1,64.0
C004814,2024-03-05,SMB,Europe,Enterprise,Referral,9,1122.97,666,7.0,0,27.0,0.478,0,0,,2025-12-31,16460.13,16,2025-12-14,2024-03-07,1028.76,0,0.0,0,17.0,1,58.3
C004815,2024-12-03,Mid-Market,Europe,Pro,Paid Search,38,151.5,393,16.0,3,3.4,0.584,0,0,,2025-12-31,1030.7,8,2025-12-03,2024-12-12,128.84,3,8.6,0,28.0,1,62.6
C004816,2023-03-02,Mid-Market,North America,Business,Organic,15,379.75,1035,15.0,1,55.6,0.618,0,0,,2025-12-31,7215.84,20,2025-08-11,2023-04-15,360.79,1,7.9,0,142.0,1,71.0
C004817,2025-06-01,Startup,APAC,Pro,Referral,3,169.49,213,14.0,1,32.5,0.196,0,0,,2025-12-31,317.18,2,2025-12-22,2025-07-03,158.59,1,131.4,0,9.0,1,55.1
C004818,2023-04-17,Startup,Europe,Starter,Partner,7,47.21,989,7.0,4,15.1,0.478,0,0,,2025-12-31,808.14,18,2025-11-20,2023-05-09,44.9,5,11.5,1,41.0,1,51.1
C004819,2024-02-03,SMB,Europe,Starter,Organic,7,52.33,697,15.0,1,56.0,0.718,1,0,,2025-12-31,548.79,11,2025-08-22,2024-02-05,49.89,2,5.7,0,131.0,1,72.0
C004820,2025-08-25,Mid-Market,APAC,Enterprise,Partner,19,1457.12,128,1.0,1,25.1,0.096,1,0,,2025-12-31,2839.91,2,2025-12-13,2025-11-04,1419.96,1,40.3,0,18.0,1,37.8
C004821,2024-02-11,Enterprise,Europe,Free,Referral,301,0.0,689,24.0,4,-5.6,0.488,0,0,,2025-12-31,21.77,10,2025-12-07,2024-03-21,2.18,4,9.8,1,24.0,0,64.5
C004822,2024-09-02,Enterprise,Europe,Pro,Organic,226,172.83,485,7.1,0,57.6,0.262,0,1,2025-05-28,2025-12-31,471.26,3,2025-05-10,2024-12-10,157.09,0,0.0,0,235.0,0,55.0
C004823,2025-07-23,Mid-Market,North America,Enterprise,Referral,22,1202.02,161,10.0,1,12.6,0.376,2,0,,2025-12-31,1268.4,1,2025-08-10,2025-08-10,1268.4,2,14.8,0,143.0,1,51.0
C004824,2025-10-25,Startup,North America,Free,Organic,4,0.0,67,10.0,2,100.0,0.51,0,0,,2025-12-31,0.0,1,2025-11-07,2025-11-07,0.0,2,10.0,1,54.0,0,66.2
C004825,2023-12-16,SMB,North America,Starter,Partner,15,51.83,746,10.0,0,22.5,0.234,0,0,,2025-12-31,541.74,11,2025-11-20,2024-01-04,49.25,0,0.0,0,41.0,1,53.2
C004826,2023-08-20,Mid-Market,North America,Pro,Sales,77,180.29,864,12.0,0,-16.7,0.433,0,0,,2025-12-31,3381.23,21,2025-09-14,2023-09-07,161.01,0,0.0,0,108.0,1,57.0
C004827,2022-10-09,Startup,Europe,Business,Referral,1,430.99,1179,5.0,1,77.5,0.287,0,0,,2025-12-31,15087.61,35,2025-12-20,2022-10-19,431.07,3,18.2,1,11.0,1,54.3
C004828,2024-02-08,SMB,North America,Pro,Referral,8,173.41,692,16.0,1,32.2,0.406,0,0,,2025-12-31,2705.77,15,2025-11-27,2024-03-30,180.38,1,14.4,0,34.0,1,63.2
C004829,2025-08-06,Mid-Market,North America,Free,Partner,62,0.0,147,5.0,2,40.0,0.239,0,0,,2025-12-31,11.39,4,2025-12-30,2025-08-22,2.85,2,20.8,0,1.0,0,47.6
C004830,2023-11-28,SMB,Europe,Free,Paid Search,21,0.0,764,8.0,1,43.2,0.457,0,0,,2025-12-31,107.53,17,2025-12-19,2023-12-12,6.33,1,24.8,0,12.0,0,58.7
C004831,2023-05-14,Mid-Market,North America,Starter,Partner,43,55.6,962,24.0,0,-0.4,0.573,0,0,,2025-12-31,664.59,14,2025-12-05,2023-06-29,47.47,1,22.4,0,26.0,1,73.6
C004832,2022-06-03,Startup,Europe,Starter,Paid Search,3,56.86,1307,15.0,1,-20.5,0.368,0,0,,2025-12-31,1573.8,25,2025-11-28,2022-07-15,62.95,2,9.2,0,33.0,1,55.9
C004833,2023-07-12,Mid-Market,APAC,Starter,Partner,63,57.71,903,25.0,3,82.5,0.101,1,0,,2025-12-31,1304.59,24,2025-12-12,2023-09-15,54.36,3,18.7,0,19.0,1,62.1
C004834,2022-12-05,SMB,North America,Business,Paid Search,20,449.23,1122,18.0,2,-5.4,0.43,1,0,,2025-12-31,7937.389999999999,18,2025-12-23,2022-12-17,440.97,4,23.9,0,8.0,1,58.4
C004835,2025-10-28,Mid-Market,North America,Free,Paid Search,67,0.0,64,21.0,4,74.6,0.492,0,0,,2025-12-31,6.3,1,2025-11-30,2025-11-30,6.3,4,14.6,0,31.0,0,70.0
C004836,2024-01-25,Startup,Europe,Business,Paid Search,4,367.91,706,2.0,3,46.8,0.662,0,0,,2025-12-31,5947.54,16,2025-11-22,2024-02-29,371.72,4,20.0,0,39.0,1,56.8
C004837,2022-07-15,SMB,North America,Enterprise,Paid Search,8,1143.59,1265,14.0,1,38.0,0.848,0,0,,2025-12-31,30718.47,27,2025-09-11,2022-07-28,1137.72,1,25.6,0,111.0,1,75.2
C004838,2022-04-07,SMB,Europe,Pro,Paid Search,21,157.77,1364,9.0,0,21.9,0.287,0,0,,2025-12-31,3093.92,21,2025-04-25,2022-06-30,147.33,1,8.6,0,250.0,1,53.8
C004839,2025-05-01,Mid-Market,APAC,Pro,Organic,49,173.85,244,0.0,3,91.4,0.207,0,1,2025-08-20,2025-12-31,370.5,2,2025-07-23,2025-07-06,185.25,5,12.8,0,161.0,0,45.8
C004840,2025-08-24,Startup,Europe,Free,Paid Search,5,0.0,129,1.4,2,16.3,0.451,2,1,2025-11-29,2025-12-31,6.98,3,2025-10-13,2025-09-07,2.33,2,33.4,0,79.0,0,44.4
C004841,2024-12-27,SMB,Europe,Pro,Organic,8,177.97,369,5.0,3,17.0,0.384,0,0,,2025-12-31,1763.45,10,2025-11-03,2025-01-08,176.34,4,19.4,0,58.0,1,48.2
C004842,2022-06-27,Mid-Market,LATAM,Starter,Sales,55,55.56,1283,0.0,0,50.5,0.109,0,0,,2025-12-31,2132.43,36,2025-11-28,2022-10-09,59.23,0,0.0,0,33.0,1,43.3
C004843,2022-05-21,Startup,North America,Starter,Organic,7,54.71,1320,12.0,1,16.8,0.35,0,0,,2025-12-31,1388.1,25,2025-12-11,2022-05-24,55.52,1,11.8,0,20.0,1,56.4
C004844,2022-10-11,Enterprise,APAC,Pro,Referral,79,181.57,1177,1.0,2,8.4,0.312,0,0,,2025-12-31,4648.64,25,2025-12-14,2022-12-04,185.95,4,8.2,0,17.0,1,43.1
C004845,2024-12-10,Mid-Market,APAC,Free,Organic,28,0.0,386,23.0,0,32.2,0.409,0,0,,2025-12-31,151.89000000000001,16,2025-12-06,2025-01-05,9.49,1,5.2,0,25.0,0,71.0
C004846,2024-12-30,SMB,Europe,Starter,Referral,23,46.57,366,16.0,2,50.9,0.528,0,0,,2025-12-31,298.13,6,2025-12-19,2025-08-22,49.69,3,15.4,0,12.0,1,67.2
C004847,2025-04-13,Mid-Market,North America,Pro,Referral,30,155.78,262,15.1,3,80.7,0.753,1,1,2025-10-31,2025-12-31,489.05,3,2025-10-31,2025-06-23,163.02,4,7.7,0,61.0,0,72.6
C004848,2022-05-19,SMB,North America,Pro,Sales,12,158.06,1322,2.0,1,85.8,0.333,2,0,,2025-12-31,5247.04,33,2025-08-27,2022-06-22,159.0,1,9.0,0,126.0,1,49.9
C004849,2022-08-08,Mid-Market,LATAM,Free,Referral,35,0.0,1241,0.6,2,-11.1,0.595,1,1,2022-10-08,2025-12-31,0.0,1,2022-08-13,2022-08-13,0.0,2,25.5,0,1236.0,0,47.3
C004850,2025-07-11,Mid-Market,North America,Free,Referral,61,0.0,173,24.0,1,59.7,0.449,0,0,,2025-12-31,6.88,2,2025-08-01,2025-07-18,3.44,1,42.5,0,152.0,0,74.4
C004851,2025-08-21,Enterprise,APAC,Starter,Organic,396,52.05,132,6.7,1,9.1,0.566,0,1,2025-11-16,2025-12-31,289.28000000000003,5,2025-10-29,2025-08-29,57.86,3,15.4,0,63.0,0,57.4
C004852,2024-11-03,Mid-Market,Europe,Pro,Paid Search,21,169.87,423,21.0,1,10.3,0.057,0,0,,2025-12-31,1994.58,12,2025-09-06,2024-12-31,166.22,1,3.1,0,116.0,1,55.0
C004853,2022-06-01,Startup,Europe,Pro,Paid Search,7,164.76,1309,5.0,2,20.2,0.104,0,0,,2025-12-31,5065.85,31,2025-09-21,2022-06-21,163.41,2,4.9,0,101.0,1,41.6
C004854,2022-04-09,SMB,Europe,Free,Sales,6,0.0,1362,0.0,1,18.6,0.517,0,0,,2025-12-31,172.64,29,2025-12-31,2022-11-08,5.95,2,23.0,0,0.0,0,50.9
C004855,2022-03-21,SMB,North America,Pro,Referral,4,174.91,1381,13.0,0,6.9,0.457,1,0,,2025-12-31,5902.08,33,2025-10-26,2022-05-12,178.85,1,12.2,0,66.0,1,59.0
C004856,2024-09-16,Mid-Market,Europe,Enterprise,Paid Search,73,1328.32,471,16.0,0,-24.4,0.395,0,0,,2025-12-31,8840.84,6,2025-12-20,2025-02-10,1473.47,3,10.9,0,11.0,1,58.7
C004857,2025-04-24,SMB,LATAM,Pro,Partner,23,175.33,251,3.0,0,69.9,0.498,1,0,,2025-12-31,766.26,5,2025-08-03,2025-05-25,153.25,0,0.0,0,150.0,1,57.6
C004858,2024-06-22,Mid-Market,North America,Pro,Paid Search,58,183.52,557,0.0,2,56.2,0.295,1,0,,2025-12-31,2324.42,12,2025-11-28,2024-06-24,193.7,3,12.4,0,33.0,1,44.5
C004859,2023-01-10,Mid-Market,LATAM,Pro,Partner,28,141.38,1086,5.0,1,33.3,0.666,0,0,,2025-12-31,3712.79,26,2025-12-06,2023-01-12,142.8,1,7.6,0,25.0,1,61.3
C004860,2024-12-19,SMB,LATAM,Business,Partner,10,429.15,377,3.0,3,9.5,0.208,0,0,,2025-12-31,3360.83,8,2025-08-31,2025-01-11,420.1,4,28.2,0,122.0,1,40.4
C004861,2022-03-26,SMB,North America,Enterprise,Paid Search,6,1229.52,1376,27.0,1,64.6,0.255,0,0,,2025-12-31,35480.36,30,2025-09-10,2022-03-26,1182.68,2,14.6,1,112.0,1,71.7
C004862,2025-03-30,SMB,Europe,Free,Referral,9,0.0,276,27.0,1,32.1,0.278,1,0,,2025-12-31,11.51,9,2025-12-03,2025-04-15,1.28,1,22.1,0,28.0,0,67.2
C004863,2025-06-29,Startup,North America,Starter,Organic,1,45.2,185,0.0,2,19.3,0.747,0,0,,2025-12-31,214.36,5,2025-12-31,2025-08-03,42.87,3,15.9,0,0.0,1,56.3
C004864,2024-10-24,Startup,Europe,Free,Referral,7,0.0,433,12.0,2,-7.4,0.693,0,0,,2025-12-31,51.87,14,2025-12-13,2024-11-14,3.7,2,8.6,0,18.0,0,62.8
C004865,2025-06-11,Mid-Market,LATAM,Business,Partner,74,426.57,203,10.0,0,47.2,0.664,0,0,,2025-12-31,1982.59,4,2025-12-30,2025-09-05,495.65,1,30.1,0,1.0,1,68.6
C004866,2024-04-18,Enterprise,APAC,Free,Organic,370,0.0,622,0.0,1,25.4,0.582,0,0,,2025-12-31,54.4,16,2025-12-13,2024-05-10,3.4,1,18.4,0,18.0,0,53.5
C004867,2023-11-01,Mid-Market,LATAM,Enterprise,Paid Search,16,1350.38,791,18.0,1,40.3,0.363,0,0,,2025-12-31,22144.91,18,2025-12-03,2023-11-08,1230.27,1,37.5,0,28.0,1,64.5
C004868,2023-04-07,SMB,North America,Free,Organic,24,0.0,999,23.0,0,37.9,0.385,1,0,,2025-12-31,90.67999999999999,19,2025-11-28,2023-06-29,4.77,0,0.0,0,33.0,0,68.9
C004869,2025-08-11,Startup,Europe,Pro,Partner,7,173.36,142,17.0,2,49.6,0.182,1,0,,2025-12-31,678.53,4,2025-12-30,2025-11-15,169.63,3,28.7,0,1.0,1,55.6
C004870,2024-09-24,Startup,North America,Starter,Sales,2,55.72,463,25.0,0,39.2,0.112,0,0,,2025-12-31,400.36,8,2025-07-02,2024-10-01,50.04,0,0.0,0,182.0,1,64.6
C004871,2022-09-30,Mid-Market,APAC,Pro,Organic,62,138.71,1188,17.0,0,26.1,0.419,0,0,,2025-12-31,3552.65,27,2025-12-28,2022-11-20,131.58,0,0.0,0,3.0,1,65.4
C004872,2025-09-30,Startup,North America,Starter,Organic,6,46.07,92,15.0,0,47.6,0.48,0,0,,2025-12-31,151.64,3,2025-11-17,2025-10-05,50.55,0,0.0,0,44.0,1,67.6
C004873,2022-03-26,SMB,North America,Business,Paid Search,18,452.43,1376,26.0,0,57.5,0.767,2,0,,2025-12-31,10849.16,26,2025-12-28,2022-06-11,417.28,1,35.9,1,3.0,1,83.0
C004874,2024-04-20,Startup,North America,Pro,Organic,1,152.87,620,19.0,2,72.4,0.098,0,0,,2025-12-31,1782.78,11,2025-11-06,2024-07-11,162.07,2,8.6,0,55.0,1,59.1
C004875,2022-09-30,SMB,North America,Starter,Organic,14,45.17,1188,21.0,0,5.7,0.405,0,0,,2025-12-31,1078.77,25,2025-12-16,2022-12-12,43.15,0,0.0,0,15.0,1,66.5
C004876,2024-08-08,Mid-Market,North America,Business,Partner,30,414.91,510,21.0,0,61.5,0.195,0,0,,2025-12-31,3983.75,10,2025-11-21,2024-08-18,398.38,0,0.0,0,40.0,1,65.8
C004877,2023-08-14,Enterprise,North America,Enterprise,Paid Search,480,1160.38,870,0.0,1,-6.0,0.306,0,0,,2025-12-31,11916.619999999999,10,2025-09-05,2023-10-24,1191.66,1,19.7,0,117.0,1,42.1
C004878,2023-09-18,Startup,APAC,Business,Referral,5,383.46,835,20.0,1,59.1,0.435,0,0,,2025-12-31,6318.03,16,2025-08-06,2023-11-07,394.88,4,10.7,0,147.0,1,70.3
C004879,2024-08-18,SMB,APAC,Business,Paid Search,6,374.24,500,20.0,1,19.0,0.514,1,0,,2025-12-31,3170.91,9,2025-10-18,2024-08-29,352.32,1,13.0,0,74.0,1,66.7
C004880,2024-12-17,Mid-Market,North America,Pro,Partner,36,175.39,379,13.0,1,54.8,0.215,0,0,,2025-12-31,989.7,6,2025-11-15,2024-12-22,164.95,1,12.6,0,46.0,1,57.0
C004881,2023-06-28,Mid-Market,APAC,Enterprise,Paid Search,27,1417.0,917,15.0,1,71.1,0.516,1,0,,2025-12-31,27354.98,19,2025-12-21,2023-09-18,1439.74,1,14.0,0,10.0,1,67.5
C004882,2025-11-27,Mid-Market,Europe,Pro,Organic,41,175.79,34,23.0,2,39.5,0.443,1,0,,2025-12-31,170.66,1,2025-12-24,2025-12-24,170.66,2,22.6,0,7.0,1,67.8
C004883,2023-12-14,Startup,APAC,Enterprise,Paid Search,1,1043.88,748,3.0,2,33.8,0.433,0,0,,2025-12-31,14673.76,15,2025-11-21,2024-01-20,978.25,2,11.8,0,40.0,1,51.0
C004884,2022-08-18,Enterprise,North America,Business,Referral,325,478.27,1231,14.0,2,32.5,0.229,0,0,,2025-12-31,11724.720000000001,24,2025-11-11,2022-10-10,488.53,3,35.9,0,50.0,1,54.6
C004885,2022-01-10,Enterprise,Europe,Starter,Sales,401,56.61,1451,21.0,1,23.2,0.247,1,0,,2025-12-31,1941.02,34,2025-12-17,2022-02-25,57.09,1,7.6,0,14.0,1,60.0
C004886,2022-10-17,SMB,North America,Free,Organic,16,0.0,1171,7.0,2,63.1,0.43,1,0,,2025-12-31,189.94,33,2025-12-06,2022-11-19,5.76,3,5.2,0,25.0,0,55.5
C004887,2024-09-15,SMB,North America,Business,Paid Search,5,357.25,472,7.0,1,32.3,0.354,0,0,,2025-12-31,2746.96,8,2025-12-11,2024-11-25,343.37,1,8.6,0,20.0,1,53.6
C004888,2024-02-11,Mid-Market,Europe,Pro,Partner,19,144.02,689,0.0,3,-19.4,0.37,0,0,,2025-12-31,2003.49,15,2025-11-05,2024-03-01,133.57,3,12.6,0,56.0,1,39.7
C004889,2023-04-29,Enterprise,APAC,Pro,Organic,134,149.33,977,8.0,2,57.1,0.391,0,0,,2025-12-31,3076.22,21,2025-09-29,2023-06-20,146.49,2,29.6,0,93.0,1,56.6
C004890,2023-11-20,Mid-Market,APAC,Enterprise,Referral,43,1159.86,772,10.0,3,55.8,0.315,0,0,,2025-12-31,25128.61,21,2025-10-25,2024-01-25,1196.6,3,27.0,0,67.0,1,54.5
C004891,2025-04-13,Mid-Market,North America,Pro,Organic,78,165.57,262,26.0,1,36.1,0.487,0,0,,2025-12-31,659.77,4,2025-12-25,2025-04-23,164.94,1,5.8,0,6.0,1,74.9
C004892,2024-03-28,Enterprise,Europe,Starter,Referral,157,51.28,643,2.0,2,15.3,0.389,0,0,,2025-12-31,929.59,17,2025-12-21,2024-05-07,54.68,3,8.6,0,10.0,1,47.0
C004893,2022-03-25,Mid-Market,APAC,Pro,Partner,36,157.74,1377,18.0,0,6.0,0.426,0,0,,2025-12-31,5303.64,32,2025-11-01,2022-05-11,165.74,1,27.7,0,60.0,1,64.5
C004894,2022-03-12,SMB,North America,Free,Organic,10,0.0,1390,1.0,0,15.4,0.297,0,0,,2025-12-31,164.81,27,2025-12-09,2022-07-08,6.1,0,0.0,0,22.0,0,46.3
C004895,2023-11-21,Startup,North America,Pro,Referral,5,156.42,771,22.0,0,40.0,0.251,1,0,,2025-12-31,3372.83,22,2025-12-17,2024-01-01,153.31,1,39.5,0,14.0,1,64.2
C004896,2023-08-02,Startup,North America,Enterprise,Organic,4,1221.93,882,13.0,1,-11.1,0.65,1,0,,2025-12-31,20001.98,17,2025-12-15,2023-09-12,1176.59,3,13.6,1,16.0,1,61.5
C004897,2025-05-01,Mid-Market,North America,Free,Referral,64,0.0,244,11.0,0,45.6,0.684,0,0,,2025-12-31,30.27,8,2025-12-28,2025-05-10,3.78,0,0.0,0,3.0,0,69.9
C004898,2024-04-13,Mid-Market,North America,Business,Referral,40,446.36,627,26.0,1,36.8,0.254,0,0,,2025-12-31,3424.18,8,2025-11-01,2024-06-07,428.02,2,21.1,0,60.0,1,68.0
C004899,2024-12-18,Startup,North America,Business,Partner,2,430.59,378,20.0,1,67.2,0.337,0,0,,2025-12-31,4147.58,9,2025-12-13,2024-12-19,460.84,1,17.2,0,18.0,1,68.2
C004900,2024-04-16,SMB,Europe,Free,Organic,4,0.0,624,2.0,1,52.5,0.665,0,0,,2025-12-31,48.23,8,2025-12-20,2024-04-20,6.03,2,29.4,0,11.0,0,60.5
C004901,2023-05-09,SMB,Europe,Business,Paid Search,23,437.47,967,2.7,3,16.9,0.468,0,1,2025-10-16,2025-12-31,5619.34,14,2025-04-25,2023-06-08,401.38,3,28.5,0,250.0,0,48.6
C004902,2024-07-28,Mid-Market,APAC,Business,Paid Search,67,434.7,521,7.0,0,-7.3,0.677,0,0,,2025-12-31,5028.83,11,2025-11-06,2024-10-15,457.17,1,14.9,0,55.0,1,60.8
C004903,2024-06-07,Mid-Market,Europe,Pro,Partner,51,182.16,572,17.0,3,14.5,0.338,0,0,,2025-12-31,2147.0,12,2025-12-30,2024-08-31,178.92,3,8.5,0,1.0,1,57.3
C004904,2024-10-26,SMB,North America,Starter,Partner,14,55.38,431,23.0,4,69.5,0.646,0,0,,2025-12-31,711.36,13,2025-10-07,2024-11-23,54.72,4,18.8,1,85.0,1,75.9
C004905,2022-09-28,SMB,LATAM,Starter,Paid Search,7,56.22,1190,17.0,0,42.4,0.317,0,0,,2025-12-31,1891.17,33,2025-09-19,2022-10-25,57.31,0,0.0,0,103.0,1,63.9
C004906,2024-07-06,Enterprise,APAC,Pro,Referral,201,172.63,543,11.0,2,49.9,0.524,0,0,,2025-12-31,912.98,5,2025-12-09,2024-11-23,182.6,2,13.0,0,22.0,1,62.5
C004907,2023-02-13,Startup,Europe,Starter,Referral,4,47.95,1052,20.0,0,19.3,0.489,0,0,,2025-12-31,1046.42,21,2025-10-22,2023-02-27,49.83,0,0.0,0,70.0,1,69.5
C004908,2025-02-04,SMB,North America,Starter,Partner,13,54.08,330,21.0,1,47.1,0.691,2,0,,2025-12-31,411.67,8,2025-12-24,2025-03-11,51.46,2,10.9,1,7.0,1,73.7
C004909,2025-02-15,SMB,Europe,Enterprise,Organic,18,1449.41,319,2.0,2,-3.0,0.748,0,0,,2025-12-31,11658.6,8,2025-11-28,2025-03-06,1457.32,4,20.8,0,33.0,1,55.9
C004910,2024-06-12,Mid-Market,Europe,Pro,Paid Search,29,150.66,567,15.0,1,58.4,0.424,0,0,,2025-12-31,1951.52,12,2025-11-10,2024-08-06,162.63,2,6.6,1,51.0,1,65.5
C004911,2025-09-15,SMB,APAC,Business,Paid Search,6,373.6,107,8.2,2,6.1,0.188,1,1,2025-10-30,2025-12-31,360.15,1,2025-10-30,2025-10-30,360.15,2,13.6,0,62.0,0,43.6
C004912,2024-02-08,SMB,APAC,Enterprise,Referral,24,1205.3,692,16.0,0,-14.4,0.791,1,0,,2025-12-31,22078.34,18,2025-12-06,2024-05-26,1226.57,0,0.0,0,25.0,1,69.6
C004913,2022-02-05,Enterprise,LATAM,Free,Referral,487,0.0,1425,6.0,1,91.6,0.139,0,0,,2025-12-31,140.63,38,2025-11-02,2022-02-07,3.7,1,12.1,0,59.0,0,52.2
C004914,2024-05-16,SMB,LATAM,Starter,Referral,17,45.39,594,4.0,1,38.4,0.468,1,0,,2025-12-31,613.48,15,2025-11-28,2024-06-22,40.9,1,1.2,0,33.0,1,53.0
C004915,2025-01-17,SMB,Europe,Pro,Organic,12,176.84,348,8.0,0,37.7,0.337,0,0,,2025-12-31,1439.71,9,2025-11-26,2025-04-23,159.97,0,0.0,0,35.0,1,56.0
C004916,2022-05-25,Startup,LATAM,Starter,Referral,7,54.33,1316,9.0,0,-11.7,0.448,0,0,,2025-12-31,1706.8799999999999,30,2025-11-06,2022-06-06,56.9,0,0.0,0,55.0,1,55.3
C004917,2022-05-30,Mid-Market,LATAM,Free,Referral,42,0.0,1311,25.0,2,50.6,0.265,2,0,,2025-12-31,106.28,15,2025-09-06,2022-06-27,7.09,2,9.4,0,116.0,0,63.3
C004918,2023-01-26,Startup,North America,Business,Organic,6,374.28,1070,17.0,1,57.2,0.468,0,0,,2025-12-31,8376.5,22,2025-12-23,2023-04-03,380.75,2,8.4,0,8.0,1,68.4
C004919,2025-04-22,SMB,Europe,Free,Organic,13,0.0,253,23.0,3,30.0,0.503,0,0,,2025-12-31,32.339999999999996,11,2025-10-30,2025-05-03,2.94,3,19.9,0,62.0,0,69.1
C004920,2024-01-25,Enterprise,North America,Pro,Organic,378,142.49,706,0.0,2,57.2,0.537,0,0,,2025-12-31,2877.93,21,2025-12-07,2024-04-21,137.04,2,25.4,0,24.0,1,53.8
C004921,2025-10-28,Enterprise,North America,Pro,Partner,373,170.06,64,21.0,1,64.3,0.619,0,0,,2025-12-31,158.64,1,2025-12-24,2025-12-24,158.64,1,62.8,0,7.0,1,77.2
C004922,2025-06-02,Mid-Market,North America,Pro,Paid Search,36,150.13,212,5.0,0,48.1,0.276,0,0,,2025-12-31,793.38,5,2025-12-14,2025-08-13,158.68,3,7.6,0,17.0,1,52.6
C004923,2024-03-04,Mid-Market,Europe,Starter,Organic,72,53.79,667,15.0,2,-19.2,0.865,0,0,,2025-12-31,929.59,17,2025-12-04,2024-03-14,54.68,2,31.2,0,27.0,1,69.4
C004924,2024-08-29,SMB,North America,Free,Paid Search,6,0.0,489,10.0,2,6.2,0.565,0,0,,2025-12-31,50.67,10,2025-11-07,2024-12-12,5.07,5,11.4,1,54.0,0,58.5
C004925,2023-04-19,SMB,North America,Business,Referral,10,410.83,987,24.0,3,77.2,0.272,0,0,,2025-12-31,6855.78,17,2025-12-27,2023-06-10,403.28,3,9.4,0,4.0,1,67.8
C004926,2022-05-10,Mid-Market,North America,Enterprise,Referral,52,1317.86,1331,18.0,1,37.1,0.592,1,0,,2025-12-31,38741.3,29,2025-12-26,2022-05-16,1335.91,2,34.5,0,5.0,1,69.0
C004927,2023-07-25,Startup,Europe,Pro,Referral,7,176.32,890,12.0,1,37.2,0.076,1,0,,2025-12-31,3379.5,18,2025-12-19,2023-10-03,187.75,1,38.4,0,12.0,1,48.2
C004928,2024-04-26,Mid-Market,APAC,Free,Sales,58,0.0,614,5.3,1,14.2,0.457,1,1,2025-08-20,2025-12-31,83.19,15,2025-08-06,2024-06-09,5.55,1,16.9,0,147.0,0,51.4
C004929,2022-09-18,SMB,LATAM,Pro,Partner,17,162.94,1200,19.0,1,19.1,0.745,0,0,,2025-12-31,3105.67,19,2025-11-13,2022-09-19,163.46,1,17.5,0,48.0,1,74.7
C004930,2022-11-14,Startup,Europe,Starter,Referral,6,45.42,1143,20.0,0,64.8,0.126,1,0,,2025-12-31,831.97,17,2025-12-30,2023-01-13,48.94,0,0.0,0,1.0,1,61.1
C004931,2022-01-22,Startup,North America,Starter,Paid Search,3,43.5,1439,16.0,1,72.5,0.445,0,0,,2025-12-31,954.07,22,2025-12-28,2022-04-09,43.37,1,7.1,0,3.0,1,68.4
C004932,2024-11-15,SMB,APAC,Starter,Referral,6,58.44,411,5.1,1,54.9,0.576,1,1,2025-09-21,2025-12-31,351.29,5,2025-07-25,2025-01-08,70.26,2,10.4,0,159.0,0,58.8
C004933,2025-07-10,SMB,North America,Starter,Sales,10,53.37,174,13.5,5,48.8,0.161,0,1,2025-08-12,2025-12-31,0.0,0,,,0.0,5,9.6,0,,0,49.3
C004934,2025-03-29,Mid-Market,LATAM,Starter,Partner,40,54.19,277,0.0,0,50.7,0.249,0,0,,2025-12-31,98.07,2,2025-06-19,2025-04-01,49.04,0,0.0,0,195.0,1,47.5
C004935,2023-06-28,Enterprise,APAC,Starter,Paid Search,70,45.87,917,10.0,2,33.2,0.295,0,0,,2025-12-31,921.92,22,2025-12-15,2023-07-07,41.91,2,5.6,0,16.0,1,53.1
C004936,2024-04-28,SMB,Europe,Business,Organic,15,476.79,612,10.1,2,4.9,0.125,2,1,2024-07-18,2025-12-31,604.01,1,2024-07-12,2024-07-12,604.01,3,8.1,0,537.0,0,41.3
C004937,2025-10-05,Enterprise,North America,Pro,Paid Search,86,145.7,87,8.0,2,-0.5,0.566,0,0,,2025-12-31,160.36,1,2025-11-15,2025-11-15,160.36,2,6.4,0,46.0,1,56.1
C004938,2024-04-25,Mid-Market,North America,Starter,Organic,51,53.51,615,23.0,1,67.9,0.266,0,0,,2025-12-31,575.36,11,2025-12-31,2024-06-04,52.31,1,5.9,0,0.0,1,68.8
C004939,2023-02-28,Mid-Market,Europe,Free,Organic,73,0.0,1037,15.0,2,34.2,0.427,1,0,,2025-12-31,96.26,17,2025-12-14,2023-07-13,5.66,2,11.0,0,17.0,0,59.6
C004940,2023-04-30,Startup,Europe,Business,Paid Search,1,390.38,976,7.0,2,46.9,0.112,0,0,,2025-12-31,13350.02,33,2025-12-20,2023-07-17,404.55,2,51.7,0,11.0,1,46.3
C004941,2024-11-05,Startup,APAC,Free,Organic,2,0.0,421,9.0,0,40.3,0.484,2,0,,2025-12-31,67.01,10,2025-12-22,2024-11-19,6.7,0,0.0,0,9.0,0,57.6
C004942,2023-10-01,Startup,Europe,Starter,Sales,7,47.39,822,13.0,1,41.5,0.162,0,0,,2025-12-31,1024.02,22,2025-10-17,2023-10-14,46.55,1,6.2,1,75.0,1,54.1
C004943,2025-04-12,SMB,Europe,Pro,Partner,21,146.83,263,3.0,0,43.6,0.837,0,0,,2025-12-31,555.02,4,2025-11-21,2025-08-02,138.76,1,12.2,1,40.0,1,67.1
C004944,2025-05-20,Mid-Market,North America,Pro,Referral,31,139.37,225,3.5,3,52.4,0.255,0,1,2025-08-27,2025-12-31,389.77,3,2025-07-04,2025-05-25,129.92,3,12.5,0,180.0,0,46.5
C004945,2022-02-21,Enterprise,Europe,Business,Paid Search,338,381.57,1409,19.0,0,15.8,0.568,0,0,,2025-12-31,9595.35,26,2025-10-31,2022-03-21,369.05,0,0.0,0,61.0,1,70.6
C004946,2024-10-31,SMB,North America,Starter,Organic,12,50.04,426,25.0,2,64.6,0.389,1,0,,2025-12-31,525.83,10,2025-11-30,2024-11-06,52.58,2,25.2,0,31.0,1,70.5
C004947,2023-06-14,SMB,Europe,Starter,Organic,8,44.74,931,26.0,0,16.6,0.58,1,0,,2025-12-31,721.15,15,2025-08-23,2023-09-28,48.08,2,14.7,0,130.0,1,75.3
C004948,2024-01-14,Mid-Market,Europe,Starter,Referral,61,50.59,717,10.0,1,41.0,0.677,0,0,,2025-12-31,737.3,15,2025-12-08,2024-05-18,49.15,1,8.7,0,23.0,1,66.8
C004949,2023-01-14,SMB,APAC,Pro,Organic,20,145.77,1082,22.0,1,5.4,0.152,1,0,,2025-12-31,4273.96,27,2025-10-31,2023-01-18,158.29,1,41.8,0,61.0,1,56.2
C004950,2023-06-11,SMB,Europe,Starter,Partner,3,50.32,934,11.0,3,30.8,0.212,0,0,,2025-12-31,719.19,14,2025-09-06,2023-07-15,51.37,3,16.8,0,116.0,1,49.8
C004951,2023-04-18,Mid-Market,North America,Starter,Organic,68,55.23,988,22.0,1,18.5,0.275,1,0,,2025-12-31,1098.0,21,2025-10-28,2023-05-19,52.29,2,17.1,0,64.0,1,61.2
C004952,2022-03-14,Mid-Market,APAC,Free,Paid Search,33,0.0,1388,25.0,0,35.6,0.301,0,0,,2025-12-31,225.29,45,2025-12-15,2022-03-20,5.01,1,3.8,0,16.0,0,69.9
C004953,2025-01-24,SMB,APAC,Enterprise,Organic,19,1256.03,341,12.0,2,53.4,0.443,0,0,,2025-12-31,5094.71,4,2025-12-19,2025-05-18,1273.68,4,9.8,0,12.0,1,61.3
C004954,2022-07-24,SMB,APAC,Free,Paid Search,19,0.0,1256,16.0,0,36.9,0.463,0,0,,2025-12-31,93.25,22,2025-12-20,2022-11-30,4.24,0,0.0,0,11.0,0,66.9
C004955,2023-06-22,Startup,Europe,Starter,Organic,5,49.82,923,24.0,1,84.0,0.586,1,0,,2025-12-31,995.72,20,2025-11-30,2023-08-05,49.79,2,15.0,0,31.0,1,78.9
C004956,2022-10-04,SMB,APAC,Enterprise,Referral,5,1211.45,1184,3.0,2,54.9,0.733,0,0,,2025-12-31,23561.09,20,2025-05-22,2022-11-01,1178.05,2,19.9,0,223.0,1,62.2
C004957,2022-08-18,SMB,North America,Business,Organic,13,428.64,1231,6.0,3,29.3,0.394,1,0,,2025-12-31,12202.62,29,2025-12-23,2022-09-06,420.78,3,15.4,1,8.0,1,48.6
C004958,2023-06-18,Startup,Europe,Pro,Organic,7,133.32,927,17.0,2,32.8,0.05,0,0,,2025-12-31,2478.21,18,2025-08-02,2023-08-19,137.68,2,15.4,0,151.0,1,52.0
C004959,2025-08-06,Enterprise,APAC,Pro,Organic,271,165.27,147,5.0,0,44.4,0.366,0,0,,2025-12-31,552.1,3,2025-11-02,2025-10-10,184.03,0,0.0,0,59.0,1,54.9
C004960,2025-09-12,SMB,North America,Free,Sales,10,0.0,110,22.0,0,52.6,0.635,0,0,,2025-12-31,11.82,3,2025-12-18,2025-09-22,3.94,0,0.0,0,13.0,0,79.0
C004961,2023-06-30,SMB,APAC,Business,Partner,22,395.63,915,2.2,1,4.1,0.185,0,1,2023-12-14,2025-12-31,908.0500000000001,2,2023-11-19,2023-10-30,454.02,1,28.8,0,773.0,0,41.4
C004962,2023-12-24,SMB,North America,Starter,Partner,5,55.01,738,9.0,1,50.9,0.377,0,0,,2025-12-31,773.51,14,2025-12-03,2024-03-01,55.25,1,19.1,0,28.0,1,57.9
C004963,2025-11-10,Enterprise,North America,Enterprise,Paid Search,107,1197.05,51,22.0,2,4.8,0.293,1,0,,2025-12-31,2317.13,2,2025-12-23,2025-12-14,1158.56,5,16.4,1,8.0,1,58.9
C004964,2022-12-02,Startup,North America,Starter,Referral,4,50.44,1125,14.0,2,48.5,0.474,0,0,,2025-12-31,1476.78,30,2025-11-05,2023-01-02,49.23,3,17.9,0,56.0,1,63.6
C004965,2025-09-12,Startup,APAC,Pro,Organic,4,162.73,110,22.0,1,62.5,0.613,0,0,,2025-12-31,172.14,1,2025-10-27,2025-10-27,172.14,4,11.3,1,65.0,1,77.8
C004966,2022-06-01,Enterprise,APAC,Pro,Referral,487,191.45,1309,17.0,1,42.5,0.468,0,0,,2025-12-31,4340.64,23,2025-10-05,2022-06-04,188.72,1,18.3,0,87.0,1,67.0
C004967,2022-11-19,Mid-Market,North America,Free,Referral,36,0.0,1138,14.0,4,-23.1,0.729,0,0,,2025-12-31,181.12,31,2025-12-13,2022-12-21,5.84,5,20.1,1,18.0,0,61.1
C004968,2023-04-29,Mid-Market,North America,Starter,Organic,31,58.42,977,6.8,3,-9.6,0.285,0,1,2024-03-07,2025-12-31,323.65,6,2023-12-25,2023-06-05,53.94,3,14.5,0,737.0,0,44.2
C004969,2022-02-23,SMB,North America,Business,Organic,3,373.7,1407,22.0,0,49.1,0.562,0,0,,2025-12-31,12363.43,34,2025-10-22,2022-03-04,363.63,1,13.8,0,70.0,1,76.4
C004970,2025-03-12,SMB,North America,Starter,Paid Search,6,44.43,294,27.0,4,-26.3,0.125,0,0,,2025-12-31,198.69,4,2025-12-30,2025-06-13,49.67,6,30.3,0,1.0,1,54.2
C004971,2025-05-08,Mid-Market,APAC,Enterprise,Organic,31,1280.27,237,0.0,1,50.2,0.323,0,0,,2025-12-31,6905.0,6,2025-11-19,2025-09-29,1150.83,1,7.1,0,42.0,1,48.2
C004972,2023-07-03,Startup,North America,Starter,Organic,6,51.98,912,8.1,0,59.6,0.074,1,1,2024-01-07,2025-12-31,456.90999999999997,9,2023-10-29,2023-07-07,50.77,0,0.0,0,794.0,0,48.4
C004973,2025-04-11,Mid-Market,North America,Pro,Paid Search,64,152.79,264,21.0,1,63.4,0.318,2,0,,2025-12-31,688.56,5,2025-12-10,2025-04-15,137.71,1,30.8,0,21.0,1,64.1
C004974,2025-01-09,SMB,North America,Pro,Organic,11,166.69,356,18.0,1,29.0,0.142,0,0,,2025-12-31,1027.5,7,2025-10-21,2025-04-01,146.79,1,14.1,0,71.0,1,56.7
C004975,2025-02-20,Mid-Market,Europe,Pro,Referral,72,164.24,314,13.0,3,46.0,0.823,1,0,,2025-12-31,636.54,4,2025-12-18,2025-07-27,159.14,3,22.7,0,13.0,1,69.4
C004976,2025-02-21,SMB,APAC,Pro,Paid Search,4,157.91,313,22.0,3,40.2,0.514,0,0,,2025-12-31,984.37,7,2025-12-17,2025-06-05,140.62,3,13.1,0,14.0,1,69.6
C004977,2024-03-31,SMB,Europe,Business,Partner,24,475.3,640,13.0,1,-1.8,0.467,1,0,,2025-12-31,5088.3,11,2025-11-02,2024-07-16,462.57,2,16.6,0,59.0,1,56.9
C004978,2022-06-08,Mid-Market,Europe,Pro,Paid Search,75,145.68,1302,2.0,0,53.6,0.166,2,1,2025-05-26,2025-12-31,3736.81,24,2025-04-17,2022-06-20,155.7,0,0.0,0,258.0,0,43.1
C004979,2025-08-13,SMB,LATAM,Pro,Paid Search,7,147.09,140,7.0,0,69.8,0.611,0,0,,2025-12-31,689.49,5,2025-11-28,2025-08-15,137.9,2,10.0,0,33.0,1,66.6
C004980,2024-05-20,Startup,Europe,Pro,Paid Search,2,164.16,590,1.0,1,52.2,0.436,1,0,,2025-12-31,2799.38,20,2025-12-20,2024-06-05,139.97,2,14.5,1,11.0,1,50.7
C004981,2025-07-12,SMB,APAC,Starter,Sales,11,51.37,172,19.0,1,22.4,0.706,0,0,,2025-12-31,139.2,3,2025-12-18,2025-07-27,46.4,3,9.2,1,13.0,1,73.9
C004982,2025-10-03,Startup,Europe,Free,Paid Search,7,0.0,89,10.8,1,53.5,0.441,0,1,2025-12-08,2025-12-31,23.43,2,2025-11-11,2025-10-06,11.72,1,3.4,0,50.0,0,61.7
C004983,2022-09-25,SMB,North America,Starter,Partner,14,46.35,1193,10.0,4,67.4,0.326,1,0,,2025-12-31,1258.01,28,2025-12-07,2022-09-27,44.93,4,12.3,0,24.0,1,52.4
C004984,2023-07-30,SMB,APAC,Pro,Referral,21,156.13,885,20.0,0,64.2,0.498,1,0,,2025-12-31,3320.3,21,2025-12-17,2023-08-31,158.11,3,15.4,0,14.0,1,72.2
C004985,2022-10-03,Mid-Market,Europe,Enterprise,Partner,43,1395.04,1185,27.0,2,60.7,0.212,0,0,,2025-12-31,35084.25,23,2025-12-10,2022-12-11,1525.4,2,11.4,0,21.0,1,68.5
C004986,2022-03-14,SMB,Europe,Free,Organic,10,0.0,1388,11.0,0,-4.8,0.388,0,0,,2025-12-31,147.53,30,2025-10-26,2022-04-12,4.92,0,0.0,0,66.0,0,56.0
C004987,2025-10-13,Mid-Market,North America,Pro,Organic,37,142.86,79,24.0,2,45.0,0.571,0,0,,2025-12-31,143.97,1,2025-10-18,2025-10-18,143.97,2,9.8,0,74.0,1,75.1
C004988,2025-08-13,Enterprise,Europe,Starter,Partner,59,56.18,140,0.0,3,51.1,0.482,0,0,,2025-12-31,112.46000000000001,2,2025-10-23,2025-09-06,56.23,4,10.9,0,69.0,1,50.1
C004989,2025-08-25,Mid-Market,APAC,Pro,Referral,73,164.03,128,18.0,1,61.0,0.382,0,0,,2025-12-31,611.41,4,2025-11-28,2025-09-26,152.85,1,37.8,0,33.0,1,67.1
C004990,2025-06-17,Enterprise,North America,Business,Referral,324,508.27,197,4.0,1,47.9,0.333,1,0,,2025-12-31,457.77,1,2025-09-07,2025-09-07,457.77,1,30.2,0,115.0,1,49.9
C004991,2024-07-16,Startup,North America,Business,Partner,7,432.34,533,21.0,0,73.8,0.344,0,0,,2025-12-31,4574.75,10,2025-11-23,2024-07-17,457.48,0,0.0,0,38.0,1,71.4
C004992,2024-01-17,Startup,North America,Pro,Organic,3,144.86,714,0.0,0,-10.7,0.567,0,0,,2025-12-31,1152.6599999999999,8,2025-10-23,2024-04-23,144.08,0,0.0,0,69.0,1,50.9
C004993,2025-11-18,SMB,Europe,Business,Referral,13,425.21,43,23.0,1,49.0,0.307,1,0,,2025-12-31,423.2,1,2025-11-27,2025-11-27,423.2,1,26.1,0,34.0,1,66.1
C004994,2024-02-29,Enterprise,APAC,Free,Partner,261,0.0,671,11.0,0,47.0,0.212,0,0,,2025-12-31,90.9,11,2025-12-11,2024-03-16,8.26,0,0.0,0,20.0,0,55.9
C004995,2024-07-07,Startup,Europe,Pro,Sales,5,165.81,542,6.0,1,57.6,0.371,0,0,,2025-12-31,1760.49,9,2025-11-30,2025-03-04,195.61,1,14.6,0,31.0,1,55.7
C004996,2022-10-30,SMB,LATAM,Starter,Referral,15,57.28,1158,15.0,0,73.6,0.286,2,0,,2025-12-31,745.77,14,2025-06-26,2022-12-18,53.27,1,39.8,0,188.0,1,60.3
C004997,2024-12-03,Mid-Market,Europe,Enterprise,Paid Search,60,1332.3,393,27.0,3,12.8,0.512,2,0,,2025-12-31,19186.46,13,2025-12-05,2025-01-03,1475.88,4,25.9,1,26.0,1,67.2
C004998,2025-03-17,SMB,North America,Business,Partner,8,424.91,289,4.0,1,72.7,0.776,0,0,,2025-12-31,1772.8000000000002,5,2025-08-07,2025-04-19,354.56,2,49.1,0,146.0,1,67.6
C004999,2024-08-28,SMB,North America,Free,Partner,17,0.0,490,8.0,3,55.4,0.306,0,0,,2025-12-31,43.68,10,2025-12-15,2024-09-10,4.37,4,22.8,1,16.0,0,52.4
C005000,2023-12-14,Enterprise,North America,Starter,Paid Search,284,49.31,748,17.0,0,30.3,0.47,1,0,,2025-12-31,681.24,15,2025-09-27,2024-01-28,45.42,2,11.2,0,95.0,1,65.3
