event_id,event_type,user_id,user_name,user_email,parent_id,title,body,_ingest_ts,_source_system
post-1,post,1,Leanne Graham,Sincere@april.biz,,sunt aut facere repellat provident occaecati excepturi optio reprehenderit,"quia et suscipit
suscipit recusandae consequuntur expedita et cum
reprehenderit molestiae ut ut quas totam
nostrum rerum est autem sunt rem eveniet architecto",2026-09-15 19:12:35,jsonplaceholder
post-2,post,1,Leanne Graham,Sincere@april.biz,,qui est esse,"est rerum tempore vitae
sequi sint nihil reprehenderit dolor beatae ea dolores neque
fugiat blanditiis voluptate porro vel nihil molestiae ut reiciendis
qui aperiam non debitis possimus qui neque nisi nulla",2026-09-15 19:12:35,jsonplaceholder
post-3,post,1,Leanne Graham,Sincere@april.biz,,ea molestias quasi exercitationem repellat qui ipsa sit aut,"et iusto sed quo iure
voluptatem occaecati omnis eligendi aut ad
voluptatem doloribus vel accusantium quis pariatur
molestiae porro eius odio et labore et velit aut",2026-09-15 19:12:35,jsonplaceholder
post-4,post,1,Leanne Graham,Sincere@april.biz,,eum et est occaecati,"ullam et saepe reiciendis voluptatem adipisci
sit amet autem assumenda provident rerum culpa
quis hic commodi nesciunt rem tenetur doloremque ipsam iure
quis sunt voluptatem rerum illo velit",2026-09-15 19:12:35,jsonplaceholder
post-5,post,1,Leanne Graham,Sincere@april.biz,,nesciunt quas odio,"repudiandae veniam quaerat sunt sed
alias aut fugiat sit autem sed est
voluptatem omnis possimus esse voluptatibus quis
est aut tenetur dolor neque",2026-09-15 19:12:35,jsonplaceholder
post-6,post,1,Leanne Graham,Sincere@april.biz,,dolorem eum magni eos aperiam quia,"ut aspernatur corporis harum nihil quis provident sequi
mollitia nobis aliquid molestiae
perspiciatis et ea nemo ab reprehenderit accusantium quas
voluptate dolores velit et doloremque molestiae",2026-09-15 19:12:35,jsonplaceholder
post-7,post,1,Leanne Graham,Sincere@april.biz,,magnam facilis autem,"dolore placeat quibusdam ea quo vitae
magni quis enim qui quis quo nemo aut saepe
quidem repellat excepturi ut quia
sunt ut sequi eos ea sed quas",2026-09-15 19:12:35,jsonplaceholder
post-8,post,1,Leanne Graham,Sincere@april.biz,,dolorem dolore est ipsam,"dignissimos aperiam dolorem qui eum
facilis quibusdam animi sint suscipit qui sint possimus cum
quaerat magni maiores excepturi
ipsam ut commodi dolor voluptatum modi aut vitae",2026-09-15 19:12:35,jsonplaceholder
post-9,post,1,Leanne Graham,Sincere@april.biz,,nesciunt iure omnis dolorem tempora et accusantium,"consectetur animi nesciunt iure dolore
enim quia ad
veniam autem ut quam aut nobis
et est aut quod aut provident voluptas autem voluptas",2026-09-15 19:12:35,jsonplaceholder
post-10,post,1,Leanne Graham,Sincere@april.biz,,optio molestias id quia eum,"quo et expedita modi cum officia vel magni
doloribus qui repudiandae
vero nisi sit
quos veniam quod sed accusamus veritatis error",2026-09-15 19:12:35,jsonplaceholder
post-11,post,2,Ervin Howell,Shanna@melissa.tv,,et ea vero quia laudantium autem,"delectus reiciendis molestiae occaecati non minima eveniet qui voluptatibus
accusamus in eum beatae sit
vel qui neque voluptates ut commodi qui incidunt
ut animi commodi",2026-09-15 19:12:35,jsonplaceholder
post-12,post,2,Ervin Howell,Shanna@melissa.tv,,in quibusdam tempore odit est dolorem,"itaque id aut magnam
praesentium quia et ea odit et ea voluptas et
sapiente quia nihil amet occaecati quia id voluptatem
incidunt ea est distinctio odio",2026-09-15 19:12:35,jsonplaceholder
post-13,post,2,Ervin Howell,Shanna@melissa.tv,,dolorum ut in voluptas mollitia et saepe quo animi,"aut dicta possimus sint mollitia voluptas commodi quo doloremque
iste corrupti reiciendis voluptatem eius rerum
sit cumque quod eligendi laborum minima
perferendis recusandae assumenda consectetur porro architecto ipsum ipsam",2026-09-15 19:12:35,jsonplaceholder
post-14,post,2,Ervin Howell,Shanna@melissa.tv,,voluptatem eligendi optio,"fuga et accusamus dolorum perferendis illo voluptas
non doloremque neque facere
ad qui dolorum molestiae beatae
sed aut voluptas totam sit illum",2026-09-15 19:12:35,jsonplaceholder
post-15,post,2,Ervin Howell,Shanna@melissa.tv,,eveniet quod temporibus,"reprehenderit quos placeat
velit minima officia dolores impedit repudiandae molestiae nam
voluptas recusandae quis delectus
officiis harum fugiat vitae",2026-09-15 19:12:35,jsonplaceholder
post-16,post,2,Ervin Howell,Shanna@melissa.tv,,sint suscipit perspiciatis velit dolorum rerum ipsa laboriosam odio,"suscipit nam nisi quo aperiam aut
asperiores eos fugit maiores voluptatibus quia
voluptatem quis ullam qui in alias quia est
consequatur magni mollitia accusamus ea nisi voluptate dicta",2026-09-15 19:12:35,jsonplaceholder
post-17,post,2,Ervin Howell,Shanna@melissa.tv,,fugit voluptas sed molestias voluptatem provident,"eos voluptas et aut odit natus earum
aspernatur fuga molestiae ullam
deserunt ratione qui eos
qui nihil ratione nemo velit ut aut id quo",2026-09-15 19:12:35,jsonplaceholder
post-18,post,2,Ervin Howell,Shanna@melissa.tv,,voluptate et itaque vero tempora molestiae,"eveniet quo quis
laborum totam consequatur non dolor
ut et est repudiandae
est voluptatem vel debitis et magnam",2026-09-15 19:12:35,jsonplaceholder
post-19,post,2,Ervin Howell,Shanna@melissa.tv,,adipisci placeat illum aut reiciendis qui,"illum quis cupiditate provident sit magnam
ea sed aut omnis
veniam maiores ullam consequatur atque
adipisci quo iste expedita sit quos voluptas",2026-09-15 19:12:35,jsonplaceholder
post-20,post,2,Ervin Howell,Shanna@melissa.tv,,doloribus ad provident suscipit at,"qui consequuntur ducimus possimus quisquam amet similique
suscipit porro ipsam amet
eos veritatis officiis exercitationem vel fugit aut necessitatibus totam
omnis rerum consequatur expedita quidem cumque explicabo",2026-09-15 19:12:35,jsonplaceholder
post-21,post,3,Clementine Bauch,Nathan@yesenia.net,,asperiores ea ipsam voluptatibus modi minima quia sint,"repellat aliquid praesentium dolorem quo
sed totam minus non itaque
nihil labore molestiae sunt dolor eveniet hic recusandae veniam
tempora et tenetur expedita sunt",2026-09-15 19:12:35,jsonplaceholder
post-22,post,3,Clementine Bauch,Nathan@yesenia.net,,dolor sint quo a velit explicabo quia nam,"eos qui et ipsum ipsam suscipit aut
sed omnis non odio
expedita earum mollitia molestiae aut atque rem suscipit
nam impedit esse",2026-09-15 19:12:35,jsonplaceholder
post-23,post,3,Clementine Bauch,Nathan@yesenia.net,,maxime id vitae nihil numquam,"veritatis unde neque eligendi
quae quod architecto quo neque vitae
est illo sit tempora doloremque fugit quod
et et vel beatae sequi ullam sed tenetur perspiciatis",2026-09-15 19:12:35,jsonplaceholder
post-24,post,3,Clementine Bauch,Nathan@yesenia.net,,autem hic labore sunt dolores incidunt,"enim et ex nulla
omnis voluptas quia qui
voluptatem consequatur numquam aliquam sunt
totam recusandae id dignissimos aut sed asperiores deserunt",2026-09-15 19:12:35,jsonplaceholder
post-25,post,3,Clementine Bauch,Nathan@yesenia.net,,rem alias distinctio quo quis,"ullam consequatur ut
omnis quis sit vel consequuntur
ipsa eligendi ipsum molestiae et omnis error nostrum
molestiae illo tempore quia et distinctio",2026-09-15 19:12:35,jsonplaceholder
post-26,post,3,Clementine Bauch,Nathan@yesenia.net,,est et quae odit qui non,"similique esse doloribus nihil accusamus
omnis dolorem fuga consequuntur reprehenderit fugit recusandae temporibus
perspiciatis cum ut laudantium
omnis aut molestiae vel vero",2026-09-15 19:12:35,jsonplaceholder
post-27,post,3,Clementine Bauch,Nathan@yesenia.net,,quasi id et eos tenetur aut quo autem,"eum sed dolores ipsam sint possimus debitis occaecati
debitis qui qui et
ut placeat enim earum aut odit facilis
consequatur suscipit necessitatibus rerum sed inventore temporibus consequatur",2026-09-15 19:12:35,jsonplaceholder
post-28,post,3,Clementine Bauch,Nathan@yesenia.net,,delectus ullam et corporis nulla voluptas sequi,"non et quaerat ex quae ad maiores
maiores recusandae totam aut blanditiis mollitia quas illo
ut voluptatibus voluptatem
similique nostrum eum",2026-09-15 19:12:35,jsonplaceholder
post-29,post,3,Clementine Bauch,Nathan@yesenia.net,,iusto eius quod necessitatibus culpa ea,"odit magnam ut saepe sed non qui
tempora atque nihil
accusamus illum doloribus illo dolor
eligendi repudiandae odit magni similique sed cum maiores",2026-09-15 19:12:35,jsonplaceholder
post-30,post,3,Clementine Bauch,Nathan@yesenia.net,,a quo magni similique perferendis,"alias dolor cumque
impedit blanditiis non eveniet odio maxime
blanditiis amet eius quis tempora quia autem rem
a provident perspiciatis quia",2026-09-15 19:12:35,jsonplaceholder
post-31,post,4,Patricia Lebsack,Julianne.OConner@kory.org,,ullam ut quidem id aut vel consequuntur,"debitis eius sed quibusdam non quis consectetur vitae
impedit ut qui consequatur sed aut in
quidem sit nostrum et maiores adipisci atque
quaerat voluptatem adipisci repudiandae",2026-09-15 19:12:35,jsonplaceholder
post-32,post,4,Patricia Lebsack,Julianne.OConner@kory.org,,doloremque illum aliquid sunt,"deserunt eos nobis asperiores et hic
est debitis repellat molestiae optio
nihil ratione ut eos beatae quibusdam distinctio maiores
earum voluptates et aut adipisci ea maiores voluptas maxime",2026-09-15 19:12:35,jsonplaceholder
post-33,post,4,Patricia Lebsack,Julianne.OConner@kory.org,,qui explicabo molestiae dolorem,"rerum ut et numquam laborum odit est sit
id qui sint in
quasi tenetur tempore aperiam et quaerat qui in
rerum officiis sequi cumque quod",2026-09-15 19:12:35,jsonplaceholder
post-34,post,4,Patricia Lebsack,Julianne.OConner@kory.org,,magnam ut rerum iure,"ea velit perferendis earum ut voluptatem voluptate itaque iusto
totam pariatur in
nemo voluptatem voluptatem autem magni tempora minima in
est distinctio qui assumenda accusamus dignissimos officia nesciunt nobis",2026-09-15 19:12:35,jsonplaceholder
post-35,post,4,Patricia Lebsack,Julianne.OConner@kory.org,,id nihil consequatur molestias animi provident,"nisi error delectus possimus ut eligendi vitae
placeat eos harum cupiditate facilis reprehenderit voluptatem beatae
modi ducimus quo illum voluptas eligendi
et nobis quia fugit",2026-09-15 19:12:35,jsonplaceholder
post-36,post,4,Patricia Lebsack,Julianne.OConner@kory.org,,fuga nam accusamus voluptas reiciendis itaque,"ad mollitia et omnis minus architecto odit
voluptas doloremque maxime aut non ipsa qui alias veniam
blanditiis culpa aut quia nihil cumque facere et occaecati
qui aspernatur quia eaque ut aperiam inventore",2026-09-15 19:12:35,jsonplaceholder
post-37,post,4,Patricia Lebsack,Julianne.OConner@kory.org,,provident vel ut sit ratione est,"debitis et eaque non officia sed nesciunt pariatur vel
voluptatem iste vero et ea
numquam aut expedita ipsum nulla in
voluptates omnis consequatur aut enim officiis in quam qui",2026-09-15 19:12:35,jsonplaceholder
post-38,post,4,Patricia Lebsack,Julianne.OConner@kory.org,,explicabo et eos deleniti nostrum ab id repellendus,"animi esse sit aut sit nesciunt assumenda eum voluptas
quia voluptatibus provident quia necessitatibus ea
rerum repudiandae quia voluptatem delectus fugit aut id quia
ratione optio eos iusto veniam iure",2026-09-15 19:12:35,jsonplaceholder
post-39,post,4,Patricia Lebsack,Julianne.OConner@kory.org,,eos dolorem iste accusantium est eaque quam,"corporis rerum ducimus vel eum accusantium
maxime aspernatur a porro possimus iste omnis
est in deleniti asperiores fuga aut
voluptas sapiente vel dolore minus voluptatem incidunt ex",2026-09-15 19:12:35,jsonplaceholder
post-40,post,4,Patricia Lebsack,Julianne.OConner@kory.org,,enim quo cumque,"ut voluptatum aliquid illo tenetur nemo sequi quo facilis
ipsum rem optio mollitia quas
voluptatem eum voluptas qui
unde omnis voluptatem iure quasi maxime voluptas nam",2026-09-15 19:12:35,jsonplaceholder
post-41,post,5,Chelsey Dietrich,Lucio_Hettinger@annie.ca,,non est facere,"molestias id nostrum
excepturi molestiae dolore omnis repellendus quaerat saepe
consectetur iste quaerat tenetur asperiores accusamus ex ut
nam quidem est ducimus sunt debitis saepe",2026-09-15 19:12:35,jsonplaceholder
post-42,post,5,Chelsey Dietrich,Lucio_Hettinger@annie.ca,,commodi ullam sint et excepturi error explicabo praesentium voluptas,"odio fugit voluptatum ducimus earum autem est incidunt voluptatem
odit reiciendis aliquam sunt sequi nulla dolorem
non facere repellendus voluptates quia
ratione harum vitae ut",2026-09-15 19:12:35,jsonplaceholder
post-43,post,5,Chelsey Dietrich,Lucio_Hettinger@annie.ca,,eligendi iste nostrum consequuntur adipisci praesentium sit beatae perferendis,"similique fugit est
illum et dolorum harum et voluptate eaque quidem
exercitationem quos nam commodi possimus cum odio nihil nulla
dolorum exercitationem magnam ex et a et distinctio debitis",2026-09-15 19:12:35,jsonplaceholder
post-44,post,5,Chelsey Dietrich,Lucio_Hettinger@annie.ca,,optio dolor molestias sit,"temporibus est consectetur dolore
et libero debitis vel velit laboriosam quia
ipsum quibusdam qui itaque fuga rem aut
ea et iure quam sed maxime ut distinctio quae",2026-09-15 19:12:35,jsonplaceholder
post-45,post,5,Chelsey Dietrich,Lucio_Hettinger@annie.ca,,ut numquam possimus omnis eius suscipit laudantium iure,"est natus reiciendis nihil possimus aut provident
ex et dolor
repellat pariatur est
nobis rerum repellendus dolorem autem",2026-09-15 19:12:35,jsonplaceholder
post-46,post,5,Chelsey Dietrich,Lucio_Hettinger@annie.ca,,aut quo modi neque nostrum ducimus,"voluptatem quisquam iste
voluptatibus natus officiis facilis dolorem
quis quas ipsam
vel et voluptatum in aliquid",2026-09-15 19:12:35,jsonplaceholder
post-47,post,5,Chelsey Dietrich,Lucio_Hettinger@annie.ca,,quibusdam cumque rem aut deserunt,"voluptatem assumenda ut qui ut cupiditate aut impedit veniam
occaecati nemo illum voluptatem laudantium
molestiae beatae rerum ea iure soluta nostrum
eligendi et voluptate",2026-09-15 19:12:35,jsonplaceholder
post-48,post,5,Chelsey Dietrich,Lucio_Hettinger@annie.ca,,ut voluptatem illum ea doloribus itaque eos,"voluptates quo voluptatem facilis iure occaecati
vel assumenda rerum officia et
illum perspiciatis ab deleniti
laudantium repellat ad ut et autem reprehenderit",2026-09-15 19:12:35,jsonplaceholder
post-49,post,5,Chelsey Dietrich,Lucio_Hettinger@annie.ca,,laborum non sunt aut ut assumenda perspiciatis voluptas,"inventore ab sint
natus fugit id nulla sequi architecto nihil quaerat
eos tenetur in in eum veritatis non
quibusdam officiis aspernatur cumque aut commodi aut",2026-09-15 19:12:35,jsonplaceholder
post-50,post,5,Chelsey Dietrich,Lucio_Hettinger@annie.ca,,repellendus qui recusandae incidunt voluptates tenetur qui omnis exercitationem,"error suscipit maxime adipisci consequuntur recusandae
voluptas eligendi et est et voluptates
quia distinctio ab amet quaerat molestiae et vitae
adipisci impedit sequi nesciunt quis consectetur",2026-09-15 19:12:35,jsonplaceholder
post-51,post,6,Mrs. Dennis Schulist,Karley_Dach@jasper.info,,soluta aliquam aperiam consequatur illo quis voluptas,"sunt dolores aut doloribus
dolore doloribus voluptates tempora et
doloremque et quo
cum asperiores sit consectetur dolorem",2026-09-15 19:12:35,jsonplaceholder
post-52,post,6,Mrs. Dennis Schulist,Karley_Dach@jasper.info,,qui enim et consequuntur quia animi quis voluptate quibusdam,"iusto est quibusdam fuga quas quaerat molestias
a enim ut sit accusamus enim
temporibus iusto accusantium provident architecto
soluta esse reprehenderit qui laborum",2026-09-15 19:12:35,jsonplaceholder
post-53,post,6,Mrs. Dennis Schulist,Karley_Dach@jasper.info,,ut quo aut ducimus alias,"minima harum praesentium eum rerum illo dolore
quasi exercitationem rerum nam
porro quis neque quo
consequatur minus dolor quidem veritatis sunt non explicabo similique",2026-09-15 19:12:35,jsonplaceholder
post-54,post,6,Mrs. Dennis Schulist,Karley_Dach@jasper.info,,sit asperiores ipsam eveniet odio non quia,"totam corporis dignissimos
vitae dolorem ut occaecati accusamus
ex velit deserunt
et exercitationem vero incidunt corrupti mollitia",2026-09-15 19:12:35,jsonplaceholder
post-55,post,6,Mrs. Dennis Schulist,Karley_Dach@jasper.info,,sit vel voluptatem et non libero,"debitis excepturi ea perferendis harum libero optio
eos accusamus cum fuga ut sapiente repudiandae
et ut incidunt omnis molestiae
nihil ut eum odit",2026-09-15 19:12:35,jsonplaceholder
post-56,post,6,Mrs. Dennis Schulist,Karley_Dach@jasper.info,,qui et at rerum necessitatibus,"aut est omnis dolores
neque rerum quod ea rerum velit pariatur beatae excepturi
et provident voluptas corrupti
corporis harum reprehenderit dolores eligendi",2026-09-15 19:12:35,jsonplaceholder
post-57,post,6,Mrs. Dennis Schulist,Karley_Dach@jasper.info,,sed ab est est,"at pariatur consequuntur earum quidem
quo est laudantium soluta voluptatem
qui ullam et est
et cum voluptas voluptatum repellat est",2026-09-15 19:12:35,jsonplaceholder
post-58,post,6,Mrs. Dennis Schulist,Karley_Dach@jasper.info,,voluptatum itaque dolores nisi et quasi,"veniam voluptatum quae adipisci id
et id quia eos ad et dolorem
aliquam quo nisi sunt eos impedit error
ad similique veniam",2026-09-15 19:12:35,jsonplaceholder
post-59,post,6,Mrs. Dennis Schulist,Karley_Dach@jasper.info,,qui commodi dolor at maiores et quis id accusantium,"perspiciatis et quam ea autem temporibus non voluptatibus qui
beatae a earum officia nesciunt dolores suscipit voluptas et
animi doloribus cum rerum quas et magni
et hic ut ut commodi expedita sunt",2026-09-15 19:12:35,jsonplaceholder
post-60,post,6,Mrs. Dennis Schulist,Karley_Dach@jasper.info,,consequatur placeat omnis quisquam quia reprehenderit fugit veritatis facere,"asperiores sunt ab assumenda cumque modi velit
qui esse omnis
voluptate et fuga perferendis voluptas
illo ratione amet aut et omnis",2026-09-15 19:12:35,jsonplaceholder
post-61,post,7,Kurtis Weissnat,Telly.Hoeger@billy.biz,,voluptatem doloribus consectetur est ut ducimus,"ab nemo optio odio
delectus tenetur corporis similique nobis repellendus rerum omnis facilis
vero blanditiis debitis in nesciunt doloribus dicta dolores
magnam minus velit",2026-09-15 19:12:35,jsonplaceholder
post-62,post,7,Kurtis Weissnat,Telly.Hoeger@billy.biz,,beatae enim quia vel,"enim aspernatur illo distinctio quae praesentium
beatae alias amet delectus qui voluptate distinctio
odit sint accusantium autem omnis
quo molestiae omnis ea eveniet optio",2026-09-15 19:12:35,jsonplaceholder
post-63,post,7,Kurtis Weissnat,Telly.Hoeger@billy.biz,,voluptas blanditiis repellendus animi ducimus error sapiente et suscipit,"enim adipisci aspernatur nemo
numquam omnis facere dolorem dolor ex quis temporibus incidunt
ab delectus culpa quo reprehenderit blanditiis asperiores
accusantium ut quam in voluptatibus voluptas ipsam dicta",2026-09-15 19:12:35,jsonplaceholder
post-64,post,7,Kurtis Weissnat,Telly.Hoeger@billy.biz,,et fugit quas eum in in aperiam quod,"id velit blanditiis
eum ea voluptatem
molestiae sint occaecati est eos perspiciatis
incidunt a error provident eaque aut aut qui",2026-09-15 19:12:35,jsonplaceholder
post-65,post,7,Kurtis Weissnat,Telly.Hoeger@billy.biz,,consequatur id enim sunt et et,"voluptatibus ex esse
sint explicabo est aliquid cumque adipisci fuga repellat labore
molestiae corrupti ex saepe at asperiores et perferendis
natus id esse incidunt pariatur",2026-09-15 19:12:35,jsonplaceholder
post-66,post,7,Kurtis Weissnat,Telly.Hoeger@billy.biz,,repudiandae ea animi iusto,"officia veritatis tenetur vero qui itaque
sint non ratione
sed et ut asperiores iusto eos molestiae nostrum
veritatis quibusdam et nemo iusto saepe",2026-09-15 19:12:35,jsonplaceholder
post-67,post,7,Kurtis Weissnat,Telly.Hoeger@billy.biz,,aliquid eos sed fuga est maxime repellendus,"reprehenderit id nostrum
voluptas doloremque pariatur sint et accusantium quia quod aspernatur
et fugiat amet
non sapiente et consequatur necessitatibus molestiae",2026-09-15 19:12:35,jsonplaceholder
post-68,post,7,Kurtis Weissnat,Telly.Hoeger@billy.biz,,odio quis facere architecto reiciendis optio,"magnam molestiae perferendis quisquam
qui cum reiciendis
quaerat animi amet hic inventore
ea quia deleniti quidem saepe porro velit",2026-09-15 19:12:35,jsonplaceholder
post-69,post,7,Kurtis Weissnat,Telly.Hoeger@billy.biz,,fugiat quod pariatur odit minima,"officiis error culpa consequatur modi asperiores et
dolorum assumenda voluptas et vel qui aut vel rerum
voluptatum quisquam perspiciatis quia rerum consequatur totam quas
sequi commodi repudiandae asperiores et saepe a",2026-09-15 19:12:35,jsonplaceholder
post-70,post,7,Kurtis Weissnat,Telly.Hoeger@billy.biz,,voluptatem laborum magni,"sunt repellendus quae
est asperiores aut deleniti esse accusamus repellendus quia aut
quia dolorem unde
eum tempora esse dolore",2026-09-15 19:12:35,jsonplaceholder
post-71,post,8,Nicholas Runolfsdottir V,Sherwood@rosamond.me,,et iusto veniam et illum aut fuga,"occaecati a doloribus
iste saepe consectetur placeat eum voluptate dolorem et
qui quo quia voluptas
rerum ut id enim velit est perferendis",2026-09-15 19:12:35,jsonplaceholder
post-72,post,8,Nicholas Runolfsdottir V,Sherwood@rosamond.me,,sint hic doloribus consequatur eos non id,"quam occaecati qui deleniti consectetur
consequatur aut facere quas exercitationem aliquam hic voluptas
neque id sunt ut aut accusamus
sunt consectetur expedita inventore velit",2026-09-15 19:12:35,jsonplaceholder
post-73,post,8,Nicholas Runolfsdottir V,Sherwood@rosamond.me,,consequuntur deleniti eos quia temporibus ab aliquid at,"voluptatem cumque tenetur consequatur expedita ipsum nemo quia explicabo
aut eum minima consequatur
tempore cumque quae est et
et in consequuntur voluptatem voluptates aut",2026-09-15 19:12:35,jsonplaceholder
post-74,post,8,Nicholas Runolfsdottir V,Sherwood@rosamond.me,,enim unde ratione doloribus quas enim ut sit sapiente,"odit qui et et necessitatibus sint veniam
mollitia amet doloremque molestiae commodi similique magnam et quam
blanditiis est itaque
quo et tenetur ratione occaecati molestiae tempora",2026-09-15 19:12:35,jsonplaceholder
post-75,post,8,Nicholas Runolfsdottir V,Sherwood@rosamond.me,,dignissimos eum dolor ut enim et delectus in,"commodi non non omnis et voluptas sit
autem aut nobis magnam et sapiente voluptatem
et laborum repellat qui delectus facilis temporibus
rerum amet et nemo voluptate expedita adipisci error dolorem",2026-09-15 19:12:35,jsonplaceholder
post-76,post,8,Nicholas Runolfsdottir V,Sherwood@rosamond.me,,doloremque officiis ad et non perferendis,"ut animi facere
totam iusto tempore
molestiae eum aut et dolorem aperiam
quaerat recusandae totam odio",2026-09-15 19:12:35,jsonplaceholder
post-77,post,8,Nicholas Runolfsdottir V,Sherwood@rosamond.me,,necessitatibus quasi exercitationem odio,"modi ut in nulla repudiandae dolorum nostrum eos
aut consequatur omnis
ut incidunt est omnis iste et quam
voluptates sapiente aliquam asperiores nobis amet corrupti repudiandae provident",2026-09-15 19:12:35,jsonplaceholder
post-78,post,8,Nicholas Runolfsdottir V,Sherwood@rosamond.me,,quam voluptatibus rerum veritatis,"nobis facilis odit tempore cupiditate quia
assumenda doloribus rerum qui ea
illum et qui totam
aut veniam repellendus",2026-09-15 19:12:35,jsonplaceholder
post-79,post,8,Nicholas Runolfsdottir V,Sherwood@rosamond.me,,pariatur consequatur quia magnam autem omnis non amet,"libero accusantium et et facere incidunt sit dolorem
non excepturi qui quia sed laudantium
quisquam molestiae ducimus est
officiis esse molestiae iste et quos",2026-09-15 19:12:35,jsonplaceholder
post-80,post,8,Nicholas Runolfsdottir V,Sherwood@rosamond.me,,labore in ex et explicabo corporis aut quas,"ex quod dolorem ea eum iure qui provident amet
quia qui facere excepturi et repudiandae
asperiores molestias provident
minus incidunt vero fugit rerum sint sunt excepturi provident",2026-09-15 19:12:35,jsonplaceholder
post-81,post,9,Glenna Reichert,Chaim_McDermott@dana.io,,tempora rem veritatis voluptas quo dolores vero,"facere qui nesciunt est voluptatum voluptatem nisi
sequi eligendi necessitatibus ea at rerum itaque
harum non ratione velit laboriosam quis consequuntur
ex officiis minima doloremque voluptas ut aut",2026-09-15 19:12:35,jsonplaceholder
post-82,post,9,Glenna Reichert,Chaim_McDermott@dana.io,,laudantium voluptate suscipit sunt enim enim,"ut libero sit aut totam inventore sunt
porro sint qui sunt molestiae
consequatur cupiditate qui iste ducimus adipisci
dolor enim assumenda soluta laboriosam amet iste delectus hic",2026-09-15 19:12:35,jsonplaceholder
post-83,post,9,Glenna Reichert,Chaim_McDermott@dana.io,,odit et voluptates doloribus alias odio et,"est molestiae facilis quis tempora numquam nihil qui
voluptate sapiente consequatur est qui
necessitatibus autem aut ipsa aperiam modi dolore numquam
reprehenderit eius rem quibusdam",2026-09-15 19:12:35,jsonplaceholder
post-84,post,9,Glenna Reichert,Chaim_McDermott@dana.io,,optio ipsam molestias necessitatibus occaecati facilis veritatis dolores aut,"sint molestiae magni a et quos
eaque et quasi
ut rerum debitis similique veniam
recusandae dignissimos dolor incidunt consequatur odio",2026-09-15 19:12:35,jsonplaceholder
post-85,post,9,Glenna Reichert,Chaim_McDermott@dana.io,,dolore veritatis porro provident adipisci blanditiis et sunt,"similique sed nisi voluptas iusto omnis
mollitia et quo
assumenda suscipit officia magnam sint sed tempora
enim provident pariatur praesentium atque animi amet ratione",2026-09-15 19:12:35,jsonplaceholder
post-86,post,9,Glenna Reichert,Chaim_McDermott@dana.io,,placeat quia et porro iste,"quasi excepturi consequatur iste autem temporibus sed molestiae beatae
et quaerat et esse ut
voluptatem occaecati et vel explicabo autem
asperiores pariatur deserunt optio",2026-09-15 19:12:35,jsonplaceholder
post-87,post,9,Glenna Reichert,Chaim_McDermott@dana.io,,nostrum quis quasi placeat,"eos et molestiae
nesciunt ut a
dolores perspiciatis repellendus repellat aliquid
magnam sint rem ipsum est",2026-09-15 19:12:35,jsonplaceholder
post-88,post,9,Glenna Reichert,Chaim_McDermott@dana.io,,sapiente omnis fugit eos,"consequatur omnis est praesentium
ducimus non iste
neque hic deserunt
voluptatibus veniam cum et rerum sed",2026-09-15 19:12:35,jsonplaceholder
post-89,post,9,Glenna Reichert,Chaim_McDermott@dana.io,,sint soluta et vel magnam aut ut sed qui,"repellat aut aperiam totam temporibus autem et
architecto magnam ut
consequatur qui cupiditate rerum quia soluta dignissimos nihil iure
tempore quas est",2026-09-15 19:12:35,jsonplaceholder
post-90,post,9,Glenna Reichert,Chaim_McDermott@dana.io,,ad iusto omnis odit dolor voluptatibus,"minus omnis soluta quia
qui sed adipisci voluptates illum ipsam voluptatem
eligendi officia ut in
eos soluta similique molestias praesentium blanditiis",2026-09-15 19:12:35,jsonplaceholder
post-91,post,10,Clementina DuBuque,Rey.Padberg@karina.biz,,aut amet sed,"libero voluptate eveniet aperiam sed
sunt placeat suscipit molestias
similique fugit nam natus
expedita consequatur consequatur dolores quia eos et placeat",2026-09-15 19:12:35,jsonplaceholder
post-92,post,10,Clementina DuBuque,Rey.Padberg@karina.biz,,ratione ex tenetur perferendis,"aut et excepturi dicta laudantium sint rerum nihil
laudantium et at
a neque minima officia et similique libero et
commodi voluptate qui",2026-09-15 19:12:35,jsonplaceholder
post-93,post,10,Clementina DuBuque,Rey.Padberg@karina.biz,,beatae soluta recusandae,"dolorem quibusdam ducimus consequuntur dicta aut quo laboriosam
voluptatem quis enim recusandae ut sed sunt
nostrum est odit totam
sit error sed sunt eveniet provident qui nulla",2026-09-15 19:12:35,jsonplaceholder
post-94,post,10,Clementina DuBuque,Rey.Padberg@karina.biz,,qui qui voluptates illo iste minima,"aspernatur expedita soluta quo ab ut similique
expedita dolores amet
sed temporibus distinctio magnam saepe deleniti
omnis facilis nam ipsum natus sint similique omnis",2026-09-15 19:12:35,jsonplaceholder
post-95,post,10,Clementina DuBuque,Rey.Padberg@karina.biz,,id minus libero illum nam ad officiis,"earum voluptatem facere provident blanditiis velit laboriosam
pariatur accusamus odio saepe
cumque dolor qui a dicta ab doloribus consequatur omnis
corporis cupiditate eaque assumenda ad nesciunt",2026-09-15 19:12:35,jsonplaceholder
post-96,post,10,Clementina DuBuque,Rey.Padberg@karina.biz,,quaerat velit veniam amet cupiditate aut numquam ut sequi,"in non odio excepturi sint eum
labore voluptates vitae quia qui et
inventore itaque rerum
veniam non exercitationem delectus aut",2026-09-15 19:12:35,jsonplaceholder
post-97,post,10,Clementina DuBuque,Rey.Padberg@karina.biz,,quas fugiat ut perspiciatis vero provident,"eum non blanditiis soluta porro quibusdam voluptas
vel voluptatem qui placeat dolores qui velit aut
vel inventore aut cumque culpa explicabo aliquid at
perspiciatis est et voluptatem dignissimos dolor itaque sit nam",2026-09-15 19:12:35,jsonplaceholder
post-98,post,10,Clementina DuBuque,Rey.Padberg@karina.biz,,laboriosam dolor voluptates,"doloremque ex facilis sit sint culpa
soluta assumenda eligendi non ut eius
sequi ducimus vel quasi
veritatis est dolores",2026-09-15 19:12:35,jsonplaceholder
post-99,post,10,Clementina DuBuque,Rey.Padberg@karina.biz,,temporibus sit alias delectus eligendi possimus magni,"quo deleniti praesentium dicta non quod
aut est molestias
molestias et officia quis nihil
itaque dolorem quia",2026-09-15 19:12:35,jsonplaceholder
post-100,post,10,Clementina DuBuque,Rey.Padberg@karina.biz,,at nam consequatur ea labore ea harum,"cupiditate quo est a modi nesciunt soluta
ipsa voluptas error itaque dicta in
autem qui minus magnam et distinctio eum
accusamus ratione error aut",2026-09-15 19:12:35,jsonplaceholder
comment-1,comment,1,id labore ex et quam laborum,Eliseo@gardner.biz,post-1,,"laudantium enim quasi est quidem magnam voluptate ipsam eos
tempora quo necessitatibus
dolor quam autem quasi
reiciendis et nam sapiente accusantium",2026-09-15 19:12:35,jsonplaceholder
comment-2,comment,1,quo vero reiciendis velit similique earum,Jayne_Kuhic@sydney.com,post-1,,"est natus enim nihil est dolore omnis voluptatem numquam
et omnis occaecati quod ullam at
voluptatem error expedita pariatur
nihil sint nostrum voluptatem reiciendis et",2026-09-15 19:12:35,jsonplaceholder
comment-3,comment,1,odio adipisci rerum aut animi,Nikita@garfield.biz,post-1,,"quia molestiae reprehenderit quasi aspernatur
aut expedita occaecati aliquam eveniet laudantium
omnis quibusdam delectus saepe quia accusamus maiores nam est
cum et ducimus et vero voluptates excepturi deleniti ratione",2026-09-15 19:12:35,jsonplaceholder
comment-4,comment,1,alias odio sit,Lew@alysha.tv,post-1,,"non et atque
occaecati deserunt quas accusantium unde odit nobis qui voluptatem
quia voluptas consequuntur itaque dolor
et qui rerum deleniti ut occaecati",2026-09-15 19:12:35,jsonplaceholder
comment-5,comment,1,vero eaque aliquid doloribus et culpa,Hayden@althea.biz,post-1,,"harum non quasi et ratione
tempore iure ex voluptates in ratione
harum architecto fugit inventore cupiditate
voluptates magni quo et",2026-09-15 19:12:35,jsonplaceholder
comment-6,comment,1,et fugit eligendi deleniti quidem qui sint nihil autem,Presley.Mueller@myrl.com,post-2,,"doloribus at sed quis culpa deserunt consectetur qui praesentium
accusamus fugiat dicta
voluptatem rerum ut voluptate autem
voluptatem repellendus aspernatur dolorem in",2026-09-15 19:12:35,jsonplaceholder
comment-7,comment,1,repellat consequatur praesentium vel minus molestias voluptatum,Dallas@ole.me,post-2,,"maiores sed dolores similique labore et inventore et
quasi temporibus esse sunt id et
eos voluptatem aliquam
aliquid ratione corporis molestiae mollitia quia et magnam dolor",2026-09-15 19:12:35,jsonplaceholder
comment-8,comment,1,et omnis dolorem,Mallory_Kunze@marie.org,post-2,,"ut voluptatem corrupti velit
ad voluptatem maiores
et nisi velit vero accusamus maiores
voluptates quia aliquid ullam eaque",2026-09-15 19:12:35,jsonplaceholder
comment-9,comment,1,provident id voluptas,Meghan_Littel@rene.us,post-2,,"sapiente assumenda molestiae atque
adipisci laborum distinctio aperiam et ab ut omnis
et occaecati aspernatur odit sit rem expedita
quas enim ipsam minus",2026-09-15 19:12:35,jsonplaceholder
comment-10,comment,1,eaque et deleniti atque tenetur ut quo ut,Carmen_Keeling@caroline.name,post-2,,"voluptate iusto quis nobis reprehenderit ipsum amet nulla
quia quas dolores velit et non
aut quia necessitatibus
nostrum quaerat nulla et accusamus nisi facilis",2026-09-15 19:12:35,jsonplaceholder
comment-11,comment,1,fugit labore quia mollitia quas deserunt nostrum sunt,Veronica_Goodwin@timmothy.net,post-3,,"ut dolorum nostrum id quia aut est
fuga est inventore vel eligendi explicabo quis consectetur
aut occaecati repellat id natus quo est
ut blanditiis quia ut vel ut maiores ea",2026-09-15 19:12:35,jsonplaceholder
comment-12,comment,1,modi ut eos dolores illum nam dolor,Oswald.Vandervort@leanne.org,post-3,,"expedita maiores dignissimos facilis
ipsum est rem est fugit velit sequi
eum odio dolores dolor totam
occaecati ratione eius rem velit",2026-09-15 19:12:35,jsonplaceholder
comment-13,comment,1,aut inventore non pariatur sit vitae voluptatem sapiente,Kariane@jadyn.tv,post-3,,"fuga eos qui dolor rerum
inventore corporis exercitationem
corporis cupiditate et deserunt recusandae est sed quis culpa
eum maiores corporis et",2026-09-15 19:12:35,jsonplaceholder
comment-14,comment,1,et officiis id praesentium hic aut ipsa dolorem repudiandae,Nathan@solon.io,post-3,,"vel quae voluptas qui exercitationem
voluptatibus unde sed
minima et qui ipsam aspernatur
expedita magnam laudantium et et quaerat ut qui dolorum",2026-09-15 19:12:35,jsonplaceholder
comment-15,comment,1,debitis magnam hic odit aut ullam nostrum tenetur,Maynard.Hodkiewicz@roberta.com,post-3,,"nihil ut voluptates blanditiis autem odio dicta rerum
quisquam saepe et est
sunt quasi nemo laudantium deserunt
molestias tempora quo quia",2026-09-15 19:12:35,jsonplaceholder
comment-16,comment,1,perferendis temporibus delectus optio ea eum ratione dolorum,Christine@ayana.info,post-4,,"iste ut laborum aliquid velit facere itaque
quo ut soluta dicta voluptate
error tempore aut et
sequi reiciendis dignissimos expedita consequuntur libero sed fugiat facilis",2026-09-15 19:12:35,jsonplaceholder
comment-17,comment,1,eos est animi quis,Preston_Hudson@blaise.tv,post-4,,"consequatur necessitatibus totam sed sit dolorum
recusandae quae odio excepturi voluptatum harum voluptas
quisquam sit ad eveniet delectus
doloribus odio qui non labore",2026-09-15 19:12:35,jsonplaceholder
comment-18,comment,1,aut et tenetur ducimus illum aut nulla ab,Vincenza_Klocko@albertha.name,post-4,,"veritatis voluptates necessitatibus maiores corrupti
neque et exercitationem amet sit et
ullam velit sit magnam laborum
magni ut molestias",2026-09-15 19:12:35,jsonplaceholder
comment-19,comment,1,sed impedit rerum quia et et inventore unde officiis,Madelynn.Gorczany@darion.biz,post-4,,"doloribus est illo sed minima aperiam
ut dignissimos accusantium tempore atque et aut molestiae
magni ut accusamus voluptatem quos ut voluptates
quisquam porro sed architecto ut",2026-09-15 19:12:35,jsonplaceholder
comment-20,comment,1,molestias expedita iste aliquid voluptates,Mariana_Orn@preston.org,post-4,,"qui harum consequatur fugiat
et eligendi perferendis at molestiae commodi ducimus
doloremque asperiores numquam qui
ut sit dignissimos reprehenderit tempore",2026-09-15 19:12:35,jsonplaceholder
comment-21,comment,1,aliquid rerum mollitia qui a consectetur eum sed,Noemie@marques.me,post-5,,"deleniti aut sed molestias explicabo
commodi odio ratione nesciunt
voluptate doloremque est
nam autem error delectus",2026-09-15 19:12:35,jsonplaceholder
comment-22,comment,1,porro repellendus aut tempore quis hic,Khalil@emile.co.uk,post-5,,"qui ipsa animi nostrum praesentium voluptatibus odit
qui non impedit cum qui nostrum aliquid fuga explicabo
voluptatem fugit earum voluptas exercitationem temporibus dignissimos distinctio
esse inventore reprehenderit quidem ut incidunt nihil necessitatibus rerum",2026-09-15 19:12:35,jsonplaceholder
comment-23,comment,1,quis tempora quidem nihil iste,Sophia@arianna.co.uk,post-5,,"voluptates provident repellendus iusto perspiciatis ex fugiat ut
ut dolor nam aliquid et expedita voluptate
sunt vitae illo rerum in quos
vel eligendi enim quae fugiat est",2026-09-15 19:12:35,jsonplaceholder
comment-24,comment,1,in tempore eos beatae est,Jeffery@juwan.us,post-5,,"repudiandae repellat quia
sequi est dolore explicabo nihil et
et sit et
et praesentium iste atque asperiores tenetur",2026-09-15 19:12:35,jsonplaceholder
comment-25,comment,1,autem ab ea sit alias hic provident sit,Isaias_Kuhic@jarrett.net,post-5,,"sunt aut quae laboriosam sit ut impedit
adipisci harum laborum totam deleniti voluptas odit rem ea
non iure distinctio ut velit doloribus
et non ex",2026-09-15 19:12:35,jsonplaceholder
comment-26,comment,1,in deleniti sunt provident soluta ratione veniam quam praesentium,Russel.Parker@kameron.io,post-6,,"incidunt sapiente eaque dolor eos
ad est molestias
quas sit et nihil exercitationem at cumque ullam
nihil magnam et",2026-09-15 19:12:35,jsonplaceholder
comment-27,comment,1,doloribus quibusdam molestiae amet illum,Francesco.Gleason@nella.us,post-6,,"nisi vel quas ut laborum ratione
rerum magni eum
unde et voluptatem saepe
voluptas corporis modi amet ipsam eos saepe porro",2026-09-15 19:12:35,jsonplaceholder
comment-28,comment,1,quo voluptates voluptas nisi veritatis dignissimos dolores ut officiis,Ronny@rosina.org,post-6,,"voluptatem repellendus quo alias at laudantium
mollitia quidem esse
temporibus consequuntur vitae rerum illum
id corporis sit id",2026-09-15 19:12:35,jsonplaceholder
comment-29,comment,1,eum distinctio amet dolor,Jennings_Pouros@erica.biz,post-6,,"tempora voluptatem est
magnam distinctio autem est dolorem
et ipsa molestiae odit rerum itaque corporis nihil nam
eaque rerum error",2026-09-15 19:12:35,jsonplaceholder
comment-30,comment,1,quasi nulla ducimus facilis non voluptas aut,Lurline@marvin.biz,post-6,,"consequuntur quia voluptate assumenda et
autem voluptatem reiciendis ipsum animi est provident
earum aperiam sapiente ad vitae iste
accusantium aperiam eius qui dolore voluptatem et",2026-09-15 19:12:35,jsonplaceholder
comment-31,comment,1,ex velit ut cum eius odio ad placeat,Buford@shaylee.biz,post-7,,"quia incidunt ut
aliquid est ut rerum deleniti iure est
ipsum quia ea sint et
voluptatem quaerat eaque repudiandae eveniet aut",2026-09-15 19:12:35,jsonplaceholder
comment-32,comment,1,dolorem architecto ut pariatur quae qui suscipit,Maria@laurel.name,post-7,,"nihil ea itaque libero illo
officiis quo quo dicta inventore consequatur voluptas voluptatem
corporis sed necessitatibus velit tempore
rerum velit et temporibus",2026-09-15 19:12:35,jsonplaceholder
comment-33,comment,1,voluptatum totam vel voluptate omnis,Jaeden.Towne@arlene.tv,post-7,,"fugit harum quae vero
libero unde tempore
soluta eaque culpa sequi quibusdam nulla id
et et necessitatibus",2026-09-15 19:12:35,jsonplaceholder
comment-34,comment,1,omnis nemo sunt ab autem,Ethelyn.Schneider@emelia.co.uk,post-7,,"omnis temporibus quasi ab omnis
facilis et omnis illum quae quasi aut
minus iure ex rem ut reprehenderit
in non fugit",2026-09-15 19:12:35,jsonplaceholder
comment-35,comment,1,repellendus sapiente omnis praesentium aliquam ipsum id molestiae omnis,Georgianna@florence.io,post-7,,"dolor mollitia quidem facere et
vel est ut
ut repudiandae est quidem dolorem sed atque
rem quia aut adipisci sunt",2026-09-15 19:12:35,jsonplaceholder
comment-36,comment,1,sit et quis,Raheem_Heaney@gretchen.biz,post-8,,"aut vero est
dolor non aut excepturi dignissimos illo nisi aut quas
aut magni quia nostrum provident magnam quas modi maxime
voluptatem et molestiae",2026-09-15 19:12:35,jsonplaceholder
comment-37,comment,1,beatae veniam nemo rerum voluptate quam aspernatur,Jacky@victoria.net,post-8,,"qui rem amet aut
cumque maiores earum ut quia sit nam esse qui
iusto aspernatur quis voluptas
dolorem distinctio ex temporibus rem",2026-09-15 19:12:35,jsonplaceholder
comment-38,comment,1,maiores dolores expedita,Piper@linwood.us,post-8,,"unde voluptatem qui dicta
vel ad aut eos error consequatur voluptatem
adipisci doloribus qui est sit aut
velit aut et ea ratione eveniet iure fuga",2026-09-15 19:12:35,jsonplaceholder
comment-39,comment,1,necessitatibus ratione aut ut delectus quae ut,Gaylord@russell.net,post-8,,"atque consequatur dolorem sunt
adipisci autem et
voluptatibus et quae necessitatibus rerum eaque aperiam nostrum nemo
eligendi sed et beatae et inventore",2026-09-15 19:12:35,jsonplaceholder
comment-40,comment,1,non minima omnis deleniti pariatur facere quibusdam at,Clare.Aufderhar@nicole.ca,post-8,,"quod minus alias quos
perferendis labore molestias quae ut ut corporis deserunt vitae
et quaerat ut et ullam unde asperiores
cum voluptatem cumque",2026-09-15 19:12:35,jsonplaceholder
comment-41,comment,1,voluptas deleniti ut,Lucio@gladys.tv,post-9,,"facere repudiandae vitae ea aut sed quo ut et
facere nihil ut voluptates in
saepe cupiditate accusantium numquam dolores
inventore sint mollitia provident",2026-09-15 19:12:35,jsonplaceholder
comment-42,comment,1,nam qui et,Shemar@ewell.name,post-9,,"aut culpa quaerat veritatis eos debitis
aut repellat eius explicabo et
officiis quo sint at magni ratione et iure
incidunt quo sequi quia dolorum beatae qui",2026-09-15 19:12:35,jsonplaceholder
comment-43,comment,1,molestias sint est voluptatem modi,Jackeline@eva.tv,post-9,,"voluptatem ut possimus laborum quae ut commodi delectus
in et consequatur
in voluptas beatae molestiae
est rerum laborum et et velit sint ipsum dolorem",2026-09-15 19:12:35,jsonplaceholder
comment-44,comment,1,hic molestiae et fuga ea maxime quod,Marianna_Wilkinson@rupert.io,post-9,,"qui sunt commodi
sint vel optio vitae quis qui non distinctio
id quasi modi dicta
eos nihil sit inventore est numquam officiis",2026-09-15 19:12:35,jsonplaceholder
comment-45,comment,1,autem illo facilis,Marcia@name.biz,post-9,,"ipsum odio harum voluptatem sunt cumque et dolores
nihil laboriosam neque commodi qui est
quos numquam voluptatum
corporis quo in vitae similique cumque tempore",2026-09-15 19:12:35,jsonplaceholder
comment-46,comment,1,dignissimos et deleniti voluptate et quod,Jeremy.Harann@waino.me,post-10,,"exercitationem et id quae cum omnis
voluptatibus accusantium et quidem
ut ipsam sint
doloremque illo ex atque necessitatibus sed",2026-09-15 19:12:35,jsonplaceholder
comment-47,comment,1,rerum commodi est non dolor nesciunt ut,Pearlie.Kling@sandy.com,post-10,,"occaecati laudantium ratione non cumque
earum quod non enim soluta nisi velit similique voluptatibus
esse laudantium consequatur voluptatem rem eaque voluptatem aut ut
et sit quam",2026-09-15 19:12:35,jsonplaceholder
comment-48,comment,1,consequatur animi dolorem saepe repellendus ut quo aut tenetur,Manuela_Stehr@chelsie.tv,post-10,,"illum et alias quidem magni voluptatum
ab soluta ea qui saepe corrupti hic et
cum repellat esse
est sint vel veritatis officia consequuntur cum",2026-09-15 19:12:35,jsonplaceholder
comment-49,comment,1,rerum placeat quae minus iusto eligendi,Camryn.Weimann@doris.io,post-10,,"id est iure occaecati quam similique enim
ab repudiandae non
illum expedita quam excepturi soluta qui placeat
perspiciatis optio maiores non doloremque aut iusto sapiente",2026-09-15 19:12:35,jsonplaceholder
comment-50,comment,1,dolorum soluta quidem ex quae occaecati dicta aut doloribus,Kiana_Predovic@yasmin.io,post-10,,"eum accusamus aut delectus
architecto blanditiis quia sunt
rerum harum sit quos quia aspernatur vel corrupti inventore
animi dicta vel corporis",2026-09-15 19:12:35,jsonplaceholder
comment-51,comment,2,molestias et odio ut commodi omnis ex,Laurie@lincoln.us,post-11,,"perferendis omnis esse
voluptate sit mollitia sed perferendis
nemo nostrum qui
vel quis nisi doloribus animi odio id quas",2026-09-15 19:12:35,jsonplaceholder
comment-52,comment,2,esse autem dolorum,Abigail.OConnell@june.org,post-11,,"et enim voluptatem totam laudantium
impedit nam labore repellendus enim earum aut
consectetur mollitia fugit qui repellat expedita sunt
aut fugiat vel illo quos aspernatur ducimus",2026-09-15 19:12:35,jsonplaceholder
comment-53,comment,2,maiores alias necessitatibus aut non,Laverne_Price@scotty.info,post-11,,"a at tempore
molestiae odit qui dolores molestias dolorem et
laboriosam repudiandae placeat quisquam
autem aperiam consectetur maiores laboriosam nostrum",2026-09-15 19:12:35,jsonplaceholder
comment-54,comment,2,culpa eius tempora sit consequatur neque iure deserunt,Kenton_Vandervort@friedrich.com,post-11,,"et ipsa rem ullam cum pariatur similique quia
cum ipsam est sed aut inventore
provident sequi commodi enim inventore assumenda aut aut
tempora possimus soluta quia consequatur modi illo",2026-09-15 19:12:35,jsonplaceholder
comment-55,comment,2,quas pariatur quia a doloribus,Hayden_Olson@marianna.me,post-11,,"perferendis eaque labore laudantium ut molestiae soluta et
vero odio non corrupti error pariatur consectetur et
enim nam quia voluptatum non
mollitia culpa facere voluptas suscipit veniam",2026-09-15 19:12:35,jsonplaceholder
comment-56,comment,2,et dolorem corrupti sed molestias,Vince_Crist@heidi.biz,post-12,,"cum esse odio nihil reiciendis illum quaerat
est facere quia
occaecati sit totam fugiat in beatae
ut occaecati unde vitae nihil quidem consequatur",2026-09-15 19:12:35,jsonplaceholder
comment-57,comment,2,qui quidem sed,Darron.Nikolaus@eulah.me,post-12,,"dolorem facere itaque fuga odit autem
perferendis quisquam quis corrupti eius dicta
repudiandae error esse itaque aut
corrupti sint consequatur aliquid",2026-09-15 19:12:35,jsonplaceholder
comment-58,comment,2,sint minus reiciendis qui perspiciatis id,Ezra_Abshire@lyda.us,post-12,,"veritatis qui nihil
quia reprehenderit non ullam ea iusto
consectetur nam voluptas ut temporibus tempore provident error
eos et nisi et voluptate",2026-09-15 19:12:35,jsonplaceholder
comment-59,comment,2,quis ducimus distinctio similique et illum minima ab libero,Jameson@tony.info,post-12,,"cumque molestiae officia aut fugiat nemo autem
vero alias atque sed qui ratione quia
repellat vel earum
ea laudantium mollitia",2026-09-15 19:12:35,jsonplaceholder
comment-60,comment,2,expedita libero quos cum commodi ad,Americo@estrella.net,post-12,,"error eum quia voluptates alias repudiandae
accusantium veritatis maiores assumenda
quod impedit animi tempore veritatis
animi et et officiis labore impedit blanditiis repudiandae",2026-09-15 19:12:35,jsonplaceholder
comment-61,comment,2,quidem itaque dolores quod laborum aliquid molestiae,Aurelio.Pfeffer@griffin.ca,post-13,,"deserunt cumque laudantium
et et odit quia sint quia quidem
quibusdam debitis fuga in tempora deleniti
impedit consequatur veniam reiciendis autem porro minima",2026-09-15 19:12:35,jsonplaceholder
comment-62,comment,2,libero beatae consequuntur optio est hic,Vesta_Crooks@dora.us,post-13,,"tempore dolorum corrupti facilis
praesentium sunt iste recusandae
unde quisquam similique
alias consequuntur voluptates velit",2026-09-15 19:12:35,jsonplaceholder
comment-63,comment,2,occaecati dolor accusantium et quasi architecto aut eveniet fugiat,Margarett_Klein@mike.biz,post-13,,"aut eligendi et molestiae voluptatum tempora
officia nihil sit voluptatem aut deleniti
quaerat consequatur eaque
sapiente tempore commodi tenetur rerum qui quo",2026-09-15 19:12:35,jsonplaceholder
comment-64,comment,2,consequatur aut ullam voluptas dolorum voluptatum sequi et,Freida@brandt.tv,post-13,,"sed illum quis
ut aut culpa labore aspernatur illo
dolorem quia vitae ut aut quo repellendus est omnis
esse at est debitis",2026-09-15 19:12:35,jsonplaceholder
comment-65,comment,2,earum ea ratione numquam,Mollie@agustina.name,post-13,,"qui debitis vitae ratione
tempora impedit aperiam porro molestiae placeat vero laboriosam recusandae
praesentium consequatur facere et itaque quidem eveniet
magnam natus distinctio sapiente",2026-09-15 19:12:35,jsonplaceholder
comment-66,comment,2,eius nam consequuntur,Janice@alda.io,post-14,,"necessitatibus libero occaecati
vero inventore iste assumenda veritatis
asperiores non sit et quia omnis facere nemo explicabo
odit quo nobis porro",2026-09-15 19:12:35,jsonplaceholder
comment-67,comment,2,omnis consequatur natus distinctio,Dashawn@garry.com,post-14,,"nulla quo itaque beatae ad
officiis animi aut exercitationem voluptatum dolorem doloremque ducimus in
recusandae officia consequuntur quas
aspernatur dolores est esse dolores sit illo laboriosam quaerat",2026-09-15 19:12:35,jsonplaceholder
comment-68,comment,2,architecto ut deserunt consequatur cumque sapiente,Devan.Nader@ettie.me,post-14,,"sed magni accusantium numquam quidem omnis et voluptatem beatae
quos fugit libero
vel ipsa et nihil recusandae ea
iste nemo qui optio sit enim ut nostrum odit",2026-09-15 19:12:35,jsonplaceholder
comment-69,comment,2,at aut ea iure accusantium voluptatum nihil ipsum,Joana.Schoen@leora.co.uk,post-14,,"omnis dolor autem qui est natus
autem animi nemo voluptatum aut natus accusantium iure
inventore sunt ea tenetur commodi suscipit facere architecto consequatur
dolorem nihil veritatis consequuntur corporis",2026-09-15 19:12:35,jsonplaceholder
comment-70,comment,2,eum magni accusantium labore aut cum et tenetur,Minerva.Anderson@devonte.ca,post-14,,"omnis aliquam praesentium ad voluptatem harum aperiam dolor autem
hic asperiores quisquam ipsa necessitatibus suscipit
praesentium rem deserunt et
facere repellendus aut sed fugit qui est",2026-09-15 19:12:35,jsonplaceholder
comment-71,comment,2,vel pariatur perferendis vero ab aut voluptates labore,Lavinia@lafayette.me,post-15,,"mollitia magnam et
ipsum consequatur est expedita
aut rem ut ex doloremque est vitae est
cumque velit recusandae numquam libero dolor fuga fugit a",2026-09-15 19:12:35,jsonplaceholder
comment-72,comment,2,quia sunt dolor dolor suscipit expedita quis,Sabrina.Marks@savanah.name,post-15,,"quisquam voluptas ut
pariatur eos amet non
reprehenderit voluptates numquam
in est voluptatem dicta ipsa qui esse enim",2026-09-15 19:12:35,jsonplaceholder
comment-73,comment,2,ut quia ipsa repellat sunt et sequi aut est,Desmond_Graham@kailee.biz,post-15,,"nam qui possimus deserunt
inventore dignissimos nihil rerum ut consequatur vel architecto
tenetur recusandae voluptate
numquam dignissimos aliquid ut reprehenderit voluptatibus",2026-09-15 19:12:35,jsonplaceholder
comment-74,comment,2,ut non illum pariatur dolor,Gussie_Kunde@sharon.biz,post-15,,"non accusamus eum aut et est
accusantium animi nesciunt distinctio ea quas quisquam
sit ut voluptatem modi natus sint
facilis est qui molestias recusandae nemo",2026-09-15 19:12:35,jsonplaceholder
comment-75,comment,2,minus laboriosam consequuntur,Richard@chelsie.co.uk,post-15,,"natus numquam enim asperiores doloremque ullam et
est molestias doloribus cupiditate labore vitae aut voluptatem
itaque quos quo consectetur nihil illum veniam
nostrum voluptatum repudiandae ut",2026-09-15 19:12:35,jsonplaceholder
comment-76,comment,2,porro ut soluta repellendus similique,Gage_Turner@halle.name,post-16,,"sunt qui consequatur similique recusandae repellendus voluptates eos et
vero nostrum fugit magnam aliquam
reprehenderit nobis voluptatem eos consectetur possimus
et perferendis qui ea fugiat sit doloremque",2026-09-15 19:12:35,jsonplaceholder
comment-77,comment,2,dolores et quo omnis voluptates,Alfred@sadye.biz,post-16,,"eos ullam dolorem impedit labore mollitia
rerum non dolores
molestiae dignissimos qui maxime sed voluptate consequatur
doloremque praesentium magnam odio iste quae totam aut",2026-09-15 19:12:35,jsonplaceholder
comment-78,comment,2,voluptas voluptas voluptatibus blanditiis,Catharine@jordyn.com,post-16,,"qui adipisci eveniet excepturi iusto magni et
enim ducimus asperiores blanditiis nemo
commodi nihil ex
enim rerum vel nobis nostrum et non",2026-09-15 19:12:35,jsonplaceholder
comment-79,comment,2,beatae ut ad quisquam sed repellendus et,Esther_Ratke@shayna.biz,post-16,,"et inventore sapiente sed
sunt similique fugiat officia velit doloremque illo eligendi quas
sed rerum in quidem perferendis facere molestias
dolore dolor voluptas nam vel quia",2026-09-15 19:12:35,jsonplaceholder
comment-80,comment,2,et cumque ad culpa ut eligendi non,Evangeline@chad.net,post-16,,"dignissimos itaque ab et tempore odio omnis voluptatem
itaque perferendis rem repellendus tenetur nesciunt velit
qui cupiditate recusandae
quis debitis dolores aliquam nam",2026-09-15 19:12:35,jsonplaceholder
comment-81,comment,2,aut non consequuntur dignissimos voluptatibus dolorem earum recusandae dolorem,Newton.Kertzmann@anjali.io,post-17,,"illum et voluptatem quis repellendus quidem repellat
reprehenderit voluptas consequatur mollitia
praesentium nisi quo quod et
occaecati repellendus illo eius harum explicabo doloribus officia",2026-09-15 19:12:35,jsonplaceholder
comment-82,comment,2,ea est non dolorum iste nihil est,Caleb_Herzog@rosamond.net,post-17,,"officiis dolorem voluptas aliquid eveniet tempora qui
ea temporibus labore accusamus sint
ut sunt necessitatibus voluptatum animi cumque
at reiciendis voluptatem iure aliquid et qui dolores et",2026-09-15 19:12:35,jsonplaceholder
comment-83,comment,2,nihil qui accusamus ratione et molestias et minus,Sage_Mueller@candace.net,post-17,,"et consequatur voluptates magnam fugit sunt repellendus nihil earum
officiis aut cupiditate
et distinctio laboriosam
molestiae sunt dolor explicabo recusandae",2026-09-15 19:12:35,jsonplaceholder
comment-84,comment,2,quia voluptatibus magnam voluptatem optio vel perspiciatis,Bernie.Bergnaum@lue.com,post-17,,"ratione ut magni voluptas
explicabo natus quia consequatur nostrum aut
omnis enim in qui illum
aut atque laboriosam aliquid blanditiis quisquam et laborum",2026-09-15 19:12:35,jsonplaceholder
comment-85,comment,2,non voluptas cum est quis aut consectetur nam,Alexzander_Davis@eduardo.name,post-17,,"quisquam incidunt dolores sint qui doloribus provident
vel cupiditate deleniti alias voluptatem placeat ad
ut dolorem illum unde iure quis libero neque
ea et distinctio id",2026-09-15 19:12:35,jsonplaceholder
comment-86,comment,2,suscipit est sunt vel illum sint,Jacquelyn@krista.info,post-18,,"eum culpa debitis sint
eaque quia magni laudantium qui neque voluptas
voluptatem qui molestiae vel earum est ratione excepturi
sit aut explicabo et repudiandae ut perspiciatis",2026-09-15 19:12:35,jsonplaceholder
comment-87,comment,2,dolor asperiores autem et omnis quasi nobis,Grover_Volkman@coty.tv,post-18,,"assumenda corporis architecto repudiandae omnis qui et odit
perferendis velit enim
et quia reiciendis sint
quia voluptas quam deserunt facilis harum eligendi",2026-09-15 19:12:35,jsonplaceholder
comment-88,comment,2,officiis aperiam odit sint est non,Jovanny@abigale.ca,post-18,,"laudantium corrupti atque exercitationem quae enim et veniam dicta
autem perspiciatis sit dolores
minima consectetur tenetur iste facere
amet est neque",2026-09-15 19:12:35,jsonplaceholder
comment-89,comment,2,in voluptatum nostrum voluptas iure nisi rerum est placeat,Isac_Schmeler@barton.com,post-18,,"quibusdam rerum quia nostrum culpa
culpa est natus impedit quo rem voluptate quos
rerum culpa aut ut consectetur
sunt esse laudantium voluptatibus cupiditate rerum",2026-09-15 19:12:35,jsonplaceholder
comment-90,comment,2,eum voluptas dolores molestias odio amet repellendus,Sandy.Erdman@sabina.info,post-18,,"vitae cupiditate excepturi eum veniam laudantium aspernatur blanditiis
aspernatur quia ut assumenda et magni enim magnam
in voluptate tempora
non qui voluptatem reprehenderit porro qui voluptatibus",2026-09-15 19:12:35,jsonplaceholder
comment-91,comment,2,repellendus est laboriosam voluptas veritatis,Alexandro@garry.io,post-19,,"qui nisi at maxime deleniti quo
ex quas tenetur nam
deleniti aut asperiores deserunt cum ex eaque alias sit
et veniam ab consequatur molestiae",2026-09-15 19:12:35,jsonplaceholder
comment-92,comment,2,repellendus aspernatur occaecati tempore blanditiis deleniti omnis qui distinctio,Vickie_Schuster@harley.net,post-19,,"nihil necessitatibus omnis asperiores nobis praesentium quia
ab debitis quo deleniti aut sequi commodi
ut perspiciatis quod est magnam aliquam modi
eum quos aliquid ea est",2026-09-15 19:12:35,jsonplaceholder
comment-93,comment,2,mollitia dolor deleniti sed iure laudantium,Roma_Doyle@alia.com,post-19,,"ut quis et id repellat labore
nobis itaque quae saepe est ullam aut
dolor id ut quis
sunt iure voluptates expedita voluptas doloribus modi saepe autem",2026-09-15 19:12:35,jsonplaceholder
comment-94,comment,2,vero repudiandae voluptatem nobis,Tatum_Marks@jaylon.name,post-19,,"reiciendis delectus nulla quae voluptas nihil provident quia
ab corporis nesciunt blanditiis quibusdam et unde et
magni eligendi aperiam corrupti perspiciatis quasi
neque iure voluptatibus mollitia",2026-09-15 19:12:35,jsonplaceholder
comment-95,comment,2,voluptatem unde quos provident ad qui sit et excepturi,Juston.Ruecker@scot.tv,post-19,,"at ut tenetur rem
ut fuga quis ea magnam alias
aut tempore fugiat laboriosam porro quia iure qui
architecto est enim",2026-09-15 19:12:35,jsonplaceholder
comment-96,comment,2,non sit ad culpa quis,River.Grady@lavada.biz,post-20,,"eum itaque quam
laboriosam sequi ullam quos nobis
omnis dignissimos nam dolores
facere id suscipit aliquid culpa rerum quis",2026-09-15 19:12:35,jsonplaceholder
comment-97,comment,2,reiciendis culpa omnis suscipit est,Claudia@emilia.ca,post-20,,"est ducimus voluptate saepe iusto repudiandae recusandae et
sint fugit voluptas eum itaque
odit ab eos voluptas molestiae necessitatibus earum possimus voluptatem
quibusdam aut illo beatae qui delectus aut officia veritatis",2026-09-15 19:12:35,jsonplaceholder
comment-98,comment,2,praesentium dolorem ea voluptate et,Torrey@june.tv,post-20,,"ex et expedita cum voluptatem
voluptatem ab expedita quis nihil
esse quo nihil perferendis dolores velit ut culpa aut
dolor maxime necessitatibus voluptatem",2026-09-15 19:12:35,jsonplaceholder
comment-99,comment,2,laudantium delectus nam,Hildegard.Aufderhar@howard.com,post-20,,"aut quam consequatur sit et
repellat maiores laborum similique voluptatem necessitatibus nihil
et debitis nemo occaecati cupiditate
modi dolorum quia aut",2026-09-15 19:12:35,jsonplaceholder
comment-100,comment,2,et sint quia dolor et est ea nulla cum,Leone_Fay@orrin.com,post-20,,"architecto dolorem ab explicabo et provident et
et eos illo omnis mollitia ex aliquam
atque ut ipsum nulla nihil
quis voluptas aut debitis facilis",2026-09-15 19:12:35,jsonplaceholder
comment-101,comment,3,perspiciatis magnam ut eum autem similique explicabo expedita,Lura@rod.tv,post-21,,"ut aut maxime officia sed aliquam et magni autem
veniam repudiandae nostrum odio enim eum optio aut
omnis illo quasi quibusdam inventore explicabo
reprehenderit dolor saepe possimus molestiae",2026-09-15 19:12:35,jsonplaceholder
comment-102,comment,3,officia ullam ut neque earum ipsa et fuga,Lottie.Zieme@ruben.us,post-21,,"aut dolorem quos ut non
aliquam unde iure minima quod ullam qui
fugiat molestiae tempora voluptate vel labore
saepe animi et vitae numquam ipsa",2026-09-15 19:12:35,jsonplaceholder
comment-103,comment,3,ipsum a ut,Winona_Price@jevon.me,post-21,,"totam eum fugiat repellendus
quae beatae explicabo excepturi iusto et
repellat alias iure voluptates consequatur sequi minus
sed maxime unde",2026-09-15 19:12:35,jsonplaceholder
comment-104,comment,3,a assumenda totam,Gabriel@oceane.biz,post-21,,"qui aperiam labore animi magnam odit est
ut autem eaque ea magni quas voluptatem
doloribus vel voluptatem nostrum ut debitis enim quaerat
ut esse eveniet aut",2026-09-15 19:12:35,jsonplaceholder
comment-105,comment,3,voluptatem repellat est,Adolph.Ondricka@mozell.co.uk,post-21,,"ut rerum illum error at inventore ab nobis molestiae
ipsa architecto temporibus non aliquam aspernatur omnis quidem aliquid
consequatur non et expedita cumque voluptates ipsam quia
blanditiis libero itaque sed iusto at",2026-09-15 19:12:35,jsonplaceholder
comment-106,comment,3,maiores placeat facere quam pariatur,Allen@richard.biz,post-22,,"dolores debitis voluptatem ab hic
magnam alias qui est sunt
et porro velit et repellendus occaecati est
sequi quia odio deleniti illum",2026-09-15 19:12:35,jsonplaceholder
comment-107,comment,3,in ipsam vel id impedit possimus eos voluptate,Nicholaus@mikayla.ca,post-22,,"eveniet fugit qui
porro eaque dolores eos adipisci dolores ut
fugit perferendis pariatur
numquam et repellat occaecati atque ipsum neque",2026-09-15 19:12:35,jsonplaceholder
comment-108,comment,3,ut veritatis corporis placeat suscipit consequatur quaerat,Kayla@susanna.org,post-22,,"at a vel sequi nostrum
harum nam nihil
cumque aut in dolore rerum ipsa hic ratione
rerum cum ratione provident labore ad quisquam repellendus a",2026-09-15 19:12:35,jsonplaceholder
comment-109,comment,3,eveniet ut similique accusantium qui dignissimos,Gideon@amina.name,post-22,,"aliquid qui dolorem deserunt aperiam natus corporis eligendi neque
at et sunt aut qui
illum repellat qui excepturi laborum facilis aut omnis consequatur
et aut optio ipsa nisi enim",2026-09-15 19:12:35,jsonplaceholder
comment-110,comment,3,sint est odit officiis similique aut corrupti quas autem,Cassidy@maribel.io,post-22,,"cum sequi in eligendi id eaque
dolores accusamus dolorem eum est voluptatem quisquam tempore
in voluptas enim voluptatem asperiores voluptatibus
eius quo quos quasi voluptas earum ut necessitatibus",2026-09-15 19:12:35,jsonplaceholder
comment-111,comment,3,possimus facilis deleniti nemo atque voluptate,Stefan.Crist@duane.ca,post-23,,"ullam autem et
accusantium quod sequi similique soluta explicabo ipsa
eius ratione quisquam sed et excepturi occaecati pariatur
molestiae ut reiciendis eum voluptatem sed",2026-09-15 19:12:35,jsonplaceholder
comment-112,comment,3,dolore aut aspernatur est voluptate quia ipsam,Aniyah.Ortiz@monte.me,post-23,,"ut tempora deleniti quo molestiae eveniet provident earum occaecati
est nesciunt ut pariatur ipsa voluptas voluptatem aperiam
qui deleniti quibusdam voluptas molestiae facilis id iusto similique
tempora aut qui",2026-09-15 19:12:35,jsonplaceholder
comment-113,comment,3,sint quo debitis deleniti repellat,Laverna@rico.biz,post-23,,"voluptatem sint quia modi accusantium alias
recusandae rerum voluptatem aut sit et ut magnam
voluptas rerum odio quo labore voluptatem facere consequuntur
ut sit voluptatum hic distinctio",2026-09-15 19:12:35,jsonplaceholder
comment-114,comment,3,optio et sunt non,Derek@hildegard.net,post-23,,"nihil labore qui
quis dolor eveniet iste numquam
porro velit incidunt
laboriosam asperiores aliquam facilis in et voluptas eveniet quasi",2026-09-15 19:12:35,jsonplaceholder
comment-115,comment,3,occaecati dolorem eum in veniam quia quo reiciendis,Tyrell@abdullah.ca,post-23,,"laudantium tempore aut
maiores laborum fugit qui suscipit hic sint officiis corrupti
officiis eum optio cumque fuga sed voluptatibus similique
sit consequuntur rerum commodi",2026-09-15 19:12:35,jsonplaceholder
comment-116,comment,3,veritatis sit tempora quasi fuga aut dolorum,Reyes@hailey.name,post-24,,"quia voluptas qui assumenda nesciunt harum iusto
est corrupti aperiam
ut aut unde maxime consequatur eligendi
veniam modi id sint rem labore saepe minus",2026-09-15 19:12:35,jsonplaceholder
comment-117,comment,3,incidunt quae optio quam corporis iste deleniti accusantium vero,Danika.Dicki@mekhi.biz,post-24,,"doloribus esse necessitatibus qui eos et ut est saepe
sed rerum tempore est ut
quisquam et eligendi accusantium
commodi non doloribus",2026-09-15 19:12:35,jsonplaceholder
comment-118,comment,3,quisquam laborum reiciendis aut,Alessandra.Nitzsche@stephania.us,post-24,,"repudiandae aliquam maxime cupiditate consequatur id
quas error repellendus
totam officia dolorem beatae natus cum exercitationem
asperiores dolor ea",2026-09-15 19:12:35,jsonplaceholder
comment-119,comment,3,minus pariatur odit,Matteo@marquis.net,post-24,,"et omnis consequatur ut
in suscipit et voluptatem
animi at ut
dolores quos aut numquam esse praesentium aut placeat nam",2026-09-15 19:12:35,jsonplaceholder
comment-120,comment,3,harum error sit,Joshua.Spinka@toby.io,post-24,,"iusto sint recusandae placeat atque perferendis sit corporis molestiae
rem dolor eius id delectus et qui
sed dolorem reiciendis error ullam corporis delectus
explicabo mollitia odit laborum sed itaque deserunt rem dolorem",2026-09-15 19:12:35,jsonplaceholder
comment-121,comment,3,deleniti quo corporis ullam magni praesentium molestiae,Annabelle@cole.com,post-25,,"soluta mollitia impedit cumque nostrum tempore aut placeat repellat
enim adipisci dolores aut ut ratione laboriosam necessitatibus vel
et blanditiis est iste sapiente qui atque repellendus alias
earum consequuntur quia quasi quia",2026-09-15 19:12:35,jsonplaceholder
comment-122,comment,3,nihil tempora et reiciendis modi veniam,Kacey@jamal.info,post-25,,"doloribus veritatis a et quis corrupti incidunt est
harum maiores impedit et beatae qui velit et aut
porro sed dignissimos deserunt deleniti
et eveniet voluptas ipsa pariatur rem ducimus",2026-09-15 19:12:35,jsonplaceholder
comment-123,comment,3,ad eos explicabo odio velit,Mina@mallie.name,post-25,,"nostrum perspiciatis doloribus
explicabo soluta id libero illo iste et
ab expedita error aliquam eum sint ipsum
modi possimus et",2026-09-15 19:12:35,jsonplaceholder
comment-124,comment,3,nostrum suscipit aut consequatur magnam sunt fuga nihil,Hudson.Blick@ruben.biz,post-25,,"ut ut eius qui explicabo quis
iste autem nulla beatae tenetur enim
assumenda explicabo consequatur harum exercitationem
velit itaque consectetur et possimus",2026-09-15 19:12:35,jsonplaceholder
comment-125,comment,3,porro et voluptate et reprehenderit,Domenic.Durgan@joaquin.name,post-25,,"aut voluptas dolore autem
reprehenderit expedita et nihil pariatur ea animi quo ullam
a ea officiis corporis
eius voluptatum cum mollitia dolore quaerat accusamus",2026-09-15 19:12:35,jsonplaceholder
comment-126,comment,3,fuga tenetur id et qui labore delectus,Alexie@alayna.org,post-26,,"est qui ut tempore temporibus pariatur provident qui consequuntur
laboriosam porro dignissimos quos debitis id laborum et totam
aut eius sequi dolor maiores amet
rerum voluptatibus quod ratione quos labore fuga sit",2026-09-15 19:12:35,jsonplaceholder
comment-127,comment,3,consequatur harum magnam,Haven_Barrows@brant.org,post-26,,"omnis consequatur dignissimos iure rerum odio
culpa laudantium quia voluptas enim est nisi
doloremque consequatur autem officiis necessitatibus beatae et
et itaque animi dolor praesentium",2026-09-15 19:12:35,jsonplaceholder
comment-128,comment,3,labore architecto quaerat tempora voluptas consequuntur animi,Marianne@maximo.us,post-26,,"exercitationem eius aut ullam vero
impedit similique maiores ea et in culpa possimus omnis
eos labore autem quam repellendus dolores deserunt voluptatem
non ullam eos accusamus",2026-09-15 19:12:35,jsonplaceholder
comment-129,comment,3,deleniti facere tempore et perspiciatis voluptas quis voluptatem,Fanny@danial.com,post-26,,"fugit minima voluptatem est aut sed explicabo
harum dolores at qui eaque
magni velit ut et
nam et ut sunt excepturi repellat non commodi",2026-09-15 19:12:35,jsonplaceholder
comment-130,comment,3,quod est non quia doloribus quam deleniti libero,Trevion_Kuphal@bernice.name,post-26,,"dicta sit culpa molestiae quasi at voluptate eos
dolorem perferendis accusamus rerum expedita ipsum quis qui
quos est deserunt
rerum fuga qui aliquam in consequatur aspernatur",2026-09-15 19:12:35,jsonplaceholder
comment-131,comment,3,voluptas quasi sunt laboriosam,Emmet@guy.biz,post-27,,"rem magnam at voluptatem
aspernatur et et nostrum rerum
dignissimos eum quibusdam
optio quod dolores et",2026-09-15 19:12:35,jsonplaceholder
comment-132,comment,3,unde tenetur vero eum iusto,Megane.Fritsch@claude.name,post-27,,"ullam harum consequatur est rerum est
magni tenetur aperiam et
repudiandae et reprehenderit dolorum enim voluptas impedit
eligendi quis necessitatibus in exercitationem voluptatem qui",2026-09-15 19:12:35,jsonplaceholder
comment-133,comment,3,est adipisci laudantium amet rem asperiores,Amya@durward.ca,post-27,,"sunt quis iure molestias qui ipsa commodi dolore a
odio qui debitis earum
unde ut omnis
doloremque corrupti at repellendus earum eum",2026-09-15 19:12:35,jsonplaceholder
comment-134,comment,3,reiciendis quo est vitae dignissimos libero ut officiis fugiat,Jasen_Rempel@willis.org,post-27,,"corrupti perspiciatis eligendi
et omnis tempora nobis dolores hic
dolorum vitae odit
reiciendis sunt odit qui",2026-09-15 19:12:35,jsonplaceholder
comment-135,comment,3,inventore fugiat dignissimos,Harmony@reggie.com,post-27,,"sapiente nostrum dolorem odit a
sed animi non architecto doloremque unde
nam aut aut ut facilis
et ut autem fugit minima culpa inventore non",2026-09-15 19:12:35,jsonplaceholder
comment-136,comment,3,et expedita est odit,Rosanna_Kunze@guy.net,post-28,,"cum natus qui dolorem dolorum nihil ut nam tempore
modi nesciunt ipsum hic
rem sunt possimus earum magnam similique aspernatur sed
totam sed voluptatem iusto id iste qui",2026-09-15 19:12:35,jsonplaceholder
comment-137,comment,3,saepe dolore qui tempore nihil perspiciatis omnis omnis magni,Ressie.Boehm@flossie.com,post-28,,"reiciendis maiores id
voluptas sapiente deserunt itaque
ut omnis sunt
necessitatibus quibusdam dolorem voluptatem harum error",2026-09-15 19:12:35,jsonplaceholder
comment-138,comment,3,ea optio nesciunt officia velit enim facilis commodi,Domenic.Wuckert@jazmyne.us,post-28,,"dolorem suscipit adipisci ad cum totam quia fugiat
vel quia dolores molestiae eos
omnis officia quidem quaerat alias vel distinctio
vero provident et corporis a quia ut",2026-09-15 19:12:35,jsonplaceholder
comment-139,comment,3,ut pariatur voluptate possimus quasi,Rhett.OKon@brian.info,post-28,,"facilis cumque nostrum dignissimos
doloremque saepe quia adipisci sunt
dicta dolorum quo esse
culpa iste ut asperiores cum aperiam",2026-09-15 19:12:35,jsonplaceholder
comment-140,comment,3,consectetur tempore eum consequuntur,Mathias@richmond.info,post-28,,"velit ipsa fugiat sit qui vel nesciunt sapiente
repudiandae perferendis nemo eos quos perspiciatis aperiam
doloremque incidunt nostrum temporibus corrupti repudiandae vitae non corporis
cupiditate suscipit quod sed numquam excepturi enim labore",2026-09-15 19:12:35,jsonplaceholder
comment-141,comment,3,dignissimos perspiciatis voluptate quos rem qui temporibus excepturi,Ottis@lourdes.org,post-29,,"et ullam id eligendi rem sit
occaecati et delectus in nemo
aut veritatis deserunt aspernatur dolor enim voluptas quos consequatur
molestiae temporibus error",2026-09-15 19:12:35,jsonplaceholder
comment-142,comment,3,cum dolore sit quisquam provident nostrum vitae,Estel@newton.ca,post-29,,"cumque voluptas quo eligendi sit
nemo ut ut dolor et cupiditate aut
et voluptatem quia aut maiores quas accusantium expedita quia
beatae aut ad quis soluta id dolorum",2026-09-15 19:12:35,jsonplaceholder
comment-143,comment,3,velit molestiae assumenda perferendis voluptas explicabo,Bertha@erik.co.uk,post-29,,"est quasi maiores nisi reiciendis enim
dolores minus facilis laudantium dignissimos
reiciendis et facere occaecati dolores et
possimus et vel et aut ipsa ad",2026-09-15 19:12:35,jsonplaceholder
comment-144,comment,3,earum ipsum ea quas qui molestiae omnis unde,Joesph@matteo.info,post-29,,"voluptatem unde consequatur natus nostrum vel ut
consequatur sequi doloremque omnis dolorem maxime
eaque sunt excepturi
fuga qui illum et accusamus",2026-09-15 19:12:35,jsonplaceholder
comment-145,comment,3,magni iusto sit,Alva@cassandre.net,post-29,,"assumenda nihil et
sed nulla tempora porro iste possimus aut sit officia
cumque totam quis tenetur qui sequi
delectus aut sunt",2026-09-15 19:12:35,jsonplaceholder
comment-146,comment,3,est qui debitis,Vivienne@willis.org,post-30,,"possimus necessitatibus quis
et dicta omnis voluptatem ea est
suscipit eum soluta in quia corrupti hic iusto
consequatur est aut qui earum nisi officiis sed culpa",2026-09-15 19:12:35,jsonplaceholder
comment-147,comment,3,reiciendis et consectetur officiis beatae corrupti aperiam,Angelita@aliza.me,post-30,,"nihil aspernatur consequatur voluptatem facere sed fugiat ullam
beatae accusamus et fuga maxime vero
omnis necessitatibus quisquam ipsum consectetur incidunt repellat voluptas
error quo et ab magnam quisquam",2026-09-15 19:12:35,jsonplaceholder
comment-148,comment,3,iusto reprehenderit voluptatem modi,Timmothy_Okuneva@alyce.tv,post-30,,"nemo corporis quidem eius aut dolores
itaque rerum quo occaecati mollitia incidunt
autem est saepe nulla nobis a id
dolore facilis placeat molestias in fugiat aliquam excepturi",2026-09-15 19:12:35,jsonplaceholder
comment-149,comment,3,optio dolorem et reiciendis et recusandae quidem,Moriah_Welch@richmond.org,post-30,,"veniam est distinctio
nihil quia eos sed
distinctio hic ut sint ducimus debitis dolorem voluptatum assumenda
eveniet ea perspiciatis",2026-09-15 19:12:35,jsonplaceholder
comment-150,comment,3,id saepe numquam est facilis sint enim voluptas voluptatem,Ramiro_Kuhn@harmon.biz,post-30,,"est non atque eligendi aspernatur quidem earum mollitia
minima neque nam exercitationem provident eum
maxime quo et ut illum sequi aut fuga repudiandae
sapiente sed ea distinctio molestias illum consequatur libero quidem",2026-09-15 19:12:35,jsonplaceholder
comment-151,comment,4,ut quas facilis laborum voluptatum consequatur odio voluptate et,Cary@taurean.biz,post-31,,"quos eos sint voluptatibus similique iusto perferendis omnis voluptas
earum nulla cumque
dolorem consequatur officiis quis consequatur aspernatur nihil ullam et
enim enim unde nihil labore non ducimus",2026-09-15 19:12:35,jsonplaceholder
comment-152,comment,4,quod doloremque omnis,Tillman_Koelpin@luisa.com,post-31,,"itaque veritatis explicabo
quis voluptatem mollitia soluta id non
doloribus nobis fuga provident
nesciunt saepe molestiae praesentium laboriosam",2026-09-15 19:12:35,jsonplaceholder
comment-153,comment,4,dolorum et dolorem optio in provident,Aleen@tania.biz,post-31,,"et cumque error pariatur
quo doloribus corrupti voluptates ad voluptatem consequatur voluptas dolores
pariatur at quas iste repellat et sed quasi
ea maiores rerum aut earum",2026-09-15 19:12:35,jsonplaceholder
comment-154,comment,4,odit illo optio ea modi in,Durward@cindy.com,post-31,,"quod magni consectetur
quod doloremque velit autem ipsam nisi praesentium ut
laboriosam quod deleniti
pariatur aliquam sint excepturi a consectetur quas eos",2026-09-15 19:12:35,jsonplaceholder
comment-155,comment,4,adipisci laboriosam repudiandae omnis veritatis in facere similique rem,Lester@chauncey.ca,post-31,,"animi asperiores modi et tenetur vel magni
id iusto aliquid ad
nihil dolorem dolorum aut veritatis voluptates
omnis cupiditate incidunt",2026-09-15 19:12:35,jsonplaceholder
comment-156,comment,4,pariatur omnis in,Telly_Lynch@karl.co.uk,post-32,,"dolorum voluptas laboriosam quisquam ab
totam beatae et aut aliquid optio assumenda
voluptas velit itaque quidem voluptatem tempore cupiditate
in itaque sit molestiae minus dolores magni",2026-09-15 19:12:35,jsonplaceholder
comment-157,comment,4,aut nobis et consequatur,Makenzie@libbie.io,post-32,,"voluptas quia quo ad
ipsum voluptatum provident ut ipsam velit dignissimos aut assumenda
ut officia laudantium
quibusdam sed minima",2026-09-15 19:12:35,jsonplaceholder
comment-158,comment,4,explicabo est molestiae aut,Amiya@perry.us,post-32,,"et qui ad vero quis
quisquam omnis fuga et vel nihil minima eligendi nostrum
sed deserunt rem voluptates autem
quia blanditiis cum sed",2026-09-15 19:12:35,jsonplaceholder
comment-159,comment,4,voluptas blanditiis deserunt quia quis,Meghan@akeem.tv,post-32,,"deserunt deleniti officiis architecto consequatur molestiae facere dolor
voluptatem velit eos fuga dolores
sit quia est a deleniti hic dolor quisquam repudiandae
voluptas numquam voluptatem impedit",2026-09-15 19:12:35,jsonplaceholder
comment-160,comment,4,sint fugit esse,Mitchel.Williamson@fletcher.io,post-32,,"non reprehenderit aut sed quos est ad voluptatum
est ut est dignissimos ut dolores consequuntur
debitis aspernatur consequatur est
porro nulla laboriosam repellendus et nesciunt est libero placeat",2026-09-15 19:12:35,jsonplaceholder
comment-161,comment,4,nesciunt quidem veritatis alias odit nisi voluptatem non est,Ashlee_Jast@emie.biz,post-33,,"sunt totam blanditiis
eum quos fugit et ab rerum nemo
ut iusto architecto
ut et eligendi iure placeat omnis",2026-09-15 19:12:35,jsonplaceholder
comment-162,comment,4,animi vitae qui aut corrupti neque culpa modi,Antwan@lori.ca,post-33,,"nulla impedit porro in sed
voluptatem qui voluptas et enim beatae
nobis et sit ipsam aut
voluptatem voluptatibus blanditiis officia quod eos omnis earum dolorem",2026-09-15 19:12:35,jsonplaceholder
comment-163,comment,4,omnis ducimus ab temporibus nobis porro natus deleniti,Estelle@valentina.info,post-33,,"molestiae dolorem quae rem neque sapiente voluptatum nesciunt cum
id rerum at blanditiis est accusantium est
eos illo porro ad
quod repellendus ad et labore fugit dolorum",2026-09-15 19:12:35,jsonplaceholder
comment-164,comment,4,eius corrupti ea,Haylie@gino.name,post-33,,"beatae aut ut autem sit officia rerum nostrum
provident ratione sed dicta omnis alias commodi rerum expedita
non nobis sapiente consectetur odit unde quia
voluptas in nihil consequatur doloremque ullam dolorem cum",2026-09-15 19:12:35,jsonplaceholder
comment-165,comment,4,quia commodi molestiae assumenda provident sit incidunt laudantium,Blake_Spinka@robyn.info,post-33,,"sed praesentium ducimus minima autem corporis debitis
aperiam eum sit pariatur
impedit placeat illo odio
odit accusantium expedita quo rerum magnam",2026-09-15 19:12:35,jsonplaceholder
comment-166,comment,4,sint alias molestiae qui dolor vel,Aimee.Bins@braeden.ca,post-34,,"nam quas eaque unde
dolor blanditiis cumque eaque omnis qui
rerum modi sint quae numquam exercitationem
atque aut praesentium ipsa sit neque qui sint aut",2026-09-15 19:12:35,jsonplaceholder
comment-167,comment,4,ea nam iste est repudiandae,Eloy@vladimir.com,post-34,,"molestiae voluptatem qui
id facere nostrum quasi asperiores rerum
quisquam est repellendus
deleniti eos aut sed nemo non",2026-09-15 19:12:35,jsonplaceholder
comment-168,comment,4,quis harum voluptatem et culpa,Gabrielle@jada.co.uk,post-34,,"cupiditate optio in quidem adipisci sit dolor id
et tenetur quo sit odit
aperiam illum optio magnam qui
molestiae eligendi harum optio dolores dolor quaerat nostrum",2026-09-15 19:12:35,jsonplaceholder
comment-169,comment,4,dolor dolore similique tempore ducimus,Lee@dawn.net,post-34,,"unde non aliquid magni accusantium architecto et
rerum autem eos explicabo et
odio facilis sed
rerum ex esse beatae quia",2026-09-15 19:12:35,jsonplaceholder
comment-170,comment,4,cupiditate labore omnis consequatur,Gideon.Hyatt@jalen.tv,post-34,,"amet id deserunt ipsam
cupiditate distinctio nulla voluptatem
cum possimus voluptate
ipsum quidem laudantium quos nihil",2026-09-15 19:12:35,jsonplaceholder
comment-171,comment,4,voluptatibus qui est et,Gerda.Reynolds@ceasar.co.uk,post-35,,"sed non beatae placeat qui libero nam eaque qui
quia ut ad doloremque
sequi unde quidem adipisci debitis autem velit
architecto aperiam eos nihil enim dolores veritatis omnis ex",2026-09-15 19:12:35,jsonplaceholder
comment-172,comment,4,corporis ullam quo,Ivah@brianne.net,post-35,,"nemo ullam omnis sit
labore perferendis et eveniet nostrum
dignissimos expedita iusto
occaecati quia sit quibusdam",2026-09-15 19:12:35,jsonplaceholder
comment-173,comment,4,nulla accusamus saepe debitis cum,Ethyl_Bogan@candace.co.uk,post-35,,"asperiores hic fugiat aut et temporibus mollitia quo quam
cumque numquam labore qui illum vel provident quod
pariatur natus incidunt
sunt error voluptatibus vel voluptas maiores est vero possimus",2026-09-15 19:12:35,jsonplaceholder
comment-174,comment,4,iure praesentium ipsam,Janelle_Guann@americo.info,post-35,,"sit dolores consequatur qui voluptas sunt
earum at natus alias excepturi dolores
maiores pariatur at reiciendis
dolor esse optio",2026-09-15 19:12:35,jsonplaceholder
comment-175,comment,4,autem totam velit officiis voluptates et ullam rem,Alfonzo.Barton@kelley.co.uk,post-35,,"culpa non ea
perspiciatis exercitationem sed natus sit
enim voluptatum ratione omnis consequuntur provident commodi omnis
quae odio sit at tempora",2026-09-15 19:12:35,jsonplaceholder
comment-176,comment,4,ipsam deleniti incidunt repudiandae voluptatem maxime provident non dolores,Esther@ford.me,post-36,,"quam culpa fugiat
rerum impedit ratione vel ipsam rem
commodi qui rem eum
itaque officiis omnis ad",2026-09-15 19:12:35,jsonplaceholder
comment-177,comment,4,ab cupiditate blanditiis ea sunt,Naomie_Cronin@rick.co.uk,post-36,,"ut facilis sapiente
quia repellat autem et aut delectus sint
autem nulla debitis
omnis consequuntur neque",2026-09-15 19:12:35,jsonplaceholder
comment-178,comment,4,rerum ex quam enim sunt,Darryl@reginald.us,post-36,,"sit maxime fugit
sequi culpa optio consequatur voluptatem dolor expedita
enim iure eum reprehenderit doloremque aspernatur modi
voluptatem culpa nostrum quod atque rerum sint laboriosam et",2026-09-15 19:12:35,jsonplaceholder
comment-179,comment,4,et iure ex rerum qui,Thea@aurelio.org,post-36,,"non saepe ipsa velit sunt
totam ipsum optio voluptatem
nesciunt qui iste eum
et deleniti ullam",2026-09-15 19:12:35,jsonplaceholder
comment-180,comment,4,autem tempora a iusto eum aut voluptatum,Carolyn@eloisa.biz,post-36,,"recusandae temporibus nihil non alias consequatur
libero voluptatem sed soluta accusamus
a qui reiciendis officiis ad
quia laborum libero et rerum voluptas sed ut et",2026-09-15 19:12:35,jsonplaceholder
comment-181,comment,4,similique ut et non laboriosam in eligendi et,Milan.Schoen@cortney.io,post-37,,"dolor iure corrupti
et eligendi nesciunt voluptatum autem
consequatur in sapiente
dolor voluptas dolores natus iusto qui et in perferendis",2026-09-15 19:12:35,jsonplaceholder
comment-182,comment,4,soluta corporis excepturi consequatur perspiciatis quia voluptatem,Sabrina@raymond.biz,post-37,,"voluptatum voluptatem nisi consequatur et
omnis nobis odio neque ab enim veniam
sit qui aperiam odit voluptatem facere
nesciunt esse nemo",2026-09-15 19:12:35,jsonplaceholder
comment-183,comment,4,praesentium quod quidem optio omnis qui,Hildegard@alford.ca,post-37,,"tempora soluta voluptas deserunt
non fugiat similique
est natus enim eum error magni soluta
dolores sit doloremque",2026-09-15 19:12:35,jsonplaceholder
comment-184,comment,4,veritatis velit quasi quo et voluptates dolore,Lowell.Pagac@omari.biz,post-37,,"odio saepe ad error minima itaque
omnis fuga corrupti qui eaque cupiditate eum
vitae laborum rerum ut reprehenderit architecto sit debitis magnam
qui corrupti cum quidem commodi facere corporis",2026-09-15 19:12:35,jsonplaceholder
comment-185,comment,4,natus assumenda ut,Vivianne@ima.us,post-37,,"deleniti non et corrupti delectus ea cupiditate
at nihil fuga rerum
temporibus doloribus unde sed alias
ducimus perspiciatis quia debitis fuga",2026-09-15 19:12:35,jsonplaceholder
comment-186,comment,4,voluptas distinctio qui similique quasi voluptatem non sit,Yasmin.Prohaska@hanna.co.uk,post-38,,"asperiores eaque error sunt ut natus et omnis
expedita error iste vitae
sit alias voluptas voluptatibus quia iusto quia ea
enim facere est quam ex",2026-09-15 19:12:35,jsonplaceholder
comment-187,comment,4,maiores iste dolor itaque nemo voluptas,Ursula.Kirlin@eino.org,post-38,,"et enim necessitatibus velit autem magni voluptas
at maxime error sunt nobis sit
dolor beatae harum rerum
tenetur facere pariatur et perferendis voluptas maiores nihil eaque",2026-09-15 19:12:35,jsonplaceholder
comment-188,comment,4,quisquam quod quia nihil animi minima facere odit est,Nichole_Bartoletti@mozell.me,post-38,,"quam magni adipisci totam
ut reprehenderit ut tempore non asperiores repellendus architecto aperiam
dignissimos est aut reiciendis consectetur voluptate nihil culpa at
molestiae labore qui ea",2026-09-15 19:12:35,jsonplaceholder
comment-189,comment,4,ut iusto asperiores delectus,Lottie_Wyman@jasen.biz,post-38,,"nostrum excepturi debitis cum
architecto iusto laudantium odit aut dolor voluptatem consectetur nulla
mollitia beatae autem quasi nemo repellendus ut ea et
aut architecto odio cum quod optio",2026-09-15 19:12:35,jsonplaceholder
comment-190,comment,4,dignissimos voluptatibus libero,Dominique_Hermann@paige.ca,post-38,,"laudantium vero similique eum
iure iste culpa praesentium
molestias doloremque alias et at doloribus
aperiam natus est illo quo ratione porro excepturi",2026-09-15 19:12:35,jsonplaceholder
comment-191,comment,4,est perferendis eos dolores maxime rerum qui,Eugene@mohammed.net,post-39,,"sit vero aut voluptatem soluta corrupti dolor cum
nulla ipsa accusamus aut suscipit ut dicta ut nemo
ut et ut sit voluptas modi
illum suscipit ea debitis aut ullam harum",2026-09-15 19:12:35,jsonplaceholder
comment-192,comment,4,sunt veritatis quisquam est et porro nesciunt excepturi a,Janick@marty.me,post-39,,"dolore velit autem perferendis hic
tenetur quo rerum
impedit error sit eaque ut
ad in expedita et nesciunt sit aspernatur repudiandae",2026-09-15 19:12:35,jsonplaceholder
comment-193,comment,4,quia velit nostrum eligendi voluptates,Alena@deron.name,post-39,,"laudantium consequatur sed adipisci a
odit quia necessitatibus qui
numquam expedita est accusantium nostrum
occaecati perspiciatis molestiae nostrum atque",2026-09-15 19:12:35,jsonplaceholder
comment-194,comment,4,non ut sunt ut eius autem ipsa eos sapiente,Alphonso_Rosenbaum@valentin.co.uk,post-39,,"aut distinctio iusto autem sit libero deleniti
est soluta non perferendis illo
eveniet corrupti est sint quae
sed sunt voluptatem",2026-09-15 19:12:35,jsonplaceholder
comment-195,comment,4,tempore vel accusantium qui quidem esse ut aut,Frank@rosalind.name,post-39,,"culpa voluptas quidem eos quis excepturi
quasi corporis provident enim
provident velit ex occaecati deleniti
id aspernatur fugiat eligendi",2026-09-15 19:12:35,jsonplaceholder
comment-196,comment,4,totam vel saepe aut qui velit quis,Jenifer_Lowe@reuben.ca,post-40,,"eum laborum quidem omnis facere harum ducimus dolores quaerat
corporis quidem aliquid
quod aut aut at dolorum aspernatur reiciendis
exercitationem quasi consectetur asperiores vero blanditiis dolor",2026-09-15 19:12:35,jsonplaceholder
comment-197,comment,4,non perspiciatis omnis facere rem,Cecelia_Nitzsche@marty.com,post-40,,"fugit ut laborum provident
quos provident voluptatibus quam non
sed accusantium explicabo dolore quia distinctio voluptatibus et
consequatur eos qui iure minus eaque praesentium",2026-09-15 19:12:35,jsonplaceholder
comment-198,comment,4,quod vel enim sit quia ipsa quo dolores,Christop_Friesen@jordan.me,post-40,,"est veritatis mollitia atque quas et sint et dolor
et ut beatae aut
magni corporis dolores voluptatibus optio molestiae enim minus est
reiciendis facere voluptate rem officia doloribus ut",2026-09-15 19:12:35,jsonplaceholder
comment-199,comment,4,pariatur aspernatur nam atque quis,Cooper_Boehm@damian.biz,post-40,,"veniam eos ab voluptatem in fugiat ipsam quis
officiis non qui
quia ut id voluptates et a molestiae commodi quam
dolorem enim soluta impedit autem nulla",2026-09-15 19:12:35,jsonplaceholder
comment-200,comment,4,aperiam et omnis totam,Amir@kaitlyn.org,post-40,,"facere maxime alias aspernatur ab quibusdam necessitatibus
ratione similique error enim
sed minus et
et provident minima voluptatibus",2026-09-15 19:12:35,jsonplaceholder
comment-201,comment,5,et adipisci aliquam a aperiam ut soluta,Cleve@royal.us,post-41,,"est officiis placeat
id et iusto ut fugit numquam
eos aut voluptas ad quia tempore qui quibusdam doloremque
recusandae tempora qui",2026-09-15 19:12:35,jsonplaceholder
comment-202,comment,5,blanditiis vel fuga odio qui,Donnell@polly.net,post-41,,"sequi expedita quibusdam enim ipsam
beatae ad eum placeat
perspiciatis quis in nulla porro voluptas quia
esse et quibusdam",2026-09-15 19:12:35,jsonplaceholder
comment-203,comment,5,ab enim adipisci laudantium impedit qui sed,Bonita@karl.biz,post-41,,"eum voluptates id autem sequi qui omnis commodi
veniam et laudantium aut
et molestias esse asperiores et quaerat
pariatur non officia voluptatibus",2026-09-15 19:12:35,jsonplaceholder
comment-204,comment,5,autem voluptates voluptas nihil,Shea@angelina.biz,post-41,,"voluptatibus pariatur illo
autem quia aut ullam laudantium quod laborum officia
dicta sit consequatur quis delectus vel
omnis laboriosam laborum vero ipsa voluptas",2026-09-15 19:12:35,jsonplaceholder
comment-205,comment,5,et reiciendis ullam quae,Omari@veronica.us,post-41,,"voluptatem accusamus delectus natus quasi aliquid
porro ab id ea aut consequatur dignissimos quod et
aspernatur sapiente cum corrupti
pariatur veritatis unde",2026-09-15 19:12:35,jsonplaceholder
comment-206,comment,5,deserunt eveniet quam vitae velit,Sophie@antoinette.ca,post-42,,"nam iusto minus expedita numquam
et id quis
voluptatibus minima porro facilis dolores beatae aut sit
aut quia suscipit",2026-09-15 19:12:35,jsonplaceholder
comment-207,comment,5,asperiores sed voluptate est,Jessika@crystel.ca,post-42,,"nulla quos harum commodi
aperiam qui et dignissimos
reiciendis ut quia est corrupti itaque
laboriosam debitis suscipit",2026-09-15 19:12:35,jsonplaceholder
comment-208,comment,5,excepturi aut libero incidunt doloremque at,Cesar_Volkman@letitia.biz,post-42,,"enim aut doloremque mollitia provident molestiae omnis esse excepturi
officiis tempora sequi molestiae veniam voluptatem
recusandae omnis temporibus et deleniti laborum sed ipsa
molestiae eum aut",2026-09-15 19:12:35,jsonplaceholder
comment-209,comment,5,repudiandae consectetur dolore,Maureen_Mueller@lance.us,post-42,,"officiis qui eos voluptas laborum error
sunt repellat quis nisi unde velit
delectus eum molestias tempora quia ut aut
consequatur cupiditate quis sint in eum voluptates",2026-09-15 19:12:35,jsonplaceholder
comment-210,comment,5,quibusdam provident accusamus id aut totam eligendi,Eriberto@geovany.ca,post-42,,"praesentium odit quos et tempora eum voluptatem non
non aut eaque consectetur reprehenderit in qui eos nam
nemo ea eos
ea nesciunt consequatur et",2026-09-15 19:12:35,jsonplaceholder
comment-211,comment,5,rerum voluptate dolor,Faustino.Keeling@morris.co.uk,post-43,,"odio temporibus est ut a
aut commodi minima tempora eum
et fuga omnis alias deleniti facere totam unde
impedit voluptas et possimus consequatur necessitatibus qui velit",2026-09-15 19:12:35,jsonplaceholder
comment-212,comment,5,et maiores sed temporibus cumque voluptatem sunt necessitatibus in,Viola@aric.co.uk,post-43,,"aut vero sint ut et voluptate
sunt quod velit impedit quia
cupiditate dicta magni ut
eos blanditiis assumenda pariatur nemo est tempore velit",2026-09-15 19:12:35,jsonplaceholder
comment-213,comment,5,ratione architecto in est voluptatem quibusdam et,Felton_Huel@terrell.biz,post-43,,"at non dolore molestiae
autem rerum id
cum facilis sit necessitatibus accusamus quia officiis
sint ea sit natus rerum est nemo perspiciatis ea",2026-09-15 19:12:35,jsonplaceholder
comment-214,comment,5,dicta deserunt tempore,Ferne_Bogan@angus.info,post-43,,"nam nesciunt earum sequi dolorum
et fuga sint quae architecto
in et et ipsam veniam ad voluptas rerum animi
illum temporibus enim rerum est",2026-09-15 19:12:35,jsonplaceholder
comment-215,comment,5,sint culpa cupiditate ut sit quas qui voluptas qui,Amy@reymundo.org,post-43,,"esse ab est deleniti dicta non
inventore veritatis cupiditate
eligendi sequi excepturi assumenda a harum sint aut eaque
rerum molestias id excepturi quidem aut",2026-09-15 19:12:35,jsonplaceholder
comment-216,comment,5,voluptatem esse sint alias,Jaylan.Mayert@norbert.biz,post-44,,"minima quaerat voluptatibus iusto earum
quia nihil et
minus deleniti aspernatur voluptatibus tempore sit molestias
architecto velit id debitis",2026-09-15 19:12:35,jsonplaceholder
comment-217,comment,5,eos velit velit esse autem minima voluptas,Cristina.DAmore@destini.biz,post-44,,"aperiam rerum aut provident cupiditate laboriosam
enim placeat aut explicabo
voluptatum similique rerum eaque eligendi
nobis occaecati perspiciatis sint ullam",2026-09-15 19:12:35,jsonplaceholder
comment-218,comment,5,voluptatem qui deserunt dolorum in voluptates similique et qui,Ettie_Bashirian@lambert.biz,post-44,,"rem qui est
facilis qui voluptatem quis est veniam quam aspernatur dicta
dolore id sapiente saepe consequatur
enim qui impedit culpa ex qui voluptas dolor",2026-09-15 19:12:35,jsonplaceholder
comment-219,comment,5,qui unde recusandae omnis ut explicabo neque magni veniam,Lizeth@kellen.org,post-44,,"est et dolores voluptas aut molestiae nam eos saepe
expedita eum ea tempore sit iure eveniet
iusto enim quos quo
repellendus laudantium eum fugiat aut et",2026-09-15 19:12:35,jsonplaceholder
comment-220,comment,5,vel autem quia in modi velit,Vladimir_Schumm@sharon.tv,post-44,,"illum ea eum quia
doloremque modi ducimus voluptatum eaque aperiam accusamus eos quia
sed rerum aperiam sunt quo
ea veritatis natus eos deserunt voluptas ea voluptate",2026-09-15 19:12:35,jsonplaceholder
comment-221,comment,5,reprehenderit rem voluptatem voluptate recusandae dolore distinctio,Madonna@will.com,post-45,,"rerum possimus asperiores non dolores maiores tenetur ab
suscipit laudantium possimus ab iure
distinctio assumenda iste adipisci optio est sed eligendi
temporibus perferendis tempore soluta",2026-09-15 19:12:35,jsonplaceholder
comment-222,comment,5,rerum aliquam ducimus repudiandae perferendis,Cicero_Goldner@elenor.tv,post-45,,"cum officiis impedit neque a sed dolorum accusamus eaque
repellat natus aut commodi sint fugit consequatur corporis
voluptatum dolorum sequi perspiciatis ut facilis
delectus pariatur consequatur at aut temporibus facere vitae",2026-09-15 19:12:35,jsonplaceholder
comment-223,comment,5,accusantium aliquid consequuntur minus quae quis et autem,Zella@jan.net,post-45,,"maiores perspiciatis quo alias doloremque
illum iusto possimus impedit
velit voluptatem assumenda possimus
ut nesciunt eum et deleniti molestias harum excepturi",2026-09-15 19:12:35,jsonplaceholder
comment-224,comment,5,eum dolorum ratione vitae expedita,Robin_Jacobi@verdie.net,post-45,,"perferendis quae est velit ipsa autem adipisci ex rerum
voluptatem occaecati velit perferendis aut tenetur
deleniti eaque quasi suscipit
dolorum nobis vel et aut est eos",2026-09-15 19:12:35,jsonplaceholder
comment-225,comment,5,occaecati et corrupti expedita,Lawson@demarco.co.uk,post-45,,"doloribus illum tempora aliquam qui perspiciatis dolorem ratione velit
facere nobis et fugiat modi
fugiat dolore at
ducimus voluptate porro qui architecto optio unde deleniti",2026-09-15 19:12:35,jsonplaceholder
comment-226,comment,5,assumenda officia quam ex natus minima sint quia,Benton@jayde.tv,post-46,,"provident sed similique
explicabo fugiat quasi saepe voluptatem corrupti recusandae
voluptas repudiandae illum tenetur mollitia
sint in enim earum est",2026-09-15 19:12:35,jsonplaceholder
comment-227,comment,5,omnis error aut doloremque ipsum ducimus,Melody@london.name,post-46,,"est quo quod tempora fuga debitis
eum nihil nemo nisi consequatur sequi nesciunt dolorum et
cumque maxime qui consequatur mollitia dicta iusto aut
vero recusandae ut dolorem provident voluptatibus suscipit sint",2026-09-15 19:12:35,jsonplaceholder
comment-228,comment,5,eaque expedita temporibus iure velit eligendi labore dignissimos molestiae,Wyman.Swaniawski@marjorie.name,post-46,,"quibusdam dolores eveniet qui minima
magni perspiciatis pariatur
ullam dolor sit ex molestiae in nulla unde rerum
quibusdam deleniti nisi",2026-09-15 19:12:35,jsonplaceholder
comment-229,comment,5,maxime veniam at,Deborah@fletcher.co.uk,post-46,,"unde aliquam ipsam eaque quia laboriosam exercitationem totam illo
non et dolore ipsa
laborum et sapiente fugit voluptatem
et debitis quia optio et minima et nostrum",2026-09-15 19:12:35,jsonplaceholder
comment-230,comment,5,illo dolor corrupti quia pariatur in,Dario@barton.info,post-46,,"neque ullam eos amet
ratione architecto doloribus qui est nisi
occaecati unde expedita perspiciatis animi tenetur minus eveniet aspernatur
eius nihil adipisci aut",2026-09-15 19:12:35,jsonplaceholder
comment-231,comment,5,omnis minima dicta aliquam excepturi,Kelton_McKenzie@danial.us,post-47,,"veritatis laudantium laboriosam ut maxime sed voluptate
consequatur itaque occaecati voluptatum est
ut itaque aperiam eligendi at vel minus
dicta tempora nihil pariatur libero est",2026-09-15 19:12:35,jsonplaceholder
comment-232,comment,5,voluptatem excepturi sit et sed qui ipsum quam consequatur,Itzel@fritz.io,post-47,,"ullam modi consequatur officia dolor non explicabo et
eum minus dicta dolores blanditiis dolore
nobis assumenda harum velit ullam et cupiditate
et commodi dolor harum et sed cum reprehenderit omnis",2026-09-15 19:12:35,jsonplaceholder
comment-233,comment,5,qui dolores maxime autem enim repellendus culpa nostrum consequuntur,Jacquelyn_Kutch@kaya.co.uk,post-47,,"aperiam quo quis
nobis error et culpa veritatis
quae sapiente nobis architecto doloribus quia laboriosam
est consequatur et recusandae est eius",2026-09-15 19:12:35,jsonplaceholder
comment-234,comment,5,natus et necessitatibus animi,Cheyanne.Schowalter@alycia.biz,post-47,,"itaque voluptatem voluptas velit non est rerum incidunt
vitae aut labore accusantium in atque
repudiandae quos necessitatibus
autem ea excepturi",2026-09-15 19:12:35,jsonplaceholder
comment-235,comment,5,odio sed accusantium iure repudiandae officiis ut autem illo,Macey@abbie.org,post-47,,"ea iusto laboriosam sit
voluptatibus magni ratione eum
et minus perferendis
eius rerum suscipit velit culpa ipsa ipsam aperiam est",2026-09-15 19:12:35,jsonplaceholder
comment-236,comment,5,cupiditate rerum voluptate quo facere repudiandae,Freeda.Kirlin@eddie.ca,post-48,,"itaque error cupiditate asperiores ut aspernatur veniam qui
doloribus sit aliquid pariatur dicta deleniti qui alias dignissimos
recusandae eaque repellendus est et dolorem aut non
explicabo voluptas est beatae vel temporibus",2026-09-15 19:12:35,jsonplaceholder
comment-237,comment,5,recusandae deserunt possimus voluptatibus ipsam iste consequatur consequatur,Jennifer.Rowe@zoe.org,post-48,,"aut culpa quis modi
libero hic dolore provident officiis placeat minima vero
et iste dolores aut voluptatem saepe unde
vero temporibus sunt corrupti voluptate",2026-09-15 19:12:35,jsonplaceholder
comment-238,comment,5,voluptatem nam ducimus non molestiae,Providenci.Heller@lenna.info,post-48,,"et nostrum cupiditate nobis facere et est illo
consequatur harum voluptatem totam
molestiae voluptas consequatur quibusdam aut
modi impedit necessitatibus et nisi nesciunt adipisci",2026-09-15 19:12:35,jsonplaceholder
comment-239,comment,5,voluptatum debitis qui aut voluptas eos quibusdam et,Emerald_Murazik@darrell.biz,post-48,,"esse rem ut neque magni voluptatem id qui
aut ut vel autem non qui quam sit
impedit quis sit illum laborum
aut at vel eos nihil quo",2026-09-15 19:12:35,jsonplaceholder
comment-240,comment,5,est dolorem est placeat provident non nihil,Joseph@corrine.com,post-48,,"necessitatibus nulla perferendis ad inventore earum delectus
vitae illo sed perferendis
officiis quo eligendi voluptatem animi totam perspiciatis
repellat quam eum placeat est tempore facere",2026-09-15 19:12:35,jsonplaceholder
comment-241,comment,5,reprehenderit inventore soluta ut aliquam,Lemuel@willow.name,post-49,,"quisquam asperiores voluptas
modi tempore officia quod hic dolor omnis asperiores
architecto aut vel odio quisquam sunt
deserunt soluta illum",2026-09-15 19:12:35,jsonplaceholder
comment-242,comment,5,quis sit aut vero quo accusamus,Sven@gudrun.info,post-49,,"dolores minus sequi laudantium excepturi deserunt rerum voluptatem
pariatur harum natus sed dolore quis
consectetur quod inventore laboriosam et in dolor beatae rerum
quia rerum qui recusandae quo officiis fugit",2026-09-15 19:12:35,jsonplaceholder
comment-243,comment,5,quaerat natus illum,Jennifer@shania.ca,post-49,,"rem ut cumque tempore sed
aperiam unde tenetur ab maiores officiis alias
aut nemo veniam dolor est eum sunt a
esse ratione deserunt et",2026-09-15 19:12:35,jsonplaceholder
comment-244,comment,5,labore temporibus ipsa at blanditiis autem,Eldora@madge.com,post-49,,"est et itaque qui laboriosam dolor ut debitis
cumque et et dolor
eaque enim et architecto
et quia reiciendis quis",2026-09-15 19:12:35,jsonplaceholder
comment-245,comment,5,et rerum fuga blanditiis provident eligendi iste eos,Litzy@kaylie.io,post-49,,"vel nam nemo sed vitae
repellat necessitatibus dolores deserunt dolorum
minima quae velit et nemo
sit expedita nihil consequatur autem quia maiores",2026-09-15 19:12:35,jsonplaceholder
comment-246,comment,5,magnam earum qui eaque sunt excepturi,Jaycee.Turner@euna.name,post-50,,"quia est sed eos animi optio dolorum
consequatur reiciendis exercitationem ipsum nihil omnis
beatae sed corporis enim quisquam
et blanditiis qui nihil",2026-09-15 19:12:35,jsonplaceholder
comment-247,comment,5,vel aut blanditiis magni accusamus dolor soluta,Wilbert@cheyenne.ca,post-50,,"explicabo nam nihil atque sint aut
qui qui rerum excepturi soluta quis et
et mollitia et voluptate minima nihil
sed quaerat dolor earum tempore et non est voluptatem",2026-09-15 19:12:35,jsonplaceholder
comment-248,comment,5,voluptatum sint dicta voluptas aut ut,Rebecca_Hessel@edna.net,post-50,,"assumenda aut quis repellendus
nihil impedit cupiditate nemo
sit sequi laudantium aut voluptas nam dolore magnam
minima aspernatur vero sapiente",2026-09-15 19:12:35,jsonplaceholder
comment-249,comment,5,quibusdam dignissimos aperiam sint commodi,Christiana@lawrence.info,post-50,,"non repudiandae dicta et commodi
sint dolores facere eos nesciunt autem quia
placeat quaerat non culpa quasi dolores voluptas
dolorum placeat non atque libero odit autem sunt",2026-09-15 19:12:35,jsonplaceholder
comment-250,comment,5,perferendis magnam natus exercitationem eveniet sunt,Samara@shaun.org,post-50,,"doloremque quae ratione cumque
excepturi eligendi delectus maiores necessitatibus veniam
fugiat exercitationem consectetur vel earum
quia illo explicabo molestiae enim rem deserunt et omnis",2026-09-15 19:12:35,jsonplaceholder
comment-251,comment,6,veritatis sint eius,Ayden_Hickle@stephany.tv,post-51,,"sit vero at voluptatem corporis adipisci
error sit aut nihil rerum doloremque dolorum ipsum
eum ut numquam sapiente ipsam nam blanditiis ut quasi
facilis optio rerum qui temporibus esse excepturi eaque",2026-09-15 19:12:35,jsonplaceholder
comment-252,comment,6,qui alias beatae iusto omnis placeat recusandae ut,Carissa.Krajcik@jean.name,post-51,,"exercitationem quisquam sed
eius et cum reiciendis deleniti non
perspiciatis aut voluptatum deserunt
sint dignissimos est sed architecto sed",2026-09-15 19:12:35,jsonplaceholder
comment-253,comment,6,voluptate ipsum corporis quis provident voluptatem eos asperiores,Jayde@geovanny.io,post-51,,"debitis dignissimos ut illum
rerum voluptatem ut qui labore
optio quaerat iure
iste consequuntur praesentium vero blanditiis quibusdam aut",2026-09-15 19:12:35,jsonplaceholder
comment-254,comment,6,velit inventore et eius saepe,Ardella@khalid.biz,post-51,,"laboriosam voluptas aut quibusdam mollitia sunt non
dolores illum fugiat ex vero nemo aperiam porro quam
expedita est vel voluptatem sit voluptas consequuntur quis eligendi
omnis id nisi ducimus sapiente odit quam",2026-09-15 19:12:35,jsonplaceholder
comment-255,comment,6,impedit et sapiente et tempore repellendus,Delta_Welch@carleton.tv,post-51,,"nihil esse aut
debitis nostrum mollitia similique minus aspernatur possimus
omnis eaque non eveniet
rerum qui iure laboriosam",2026-09-15 19:12:35,jsonplaceholder
comment-256,comment,6,tempore distinctio quam,Carlee_Heathcote@harley.tv,post-52,,"nemo deleniti sunt praesentium quis quam repellendus
consequatur non est ex fugiat distinctio aliquam explicabo
aspernatur omnis debitis sint consequatur
quo autem natus veritatis",2026-09-15 19:12:35,jsonplaceholder
comment-257,comment,6,illum non quod vel voluptas quos,Delpha_Cormier@raymond.org,post-52,,"facere at voluptatem
repellendus omnis perspiciatis placeat aspernatur nobis blanditiis ut deleniti
quis non cumque laborum sit id ratione vel sequi
facere doloremque beatae aut maxime non",2026-09-15 19:12:35,jsonplaceholder
comment-258,comment,6,omnis quia fugit nisi officiis aspernatur occaecati et,Glenna@caesar.org,post-52,,"aut cum sint qui facere blanditiis magnam consequuntur perspiciatis
harum impedit reprehenderit iste doloribus quia quo facere
et explicabo aut voluptate modi dolorem
rem aut nobis ut ad voluptatum ipsum eos maxime",2026-09-15 19:12:35,jsonplaceholder
comment-259,comment,6,animi minima ducimus tempore officiis qui,Hoyt_Dickens@napoleon.ca,post-52,,"itaque occaecati non aspernatur
velit repudiandae sit rerum esse quibusdam unde molestias
explicabo dolorem vero consequatur quis et libero
voluptatem totam vel sapiente autem dolorum consequuntur",2026-09-15 19:12:35,jsonplaceholder
comment-260,comment,6,qui dolore delectus et omnis quia,Wendell.Marvin@maegan.net,post-52,,"aliquid molestias nemo aut est maxime
laboriosam et consequatur laudantium
commodi et corrupti
harum quasi minima ratione sint magni sapiente ut",2026-09-15 19:12:35,jsonplaceholder
comment-261,comment,6,aut veritatis quasi voluptatem enim dolor soluta temporibus,Virgie@layne.org,post-53,,"sapiente qui est quod
debitis qui est optio consequuntur
alias hic amet ut non ad qui provident
quia provident aspernatur corrupti occaecati",2026-09-15 19:12:35,jsonplaceholder
comment-262,comment,6,ipsa aliquid laborum quidem recusandae dolorum quia,Tia@kirsten.info,post-53,,"similique harum iste ipsam non dolores facere esse
et beatae error necessitatibus laboriosam fugiat culpa esse occaecati
ut provident ut et dolorum nam
delectus impedit aut blanditiis fugiat est unde",2026-09-15 19:12:35,jsonplaceholder
comment-263,comment,6,vitae voluptatem dolor iure quo non atque,Marco@jennyfer.biz,post-53,,"debitis dolore est
ut eos velit accusamus
non nobis ipsa nemo quas facilis quia hic
officia quam et possimus voluptas voluptatem quisquam tempore delectus",2026-09-15 19:12:35,jsonplaceholder
comment-264,comment,6,cum ab voluptates aut,Taya@milan.biz,post-53,,"consectetur maiores ab est qui aliquid porro
ipsa labore incidunt
iste deserunt quia aperiam quis sit perferendis
et sint iste",2026-09-15 19:12:35,jsonplaceholder
comment-265,comment,6,omnis incidunt est molestias,Lenora@derrick.biz,post-53,,"et quibusdam saepe labore delectus et earum quis perferendis
laborum soluta veritatis
ea veritatis quidem accusantium est aut porro rerum
quia est consequatur voluptatem numquam laudantium repellendus",2026-09-15 19:12:35,jsonplaceholder
comment-266,comment,6,eum enim provident atque eum,Carolina.Auer@polly.co.uk,post-54,,"non et voluptas
eaque atque esse qui molestias porro quam veniam voluptatibus
minima ut velit velit ut architecto deleniti
ab sint deserunt possimus quas velit et eum",2026-09-15 19:12:35,jsonplaceholder
comment-267,comment,6,ea commodi provident veritatis voluptatem voluptates aperiam,Jaylan.Braun@lane.us,post-54,,"magnam similique animi eos explicabo natus
provident cumque sit maxime velit
veritatis fuga esse dolor hic nihil nesciunt assumenda
aliquid vero modi alias qui quia doloribus est",2026-09-15 19:12:35,jsonplaceholder
comment-268,comment,6,eum et eos delectus,Javier.Dicki@damien.org,post-54,,"velit earum perspiciatis ea recusandae nihil consectetur ut
maxime repellendus doloribus
aperiam ut ex ratione quia esse magni
ducimus rerum vel rerum officiis suscipit nihil qui",2026-09-15 19:12:35,jsonplaceholder
comment-269,comment,6,molestiae vitae pariatur,Khalil_Sawayn@tanya.net,post-54,,"quos sed unde repudiandae aut porro dignissimos qui
occaecati sed alias enim
voluptates nesciunt sit ut adipisci est
expedita quae corrupti",2026-09-15 19:12:35,jsonplaceholder
comment-270,comment,6,rerum adipisci et ut sit sit dolores,Tom.Russel@pattie.org,post-54,,"quas placeat repudiandae a delectus facere exercitationem consectetur
facilis quas sequi est mollitia
est vero hic laudantium maiores
quisquam itaque aut maxime ut cumque quia doloremque voluptatem",2026-09-15 19:12:35,jsonplaceholder
comment-271,comment,6,et et repellat quasi non ea similique,Ethelyn.Moore@gabe.info,post-55,,"quae eaque reprehenderit
suscipit facilis ut tenetur blanditiis sint occaecati
accusantium expedita sed nostrum
rerum sunt nam qui placeat consequatur et",2026-09-15 19:12:35,jsonplaceholder
comment-272,comment,6,repudiandae ut velit dignissimos enim rem dolores odit,Evangeline_Kuvalis@santina.ca,post-55,,"consequuntur molestiae aut distinctio illo qui est sequi reprehenderit
hic accusamus et officiis reprehenderit culpa
est et numquam et
eius ipsa rerum velit",2026-09-15 19:12:35,jsonplaceholder
comment-273,comment,6,et aperiam autem inventore nisi nulla reiciendis velit,Orland@larry.name,post-55,,"asperiores et minus non
dolor dolorem et sint et ipsam
et enim quia sequi
sed beatae culpa architecto nisi minima",2026-09-15 19:12:35,jsonplaceholder
comment-274,comment,6,et vero nostrum tempore,Micaela.Powlowski@saul.me,post-55,,"quos illo consectetur dolores
cupiditate enim rerum dicta sequi totam
aspernatur sed praesentium
ipsum voluptates perspiciatis ipsa accusantium et et",2026-09-15 19:12:35,jsonplaceholder
comment-275,comment,6,error nulla est laudantium similique ad,Imelda_Klein@melany.biz,post-55,,"error et quasi qui facilis enim eum adipisci iste
ad nostrum sint corporis quam velit necessitatibus a
eius doloribus optio ad qui molestiae
quaerat dignissimos voluptatem culpa aliquam explicabo commodi natus",2026-09-15 19:12:35,jsonplaceholder
comment-276,comment,6,inventore amet ut debitis ipsam reiciendis molestiae autem sed,Matt.Moen@gilda.org,post-56,,"dolores tempora totam quas maxime voluptatem voluptas excepturi
recusandae quis odio exercitationem in
consectetur sed aut
excepturi eligendi sint consectetur repellendus aperiam",2026-09-15 19:12:35,jsonplaceholder
comment-277,comment,6,dolorem aut ipsum alias ex ea quidem nostrum,Rocky_Ullrich@rowena.name,post-56,,"nihil ratione aliquam recusandae ipsa sunt doloribus labore molestiae
officia cum aliquid repudiandae et error
inventore minima optio repellat aut
ea et maxime alias voluptas eius",2026-09-15 19:12:35,jsonplaceholder
comment-278,comment,6,est pariatur similique quod voluptas et consequuntur nam molestiae,Natalia@caitlyn.ca,post-56,,"corporis perferendis dolorum error quo rerum aut odio veritatis
sit deleniti aut eligendi quam doloremque aut ipsam sint
doloribus id voluptatem esse reprehenderit molestiae quia voluptatem
incidunt illo beatae nihil corporis eligendi iure quo",2026-09-15 19:12:35,jsonplaceholder
comment-279,comment,6,voluptas nihil aut dolor adipisci non,Edythe@general.org,post-56,,"natus atque ipsum voluptatem et
necessitatibus atque quia asperiores animi odit ratione quos
est repellendus sit aut repudiandae animi aut
cum blanditiis repudiandae saepe laborum",2026-09-15 19:12:35,jsonplaceholder
comment-280,comment,6,culpa minima non consequatur sit autem quas sed ipsam,Aglae@gerardo.name,post-56,,"perferendis fugit expedita cumque
exercitationem animi fugit aut earum
nihil quia illum eum dicta ut
quam commodi optio",2026-09-15 19:12:35,jsonplaceholder
comment-281,comment,6,consequatur voluptates sed voluptatem fuga,Bridie@pearl.ca,post-57,,"eius voluptatem minus
et aliquid perspiciatis sint unde ut
similique odio ullam vitae quisquam hic ex consequatur aliquid
ab nihil explicabo sint maiores aut et dolores nostrum",2026-09-15 19:12:35,jsonplaceholder
comment-282,comment,6,et vitae culpa corrupti,Aglae_Goldner@madisyn.co.uk,post-57,,"ea consequatur placeat
quo omnis illum voluptatem
voluptatem fugit aut dolorum recusandae ut et
tenetur officia voluptas",2026-09-15 19:12:35,jsonplaceholder
comment-283,comment,6,iste molestiae aut hic perspiciatis sint,Owen_Moore@jeremy.org,post-57,,"perspiciatis omnis eum nihil et porro facilis fuga qui
deleniti id et velit adipisci fuga voluptatibus voluptatum
debitis tempore dolorem atque consequatur ea perspiciatis sed
qui temporibus doloremque",2026-09-15 19:12:35,jsonplaceholder
comment-284,comment,6,soluta omnis maiores animi veniam voluptas et totam repellendus,Jarred@dangelo.name,post-57,,"rem ut sed
non cumque corrupti vel nam rerum autem
nobis dolorem necessitatibus fugit corporis
quos sint distinctio ex et animi tempore",2026-09-15 19:12:35,jsonplaceholder
comment-285,comment,6,non est sunt consequatur reiciendis,Remington_Mohr@vincenza.me,post-57,,"est accusamus facere
reprehenderit corporis ad et est fugit iure nulla et
doloribus reiciendis quasi autem voluptas
ipsam labore et pariatur quia",2026-09-15 19:12:35,jsonplaceholder
comment-286,comment,6,dolore dignissimos distinctio,Marco.Langworth@zoie.org,post-58,,"doloremque accusantium necessitatibus architecto ut provident
quaerat iusto eius omnis
fuga laborum harum totam sunt velit
aut neque corporis atque",2026-09-15 19:12:35,jsonplaceholder
comment-287,comment,6,voluptas ad autem maxime iusto eos dolorem ducimus est,Sedrick@mertie.tv,post-58,,"voluptatem perspiciatis voluptatum quaerat
odit voluptates iure
quisquam magnam voluptates ut non qui
aliquam aut ut amet sit consequatur ut suscipit",2026-09-15 19:12:35,jsonplaceholder
comment-288,comment,6,numquam eius voluptas quibusdam soluta exercitationem,Caleigh@eleanore.org,post-58,,"est sed illo omnis delectus aut
laboriosam possimus incidunt est sunt at
nemo voluptas ex ipsam
voluptatibus inventore velit sit et numquam omnis accusamus in",2026-09-15 19:12:35,jsonplaceholder
comment-289,comment,6,voluptatem aut harum aut corporis dignissimos occaecati sequi quod,Paolo@cristopher.com,post-58,,"occaecati tempora unde
maiores aliquid in
quo libero sint quidem at est facilis ipsa facere
nostrum atque harum",2026-09-15 19:12:35,jsonplaceholder
comment-290,comment,6,suscipit debitis eveniet nobis atque commodi quisquam,Juana_Stamm@helmer.com,post-58,,"pariatur veniam repellat quisquam tempore autem et voluptatem itaque
ea impedit ex molestiae placeat hic harum mollitia dolorem
inventore accusantium aut quae quia rerum autem numquam
nulla culpa quasi dolor",2026-09-15 19:12:35,jsonplaceholder
comment-291,comment,6,occaecati et dolorum,Pascale@fleta.ca,post-59,,"nisi dicta numquam dolor
rerum sed quaerat et
sed sequi doloribus libero quos temporibus
blanditiis optio est tempore qui",2026-09-15 19:12:35,jsonplaceholder
comment-292,comment,6,consequatur et facere similique beatae explicabo eligendi consequuntur,Molly_Kertzmann@tristin.me,post-59,,"eos officiis omnis ab laborum nulla saepe exercitationem recusandae
voluptate minima voluptatem sint
sunt est consequuntur dolor voluptatem odit
maxime similique deserunt et quod",2026-09-15 19:12:35,jsonplaceholder
comment-293,comment,6,qui sint hic,Kailee.Larkin@amina.org,post-59,,"fugiat dicta quasi voluptatibus ea aut est aspernatur sed
corrupti harum non omnis eos eaque quos ut
quia et et nisi rerum voluptates possimus quis
recusandae aperiam quia esse",2026-09-15 19:12:35,jsonplaceholder
comment-294,comment,6,autem totam necessitatibus sit sunt minima aut quis,Earnest.Sanford@lane.us,post-59,,"ut est veritatis animi quos
nam sed dolor
itaque omnis nostrum autem molestiae
aut optio tempora ad sapiente quae voluptatem perferendis repellat",2026-09-15 19:12:35,jsonplaceholder
comment-295,comment,6,ullam dignissimos non aut dolore,Abigail@trudie.com,post-59,,"voluptatem est aspernatur consequatur vel facere
ut omnis tenetur non ea eos
quibusdam error odio
atque consectetur voluptatem eligendi",2026-09-15 19:12:35,jsonplaceholder
comment-296,comment,6,hic eum sed dolore velit cupiditate quisquam ut inventore,Name.Walter@zoie.me,post-60,,"quasi dolorem veniam dignissimos
atque voluptas iure et quidem fugit velit et
quod magnam illum quia et ea est modi
aut quis dolores",2026-09-15 19:12:35,jsonplaceholder
comment-297,comment,6,dignissimos dolor facere,Norma@abraham.co.uk,post-60,,"eos exercitationem est ut voluptas accusamus qui
velit rerum ut
dolorem eaque omnis eligendi mollitia
atque ea architecto dolorum delectus accusamus",2026-09-15 19:12:35,jsonplaceholder
comment-298,comment,6,ipsam ut labore voluptatem quis id velit sunt,Norberto_Weimann@ford.tv,post-60,,"molestiae accusantium a tempore occaecati qui sunt optio eos
exercitationem quas eius voluptatem
omnis quibusdam autem
molestiae odio dolor quam laboriosam mollitia in quibusdam sunt",2026-09-15 19:12:35,jsonplaceholder
comment-299,comment,6,laborum asperiores nesciunt itaque,Nelson@charlene.biz,post-60,,"voluptatem omnis pariatur aut saepe enim qui
aut illo aut sed aperiam expedita debitis
tempore animi dolorem
ut libero et eos unde ex",2026-09-15 19:12:35,jsonplaceholder
comment-300,comment,6,in dolore iusto ex molestias vero,Letha@liliane.ca,post-60,,"dolorem fugit quidem animi quas quisquam reprehenderit
occaecati et dolor laborum nemo sed quas unde deleniti
facere eligendi placeat aliquid aspernatur commodi sunt impedit
neque corrupti alias molestiae magni tempora",2026-09-15 19:12:35,jsonplaceholder
comment-301,comment,7,id voluptatibus voluptas occaecati quia sunt eveniet et eius,Tiana@jeramie.tv,post-61,,"dolore maxime saepe dolor asperiores cupiditate nisi nesciunt
vitae tempora ducimus vel eos perferendis
fuga sequi numquam blanditiis sit sed inventore et
ut possimus soluta voluptas nihil aliquid sed earum",2026-09-15 19:12:35,jsonplaceholder
comment-302,comment,7,quia voluptatem sunt voluptate ut ipsa,Lindsey@caitlyn.net,post-61,,"fuga aut est delectus earum optio impedit qui excepturi
iusto consequatur deserunt soluta sunt
et autem neque
dolor ut saepe dolores assumenda ipsa eligendi",2026-09-15 19:12:35,jsonplaceholder
comment-303,comment,7,excepturi itaque laudantium reiciendis dolorem,Gregory.Kutch@shawn.info,post-61,,"sit nesciunt id vitae ut itaque sapiente
neque in at consequuntur perspiciatis dicta consequatur velit
facilis iste ut error sed
in sequi expedita autem",2026-09-15 19:12:35,jsonplaceholder
comment-304,comment,7,voluptatem quidem animi sit est nemo non omnis molestiae,Murphy.Kris@casimer.me,post-61,,"minus ab quis nihil quia suscipit vel
perspiciatis sunt unde
aut ullam quo laudantium deleniti modi
rerum illo error occaecati vel officiis facere",2026-09-15 19:12:35,jsonplaceholder
comment-305,comment,7,non cum consequatur at nihil aut fugiat delectus quia,Isidro_Kiehn@cristina.org,post-61,,"repellendus quae labore sunt ut praesentium fuga reiciendis quis
corporis aut quis dolor facere earum
exercitationem enim sunt nihil asperiores expedita
eius nesciunt a sit sit",2026-09-15 19:12:35,jsonplaceholder
comment-306,comment,7,omnis nisi libero,Kenton_Carter@yolanda.co.uk,post-62,,"ab veritatis aspernatur molestiae explicabo ea saepe molestias sequi
beatae aut perferendis quaerat aut omnis illo fugiat
quisquam hic doloribus maiores itaque
voluptas amet dolorem blanditiis",2026-09-15 19:12:35,jsonplaceholder
comment-307,comment,7,id ab commodi est quis culpa,Amos_Rohan@mozelle.tv,post-62,,"sit tenetur aut eum quasi reiciendis dignissimos non nulla
repellendus ut quisquam
numquam provident et repellendus eum nihil blanditiis
beatae iusto sed eius sit sed doloremque exercitationem nihil",2026-09-15 19:12:35,jsonplaceholder
comment-308,comment,7,enim ut optio architecto dolores nemo quos,Timothy_Heathcote@jose.name,post-62,,"officiis ipsa exercitationem impedit dolorem repellat adipisci qui
atque illum sapiente omnis et
nihil esse et eum facilis aut impedit
maxime ullam et dolorem",2026-09-15 19:12:35,jsonplaceholder
comment-309,comment,7,maiores et quisquam,Otilia.Daniel@elvie.io,post-62,,"impedit qui nemo
reprehenderit sequi praesentium ullam veniam quaerat optio qui error
aperiam qui quisquam dolor est blanditiis molestias rerum et
quae quam eum odit ab quia est ut",2026-09-15 19:12:35,jsonplaceholder
comment-310,comment,7,sed qui atque,Toni@joesph.biz,post-62,,"quae quis qui ab rerum non hic
consequatur earum facilis atque quas dolore fuga ipsam
nihil velit quis
rerum sit nam est nulla nihil qui excepturi et",2026-09-15 19:12:35,jsonplaceholder
comment-311,comment,7,veritatis nulla consequatur sed cumque,Brisa@carrie.us,post-63,,"officia provident libero explicabo tempora velit eligendi mollitia similique
rerum sit aut consequatur ullam tenetur qui est vero
rerum est et explicabo
sit sunt ea exercitationem molestiae",2026-09-15 19:12:35,jsonplaceholder
comment-312,comment,7,libero et distinctio repudiandae voluptatem dolores,Jasen.Kihn@devon.biz,post-63,,"ipsa id eum dolorum et officiis
saepe eos voluptatem
nesciunt quos voluptas temporibus dolores ad rerum
non voluptatem aut fugit",2026-09-15 19:12:35,jsonplaceholder
comment-313,comment,7,quia enim et,Efren.Konopelski@madisyn.us,post-63,,"corporis quo magnam sunt rerum enim vel
repudiandae suscipit corrupti ut ab qui debitis quidem adipisci
distinctio voluptatibus vitae molestias incidunt laboriosam quia quidem facilis
quia architecto libero illum ut dicta",2026-09-15 19:12:35,jsonplaceholder
comment-314,comment,7,enim voluptatem quam,Demetris.Bergnaum@fae.io,post-63,,"sunt cupiditate commodi est pariatur incidunt quis
suscipit saepe magnam amet enim
quod quis neque
et modi rerum asperiores consequatur reprehenderit maiores",2026-09-15 19:12:35,jsonplaceholder
comment-315,comment,7,maxime nulla perspiciatis ad quo quae consequatur quas,Luella.Pollich@gloria.org,post-63,,"repudiandae dolores nam quas
et incidunt odio dicta eum vero dolor quidem
dolorem quisquam cumque
molestiae neque maxime rerum deserunt nam sequi",2026-09-15 19:12:35,jsonplaceholder
comment-316,comment,7,totam est minima modi sapiente nobis impedit,Sister.Morissette@adelia.io,post-64,,"consequatur qui doloribus et rerum
debitis cum dolorem voluptate qui fuga
necessitatibus quod temporibus non voluptates
aut saepe molestiae",2026-09-15 19:12:35,jsonplaceholder
comment-317,comment,7,iusto pariatur ea,Shyanne@rick.info,post-64,,"quam iste aut molestiae nesciunt modi
atque quo laudantium vel tempora quam tenetur neque aut
et ipsum eum nostrum enim laboriosam officia eligendi
laboriosam libero ullam sit nulla voluptate in",2026-09-15 19:12:35,jsonplaceholder
comment-318,comment,7,vitae porro aut ex est cumque,Freeman.Dare@ada.name,post-64,,"distinctio placeat nisi repellat animi
sed praesentium voluptatem
placeat eos blanditiis deleniti natus eveniet dolorum quia tempore
pariatur illum dolor aspernatur ratione tenetur autem ipsum fugit",2026-09-15 19:12:35,jsonplaceholder
comment-319,comment,7,et eos praesentium porro voluptatibus quas quidem explicabo est,Donnell@orland.org,post-64,,"occaecati quia ipsa id fugit sunt velit iure adipisci
ullam inventore quidem dolorem adipisci optio quia et
quis explicabo omnis ipsa quo ut voluptatem aliquam inventore
minima aut tempore excepturi similique",2026-09-15 19:12:35,jsonplaceholder
comment-320,comment,7,fugiat eos commodi consequatur vel qui quasi,Robin@gaylord.biz,post-64,,"nihil consequatur dolorem voluptatem non molestiae
odit eum animi
ipsum omnis ut quasi
voluptas sed et et qui est aut",2026-09-15 19:12:35,jsonplaceholder
comment-321,comment,7,rem ducimus ipsam ut est vero distinctio et,Danyka_Stark@jedidiah.name,post-65,,"ea necessitatibus eum nesciunt corporis
minus in quisquam iste recusandae
qui nobis deleniti asperiores non laboriosam sunt molestiae dolore
distinctio qui officiis tempora dolorem ea",2026-09-15 19:12:35,jsonplaceholder
comment-322,comment,7,ipsam et commodi,Margarita@casper.io,post-65,,"id molestiae doloribus
omnis atque eius sunt aperiam
tenetur quia natus nihil sunt veritatis recusandae quia
corporis quam omnis veniam voluptas amet quidem illo deleniti",2026-09-15 19:12:35,jsonplaceholder
comment-323,comment,7,et aut non illo cumque pariatur laboriosam,Carlo@cortney.net,post-65,,"explicabo dicta quas cum quis rerum dignissimos et
magnam sit mollitia est dolor voluptas sed
ipsum et tenetur recusandae
quod facilis nulla amet deserunt",2026-09-15 19:12:35,jsonplaceholder
comment-324,comment,7,ut ut architecto vero est ipsam,Mina@nikita.tv,post-65,,"ipsam eum ea distinctio
ducimus saepe eos quaerat molestiae
corporis aut officia qui ut perferendis
itaque possimus incidunt aut quis",2026-09-15 19:12:35,jsonplaceholder
comment-325,comment,7,odit sit numquam rerum porro dolorem,Violette@naomi.tv,post-65,,"qui vero recusandae
porro esse sint doloribus impedit voluptatem commodi
asperiores laudantium ut dolores
praesentium distinctio magnam voluptatum aut",2026-09-15 19:12:35,jsonplaceholder
comment-326,comment,7,voluptatem laborum incidunt accusamus,Lauren.Hodkiewicz@jarret.info,post-66,,"perspiciatis vero nulla aut consequatur fuga earum aut
nemo suscipit totam vitae qui at omnis aut
incidunt optio dolorem voluptatem vel
assumenda vero id explicabo deleniti sit corrupti sit",2026-09-15 19:12:35,jsonplaceholder
comment-327,comment,7,quisquam necessitatibus commodi iure eum,Ernestina@piper.biz,post-66,,"consequatur ut aut placeat harum
quia perspiciatis unde doloribus quae non
ut modi ad unde ducimus omnis nobis voluptatem atque
magnam reiciendis dolorem et qui explicabo",2026-09-15 19:12:35,jsonplaceholder
comment-328,comment,7,temporibus ut vero quas,Hettie_Morar@wiley.info,post-66,,"molestiae minima aut rerum nesciunt
vitae iusto consequatur architecto assumenda dolorum
non doloremque tempora possimus qui mollitia omnis
vitae odit sed",2026-09-15 19:12:35,jsonplaceholder
comment-329,comment,7,quasi beatae sapiente voluptates quo temporibus,Corbin.Hilll@modesto.biz,post-66,,"nulla corrupti delectus est cupiditate explicabo facere
sapiente quo id quis illo culpa
ut aut sit error magni atque asperiores soluta
aut cumque voluptatem occaecati omnis aliquid",2026-09-15 19:12:35,jsonplaceholder
comment-330,comment,7,illo ab quae deleniti,Kenyatta@renee.io,post-66,,"dolores tenetur rerum et aliquam
culpa officiis ea rem neque modi quaerat deserunt
molestias minus nesciunt iusto impedit enim laborum perferendis
velit minima itaque voluptatem fugiat",2026-09-15 19:12:35,jsonplaceholder
comment-331,comment,7,nemo cum est officia maiores sint sunt a,Don@cameron.co.uk,post-67,,"maxime incidunt velit quam vel fugit nostrum veritatis
et ipsam nisi voluptatem voluptas cumque tempora velit et
et quisquam error
maiores fugit qui dolor sit doloribus",2026-09-15 19:12:35,jsonplaceholder
comment-332,comment,7,dicta vero voluptas hic dolorem,Jovan@aaliyah.tv,post-67,,"voluptas iste deleniti
est itaque vel ea incidunt quia voluptates sapiente repellat
aut consectetur vel neque tempora esse similique sed
a qui nobis voluptate hic eligendi doloribus molestiae et",2026-09-15 19:12:35,jsonplaceholder
comment-333,comment,7,soluta dicta pariatur reiciendis,Jeanie.McGlynn@enoch.ca,post-67,,"et dolor error doloremque
odio quo sunt quod
est ipsam assumenda in veniam illum rerum deleniti expedita
voluptate hic nostrum sed dolor et qui",2026-09-15 19:12:35,jsonplaceholder
comment-334,comment,7,et adipisci laboriosam est modi,Garett_Gusikowski@abigale.me,post-67,,"et voluptatibus est et aperiam quaerat voluptate eius quo
nihil voluptas doloribus et ea tempore
labore non dolorem
optio consequatur est id quia magni voluptas enim",2026-09-15 19:12:35,jsonplaceholder
comment-335,comment,7,voluptatem accusantium beatae veniam voluptatem quo culpa deleniti,Doug@alana.co.uk,post-67,,"hic et et aspernatur voluptates voluptas ut ut id
excepturi eligendi aspernatur nulla dicta ab
suscipit quis distinctio nihil
temporibus unde quasi expedita et inventore consequatur rerum ab",2026-09-15 19:12:35,jsonplaceholder
comment-336,comment,7,eveniet eligendi nisi sunt a error blanditiis et ea,Yoshiko@viviane.name,post-68,,"similique autem voluptatem ab et et
odio animi repellendus libero voluptas voluptas quia
libero facere saepe nobis
consequatur et qui non hic ea maxime nihil",2026-09-15 19:12:35,jsonplaceholder
comment-337,comment,7,beatae esse tenetur aut est,Micaela_Bins@mertie.us,post-68,,"est ut aut ut omnis distinctio
illum quisquam pariatur qui aspernatur vitae
dolor explicabo architecto veritatis ipsa et aut est molestiae
ducimus et sapiente error sed omnis",2026-09-15 19:12:35,jsonplaceholder
comment-338,comment,7,qui sit quo est ipsam minima neque nobis,Loy@gillian.me,post-68,,"maiores totam quo atque
explicabo perferendis iste facilis odio ab eius consequatur
sit praesentium ea vitae optio minus
voluptate necessitatibus omnis itaque omnis qui",2026-09-15 19:12:35,jsonplaceholder
comment-339,comment,7,accusantium et sit nihil quibusdam voluptatum provident est qui,Tyrel@hunter.net,post-68,,"dicta dolorem veniam ipsa harum minus sequi
omnis quia voluptatem autem
est optio doloribus repellendus id commodi quas exercitationem eum
et eum dignissimos accusamus est eaque doloremque",2026-09-15 19:12:35,jsonplaceholder
comment-340,comment,7,rerum et quae tenetur soluta voluptatem tempore laborum enim,Otilia.Schuppe@randal.com,post-68,,"est aut consequatur error illo ut
enim nihil fuga
suscipit inventore officiis iure earum pariatur temporibus in
aperiam qui quod vel necessitatibus velit eos exercitationem culpa",2026-09-15 19:12:35,jsonplaceholder
comment-341,comment,7,sunt ut voluptatem cupiditate maxime dolores eligendi,April@larissa.co.uk,post-69,,"iure ea ea neque est
esse ab sed hic et ullam sed sequi a
non hic tenetur sunt enim ea
laudantium ea natus",2026-09-15 19:12:35,jsonplaceholder
comment-342,comment,7,corporis at consequuntur consequatur,Glenna_Waters@retha.me,post-69,,"quis beatae qui
sequi dicta quas et dolor
non enim aspernatur excepturi aut rerum asperiores
aliquid animi nulla ea tempore esse",2026-09-15 19:12:35,jsonplaceholder
comment-343,comment,7,repellat sed consequatur suscipit aliquam,Cordelia.Oberbrunner@peyton.com,post-69,,"ea alias eos et corrupti
voluptatem ab incidunt
voluptatibus voluptas ea nesciunt
totam corporis dolor recusandae voluptas harum",2026-09-15 19:12:35,jsonplaceholder
comment-344,comment,7,blanditiis rerum voluptatem quaerat modi saepe ratione assumenda qui,Zander@santino.net,post-69,,"iusto nihil quae rerum laborum recusandae voluptatem et necessitatibus
ut deserunt cumque qui qui
non et et eos adipisci cupiditate dolor sed voluptates
maiores commodi eveniet consequuntur",2026-09-15 19:12:35,jsonplaceholder
comment-345,comment,7,ut deleniti autem ullam quod provident ducimus enim explicabo,Camila_Runolfsdottir@tressa.tv,post-69,,"omnis et fugit eos sint saepe ipsam unde est
dolores sit sit assumenda laboriosam
dolor deleniti voluptatem id nesciunt et
placeat dolorem cumque laboriosam sunt non",2026-09-15 19:12:35,jsonplaceholder
comment-346,comment,7,beatae in fuga assumenda dolorem accusantium blanditiis mollitia,Kirstin@tina.info,post-70,,"quas non magnam
quia veritatis assumenda reiciendis
similique dolores est ab
praesentium fuga ut",2026-09-15 19:12:35,jsonplaceholder
comment-347,comment,7,tenetur id delectus recusandae voluptates quo aut,Anthony.Koepp@savannah.tv,post-70,,"consectetur illo corporis sit labore optio quod
qui occaecati aut sequi quia
officiis quia aut odio quo ad
rerum tenetur aut quasi veniam",2026-09-15 19:12:35,jsonplaceholder
comment-348,comment,7,molestias natus autem quae sint qui,Bradley.Lang@marilyne.tv,post-70,,"perferendis dignissimos soluta ut provident sit et
delectus ratione ad sapiente qui excepturi error qui quo
quo illo commodi
rerum maxime voluptas voluptatem",2026-09-15 19:12:35,jsonplaceholder
comment-349,comment,7,odio maiores a porro dolorum ut pariatur inventore,Loren@aric.biz,post-70,,"dicta impedit non
et laborum laudantium qui eaque et beatae suscipit
sequi magnam rem dolorem non quia vel adipisci
corrupti officiis laudantium impedit",2026-09-15 19:12:35,jsonplaceholder
comment-350,comment,7,eius quia pariatur,Arjun@natalie.ca,post-70,,"eaque rerum tempore distinctio
consequatur fugiat veniam et incidunt ut ut et
consequatur blanditiis magnam
doloremque voluptate ut architecto facere in dolorem et aut",2026-09-15 19:12:35,jsonplaceholder
comment-351,comment,8,quia ex perspiciatis sunt voluptatem quidem,Solon.Goldner@judah.org,post-71,,"quo nisi impedit velit repellendus esse itaque ut saepe
voluptatibus occaecati ab eaque dolores
maxime alias velit ducimus placeat sit laudantium quia
corrupti doloremque ut",2026-09-15 19:12:35,jsonplaceholder
comment-352,comment,8,sit ipsam voluptatem velit,Nina@osbaldo.name,post-71,,"dolorem eius voluptatem vitae aliquid unde labore est
molestiae labore dolorem beatae voluptatem soluta eum eos dolore
et ea quasi aut doloribus sint
vel suscipit tempora delectus soluta",2026-09-15 19:12:35,jsonplaceholder
comment-353,comment,8,consequatur reprehenderit similique vitae dolor debitis,Madaline@marlin.org,post-71,,"nemo aut laborum expedita nisi sed illum
ab asperiores provident
a sunt recusandae ut rerum itaque est voluptatibus nihil
esse ipsum et repellendus nobis rerum voluptas et",2026-09-15 19:12:35,jsonplaceholder
comment-354,comment,8,eligendi tempora eum deserunt,Mike.Kozey@gladyce.us,post-71,,"delectus est consequatur
at excepturi asperiores dolor nesciunt ad
id non aut ad ut
non et voluptatem",2026-09-15 19:12:35,jsonplaceholder
comment-355,comment,8,reiciendis ad ea,Orval.Treutel@arnold.me,post-71,,"vel cumque labore vitae quisquam magnam sequi ut
molestiae dolores vel minus aut
quas repellat nostrum fugit molestiae veritatis sequi
vel quidem in molestiae id doloribus sed",2026-09-15 19:12:35,jsonplaceholder
comment-356,comment,8,qui vel id qui est,Trent@samir.net,post-72,,"fugiat dolore voluptas tempore
aspernatur quibusdam rem iste sit fugiat nesciunt consequatur
dolor sed odit similique minima corporis quae in adipisci
impedit dolores et cupiditate accusantium perferendis dignissimos error",2026-09-15 19:12:35,jsonplaceholder
comment-357,comment,8,consectetur totam fugit et occaecati minima aliquid hic adipisci,Ashleigh@annette.ca,post-72,,"et eos est quis quia molestiae est
quasi est quos omnis
aut et sit consectetur ex molestiae
est sed accusamus asperiores",2026-09-15 19:12:35,jsonplaceholder
comment-358,comment,8,accusantium natus ex et consequuntur neque,Douglas@anabel.org,post-72,,"unde ad id nemo ipsam dolorem autem quaerat
perspiciatis voluptas corrupti laborum rerum est architecto
eius quos aut et voluptate voluptatem atque necessitatibus
voluptate fugiat aut iusto et atque",2026-09-15 19:12:35,jsonplaceholder
comment-359,comment,8,esse quia quidem quisquam consequatur nisi deleniti,Lowell@mossie.com,post-72,,"et explicabo voluptatem ut est nihil culpa et
veritatis repellendus ipsum velit qui eligendi maxime voluptatem est
dicta rerum et et nemo quia
eveniet aspernatur nostrum molestiae mollitia ut dolores rem fugiat",2026-09-15 19:12:35,jsonplaceholder
comment-360,comment,8,rerum tempore facilis ut quod sit,Jacquelyn@kristian.net,post-72,,"sit et aut recusandae
corrupti nisi vero eius nulla voluptates
voluptatem placeat est commodi impedit odio omnis
similique debitis et in molestiae omnis sed non magni",2026-09-15 19:12:35,jsonplaceholder
comment-361,comment,8,voluptates qui et corporis,Antwon@domenico.me,post-73,,"cum ad porro fuga sequi dolores
ipsa error magni itaque labore accusamus
corporis odit consequatur quis debitis
cum et voluptas facilis incidunt ut itaque dolores error",2026-09-15 19:12:35,jsonplaceholder
comment-362,comment,8,quia qui quia qui,Kenyon@retha.me,post-73,,"excepturi omnis occaecati officiis enim saepe id
non quo et dignissimos voluptates ipsum
molestias facere dolorem qui iure similique corrupti
neque ducimus sit alias dolor earum autem doloribus consequatur",2026-09-15 19:12:35,jsonplaceholder
comment-363,comment,8,nihil consequatur quibusdam,Ben@elouise.net,post-73,,"est magni totam est
et enim nam voluptas veritatis est
sint doloremque incidunt et cum a
et eligendi nobis ratione delectus",2026-09-15 19:12:35,jsonplaceholder
comment-364,comment,8,vel architecto assumenda et maiores,Madisen.Hauck@barney.co.uk,post-73,,"architecto quo enim ad et reprehenderit
laboriosam quia commodi officia iusto
dolorem totam consequuntur cupiditate
veritatis voluptates aspernatur earum saepe et sed consequatur",2026-09-15 19:12:35,jsonplaceholder
comment-365,comment,8,aliquam officiis omnis,Dock.Parker@roy.biz,post-73,,"modi sed aut quidem quisquam optio est
aut facilis sit quia quis facere quod
fugiat recusandae ex et quisquam ipsum sed sit
exercitationem quia recusandae dolorem quasi iusto ipsa qui et",2026-09-15 19:12:35,jsonplaceholder
comment-366,comment,8,aperiam ut deserunt minus quo dicta nisi,Pablo.Ritchie@tyrique.co.uk,post-74,,"explicabo perspiciatis quae sit qui nulla incidunt facilis
repudiandae perspiciatis voluptate expedita sunt consectetur quasi
id occaecati nesciunt dolorem aliquid perspiciatis repellat inventore esse
ut possimus exercitationem facere modi",2026-09-15 19:12:35,jsonplaceholder
comment-367,comment,8,praesentium eos quam eius optio eveniet,Sebastian_Gaylord@freda.org,post-74,,"nostrum modi et et dolores maxime facere
alias doloribus eaque expedita et similique voluptatum magnam est
omnis eos voluptatem
et unde fugit voluptatem asperiores",2026-09-15 19:12:35,jsonplaceholder
comment-368,comment,8,fugiat aliquid sint,Lazaro@nadia.ca,post-74,,"est dolor eveniet
est minus eveniet recusandae
iure quo aut eos ut sed ipsa
harum earum aut nesciunt non dolores",2026-09-15 19:12:35,jsonplaceholder
comment-369,comment,8,qui incidunt vel iusto eligendi amet quia qui,Jessy.Boyle@vernice.biz,post-74,,"qui fugit accusamus
et quo minus cumque hic adipisci
odio blanditiis omnis et est
architecto et facilis inventore quasi provident quaerat ex rem",2026-09-15 19:12:35,jsonplaceholder
comment-370,comment,8,libero vero voluptatum sed facilis quos aut reprehenderit ad,Mitchel@hal.co.uk,post-74,,"beatae hic est et deserunt eius
corrupti quam ut commodi sit modi est corporis animi
harum ut est
aperiam non fugit excepturi quo tenetur totam",2026-09-15 19:12:35,jsonplaceholder
comment-371,comment,8,ut quia sequi sed eius voluptas,Lindsay@kiley.name,post-75,,"est dicta totam architecto et minus id aut non
ut et fugit eaque culpa modi repellendus
aliquid qui veritatis doloribus aut consequatur voluptas sequi accusantium
voluptas occaecati saepe reprehenderit ut",2026-09-15 19:12:35,jsonplaceholder
comment-372,comment,8,qui cumque eos consequatur fuga ut,Erika.Murazik@jorge.me,post-75,,"aut illum est asperiores
rerum laboriosam quis sit dolores magni minima fuga atque
omnis at et quibusdam earum rem
earum distinctio autem et enim dolore eos",2026-09-15 19:12:35,jsonplaceholder
comment-373,comment,8,nemo voluptatum quo qui atque,Olin@edmund.ca,post-75,,"iure aliquid qui sit
excepturi dolorem rerum possimus suscipit atque nisi
labore ut aut nihil voluptatum ut aliquid praesentium
assumenda tempore dolor velit ratione et corrupti",2026-09-15 19:12:35,jsonplaceholder
comment-374,comment,8,quam exercitationem alias totam,Lacey@novella.biz,post-75,,"eligendi et consequuntur dolor nihil quaerat doloremque ut
dignissimos sunt veniam non ratione esse
debitis omnis similique maxime dolores tempora laborum rerum adipisci
reiciendis explicabo error quidem quo necessitatibus voluptatibus vitae ipsum",2026-09-15 19:12:35,jsonplaceholder
comment-375,comment,8,similique doloribus odit quas magnam omnis dolorem dolore et,Sister@miller.net,post-75,,"non ea sed reprehenderit reiciendis eaque et neque adipisci
ipsa architecto deserunt ratione nesciunt tempore similique occaecati non
hic vitae sit neque
rerum quod dolorem ratione esse aperiam necessitatibus",2026-09-15 19:12:35,jsonplaceholder
comment-376,comment,8,dolorem qui architecto provident,Raphaelle@miller.com,post-76,,"sint qui aut aspernatur necessitatibus
laboriosam autem occaecati nostrum non
officiis consequuntur odit
et itaque quam placeat aut molestiae saepe veniam provident",2026-09-15 19:12:35,jsonplaceholder
comment-377,comment,8,nemo hic sapiente placeat quidem omnis,Jaren.Schiller@augusta.org,post-76,,"sint fugit et
id et saepe non molestiae sit earum doloremque
dolorem nemo earum dignissimos ipsa soluta deleniti quos
quis numquam ducimus sed corporis dolores sed quisquam suscipit",2026-09-15 19:12:35,jsonplaceholder
comment-378,comment,8,vitae aut perspiciatis quia enim voluptas,Nikko_Reynolds@harry.me,post-76,,"est molestiae non fugiat voluptatem quo porro
aut praesentium ipsam aspernatur perferendis fuga
officia sit ut
aspernatur rerum est",2026-09-15 19:12:35,jsonplaceholder
comment-379,comment,8,est qui quos exercitationem,Afton.Medhurst@mina.info,post-76,,"laboriosam quia animi ut
quasi aut enim sequi numquam similique fugiat voluptatum non
sed velit quod nisi id quidem
magni in eveniet hic",2026-09-15 19:12:35,jsonplaceholder
comment-380,comment,8,similique fugiat tenetur ea incidunt numquam,Wilson.Nikolaus@fredrick.org,post-76,,"voluptatum quis ipsa voluptatem saepe est
illum error repellat eaque dolor quae qui
eum rerum sunt quam illo
voluptates fuga possimus nemo nihil distinctio",2026-09-15 19:12:35,jsonplaceholder
comment-381,comment,8,sint porro optio voluptatem,Tomasa@lee.us,post-77,,"consequatur possimus sit itaque distinctio fugit aut quod
explicabo exercitationem voluptas labore rerum
porro ut in voluptas maiores tempora accusantium
voluptatum et sapiente sit quas quis et veniam",2026-09-15 19:12:35,jsonplaceholder
comment-382,comment,8,eius itaque ut ipsa quia quis labore,Ally_Kassulke@rashad.ca,post-77,,"eaque eius delectus molestias suscipit nulla quisquam
totam vel quos et autem sed
eligendi et pariatur earum molestias magnam autem
placeat culpa est et qui commodi illo et",2026-09-15 19:12:35,jsonplaceholder
comment-383,comment,8,provident voluptas perferendis quibusdam libero,Reagan_Ziemann@ross.io,post-77,,"qui quaerat id repellendus aut qui
maiores quidem consequatur dignissimos deleniti deserunt eveniet libero a
repellat ducimus quia aut dignissimos numquam molestiae
consequatur sit impedit nostrum et sunt iure",2026-09-15 19:12:35,jsonplaceholder
comment-384,comment,8,et et voluptas et eligendi distinctio accusantium temporibus enim,Angelita@sally.org,post-77,,"blanditiis dolor sint nulla cum quidem aliquid voluptatem
perferendis dolor consequatur voluptas et ut quisquam tempora tenetur
maxime minus animi qui id
eum accusantium et optio et blanditiis maxime",2026-09-15 19:12:35,jsonplaceholder
comment-385,comment,8,qui voluptates molestias necessitatibus eos odio quo minima,Lonzo@lorena.org,post-77,,"sit fugiat est autem quia ipsam error ab
voluptatem sed ab labore molestiae qui debitis exercitationem
non et sunt officia illo possimus iste tenetur est
dolores voluptas ad aspernatur nihil",2026-09-15 19:12:35,jsonplaceholder
comment-386,comment,8,temporibus minus debitis deleniti repellat unde eveniet,Alexandre@derrick.co.uk,post-78,,"et dicta dolores sit
repudiandae id harum temporibus
voluptas quia blanditiis numquam a enim quae
quisquam assumenda nam doloribus vel temporibus distinctio eveniet dolores",2026-09-15 19:12:35,jsonplaceholder
comment-387,comment,8,magnam nihil delectus dolor natus ab ea et,Judd@lucinda.ca,post-78,,"qui recusandae veniam sed voluptatem ullam facilis consequatur
numquam ut quod aut et
non alias ex quam aut quasi ipsum praesentium
ut aspernatur sit",2026-09-15 19:12:35,jsonplaceholder
comment-388,comment,8,laudantium quibusdam blanditiis pariatur non vero deleniti a perferendis,Eleanora@karson.net,post-78,,"facilis et totam
voluptatibus est optio cum
facilis qui aut blanditiis rerum voluptatem accusamus
et omnis quasi sint",2026-09-15 19:12:35,jsonplaceholder
comment-389,comment,8,excepturi nam cum molestiae et totam voluptatem nisi,Enrico_Feil@liana.biz,post-78,,"dolore nihil perferendis
dolor hic repudiandae iste
doloribus labore quaerat et molestiae dolores sit excepturi sint
et eum et aut",2026-09-15 19:12:35,jsonplaceholder
comment-390,comment,8,temporibus aut et,Beverly@perry.org,post-78,,"dolor ratione ab repellendus aut quia reiciendis sed
est alias ex
odio voluptatem velit odit tempora nihil optio aperiam blanditiis
labore porro id velit dolor veritatis",2026-09-15 19:12:35,jsonplaceholder
comment-391,comment,8,sed ratione nesciunt odit expedita,Corene_Mante@rory.com,post-79,,"aut repellat tenetur delectus eaque est nihil consequatur quae
deleniti assumenda voluptates sit sit cupiditate maiores
autem suscipit sint tenetur dolor tempore
dolorem dolorum alias adipisci",2026-09-15 19:12:35,jsonplaceholder
comment-392,comment,8,rerum officiis qui quaerat omnis dolorem iure est repudiandae,Emily_Flatley@ephraim.name,post-79,,"aut aut ea ut repudiandae ea assumenda laboriosam
sunt qui laboriosam dicta omnis sit corporis
voluptas eos amet quam quisquam officiis facilis laborum
voluptatibus accusantium ab aliquid sed id doloremque",2026-09-15 19:12:35,jsonplaceholder
comment-393,comment,8,illo quis nostrum accusantium architecto et aliquam ratione,Donna@frederik.com,post-79,,"et quia explicabo
ut hic commodi quas provident aliquam nihil
vitae in voluptatem commodi
vero velit optio omnis accusamus corrupti voluptatem",2026-09-15 19:12:35,jsonplaceholder
comment-394,comment,8,reprehenderit eos voluptatem ut,Kyleigh@ruben.org,post-79,,"voluptatem quisquam pariatur voluptatum qui quaerat
et minus ea aliquam ullam dolorem consequatur
ratione at ad nemo aperiam excepturi deleniti
qui numquam quis hic nostrum tempora quidem",2026-09-15 19:12:35,jsonplaceholder
comment-395,comment,8,excepturi esse laborum ut qui culpa,Noemy.Hammes@lisette.net,post-79,,"esse vel reiciendis nobis inventore vero est
fugit inventore ea quo consequatur aut
autem deserunt ratione et repellendus nihil quam
quidem iure est nihil mollitia",2026-09-15 19:12:35,jsonplaceholder
comment-396,comment,8,qui eos vitae possimus reprehenderit voluptatem voluptatem repellendus,Margarett_Jenkins@harley.us,post-80,,"perferendis veritatis saepe voluptatem
eum voluptas quis
sed occaecati nostrum
fugit animi omnis ratione molestias",2026-09-15 19:12:35,jsonplaceholder
comment-397,comment,8,quasi exercitationem molestias dolore non non sed est,Dexter.Pacocha@lauren.biz,post-80,,"ut nisi sunt perspiciatis qui doloribus quas
velit molestiae atque corrupti corporis voluptatem
vel ratione aperiam tempore est eos
quia a voluptas",2026-09-15 19:12:35,jsonplaceholder
comment-398,comment,8,labore consequuntur vel qui,Gennaro@jaunita.co.uk,post-80,,"libero atque accusamus blanditiis minima eveniet corporis est aliquid
dolores asperiores neque quibusdam quaerat error esse non
qui et adipisci
magni illo hic qui qui dignissimos earum",2026-09-15 19:12:35,jsonplaceholder
comment-399,comment,8,sunt ut eos,Jaycee@aimee.us,post-80,,"corrupti ut et eveniet culpa
veritatis eos sequi fugiat commodi consequuntur
ipsa totam voluptatem perferendis ducimus aut exercitationem magni
eos mollitia quia",2026-09-15 19:12:35,jsonplaceholder
comment-400,comment,8,quia aut consequatur sunt iste aliquam impedit sit,Brennon@carmela.tv,post-80,,"natus iure velit impedit sed officiis sint
molestiae non beatae
illo consequatur minima
sed ratione est tenetur",2026-09-15 19:12:35,jsonplaceholder
comment-401,comment,9,cum voluptate sint voluptas veritatis,Vella.Mayer@colten.net,post-81,,"sit delectus recusandae qui
et cupiditate sed ipsum culpa et fugiat ab
illo dignissimos quo est repellat dolorum neque
voluptates sed sapiente ab aut rerum enim sint voluptatum",2026-09-15 19:12:35,jsonplaceholder
comment-402,comment,9,ut eos mollitia eum eius,Caleb_Dach@kathleen.us,post-81,,"et nisi fugit totam
maiores voluptatibus quis ipsa sunt debitis assumenda
ullam non quasi numquam ut dolores modi recusandae
ut molestias magni est voluptas quibusdam corporis eius",2026-09-15 19:12:35,jsonplaceholder
comment-403,comment,9,architecto voluptatum eos blanditiis aliquam debitis beatae nesciunt dolorum,Patience_Bahringer@dameon.biz,post-81,,"et a et perspiciatis
autem expedita maiores dignissimos labore minus molestiae enim
et ipsam ea et
perspiciatis veritatis debitis maxime",2026-09-15 19:12:35,jsonplaceholder
comment-404,comment,9,officia qui ut explicabo eos fugit,Destinee.Simonis@jose.tv,post-81,,"modi est et eveniet facilis explicabo
voluptatem saepe quo et sint quas quia corporis
pariatur voluptatibus est iste fugiat delectus animi rerum
doloribus est enim",2026-09-15 19:12:35,jsonplaceholder
comment-405,comment,9,incidunt commodi voluptatem maiores asperiores blanditiis omnis ratione,Keshaun@brown.biz,post-81,,"aut aut sit cupiditate maxime praesentium occaecati cumque
vero sint sit aliquam porro quo consequuntur ut
numquam qui maxime voluptas est consequatur ullam
tenetur commodi qui consectetur distinctio eligendi atque",2026-09-15 19:12:35,jsonplaceholder
comment-406,comment,9,sint eaque rerum voluptas fugiat quia qui,Merle.Schultz@marcel.org,post-82,,"dicta in quam tenetur
sed molestiae a sit est aut quia autem aut
nam voluptatem reiciendis corporis voluptatem
sapiente est id quia explicabo enim tempora asperiores",2026-09-15 19:12:35,jsonplaceholder
comment-407,comment,9,eius tempora sint reprehenderit,Malvina_Fay@louie.name,post-82,,"totam ad quia non vero dolor laudantium sed temporibus
quia aperiam corrupti sint accusantium eligendi
aliquam rerum voluptatem delectus numquam nihil
soluta qui sequi nisi voluptatum eaque voluptas animi ipsam",2026-09-15 19:12:35,jsonplaceholder
comment-408,comment,9,non excepturi enim est sapiente numquam repudiandae illo,Domenick_Douglas@gabe.us,post-82,,"suscipit quidem fugiat consequatur
quo sequi nesciunt
aliquam ratione possimus
voluptatem sit quia repellendus libero excepturi ut temporibus",2026-09-15 19:12:35,jsonplaceholder
comment-409,comment,9,dicta dolor voluptate vel praesentium,Isaac@allene.net,post-82,,"provident illo quis dolor distinctio laborum eius enim
suscipit quia error enim eos consequuntur
est incidunt adipisci beatae tenetur excepturi in labore commodi
fugiat omnis in et at nam accusamus et",2026-09-15 19:12:35,jsonplaceholder
comment-410,comment,9,et dolore hic a cupiditate beatae natus iusto soluta,Marianna.Pacocha@george.net,post-82,,"in consequatur corporis qui a et magni eum illum
corrupti veniam debitis ab iure harum
enim ut assumenda cum adipisci veritatis et veniam
rem eius expedita quos corrupti incidunt",2026-09-15 19:12:35,jsonplaceholder
comment-411,comment,9,hic rem eligendi tenetur ipsum dolore maxime eum,Sister_Barton@lela.com,post-83,,"nam voluptatem ex aut voluptatem mollitia sit sapiente
qui hic ut
qui natus in iste et magnam dolores et fugit
ea sint ut minima quas eum nobis at reprehenderit",2026-09-15 19:12:35,jsonplaceholder
comment-412,comment,9,quaerat et quia accusamus provident earum cumque,Autumn.Lebsack@kasandra.ca,post-83,,"veniam non culpa aut voluptas rem eum officiis
mollitia placeat eos cum
consequatur eos commodi dolorem
animi maiores qui",2026-09-15 19:12:35,jsonplaceholder
comment-413,comment,9,atque porro quo voluptas,Irma.OKon@arden.me,post-83,,"consequatur harum est omnis
qui recusandae qui voluptatem et distinctio sint eaque
dolores quo dolorem asperiores
aperiam non quis asperiores aut praesentium",2026-09-15 19:12:35,jsonplaceholder
comment-414,comment,9,ut qui voluptatem hic maxime,Alaina_Hammes@carter.info,post-83,,"molestias debitis magni illo sint officiis ut quia
sed tenetur dolorem soluta
voluptatem fugiat voluptas molestiae magnam fuga
similique enim illum voluptas aspernatur officia",2026-09-15 19:12:35,jsonplaceholder
comment-415,comment,9,rerum consequatur ut et voluptate harum amet accusantium est,Alia@addison.org,post-83,,"iure vitae accusamus tenetur autem ipsa deleniti
sunt laudantium ut beatae repellendus non eos
ut consequuntur repudiandae ducimus enim
reiciendis rem explicabo magni dolore",2026-09-15 19:12:35,jsonplaceholder
comment-416,comment,9,neque nemo consequatur ea fugit aut esse suscipit dolore,Aurelie_McKenzie@providenci.biz,post-84,,"enim velit consequatur excepturi corporis voluptatem nostrum
nesciunt alias perspiciatis corporis
neque at eius porro sapiente ratione maiores natus
facere molestiae vel explicabo voluptas unde",2026-09-15 19:12:35,jsonplaceholder
comment-417,comment,9,quia reiciendis nobis minima quia et saepe,May_Steuber@virgil.net,post-84,,"et vitae consectetur ut voluptatem
et et eveniet sit
incidunt tenetur voluptatem
provident occaecati exercitationem neque placeat",2026-09-15 19:12:35,jsonplaceholder
comment-418,comment,9,nesciunt voluptates amet sint et delectus et dolore culpa,Tessie@emilie.co.uk,post-84,,"animi est eveniet officiis qui
aperiam dolore occaecati enim aut reiciendis
animi ad sint labore blanditiis adipisci voluptatibus eius error
omnis rerum facere architecto occaecati rerum",2026-09-15 19:12:35,jsonplaceholder
comment-419,comment,9,omnis voluptate dolorem similique totam,Priscilla@colten.org,post-84,,"cum neque recusandae occaecati aliquam reprehenderit ullam saepe veniam
quasi ea provident tenetur architecto ad
cupiditate molestiae mollitia molestias debitis eveniet doloremque voluptatem aut
dolore consequatur nihil facere et",2026-09-15 19:12:35,jsonplaceholder
comment-420,comment,9,aut recusandae a sit voluptas explicabo nam et,Aylin@abigale.me,post-84,,"voluptas cum eum minima rem
dolorem et nemo repellendus voluptatem sit
repudiandae nulla qui recusandae nobis
blanditiis perspiciatis dolor ipsam reprehenderit odio",2026-09-15 19:12:35,jsonplaceholder
comment-421,comment,9,non eligendi ipsam provident,Holden@kenny.io,post-85,,"voluptate libero corrupti facere totam eaque consequatur nemo
enim aliquid exercitationem nulla dignissimos illo
est amet non iure
amet sed dolore non ipsam magni",2026-09-15 19:12:35,jsonplaceholder
comment-422,comment,9,sit molestiae corporis,Guillermo_Dare@dorothea.tv,post-85,,"ducimus ut ut fugiat nesciunt labore
deleniti non et aut voluptatum quidem consectetur
incidunt voluptas accusantium
quo fuga eaque quisquam et et sapiente aut",2026-09-15 19:12:35,jsonplaceholder
comment-423,comment,9,assumenda iure a,Oscar@pearline.com,post-85,,"rerum laborum voluptas ipsa enim praesentium
quisquam aliquid perspiciatis eveniet id est est facilis
atque aut facere
provident reiciendis libero atque est",2026-09-15 19:12:35,jsonplaceholder
comment-424,comment,9,molestiae dolores itaque dicta earum eligendi dolores,Jonathon_Feest@maxime.io,post-85,,"ducimus hic ea velit
dolorum soluta voluptas similique rerum
dolorum sint maxime et vel
voluptatum nesciunt et id consequatur earum sed",2026-09-15 19:12:35,jsonplaceholder
comment-425,comment,9,cumque expedita consequatur qui,Micah_Wolf@lennie.co.uk,post-85,,"labore necessitatibus et eum quas id ut
doloribus aspernatur nostrum sapiente quo aut quia
eos rerum voluptatem
numquam minima soluta velit recusandae ut",2026-09-15 19:12:35,jsonplaceholder
comment-426,comment,9,deleniti tempora non quia et aut,Shany@daisha.biz,post-86,,"reiciendis consequatur sunt atque quisquam ut sed iure
consequatur laboriosam dicta odio
quas cumque iure blanditiis ad sed ullam dignissimos
sunt et exercitationem saepe",2026-09-15 19:12:35,jsonplaceholder
comment-427,comment,9,delectus illum minus odit,Drew_Lemke@alexis.net,post-86,,"in laborum et distinctio nobis maxime
maxime id commodi eaque enim amet qui autem
debitis et porro eum dicta sapiente iusto nulla sunt
voluptate excepturi sint dolorem voluptatem quae explicabo id",2026-09-15 19:12:35,jsonplaceholder
comment-428,comment,9,voluptas dolores dolor nisi voluptatem ratione rerum,Karina.Donnelly@liam.com,post-86,,"excepturi quos omnis aliquam voluptatem iste
sit unde ab quam ipsa delectus culpa rerum
cum delectus impedit ut qui modi
asperiores qui sapiente quia facilis in iure",2026-09-15 19:12:35,jsonplaceholder
comment-429,comment,9,sed omnis dolore aperiam,Ahmed_Runolfsson@claire.name,post-86,,"ab voluptatem nobis unde
doloribus aut fugiat
consequuntur laboriosam minima inventore sint quis
delectus hic et enim sit optio consequuntur",2026-09-15 19:12:35,jsonplaceholder
comment-430,comment,9,sint ullam alias et at et,Marilou_Halvorson@kane.io,post-86,,"debitis ut maiores ut harum sed voluptas
quae amet eligendi quo quidem odit atque quisquam animi
ut autem est corporis et
sed tempora facere corrupti magnam",2026-09-15 19:12:35,jsonplaceholder
comment-431,comment,9,velit incidunt ut accusantium odit maiores quaerat,Bernie.Schoen@seamus.co.uk,post-87,,"voluptas minus fugiat vel
est quos soluta et veniam quia incidunt unde ut
laborum odio in eligendi distinctio odit repellat
nesciunt consequatur blanditiis cupiditate consequatur at et",2026-09-15 19:12:35,jsonplaceholder
comment-432,comment,9,quod quia nihil nisi perferendis laborum blanditiis tempora eos,Joesph@darryl.net,post-87,,"quam et et harum
placeat minus neque quae magni inventore saepe deleniti quisquam
suscipit dolorum error aliquid dolores
dignissimos dolorem autem natus iste molestiae est id impedit",2026-09-15 19:12:35,jsonplaceholder
comment-433,comment,9,qui ea voluptatem reiciendis enim enim nisi aut,Timmothy.Corwin@augustus.co.uk,post-87,,"voluptatem minus asperiores quasi
perspiciatis et aut blanditiis illo deserunt molestiae ab aperiam
ex minima sed omnis at
et repellat aut incidunt",2026-09-15 19:12:35,jsonplaceholder
comment-434,comment,9,doloremque eligendi quas voluptatem non quos ex,Julien_OHara@vance.io,post-87,,"ex eum at culpa quam aliquam
cupiditate et id dolorem sint quasi et quos et
omnis et qui minus est quisquam non qui rerum
quas molestiae tempore veniam",2026-09-15 19:12:35,jsonplaceholder
comment-435,comment,9,id voluptatum nulla maiores ipsa eos,Susan.Bartell@euna.org,post-87,,"reprehenderit molestias sit nemo quas culpa dolorem exercitationem
eos est voluptatem dolores est fugiat dolorem
eos aut quia et amet et beatae harum vitae
officia quia animi dicta magnam accusantium",2026-09-15 19:12:35,jsonplaceholder
comment-436,comment,9,ea illo ab et maiores eaque non nobis,Selena.Quigley@johan.co.uk,post-88,,"sit non facilis commodi sapiente officiis aut facere libero
sed voluptatum eligendi veniam velit explicabo
sint laborum sunt reprehenderit dolore id nobis accusamus
fugit voluptatem magni dolor qui dolores ipsa",2026-09-15 19:12:35,jsonplaceholder
comment-437,comment,9,magni asperiores in cupiditate,Clifton_Boehm@jacynthe.io,post-88,,"suscipit ab qui eos et commodi
quas ad maiores repellat laboriosam voluptatem exercitationem
quibusdam ullam ratione nulla
quia iste error dolorem consequatur beatae temporibus fugit",2026-09-15 19:12:35,jsonplaceholder
comment-438,comment,9,ullam autem aliquam,Lizzie_Bartell@diamond.net,post-88,,"voluptas aspernatur eveniet
quod id numquam dolores quia perspiciatis eum
et delectus quia occaecati adipisci nihil velit accusamus esse
minus aspernatur repudiandae",2026-09-15 19:12:35,jsonplaceholder
comment-439,comment,9,voluptates quasi minus dolorem itaque nemo,Yasmeen@golda.ca,post-88,,"cupiditate laborum sit reprehenderit ratione est ad
corporis rem pariatur enim et omnis dicta
nobis molestias quo corporis et nihil
sed et impedit aut quisquam natus expedita voluptate at",2026-09-15 19:12:35,jsonplaceholder
comment-440,comment,9,adipisci sapiente libero beatae quas eveniet,Adolf.Russel@clark.ca,post-88,,"ut nam ut asperiores quis
exercitationem aspernatur eligendi autem repellendus
est repudiandae quisquam rerum ad explicabo suscipit deserunt eius
alias aliquid eos pariatur rerum magnam provident iusto",2026-09-15 19:12:35,jsonplaceholder
comment-441,comment,9,nisi qui voluptates recusandae voluptas assumenda et,Elian@matilda.me,post-89,,"illum qui quis optio
quasi eius dolores et non numquam et
qui necessitatibus itaque magnam mollitia earum et
nisi voluptate eum accusamus ea",2026-09-15 19:12:35,jsonplaceholder
comment-442,comment,9,sed molestias sit voluptatibus sit aut alias sunt inventore,Salma@francis.net,post-89,,"velit ut incidunt accusantium
suscipit animi officia iusto
nemo omnis sunt nobis repellendus corporis
consequatur distinctio dolorem",2026-09-15 19:12:35,jsonplaceholder
comment-443,comment,9,illum pariatur aliquam esse nisi voluptas quisquam ea,Orlando_Dickinson@vern.org,post-89,,"reiciendis et distinctio qui totam non aperiam voluptas
veniam in dolorem pariatur itaque
voluptas adipisci velit
qui voluptates voluptas ut ullam veritatis repudiandae",2026-09-15 19:12:35,jsonplaceholder
comment-444,comment,9,incidunt aut qui quis est sit corporis pariatur qui,Elda@orval.name,post-89,,"eligendi labore aut non modi vel facere qui
accusamus qui maxime aperiam
totam et non ut repudiandae eum corrupti pariatur quia
necessitatibus et adipisci ipsa consequuntur enim et nihil vero",2026-09-15 19:12:35,jsonplaceholder
comment-445,comment,9,temporibus adipisci eveniet libero ullam,Dennis@karley.net,post-89,,"est consequuntur cumque
quo dolorem at ut dolores
consequatur quia voluptates reiciendis
vel rerum id et",2026-09-15 19:12:35,jsonplaceholder
comment-446,comment,9,dicta excepturi aut est dolor ab dolores rerum,Jedediah@mason.io,post-90,,"cum fugit earum vel et nulla et voluptatem
et ipsam aut
et nihil officia nemo eveniet accusamus
nulla aut impedit veritatis praesentium",2026-09-15 19:12:35,jsonplaceholder
comment-447,comment,9,molestiae qui quod quo,Maryam@jack.name,post-90,,"rerum omnis voluptatem harum aliquid voluptas accusamus
eius dicta animi
odio non quidem voluptas tenetur
nostrum deserunt laudantium culpa dolorum",2026-09-15 19:12:35,jsonplaceholder
comment-448,comment,9,pariatur consequatur sit commodi aliquam,Rick@carlos.tv,post-90,,"odio maxime beatae ab labore rerum
alias ipsa nam est nostrum
et debitis aut
ab molestias assumenda eaque repudiandae",2026-09-15 19:12:35,jsonplaceholder
comment-449,comment,9,sunt quia soluta quae sit deleniti dolor ullam veniam,Vallie@jerrod.net,post-90,,"dolor at accusantium eveniet
in voluptatem quam et fugiat et quasi dolores
sunt eligendi voluptatum id voluptas vitae
quibusdam iure eum perspiciatis",2026-09-15 19:12:35,jsonplaceholder
comment-450,comment,9,dolorem corporis facilis et,Adolph.Hayes@isobel.biz,post-90,,"et provident quo necessitatibus harum excepturi
sed est ut sed est doloremque labore quod
quia optio explicabo adipisci magnam doloribus
veritatis illo aut est inventore",2026-09-15 19:12:35,jsonplaceholder
comment-451,comment,10,maiores ut dolores quo sapiente nisi,Duane_Dach@demario.us,post-91,,"dolor veritatis ipsum accusamus quae voluptates sint voluptatum et
harum saepe dolorem enim
expedita placeat qui quidem aut et et est
minus odit qui possimus qui saepe",2026-09-15 19:12:35,jsonplaceholder
comment-452,comment,10,quia excepturi in harum repellat consequuntur est vel qui,General@schuyler.org,post-91,,"ratione sequi sed
earum nam aut sunt
quam cum qui
similique consequatur et est",2026-09-15 19:12:35,jsonplaceholder
comment-453,comment,10,doloremque ut est eaque,Stephania_Stanton@demond.biz,post-91,,"quidem nisi reprehenderit eligendi fugiat et et
sapiente adipisci natus nulla similique et est
esse ea accusantium sunt
deleniti molestiae perferendis quam animi similique ut",2026-09-15 19:12:35,jsonplaceholder
comment-454,comment,10,magni quos voluptatibus earum et inventore suscipit,Reinhold.Schiller@kelly.info,post-91,,"consequatur accusamus maiores dolorem impedit repellendus voluptas rerum eum
quam quia error voluptatem et
dignissimos fugit qui
et facilis necessitatibus dignissimos consequatur iusto nihil possimus",2026-09-15 19:12:35,jsonplaceholder
comment-455,comment,10,assumenda qui et aspernatur,Royce@jaiden.co.uk,post-91,,"animi qui nostrum rerum velit
voluptates sit in laborum dolorum omnis ut omnis
ea optio quia necessitatibus delectus molestias sapiente perferendis
dolores vel excepturi expedita",2026-09-15 19:12:35,jsonplaceholder
comment-456,comment,10,quod voluptatem qui qui sit sed maiores fugit,Cassie@diana.org,post-92,,"sunt ipsam illum consequuntur
quasi enim possimus unde qui beatae quo eligendi
vel quia asperiores est quae voluptate
aperiam et iste perspiciatis",2026-09-15 19:12:35,jsonplaceholder
comment-457,comment,10,ipsa animi saepe veritatis voluptatibus ad amet id aut,Jena.OKeefe@adonis.net,post-92,,"incidunt itaque enim pariatur quibusdam voluptatibus blanditiis sint
error laborum voluptas sed officiis molestiae nostrum
temporibus culpa aliquam sit
consectetur dolores tempore id accusantium dignissimos vel",2026-09-15 19:12:35,jsonplaceholder
comment-458,comment,10,fugiat consectetur saepe dicta,Magdalen@holly.io,post-92,,"eos hic deserunt necessitatibus sed id ut esse nam
hic eveniet vitae corrupti mollitia doloremque sit ratione
deleniti perspiciatis numquam est sapiente quaerat
est est sit",2026-09-15 19:12:35,jsonplaceholder
comment-459,comment,10,nesciunt numquam alias doloremque minus ipsam optio,Nyah@otho.com,post-92,,"veniam natus aut vero et aliquam doloremque
alias cupiditate non est
tempore et non vel error placeat est quisquam ea
non dolore aliquid non fuga expedita dicta ut quos",2026-09-15 19:12:35,jsonplaceholder
comment-460,comment,10,eum fugit omnis optio,Kara_Stokes@connie.co.uk,post-92,,"qui qui deserunt expedita at
provident sequi veritatis sit qui nam tempora mollitia ratione
corporis vitae rerum pariatur unde deleniti ut eos ad
aut non quae nisi saepe",2026-09-15 19:12:35,jsonplaceholder
comment-461,comment,10,perferendis nobis praesentium accusantium culpa et et,Conner@daron.info,post-93,,"eos quidem temporibus eum
est ipsa sunt illum a facere
omnis suscipit dolorem voluptatem incidunt
tenetur deleniti aspernatur at quis",2026-09-15 19:12:35,jsonplaceholder
comment-462,comment,10,assumenda quia sint,Nathanael@jada.org,post-93,,"adipisci et accusantium hic deserunt voluptates consequatur omnis
quod dolorem voluptatibus quis velit laboriosam mollitia illo et
iure aliquam dolorem nesciunt laborum
aperiam labore repellat et maxime itaque",2026-09-15 19:12:35,jsonplaceholder
comment-463,comment,10,cupiditate quidem corporis totam tenetur rem nesciunt et,Nicklaus@talon.io,post-93,,"voluptate officiis nihil laudantium sint autem adipisci
aspernatur voluptas debitis nam omnis ut non eligendi
aliquam vel commodi velit officiis laboriosam corporis
quas aliquid aperiam autem",2026-09-15 19:12:35,jsonplaceholder
comment-464,comment,10,quisquam quaerat rerum dolor asperiores doloremque,Jerald@laura.io,post-93,,"consequatur aliquam illum quis
facere vel voluptatem rem sint atque
in nam autem impedit dolores enim
soluta rem adipisci odit sint voluptas aliquam",2026-09-15 19:12:35,jsonplaceholder
comment-465,comment,10,est sunt est nesciunt distinctio quaerat reprehenderit in vero,Jamey_Dare@johnny.org,post-93,,"ex corrupti ut pariatur voluptas illo labore non voluptates
voluptas sint et est impedit cum
in fugiat cumque eum id rerum error
ut rerum voluptates facilis molestiae et labore voluptatem corrupti",2026-09-15 19:12:35,jsonplaceholder
comment-466,comment,10,impedit autem distinctio omnis ipsam voluptas eaque,Brant@yasmin.co.uk,post-94,,"aut dignissimos eos facere velit totam
eaque aut voluptas ex similique ut ipsa est
voluptates ut tempora
quis commodi officia et consequatur cumque delectus",2026-09-15 19:12:35,jsonplaceholder
comment-467,comment,10,voluptas unde perferendis ut eaque dicta,Adrianna_Howell@molly.io,post-94,,"deleniti fuga hic autem
sed rerum non voluptate sit totam consequuntur illo
quasi quod aut ducimus dolore distinctio molestias
non velit quis debitis cumque voluptas",2026-09-15 19:12:35,jsonplaceholder
comment-468,comment,10,nam praesentium est ipsa libero aut,Amiya.Morar@emma.tv,post-94,,"facilis repellendus inventore aperiam corrupti saepe culpa velit
dolores sint ut
aut quis voluptates iure et a
neque harum quia similique sunt eum voluptatem a",2026-09-15 19:12:35,jsonplaceholder
comment-469,comment,10,vel eum quia esse sapiente,Destany@bailey.info,post-94,,"dolor unde numquam distinctio
ducimus eum hic rerum non expedita
dolores et dignissimos rerum
perspiciatis et porro est minus",2026-09-15 19:12:35,jsonplaceholder
comment-470,comment,10,deleniti vitae alias distinctio dignissimos ab accusantium pariatur dicta,Katarina.Wolff@joel.io,post-94,,"molestias incidunt eaque
numquam reprehenderit rerum ut ex ad
omnis porro maiores quaerat harum nihil non quasi ea
asperiores quisquam sunt fugiat eos natus iure adipisci",2026-09-15 19:12:35,jsonplaceholder
comment-471,comment,10,nihil ad debitis rerum optio est cumque sed voluptates,Pearline@veda.ca,post-95,,"quia non dolor
corporis consectetur velit eos quis
incidunt ut eos nesciunt repellendus voluptas voluptate sint neque
doloribus est minima autem quis velit illo ea neque",2026-09-15 19:12:35,jsonplaceholder
comment-472,comment,10,aspernatur ex dolor optio,Belle.Braun@otis.name,post-95,,"et necessitatibus earum qui velit id explicabo harum optio
dolor dolores reprehenderit in
a itaque odit esse et et id
possimus est ut consequuntur velit autem iure ut",2026-09-15 19:12:35,jsonplaceholder
comment-473,comment,10,quaerat et excepturi autem animi fuga,Eliane@libby.net,post-95,,"quod corrupti eum quisquam rerum accusantium tempora
reprehenderit qui voluptate et sunt optio et
iusto nihil amet omnis labore cumque quo
saepe omnis aut quia consectetur",2026-09-15 19:12:35,jsonplaceholder
comment-474,comment,10,natus consequatur deleniti ipsum delectus,Trey.Harber@christop.biz,post-95,,"tempora sint qui iste itaque non neque qui suscipit
enim quas rerum totam impedit
esse nulla praesentium natus explicabo doloremque atque maxime
mollitia impedit dolorem occaecati officia in provident eos",2026-09-15 19:12:35,jsonplaceholder
comment-475,comment,10,cumque consequuntur excepturi consequatur consequatur est,Kailyn@ivory.info,post-95,,"ut in nostrum
ut et incidunt et minus nulla perferendis libero delectus
nulla nemo deleniti
deleniti facere autem vero velit non molestiae assumenda",2026-09-15 19:12:35,jsonplaceholder
comment-476,comment,10,quia hic adipisci modi fuga aperiam,Amely.Kunde@rodrigo.co.uk,post-96,,"officia quas aut culpa eum
eaque quia rem unde ea quae reiciendis omnis
excepturi nemo est vel sequi accusantium tenetur at earum
et rerum quisquam temporibus cupiditate",2026-09-15 19:12:35,jsonplaceholder
comment-477,comment,10,ut occaecati non,Thaddeus.Halvorson@ruthe.ca,post-96,,"nulla veniam quo consequuntur ullam
autem nisi error aut facere distinctio rerum quia tempore
velit distinctio occaecati ducimus
ratione similique doloribus",2026-09-15 19:12:35,jsonplaceholder
comment-478,comment,10,quo error dignissimos numquam qui nam fugit voluptates et,Hannah@emma.ca,post-96,,"non similique illo
quia et rem placeat reprehenderit voluptas
velit officiis fugit blanditiis nihil
ab deserunt ullam",2026-09-15 19:12:35,jsonplaceholder
comment-479,comment,10,distinctio minima error aspernatur reiciendis inventore quo,Maryam.Mann@thelma.info,post-96,,"totam explicabo harum quam impedit sunt
doloremque consectetur id et minima eos incidunt quibusdam omnis
saepe maiores officiis eligendi alias sint est aut cumque
debitis cumque hic aut ut dolorum",2026-09-15 19:12:35,jsonplaceholder
comment-480,comment,10,accusantium quo error repudiandae,Michel@keira.us,post-96,,"tenetur qui ut
architecto officiis voluptatem velit eos molestias incidunt eum dolorum
distinctio quam et
sequi consequatur nihil voluptates animi",2026-09-15 19:12:35,jsonplaceholder
comment-481,comment,10,recusandae dolor similique autem saepe voluptate aut vel sit,Domenick@russell.ca,post-97,,"dignissimos nobis vitae corporis delectus eligendi et ut ut
amet laudantium neque
et quia cupiditate debitis aliquid
dolorem aspernatur libero aut autem quo et",2026-09-15 19:12:35,jsonplaceholder
comment-482,comment,10,placeat eveniet sunt ut quis,Chanelle@samson.me,post-97,,"aliquid natus voluptas doloremque fugiat ratione adipisci
unde eum facilis enim omnis ipsum nobis nihil praesentium
ut blanditiis voluptatem veniam
tenetur fugit et distinctio aspernatur",2026-09-15 19:12:35,jsonplaceholder
comment-483,comment,10,a ipsa nihil sed impedit,Hermann.Kunde@rosina.us,post-97,,"quos aut rerum nihil est et
dolores commodi voluptas voluptatem excepturi et
et expedita dignissimos atque aut reprehenderit
quis quo soluta",2026-09-15 19:12:35,jsonplaceholder
comment-484,comment,10,hic inventore sint aut,Olen@bryce.net,post-97,,"vel libero quo sit vitae
id nesciunt ipsam non a aut enim itaque totam
illum est cupiditate sit
nam exercitationem magnam veniam",2026-09-15 19:12:35,jsonplaceholder
comment-485,comment,10,enim asperiores illum,Lorenza.Carter@consuelo.ca,post-97,,"soluta quia porro mollitia eos accusamus
voluptatem illo perferendis earum quia
quo sed ipsam in omnis cum earum tempore eos
voluptatem illum doloremque corporis ipsam facere",2026-09-15 19:12:35,jsonplaceholder
comment-486,comment,10,et aut qui eaque porro quo quis velit rerum,Lamont@georgiana.biz,post-98,,"iste maxime et molestiae
qui aliquam doloremque earum beatae repellat
in aut eum libero eos itaque pariatur exercitationem
vel quam non",2026-09-15 19:12:35,jsonplaceholder
comment-487,comment,10,sunt omnis aliquam labore eveniet,Colin_Gutkowski@muriel.net,post-98,,"sint delectus nesciunt ipsum et aliquid et libero
aut suscipit et molestiae nemo pariatur sequi
repudiandae ea placeat neque quas eveniet
mollitia quae laboriosam",2026-09-15 19:12:35,jsonplaceholder
comment-488,comment,10,quo neque dolorem dolorum non incidunt,Albert@johnny.biz,post-98,,"aut sunt recusandae laboriosam omnis asperiores et
nulla ipsum rerum quis doloremque rerum optio mollitia provident
sed iste aut id
numquam repudiandae veritatis",2026-09-15 19:12:35,jsonplaceholder
comment-489,comment,10,aut quia et corporis voluptas quisquam voluptatem,Hilma.Kutch@ottilie.info,post-98,,"et dolorem sit
reprehenderit sapiente occaecati iusto sit impedit nobis ut quia
maiores debitis pariatur nostrum et aut
assumenda error qui deserunt laborum quaerat et",2026-09-15 19:12:35,jsonplaceholder
comment-490,comment,10,et eum provident maxime beatae minus et doloremque perspiciatis,Donnie@alfreda.biz,post-98,,"minus nihil sunt dolor
ipsum a illum quis
quasi officiis cupiditate architecto sit consequatur ut
et sed quasi quam doloremque",2026-09-15 19:12:35,jsonplaceholder
comment-491,comment,10,eos enim odio,Maxwell@adeline.me,post-99,,"natus commodi debitis cum ex rerum alias quis
maxime fugiat fugit sapiente distinctio nostrum tempora
possimus quod vero itaque enim accusantium perferendis
fugit ut eum labore accusantium voluptas",2026-09-15 19:12:35,jsonplaceholder
comment-492,comment,10,consequatur alias ab fuga tenetur maiores modi,Amina@emmet.org,post-99,,"iure deleniti aut consequatur necessitatibus
id atque voluptas mollitia
voluptates doloremque dolorem
repudiandae hic enim laboriosam consequatur velit minus",2026-09-15 19:12:35,jsonplaceholder
comment-493,comment,10,ut praesentium sit eos rerum tempora,Gilda@jacques.org,post-99,,"est eos doloremque autem
similique sint fuga atque voluptate est
minus tempore quia asperiores aliquam et corporis voluptatem
consequatur et eum illo aut qui molestiae et amet",2026-09-15 19:12:35,jsonplaceholder
comment-494,comment,10,molestias facere soluta mollitia totam dolorem commodi itaque,Kadin@walter.io,post-99,,"est illum quia alias ipsam minus
ut quod vero aut magni harum quis
ab minima voluptates nemo non sint quis
distinctio officia ea et maxime",2026-09-15 19:12:35,jsonplaceholder
comment-495,comment,10,dolor ut ut aut molestiae esse et tempora numquam,Alice_Considine@daren.com,post-99,,"pariatur occaecati ea autem at quis et dolorem similique
pariatur ipsa hic et saepe itaque cumque repellendus vel
et quibusdam qui aut nemo et illo
qui non quod officiis aspernatur qui optio",2026-09-15 19:12:35,jsonplaceholder
comment-496,comment,10,et occaecati asperiores quas voluptas ipsam nostrum,Zola@lizzie.com,post-100,,"neque unde voluptatem iure
odio excepturi ipsam ad id
ipsa sed expedita error quam
voluptatem tempora necessitatibus suscipit culpa veniam porro iste vel",2026-09-15 19:12:35,jsonplaceholder
comment-497,comment,10,doloribus dolores ut dolores occaecati,Dolly@mandy.co.uk,post-100,,"non dolor consequatur
laboriosam ut deserunt autem odit
libero dolore non nesciunt qui
aut est consequatur quo dolorem",2026-09-15 19:12:35,jsonplaceholder
comment-498,comment,10,dolores minus aut libero,Davion@eldora.net,post-100,,"aliquam pariatur suscipit fugiat eos sunt
optio voluptatem eveniet rerum dignissimos
quia aut beatae
modi consequatur qui rerum sint veritatis deserunt est",2026-09-15 19:12:35,jsonplaceholder
comment-499,comment,10,excepturi sunt cum a et rerum quo voluptatibus quia,Wilburn_Labadie@araceli.name,post-100,,"et necessitatibus tempora ipsum quaerat inventore est quasi quidem
ea repudiandae laborum omnis ab reprehenderit ut
ratione sit numquam culpa a rem
atque aut et",2026-09-15 19:12:35,jsonplaceholder
comment-500,comment,10,ex eaque eum natus,Emma@joanny.ca,post-100,,"perspiciatis quis doloremque
veniam nisi eos velit sed
id totam inventore voluptatem laborum et eveniet
aut aut aut maxime quia temporibus ut omnis",2026-09-15 19:12:35,jsonplaceholder
