customer_id,segment,region,plan,acquisition_channel,seats,mrr,tenure_days,monthly_active_days,support_tickets_90d,nps_score,feature_adoption_score,payment_failures_90d,lifetime_revenue,txn_count,total_tickets,customer_health_score,is_churned
C000001,Enterprise,Europe,Business,Paid Search,328,174.64,1333,22.0,4,4.7,0.218,0,4685.29,26,4,55.7,0
C000002,SMB,APAC,Free,Sales,14,0.0,354,14.0,1,30.3,0.355,1,20.47,8,2,57.7,0
C000003,Startup,North America,Starter,Organic,4,24.69,524,22.0,3,64.1,0.658,0,272.28,10,5,76.3,0
C000004,Startup,Europe,Business,Partner,2,223.92,833,5.0,0,88.3,0.343,0,5074.59,23,1,58.6,0
C000005,Mid-Market,Europe,Pro,Paid Search,71,70.25,841,7.0,1,1.1,0.34,1,918.6999999999999,12,1,48.1,0
C000006,Enterprise,APAC,Free,Partner,320,0.0,233,2.0,0,43.3,0.634,0,30.1,4,1,60.1,0
C000007,Startup,LATAM,Pro,Partner,4,73.52,1338,18.0,2,30.2,0.201,1,1887.8899999999999,26,2,55.1,1
C000008,Startup,APAC,Pro,Organic,7,75.13,463,20.0,0,32.5,0.228,0,805.11,11,0,62.9,0
C000009,SMB,Europe,Business,Referral,14,213.05,1172,7.0,3,15.3,0.188,0,5012.95,24,4,43.9,0
C000010,SMB,Europe,Pro,Organic,22,88.44,1326,10.0,1,53.9,0.464,0,3191.04,34,1,61.7,0
C000011,SMB,Europe,Free,Referral,12,0.0,708,15.0,3,52.6,0.623,0,87.05,16,3,67.8,0
C000012,SMB,Europe,Starter,Organic,14,26.84,65,21.0,0,98.1,0.283,0,80.16,3,1,72.0,0
C000013,Enterprise,North America,Starter,Partner,103,27.09,408,8.0,1,2.0,0.42,1,167.14,7,1,51.4,0
C000014,Enterprise,APAC,Pro,Paid Search,377,87.91,372,13.0,2,-8.7,0.814,0,223.12,3,3,67.2,0
C000015,Mid-Market,APAC,Pro,Partner,52,68.43,435,5.0,2,86.4,0.449,0,618.51,10,2,58.6,0
C000016,Startup,Europe,Business,Organic,4,195.09,336,22.0,0,33.7,0.615,0,1648.58,9,0,76.5,0
C000017,Mid-Market,APAC,Pro,Partner,78,72.38,727,24.0,0,23.6,0.339,0,971.76,14,0,69.0,0
C000018,Mid-Market,Europe,Starter,Organic,46,27.75,1277,20.0,0,39.7,0.127,0,801.43,29,0,60.6,0
C000019,SMB,North America,Free,Paid Search,6,0.0,260,22.0,0,0.1,0.427,0,22.38,4,3,67.5,0
C000020,Mid-Market,North America,Starter,Referral,64,31.44,816,21.0,1,44.4,0.325,1,326.78000000000003,11,1,64.4,1
C000021,Mid-Market,North America,Starter,Paid Search,72,26.84,745,23.0,0,33.0,0.564,0,271.07,12,1,75.8,0
C000022,SMB,North America,Pro,Paid Search,19,88.5,930,12.0,1,61.8,0.64,1,1151.01,14,2,67.6,0
C000023,Mid-Market,Europe,Enterprise,Partner,35,5939.47,1199,5.0,2,56.4,0.544,0,191639.68,32,2,58.4,0
C000024,SMB,North America,Starter,Paid Search,19,27.2,135,26.0,2,58.5,0.295,1,0.0,0,2,67.9,0
C000025,Startup,North America,Pro,Referral,3,68.7,343,0.0,0,39.8,0.078,1,473.13,6,0,39.3,0
C000026,Mid-Market,North America,Starter,Paid Search,31,26.15,540,11.0,0,75.1,0.238,1,154.67000000000002,7,3,57.5,1
C000027,Startup,APAC,Pro,Sales,7,79.49,885,20.0,1,49.4,0.204,0,1107.48,14,2,62.4,1
C000028,Startup,APAC,Free,Referral,4,0.0,284,22.0,1,21.7,0.307,1,47.5,7,1,62.5,0
C000029,Startup,North America,Pro,Paid Search,1,76.25,681,19.0,0,14.8,0.085,0,794.85,11,0,56.0,0
C000030,SMB,North America,Starter,Paid Search,17,28.13,826,13.0,2,17.6,0.257,0,457.62,18,2,53.1,0
C000031,SMB,North America,Starter,Partner,12,32.61,816,25.0,0,49.7,0.285,1,424.37,12,0,68.8,0
C000032,SMB,North America,Pro,Referral,13,77.26,1136,6.0,2,1.7,0.252,0,1704.1499999999999,22,2,45.1,0
C000033,SMB,North America,Starter,Organic,16,26.13,1329,3.0,0,38.9,0.398,1,725.24,29,1,51.5,0
C000034,Enterprise,North America,Pro,Organic,82,71.48,667,17.0,1,14.2,0.508,0,1045.76,14,1,65.3,0
C000035,Startup,North America,Starter,Organic,5,32.05,191,8.0,0,3.7,0.418,0,29.78,1,1,55.1,0
C000036,SMB,LATAM,Enterprise,Referral,4,635.35,1369,13.0,1,7.7,0.318,0,18949.36,30,1,55.4,0
C000037,SMB,Europe,Starter,Referral,18,31.47,233,12.0,1,34.4,0.474,0,156.07,4,1,61.9,0
C000038,Mid-Market,APAC,Pro,Organic,20,80.72,277,7.0,1,54.1,0.471,2,766.38,8,1,55.3,0
C000039,Enterprise,North America,Business,Paid Search,486,181.68,1065,27.0,0,18.1,0.101,2,3275.58,19,0,59.9,0
C000040,SMB,North America,Pro,Referral,20,73.05,557,10.0,2,-16.9,0.31,0,1106.43,14,3,48.5,0
C000041,SMB,LATAM,Starter,Sales,22,25.84,1224,18.0,0,100.0,0.182,0,782.09,31,1,66.5,0
C000042,SMB,North America,Pro,Organic,4,69.54,376,4.0,3,62.9,0.174,0,677.63,8,3,45.6,0
C000043,Mid-Market,Europe,Free,Paid Search,79,0.0,459,27.0,0,58.3,0.205,0,10.99,7,0,71.1,0
C000044,Mid-Market,LATAM,Pro,Paid Search,19,85.88,954,27.0,1,75.7,0.659,0,1514.46,18,1,84.9,0
C000045,SMB,Europe,Starter,Partner,10,30.61,1363,1.0,0,37.3,0.749,0,1084.86,34,1,62.1,0
C000046,Mid-Market,North America,Business,Organic,19,223.09,72,18.0,1,31.6,0.31,0,476.78,2,1,62.0,0
C000047,Startup,Europe,Business,Organic,6,223.27,823,16.0,1,68.9,0.289,0,3389.2200000000003,15,1,63.3,0
C000048,Mid-Market,North America,Starter,Referral,54,32.88,183,4.0,3,68.7,0.658,0,149.78,4,4,60.7,0
C000049,Mid-Market,North America,Free,Paid Search,53,0.0,491,21.0,1,50.4,0.661,1,0.0,5,1,75.1,1
C000050,Mid-Market,North America,Starter,Organic,49,28.81,347,21.0,1,57.1,0.374,1,275.17,10,1,67.2,0
C000051,SMB,APAC,Pro,Paid Search,4,75.39,374,23.0,0,4.0,0.413,0,1001.67,14,0,68.3,0
C000052,SMB,Europe,Starter,Organic,21,25.34,1182,16.0,0,28.6,0.6,0,725.02,29,0,70.1,0
C000053,SMB,North America,Pro,Paid Search,13,89.33,940,19.0,1,77.6,0.685,2,1377.32,16,2,74.8,0
C000054,Startup,North America,Pro,Paid Search,4,73.92,793,20.0,3,55.1,0.559,0,750.08,10,3,70.6,0
C000055,Mid-Market,APAC,Enterprise,Organic,72,10311.26,749,21.0,1,-1.6,0.197,0,197293.91999999998,18,2,58.0,0
C000056,SMB,LATAM,Starter,Organic,20,25.39,1398,16.0,2,21.7,0.7,0,699.75,28,3,69.5,0
C000057,Enterprise,North America,Free,Sales,171,0.0,679,20.0,0,73.5,0.141,0,26.909999999999997,12,0,64.4,0
C000058,Mid-Market,North America,Starter,Sales,43,32.08,1240,1.0,1,46.4,0.622,0,734.81,23,2,57.7,0
C000059,SMB,APAC,Pro,Organic,9,89.64,397,17.0,0,39.5,0.336,0,728.35,7,1,64.2,0
C000060,Enterprise,APAC,Starter,Partner,265,26.83,484,5.0,0,40.3,0.199,0,102.41,4,2,49.5,0
C000061,SMB,LATAM,Starter,Organic,9,31.95,141,11.0,0,32.9,0.39,1,0.0,0,0,57.8,1
C000062,SMB,North America,Starter,Referral,7,29.77,395,21.0,4,21.9,0.486,0,242.72,8,6,64.5,1
C000063,SMB,North America,Business,Referral,22,186.43,936,3.0,0,14.2,0.346,0,2493.57,13,1,49.5,0
C000064,SMB,Europe,Enterprise,Partner,4,599.68,77,21.0,1,60.3,0.71,0,925.72,2,2,79.6,0
C000065,SMB,North America,Starter,Partner,12,28.12,873,7.0,1,40.9,0.886,0,763.58,27,2,70.4,0
C000066,Mid-Market,APAC,Starter,Paid Search,52,25.89,995,21.0,1,52.7,0.469,2,601.01,25,1,67.6,0
C000067,Enterprise,North America,Starter,Organic,433,30.3,166,21.0,2,48.7,0.229,0,62.42,2,2,62.5,0
C000068,Enterprise,Europe,Starter,Paid Search,214,24.94,931,0.0,4,70.2,0.319,0,632.1999999999999,25,4,45.6,0
C000069,SMB,LATAM,Enterprise,Organic,11,1963.72,1351,6.0,1,46.4,0.117,0,52689.33,25,1,47.0,0
C000070,Startup,LATAM,Pro,Partner,1,85.1,789,22.0,2,55.6,0.569,1,1266.91,16,3,72.3,0
C000071,Enterprise,Europe,Pro,Paid Search,461,75.29,323,9.0,0,39.2,0.151,0,253.8,3,0,51.5,0
C000072,SMB,LATAM,Enterprise,Organic,10,1595.55,1190,12.0,2,11.3,0.116,0,43216.28,29,3,47.3,0
C000073,SMB,North America,Pro,Partner,9,76.98,798,0.0,0,29.4,0.307,0,1083.35,16,0,47.2,0
C000074,Startup,North America,Starter,Referral,7,32.93,1275,19.0,0,49.7,0.25,0,993.4,30,2,64.4,0
C000075,SMB,North America,Pro,Partner,17,78.78,479,2.0,1,51.9,0.123,0,596.54,7,1,44.2,0
C000076,SMB,LATAM,Starter,Paid Search,22,32.89,780,7.0,1,71.3,0.473,0,416.56,13,1,61.1,0
C000077,SMB,LATAM,Starter,Referral,24,31.44,988,13.0,0,23.5,0.364,0,659.01,21,3,59.9,0
C000078,Startup,North America,Enterprise,Organic,7,1211.18,1136,21.0,0,40.6,0.393,0,28401.08,23,0,69.6,0
C000079,Mid-Market,North America,Starter,Partner,39,30.82,653,13.0,0,31.8,0.589,1,283.51,9,3,65.5,0
C000080,Startup,North America,Pro,Paid Search,5,83.18,503,27.0,4,75.6,0.307,0,609.17,8,7,69.9,0
C000081,Enterprise,North America,Starter,Organic,337,28.1,116,14.0,3,44.4,0.401,0,27.99,1,3,59.5,1
C000082,Startup,APAC,Starter,Sales,7,25.54,835,7.0,1,44.9,0.344,1,590.98,23,1,52.6,0
C000083,Enterprise,North America,Pro,Paid Search,143,79.08,1231,5.0,0,34.1,0.2,1,1561.03,19,0,46.9,1
C000084,Mid-Market,APAC,Business,Paid Search,32,215.9,270,21.0,1,29.4,0.473,0,420.58,2,3,69.4,0
C000085,Enterprise,Europe,Pro,Organic,144,70.07,560,12.0,1,-1.2,0.664,1,538.23,7,1,62.0,0
C000086,SMB,North America,Starter,Sales,19,28.77,459,16.0,2,3.5,0.487,0,460.65,16,2,61.2,0
C000087,Mid-Market,North America,Free,Referral,46,0.0,1321,10.0,1,39.5,0.649,1,132.53,25,1,63.8,0
C000088,Mid-Market,LATAM,Pro,Organic,38,77.88,1014,7.0,1,36.4,0.2,0,1152.66,14,1,49.4,0
C000089,SMB,Europe,Pro,Partner,21,71.97,362,16.0,0,39.6,0.376,0,655.53,9,1,64.5,0
C000090,SMB,Europe,Business,Organic,19,209.59,270,8.0,0,58.5,0.305,0,316.86,2,0,57.1,0
C000091,SMB,North America,Pro,Referral,13,82.45,838,27.0,2,37.3,0.815,0,1716.38,21,2,84.3,0
C000092,Startup,LATAM,Business,Paid Search,5,194.79,310,20.0,2,26.3,0.295,1,499.93,2,2,59.3,0
C000093,SMB,APAC,Business,Organic,3,184.17,257,22.0,0,29.8,0.381,0,1403.23,7,0,69.1,0
C000094,Mid-Market,APAC,Starter,Partner,57,27.08,906,7.0,0,41.1,0.578,0,505.65,20,0,62.7,0
C000095,Mid-Market,Europe,Pro,Sales,60,71.83,176,0.0,0,25.5,0.435,1,243.46,3,0,48.6,1
C000096,Startup,APAC,Business,Paid Search,7,226.85,1048,1.0,3,61.6,0.292,0,4300.95,22,3,46.3,0
C000097,Enterprise,North America,Enterprise,Organic,182,26727.8,1118,24.0,1,34.7,0.354,1,624685.76,22,2,67.0,0
C000098,SMB,APAC,Starter,Sales,11,28.35,485,24.0,0,41.3,0.142,0,342.58,12,0,64.8,0
C000099,Startup,Europe,Pro,Organic,2,79.04,550,19.0,0,14.6,0.046,0,694.7,8,0,54.8,0
C000100,Startup,Europe,Starter,Paid Search,6,30.49,1261,16.0,3,61.6,0.297,2,882.87,28,3,55.9,1
C000101,SMB,LATAM,Business,Paid Search,18,214.0,270,5.0,0,71.0,0.363,1,396.59,2,1,55.5,0
C000102,SMB,LATAM,Enterprise,Organic,24,3703.33,1175,21.0,2,0.9,0.217,1,66955.55,17,2,55.4,0
C000103,SMB,Europe,Enterprise,Organic,16,2569.98,309,14.0,1,45.0,0.647,2,16203.5,7,1,65.9,0
C000104,SMB,Europe,Starter,Organic,8,32.48,1450,16.0,2,32.3,0.374,1,1253.85,37,3,58.7,0
C000105,Enterprise,APAC,Starter,Organic,422,25.65,321,0.0,0,42.1,0.097,1,314.09000000000003,13,0,40.1,0
C000106,Mid-Market,LATAM,Business,Paid Search,58,195.53,335,14.0,0,46.3,0.296,0,890.57,4,0,61.0,0
C000107,SMB,APAC,Pro,Referral,6,71.64,345,19.0,2,-20.9,0.161,0,428.98,7,3,51.7,0
C000108,Mid-Market,North America,Enterprise,Organic,74,10214.99,510,21.0,0,54.0,0.483,0,67699.41,7,0,73.6,0
C000109,SMB,North America,Starter,Referral,19,26.0,786,4.0,1,62.8,0.653,0,282.75,12,2,62.9,0
C000110,Mid-Market,APAC,Business,Paid Search,73,184.02,452,0.0,1,65.6,0.226,0,1785.37,9,1,46.8,0
C000111,Startup,APAC,Pro,Organic,5,80.51,1064,23.0,2,11.4,0.336,1,2000.23,23,2,61.8,0
C000112,Startup,APAC,Starter,Paid Search,5,31.32,344,8.0,2,34.2,0.376,0,175.73,5,2,53.8,1
C000113,SMB,Europe,Free,Organic,4,0.0,666,13.0,2,21.5,0.572,0,99.91,13,2,62.9,0
C000114,SMB,Europe,Pro,Partner,19,89.86,804,17.0,1,-12.9,0.46,0,1923.93,22,1,61.2,0
C000115,Mid-Market,Europe,Starter,Paid Search,32,32.3,737,13.0,2,19.5,0.373,0,373.52,11,2,56.7,0
C000116,SMB,APAC,Business,Partner,3,199.9,647,26.0,3,7.9,0.266,0,2643.5,13,3,62.5,0
C000117,Mid-Market,North America,Pro,Sales,57,77.2,1407,23.0,0,43.4,0.29,0,2079.02,29,0,68.6,0
C000118,Startup,APAC,Pro,Organic,4,77.82,1261,11.0,1,-5.8,0.21,1,2517.21,35,2,47.0,0
C000119,Startup,APAC,Starter,Sales,7,33.05,1109,5.0,3,10.5,0.169,0,960.26,29,3,41.1,0
C000120,Startup,APAC,Enterprise,Organic,4,656.34,1297,27.0,4,22.0,0.355,0,14764.82,22,4,66.0,0
C000121,Startup,North America,Pro,Organic,4,84.81,832,19.0,1,54.3,0.828,0,1260.02,15,4,80.7,0
C000122,Startup,APAC,Business,Organic,1,173.03,505,21.0,0,100.0,0.851,1,1657.27,9,0,87.3,0
C000123,Mid-Market,North America,Business,Referral,56,227.29,525,12.0,0,42.6,0.392,0,2760.2,12,2,61.7,0
C000124,Startup,North America,Pro,Partner,1,79.49,787,13.0,1,9.2,0.549,1,1231.25,15,2,60.5,0
C000125,SMB,Europe,Enterprise,Sales,7,1153.05,238,5.0,0,18.0,0.429,0,5019.64,5,2,54.1,0
C000126,SMB,North America,Pro,Referral,22,86.3,652,12.0,0,51.5,0.687,1,952.19,12,2,69.5,0
C000127,SMB,LATAM,Pro,Paid Search,10,69.15,1347,15.0,2,1.3,0.464,0,1818.17,26,2,59.4,0
C000128,Mid-Market,LATAM,Starter,Sales,76,24.76,367,3.0,4,62.4,0.211,0,194.61,8,5,44.2,0
C000129,Mid-Market,North America,Starter,Sales,77,32.96,639,17.0,1,41.8,0.276,0,393.40999999999997,12,2,61.1,0
C000130,Mid-Market,APAC,Business,Referral,53,181.89,553,17.0,2,31.9,0.212,0,1061.87,6,2,56.7,0
C000131,Enterprise,Europe,Starter,Partner,355,25.57,652,23.0,5,-7.1,0.289,1,173.43,6,5,54.0,1
C000132,SMB,APAC,Pro,Referral,10,89.33,669,1.0,1,58.0,0.652,0,1470.82,18,1,59.8,0
C000133,Startup,APAC,Enterprise,Organic,6,922.94,1331,6.0,0,16.0,0.327,0,25259.72,29,0,51.8,0
C000134,SMB,Europe,Starter,Sales,9,32.08,661,12.0,1,38.8,0.737,0,416.93,15,2,70.2,0
C000135,SMB,North America,Free,Sales,17,0.0,324,24.0,2,31.1,0.188,0,31.42,8,2,62.2,0
C000136,SMB,North America,Pro,Partner,15,71.81,1026,6.0,3,-4.6,0.279,0,1482.82,21,3,43.8,0
C000137,SMB,Europe,Free,Organic,9,0.0,598,27.0,2,29.2,0.389,0,55.129999999999995,13,2,70.7,0
C000138,Mid-Market,LATAM,Business,Organic,56,171.49,1416,26.0,0,4.7,0.644,1,5490.82,31,1,76.0,0
C000139,Startup,Europe,Pro,Sales,1,73.7,964,2.0,0,18.7,0.211,0,1500.99,21,0,45.0,0
C000140,Mid-Market,North America,Pro,Referral,32,71.37,836,10.0,0,45.8,0.219,1,1178.43,16,1,53.1,0
C000141,SMB,North America,Pro,Referral,21,88.52,55,7.0,2,52.6,0.594,1,116.52,1,2,59.3,0
C000142,SMB,LATAM,Pro,Sales,20,89.16,1154,13.0,1,34.5,0.345,0,1730.1,21,2,58.9,0
C000143,SMB,North America,Starter,Paid Search,24,28.5,1065,25.0,0,12.9,0.413,0,378.40999999999997,15,0,71.0,0
C000144,Startup,APAC,Starter,Sales,4,27.72,876,10.0,4,18.8,0.406,0,565.98,19,4,52.0,0
C000145,Mid-Market,APAC,Starter,Organic,55,28.2,41,18.0,2,18.4,0.598,1,88.07000000000001,3,5,65.9,0
C000146,Startup,North America,Business,Organic,6,218.92,240,3.0,0,-18.4,0.517,0,141.83,1,0,51.3,1
C000147,SMB,North America,Free,Paid Search,22,0.0,1411,15.0,1,36.8,0.507,0,266.59,28,1,65.8,0
C000148,SMB,North America,Starter,Paid Search,24,25.96,1126,9.0,0,-6.7,0.632,0,559.01,21,0,61.3,0
C000149,SMB,North America,Starter,Paid Search,13,27.09,286,25.0,0,36.9,0.5,0,296.18,12,0,76.0,0
C000150,Startup,APAC,Starter,Referral,1,29.72,1377,21.0,1,-1.5,0.573,0,858.8,28,1,69.3,0
C000151,Startup,APAC,Free,Organic,6,0.0,237,6.0,3,4.8,0.346,1,33.7,2,3,44.7,1
C000152,SMB,North America,Business,Referral,18,228.28,1058,17.0,2,51.7,0.19,0,5825.54,26,2,58.0,0
C000153,Startup,Europe,Free,Organic,3,0.0,148,9.0,1,35.6,0.216,0,0.0,5,1,51.6,1
C000154,SMB,North America,Pro,Referral,16,75.61,1041,12.0,4,-12.1,0.284,0,1835.71,22,5,47.0,0
C000155,SMB,North America,Starter,Organic,13,27.33,839,12.0,2,21.0,0.481,1,551.2,19,3,57.2,0
C000156,Startup,APAC,Pro,Referral,1,68.15,514,22.0,2,41.5,0.279,0,855.9300000000001,12,4,64.2,0
C000157,Mid-Market,APAC,Starter,Partner,48,31.54,1280,8.0,1,19.5,0.284,0,595.8199999999999,19,3,51.1,0
C000158,SMB,APAC,Business,Paid Search,20,194.58,664,0.0,0,26.4,0.058,0,2051.26,10,0,39.4,0
C000159,Enterprise,North America,Enterprise,Organic,341,56358.01,738,5.0,0,41.1,0.281,0,745345.11,15,2,52.0,0
C000160,Mid-Market,Europe,Starter,Organic,75,28.58,340,23.0,1,36.1,0.403,0,315.54,10,1,69.7,0
C000161,Startup,Europe,Enterprise,Paid Search,6,920.29,36,8.0,0,10.2,0.523,0,1260.99,1,0,58.9,0
C000162,Mid-Market,LATAM,Starter,Organic,74,25.85,511,1.0,3,35.6,0.426,0,269.24,10,3,47.7,1
C000163,Mid-Market,Europe,Pro,Organic,68,88.27,875,11.0,0,27.8,0.289,0,1796.69,20,2,56.3,0
C000164,Mid-Market,LATAM,Pro,Referral,68,69.98,879,24.0,1,78.1,0.638,0,1498.81,20,1,81.9,0
C000165,SMB,North America,Starter,Organic,11,29.68,863,24.0,2,32.4,0.891,0,399.43,13,2,83.4,0
C000166,Startup,Europe,Starter,Organic,6,33.14,296,26.0,1,38.4,0.617,0,226.61,6,1,79.1,0
C000167,Startup,APAC,Free,Paid Search,5,0.0,1001,19.0,0,41.5,0.63,0,81.97,21,0,75.0,0
C000168,Enterprise,North America,Pro,Paid Search,480,78.46,1222,22.0,2,26.9,0.097,1,1623.33,24,2,55.2,0
C000169,SMB,Europe,Starter,Paid Search,22,31.14,982,21.0,1,17.0,0.607,0,583.23,21,1,72.2,0
C000170,SMB,Europe,Business,Partner,18,184.48,1428,0.0,3,46.5,0.344,0,5689.7,33,4,45.5,0
C000171,SMB,LATAM,Starter,Partner,15,26.61,1309,11.0,2,46.7,0.441,0,663.37,23,4,59.7,1
C000172,SMB,North America,Enterprise,Paid Search,8,1129.1,1332,14.0,0,87.1,0.362,1,40365.31,36,1,65.1,0
C000173,Mid-Market,LATAM,Free,Paid Search,52,0.0,357,12.0,0,53.6,0.582,0,26.46,3,2,68.5,1
C000174,SMB,Europe,Pro,Organic,9,73.85,428,23.0,0,54.0,0.541,0,517.3,8,0,77.2,0
C000175,SMB,Europe,Starter,Referral,4,30.56,464,27.0,1,52.9,0.608,0,466.0,14,3,81.1,0
C000176,SMB,Europe,Starter,Paid Search,21,25.3,800,15.0,2,17.7,0.093,0,274.6,11,2,50.0,0
C000177,SMB,North America,Free,Referral,23,0.0,435,2.0,2,3.6,0.416,0,11.79,7,3,46.6,1
C000178,Startup,LATAM,Pro,Partner,1,77.28,1230,10.0,0,9.9,0.314,0,2035.16,26,0,54.3,0
C000179,SMB,LATAM,Starter,Partner,9,29.47,173,5.0,2,52.2,0.438,0,77.14,3,3,54.8,0
C000180,Mid-Market,LATAM,Pro,Paid Search,70,74.55,744,13.0,4,70.5,0.49,2,1076.68,14,5,58.4,0
C000181,Startup,LATAM,Enterprise,Sales,6,1004.61,119,6.0,0,53.4,0.382,0,1441.8899999999999,2,0,57.2,0
C000182,Startup,Europe,Starter,Paid Search,1,31.23,1243,2.0,1,30.8,0.233,0,765.76,23,2,45.4,0
C000183,Mid-Market,Europe,Free,Paid Search,31,0.0,749,4.0,1,76.9,0.252,1,85.89,13,2,50.3,1
C000184,SMB,APAC,Free,Sales,11,0.0,465,13.0,1,23.9,0.501,0,10.45,6,2,62.5,0
C000185,Mid-Market,North America,Free,Partner,48,0.0,752,3.0,1,6.3,0.719,0,36.99,11,3,58.4,0
C000186,SMB,APAC,Pro,Paid Search,16,82.54,822,0.0,2,41.3,0.62,0,1258.1299999999999,14,4,54.7,0
C000187,Mid-Market,Europe,Business,Organic,33,200.59,1223,7.0,1,67.3,0.499,0,4096.79,20,1,61.4,0
C000188,SMB,Europe,Starter,Organic,15,25.46,916,18.0,4,13.9,0.691,0,530.4300000000001,20,5,67.2,0
C000189,Mid-Market,North America,Free,Referral,30,0.0,1119,17.0,5,-7.6,0.209,0,105.11,20,5,48.2,0
C000190,SMB,North America,Pro,Organic,9,71.34,1029,10.0,1,35.9,0.043,0,1169.19,16,2,47.3,0
C000191,Startup,North America,Starter,Organic,5,29.09,483,18.0,1,54.3,0.233,1,291.95,10,1,60.0,0
C000192,Mid-Market,Europe,Pro,Organic,26,88.51,559,5.0,2,-39.1,0.181,0,778.4,9,2,38.0,0
C000193,Startup,Europe,Enterprise,Sales,5,792.1,592,20.0,0,59.4,0.655,0,6971.06,9,0,78.4,0
C000194,Startup,North America,Starter,Partner,2,26.47,943,0.0,0,0.8,0.635,0,324.51,12,0,54.1,0
C000195,Startup,North America,Pro,Paid Search,1,79.12,88,3.0,1,53.1,0.489,0,191.28,2,3,56.2,0
C000196,Mid-Market,Europe,Business,Sales,25,189.31,1335,25.0,0,-14.9,0.502,0,5600.5199999999995,31,0,70.9,0
C000197,Startup,North America,Pro,Paid Search,3,89.16,971,13.0,1,-1.9,0.421,0,1828.9,21,1,57.5,0
C000198,Enterprise,APAC,Business,Referral,166,194.59,1292,15.0,0,50.5,0.565,1,4746.2,25,0,68.4,0
C000199,Mid-Market,North America,Business,Referral,76,216.73,976,11.0,0,65.4,0.654,0,2332.88,11,0,71.0,0
C000200,Startup,Europe,Pro,Paid Search,2,78.57,85,18.0,3,34.8,0.47,1,140.18,2,4,62.2,0
C000201,SMB,North America,Pro,Referral,4,72.75,937,20.0,1,94.9,0.339,1,1674.18,23,1,69.0,0
C000202,SMB,Europe,Pro,Sales,21,82.87,161,21.0,1,9.4,0.358,0,284.82,3,2,63.9,1
C000203,Mid-Market,Europe,Pro,Organic,33,67.6,753,6.0,0,9.1,0.301,1,765.04,11,0,48.3,0
C000204,Startup,Europe,Pro,Organic,7,86.5,460,17.0,1,27.4,0.337,0,784.61,10,2,61.5,0
C000205,SMB,Europe,Starter,Referral,8,32.41,806,21.0,2,26.3,0.683,2,765.34,24,2,69.9,0
C000206,SMB,Europe,Business,Paid Search,15,201.84,1080,11.0,1,42.1,0.711,1,3655.34,19,1,66.9,0
C000207,Startup,North America,Starter,Paid Search,1,26.8,368,10.0,1,16.4,0.75,0,426.99,16,2,66.6,0
C000208,Mid-Market,Europe,Starter,Organic,60,26.17,75,17.0,0,49.2,0.56,0,15.97,1,1,71.9,1
C000209,Mid-Market,North America,Starter,Referral,44,30.93,1084,16.0,1,48.6,0.282,0,820.87,26,1,61.1,0
C000210,SMB,Europe,Starter,Referral,7,26.52,347,7.0,0,75.3,0.229,0,105.67,5,0,55.6,0
C000211,Startup,Europe,Pro,Sales,3,79.26,1087,26.0,2,22.7,0.368,1,1441.31,17,3,66.5,0
C000212,Mid-Market,APAC,Starter,Paid Search,75,32.16,435,15.0,2,43.4,0.397,0,354.67,10,2,61.6,0
C000213,Mid-Market,Europe,Pro,Sales,27,85.26,332,15.0,1,50.1,0.69,0,281.89,3,1,72.6,0
C000214,Mid-Market,North America,Pro,Paid Search,61,67.5,818,5.0,1,34.8,0.471,0,755.04,11,2,55.6,0
C000215,Startup,North America,Starter,Partner,4,30.77,407,18.0,0,29.7,0.311,0,191.82,6,1,63.4,0
C000216,Mid-Market,North America,Starter,Partner,55,24.75,1071,25.0,2,-16.6,0.683,0,638.53,26,3,73.2,0
C000217,SMB,Europe,Pro,Paid Search,23,74.83,1347,20.0,3,37.1,0.218,0,2268.9,31,3,58.6,0
C000218,Startup,APAC,Business,Partner,2,191.5,1323,14.0,0,49.9,0.699,0,4414.59,24,2,73.5,0
C000219,Enterprise,APAC,Starter,Organic,88,28.76,821,17.0,1,33.6,0.363,1,404.66,14,2,60.9,0
C000220,SMB,Europe,Starter,Paid Search,14,30.35,170,6.0,1,15.4,0.797,0,49.47,2,2,64.3,0
C000221,SMB,North America,Starter,Referral,9,33.27,1278,1.0,0,-7.0,0.222,2,882.34,26,0,37.9,0
C000222,Startup,APAC,Free,Organic,3,0.0,809,17.0,1,46.3,0.302,0,131.49,18,1,62.4,0
C000223,Mid-Market,North America,Free,Referral,35,0.0,454,5.0,0,35.8,0.483,0,15.93,11,0,57.5,0
C000224,SMB,North America,Enterprise,Paid Search,22,3179.72,1171,2.0,0,69.7,0.672,0,45223.81,15,0,63.9,0
C000225,Mid-Market,APAC,Free,Organic,65,0.0,429,21.0,0,-1.2,0.269,0,28.990000000000002,5,1,61.7,0
C000226,SMB,North America,Free,Partner,5,0.0,1023,12.0,0,23.2,0.143,0,68.08,7,0,52.3,1
C000227,SMB,North America,Business,Organic,21,173.43,304,23.0,0,2.0,0.479,0,582.04,3,0,70.1,0
C000228,Mid-Market,North America,Pro,Sales,79,67.62,632,24.0,1,60.6,0.131,0,465.51,7,1,64.9,0
C000229,Mid-Market,Europe,Starter,Sales,56,27.79,678,3.0,1,66.0,0.188,0,443.44,15,3,48.4,0
C000230,Startup,North America,Pro,Paid Search,1,77.57,1208,21.0,3,83.1,0.667,1,2599.58,34,3,75.6,0
C000231,Enterprise,Europe,Enterprise,Paid Search,458,71252.23,798,9.0,0,48.0,0.705,0,1023409.7,15,0,69.0,0
C000232,Mid-Market,Europe,Free,Organic,76,0.0,236,19.0,0,54.7,0.224,0,36.980000000000004,4,0,64.2,1
C000233,SMB,North America,Starter,Referral,18,31.04,1433,1.0,0,45.9,0.222,0,1041.33,33,0,47.1,0
C000234,Mid-Market,North America,Business,Organic,62,207.52,376,13.0,5,49.3,0.262,0,1875.79,9,5,51.9,0
C000235,Mid-Market,APAC,Business,Sales,79,213.22,756,17.0,2,36.2,0.759,0,4071.88,19,2,73.6,0
C000236,SMB,North America,Enterprise,Sales,5,803.79,432,12.0,3,50.5,0.536,2,9169.89,11,4,58.3,0
C000237,Mid-Market,APAC,Starter,Organic,38,28.49,512,15.0,2,88.5,0.332,0,231.95,8,3,64.2,0
C000238,SMB,Europe,Enterprise,Partner,16,2273.69,843,0.0,1,40.5,0.7,1,53736.24,23,1,56.6,0
C000239,SMB,North America,Starter,Paid Search,22,33.23,1019,0.0,1,35.6,0.65,1,516.79,15,1,54.6,0
C000240,SMB,Europe,Pro,Paid Search,14,82.71,563,16.0,1,40.0,0.288,0,1038.53,13,1,60.4,0
C000241,Enterprise,Europe,Business,Organic,335,182.89,1260,11.0,0,31.3,0.879,0,4726.85,26,0,74.3,0
C000242,Startup,Europe,Starter,Referral,2,30.63,625,16.0,0,41.2,0.26,0,364.15999999999997,13,0,61.2,0
C000243,Mid-Market,APAC,Starter,Organic,20,29.33,1325,10.0,2,30.4,0.422,0,1025.02,34,3,56.6,0
C000244,SMB,LATAM,Pro,Sales,24,76.72,531,0.0,0,63.6,0.379,0,1046.92,13,0,52.7,0
C000245,Mid-Market,APAC,Business,Paid Search,19,205.87,561,19.0,0,61.1,0.671,0,3440.79,16,0,78.2,0
C000246,SMB,Europe,Free,Partner,20,0.0,1340,3.0,2,89.1,0.28,0,226.23000000000002,36,2,52.0,0
C000247,Mid-Market,Europe,Business,Sales,64,227.16,377,21.0,0,34.4,0.744,0,1278.36,6,0,79.5,0
C000248,Mid-Market,Europe,Starter,Referral,21,28.46,866,0.0,0,42.2,0.068,0,456.91,15,1,41.3,0
C000249,SMB,North America,Starter,Paid Search,18,29.62,335,26.0,0,41.2,0.481,0,449.68,15,0,76.8,0
C000250,Enterprise,APAC,Starter,Paid Search,251,25.54,1401,7.0,0,40.0,0.581,0,940.6,37,0,62.7,0
C000251,Mid-Market,APAC,Enterprise,Paid Search,43,7653.77,1204,24.0,1,63.2,0.548,1,161051.02000000002,22,1,75.7,0
C000252,SMB,North America,Free,Paid Search,19,0.0,754,0.0,1,-5.6,0.304,0,21.97,5,1,42.1,1
C000253,Startup,LATAM,Pro,Sales,3,69.51,1191,12.0,1,46.5,0.244,0,488.61,7,2,56.2,1
C000254,Enterprise,APAC,Free,Organic,464,0.0,989,11.0,1,84.9,0.35,0,77.71000000000001,20,1,62.3,0
C000255,Startup,Europe,Enterprise,Paid Search,4,593.32,516,4.0,1,69.1,0.611,1,4080.24,7,1,60.3,0
C000256,SMB,LATAM,Business,Referral,24,198.05,1254,13.0,0,66.2,0.458,0,4006.2,21,1,67.0,0
C000257,Startup,North America,Starter,Paid Search,6,28.27,491,6.0,0,56.1,0.563,0,193.75,7,0,62.9,0
C000258,SMB,North America,Starter,Sales,17,31.41,1313,12.0,1,20.1,0.361,0,628.16,21,1,57.1,0
C000259,SMB,North America,Starter,Organic,19,29.59,1210,10.0,1,16.3,0.355,0,547.66,20,2,54.7,1
C000260,SMB,Europe,Starter,Organic,6,28.49,620,5.0,1,16.4,0.198,0,472.85,16,2,45.5,0
C000261,SMB,North America,Business,Partner,21,179.54,326,22.0,0,6.5,0.737,0,1324.81,8,0,77.4,0
C000262,Startup,LATAM,Pro,Paid Search,5,89.56,1217,14.0,1,58.7,0.718,2,2243.64,26,1,69.4,0
C000263,Enterprise,North America,Starter,Sales,438,27.29,1032,23.0,1,71.7,0.867,0,469.46000000000004,16,1,87.2,0
C000264,Mid-Market,North America,Pro,Paid Search,52,68.62,138,22.0,2,45.9,0.678,0,64.12,1,2,76.6,1
C000265,Enterprise,Europe,Pro,Organic,411,74.18,45,7.0,0,55.1,0.332,0,59.07,1,0,56.7,0
C000266,Startup,North America,Free,Paid Search,1,0.0,630,8.0,1,42.3,0.5,1,23.650000000000002,14,1,57.9,0
C000267,SMB,APAC,Free,Paid Search,22,0.0,821,26.0,1,49.2,0.384,0,121.91,19,1,73.2,0
C000268,SMB,North America,Starter,Partner,3,31.76,964,8.0,1,-17.9,0.639,0,667.47,21,2,58.0,0
C000269,Startup,LATAM,Pro,Organic,7,76.11,585,2.0,0,42.9,0.227,0,919.66,13,1,47.9,0
C000270,Startup,APAC,Free,Partner,7,0.0,615,15.0,0,24.4,0.859,1,62.97,16,0,74.6,0
C000271,Mid-Market,North America,Pro,Sales,65,86.0,1039,27.0,0,34.0,0.734,1,1522.96,18,0,82.5,0
C000272,SMB,North America,Starter,Paid Search,12,29.08,1428,6.0,0,40.6,0.492,0,937.52,30,0,59.2,0
C000273,Startup,North America,Pro,Partner,1,84.33,1244,17.0,1,17.1,0.484,0,2513.09,29,1,64.9,0
C000274,Enterprise,LATAM,Free,Organic,426,0.0,90,9.0,0,8.1,0.382,0,0.0,1,0,55.3,0
C000275,SMB,APAC,Pro,Referral,3,75.32,863,10.0,2,16.4,0.529,0,1405.26,18,2,58.4,0
C000276,Mid-Market,Europe,Free,Organic,39,0.0,771,12.0,4,-1.2,0.555,0,18.37,4,5,56.2,1
C000277,SMB,North America,Starter,Partner,8,33.16,793,4.0,0,6.1,0.342,0,669.59,20,1,49.4,0
C000278,SMB,APAC,Free,Paid Search,12,0.0,341,10.0,1,9.6,0.236,0,20.990000000000002,7,1,50.5,1
C000279,Mid-Market,North America,Pro,Organic,60,88.15,1368,7.0,2,-0.9,0.399,0,2233.55,26,2,50.1,0
C000280,Mid-Market,APAC,Business,Paid Search,64,206.5,1342,22.0,2,48.2,0.501,0,4029.1,18,3,71.5,0
C000281,Enterprise,APAC,Free,Organic,354,0.0,1066,6.0,2,12.5,0.387,1,19.47,6,2,48.2,1
C000282,Enterprise,North America,Business,Sales,487,184.06,765,23.0,1,-11.6,0.425,0,3013.25,17,2,65.6,0
C000283,SMB,Europe,Pro,Organic,4,76.19,501,0.0,0,25.0,0.327,0,989.21,14,1,47.3,0
C000284,Mid-Market,North America,Pro,Sales,35,69.75,759,11.0,4,7.2,0.161,0,1035.3799999999999,15,5,44.4,0
C000285,Mid-Market,North America,Pro,Paid Search,74,68.39,830,7.0,0,71.5,0.279,0,1208.72,18,0,56.8,0
C000286,SMB,LATAM,Starter,Organic,21,28.69,119,12.0,2,38.3,0.335,0,106.02000000000001,4,2,56.6,0
C000287,SMB,APAC,Pro,Paid Search,17,69.27,1230,21.0,3,-1.8,0.504,1,1590.58,23,3,62.2,0
C000288,SMB,APAC,Business,Organic,12,205.12,643,26.0,2,49.2,0.305,1,1761.46,9,2,67.3,0
C000289,Startup,Europe,Business,Referral,6,202.81,685,20.0,4,37.1,0.379,0,1826.24,9,4,61.9,0
C000290,Mid-Market,North America,Starter,Organic,28,32.87,783,14.0,2,29.0,0.681,0,747.82,21,2,67.8,0
C000291,Startup,APAC,Pro,Referral,2,88.75,306,14.0,0,74.4,0.719,0,478.02,5,0,76.5,0
C000292,Enterprise,Europe,Free,Organic,183,0.0,1079,27.0,1,10.6,0.646,0,146.82,18,2,78.0,0
C000293,SMB,North America,Pro,Organic,19,89.05,97,27.0,0,60.9,0.378,0,98.51,1,0,76.5,0
C000294,Startup,Europe,Free,Organic,1,0.0,986,21.0,1,24.8,0.23,1,97.85,22,1,59.6,0
C000295,Startup,Europe,Starter,Partner,4,31.03,681,4.0,2,34.5,0.577,0,273.85,9,2,56.3,0
C000296,SMB,APAC,Pro,Paid Search,4,80.91,716,7.0,1,16.3,0.136,1,1262.43,16,1,43.5,1
C000297,SMB,North America,Business,Sales,21,190.34,245,7.0,2,17.8,0.707,0,942.7,5,2,61.2,0
C000298,Mid-Market,APAC,Free,Paid Search,64,0.0,833,6.0,3,24.1,0.427,1,11.57,8,3,49.1,1
C000299,SMB,North America,Pro,Organic,16,75.53,1054,27.0,0,-12.5,0.692,0,2041.09,27,1,78.6,0
C000300,SMB,North America,Pro,Referral,17,79.72,1430,4.0,1,43.7,0.201,0,2324.82,31,1,47.5,0
C000301,Startup,North America,Enterprise,Partner,1,168.68,940,23.0,1,37.9,0.44,0,1945.44,13,1,71.0,0
C000302,SMB,APAC,Pro,Referral,6,73.5,279,22.0,1,-2.4,0.609,0,607.96,8,1,71.2,0
C000303,Enterprise,North America,Free,Paid Search,284,0.0,1446,14.0,2,51.5,0.218,0,113.82,26,2,56.2,0
C000304,SMB,Europe,Free,Referral,9,0.0,179,8.0,1,71.4,0.58,1,0.0,5,1,63.2,1
C000305,Enterprise,North America,Pro,Organic,219,71.55,684,7.0,2,18.4,0.2,2,978.75,13,2,42.1,0
C000306,Mid-Market,APAC,Starter,Sales,31,26.5,1260,18.0,0,15.4,0.509,0,763.04,29,2,67.9,0
C000307,Mid-Market,APAC,Enterprise,Organic,45,6543.8,1028,18.0,2,62.8,0.117,0,125281.75,19,2,57.9,0
C000308,SMB,North America,Enterprise,Referral,5,858.3,668,15.0,1,45.1,0.573,1,7895.4400000000005,9,1,66.6,0
C000309,Mid-Market,LATAM,Enterprise,Organic,33,4980.09,1009,15.0,1,31.6,0.576,0,103934.0,20,2,67.3,0
C000310,Mid-Market,North America,Starter,Referral,52,31.09,1305,23.0,4,55.4,0.273,0,1029.04,33,5,63.3,0
C000311,Enterprise,North America,Pro,Referral,455,80.6,508,21.0,3,41.9,0.378,0,355.2,4,5,64.8,1
C000312,Startup,Europe,Pro,Referral,1,79.17,499,21.0,0,70.7,0.304,0,726.54,10,0,69.9,0
C000313,SMB,APAC,Free,Paid Search,15,0.0,1291,7.0,1,34.6,0.461,0,41.61,19,2,57.0,0
C000314,Enterprise,North America,Starter,Paid Search,380,29.68,1058,1.0,1,45.7,0.244,0,851.07,28,1,46.3,0
C000315,Enterprise,Europe,Starter,Referral,495,26.71,1112,12.0,3,62.5,0.603,0,480.18,18,4,65.6,0
C000316,SMB,North America,Starter,Partner,17,33.21,518,9.0,1,-26.2,0.494,0,137.41,5,1,53.7,1
C000317,Mid-Market,Europe,Enterprise,Partner,51,7685.85,416,9.0,0,63.4,0.679,0,32138.16,5,0,69.7,0
C000318,SMB,Europe,Business,Organic,24,197.44,421,14.0,1,22.4,0.241,0,1312.4,7,1,55.5,0
C000319,SMB,LATAM,Starter,Paid Search,4,27.93,118,25.0,0,47.5,0.609,0,134.09,5,1,80.3,0
C000320,Startup,Europe,Pro,Paid Search,3,84.67,361,22.0,3,76.6,0.41,0,1166.61,13,3,70.1,0
C000321,Mid-Market,Europe,Starter,Partner,30,28.69,1002,18.0,2,27.4,0.564,0,421.82,14,3,67.7,0
C000322,SMB,Europe,Starter,Organic,10,27.7,1306,19.0,2,23.6,0.859,1,844.84,29,3,75.1,0
C000323,Enterprise,North America,Free,Paid Search,256,0.0,582,11.0,0,33.6,0.616,1,42.17,7,1,64.7,0
C000324,Startup,North America,Pro,Referral,4,78.82,151,15.0,4,-1.3,0.125,1,193.0,2,4,44.0,0
C000325,Startup,LATAM,Pro,Paid Search,1,67.57,66,12.0,0,90.0,0.069,1,72.37,1,1,54.8,0
C000326,SMB,North America,Business,Sales,23,207.65,1131,22.0,1,33.9,0.496,1,4687.5,25,2,69.4,0
C000327,SMB,APAC,Business,Organic,10,178.65,1122,27.0,0,76.1,0.317,0,4939.78,28,0,76.2,0
C000328,Mid-Market,North America,Starter,Paid Search,64,33.01,1407,12.0,1,26.7,0.17,0,769.2,24,2,52.0,0
C000329,Startup,APAC,Business,Paid Search,5,213.59,1258,20.0,0,35.9,0.711,0,5400.07,23,0,77.8,0
C000330,SMB,North America,Free,Paid Search,12,0.0,667,1.0,1,58.6,0.464,1,19.09,13,4,52.2,0
C000331,Mid-Market,LATAM,Starter,Partner,69,25.17,679,11.0,1,7.4,0.361,1,432.34000000000003,17,2,52.9,0
C000332,SMB,APAC,Pro,Organic,15,74.92,930,24.0,1,32.4,0.313,1,886.4200000000001,13,1,65.6,0
C000333,SMB,North America,Free,Paid Search,7,0.0,1017,19.0,1,57.7,0.191,0,82.32,15,2,62.0,0
C000334,Startup,APAC,Starter,Organic,6,32.47,274,14.0,1,29.7,0.415,2,65.23,2,1,57.4,0
C000335,SMB,Europe,Starter,Partner,13,31.15,803,5.0,0,22.9,0.402,0,694.75,22,0,53.8,0
C000336,SMB,North America,Free,Referral,5,0.0,305,22.0,1,62.9,0.665,0,42.379999999999995,5,3,79.4,0
C000337,SMB,North America,Enterprise,Organic,24,3409.89,83,27.0,3,70.0,0.53,0,2632.69,1,4,77.5,0
C000338,Mid-Market,APAC,Starter,Paid Search,40,26.65,1007,10.0,0,74.0,0.65,0,635.21,25,1,70.8,0
C000339,Mid-Market,APAC,Pro,Paid Search,77,85.88,1171,22.0,0,18.1,0.398,0,2040.07,25,2,68.4,0
C000340,Enterprise,North America,Enterprise,Referral,135,20772.86,98,16.0,3,20.5,0.433,0,104748.49,5,3,59.8,0
C000341,SMB,APAC,Pro,Organic,15,87.49,553,11.0,1,23.2,0.322,0,1034.34,13,1,55.3,0
C000342,SMB,North America,Starter,Paid Search,22,25.0,1044,9.0,0,53.0,0.232,1,490.44,20,0,53.3,0
C000343,SMB,North America,Enterprise,Referral,6,992.45,571,14.0,0,5.1,0.173,2,11986.14,11,0,49.2,1
C000344,Mid-Market,Europe,Starter,Paid Search,15,29.08,724,11.0,2,6.5,0.558,2,272.81,10,3,55.2,1
C000345,Mid-Market,North America,Starter,Referral,33,31.65,166,17.0,1,17.1,0.556,0,62.21,2,1,67.1,0
C000346,SMB,North America,Pro,Paid Search,9,71.17,1094,4.0,0,11.5,0.632,0,1560.87,20,0,58.7,0
C000347,Mid-Market,Europe,Starter,Sales,77,26.37,43,13.0,0,57.1,0.377,0,73.43,3,0,63.6,0
C000348,Enterprise,North America,Business,Organic,99,198.56,122,20.0,0,55.4,0.549,1,362.11,2,0,72.9,0
C000349,SMB,North America,Free,Organic,12,0.0,1202,23.0,1,23.0,0.645,0,107.52,20,1,75.7,0
C000350,Mid-Market,APAC,Pro,Paid Search,74,71.0,1225,7.0,3,30.2,0.264,1,2585.15,35,4,45.7,0
C000351,Mid-Market,Europe,Pro,Paid Search,52,88.63,698,16.0,1,-28.5,0.621,0,773.54,9,3,63.6,0
C000352,SMB,APAC,Enterprise,Partner,6,1057.49,1396,8.0,0,23.6,0.243,0,23886.89,23,0,51.8,0
C000353,Startup,Europe,Free,Organic,5,0.0,1033,22.0,1,66.1,0.275,0,87.26,24,3,68.0,0
C000354,Mid-Market,Europe,Starter,Organic,43,32.04,838,9.0,2,22.2,0.617,0,627.59,19,2,60.8,0
C000355,SMB,North America,Enterprise,Referral,10,1796.7,74,18.0,1,7.7,0.543,1,4564.969999999999,2,2,64.6,0
C000356,Startup,APAC,Pro,Organic,3,72.94,41,12.0,2,69.4,0.324,1,54.6,1,2,57.4,0
C000357,SMB,North America,Free,Referral,19,0.0,1244,7.0,1,7.1,0.161,0,223.79,29,1,45.3,0
C000358,SMB,North America,Free,Partner,18,0.0,185,16.0,1,73.7,0.124,0,45.32,3,1,58.9,0
C000359,SMB,APAC,Business,Organic,16,217.05,1330,17.0,1,100.0,0.497,0,4940.58,23,1,73.6,0
C000360,SMB,APAC,Pro,Referral,22,81.43,390,19.0,1,32.3,0.248,1,172.09,2,1,59.1,0
C000361,SMB,Europe,Pro,Referral,16,74.21,251,22.0,2,66.1,0.353,1,79.38,1,2,66.8,1
C000362,SMB,North America,Business,Referral,14,210.48,187,18.0,0,-6.7,0.9,3,355.28,2,1,71.4,0
C000363,Mid-Market,North America,Starter,Organic,62,30.74,1141,23.0,3,-7.8,0.142,0,843.58,29,4,54.5,0
C000364,Enterprise,Europe,Starter,Paid Search,262,30.92,183,11.0,3,15.1,0.275,0,140.6,5,4,50.1,0
C000365,SMB,APAC,Pro,Sales,13,85.16,1295,14.0,0,55.6,0.52,0,2608.42,31,1,68.7,0
C000366,Mid-Market,Europe,Business,Partner,42,207.74,719,13.0,4,35.0,0.512,0,2849.17,13,4,59.5,0
C000367,SMB,North America,Starter,Organic,13,28.43,789,16.0,4,30.3,0.348,0,646.15,22,4,56.8,0
C000368,SMB,North America,Pro,Organic,9,75.03,1009,3.0,0,2.7,0.113,0,1290.16,18,0,41.3,0
C000369,Startup,Europe,Starter,Partner,5,32.56,1429,23.0,2,31.8,0.385,0,759.85,24,2,67.3,0
C000370,Enterprise,APAC,Starter,Referral,496,31.73,357,14.0,2,18.9,0.674,1,336.61,9,2,64.6,0
C000371,SMB,North America,Enterprise,Sales,5,879.35,981,15.0,4,11.9,0.41,0,18676.93,21,4,55.9,0
C000372,SMB,North America,Free,Sales,16,0.0,514,24.0,0,9.8,0.165,0,66.37,15,0,62.4,0
C000373,Enterprise,North America,Free,Paid Search,254,0.0,874,13.0,2,39.8,0.274,1,36.01,9,2,53.8,1
C000374,Mid-Market,North America,Business,Partner,50,190.3,926,12.0,1,17.0,0.668,0,2993.29,16,1,66.0,0
C000375,Enterprise,Europe,Starter,Organic,353,32.27,193,15.0,0,34.8,0.782,0,102.92,3,1,75.3,0
C000376,Mid-Market,North America,Starter,Organic,48,27.53,1325,26.0,2,-9.2,0.511,0,695.3100000000001,26,3,69.6,0
C000377,Mid-Market,Europe,Business,Organic,27,225.29,407,7.0,0,47.6,0.393,0,2836.45,13,0,57.8,0
C000378,SMB,APAC,Starter,Sales,10,31.69,393,4.0,2,41.0,0.596,0,301.98,10,4,57.6,0
C000379,SMB,LATAM,Pro,Organic,15,87.74,917,3.0,2,29.2,0.289,1,2184.46,26,2,44.3,0
C000380,Enterprise,LATAM,Starter,Paid Search,87,25.58,1085,20.0,2,39.0,0.565,1,627.22,27,3,68.7,0
C000381,Mid-Market,North America,Free,Paid Search,69,0.0,1453,0.0,0,58.4,0.262,0,227.85,38,2,48.7,0
C000382,Enterprise,North America,Pro,Paid Search,87,75.92,121,19.0,0,-1.2,0.25,0,257.77,3,0,59.3,0
C000383,SMB,North America,Starter,Paid Search,20,25.35,105,24.0,5,36.7,0.113,0,58.93,3,6,56.0,1
C000384,Mid-Market,APAC,Business,Organic,36,206.37,1116,19.0,0,2.4,0.582,0,5531.98,27,2,69.7,0
C000385,SMB,North America,Enterprise,Paid Search,5,886.39,1415,4.0,2,37.2,0.394,0,25112.18,27,3,51.1,0
C000386,Mid-Market,North America,Business,Paid Search,44,212.61,1285,18.0,1,28.5,0.453,0,5406.36,26,2,66.0,0
C000387,Enterprise,North America,Starter,Referral,347,30.79,1364,12.0,1,34.4,0.647,0,586.64,19,1,67.1,0
C000388,Startup,North America,Starter,Referral,6,32.84,272,0.0,2,56.2,0.22,0,100.95,3,3,44.2,1
C000389,Enterprise,APAC,Business,Referral,324,226.89,185,5.0,1,55.5,0.171,0,1088.83,4,1,48.6,0
C000390,Mid-Market,Europe,Pro,Paid Search,34,86.68,1241,20.0,1,62.2,0.788,0,1910.47,23,2,81.2,0
C000391,Mid-Market,Europe,Pro,Organic,69,85.73,393,15.0,2,25.1,0.374,0,904.67,10,3,59.1,0
C000392,Startup,LATAM,Business,Paid Search,6,190.07,1204,13.0,0,52.6,0.442,0,4992.53,24,0,65.1,0
C000393,SMB,North America,Starter,Sales,15,28.68,935,21.0,3,47.7,0.481,0,440.45,15,4,68.4,0
C000394,SMB,North America,Free,Organic,20,0.0,603,14.0,1,25.7,0.103,0,26.37,6,2,51.7,1
C000395,Startup,North America,Pro,Organic,5,78.5,431,27.0,0,37.9,0.582,0,318.3,4,0,80.4,0
C000396,Enterprise,Europe,Pro,Sales,142,86.28,210,1.0,1,31.7,0.621,0,606.19,6,1,56.2,0
C000397,Startup,Europe,Starter,Sales,1,33.29,1396,8.0,2,69.9,0.276,0,715.54,21,3,54.4,0
C000398,Mid-Market,North America,Pro,Organic,43,72.03,1180,5.0,2,55.3,0.379,0,1377.28,18,8,53.4,1
C000399,SMB,LATAM,Business,Referral,23,216.24,1059,11.0,2,26.6,0.506,1,4362.45,21,3,57.7,0
C000400,SMB,North America,Starter,Paid Search,13,29.97,1017,25.0,1,24.9,0.441,1,609.96,20,1,69.5,0
C000401,Mid-Market,North America,Starter,Paid Search,40,30.97,33,11.0,0,58.9,0.566,1,60.349999999999994,2,0,65.7,0
C000402,Startup,Europe,Pro,Paid Search,4,79.01,349,8.0,2,68.5,0.414,0,946.51,10,2,58.4,0
C000403,Mid-Market,LATAM,Business,Sales,47,210.71,1002,2.0,1,42.9,0.312,0,4513.43,21,1,48.9,0
C000404,Startup,Europe,Enterprise,Organic,2,331.62,71,11.0,3,51.5,0.363,0,1038.84,3,3,56.4,0
C000405,Mid-Market,LATAM,Free,Referral,79,0.0,746,6.0,0,67.6,0.454,0,43.370000000000005,15,0,60.7,0
C000406,SMB,North America,Business,Organic,9,225.92,744,5.0,2,30.6,0.411,3,4769.41,22,2,45.9,0
C000407,Startup,Europe,Business,Partner,3,171.88,840,3.0,1,37.1,0.363,0,1615.15,10,2,50.8,1
C000408,Enterprise,APAC,Pro,Partner,338,74.17,1255,17.0,0,47.2,0.636,1,2514.19,34,0,72.0,0
C000409,Startup,Europe,Starter,Referral,7,30.26,124,19.0,2,24.3,0.107,0,58.42,2,4,54.6,1
C000410,SMB,North America,Free,Sales,12,0.0,1441,20.0,4,77.5,0.359,0,241.97000000000003,43,4,65.4,0
C000411,SMB,LATAM,Pro,Referral,23,77.81,1211,1.0,1,24.0,0.33,0,1714.06,21,1,46.7,0
C000412,Mid-Market,North America,Starter,Referral,79,28.36,1132,25.0,1,36.5,0.465,1,799.0699999999999,28,2,71.4,0
C000413,SMB,Europe,Starter,Organic,24,31.42,1061,14.0,0,82.9,0.29,0,584.62,19,0,64.5,0
C000414,SMB,APAC,Enterprise,Sales,7,969.93,1272,15.0,2,-11.5,0.272,0,19110.67,21,3,52.4,0
C000415,SMB,LATAM,Starter,Paid Search,3,28.56,1435,24.0,1,40.4,0.33,0,1053.46,37,1,68.9,0
C000416,Mid-Market,LATAM,Enterprise,Paid Search,38,6376.51,491,7.0,0,18.5,0.336,0,45309.14,7,0,53.2,0
C000417,Mid-Market,APAC,Pro,Paid Search,67,76.85,74,14.0,0,35.0,0.452,0,106.89,1,0,64.6,0
C000418,Startup,North America,Business,Paid Search,2,173.03,1286,1.0,3,4.9,0.328,0,3026.16,17,3,41.7,0
C000419,Enterprise,LATAM,Starter,Partner,228,32.91,1036,13.0,1,25.7,0.4,0,821.08,24,1,59.7,0
C000420,SMB,Europe,Pro,Paid Search,17,76.13,736,7.0,0,35.6,0.385,1,1131.0700000000002,15,1,54.4,0
C000421,Startup,Europe,Pro,Organic,5,89.44,134,5.0,1,41.0,0.798,0,173.14,2,1,66.0,1
C000422,Enterprise,North America,Enterprise,Sales,430,77400.89,468,17.0,1,57.4,0.313,1,1040955.2,13,1,61.8,0
C000423,Mid-Market,APAC,Starter,Sales,25,25.84,365,3.0,1,-23.1,0.376,1,371.62,15,2,43.1,0
C000424,SMB,Europe,Starter,Paid Search,20,30.2,630,27.0,2,31.9,0.264,0,262.04,8,3,67.2,0
C000425,Enterprise,APAC,Enterprise,Sales,403,60281.39,864,6.0,0,30.6,0.099,1,283927.99,5,2,44.4,1
C000426,SMB,North America,Free,Paid Search,5,0.0,1175,2.0,1,33.4,0.089,0,79.45,21,1,41.3,0
C000427,SMB,North America,Pro,Paid Search,7,80.46,225,12.0,0,35.8,0.41,0,739.58,8,1,61.6,0
C000428,SMB,Europe,Free,Sales,22,0.0,311,10.0,1,14.2,0.351,0,8.39,1,2,54.4,1
C000429,Mid-Market,North America,Free,Partner,35,0.0,1425,18.0,0,-3.7,0.71,0,212.72,33,1,72.0,0
C000430,SMB,APAC,Pro,Referral,14,83.2,437,18.0,1,40.4,0.219,0,653.77,9,1,60.2,0
C000431,SMB,North America,Pro,Paid Search,18,84.53,1340,16.0,1,10.1,0.488,0,2482.41,30,1,63.4,0
C000432,Mid-Market,Europe,Pro,Paid Search,68,85.89,404,16.0,1,45.1,0.34,0,326.29,4,3,62.5,0
C000433,SMB,North America,Pro,Organic,9,68.75,279,21.0,1,11.6,0.238,1,393.6,6,1,58.6,0
C000434,Startup,North America,Business,Sales,6,190.8,1273,18.0,2,52.3,0.278,2,4233.5,24,2,57.6,0
C000435,SMB,Europe,Enterprise,Organic,5,825.69,840,3.0,0,33.6,0.651,0,4172.34,5,0,60.6,1
C000436,SMB,North America,Starter,Paid Search,14,31.4,1284,12.0,1,35.4,0.286,0,564.89,18,2,56.3,1
C000437,Mid-Market,North America,Starter,Organic,51,31.66,649,19.0,1,28.8,0.831,1,392.53000000000003,13,1,76.3,0
C000438,Enterprise,North America,Starter,Partner,167,32.23,134,7.0,0,24.8,0.596,1,34.75,1,0,59.6,0
C000439,Mid-Market,North America,Business,Paid Search,34,209.44,1345,24.0,0,29.2,0.478,1,5957.83,32,0,71.7,0
C000440,Enterprise,Europe,Starter,Referral,439,25.88,892,13.0,3,64.5,0.781,0,365.48,14,3,72.0,0
C000441,Startup,North America,Pro,Paid Search,3,73.73,69,8.0,1,-3.4,0.738,0,209.89,3,1,62.4,1
C000442,Mid-Market,North America,Starter,Organic,20,29.93,1030,10.0,2,18.8,0.218,1,634.49,21,2,47.3,0
C000443,Startup,APAC,Pro,Organic,2,82.11,1271,17.0,0,61.4,0.511,0,2268.83,26,2,71.6,0
C000444,Mid-Market,Europe,Business,Organic,21,169.49,762,19.0,0,55.5,0.169,1,3384.39,20,0,60.6,0
C000445,Mid-Market,Europe,Pro,Referral,59,78.9,734,7.0,2,68.6,0.189,2,1061.95,12,2,46.8,0
C000446,SMB,North America,Pro,Referral,7,90.33,513,4.0,3,33.5,0.24,1,613.88,6,3,42.6,0
C000447,Mid-Market,LATAM,Starter,Paid Search,41,25.16,1012,2.0,0,2.0,0.175,0,508.25,19,0,42.2,1
C000448,SMB,Europe,Pro,Paid Search,13,75.89,94,13.0,1,7.3,0.135,0,125.81,2,2,49.9,0
C000449,Startup,North America,Starter,Organic,1,29.76,715,25.0,0,27.5,0.27,0,693.52,23,1,68.2,0
C000450,Startup,LATAM,Business,Sales,7,225.09,1051,26.0,0,54.0,0.439,0,4628.61,20,1,76.8,0
C000451,Mid-Market,Europe,Starter,Sales,57,25.3,87,15.0,1,28.6,0.563,0,50.16,2,1,66.6,1
C000452,SMB,Europe,Free,Referral,10,0.0,138,14.0,2,26.7,0.222,0,39.839999999999996,5,4,53.8,1
C000453,Mid-Market,APAC,Starter,Organic,32,27.33,747,14.0,5,44.9,0.277,0,184.33,7,5,52.8,1
C000454,Startup,North America,Pro,Paid Search,4,74.23,1425,6.0,0,35.7,0.578,1,3003.04,41,1,59.3,0
C000455,SMB,APAC,Enterprise,Sales,19,2828.53,607,11.0,3,24.0,0.446,0,44533.3,15,3,56.1,0
C000456,Mid-Market,Europe,Starter,Organic,35,32.36,667,26.0,1,10.0,0.325,2,468.84000000000003,14,1,63.5,0
C000457,Mid-Market,North America,Starter,Partner,66,26.09,1249,17.0,1,58.7,0.139,1,749.44,31,1,56.7,0
C000458,Enterprise,North America,Starter,Sales,105,25.28,554,6.0,2,61.2,0.222,1,293.58,12,2,48.1,0
C000459,Mid-Market,North America,Enterprise,Referral,44,7655.78,258,2.0,1,8.6,0.306,0,21012.54,3,1,45.3,0
C000460,Startup,LATAM,Business,Partner,6,221.25,1309,21.0,1,24.9,0.146,1,6430.96,27,1,57.1,0
C000461,SMB,North America,Free,Paid Search,17,0.0,426,25.0,0,51.7,0.458,1,45.260000000000005,9,1,74.2,0
C000462,Startup,North America,Pro,Sales,3,90.21,1260,3.0,1,6.6,0.065,0,1953.3,24,1,38.8,0
C000463,Enterprise,APAC,Business,Paid Search,263,224.83,390,10.0,2,44.1,0.072,0,2407.37,10,2,47.5,0
C000464,SMB,APAC,Business,Sales,17,176.39,861,23.0,1,26.8,0.833,0,3536.64,19,1,81.7,0
C000465,Mid-Market,North America,Pro,Paid Search,36,70.84,1451,7.0,3,4.6,0.422,1,2544.36,35,3,47.9,0
C000466,SMB,APAC,Business,Referral,15,191.81,79,5.0,3,79.4,0.366,0,127.77,1,3,53.9,0
C000467,Mid-Market,Europe,Pro,Sales,39,83.08,1223,11.0,1,26.5,0.769,0,2276.25,28,3,69.0,0
C000468,Mid-Market,APAC,Starter,Partner,75,24.71,608,11.0,1,48.1,0.458,0,371.81,15,3,61.9,0
C000469,SMB,North America,Free,Paid Search,12,0.0,1201,13.0,1,7.0,0.304,0,83.6,18,3,54.9,0
C000470,Mid-Market,North America,Starter,Organic,30,32.1,126,27.0,0,73.8,0.785,0,235.54,7,0,90.0,0
C000471,SMB,Europe,Free,Referral,6,0.0,405,27.0,1,83.7,0.776,0,95.75,13,1,89.3,0
C000472,SMB,North America,Starter,Partner,16,25.35,310,16.0,1,-2.6,0.561,1,191.26,7,1,62.4,1
C000473,Mid-Market,Europe,Business,Organic,67,180.49,843,2.0,0,30.9,0.593,0,2294.01,15,0,57.7,0
C000474,Startup,North America,Business,Referral,6,205.9,792,7.0,0,68.2,0.474,0,5125.39,24,0,62.3,0
C000475,SMB,APAC,Free,Sales,16,0.0,553,5.0,0,23.3,0.39,0,83.66,14,0,53.5,0
C000476,Startup,APAC,Free,Sales,6,0.0,338,0.0,1,45.2,0.471,1,33.3,11,2,50.2,1
C000477,SMB,APAC,Pro,Partner,6,81.96,249,10.0,2,-7.0,0.561,1,499.39,6,3,55.1,1
C000478,SMB,LATAM,Pro,Sales,21,74.44,1435,0.0,0,15.3,0.447,0,1760.04,25,0,49.9,0
C000479,SMB,LATAM,Free,Referral,14,0.0,512,16.0,1,42.6,0.492,0,53.809999999999995,7,1,66.8,0
C000480,Startup,Europe,Business,Organic,4,202.31,1304,7.0,2,20.3,0.035,0,5401.13,25,2,41.3,0
C000481,SMB,North America,Starter,Sales,6,30.6,1049,20.0,0,26.0,0.318,0,867.75,28,1,65.0,0
C000482,Mid-Market,APAC,Free,Paid Search,51,0.0,274,14.0,3,-2.9,0.655,0,45.599999999999994,8,4,62.4,0
C000483,Enterprise,LATAM,Business,Sales,61,215.48,1102,26.0,0,51.4,0.113,0,4026.58,18,0,66.7,0
C000484,SMB,LATAM,Pro,Referral,15,68.67,321,13.0,2,1.5,0.466,1,97.82,2,3,55.7,1
C000485,Enterprise,APAC,Starter,Partner,466,26.99,798,4.0,1,73.5,0.226,1,243.3,9,1,49.2,1
C000486,Mid-Market,North America,Pro,Paid Search,28,77.7,1128,25.0,1,17.9,0.341,2,1924.47,25,3,63.8,0
C000487,Enterprise,LATAM,Enterprise,Organic,65,10333.61,983,8.0,1,55.0,0.371,1,169268.4,18,1,55.3,0
C000488,SMB,LATAM,Free,Organic,5,0.0,701,21.0,1,52.6,0.398,0,65.68,11,1,69.4,0
C000489,Mid-Market,Europe,Pro,Partner,23,74.57,366,21.0,2,10.4,0.425,0,392.99,6,2,64.5,0
C000490,SMB,APAC,Starter,Referral,6,26.06,594,25.0,1,20.6,0.283,0,338.2,12,1,66.4,0
C000491,SMB,Europe,Pro,Organic,5,90.09,126,17.0,1,23.6,0.406,2,147.89999999999998,2,3,59.2,0
C000492,Startup,LATAM,Starter,Organic,4,25.66,220,14.0,0,25.3,0.559,0,99.86,4,0,66.8,0
C000493,Mid-Market,North America,Starter,Partner,53,24.7,383,10.0,1,2.6,0.132,1,267.43,11,1,44.6,0
C000494,SMB,APAC,Starter,Organic,13,29.37,598,12.0,0,48.3,0.668,1,291.86,9,0,68.6,0
C000495,SMB,North America,Business,Organic,5,178.28,1046,21.0,3,17.8,0.399,0,5175.16,28,3,63.0,0
C000496,SMB,North America,Starter,Organic,5,30.4,871,15.0,2,32.1,0.665,0,513.26,17,3,68.6,0
C000497,SMB,North America,Business,Partner,17,208.4,1290,1.0,0,60.2,0.535,0,6774.21,36,1,58.0,0
C000498,Mid-Market,Europe,Starter,Partner,57,29.03,925,10.0,1,49.3,0.539,1,460.94,18,1,61.5,0
C000499,Startup,North America,Business,Referral,6,189.26,136,25.0,0,19.5,0.089,0,694.23,4,0,61.9,0
C000500,Enterprise,LATAM,Pro,Paid Search,129,83.48,851,5.0,0,61.0,0.569,0,1926.04,23,1,62.6,0
C000501,Startup,Europe,Starter,Organic,5,29.8,1298,13.0,2,51.6,0.28,0,814.48,28,2,57.2,0
C000502,SMB,APAC,Pro,Referral,24,73.75,528,23.0,1,17.4,0.498,0,1203.16,17,1,70.7,0
C000503,Mid-Market,North America,Business,Sales,32,175.97,84,8.0,0,22.1,0.171,0,244.14,1,0,49.5,0
C000504,SMB,North America,Pro,Paid Search,9,70.29,220,19.0,0,60.0,0.293,1,197.26,3,0,64.8,0
C000505,Enterprise,APAC,Starter,Referral,339,29.62,1069,21.0,0,54.5,0.59,1,675.9,22,0,74.9,0
C000506,SMB,APAC,Pro,Referral,7,77.91,811,9.0,1,-2.6,0.28,0,741.33,9,1,49.7,1
C000507,SMB,Europe,Pro,Sales,20,83.18,701,25.0,2,9.9,0.619,0,1599.3899999999999,20,2,73.9,0
C000508,Enterprise,APAC,Starter,Paid Search,58,25.04,1106,12.0,3,52.4,0.526,0,409.05,17,5,62.2,0
C000509,Enterprise,APAC,Business,Organic,432,227.14,1076,8.0,1,5.6,0.194,2,3888.02,17,2,43.0,0
C000510,SMB,Europe,Starter,Organic,19,29.5,1122,6.0,0,55.1,0.359,2,712.88,26,0,52.6,0
C000511,Mid-Market,LATAM,Pro,Referral,76,72.18,38,7.0,1,83.4,0.68,0,143.10000000000002,2,1,68.5,0
C000512,Startup,APAC,Pro,Referral,3,71.97,394,15.0,1,44.3,0.115,0,462.43,6,1,54.8,0
C000513,SMB,Europe,Enterprise,Paid Search,5,888.99,258,6.0,2,11.9,0.6,0,10959.61,11,2,56.5,1
C000514,SMB,North America,Starter,Organic,10,25.38,293,10.0,1,39.4,0.547,1,164.82,8,1,60.8,1
C000515,Mid-Market,North America,Starter,Organic,40,25.58,89,19.0,0,60.9,0.849,1,39.89,2,3,81.5,0
C000516,SMB,North America,Starter,Partner,10,31.45,1310,24.0,3,37.5,0.361,1,678.72,22,3,64.5,0
C000517,Startup,APAC,Pro,Sales,3,89.6,200,19.0,1,47.1,0.266,0,166.25,2,2,63.2,1
C000518,Enterprise,APAC,Starter,Paid Search,259,28.49,1365,14.0,0,15.0,0.723,0,510.95,18,1,70.7,1
C000519,Mid-Market,North America,Starter,Partner,63,25.49,781,19.0,3,16.9,0.376,0,516.67,20,3,60.4,0
C000520,Mid-Market,Europe,Starter,Paid Search,23,30.65,610,11.0,2,57.7,0.54,0,264.32,8,2,63.8,0
C000521,Mid-Market,North America,Business,Sales,34,185.39,949,7.0,0,17.2,0.189,0,2496.7599999999998,15,0,48.6,0
C000522,SMB,North America,Starter,Referral,4,32.91,1251,20.0,1,-29.7,0.867,0,937.34,28,1,74.4,0
C000523,SMB,LATAM,Pro,Organic,4,88.51,1186,3.0,0,27.3,0.258,0,2664.77,30,2,48.1,0
C000524,SMB,Europe,Free,Partner,21,0.0,281,25.0,1,42.9,0.587,1,8.12,5,1,75.7,0
C000525,Mid-Market,North America,Free,Referral,68,0.0,1005,12.0,3,61.5,0.391,0,125.28,18,3,59.1,0
C000526,Mid-Market,Europe,Free,Sales,51,0.0,1017,22.0,0,76.1,0.36,0,82.23,16,0,73.1,0
C000527,Mid-Market,North America,Starter,Partner,48,30.61,140,2.0,1,37.1,0.586,0,34.74,1,1,56.6,0
C000528,Startup,APAC,Pro,Organic,7,68.3,1255,13.0,2,51.5,0.109,0,1140.72,16,2,52.0,0
C000529,SMB,LATAM,Starter,Partner,24,30.9,152,11.0,0,38.0,0.745,0,30.52,1,0,71.0,0
C000530,Mid-Market,Europe,Starter,Partner,74,32.65,144,9.0,0,43.9,0.162,2,114.92,3,0,48.3,1
C000531,SMB,Europe,Free,Organic,24,0.0,605,14.0,1,30.3,0.756,1,115.83,9,1,69.7,0
C000532,Enterprise,North America,Starter,Sales,259,30.56,1224,18.0,1,44.7,0.183,0,601.15,19,2,59.5,0
C000533,Mid-Market,Europe,Free,Organic,55,0.0,1238,26.0,0,16.8,0.531,0,159.52,24,0,75.8,0
C000534,Mid-Market,North America,Free,Sales,77,0.0,1053,22.0,2,84.5,0.659,0,28.7,14,3,79.9,0
C000535,Startup,North America,Free,Paid Search,1,0.0,635,6.0,0,-24.8,0.468,0,66.49000000000001,15,0,51.9,0
C000536,SMB,APAC,Pro,Organic,6,70.21,1241,27.0,0,49.3,0.575,0,1701.5,25,0,81.3,0
C000537,SMB,Europe,Enterprise,Paid Search,19,2587.58,809,13.0,2,43.0,0.333,0,37634.3,15,2,57.9,0
C000538,Enterprise,Europe,Pro,Partner,478,85.26,1295,12.0,2,44.3,0.405,0,3093.56,36,3,59.3,0
C000539,Mid-Market,North America,Free,Referral,33,0.0,688,0.0,0,5.4,0.421,0,48.26,16,0,48.2,1
C000540,SMB,APAC,Enterprise,Paid Search,11,1709.93,1430,18.0,1,-7.0,0.533,0,49935.38,30,2,64.9,0
C000541,Mid-Market,North America,Enterprise,Organic,32,5717.68,447,24.0,0,50.1,0.568,0,42983.81,7,0,78.5,0
C000542,Startup,Europe,Pro,Sales,7,87.21,1381,8.0,4,68.5,0.671,0,2454.69,27,4,63.1,0
C000543,SMB,APAC,Free,Partner,11,0.0,1182,24.0,2,40.5,0.835,0,98.91,19,5,82.5,0
C000544,SMB,Europe,Pro,Organic,3,73.71,1211,2.0,4,55.1,0.631,2,1994.24,26,4,51.2,0
C000545,SMB,LATAM,Enterprise,Sales,9,1276.22,272,27.0,2,23.5,0.345,2,8704.52,6,3,64.8,0
C000546,Startup,North America,Business,Organic,1,179.83,1384,7.0,2,43.3,0.577,1,4809.21,27,2,57.9,0
C000547,SMB,APAC,Pro,Organic,19,89.64,847,13.0,1,65.6,0.241,0,1197.98,14,2,58.9,0
C000548,SMB,LATAM,Pro,Paid Search,14,82.1,615,0.0,0,27.2,0.674,0,1081.35,15,1,57.9,0
C000549,Startup,Europe,Enterprise,Partner,5,778.25,723,25.0,0,64.6,0.164,0,9686.66,13,1,68.7,0
C000550,Mid-Market,APAC,Free,Paid Search,37,0.0,487,14.0,1,-5.9,0.174,0,54.010000000000005,12,1,50.6,0
C000551,Startup,North America,Free,Sales,7,0.0,312,27.0,2,19.7,0.431,0,39.52,6,2,71.0,1
C000552,Enterprise,APAC,Business,Organic,443,193.19,898,10.0,2,48.6,0.656,0,3949.9900000000002,21,2,65.5,0
C000553,SMB,LATAM,Free,Sales,13,0.0,276,1.0,1,82.6,0.021,0,0.0,1,1,43.3,1
C000554,SMB,APAC,Starter,Organic,4,25.39,1006,18.0,1,35.4,0.475,0,716.15,28,1,67.4,0
C000555,SMB,LATAM,Starter,Organic,17,30.48,53,4.0,3,9.2,0.637,0,52.16,2,3,54.1,1
C000556,SMB,Europe,Starter,Organic,12,25.13,739,17.0,1,82.0,0.264,0,478.18,17,2,64.8,0
C000557,SMB,Europe,Free,Organic,21,0.0,408,0.0,1,31.8,0.441,0,35.74,11,1,49.9,0
C000558,Mid-Market,North America,Pro,Paid Search,60,89.94,209,4.0,1,51.6,0.196,0,267.41999999999996,3,2,48.1,0
C000559,Mid-Market,APAC,Starter,Referral,20,29.81,327,17.0,2,26.6,0.242,0,253.43,8,2,57.1,0
C000560,Mid-Market,APAC,Pro,Referral,54,88.34,243,18.0,0,38.6,0.701,1,451.84000000000003,5,2,74.0,0
C000561,SMB,Europe,Starter,Referral,8,26.12,693,4.0,2,20.9,0.57,0,343.7,13,2,54.8,0
C000562,SMB,North America,Enterprise,Organic,8,1451.04,1398,5.0,0,91.4,0.404,0,38559.520000000004,28,0,60.7,0
C000563,Mid-Market,Europe,Pro,Referral,27,83.9,755,24.0,3,64.8,0.186,1,915.16,11,4,62.0,0
C000564,Startup,APAC,Enterprise,Paid Search,2,301.92,1201,0.0,1,79.2,0.365,1,9003.41,29,1,50.4,0
C000565,Mid-Market,LATAM,Starter,Referral,54,32.53,189,6.0,1,15.3,0.433,0,333.96999999999997,9,1,53.4,1
C000566,SMB,North America,Free,Referral,18,0.0,1122,27.0,1,-10.6,0.281,0,85.87,16,1,65.0,0
C000567,SMB,North America,Business,Organic,10,222.57,1134,15.0,1,27.7,0.414,0,5766.68,27,2,62.1,0
C000568,Mid-Market,Europe,Business,Paid Search,61,208.61,1104,0.0,0,97.9,0.022,1,6252.47,29,1,43.4,0
C000569,SMB,North America,Free,Sales,22,0.0,542,24.0,1,27.0,0.36,0,33.87,6,2,68.4,0
C000570,SMB,LATAM,Pro,Organic,12,88.02,644,9.0,0,61.3,0.382,1,1481.45,17,0,58.6,0
C000571,Enterprise,Europe,Pro,Referral,425,67.47,104,20.0,2,9.4,0.633,0,165.79,2,2,69.8,0
C000572,Startup,Europe,Free,Sales,4,0.0,865,17.0,1,14.3,0.273,0,113.91,20,2,58.3,0
C000573,Startup,North America,Pro,Paid Search,3,79.19,1057,10.0,1,33.0,0.545,1,2261.66,28,1,60.1,0
C000574,SMB,Europe,Starter,Paid Search,7,26.0,1390,10.0,1,87.7,0.574,0,567.69,22,1,68.4,0
C000575,Startup,LATAM,Free,Paid Search,3,0.0,1450,15.0,3,62.5,0.523,0,155.99,29,5,65.8,0
C000576,Startup,Europe,Business,Referral,7,180.14,926,10.0,1,-16.3,0.498,1,3591.92,21,1,53.7,0
C000577,Mid-Market,North America,Pro,Paid Search,24,72.99,137,4.0,1,51.7,0.418,0,179.54000000000002,2,1,54.8,0
C000578,SMB,North America,Business,Paid Search,8,211.17,712,20.0,0,6.3,0.53,0,4148.22,22,0,69.4,0
C000579,SMB,LATAM,Pro,Organic,6,90.02,183,18.0,1,18.0,0.346,0,523.44,6,1,61.8,0
C000580,Mid-Market,LATAM,Enterprise,Sales,43,7180.37,1315,16.0,0,47.8,0.457,0,151926.91,22,0,67.8,0
C000581,Mid-Market,North America,Starter,Sales,78,29.45,1327,20.0,2,70.0,0.347,0,631.0699999999999,22,2,67.3,0
C000582,Enterprise,Europe,Starter,Partner,197,28.93,269,14.0,1,68.7,0.662,1,110.08,4,1,70.7,1
C000583,SMB,North America,Starter,Sales,3,25.87,1308,25.0,2,43.3,0.637,1,644.2,26,2,75.8,0
C000584,SMB,Europe,Pro,Partner,11,84.93,1386,24.0,2,43.6,0.235,1,2241.23,28,3,62.8,0
C000585,SMB,North America,Pro,Sales,11,88.76,883,27.0,3,68.7,0.423,0,1212.68,12,3,74.2,0
C000586,Mid-Market,APAC,Pro,Organic,24,76.0,138,3.0,1,-4.4,0.548,0,130.22,2,1,52.2,1
C000587,Mid-Market,LATAM,Starter,Organic,64,25.66,475,2.0,1,80.7,0.671,0,270.26,11,2,63.5,0
C000588,SMB,North America,Free,Sales,10,0.0,1319,13.0,1,16.6,0.589,0,81.88,17,3,64.4,0
C000589,SMB,Europe,Business,Paid Search,10,213.68,263,19.0,3,41.5,0.435,0,1284.35,7,3,64.7,0
C000590,Startup,North America,Business,Paid Search,7,177.62,254,6.0,1,22.6,0.215,0,686.58,4,1,47.6,0
C000591,Startup,North America,Starter,Referral,3,26.75,316,3.0,1,6.1,0.468,0,130.24,4,1,50.8,0
C000592,Startup,North America,Pro,Partner,7,75.21,170,1.0,2,46.5,0.413,1,218.78,3,2,47.9,1
C000593,Startup,North America,Pro,Paid Search,7,74.82,1117,15.0,0,40.9,0.415,0,1254.26,16,1,64.9,0
C000594,Startup,LATAM,Business,Paid Search,2,185.61,60,27.0,1,32.4,0.642,0,0.0,0,1,80.1,0
C000595,SMB,North America,Starter,Paid Search,23,29.75,1002,13.0,1,31.2,0.557,1,498.38,16,3,62.9,0
C000596,Enterprise,APAC,Pro,Organic,98,87.32,314,20.0,1,73.1,0.607,1,655.79,8,2,74.9,0
C000597,Enterprise,North America,Free,Organic,465,0.0,632,1.0,0,89.8,0.699,1,28.94,8,0,63.8,0
C000598,Mid-Market,Europe,Starter,Paid Search,24,26.05,346,6.0,0,66.3,0.448,0,114.78999999999999,4,1,60.4,0
C000599,Mid-Market,Europe,Business,Referral,56,177.59,563,19.0,3,41.9,0.43,0,2947.55,17,4,64.6,0
C000600,Mid-Market,LATAM,Starter,Paid Search,75,33.06,542,11.0,0,-5.9,0.499,1,564.4,17,2,57.2,0
C000601,Startup,North America,Free,Paid Search,3,0.0,579,0.0,0,50.7,0.103,0,132.32,19,1,43.2,0
C000602,Mid-Market,North America,Starter,Partner,53,32.78,347,6.0,1,51.8,0.482,0,272.35,8,1,58.5,0
C000603,Startup,APAC,Starter,Organic,1,28.7,404,22.0,0,54.3,0.321,1,137.89,5,0,67.7,0
C000604,SMB,APAC,Pro,Paid Search,5,67.29,1268,19.0,1,6.5,0.553,0,2269.42,34,1,67.7,0
C000605,SMB,APAC,Starter,Organic,21,26.78,279,22.0,2,56.3,0.665,1,139.63,4,4,75.2,0
C000606,SMB,North America,Business,Partner,19,205.93,694,9.0,1,74.0,0.473,0,1579.49,8,2,63.1,0
C000607,Mid-Market,North America,Business,Organic,76,181.53,998,26.0,1,10.4,0.088,0,4169.52,22,3,60.4,0
C000608,SMB,APAC,Starter,Paid Search,24,32.68,725,25.0,1,52.1,0.88,1,345.63,10,1,85.4,0
C000609,Mid-Market,Europe,Business,Partner,58,170.99,78,10.0,2,14.7,0.4,0,0.0,0,2,54.4,0
C000610,Startup,Europe,Free,Referral,2,0.0,234,5.0,0,32.4,0.632,0,44.19,7,0,61.7,0
C000611,Mid-Market,North America,Starter,Referral,58,27.66,268,26.0,0,11.3,0.639,0,84.63,4,0,78.5,0
C000612,Mid-Market,North America,Free,Sales,33,0.0,799,9.0,0,26.2,0.853,2,118.92,17,0,67.2,0
C000613,SMB,LATAM,Free,Partner,22,0.0,339,13.0,2,26.4,0.526,0,67.38,6,2,62.0,0
C000614,SMB,APAC,Free,Paid Search,11,0.0,910,26.0,0,45.3,0.815,0,168.43,22,1,87.2,0
C000615,SMB,North America,Free,Organic,18,0.0,479,7.0,2,57.3,0.424,0,26.81,11,2,56.7,0
C000616,SMB,LATAM,Business,Organic,10,207.19,546,24.0,2,65.4,0.079,0,1633.3899999999999,8,2,62.3,0
C000617,Mid-Market,Europe,Pro,Organic,68,88.92,1103,4.0,5,18.7,0.584,0,1590.21,17,7,50.5,1
C000618,SMB,North America,Enterprise,Organic,17,2920.37,1079,8.0,2,44.0,0.863,0,26355.88,10,2,69.4,1
C000619,Mid-Market,North America,Pro,Paid Search,62,70.74,1373,10.0,3,7.5,0.071,1,2166.59,32,5,40.3,0
C000620,Mid-Market,APAC,Pro,Referral,20,88.94,1261,13.0,3,32.2,0.252,0,1802.64,21,3,52.9,0
C000621,Mid-Market,North America,Starter,Partner,53,28.56,840,6.0,0,36.1,0.795,1,475.4,18,1,65.8,0
C000622,Mid-Market,Europe,Pro,Paid Search,55,77.19,777,24.0,0,11.9,0.772,0,869.69,13,0,80.8,0
C000623,Mid-Market,APAC,Starter,Paid Search,19,25.24,1224,18.0,0,49.0,0.198,0,585.87,24,1,61.9,1
C000624,SMB,North America,Enterprise,Organic,5,885.19,864,18.0,0,31.1,0.662,1,14727.539999999999,16,0,72.0,0
C000625,Mid-Market,LATAM,Enterprise,Paid Search,20,3593.37,597,20.0,1,38.9,0.55,0,66622.73,18,1,71.7,0
C000626,Mid-Market,North America,Starter,Paid Search,40,32.44,1128,17.0,2,65.6,0.374,0,570.33,18,2,65.0,0
C000627,SMB,Europe,Pro,Paid Search,24,71.74,977,18.0,1,24.3,0.484,0,1428.57,19,3,66.5,0
C000628,Mid-Market,APAC,Pro,Organic,42,69.74,935,18.0,2,56.3,0.401,0,1367.14,18,3,65.7,0
C000629,SMB,Europe,Pro,Sales,10,72.42,738,20.0,1,71.1,0.445,0,1166.88,16,1,71.8,0
C000630,Startup,Europe,Free,Paid Search,4,0.0,937,25.0,1,69.5,0.282,0,64.33,16,1,71.2,0
C000631,SMB,Europe,Pro,Partner,6,75.11,407,5.0,1,30.3,0.444,1,602.3,7,2,52.3,0
C000632,Startup,LATAM,Business,Organic,4,199.62,992,14.0,1,10.7,0.657,0,4794.4,25,1,66.8,0
C000633,Enterprise,APAC,Starter,Organic,450,33.23,840,5.0,0,17.3,0.162,0,679.38,20,0,46.1,0
C000634,Enterprise,APAC,Pro,Paid Search,119,75.88,918,5.0,1,-4.7,0.298,0,1658.93,21,1,46.4,0
C000635,SMB,North America,Free,Sales,3,0.0,1199,26.0,3,52.2,0.189,0,91.68,18,3,64.6,0
C000636,SMB,Europe,Enterprise,Organic,15,2185.86,480,13.0,1,53.7,0.406,0,18995.28,9,1,62.7,0
C000637,Startup,Europe,Free,Paid Search,2,0.0,1124,19.0,3,37.9,0.194,0,212.32,27,4,57.1,0
C000638,Enterprise,North America,Starter,Sales,358,30.64,1036,20.0,2,0.6,0.12,1,772.29,26,3,51.5,0
C000639,SMB,APAC,Starter,Paid Search,9,28.65,327,0.0,4,25.9,0.192,1,138.26,5,7,35.4,0
C000640,Mid-Market,North America,Business,Paid Search,21,217.8,104,13.0,4,69.5,0.623,1,154.14,1,4,64.2,1
C000641,Mid-Market,North America,Pro,Partner,67,67.51,501,5.0,3,50.2,0.707,1,566.95,9,4,59.2,1
C000642,Mid-Market,North America,Free,Paid Search,19,0.0,150,8.0,2,54.6,0.357,1,0.0,1,2,53.3,1
C000643,Startup,North America,Starter,Sales,2,29.92,239,5.0,1,100.0,0.607,0,255.26999999999998,8,1,66.2,0
C000644,Enterprise,North America,Business,Organic,392,222.81,773,18.0,3,43.2,0.102,0,3691.16,17,4,54.0,0
C000645,Startup,Europe,Starter,Referral,4,26.43,359,3.0,2,-19.0,0.24,0,267.64,11,3,40.0,0
C000646,SMB,Europe,Free,Organic,24,0.0,991,12.0,0,7.5,0.605,0,156.6,23,1,64.6,0
C000647,SMB,North America,Enterprise,Referral,14,2232.99,802,8.0,4,42.6,0.231,1,45029.44,21,4,45.3,0
C000648,SMB,North America,Starter,Referral,17,29.21,695,26.0,0,35.5,0.399,0,363.77,12,3,73.7,0
C000649,Startup,APAC,Pro,Referral,1,73.85,87,22.0,1,30.7,0.341,3,252.72,4,1,60.4,1
C000650,Mid-Market,North America,Starter,Referral,28,29.09,247,9.0,0,31.1,0.452,1,156.73000000000002,5,1,57.7,0
C000651,Enterprise,Europe,Business,Referral,494,178.87,761,8.0,2,15.4,0.234,1,2537.17,15,3,45.7,0
C000652,SMB,Europe,Business,Organic,21,191.3,527,20.0,1,44.3,0.205,0,2378.54,13,1,61.9,0
C000653,Mid-Market,Europe,Starter,Organic,64,32.87,1171,17.0,1,69.9,0.466,0,1117.56,35,3,69.6,0
C000654,Mid-Market,APAC,Pro,Paid Search,16,71.54,310,15.0,1,78.3,0.533,0,198.76999999999998,3,1,70.7,0
C000655,Mid-Market,Europe,Enterprise,Paid Search,37,5268.94,670,2.0,2,77.6,0.7,0,72095.7,13,3,62.5,0
C000656,Mid-Market,LATAM,Business,Paid Search,25,170.94,699,2.0,2,11.1,0.274,0,3569.74,20,3,43.1,0
C000657,Enterprise,APAC,Starter,Referral,173,31.02,365,17.0,0,34.5,0.339,0,203.17,6,2,63.8,0
C000658,Enterprise,North America,Starter,Referral,213,30.04,555,13.0,2,27.2,0.5,0,357.25,13,3,61.3,0
C000659,Startup,North America,Business,Sales,3,181.19,1357,23.0,0,49.8,0.762,0,4972.03,26,0,83.4,0
C000660,Mid-Market,North America,Free,Paid Search,62,0.0,1048,0.0,2,32.9,0.405,0,131.01,21,2,47.4,0
C000661,Startup,North America,Free,Referral,5,0.0,1208,5.0,1,29.4,0.487,0,15.91,7,1,55.5,1
C000662,Startup,Europe,Starter,Referral,4,30.73,410,22.0,3,71.4,0.425,0,159.8,6,4,70.0,0
C000663,Mid-Market,North America,Business,Sales,57,177.38,1410,27.0,2,37.5,0.197,1,5869.34,32,3,63.8,0
C000664,SMB,North America,Starter,Referral,9,31.22,1171,20.0,0,38.1,0.313,0,742.25,25,1,66.1,0
C000665,SMB,North America,Starter,Organic,14,27.61,606,0.0,1,45.3,0.608,0,445.83,17,2,56.3,0
C000666,SMB,Europe,Pro,Organic,23,78.42,467,1.0,2,51.9,0.531,1,687.94,9,2,52.0,0
C000667,Enterprise,APAC,Starter,Sales,151,31.67,741,24.0,2,52.0,0.617,1,655.75,20,3,75.1,0
C000668,Mid-Market,LATAM,Starter,Referral,27,29.28,230,13.0,0,73.8,0.709,0,168.44,6,0,75.3,0
C000669,Enterprise,North America,Pro,Referral,364,76.3,146,13.0,4,2.9,0.439,1,195.64,3,4,52.1,0
C000670,SMB,North America,Starter,Referral,6,27.98,1272,26.0,0,43.1,0.35,1,617.66,22,0,71.0,0
C000671,Startup,LATAM,Enterprise,Referral,5,804.48,98,6.0,1,32.4,0.297,0,1767.21,2,2,51.0,0
C000672,SMB,APAC,Starter,Referral,11,26.08,582,7.0,1,27.5,0.73,0,197.67000000000002,7,2,64.4,0
C000673,SMB,Europe,Business,Sales,14,185.72,551,19.0,1,53.9,0.282,0,1031.9,5,1,64.3,1
C000674,Startup,Europe,Pro,Sales,2,80.35,1325,25.0,2,67.4,0.319,1,988.78,12,3,68.6,1
C000675,SMB,North America,Free,Paid Search,3,0.0,571,10.0,3,20.2,0.681,0,92.89,15,4,61.9,0
C000676,Enterprise,APAC,Free,Organic,469,0.0,423,4.0,1,77.2,0.46,1,66.72,8,1,56.6,0
C000677,Startup,Europe,Pro,Organic,5,73.25,630,1.0,0,-0.8,0.6,1,712.19,10,0,51.8,0
C000678,Mid-Market,Europe,Starter,Paid Search,61,30.19,1340,0.0,0,49.8,0.499,1,637.75,22,1,53.0,0
C000679,Enterprise,Europe,Starter,Referral,275,25.72,712,10.0,2,12.7,0.15,1,346.40999999999997,14,3,44.7,1
C000680,SMB,North America,Enterprise,Referral,7,1119.35,122,14.0,0,19.0,0.366,0,3353.57,3,0,60.4,0
C000681,Startup,North America,Pro,Paid Search,2,84.93,426,13.0,0,36.5,0.213,1,819.88,8,1,54.6,0
C000682,Mid-Market,APAC,Enterprise,Paid Search,50,7547.51,1264,6.0,1,25.0,0.281,0,269547.35,34,1,49.8,0
C000683,SMB,Europe,Starter,Paid Search,6,31.29,88,18.0,6,-36.6,0.269,0,42.2,1,6,46.5,1
C000684,Mid-Market,North America,Starter,Referral,34,27.52,89,24.0,2,50.3,0.195,0,23.89,1,2,64.3,0
C000685,Enterprise,North America,Pro,Partner,177,85.46,1218,6.0,0,54.5,0.771,0,2777.13,33,0,68.9,0
C000686,Enterprise,LATAM,Starter,Organic,94,32.19,315,18.0,3,31.0,0.4,1,110.44999999999999,3,3,59.7,1
C000687,SMB,North America,Starter,Paid Search,6,25.07,879,15.0,3,29.0,0.744,0,570.19,21,3,69.1,0
C000688,Startup,Europe,Free,Partner,4,0.0,612,19.0,1,25.7,0.364,0,34.379999999999995,9,3,64.0,0
C000689,Mid-Market,Europe,Free,Paid Search,54,0.0,824,0.0,1,-7.8,0.659,0,21.1,5,1,52.5,1
C000690,Mid-Market,APAC,Business,Referral,27,174.74,341,18.0,1,-10.4,0.095,0,819.28,5,2,51.4,0
C000691,Mid-Market,Europe,Starter,Sales,51,25.78,35,20.0,3,55.1,0.118,1,23.16,1,3,55.4,0
C000692,Enterprise,APAC,Enterprise,Organic,389,53123.03,323,19.0,2,61.6,0.378,1,301823.04,5,2,64.5,0
C000693,SMB,North America,Starter,Organic,14,26.96,129,23.0,0,49.9,0.476,1,77.82,3,1,72.8,0
C000694,SMB,LATAM,Starter,Paid Search,5,29.78,108,20.0,0,44.5,0.651,1,37.6,1,1,74.8,0
C000695,SMB,LATAM,Starter,Organic,19,26.87,1332,27.0,2,54.6,0.445,0,616.6,24,2,74.9,0
C000696,Mid-Market,Europe,Pro,Paid Search,67,90.11,1098,18.0,1,52.9,0.378,1,2149.63,23,1,64.2,0
C000697,SMB,Europe,Business,Organic,8,196.66,428,12.0,1,15.4,0.384,0,1432.57,8,1,57.3,0
C000698,Enterprise,North America,Business,Organic,182,205.7,617,23.0,1,40.6,0.425,1,2490.38,11,2,68.8,0
C000699,Mid-Market,Europe,Free,Referral,51,0.0,1389,19.0,3,27.6,0.128,0,82.37,36,4,54.1,0
C000700,Startup,North America,Starter,Organic,3,30.14,1325,15.0,3,27.9,0.58,0,684.6800000000001,23,3,64.1,0
C000701,SMB,North America,Business,Referral,9,185.4,716,16.0,1,63.5,0.727,2,518.89,3,1,71.9,1
C000702,Startup,LATAM,Free,Paid Search,4,0.0,579,9.0,1,74.4,0.256,0,104.53,12,1,56.7,0
C000703,Startup,North America,Pro,Paid Search,3,86.6,1221,17.0,1,-23.7,0.474,0,2270.32,25,1,60.5,0
C000704,SMB,Europe,Starter,Organic,3,24.75,1216,13.0,1,28.6,0.273,1,567.97,20,2,54.2,0
C000705,Startup,North America,Starter,Organic,7,28.23,1276,3.0,2,27.3,0.445,0,692.2,25,3,50.8,1
C000706,SMB,North America,Starter,Paid Search,12,28.26,653,12.0,1,64.0,0.534,1,280.96,10,2,64.6,1
C000707,Enterprise,North America,Starter,Referral,357,29.39,1449,26.0,4,-1.3,0.568,0,714.17,24,5,69.1,0
C000708,Enterprise,North America,Business,Sales,408,217.15,642,9.0,0,-39.7,0.748,1,2655.43,13,0,59.5,0
C000709,Enterprise,Europe,Pro,Organic,147,87.77,780,18.0,0,55.5,0.41,0,687.36,8,0,68.9,0
C000710,Enterprise,LATAM,Enterprise,Organic,77,12594.35,794,11.0,1,59.1,0.33,1,167202.23,14,3,57.1,0
C000711,Mid-Market,Europe,Pro,Organic,65,83.67,489,7.0,0,-9.6,0.435,1,533.54,7,0,51.3,1
C000712,SMB,LATAM,Starter,Referral,15,27.13,713,10.0,2,31.9,0.41,0,349.0,14,3,56.4,0
C000713,SMB,Europe,Pro,Organic,8,69.21,420,26.0,1,73.3,0.39,0,984.74,13,2,75.7,0
C000714,SMB,Europe,Starter,Organic,24,24.71,368,3.0,0,8.0,0.414,0,118.0,5,0,50.9,1
C000715,Mid-Market,North America,Business,Sales,51,170.52,145,18.0,1,37.5,0.112,0,774.65,4,2,56.7,0
C000716,SMB,North America,Starter,Referral,19,30.99,318,23.0,2,47.7,0.21,0,160.93,5,2,63.6,0
C000717,Mid-Market,APAC,Enterprise,Partner,18,2624.01,720,5.0,3,-0.7,0.352,1,13419.91,6,5,43.5,0
C000718,Enterprise,Europe,Pro,Organic,248,83.93,757,21.0,0,20.9,0.28,1,978.63,11,1,62.2,0
C000719,Mid-Market,Europe,Pro,Paid Search,54,69.33,1123,17.0,0,-7.3,0.8,0,1358.35,20,1,73.4,0
C000720,Mid-Market,APAC,Pro,Organic,30,86.39,603,9.0,0,30.9,0.506,0,1174.16,13,0,61.3,0
C000721,Mid-Market,North America,Pro,Partner,21,81.97,1262,4.0,2,15.2,0.598,0,1891.91,25,3,55.0,0
C000722,Startup,APAC,Pro,Referral,2,76.14,129,26.0,0,40.2,0.349,0,335.29,4,1,72.7,0
C000723,SMB,North America,Pro,Organic,6,86.65,252,5.0,2,50.9,0.456,1,518.71,6,4,53.2,0
C000724,SMB,LATAM,Starter,Sales,4,30.7,1289,26.0,3,69.7,0.56,0,983.23,33,3,77.5,0
C000725,Mid-Market,North America,Pro,Paid Search,71,86.93,337,18.0,1,93.3,0.523,0,629.81,7,2,74.6,0
C000726,Startup,North America,Starter,Referral,5,30.83,1293,23.0,5,40.2,0.028,0,840.5699999999999,28,5,52.9,0
C000727,SMB,APAC,Pro,Organic,22,68.33,429,8.0,0,27.1,0.199,0,745.0,11,1,50.8,0
C000728,Mid-Market,North America,Pro,Paid Search,40,80.62,1335,0.0,1,25.6,0.599,1,2592.56,32,1,52.0,0
C000729,SMB,LATAM,Starter,Organic,16,29.38,762,18.0,2,10.9,0.695,0,456.27,15,2,70.0,0
C000730,SMB,Europe,Business,Referral,11,218.22,520,10.0,0,46.2,0.274,0,1502.6,9,0,56.8,0
C000731,SMB,North America,Pro,Organic,23,71.39,418,15.0,1,22.6,0.649,0,555.57,7,3,68.6,0
C000732,Enterprise,North America,Pro,Paid Search,394,72.49,862,12.0,0,48.0,0.269,1,1398.59,20,0,56.6,0
C000733,SMB,LATAM,Pro,Referral,19,69.41,143,9.0,1,11.7,0.313,0,123.19,2,1,52.1,0
C000734,Enterprise,Europe,Pro,Referral,397,77.85,353,20.0,3,23.3,0.069,0,697.1700000000001,9,5,52.8,1
C000735,Mid-Market,APAC,Business,Partner,21,169.45,1163,14.0,3,45.8,0.805,0,3051.7,19,3,71.7,0
C000736,Mid-Market,North America,Starter,Partner,63,30.04,501,17.0,0,31.9,0.251,0,462.65999999999997,16,1,60.9,0
C000737,Startup,LATAM,Free,Partner,3,0.0,416,18.0,0,-13.0,0.188,0,19.47,7,1,55.4,0
C000738,Mid-Market,Europe,Pro,Partner,74,70.73,983,18.0,0,34.6,0.217,0,1488.69,21,0,61.0,0
C000739,Mid-Market,Europe,Starter,Paid Search,65,25.51,405,9.0,0,15.0,0.303,0,126.33,5,1,53.6,0
C000740,Mid-Market,North America,Free,Organic,53,0.0,176,21.0,0,64.5,0.283,1,16.26,4,0,66.7,1
C000741,Startup,North America,Free,Paid Search,5,0.0,292,6.0,1,59.3,0.704,0,0.0,5,1,65.9,0
C000742,SMB,LATAM,Starter,Organic,13,24.96,370,26.0,0,-22.1,0.393,0,203.62,8,0,67.8,0
C000743,Startup,LATAM,Enterprise,Paid Search,7,1025.03,553,22.0,2,55.0,0.283,0,13006.16,12,2,65.6,0
C000744,Mid-Market,North America,Starter,Paid Search,42,30.96,1074,15.0,0,44.7,0.567,0,670.12,20,0,69.9,0
C000745,Enterprise,LATAM,Starter,Organic,496,24.7,323,5.0,3,-2.1,0.419,0,94.77,4,3,47.3,1
C000746,SMB,North America,Enterprise,Referral,12,1775.13,940,25.0,2,57.0,0.609,0,40198.03,22,2,78.3,0
C000747,Mid-Market,North America,Enterprise,Referral,25,3667.86,699,15.0,2,3.0,0.768,0,61919.66,16,2,68.7,0
C000748,Startup,North America,Starter,Partner,2,26.9,1011,22.0,0,63.6,0.179,0,302.25,11,1,66.4,0
C000749,Startup,North America,Business,Sales,3,182.31,1013,0.0,2,18.8,0.136,1,4840.11,24,2,36.0,0
C000750,SMB,North America,Free,Organic,22,0.0,1235,9.0,1,-3.0,0.287,0,34.379999999999995,15,1,49.8,1
C000751,Startup,North America,Business,Organic,4,214.99,86,8.0,1,88.0,0.263,0,251.07,1,3,57.3,0
C000752,SMB,North America,Free,Organic,7,0.0,1249,22.0,6,-3.7,0.578,1,162.79,32,7,60.6,0
C000753,Mid-Market,APAC,Starter,Paid Search,46,27.51,1337,13.0,0,14.8,0.466,1,749.87,27,1,60.1,0
C000754,SMB,APAC,Starter,Organic,10,30.88,122,3.0,1,19.8,0.447,0,23.61,1,2,51.6,0
C000755,Enterprise,APAC,Pro,Referral,156,75.05,667,17.0,1,23.6,0.14,0,1583.35,21,1,55.2,0
C000756,Startup,North America,Free,Paid Search,2,0.0,834,4.0,0,52.5,0.14,0,92.14,19,1,48.0,0
C000757,Enterprise,APAC,Pro,Paid Search,70,81.38,406,12.0,1,36.4,0.501,0,1087.75,13,3,62.9,0
C000758,Mid-Market,North America,Pro,Paid Search,74,80.35,912,27.0,1,60.1,0.431,0,1485.6499999999999,18,1,76.5,0
C000759,SMB,APAC,Free,Paid Search,17,0.0,1278,12.0,3,44.3,0.205,0,0.0,12,6,51.8,1
C000760,Enterprise,Europe,Business,Referral,359,184.91,417,12.0,1,-6.8,0.405,0,2585.11,13,1,55.7,0
C000761,Enterprise,North America,Starter,Partner,382,30.35,1209,1.0,1,48.7,0.219,0,816.71,27,2,45.8,0
C000762,SMB,North America,Starter,Referral,18,28.1,670,12.0,2,40.8,0.078,1,87.39,3,3,47.1,1
C000763,Enterprise,APAC,Starter,Partner,219,29.7,103,26.0,2,19.4,0.268,2,40.98,1,2,61.2,0
C000764,SMB,LATAM,Starter,Paid Search,22,28.24,122,26.0,1,86.8,0.344,0,160.06,5,1,75.7,0
C000765,Mid-Market,Europe,Starter,Paid Search,34,31.54,945,26.0,1,50.2,0.429,0,651.97,21,2,74.6,0
C000766,Mid-Market,LATAM,Pro,Referral,46,89.42,345,10.0,1,58.5,0.536,1,770.15,9,1,62.4,0
C000767,Mid-Market,LATAM,Pro,Paid Search,64,89.51,584,1.0,0,59.4,0.21,0,751.88,8,2,48.1,0
C000768,SMB,North America,Starter,Paid Search,8,24.96,775,6.0,4,24.5,0.625,0,526.88,21,4,55.6,0
C000769,Startup,APAC,Starter,Organic,4,28.77,1260,5.0,1,50.8,0.492,0,901.97,31,1,57.8,0
C000770,Mid-Market,North America,Business,Partner,41,190.89,922,2.0,1,42.9,0.589,0,3277.2,18,1,57.2,0
C000771,Startup,Europe,Starter,Organic,6,25.44,528,19.0,0,21.1,0.621,1,462.51,18,0,70.7,0
C000772,SMB,North America,Pro,Sales,16,87.02,50,14.0,1,4.5,0.115,3,0.0,0,1,43.9,0
C000773,SMB,LATAM,Business,Organic,19,209.02,1454,20.0,3,35.6,0.636,0,7776.71,36,4,71.0,0
C000774,SMB,APAC,Starter,Paid Search,19,29.6,434,5.0,2,49.7,0.58,0,110.48,4,3,58.8,1
C000775,SMB,North America,Pro,Organic,20,88.95,250,19.0,3,35.4,0.372,0,520.94,6,3,62.2,0
C000776,Startup,North America,Enterprise,Organic,1,166.66,100,1.0,0,30.4,0.552,0,339.93,2,0,55.5,0
C000777,SMB,Europe,Pro,Paid Search,18,88.96,854,20.0,1,35.7,0.711,0,1277.97,15,1,76.3,0
C000778,SMB,APAC,Enterprise,Referral,8,1343.69,1291,22.0,3,27.8,0.393,0,30503.77,22,3,64.7,0
C000779,Mid-Market,LATAM,Starter,Organic,20,25.33,1073,7.0,1,73.7,0.314,0,398.79,15,1,56.5,1
C000780,Enterprise,North America,Pro,Organic,254,67.57,244,9.0,1,41.8,0.396,0,143.82,2,2,57.6,1
C000781,SMB,Europe,Starter,Organic,5,32.27,205,12.0,1,22.8,0.51,0,119.2,4,3,61.8,0
C000782,Enterprise,Europe,Free,Paid Search,168,0.0,549,16.0,1,-10.2,0.382,0,111.79,18,1,58.2,0
C000783,Mid-Market,North America,Enterprise,Sales,72,10923.88,1285,14.0,1,30.1,0.377,1,386144.94,36,1,58.3,0
C000784,Enterprise,Europe,Starter,Paid Search,171,29.87,1286,2.0,0,20.6,0.258,0,972.94,32,1,46.6,0
C000785,Mid-Market,North America,Enterprise,Referral,26,4076.08,777,10.0,3,19.7,0.365,1,55843.009999999995,14,4,50.3,0
C000786,SMB,North America,Pro,Paid Search,18,74.15,619,14.0,2,58.6,0.138,0,890.4,13,2,54.5,0
C000787,SMB,Europe,Enterprise,Paid Search,11,1678.99,1414,17.0,2,37.0,0.35,1,76109.82,45,3,59.4,0
C000788,SMB,LATAM,Enterprise,Referral,9,1491.56,479,17.0,2,-7.1,0.413,1,7790.15,5,2,56.9,0
C000789,Enterprise,North America,Pro,Organic,233,82.28,682,18.0,2,50.5,0.542,0,1251.75,15,4,69.4,0
C000790,SMB,North America,Enterprise,Referral,3,541.67,1443,12.0,0,-4.6,0.517,0,13319.08,23,0,60.8,0
C000791,Mid-Market,APAC,Business,Paid Search,77,216.67,1324,14.0,3,52.3,0.413,1,4269.54,21,4,58.6,0
C000792,SMB,LATAM,Pro,Paid Search,12,84.86,811,9.0,0,23.1,0.052,1,1414.8899999999999,17,1,44.9,1
C000793,SMB,Europe,Pro,Sales,6,85.94,427,7.0,1,37.2,0.294,1,725.68,8,2,50.3,0
C000794,SMB,North America,Starter,Paid Search,10,24.8,280,8.0,2,34.4,0.641,0,239.13,11,2,61.8,0
C000795,SMB,APAC,Free,Sales,5,0.0,844,12.0,4,31.3,0.173,0,52.449999999999996,17,5,48.0,0
C000796,Startup,Europe,Starter,Sales,2,32.98,1038,3.0,2,40.2,0.547,0,1028.82,30,2,55.1,0
C000797,SMB,Europe,Starter,Organic,17,26.67,76,6.0,0,37.0,0.426,0,113.27,5,0,56.8,0
C000798,SMB,North America,Starter,Paid Search,10,31.97,805,3.0,2,81.7,0.093,0,282.15999999999997,8,3,45.6,1
C000799,SMB,North America,Pro,Referral,7,76.14,1009,11.0,0,40.6,0.078,0,1376.23,18,0,51.2,0
C000800,Enterprise,North America,Pro,Organic,421,84.13,828,13.0,0,41.2,0.647,3,1907.62,21,3,64.1,0
C000801,Startup,APAC,Pro,Referral,2,73.42,1443,4.0,1,17.3,0.224,0,2570.77,35,1,45.5,0
C000802,Mid-Market,North America,Business,Organic,41,225.36,1029,3.0,1,44.5,0.25,1,5286.38,22,1,46.1,0
C000803,Mid-Market,North America,Enterprise,Organic,55,9834.05,723,14.0,0,9.4,0.299,0,140526.06,14,2,57.4,0
C000804,Startup,Europe,Business,Paid Search,1,217.87,147,6.0,0,63.8,0.371,0,575.8199999999999,3,2,57.9,0
C000805,SMB,APAC,Pro,Referral,21,68.54,405,24.0,1,-2.1,0.353,0,686.48,11,1,65.3,0
C000806,Enterprise,North America,Starter,Referral,141,25.25,343,4.0,1,13.9,0.478,0,175.94,7,1,52.8,0
C000807,Enterprise,APAC,Enterprise,Partner,394,63495.67,681,13.0,2,-5.7,0.423,0,623432.29,12,2,55.7,0
C000808,Enterprise,Europe,Starter,Organic,292,32.3,1302,22.0,1,45.5,0.742,0,1021.14,32,1,80.0,0
C000809,SMB,North America,Starter,Paid Search,9,26.56,901,2.0,1,24.4,0.302,0,487.24,18,1,46.8,0
C000810,Enterprise,LATAM,Starter,Organic,64,25.78,35,12.0,2,52.1,0.429,0,18.66,1,3,60.8,0
C000811,Startup,APAC,Pro,Organic,7,78.01,1397,13.0,0,10.6,0.714,2,2576.34,32,0,65.1,0
C000812,Startup,North America,Pro,Paid Search,1,89.28,203,15.0,1,48.3,0.56,0,418.48,5,1,68.5,0
C000813,SMB,North America,Free,Partner,11,0.0,482,24.0,0,49.5,0.357,2,26.22,5,0,68.1,0
C000814,SMB,North America,Business,Organic,6,224.73,1055,16.0,0,40.3,0.302,2,4062.06,18,2,58.4,0
C000815,Mid-Market,North America,Starter,Organic,34,29.08,348,10.0,2,35.8,0.531,0,442.47,14,2,60.4,0
C000816,Enterprise,Europe,Starter,Partner,340,32.81,264,11.0,0,38.4,0.614,0,88.71000000000001,3,1,67.1,0
C000817,SMB,LATAM,Starter,Organic,5,33.19,1399,17.0,1,12.2,0.772,1,999.75,30,2,71.1,0
C000818,Enterprise,APAC,Starter,Sales,235,32.57,1308,8.0,0,8.1,0.141,0,635.6899999999999,22,1,47.2,0
C000819,Enterprise,North America,Business,Paid Search,408,195.25,508,19.0,1,48.6,0.138,0,1525.51,8,2,59.5,0
C000820,Mid-Market,Europe,Free,Organic,50,0.0,32,10.0,1,25.8,0.509,0,0.0,1,1,60.3,0
C000821,Enterprise,North America,Starter,Sales,236,31.19,1426,1.0,2,46.3,0.573,0,990.66,33,2,54.7,0
C000822,SMB,Europe,Free,Partner,22,0.0,509,14.0,0,73.8,0.851,0,121.21000000000001,11,1,80.4,0
C000823,SMB,North America,Business,Referral,18,190.24,1265,7.0,1,23.6,0.676,1,6884.42,35,2,60.4,0
C000824,Startup,LATAM,Enterprise,Paid Search,2,323.15,531,10.0,1,20.0,0.409,1,4345.67,13,2,54.7,0
C000825,SMB,APAC,Pro,Paid Search,10,87.58,569,9.0,0,26.9,0.38,0,1150.55,13,1,57.1,1
C000826,Startup,North America,Pro,Partner,6,78.53,1331,3.0,1,36.0,0.257,0,2107.8,25,3,47.5,0
C000827,SMB,APAC,Enterprise,Paid Search,21,2931.53,487,8.0,1,50.4,0.71,1,30379.559999999998,11,1,65.0,1
C000828,Startup,Europe,Starter,Partner,5,29.69,178,25.0,2,34.3,0.409,1,80.22,2,2,68.0,0
C000829,SMB,APAC,Free,Organic,8,0.0,226,8.0,2,87.0,0.337,0,25.3,6,2,58.0,0
C000830,Mid-Market,Europe,Pro,Paid Search,78,72.78,1419,20.0,2,45.5,0.425,0,1907.1200000000001,29,3,67.2,0
C000831,Startup,North America,Starter,Organic,6,25.62,1109,11.0,0,54.5,0.287,0,584.47,24,1,58.9,0
C000832,Mid-Market,Europe,Pro,Referral,17,80.89,1116,1.0,0,34.1,0.224,0,2193.37,28,1,46.0,0
C000833,Enterprise,North America,Pro,Paid Search,379,72.98,812,23.0,0,60.3,0.551,1,1433.73,21,0,76.1,0
C000834,Mid-Market,Europe,Starter,Sales,31,30.0,1256,25.0,0,29.9,0.469,0,513.87,17,0,74.4,0
C000835,Mid-Market,North America,Pro,Organic,65,82.84,239,6.0,2,18.9,0.347,0,512.66,7,3,49.7,0
C000836,Mid-Market,APAC,Starter,Paid Search,28,28.79,350,4.0,1,57.6,0.498,1,177.33,6,1,55.8,0
C000837,SMB,APAC,Free,Paid Search,10,0.0,305,26.0,2,33.6,0.241,0,27.54,4,2,65.8,0
C000838,Startup,North America,Business,Partner,1,170.99,1177,2.0,1,41.1,0.377,1,4057.19,23,1,48.7,0
C000839,Mid-Market,Europe,Pro,Referral,30,78.57,1440,24.0,0,59.5,0.346,2,2482.27,31,2,68.8,0
C000840,SMB,APAC,Free,Paid Search,7,0.0,158,4.0,2,38.5,0.266,1,0.0,3,2,45.4,1
C000841,Mid-Market,North America,Free,Paid Search,56,0.0,1047,24.0,1,31.3,0.22,2,39.43,20,3,60.7,0
C000842,Startup,Europe,Free,Referral,2,0.0,522,26.0,2,21.6,0.426,0,5.96,10,2,70.2,1
C000843,Mid-Market,Europe,Free,Organic,19,0.0,160,6.0,0,61.5,0.451,0,7.42,5,0,60.0,0
C000844,Enterprise,North America,Free,Partner,350,0.0,1409,6.0,0,26.5,0.512,0,221.14,36,1,58.4,0
C000845,SMB,APAC,Starter,Referral,14,33.06,1453,2.0,0,33.7,0.598,0,985.22,29,1,58.1,0
C000846,SMB,Europe,Business,Organic,15,206.9,1453,22.0,5,42.2,0.187,1,6632.18,31,5,55.0,0
C000847,SMB,Europe,Business,Partner,19,180.89,1237,9.0,2,42.1,0.61,0,4528.92,28,2,62.5,0
C000848,SMB,North America,Business,Referral,23,178.83,1387,18.0,1,60.3,0.55,0,5473.92,31,1,72.1,0
C000849,SMB,North America,Pro,Organic,24,89.69,288,17.0,1,33.3,0.23,1,659.46,6,2,56.9,0
C000850,Mid-Market,North America,Pro,Paid Search,15,90.39,594,14.0,1,69.4,0.614,1,1832.62,19,2,69.4,0
C000851,Enterprise,LATAM,Business,Paid Search,199,196.51,59,6.0,1,28.8,0.699,0,233.28,1,1,62.7,0
C000852,Enterprise,APAC,Business,Referral,172,220.58,314,10.0,2,44.3,0.291,2,1435.6399999999999,6,2,50.1,0
C000853,Enterprise,APAC,Business,Partner,228,207.2,83,14.0,1,30.4,0.506,0,272.69,1,2,64.2,0
C000854,Mid-Market,North America,Business,Paid Search,60,171.79,1119,2.0,0,87.3,0.578,0,3781.79,20,0,62.9,0
C000855,SMB,Europe,Business,Paid Search,16,215.3,1049,11.0,0,26.2,0.592,0,5989.2,25,0,65.2,0
C000856,Mid-Market,APAC,Pro,Organic,74,75.9,246,19.0,2,28.5,0.717,1,409.31,6,3,71.3,0
C000857,SMB,Europe,Starter,Organic,20,29.67,1110,11.0,2,37.9,0.677,1,551.88,19,3,63.9,0
C000858,SMB,North America,Free,Organic,13,0.0,1379,11.0,2,28.3,0.473,0,141.46,28,2,58.8,0
C000859,SMB,APAC,Starter,Organic,18,29.23,504,23.0,0,42.9,0.795,0,324.45,11,1,83.7,0
C000860,SMB,North America,Free,Organic,19,0.0,315,14.0,0,65.7,0.732,0,85.63,11,0,76.0,0
C000861,Mid-Market,North America,Starter,Partner,23,31.68,76,20.0,4,38.7,0.715,0,101.3,3,4,72.2,0
C000862,Mid-Market,LATAM,Free,Partner,62,0.0,134,1.0,2,39.6,0.502,0,20.69,2,2,51.9,1
C000863,SMB,Europe,Starter,Organic,12,30.12,1289,25.0,1,29.3,0.811,0,1096.21,36,1,83.1,0
C000864,SMB,North America,Enterprise,Partner,22,3028.05,356,21.0,0,22.4,0.143,1,6311.99,2,0,58.3,1
C000865,Mid-Market,Europe,Starter,Organic,31,32.26,251,23.0,0,37.4,0.25,0,245.66,7,2,66.8,0
C000866,Mid-Market,LATAM,Starter,Paid Search,69,30.08,462,19.0,2,35.2,0.327,0,386.28000000000003,12,2,62.3,0
C000867,SMB,North America,Starter,Sales,6,29.39,288,15.0,5,64.3,0.156,2,132.31,4,7,48.0,1
C000868,SMB,APAC,Starter,Paid Search,20,32.03,262,14.0,2,11.0,0.293,1,182.17000000000002,5,2,52.4,0
C000869,Mid-Market,North America,Pro,Organic,19,76.08,822,17.0,0,71.4,0.503,2,1691.3,21,2,68.4,0
C000870,SMB,North America,Pro,Paid Search,13,69.49,1403,13.0,2,31.3,0.035,0,1658.97,26,3,47.8,0
C000871,Startup,Europe,Free,Partner,5,0.0,808,20.0,1,38.7,0.334,1,92.17,19,1,63.2,0
C000872,Enterprise,Europe,Pro,Organic,338,88.78,1172,9.0,1,8.4,0.911,0,2494.61,28,3,69.7,0
C000873,Startup,North America,Free,Sales,1,0.0,1298,21.0,2,49.0,0.336,0,184.91,23,2,65.7,0
C000874,Mid-Market,Europe,Pro,Paid Search,71,78.77,1282,9.0,4,11.0,0.491,0,1587.76,22,4,52.9,0
C000875,SMB,Europe,Enterprise,Organic,18,3153.4,463,13.0,0,44.3,0.837,0,39894.63,13,1,76.1,0
C000876,SMB,Europe,Enterprise,Paid Search,12,2131.28,739,1.0,0,41.9,0.477,0,37122.95,18,1,54.4,0
C000877,Enterprise,APAC,Starter,Partner,403,31.61,689,25.0,2,26.9,0.207,0,398.32,12,3,63.2,0
C000878,Startup,APAC,Business,Paid Search,1,228.62,395,19.0,2,-16.6,0.759,0,1054.93,4,3,70.1,0
C000879,SMB,Europe,Business,Sales,6,226.41,676,6.0,0,89.0,0.449,1,3424.41,16,0,60.7,0
C000880,Startup,Europe,Business,Sales,7,202.7,560,1.0,0,8.6,0.171,1,1278.38,7,0,39.9,0
C000881,Mid-Market,Europe,Starter,Organic,46,30.46,1337,23.0,2,41.8,0.454,1,689.79,25,3,68.3,0
C000882,Startup,Europe,Pro,Organic,6,90.62,243,0.0,1,16.8,0.112,0,548.7,6,1,38.5,1
C000883,Startup,North America,Starter,Paid Search,4,32.55,819,13.0,0,61.2,0.082,0,801.06,25,2,55.2,0
C000884,SMB,North America,Free,Partner,13,0.0,1239,0.0,2,25.5,0.529,1,201.6,34,2,48.4,0
C000885,Mid-Market,North America,Pro,Partner,25,72.46,297,19.0,1,16.2,0.214,0,321.52,4,1,58.5,0
C000886,SMB,North America,Starter,Organic,12,26.1,410,5.0,1,49.9,0.746,0,248.17000000000002,9,1,65.3,0
C000887,SMB,LATAM,Starter,Sales,21,25.86,1385,11.0,4,3.2,0.432,0,911.9399999999999,33,4,52.1,0
C000888,Startup,Europe,Business,Paid Search,5,170.32,1184,15.0,1,24.7,0.305,0,5600.08,34,1,58.5,0
C000889,SMB,Europe,Pro,Referral,18,84.97,1438,10.0,2,52.3,0.693,0,3027.22,36,2,66.9,0
C000890,Mid-Market,Europe,Enterprise,Referral,53,8552.76,1073,19.0,1,72.7,0.249,0,233635.37,25,1,65.2,0
C000891,Mid-Market,Europe,Business,Organic,57,196.26,1318,14.0,0,10.9,0.371,0,5647.68,29,2,59.7,0
C000892,SMB,Europe,Business,Organic,23,169.23,445,11.0,2,19.7,0.564,0,1482.49,8,3,60.7,0
C000893,Startup,Europe,Business,Organic,1,197.45,713,9.0,2,43.8,0.645,2,2684.7,14,2,59.8,0
C000894,Enterprise,APAC,Free,Sales,318,0.0,59,11.0,3,-14.9,0.736,0,0.0,1,3,60.9,0
C000895,SMB,North America,Free,Paid Search,6,0.0,389,8.0,1,68.9,0.684,1,0.0,6,1,66.1,0
C000896,Startup,Europe,Enterprise,Referral,6,1098.69,586,16.0,0,10.0,0.218,0,5366.38,5,1,56.8,0
C000897,Enterprise,Europe,Free,Paid Search,341,0.0,732,21.0,0,24.1,0.304,0,160.77,25,0,65.3,0
C000898,Enterprise,APAC,Starter,Paid Search,244,26.33,1383,16.0,2,41.5,0.312,2,822.81,32,2,55.8,0
C000899,SMB,LATAM,Pro,Sales,16,82.32,1360,0.0,0,36.3,0.759,0,1796.32,23,0,61.4,0
C000900,SMB,APAC,Starter,Paid Search,12,26.97,579,23.0,3,10.9,0.652,0,433.65,16,3,71.7,0
C000901,Enterprise,Europe,Starter,Referral,400,29.36,1454,22.0,1,78.0,0.481,0,1097.63,38,1,75.4,0
C000902,Startup,North America,Pro,Paid Search,7,78.03,1400,22.0,1,-29.4,0.109,1,2210.5,26,2,51.5,0
C000903,SMB,Europe,Starter,Organic,19,26.89,1147,1.0,3,6.9,0.299,0,562.61,20,3,41.1,0
C000904,Startup,APAC,Pro,Organic,2,79.94,196,23.0,2,19.1,0.851,2,336.32,4,2,76.0,0
C000905,Startup,LATAM,Free,Organic,4,0.0,804,13.0,1,11.3,0.679,0,113.78999999999999,19,1,66.6,0
C000906,Startup,APAC,Pro,Referral,7,83.41,446,23.0,0,65.5,0.288,0,741.52,8,0,70.7,0
C000907,SMB,North America,Starter,Paid Search,13,26.24,872,21.0,0,-6.5,0.076,1,456.57,18,0,53.4,0
C000908,Mid-Market,APAC,Pro,Paid Search,56,67.64,1213,24.0,0,73.9,0.276,0,1558.61,22,0,72.1,0
C000909,SMB,APAC,Free,Organic,17,0.0,930,3.0,2,28.0,0.164,2,104.53999999999999,15,3,38.4,1
C000910,Enterprise,APAC,Starter,Partner,324,30.39,1329,15.0,1,1.0,0.397,1,700.4300000000001,23,2,56.9,0
C000911,SMB,APAC,Business,Referral,9,196.26,359,20.0,1,-17.5,0.41,0,895.05,5,2,61.9,0
C000912,Mid-Market,Europe,Starter,Partner,17,30.16,1198,16.0,1,29.6,0.365,1,619.76,20,1,59.7,0
C000913,SMB,Europe,Business,Sales,24,222.02,922,22.0,4,17.5,0.507,1,5746.89,24,4,63.6,0
C000914,Enterprise,North America,Starter,Organic,397,27.83,59,20.0,6,40.9,0.231,0,25.76,1,7,54.9,0
C000915,Mid-Market,North America,Starter,Organic,51,28.53,614,1.0,2,23.7,0.552,2,208.03,7,2,47.8,1
C000916,Mid-Market,APAC,Starter,Paid Search,72,29.2,805,5.0,1,58.9,0.487,0,510.52,16,1,58.5,1
C000917,SMB,LATAM,Business,Organic,14,210.14,684,17.0,2,31.4,0.36,1,2100.91,10,3,59.1,0
C000918,SMB,APAC,Starter,Partner,12,28.93,339,10.0,1,24.4,0.863,0,136.43,5,3,70.8,0
C000919,Enterprise,North America,Starter,Referral,159,30.86,1097,9.0,0,59.3,0.221,0,537.6,16,1,55.6,0
C000920,Startup,North America,Pro,Organic,3,73.64,550,25.0,2,40.7,0.675,1,987.1600000000001,13,2,76.6,0
C000921,Startup,North America,Starter,Sales,2,25.71,213,2.0,1,54.4,0.251,0,123.14000000000001,5,1,48.3,0
C000922,Mid-Market,APAC,Business,Organic,50,172.91,642,14.0,1,63.7,0.282,1,2893.39,16,1,58.8,0
C000923,SMB,Europe,Enterprise,Partner,7,978.62,822,8.0,1,27.7,0.273,1,13668.43,14,1,49.6,0
C000924,SMB,LATAM,Pro,Paid Search,17,67.66,1253,1.0,2,36.0,0.468,1,1344.72,19,2,48.5,0
C000925,Mid-Market,North America,Pro,Partner,33,90.42,1105,10.0,1,56.1,0.478,0,1764.35,20,1,62.4,0
C000926,SMB,Europe,Starter,Organic,11,31.25,108,11.0,1,-26.3,0.588,0,37.56,1,2,58.3,0
C000927,Enterprise,APAC,Enterprise,Sales,241,38949.38,686,12.0,0,32.5,0.193,0,581858.56,15,1,54.8,1
C000928,Startup,North America,Pro,Sales,7,73.36,1030,4.0,0,29.4,0.477,0,1474.19,20,1,55.8,0
C000929,Startup,LATAM,Starter,Paid Search,5,31.0,862,20.0,0,44.4,0.228,0,452.51,15,0,64.1,0
C000930,Startup,Europe,Enterprise,Paid Search,4,734.34,634,9.0,4,15.0,0.029,0,14865.01,19,4,39.4,0
C000931,SMB,North America,Enterprise,Partner,11,1684.82,692,16.0,2,62.4,0.416,0,30053.9,17,2,65.0,0
C000932,SMB,North America,Starter,Partner,14,27.97,460,15.0,3,16.6,0.58,0,410.66,14,3,63.0,0
C000933,Startup,APAC,Starter,Paid Search,3,32.05,1092,15.0,2,23.5,0.487,0,365.28,13,3,62.4,0
C000934,Mid-Market,Europe,Pro,Partner,26,76.3,532,14.0,2,18.4,0.863,0,930.17,12,2,72.2,0
C000935,Enterprise,APAC,Business,Referral,308,221.64,827,8.0,3,65.7,0.537,0,4654.96,22,3,60.3,0
C000936,SMB,APAC,Pro,Partner,16,71.19,115,13.0,1,-17.1,0.223,0,156.82,2,2,50.1,0
C000937,Mid-Market,Europe,Starter,Organic,16,32.6,1235,14.0,1,79.7,0.324,0,603.34,19,1,63.7,0
C000938,Mid-Market,APAC,Starter,Sales,63,25.83,1248,0.0,1,71.8,0.212,0,585.15,23,2,47.0,0
C000939,Enterprise,LATAM,Starter,Organic,394,31.05,800,20.0,1,20.9,0.287,0,327.53000000000003,11,2,62.1,1
C000940,SMB,North America,Free,Organic,3,0.0,734,12.0,0,60.7,0.215,1,129.42000000000002,16,2,56.2,1
C000941,Mid-Market,APAC,Business,Sales,21,217.5,473,8.0,2,38.3,0.246,0,2580.95,13,2,50.4,0
C000942,Mid-Market,North America,Free,Organic,63,0.0,883,0.0,1,76.3,0.556,0,118.81,21,2,57.8,0
C000943,Enterprise,North America,Starter,Organic,108,30.17,154,8.0,2,58.8,0.281,0,161.29,7,2,53.5,0
C000944,Mid-Market,Europe,Business,Partner,63,199.4,782,11.0,2,89.8,0.181,1,2553.9,12,2,54.2,0
C000945,Startup,APAC,Starter,Referral,4,27.15,1276,23.0,0,-4.1,0.637,1,637.27,23,1,72.2,0
C000946,Mid-Market,North America,Starter,Organic,50,28.88,1290,18.0,0,39.8,0.207,0,577.78,20,0,61.3,0
C000947,SMB,Europe,Enterprise,Paid Search,12,2182.1,69,11.0,2,-8.1,0.827,0,4276.86,2,2,65.8,0
C000948,SMB,APAC,Free,Organic,8,0.0,1269,3.0,1,22.0,0.638,0,95.5,22,1,57.5,0
C000949,Mid-Market,North America,Business,Paid Search,29,172.62,105,7.0,0,91.2,0.279,0,419.91,2,2,58.7,0
C000950,Startup,APAC,Free,Paid Search,3,0.0,1063,25.0,3,46.7,0.588,0,195.45,26,3,75.1,0
C000951,SMB,LATAM,Starter,Organic,9,30.92,1327,3.0,0,59.6,0.293,0,785.67,23,2,52.4,0
C000952,SMB,North America,Pro,Sales,22,73.14,1025,17.0,2,47.8,0.289,0,1171.67,16,2,60.6,0
C000953,Enterprise,North America,Starter,Partner,278,33.0,581,14.0,0,46.3,0.329,0,550.6,16,0,62.0,0
C000954,Enterprise,LATAM,Pro,Referral,304,78.89,849,6.0,3,21.9,0.431,1,994.78,13,4,49.0,0
C000955,Startup,North America,Starter,Sales,7,29.38,337,24.0,2,17.3,0.449,0,323.48,12,3,68.6,0
C000956,SMB,North America,Pro,Sales,17,73.03,587,11.0,0,21.3,0.278,1,839.24,13,0,53.3,0
C000957,Startup,LATAM,Free,Referral,7,0.0,887,18.0,2,-33.3,0.494,0,93.25,17,2,59.6,0
C000958,Startup,APAC,Business,Paid Search,6,187.31,553,2.0,1,32.9,0.086,1,1042.49,6,1,39.2,1
C000959,Enterprise,Europe,Pro,Referral,84,82.37,71,27.0,1,41.0,0.368,0,157.05,2,1,72.7,0
C000960,SMB,Europe,Pro,Paid Search,16,80.98,872,0.0,2,19.5,0.48,0,1622.76,20,2,48.4,0
C000961,SMB,LATAM,Free,Organic,6,0.0,1241,8.0,1,31.7,0.318,0,9.46,4,2,53.4,1
C000962,SMB,Europe,Pro,Paid Search,18,68.9,876,25.0,0,48.1,0.604,0,771.79,11,2,80.3,0
C000963,Enterprise,Europe,Pro,Paid Search,468,78.92,259,17.0,0,57.1,0.753,0,873.25,11,0,78.5,0
C000964,Mid-Market,APAC,Starter,Paid Search,21,26.65,1149,18.0,2,5.1,0.783,0,456.55,16,3,72.1,0
C000965,SMB,Europe,Pro,Referral,18,70.05,103,8.0,3,15.1,0.368,0,44.78,1,3,50.2,1
C000966,SMB,Europe,Free,Paid Search,21,0.0,619,21.0,4,53.8,0.664,0,47.77,14,5,73.1,0
C000967,SMB,North America,Starter,Organic,24,28.59,600,26.0,2,49.7,0.487,1,230.08,10,2,72.8,0
C000968,Mid-Market,Europe,Business,Organic,42,196.27,1007,17.0,3,68.6,0.343,0,5489.26,26,3,62.8,0
C000969,Mid-Market,Europe,Free,Referral,74,0.0,144,6.0,2,67.6,0.174,0,17.87,4,4,49.3,0
C000970,Startup,North America,Starter,Paid Search,6,27.37,1409,25.0,0,95.4,0.281,0,793.31,28,0,75.3,0
C000971,SMB,Europe,Pro,Paid Search,3,67.83,1033,0.0,0,27.7,0.647,2,1661.17,23,0,53.2,0
C000972,SMB,APAC,Pro,Referral,21,81.21,862,25.0,1,74.5,0.407,0,1385.22,18,2,75.5,0
C000973,SMB,Europe,Free,Referral,22,0.0,778,0.0,0,12.0,0.251,0,65.81,18,1,43.7,0
C000974,SMB,North America,Free,Paid Search,4,0.0,782,1.0,2,94.9,0.334,0,97.24,15,2,52.4,0
C000975,SMB,North America,Starter,Partner,13,27.21,1249,1.0,2,46.4,0.478,0,619.3100000000001,21,2,51.9,0
C000976,SMB,North America,Pro,Organic,24,74.45,1138,5.0,1,48.6,0.491,1,1612.25,21,1,55.6,0
C000977,Startup,APAC,Pro,Sales,2,73.33,1324,20.0,0,59.7,0.337,0,1820.97,25,1,68.9,0
C000978,Startup,Europe,Pro,Partner,7,77.54,642,11.0,1,1.1,0.759,1,1172.85,16,2,64.2,0
C000979,Startup,North America,Business,Referral,2,172.36,959,2.0,0,8.1,0.351,0,4163.37,24,1,48.1,0
C000980,SMB,APAC,Enterprise,Organic,10,1471.67,651,9.0,1,37.9,0.385,0,14318.55,9,1,56.9,0
C000981,SMB,North America,Starter,Partner,9,32.85,617,27.0,0,43.6,0.685,0,184.57999999999998,5,0,84.0,0
C000982,SMB,North America,Starter,Paid Search,12,28.61,457,14.0,3,87.1,0.094,0,334.75,10,4,54.5,0
C000983,Startup,APAC,Starter,Paid Search,1,25.06,678,20.0,3,11.3,0.236,1,235.11,9,3,54.6,0
C000984,SMB,Europe,Free,Partner,9,0.0,534,7.0,1,73.5,0.531,1,61.74,16,1,61.0,0
C000985,SMB,APAC,Starter,Referral,16,33.17,621,14.0,2,28.4,0.525,1,554.84,15,2,61.1,0
C000986,SMB,APAC,Business,Paid Search,21,215.77,528,22.0,0,28.0,0.176,0,1308.87,7,1,62.7,1
C000987,SMB,LATAM,Starter,Referral,3,26.95,579,18.0,2,30.9,0.342,0,405.01,15,2,61.4,0
C000988,SMB,North America,Free,Organic,16,0.0,1008,0.0,1,27.4,0.201,0,156.31,28,2,42.3,0
C000989,Mid-Market,APAC,Pro,Partner,58,85.05,1108,16.0,2,47.2,0.812,0,2009.43,22,3,75.4,0
C000990,SMB,APAC,Enterprise,Organic,9,1499.07,334,22.0,1,25.1,0.145,0,12612.92,9,1,60.0,0
C000991,SMB,North America,Starter,Organic,6,30.39,970,3.0,0,-0.3,0.47,0,414.07,14,1,51.7,0
C000992,Enterprise,LATAM,Business,Sales,321,191.45,675,11.0,0,28.3,0.653,1,2688.98,13,0,65.2,0
C000993,Startup,Europe,Business,Organic,6,219.16,1179,18.0,2,46.4,0.49,0,4987.59,23,2,67.4,0
C000994,SMB,APAC,Starter,Sales,18,30.81,844,0.0,0,-0.1,0.772,0,402.43,13,0,58.2,0
C000995,Mid-Market,Europe,Pro,Paid Search,48,84.38,703,19.0,1,49.5,0.478,0,1048.57,13,1,69.8,0
C000996,Startup,Europe,Starter,Partner,7,26.36,565,23.0,2,64.5,0.724,0,305.40999999999997,11,2,80.7,0
C000997,SMB,North America,Starter,Organic,11,27.29,708,14.0,3,72.0,0.518,0,372.87,13,4,65.7,0
C000998,SMB,LATAM,Starter,Partner,12,27.8,945,12.0,0,43.4,0.624,0,465.92,17,0,68.8,0
C000999,Mid-Market,Europe,Free,Sales,44,0.0,85,2.0,2,-10.1,0.444,0,8.04,1,2,46.1,0
C001000,Startup,North America,Pro,Partner,2,71.93,727,20.0,0,51.2,0.525,0,808.65,12,0,73.7,0
C001001,SMB,North America,Business,Paid Search,10,209.38,305,26.0,0,59.2,0.358,0,1167.61,5,1,74.9,0
C001002,SMB,APAC,Starter,Referral,7,30.3,407,24.0,0,17.6,0.702,0,361.48,11,0,79.2,0
C001003,Enterprise,North America,Pro,Referral,126,80.18,662,15.0,0,33.2,0.308,2,768.22,9,0,57.0,0
C001004,SMB,Europe,Starter,Organic,22,29.98,193,0.0,0,47.1,0.154,0,75.09,3,2,44.3,0
C001005,SMB,APAC,Free,Partner,18,0.0,1277,8.0,0,79.7,0.727,1,118.06,26,1,69.9,0
C001006,SMB,North America,Pro,Partner,16,68.77,143,7.0,0,28.6,0.495,0,155.04000000000002,2,0,59.0,0
C001007,SMB,Europe,Free,Referral,14,0.0,245,0.0,0,57.3,0.352,1,27.23,3,1,49.3,0
C001008,Startup,North America,Business,Paid Search,3,217.49,740,3.0,2,42.9,0.251,0,3244.6,15,4,46.5,0
C001009,SMB,LATAM,Starter,Paid Search,18,28.45,412,16.0,2,40.0,0.358,1,464.63,16,2,59.0,0
C001010,Mid-Market,APAC,Business,Sales,70,187.63,717,2.0,1,68.3,0.536,0,3328.93,19,1,58.2,0
C001011,Startup,North America,Starter,Partner,7,29.42,1076,1.0,1,14.2,0.61,0,518.02,18,2,54.1,0
C001012,SMB,Europe,Starter,Paid Search,4,31.28,317,26.0,1,40.8,0.681,1,52.61,2,1,79.2,1
C001013,Startup,Europe,Business,Sales,5,220.82,1109,16.0,0,35.7,0.236,0,5010.0199999999995,23,0,59.9,0
C001014,Startup,LATAM,Pro,Organic,6,82.85,1011,22.0,1,-2.7,0.477,0,1277.51,17,1,67.2,0
C001015,Startup,North America,Starter,Paid Search,6,30.25,718,6.0,1,65.8,0.125,0,471.27,15,1,49.2,0
C001016,SMB,Europe,Business,Referral,17,222.61,263,10.0,3,55.7,0.343,0,2293.35,9,4,55.3,0
C001017,SMB,LATAM,Starter,Referral,7,29.28,911,17.0,1,35.8,0.495,1,322.19,13,1,65.1,0
C001018,Mid-Market,North America,Free,Sales,34,0.0,754,19.0,2,28.5,0.293,1,119.53999999999999,25,2,58.6,0
C001019,SMB,Europe,Starter,Partner,12,26.29,1401,10.0,3,35.0,0.948,2,525.36,20,5,67.4,0
C001020,SMB,North America,Pro,Paid Search,15,70.32,1295,25.0,1,52.7,0.117,0,1235.75,18,1,64.6,0
C001021,SMB,Europe,Pro,Paid Search,12,75.96,1380,19.0,1,36.3,0.28,0,1810.77,24,1,62.5,0
C001022,Startup,North America,Business,Organic,6,170.83,1357,6.0,0,18.3,0.521,0,3047.01,19,0,57.8,0
C001023,Enterprise,LATAM,Pro,Sales,423,82.28,219,2.0,0,22.1,0.541,0,192.43,2,0,55.2,0
C001024,Mid-Market,Europe,Starter,Organic,76,32.26,256,0.0,1,34.7,0.108,1,232.47,7,1,38.2,0
C001025,SMB,North America,Starter,Paid Search,23,30.23,285,23.0,1,11.7,0.418,2,199.75,7,2,63.7,0
C001026,SMB,APAC,Free,Paid Search,7,0.0,1381,23.0,1,43.3,0.568,0,132.03,21,2,75.4,0
C001027,Enterprise,APAC,Business,Organic,492,224.34,1349,13.0,1,15.2,0.549,1,5970.49,26,1,61.1,0
C001028,Mid-Market,APAC,Free,Organic,40,0.0,1059,20.0,0,11.1,0.312,0,52.66,14,1,63.3,0
C001029,Startup,APAC,Pro,Partner,6,70.24,652,24.0,0,100.0,0.621,0,1062.49,15,0,85.1,0
C001030,SMB,North America,Pro,Organic,13,71.8,983,4.0,0,83.5,0.869,1,1272.28,18,1,71.0,0
C001031,Enterprise,Europe,Business,Sales,68,190.35,763,27.0,1,38.6,0.617,1,2579.75,14,1,78.0,0
C001032,Enterprise,North America,Free,Sales,100,0.0,1213,13.0,1,56.3,0.338,0,177.56,20,1,60.9,0
C001033,SMB,North America,Starter,Organic,16,28.25,415,12.0,0,60.5,0.948,0,327.52,11,0,80.2,0
C001034,Mid-Market,LATAM,Enterprise,Referral,51,9359.0,1012,4.0,0,33.1,0.179,0,193148.56,20,2,47.3,0
C001035,SMB,APAC,Pro,Paid Search,14,90.77,1365,18.0,1,42.1,0.641,0,2056.0,21,2,73.0,0
C001036,SMB,North America,Pro,Organic,3,84.98,398,16.0,2,28.4,0.167,0,801.41,9,3,54.1,0
C001037,Mid-Market,North America,Business,Paid Search,24,205.76,170,0.0,1,66.4,0.172,0,1022.8699999999999,4,1,45.3,0
C001038,SMB,LATAM,Enterprise,Referral,17,3003.69,1440,18.0,0,66.7,0.41,0,81644.24,28,0,70.0,0
C001039,Mid-Market,North America,Starter,Partner,62,33.02,836,3.0,1,74.0,0.354,0,420.04,12,1,54.2,0
C001040,Mid-Market,North America,Enterprise,Organic,55,9709.53,278,7.0,2,41.6,0.278,0,42315.99,4,2,50.8,0
C001041,Startup,North America,Free,Referral,3,0.0,451,17.0,2,89.2,0.609,0,33.24,9,4,74.4,0
C001042,SMB,North America,Enterprise,Referral,23,3660.88,236,21.0,2,33.1,0.326,0,11973.7,4,2,63.8,0
C001043,Startup,North America,Starter,Referral,1,27.91,867,3.0,0,86.2,0.679,0,649.39,23,1,66.7,0
C001044,Mid-Market,LATAM,Starter,Paid Search,53,28.46,928,13.0,2,23.4,0.567,1,592.94,21,2,61.0,0
C001045,Mid-Market,North America,Free,Referral,75,0.0,446,7.0,0,2.6,0.098,0,31.419999999999998,9,0,44.4,1
C001046,SMB,Europe,Business,Partner,20,184.83,1241,19.0,0,85.7,0.235,0,5063.43,27,0,67.6,0
C001047,SMB,APAC,Enterprise,Organic,3,517.52,1118,23.0,1,51.5,0.464,1,10170.13,22,2,71.1,0
C001048,Startup,Europe,Starter,Referral,3,30.22,601,17.0,3,48.0,0.672,0,299.07,12,4,70.6,0
C001049,Enterprise,APAC,Starter,Paid Search,367,27.4,505,22.0,3,26.0,0.562,0,274.23,10,3,69.6,0
C001050,Startup,Europe,Starter,Referral,7,29.12,1289,12.0,5,13.9,0.283,0,883.62,29,5,48.1,0
C001051,Startup,Europe,Starter,Partner,5,27.89,734,16.0,0,16.2,0.359,1,559.51,19,1,59.7,0
C001052,SMB,Europe,Business,Paid Search,3,183.43,939,8.0,2,38.5,0.278,0,3416.27,19,3,51.3,0
C001053,Mid-Market,APAC,Free,Organic,42,0.0,743,27.0,1,31.2,0.784,0,25.96,16,1,84.2,0
C001054,SMB,APAC,Enterprise,Partner,23,3709.74,90,5.0,3,-13.5,0.251,0,11115.0,3,6,41.1,1
C001055,Mid-Market,APAC,Enterprise,Referral,31,5145.66,1351,25.0,2,77.3,0.376,1,197208.37,38,3,71.3,0
C001056,SMB,North America,Free,Referral,24,0.0,37,20.0,0,24.5,0.316,0,10.84,4,0,64.8,1
C001057,SMB,Europe,Pro,Partner,23,68.05,818,27.0,2,66.0,0.282,0,883.08,14,2,71.2,0
C001058,Startup,APAC,Enterprise,Organic,1,144.78,356,17.0,5,17.4,0.395,1,1050.55,8,5,54.3,0
C001059,SMB,North America,Business,Paid Search,15,213.93,854,9.0,2,38.9,0.351,0,3193.74,17,2,54.5,0
C001060,SMB,APAC,Pro,Referral,13,84.54,1016,7.0,0,59.3,0.284,0,2130.61,25,1,55.7,0
C001061,SMB,North America,Free,Paid Search,23,0.0,359,5.0,2,55.9,0.184,1,69.17,7,2,45.6,0
C001062,SMB,North America,Free,Referral,15,0.0,477,27.0,2,28.3,0.231,1,6.02,3,2,63.9,1
C001063,Startup,APAC,Business,Paid Search,7,199.34,1254,2.0,0,47.7,0.554,0,5735.56,28,0,58.2,0
C001064,Mid-Market,North America,Starter,Organic,79,30.37,452,22.0,1,51.9,0.465,1,265.48,9,1,70.3,0
C001065,Startup,Europe,Pro,Partner,6,79.83,384,19.0,3,31.3,0.195,1,730.67,10,3,54.4,0
C001066,Startup,North America,Business,Partner,7,224.74,906,3.0,4,7.2,0.457,0,3332.42,16,6,46.1,0
C001067,Startup,APAC,Starter,Partner,6,25.77,137,25.0,0,19.4,0.464,0,43.629999999999995,2,0,73.2,0
C001068,SMB,Europe,Free,Organic,16,0.0,544,4.0,3,25.5,0.281,0,59.839999999999996,10,3,45.1,0
C001069,Startup,APAC,Starter,Referral,6,29.44,983,4.0,1,35.7,0.319,0,813.94,26,1,50.2,0
C001070,Mid-Market,APAC,Business,Paid Search,65,208.25,1445,15.0,2,74.8,0.233,0,6498.0,30,2,59.9,0
C001071,SMB,Europe,Starter,Referral,10,31.94,495,2.0,4,57.7,0.481,0,91.29,3,6,51.0,1
C001072,Mid-Market,LATAM,Free,Partner,38,0.0,1162,2.0,3,14.6,0.166,1,104.7,26,4,36.7,0
C001073,Mid-Market,APAC,Enterprise,Paid Search,65,9353.02,379,17.0,1,80.9,0.676,0,72670.61,7,1,77.0,0
C001074,SMB,Europe,Pro,Partner,4,75.73,710,27.0,0,33.0,0.195,0,626.21,9,1,68.3,0
C001075,Mid-Market,LATAM,Pro,Partner,20,85.66,793,1.0,2,51.8,0.278,1,1715.58,20,2,44.4,0
C001076,Mid-Market,Europe,Business,Paid Search,44,186.31,1226,17.0,2,11.5,0.401,0,3739.15,21,4,60.4,0
C001077,Startup,North America,Starter,Partner,2,32.12,443,16.0,2,23.7,0.303,1,379.55,12,2,55.7,0
C001078,Mid-Market,North America,Enterprise,Organic,36,5096.82,1223,1.0,2,60.9,0.236,1,117032.43000000001,23,2,44.1,0
C001079,SMB,Europe,Business,Sales,8,194.48,863,4.0,1,13.0,0.594,0,1665.04,9,1,56.2,0
C001080,Enterprise,North America,Starter,Paid Search,296,30.84,265,12.0,0,36.4,0.135,0,168.69,6,0,53.4,0
C001081,SMB,Europe,Starter,Organic,3,27.75,144,19.0,1,46.8,0.4,0,54.44,2,1,67.1,0
C001082,SMB,North America,Starter,Referral,14,30.42,46,6.0,0,9.4,0.371,1,35.11,1,1,50.4,0
C001083,SMB,Europe,Pro,Organic,17,90.46,91,12.0,0,-9.4,0.418,0,463.74,6,0,57.3,0
C001084,SMB,North America,Pro,Sales,6,68.17,665,13.0,3,57.7,0.45,0,837.85,11,3,61.4,0
C001085,Startup,APAC,Pro,Paid Search,5,67.92,1174,19.0,1,100.0,0.147,0,1555.69,24,1,64.9,0
C001086,Startup,North America,Enterprise,Organic,3,494.07,261,6.0,0,46.5,0.262,0,3430.83,7,0,52.9,0
C001087,Mid-Market,North America,Pro,Organic,32,89.72,314,19.0,0,51.3,0.358,0,954.67,9,0,67.8,0
C001088,SMB,Europe,Business,Organic,23,198.43,44,23.0,0,12.9,0.371,1,262.67,1,2,66.0,0
C001089,SMB,Europe,Pro,Organic,17,78.18,530,16.0,1,71.7,0.698,0,632.39,9,1,75.9,0
C001090,Mid-Market,Europe,Pro,Organic,37,72.51,1258,20.0,1,25.6,0.505,0,1586.71,23,2,69.1,0
C001091,Startup,Europe,Free,Paid Search,4,0.0,741,4.0,1,64.1,0.387,1,115.55,18,2,53.1,0
C001092,Mid-Market,North America,Pro,Paid Search,74,67.25,820,25.0,0,50.2,0.516,0,1211.59,17,1,77.8,0
C001093,Startup,APAC,Pro,Paid Search,1,79.58,255,8.0,2,50.8,0.824,1,1261.29,14,2,66.9,0
C001094,Enterprise,Europe,Free,Organic,455,0.0,899,5.0,1,49.8,0.403,0,183.49,20,1,55.0,0
C001095,Enterprise,North America,Business,Organic,220,215.77,991,15.0,2,49.0,0.212,0,4364.59,22,3,56.7,0
C001096,Startup,APAC,Pro,Organic,4,77.59,1346,10.0,0,42.1,0.777,0,1939.7,23,0,71.4,0
C001097,Startup,Europe,Starter,Organic,1,28.45,266,12.0,1,59.2,0.274,0,72.67,3,2,58.4,0
C001098,Startup,Europe,Business,Paid Search,6,209.6,380,22.0,0,16.8,0.053,1,1840.42,9,0,55.9,0
C001099,Startup,Europe,Starter,Organic,5,32.79,1402,15.0,2,29.0,0.639,0,983.62,30,2,67.5,0
C001100,SMB,Europe,Pro,Paid Search,23,84.74,840,10.0,1,71.7,0.956,0,968.6400000000001,13,1,78.3,0
C001101,Mid-Market,Europe,Pro,Sales,43,78.97,775,22.0,2,39.3,0.357,1,1398.55,18,2,64.3,0
C001102,Mid-Market,North America,Free,Organic,30,0.0,789,10.0,0,26.9,0.397,1,62.23,17,0,56.5,0
C001103,SMB,North America,Starter,Organic,17,33.24,146,26.0,3,60.9,0.475,0,41.15,1,4,74.1,0
C001104,Mid-Market,LATAM,Starter,Partner,64,30.89,1245,27.0,0,55.9,0.569,0,583.02,18,0,81.8,0
C001105,Startup,Europe,Starter,Paid Search,4,32.51,1022,13.0,2,2.5,0.538,0,663.48,20,3,60.0,0
C001106,Enterprise,Europe,Pro,Organic,88,89.45,1202,21.0,2,53.2,0.263,0,2072.79,23,2,64.0,0
C001107,Mid-Market,North America,Free,Referral,66,0.0,1111,19.0,1,38.4,0.749,0,137.35,26,2,76.8,0
C001108,Mid-Market,APAC,Enterprise,Referral,36,5397.38,163,24.0,0,52.8,0.329,0,29662.37,6,0,71.6,1
C001109,Mid-Market,North America,Starter,Sales,18,31.03,115,12.0,3,35.3,0.089,1,21.56,1,4,45.4,1
C001110,Mid-Market,North America,Starter,Sales,25,26.09,1397,11.0,0,46.6,0.794,1,546.59,20,0,71.3,0
C001111,SMB,North America,Enterprise,Partner,8,1214.78,557,7.0,2,-10.8,0.272,1,16116.01,12,2,43.3,0
C001112,Mid-Market,APAC,Pro,Partner,64,76.59,1128,16.0,0,12.6,0.463,0,1534.85,21,1,64.4,0
C001113,SMB,Europe,Pro,Paid Search,16,87.24,1185,17.0,1,53.5,0.813,0,1224.5,14,1,78.4,0
C001114,Startup,North America,Pro,Sales,2,77.43,1043,12.0,2,100.0,0.282,1,950.47,13,2,59.2,0
C001115,SMB,North America,Business,Partner,16,206.32,1183,8.0,1,44.2,0.673,0,6037.34,27,2,65.3,0
C001116,SMB,Europe,Free,Paid Search,23,0.0,760,12.0,2,17.7,0.584,1,32.59,13,2,60.0,1
C001117,Mid-Market,Europe,Free,Organic,41,0.0,37,14.0,0,38.4,0.541,2,0.0,2,0,63.6,1
C001118,Mid-Market,APAC,Enterprise,Partner,23,3870.36,622,3.0,0,12.7,0.244,1,33578.76,9,0,44.3,1
C001119,Mid-Market,North America,Free,Paid Search,23,0.0,426,18.0,0,66.2,0.391,1,34.410000000000004,13,1,67.4,0
C001120,Startup,APAC,Pro,Referral,1,80.19,755,23.0,3,36.2,0.429,1,1033.17,12,3,65.5,0
C001121,SMB,LATAM,Pro,Organic,16,88.64,1441,9.0,2,61.3,0.355,0,1754.33,20,2,56.8,0
C001122,Mid-Market,Europe,Pro,Referral,71,79.7,1340,10.0,1,31.2,0.357,1,1342.97,17,1,54.3,0
C001123,SMB,North America,Business,Organic,8,178.57,1076,2.0,1,63.5,0.472,0,5760.27,30,2,55.8,0
C001124,Startup,Europe,Enterprise,Partner,7,1176.03,1112,16.0,0,-5.6,0.261,2,26479.97,24,1,52.6,0
C001125,SMB,North America,Free,Paid Search,14,0.0,258,11.0,2,35.6,0.295,0,21.39,3,3,54.2,0
C001126,SMB,North America,Pro,Paid Search,4,90.64,254,23.0,1,48.5,0.534,0,539.93,6,2,74.9,0
C001127,Startup,North America,Pro,Paid Search,2,86.43,239,25.0,2,28.3,0.5,0,522.1,6,2,72.2,0
C001128,SMB,LATAM,Starter,Organic,13,25.84,549,21.0,3,44.0,0.703,1,270.35,11,3,72.7,0
C001129,SMB,Europe,Business,Organic,21,191.44,665,5.0,0,43.6,0.085,0,2599.92,15,1,46.4,0
C001130,Mid-Market,APAC,Pro,Referral,50,70.87,532,5.0,4,61.2,0.498,0,350.19,5,5,54.5,1
C001131,Enterprise,Europe,Starter,Organic,304,32.52,879,13.0,0,50.5,0.416,0,606.31,20,1,64.1,0
C001132,Startup,Europe,Business,Referral,1,170.98,502,17.0,1,44.8,0.543,0,1628.59,9,2,69.4,0
C001133,SMB,North America,Enterprise,Referral,7,1086.15,324,0.0,3,57.0,0.149,0,4659.41,4,3,40.7,0
C001134,SMB,Europe,Free,Organic,23,0.0,370,13.0,0,1.2,0.774,0,83.58,11,2,69.9,0
C001135,SMB,North America,Business,Sales,13,196.23,583,2.0,2,16.2,0.373,0,2641.58,14,2,46.6,0
C001136,Enterprise,Europe,Starter,Referral,336,31.54,1377,7.0,2,0.4,0.47,1,878.28,27,3,50.4,0
C001137,Startup,North America,Free,Referral,3,0.0,424,10.0,2,48.7,0.14,0,51.56,8,2,50.0,0
C001138,Mid-Market,North America,Starter,Referral,26,26.94,936,1.0,1,45.3,0.097,1,404.45,14,1,39.8,1
C001139,Startup,Europe,Business,Partner,3,219.1,397,7.0,1,69.6,0.422,1,1577.31,6,2,57.4,1
C001140,SMB,North America,Free,Sales,24,0.0,689,17.0,0,43.8,0.503,0,68.45,12,1,69.6,0
C001141,Mid-Market,North America,Free,Organic,69,0.0,200,27.0,1,19.2,0.134,0,0.0,2,1,63.5,1
C001142,Enterprise,LATAM,Business,Organic,104,186.06,977,21.0,0,38.4,0.232,1,5138.04,31,0,62.6,0
C001143,Startup,North America,Starter,Referral,1,30.59,129,8.0,1,-11.9,0.715,0,39.52,1,1,60.9,0
C001144,Mid-Market,North America,Free,Organic,58,0.0,253,26.0,2,24.8,0.332,0,47.410000000000004,6,2,67.7,0
C001145,Enterprise,North America,Starter,Partner,305,27.92,987,12.0,2,-23.7,0.361,1,687.3000000000001,26,2,49.2,0
C001146,SMB,North America,Business,Paid Search,18,227.18,770,9.0,1,43.2,0.642,0,3276.08,16,1,65.1,0
C001147,Mid-Market,APAC,Pro,Paid Search,69,70.78,701,23.0,0,28.0,0.582,0,1302.43,17,0,75.8,1
C001148,Mid-Market,North America,Business,Sales,27,221.18,361,11.0,0,31.7,0.379,0,1629.76,8,0,59.4,0
C001149,Mid-Market,Europe,Free,Organic,37,0.0,475,20.0,2,11.7,0.323,1,5.86,5,3,58.7,1
C001150,Startup,Europe,Pro,Organic,2,71.16,242,4.0,1,18.3,0.568,0,607.62,9,1,55.9,0
C001151,Mid-Market,North America,Business,Partner,23,209.68,932,9.0,0,52.3,0.469,1,4919.06,23,0,60.3,0
C001152,Mid-Market,LATAM,Starter,Referral,34,26.84,739,27.0,1,-0.9,0.309,1,395.53000000000003,14,1,64.8,0
C001153,Mid-Market,LATAM,Starter,Referral,26,25.87,844,6.0,0,47.6,0.589,0,198.76999999999998,8,0,62.8,1
C001154,Mid-Market,North America,Starter,Organic,50,28.91,160,23.0,0,14.7,0.249,1,36.29,1,1,62.5,0
C001155,Mid-Market,North America,Starter,Sales,29,26.19,1024,13.0,2,-7.0,0.487,0,575.54,24,3,57.5,1
C001156,Enterprise,North America,Starter,Partner,469,29.19,621,26.0,2,65.7,0.338,1,117.81,4,2,69.9,1
C001157,Mid-Market,North America,Enterprise,Referral,76,13728.57,1289,11.0,1,68.2,0.154,1,336159.85,25,1,52.8,0
C001158,SMB,Europe,Pro,Organic,13,67.24,245,13.0,1,21.5,0.688,0,157.63,3,1,67.9,0
C001159,Startup,Europe,Pro,Paid Search,3,75.85,911,11.0,1,21.3,0.368,1,1597.99,21,3,54.5,0
C001160,Enterprise,Europe,Free,Paid Search,298,0.0,973,5.0,2,28.7,0.72,1,68.39,15,3,58.9,1
C001161,Mid-Market,North America,Pro,Partner,75,78.73,627,23.0,0,14.7,0.092,0,826.07,10,2,59.8,0
C001162,Startup,North America,Pro,Organic,5,81.13,747,16.0,3,19.2,0.398,0,1810.55,21,3,58.6,0
C001163,Startup,LATAM,Enterprise,Paid Search,6,821.71,248,14.0,1,46.3,0.498,1,3175.89,4,1,63.6,0
C001164,SMB,LATAM,Starter,Partner,15,29.29,701,10.0,2,86.8,0.407,0,565.0600000000001,19,2,61.8,0
C001165,Mid-Market,North America,Business,Paid Search,75,208.56,721,21.0,1,26.1,0.511,0,4493.06,22,2,70.2,0
C001166,SMB,Europe,Starter,Paid Search,11,29.86,1310,9.0,0,60.6,0.377,0,717.49,25,1,60.4,1
C001167,Mid-Market,Europe,Pro,Organic,40,68.16,1429,6.0,2,43.8,0.258,2,1916.74,26,3,45.5,0
C001168,Mid-Market,APAC,Enterprise,Referral,24,3380.78,891,2.0,2,-6.8,0.377,0,69980.81,20,2,44.4,0
C001169,Mid-Market,Europe,Pro,Partner,54,83.47,33,24.0,2,34.4,0.549,1,76.5,1,2,71.3,0
C001170,SMB,APAC,Pro,Partner,6,70.59,149,2.0,1,31.2,0.703,0,306.67,5,1,59.5,0
C001171,Mid-Market,North America,Business,Sales,67,187.65,561,23.0,2,71.6,0.549,0,1219.52,6,2,76.2,0
C001172,SMB,North America,Enterprise,Partner,15,2357.65,558,10.0,1,72.6,0.27,0,21523.760000000002,9,2,57.8,0
C001173,Mid-Market,LATAM,Starter,Organic,32,28.48,901,0.0,0,44.4,0.48,0,634.88,22,0,53.8,0
C001174,Mid-Market,North America,Starter,Partner,16,25.13,1207,25.0,0,65.4,0.74,0,622.49,26,2,86.1,0
C001175,SMB,North America,Pro,Sales,7,77.85,1448,20.0,0,31.3,0.289,0,3077.69,41,0,64.7,0
C001176,Startup,APAC,Enterprise,Organic,7,1092.38,976,20.0,0,63.0,0.601,0,24155.56,21,0,77.2,0
C001177,Mid-Market,APAC,Pro,Partner,30,73.82,1008,15.0,1,37.5,0.358,0,1203.91,17,1,61.4,0
C001178,SMB,Europe,Starter,Organic,6,29.15,1187,21.0,0,62.4,0.411,0,902.05,31,0,72.3,0
C001179,Mid-Market,APAC,Pro,Referral,22,84.46,1090,3.0,0,65.0,0.474,0,1965.38,25,1,58.4,0
C001180,Enterprise,APAC,Free,Partner,385,0.0,1425,6.0,1,52.9,0.233,1,84.64,20,1,49.1,0
C001181,SMB,North America,Starter,Sales,20,33.08,591,15.0,1,16.5,0.906,2,287.43,8,1,71.7,0
C001182,Mid-Market,Europe,Free,Partner,76,0.0,134,20.0,0,24.5,0.575,1,16.97,2,1,70.6,0
C001183,SMB,APAC,Free,Organic,17,0.0,473,16.0,1,53.8,0.481,0,36.480000000000004,5,1,67.6,0
C001184,SMB,APAC,Pro,Paid Search,17,86.81,820,11.0,2,57.3,0.392,0,1250.49,16,3,59.3,0
C001185,Mid-Market,North America,Starter,Sales,60,27.55,860,18.0,0,39.0,0.648,1,399.27,14,1,72.4,0
C001186,Enterprise,North America,Starter,Organic,108,26.32,1021,1.0,1,27.2,0.35,2,440.09,15,1,43.6,0
C001187,Mid-Market,APAC,Pro,Organic,63,74.86,1257,14.0,2,39.8,0.445,0,1451.17,20,2,61.8,0
C001188,Startup,North America,Starter,Referral,5,25.14,605,11.0,1,28.0,0.353,0,171.66,6,1,56.7,1
C001189,SMB,North America,Starter,Paid Search,17,28.09,650,13.0,2,28.2,0.133,0,323.21,12,3,50.4,0
C001190,Mid-Market,APAC,Starter,Organic,76,31.62,1450,3.0,1,84.0,0.447,0,1000.67,32,4,58.0,0
C001191,Enterprise,Europe,Free,Organic,158,0.0,866,25.0,0,23.1,0.45,0,42.589999999999996,16,0,73.1,0
C001192,SMB,North America,Pro,Paid Search,21,67.15,1063,23.0,2,47.7,0.522,0,1438.6,22,3,73.0,0
C001193,Enterprise,North America,Free,Partner,91,0.0,1217,26.0,3,38.8,0.341,2,70.56,22,3,63.8,0
C001194,SMB,North America,Starter,Paid Search,11,26.36,455,23.0,2,4.3,0.102,0,287.49,11,2,56.0,1
C001195,SMB,APAC,Starter,Paid Search,14,30.25,709,18.0,2,3.5,0.224,0,469.34000000000003,16,3,55.1,0
C001196,SMB,Europe,Starter,Referral,15,26.04,554,8.0,3,33.0,0.497,0,183.48,7,4,55.9,0
C001197,Mid-Market,North America,Starter,Organic,22,28.12,440,3.0,1,-13.8,0.366,1,188.3,7,2,43.8,1
C001198,Enterprise,North America,Starter,Partner,293,30.2,57,17.0,0,80.8,0.433,0,26.75,1,0,71.2,0
C001199,Enterprise,North America,Starter,Paid Search,75,26.76,313,26.0,3,26.0,0.628,0,243.35999999999999,9,3,75.2,0
C001200,SMB,North America,Free,Paid Search,13,0.0,573,10.0,2,23.9,0.582,0,79.22,14,2,60.8,0
C001201,Startup,North America,Business,Partner,5,222.12,203,27.0,4,65.6,0.153,2,1625.21,7,4,60.3,0
C001202,Mid-Market,Europe,Starter,Partner,26,26.56,778,4.0,2,31.5,0.785,0,355.38,13,4,62.3,0
C001203,SMB,North America,Free,Sales,14,0.0,52,7.0,1,51.3,0.849,0,0.0,1,1,70.4,0
C001204,SMB,North America,Pro,Organic,3,89.6,372,18.0,3,20.7,0.186,0,706.4,8,3,54.2,0
C001205,Enterprise,Europe,Free,Organic,271,0.0,530,13.0,0,36.1,0.11,0,41.0,10,2,53.5,0
C001206,Mid-Market,Europe,Business,Paid Search,63,197.94,169,21.0,0,59.2,0.745,0,904.38,4,1,82.0,0
C001207,Mid-Market,North America,Free,Paid Search,68,0.0,724,9.0,0,13.5,0.52,4,41.16,7,0,52.0,1
C001208,SMB,North America,Pro,Organic,14,73.0,430,21.0,2,48.2,0.207,0,445.84,5,2,61.8,0
C001209,SMB,North America,Enterprise,Sales,7,972.39,1053,8.0,2,-25.4,0.474,1,17683.47,19,2,48.8,0
C001210,SMB,North America,Starter,Referral,16,29.17,83,4.0,2,66.6,0.265,1,55.87,2,2,48.2,0
C001211,Startup,APAC,Starter,Paid Search,7,25.54,569,15.0,1,21.1,0.127,0,443.67,17,1,52.8,0
C001212,SMB,North America,Pro,Paid Search,13,85.61,342,14.0,3,32.9,0.398,0,786.21,10,3,58.2,0
C001213,Startup,APAC,Enterprise,Organic,7,1120.84,802,15.0,2,32.6,0.926,0,2843.6800000000003,3,3,76.4,1
C001214,SMB,APAC,Starter,Paid Search,8,25.2,221,0.0,1,10.6,0.612,0,59.93,2,1,52.9,0
C001215,Startup,North America,Pro,Partner,7,84.21,1354,11.0,1,8.7,0.551,0,2789.23,33,2,60.7,0
C001216,Startup,North America,Starter,Sales,6,28.88,1297,2.0,1,48.0,0.227,1,578.48,21,1,44.9,0
C001217,SMB,North America,Pro,Paid Search,3,78.12,735,22.0,2,49.2,0.374,0,864.01,10,3,67.8,0
C001218,Startup,North America,Starter,Organic,6,29.55,413,2.0,2,12.9,0.751,1,309.6,9,3,55.6,0
C001219,Startup,Europe,Pro,Organic,4,85.84,303,26.0,2,48.5,0.065,0,858.21,9,2,62.0,0
C001220,SMB,North America,Free,Organic,12,0.0,831,1.0,3,48.9,0.496,0,26.689999999999998,6,4,51.2,1
C001221,SMB,APAC,Pro,Sales,20,69.84,531,17.0,2,25.5,0.308,0,658.89,9,2,59.0,0
C001222,SMB,Europe,Starter,Referral,15,26.14,670,9.0,0,2.7,0.408,0,324.23,12,1,55.5,0
C001223,Startup,APAC,Pro,Referral,6,74.38,86,3.0,0,34.1,0.421,1,111.65,2,0,51.7,0
C001224,SMB,APAC,Business,Referral,3,213.93,525,10.0,3,44.1,0.691,2,1843.94,9,3,60.6,0
C001225,Startup,Europe,Business,Organic,7,204.6,864,1.0,1,33.5,0.088,0,3341.0,16,1,40.4,0
C001226,SMB,LATAM,Enterprise,Referral,18,2498.85,74,19.0,2,20.2,0.138,1,6180.74,3,2,53.1,0
C001227,Startup,LATAM,Pro,Referral,1,86.6,1307,24.0,1,46.7,0.554,0,2864.53,32,1,76.2,0
C001228,Mid-Market,North America,Pro,Organic,22,68.23,53,9.0,2,66.6,0.057,0,52.41,1,3,48.4,0
C001229,SMB,North America,Free,Paid Search,11,0.0,1240,12.0,2,15.7,0.426,0,174.61,31,2,57.1,0
C001230,SMB,North America,Enterprise,Partner,23,4103.15,1048,3.0,1,27.5,0.496,0,72230.27,17,1,53.8,0
C001231,Startup,North America,Pro,Sales,2,75.44,286,13.0,2,100.0,0.662,0,668.65,9,2,73.5,0
C001232,Startup,Europe,Starter,Organic,7,27.61,411,26.0,1,42.3,0.21,0,112.47,5,1,67.2,1
C001233,SMB,North America,Starter,Sales,24,26.3,73,15.0,0,3.3,0.635,0,32.03,1,1,67.8,0
C001234,SMB,Europe,Business,Sales,3,179.82,388,24.0,3,23.1,0.511,0,895.23,5,3,69.6,0
C001235,Mid-Market,APAC,Business,Sales,38,170.96,550,21.0,0,16.1,0.281,0,2828.73,18,0,63.8,0
C001236,Startup,North America,Business,Organic,6,219.79,965,3.0,1,44.5,0.391,0,4371.55,20,1,52.4,0
C001237,Mid-Market,Europe,Pro,Organic,34,84.47,1454,1.0,2,42.7,0.828,1,1797.18,22,3,60.0,0
C001238,SMB,North America,Starter,Partner,23,27.92,1283,10.0,1,19.1,0.476,0,851.22,30,1,58.6,0
C001239,SMB,APAC,Enterprise,Paid Search,6,1032.23,1035,26.0,1,81.4,0.467,0,15829.12,16,1,78.9,0
C001240,SMB,Europe,Pro,Organic,16,73.85,1402,4.0,3,37.1,0.521,0,2541.36,37,3,53.4,0
C001241,Mid-Market,North America,Pro,Referral,34,75.26,734,1.0,1,23.6,0.283,1,1259.37,17,2,43.2,0
C001242,Mid-Market,Europe,Pro,Organic,38,88.1,349,26.0,0,4.5,0.375,0,759.38,9,2,69.9,0
C001243,Startup,North America,Pro,Paid Search,4,72.47,83,5.0,1,12.6,0.435,0,99.65,1,2,52.3,0
C001244,SMB,APAC,Pro,Sales,15,87.4,760,9.0,0,3.8,0.297,0,377.49,5,0,52.3,1
C001245,Enterprise,Europe,Pro,Paid Search,53,72.99,209,21.0,0,30.2,0.247,0,233.75,3,0,64.2,0
C001246,SMB,Europe,Business,Sales,22,223.59,51,2.0,1,12.9,0.436,1,408.36,2,1,47.7,0
C001247,Mid-Market,APAC,Business,Paid Search,20,182.76,231,4.0,1,54.6,0.357,0,725.04,5,1,53.2,0
C001248,Startup,APAC,Starter,Paid Search,6,27.19,796,20.0,0,20.4,0.49,1,510.63,18,1,67.6,0
C001249,Mid-Market,APAC,Starter,Organic,30,29.46,995,0.0,1,56.0,0.509,0,609.93,20,1,54.4,0
C001250,Mid-Market,Europe,Pro,Paid Search,42,71.9,62,19.0,1,47.3,0.427,0,121.98,2,2,68.0,0
C001251,Enterprise,APAC,Pro,Paid Search,419,67.75,1115,15.0,1,51.1,0.505,0,1702.48,26,2,67.2,0
C001252,SMB,Europe,Pro,Referral,21,74.29,872,6.0,2,57.4,0.48,0,1436.13,21,2,57.5,0
C001253,SMB,APAC,Business,Sales,19,194.91,1355,17.0,1,84.8,0.306,1,5558.62,27,3,64.3,0
C001254,SMB,APAC,Free,Organic,6,0.0,326,9.0,2,13.8,0.214,0,27.33,6,2,47.8,0
C001255,SMB,North America,Starter,Organic,5,31.48,531,26.0,1,56.1,0.621,0,439.62,15,1,81.0,0
C001256,Mid-Market,North America,Business,Partner,67,185.81,1339,11.0,2,45.0,0.54,0,6103.59,33,3,62.5,0
C001257,Mid-Market,North America,Enterprise,Paid Search,17,2452.25,1143,20.0,2,61.6,0.476,1,54164.020000000004,23,3,68.3,1
C001258,Mid-Market,North America,Starter,Organic,63,30.1,666,7.0,1,37.8,0.284,0,449.87,17,2,52.0,0
C001259,Startup,North America,Starter,Organic,5,32.29,688,23.0,1,64.4,0.611,0,278.19,10,2,78.8,0
C001260,Mid-Market,North America,Starter,Organic,70,28.58,314,8.0,2,2.7,0.467,1,244.92000000000002,8,2,51.4,1
C001261,Startup,Europe,Pro,Paid Search,7,77.24,1080,14.0,2,9.9,0.422,0,2319.33,28,2,58.2,0
C001262,Mid-Market,North America,Pro,Organic,27,78.93,138,22.0,0,20.8,0.126,0,265.3,3,1,60.5,0
C001263,Enterprise,North America,Starter,Referral,442,26.03,825,25.0,1,33.1,0.268,0,463.87,17,1,67.2,0
C001264,Mid-Market,Europe,Starter,Paid Search,70,27.35,284,21.0,1,36.2,0.43,0,223.33,8,2,68.8,0
C001265,Enterprise,North America,Pro,Paid Search,217,77.93,1120,18.0,1,16.5,0.65,0,1585.4,21,2,70.7,0
C001266,SMB,Europe,Pro,Paid Search,18,90.73,1408,19.0,1,10.2,0.527,0,2540.98,29,1,67.3,0
C001267,SMB,APAC,Pro,Organic,16,76.39,1382,11.0,5,18.6,0.421,0,2049.46,29,5,51.8,0
C001268,Mid-Market,LATAM,Starter,Sales,69,25.09,928,19.0,0,-7.7,0.271,0,468.93,19,1,59.3,0
C001269,SMB,Europe,Starter,Partner,17,26.88,97,16.0,0,27.8,0.234,0,24.2,1,1,59.1,1
C001270,SMB,North America,Starter,Referral,7,32.73,1391,14.0,0,33.5,0.837,0,1024.63,32,0,76.0,0
C001271,Startup,North America,Enterprise,Paid Search,5,880.59,933,8.0,4,46.0,0.252,1,11754.26,14,5,46.3,0
C001272,Startup,LATAM,Starter,Paid Search,3,30.06,1304,9.0,1,39.2,0.44,0,943.92,32,1,58.7,0
C001273,SMB,Europe,Pro,Organic,7,79.82,128,3.0,2,79.8,0.387,1,274.44,3,3,52.3,0
C001274,Startup,APAC,Pro,Paid Search,7,82.33,495,20.0,0,55.3,0.52,1,969.05,11,0,72.0,0
C001275,SMB,Europe,Business,Partner,19,226.59,370,0.0,4,53.4,0.048,1,1127.38,5,4,33.8,0
C001276,SMB,North America,Starter,Paid Search,12,28.48,441,3.0,5,44.1,0.635,0,204.46,7,6,53.6,0
C001277,SMB,Europe,Starter,Organic,20,31.61,521,8.0,2,48.4,0.243,0,236.78,7,2,51.3,0
C001278,Enterprise,APAC,Business,Organic,389,221.51,354,3.0,2,29.5,0.668,0,1024.15,5,2,57.7,0
C001279,SMB,APAC,Starter,Organic,23,26.47,1449,20.0,1,37.5,0.38,0,813.44,29,2,66.5,0
C001280,Startup,North America,Pro,Paid Search,3,76.31,223,3.0,0,83.0,0.599,0,304.0,4,0,63.9,0
C001281,Enterprise,Europe,Starter,Partner,462,30.92,402,12.0,1,33.2,0.676,0,249.4,8,2,67.8,0
C001282,Startup,North America,Enterprise,Sales,4,588.28,403,20.0,2,1.7,0.251,0,3741.8599999999997,6,2,57.6,0
C001283,Startup,LATAM,Pro,Organic,4,74.71,898,16.0,0,52.4,0.287,0,1564.41,20,0,63.1,0
C001284,Mid-Market,North America,Free,Organic,39,0.0,315,16.0,3,56.9,0.819,0,55.57,6,3,75.0,1
C001285,SMB,APAC,Business,Organic,7,227.28,914,9.0,0,38.9,0.59,1,1695.04,7,1,62.6,1
C001286,Startup,North America,Pro,Organic,4,83.63,1390,12.0,1,-12.0,0.495,1,1916.4,23,1,55.9,0
C001287,Startup,Europe,Pro,Partner,4,79.51,162,21.0,1,67.2,0.233,0,59.56,1,1,66.0,0
C001288,Mid-Market,Europe,Starter,Organic,24,28.54,1125,13.0,1,40.7,0.474,0,491.66,17,1,63.4,0
C001289,Mid-Market,North America,Free,Sales,53,0.0,1315,19.0,2,27.2,0.666,0,71.81,22,2,71.7,0
C001290,SMB,APAC,Pro,Referral,10,88.31,571,23.0,2,64.7,0.525,0,754.52,8,2,74.8,0
C001291,Mid-Market,APAC,Starter,Paid Search,18,26.66,1126,6.0,0,-15.6,0.583,0,601.94,22,0,56.3,0
C001292,Mid-Market,APAC,Business,Sales,72,213.42,233,3.0,2,37.8,0.508,0,2373.17,11,3,53.7,0
C001293,Enterprise,North America,Starter,Partner,418,26.78,826,12.0,0,21.5,0.806,1,580.1899999999999,21,1,70.0,0
C001294,Mid-Market,APAC,Pro,Sales,71,85.56,1454,10.0,0,72.3,0.426,1,2594.81,31,0,61.9,0
C001295,SMB,Europe,Starter,Organic,5,31.08,100,4.0,1,41.1,0.308,0,77.21,3,1,50.4,0
C001296,SMB,Europe,Pro,Sales,5,83.55,725,21.0,1,13.4,0.387,0,1709.92,19,2,65.2,0
C001297,SMB,Europe,Free,Organic,8,0.0,1084,17.0,2,63.5,0.53,1,149.51,20,2,67.4,0
C001298,SMB,Europe,Starter,Paid Search,15,33.28,492,18.0,1,-26.5,0.196,0,479.36,14,1,52.8,0
C001299,SMB,North America,Starter,Sales,22,27.55,702,19.0,1,47.7,0.148,0,491.93,16,1,59.7,0
C001300,Mid-Market,Europe,Pro,Paid Search,52,88.02,1418,12.0,2,3.4,0.317,0,2027.09,21,2,52.6,0
C001301,Enterprise,North America,Starter,Organic,157,26.21,374,14.0,2,23.4,0.587,0,169.55,6,2,64.4,0
C001302,Mid-Market,North America,Business,Organic,35,191.65,887,6.0,2,29.0,0.67,1,3342.29,17,2,58.4,0
C001303,Mid-Market,North America,Free,Organic,56,0.0,460,20.0,0,57.8,0.338,0,7.75,6,1,68.8,0
C001304,Mid-Market,North America,Pro,Paid Search,78,69.53,180,26.0,1,90.1,0.656,0,297.93,4,2,85.4,0
C001305,Enterprise,APAC,Pro,Paid Search,187,77.72,587,24.0,3,-9.5,0.496,0,207.94,3,3,65.9,1
C001306,Mid-Market,Europe,Free,Paid Search,52,0.0,500,11.0,1,46.2,0.693,0,101.55000000000001,8,1,68.7,0
C001307,SMB,North America,Free,Referral,15,0.0,1096,1.0,1,90.1,0.429,1,58.73,19,3,54.3,0
C001308,SMB,APAC,Starter,Organic,3,29.64,1121,24.0,1,20.7,0.381,0,993.54,34,2,68.4,0
C001309,Startup,LATAM,Pro,Referral,4,67.46,867,16.0,3,19.1,0.42,1,848.53,12,6,57.3,0
C001310,SMB,APAC,Enterprise,Partner,14,2460.14,241,21.0,0,40.9,0.612,1,7599.39,3,0,74.2,0
C001311,SMB,APAC,Free,Referral,16,0.0,711,8.0,0,55.7,0.191,2,74.8,10,1,49.4,1
C001312,Mid-Market,LATAM,Pro,Referral,68,80.21,963,24.0,1,51.4,0.242,0,1414.76,19,1,67.3,0
C001313,SMB,Europe,Pro,Sales,12,86.63,346,23.0,1,26.0,0.358,0,1101.6399999999999,12,1,67.4,0
C001314,Enterprise,LATAM,Pro,Organic,230,68.4,240,0.0,0,14.9,0.436,0,291.61,5,0,49.6,0
C001315,SMB,LATAM,Pro,Partner,3,74.65,170,15.0,0,67.9,0.467,0,426.32,5,0,69.2,0
C001316,Mid-Market,North America,Enterprise,Sales,46,8353.7,1033,13.0,1,15.6,0.482,0,161549.6,18,2,61.1,0
C001317,SMB,APAC,Pro,Referral,5,69.44,446,18.0,0,-12.9,0.336,0,260.26,4,0,59.9,0
C001318,Mid-Market,APAC,Business,Organic,68,190.92,616,7.0,1,-1.3,0.639,0,1958.57,10,2,58.8,0
C001319,SMB,APAC,Starter,Partner,17,32.47,818,2.0,2,20.6,0.188,0,484.84,14,3,41.5,1
C001320,Startup,APAC,Business,Referral,5,176.34,893,7.0,0,72.3,0.501,0,2568.04,15,0,63.5,0
C001321,SMB,North America,Enterprise,Organic,18,3034.99,1297,14.0,0,5.3,0.456,0,105110.68,34,1,61.7,0
C001322,SMB,Europe,Enterprise,Partner,5,844.29,1068,7.0,0,73.0,0.219,1,19188.55,23,0,53.1,0
C001323,SMB,Europe,Starter,Referral,11,26.77,674,12.0,2,67.7,0.564,2,222.74,9,6,62.4,1
C001324,Enterprise,APAC,Business,Paid Search,241,177.81,193,10.0,1,40.6,0.29,0,610.15,3,1,55.2,1
C001325,SMB,APAC,Free,Organic,15,0.0,222,19.0,1,-28.7,0.424,0,19.28,2,2,60.3,1
C001326,SMB,APAC,Pro,Paid Search,13,72.57,1192,11.0,2,5.4,0.623,0,2194.85,29,2,61.1,0
C001327,Mid-Market,APAC,Starter,Partner,48,31.41,489,4.0,1,19.2,0.496,0,235.74,8,2,53.9,0
C001328,Mid-Market,LATAM,Pro,Paid Search,60,88.65,1339,17.0,0,78.3,0.712,1,2846.53,31,3,77.4,0
C001329,Startup,North America,Starter,Partner,3,25.06,495,5.0,0,20.8,0.178,0,200.2,9,2,46.9,0
C001330,SMB,LATAM,Free,Paid Search,19,0.0,972,8.0,0,15.7,0.328,0,33.43000000000001,8,1,53.6,1
C001331,SMB,North America,Starter,Referral,20,30.98,817,19.0,0,39.7,0.083,0,404.96,14,0,58.4,0
C001332,SMB,Europe,Free,Referral,21,0.0,434,7.0,1,-0.2,0.459,0,39.41,10,1,53.5,0
C001333,SMB,North America,Starter,Referral,14,29.14,853,1.0,1,34.4,0.662,0,372.52,14,1,57.7,0
C001334,SMB,Europe,Business,Paid Search,12,197.1,306,10.0,0,15.0,0.434,0,1361.97,7,1,58.4,0
C001335,Mid-Market,North America,Business,Organic,74,226.28,697,10.0,0,100.0,0.444,2,1691.1399999999999,7,0,63.2,0
C001336,SMB,North America,Business,Referral,22,215.54,32,19.0,0,12.1,0.633,0,263.05,1,0,72.2,0
C001337,SMB,Europe,Business,Organic,18,202.17,548,19.0,1,83.2,0.407,0,1781.6,8,2,71.0,0
C001338,Enterprise,APAC,Starter,Paid Search,459,27.5,1037,0.0,0,6.5,0.389,2,379.92,13,0,43.3,0
C001339,SMB,North America,Pro,Organic,11,67.71,352,21.0,2,41.6,0.417,0,328.03,5,2,67.4,0
C001340,Mid-Market,APAC,Pro,Paid Search,43,83.21,877,20.0,2,47.5,0.402,0,1282.52,15,3,66.7,0
C001341,SMB,North America,Free,Partner,7,0.0,697,4.0,3,38.5,0.435,0,128.94,14,3,51.0,0
C001342,SMB,North America,Pro,Paid Search,10,70.87,1265,9.0,2,37.0,0.041,0,1378.82,19,3,45.0,0
C001343,SMB,North America,Pro,Paid Search,16,69.63,1290,21.0,3,56.5,0.091,0,1613.8899999999999,24,4,57.6,0
C001344,SMB,Europe,Pro,Organic,22,88.03,638,16.0,3,45.4,0.165,1,920.1800000000001,10,4,52.3,0
C001345,Startup,APAC,Business,Paid Search,3,203.64,1194,9.0,0,30.7,0.451,0,4493.67,22,0,59.6,0
C001346,SMB,Europe,Free,Paid Search,12,0.0,34,21.0,3,18.1,0.27,0,0.0,4,3,59.2,0
C001347,SMB,APAC,Business,Referral,14,170.05,237,17.0,0,30.9,0.655,0,888.35,5,1,72.9,0
C001348,SMB,Europe,Starter,Sales,7,28.79,458,14.0,0,30.5,0.436,0,334.6,11,0,63.6,0
C001349,Mid-Market,APAC,Business,Sales,74,206.43,410,0.0,0,30.1,0.418,0,1959.02,9,1,50.6,0
C001350,Mid-Market,LATAM,Starter,Organic,71,32.62,609,18.0,3,36.9,0.202,1,21.89,1,3,54.3,1
C001351,SMB,North America,Pro,Organic,3,81.35,1374,5.0,3,-0.2,0.519,0,2907.09,33,4,50.5,0
C001352,Mid-Market,North America,Pro,Paid Search,62,70.27,899,25.0,1,9.3,0.741,1,1577.76,20,1,77.0,0
C001353,Mid-Market,North America,Starter,Partner,64,30.83,752,5.0,0,55.8,0.258,1,348.78000000000003,12,0,50.8,0
C001354,Mid-Market,Europe,Starter,Referral,57,27.75,152,0.0,2,-21.3,0.648,0,129.46,5,2,49.3,1
C001355,SMB,Europe,Starter,Referral,19,26.76,1147,10.0,3,64.9,0.446,0,810.57,31,4,59.3,0
C001356,Mid-Market,North America,Pro,Paid Search,38,87.27,750,9.0,0,21.0,0.812,0,688.73,9,0,69.5,0
C001357,Startup,APAC,Enterprise,Partner,4,650.58,968,9.0,2,76.7,0.161,1,16370.98,25,2,50.5,0
C001358,SMB,LATAM,Starter,Sales,14,28.94,1268,25.0,0,65.7,0.76,1,850.23,30,0,84.7,0
C001359,SMB,North America,Pro,Organic,11,87.08,1313,7.0,0,26.8,0.347,2,1845.42,23,0,50.3,0
C001360,Enterprise,North America,Business,Referral,218,225.32,938,23.0,0,29.4,0.659,1,4065.24,18,1,76.2,0
C001361,SMB,North America,Pro,Referral,15,82.29,1343,4.0,2,74.8,0.528,0,1794.3,23,2,58.9,0
C001362,Enterprise,North America,Business,Organic,176,219.6,1364,17.0,2,66.8,0.379,0,5273.5599999999995,26,3,65.2,0
C001363,SMB,APAC,Starter,Sales,9,28.32,959,3.0,0,59.3,0.567,0,426.12,15,0,60.6,0
C001364,Mid-Market,Europe,Starter,Referral,40,32.51,1172,6.0,2,63.6,0.371,0,802.6800000000001,26,3,54.8,0
C001365,Startup,North America,Starter,Referral,4,30.91,667,4.0,0,7.8,0.413,2,482.33,16,0,47.7,0
C001366,Mid-Market,Europe,Free,Organic,22,0.0,1435,9.0,1,40.1,0.632,1,154.53,29,2,62.5,0
C001367,SMB,North America,Pro,Organic,16,87.63,1029,12.0,2,15.7,0.453,0,1848.77,21,3,57.9,0
C001368,Mid-Market,Europe,Business,Partner,52,190.37,812,24.0,2,7.2,0.531,1,1993.17,11,2,68.1,0
C001369,SMB,Europe,Free,Organic,21,0.0,83,21.0,0,39.1,0.69,1,0.0,1,0,76.4,0
C001370,SMB,Europe,Enterprise,Organic,8,1295.7,553,19.0,2,24.7,0.849,0,11390.81,11,3,76.9,0
C001371,Mid-Market,Europe,Starter,Paid Search,22,31.57,201,13.0,2,30.8,0.374,0,125.99000000000001,4,2,57.9,1
C001372,Mid-Market,APAC,Starter,Organic,56,30.82,970,7.0,0,22.5,0.246,0,486.1,15,1,50.9,0
C001373,Enterprise,North America,Business,Referral,185,224.33,817,8.0,0,3.6,0.31,1,4009.13,18,0,49.8,0
C001374,Enterprise,APAC,Business,Paid Search,120,211.18,859,3.0,2,77.4,0.682,1,3500.76,16,2,60.9,0
C001375,Startup,North America,Pro,Organic,4,84.23,192,18.0,0,38.9,0.185,0,439.44,6,0,60.5,0
C001376,SMB,North America,Starter,Paid Search,14,33.32,89,21.0,2,-1.1,0.333,1,63.68,2,3,58.6,1
C001377,Enterprise,APAC,Starter,Organic,96,32.21,84,15.0,1,39.5,0.293,0,38.22,1,1,59.6,1
C001378,Startup,APAC,Starter,Organic,4,29.98,385,16.0,0,73.0,0.787,0,221.39,7,0,80.2,0
C001379,Enterprise,North America,Business,Paid Search,316,213.96,741,10.0,0,59.0,0.349,1,3862.34,17,0,58.3,0
C001380,SMB,Europe,Starter,Paid Search,22,26.87,687,26.0,2,22.0,0.58,0,187.51000000000002,7,2,74.8,0
C001381,SMB,APAC,Pro,Paid Search,8,80.15,58,24.0,5,22.6,0.11,0,230.43,3,5,54.5,0
C001382,Startup,LATAM,Starter,Partner,1,33.19,1054,11.0,0,11.1,0.261,1,886.94,25,0,51.8,0
C001383,SMB,Europe,Pro,Paid Search,18,71.22,965,21.0,1,16.4,0.709,0,1406.02,19,1,75.2,0
C001384,SMB,North America,Starter,Partner,11,32.45,178,9.0,1,18.5,0.516,0,189.38,6,2,58.9,0
C001385,Startup,Europe,Pro,Paid Search,5,84.77,908,3.0,2,-1.7,0.32,0,1718.28,22,3,44.1,0
C001386,Enterprise,North America,Pro,Referral,177,74.01,1124,8.0,2,23.9,0.41,0,1534.26,22,2,53.8,0
C001387,Startup,North America,Enterprise,Partner,3,543.6,659,23.0,2,43.6,0.454,0,6554.35,12,2,70.5,0
C001388,Startup,Europe,Business,Organic,1,194.54,995,13.0,1,24.7,0.576,1,4392.83,24,2,62.9,0
C001389,Startup,APAC,Pro,Partner,1,78.34,187,24.0,0,40.4,0.35,2,248.73,3,2,67.0,0
C001390,Mid-Market,North America,Starter,Referral,29,28.85,161,9.0,2,75.5,0.411,0,77.1,3,2,59.9,0
C001391,Mid-Market,APAC,Enterprise,Organic,73,10598.86,1023,12.0,1,80.9,0.403,0,164584.09,15,1,64.4,0
C001392,SMB,APAC,Business,Partner,20,207.24,703,2.0,1,33.3,0.771,0,2253.58,11,1,61.7,0
C001393,SMB,APAC,Business,Referral,8,200.29,53,21.0,1,57.0,0.561,0,275.4,1,1,74.8,0
C001394,SMB,North America,Pro,Organic,3,90.44,399,8.0,4,30.8,0.41,0,571.0,6,4,51.5,1
C001395,Startup,North America,Starter,Sales,2,31.39,1152,2.0,0,22.8,0.297,0,710.51,22,1,48.0,0
C001396,SMB,North America,Business,Paid Search,22,195.31,616,6.0,0,7.1,0.518,0,1717.73,9,1,56.6,1
C001397,Mid-Market,North America,Starter,Referral,15,32.39,574,18.0,1,37.2,0.692,0,298.9,9,2,74.1,0
C001398,SMB,North America,Starter,Sales,20,32.7,526,22.0,1,62.1,0.346,0,123.06,4,1,69.7,1
C001399,Mid-Market,North America,Starter,Sales,50,29.63,1425,26.0,0,3.1,0.437,0,857.0,31,0,71.6,0
C001400,Mid-Market,North America,Pro,Partner,77,89.9,1032,6.0,1,27.8,0.158,0,2374.47,27,2,46.4,0
C001401,Mid-Market,North America,Starter,Referral,44,29.17,238,16.0,1,26.6,0.643,0,199.18,7,1,69.7,0
C001402,Startup,LATAM,Pro,Organic,3,72.35,1115,12.0,0,41.2,0.609,1,1615.25,23,1,66.1,0
C001403,SMB,APAC,Pro,Organic,8,79.6,1032,20.0,0,41.6,0.719,0,1955.69,25,0,78.6,0
C001404,SMB,North America,Pro,Referral,8,78.7,999,18.0,1,48.4,0.647,0,2070.13,26,2,73.8,0
C001405,Mid-Market,LATAM,Free,Paid Search,48,0.0,1207,1.0,2,82.4,0.402,0,138.03,31,2,53.2,0
C001406,SMB,North America,Enterprise,Referral,3,432.73,1238,4.0,0,13.2,0.757,0,15176.08,34,1,62.6,0
C001407,Startup,Europe,Starter,Organic,7,26.43,964,16.0,1,11.9,0.538,0,604.39,23,2,65.1,0
C001408,Startup,APAC,Starter,Organic,7,28.08,210,14.0,2,41.2,0.835,0,53.989999999999995,2,2,73.7,0
C001409,SMB,Europe,Pro,Organic,4,85.06,1458,24.0,0,71.3,0.459,0,2022.19,23,1,77.3,0
C001410,Startup,North America,Starter,Paid Search,7,26.67,1055,23.0,2,-1.6,0.412,0,586.21,21,2,64.7,0
C001411,SMB,North America,Pro,Organic,20,69.08,1374,1.0,1,43.3,0.709,1,2102.37,31,1,58.0,0
C001412,SMB,Europe,Free,Paid Search,7,0.0,658,16.0,2,30.0,0.662,0,90.56,18,3,69.1,0
C001413,Startup,Europe,Business,Sales,3,192.85,1102,11.0,0,56.4,0.139,1,4546.06,23,0,52.6,0
C001414,Mid-Market,Europe,Free,Referral,68,0.0,328,13.0,2,50.7,0.58,0,65.68,9,2,66.1,0
C001415,Mid-Market,Europe,Enterprise,Referral,17,2643.27,624,1.0,1,36.2,0.348,0,32968.36,12,1,48.5,0
C001416,Mid-Market,North America,Pro,Organic,48,81.06,340,23.0,0,47.2,0.533,2,903.48,9,0,72.2,0
C001417,SMB,Europe,Free,Paid Search,8,0.0,553,4.0,0,18.5,0.557,1,45.77,8,1,55.1,0
C001418,SMB,North America,Pro,Partner,4,78.63,834,26.0,2,55.0,0.189,0,1577.41,18,2,66.4,0
C001419,SMB,APAC,Starter,Organic,23,31.01,229,26.0,0,69.7,0.768,0,136.31,4,0,88.2,0
C001420,SMB,APAC,Enterprise,Paid Search,9,1514.92,779,22.0,1,37.5,0.508,1,20697.58,14,1,70.1,0
C001421,Mid-Market,Europe,Business,Sales,20,201.41,102,3.0,2,24.8,0.466,0,380.38,2,3,51.1,0
C001422,Startup,APAC,Pro,Organic,5,80.42,38,11.0,2,31.4,0.245,0,90.31,1,3,52.3,0
C001423,Mid-Market,North America,Starter,Sales,21,27.17,618,0.0,2,54.7,0.383,0,313.13,13,2,49.0,0
C001424,Startup,North America,Enterprise,Organic,4,571.42,496,17.0,0,34.0,0.697,0,6219.179999999999,11,0,74.5,0
C001425,Mid-Market,Europe,Pro,Organic,35,79.71,1095,24.0,1,5.0,0.418,1,1583.68,20,1,66.0,0
C001426,SMB,Europe,Pro,Organic,5,73.56,296,14.0,2,58.8,0.774,0,511.03999999999996,7,2,73.6,0
C001427,SMB,APAC,Starter,Sales,19,27.87,500,0.0,1,10.4,0.394,0,286.57,9,2,46.4,0
C001428,Startup,LATAM,Starter,Partner,4,31.17,170,8.0,0,45.6,0.162,0,126.44,5,1,51.6,0
C001429,Mid-Market,North America,Pro,Referral,77,83.04,1079,4.0,0,-11.7,0.527,0,1592.55,19,0,53.2,0
C001430,Startup,North America,Pro,Paid Search,2,70.65,334,12.0,1,37.7,0.446,1,833.64,12,1,59.4,0
C001431,SMB,Europe,Business,Referral,13,176.91,788,10.0,1,33.3,0.191,0,2319.49,13,2,51.5,0
C001432,SMB,North America,Pro,Partner,6,87.45,1196,23.0,0,-14.2,0.122,0,1824.85,21,0,57.8,0
C001433,SMB,North America,Pro,Partner,4,76.36,1216,6.0,0,43.3,0.147,2,2479.42,31,0,45.1,0
C001434,Enterprise,LATAM,Pro,Referral,59,71.47,657,8.0,2,7.5,0.385,0,669.87,10,2,51.4,1
C001435,SMB,APAC,Business,Referral,15,205.75,1004,6.0,2,37.1,0.432,0,3829.63,19,3,54.0,0
C001436,Mid-Market,LATAM,Starter,Partner,78,33.07,1315,24.0,0,24.7,0.49,0,1029.7,32,0,73.6,0
C001437,Mid-Market,North America,Business,Organic,45,205.22,850,8.0,2,-2.0,0.167,0,3642.64,19,2,44.0,0
C001438,SMB,North America,Starter,Referral,22,29.89,527,27.0,1,8.9,0.478,0,376.66,12,1,72.8,0
C001439,SMB,Europe,Pro,Organic,15,88.21,1004,18.0,4,10.9,0.112,1,1475.3,16,4,47.5,0
C001440,Enterprise,LATAM,Business,Sales,166,181.04,94,8.0,1,59.6,0.279,0,609.54,3,2,55.0,0
C001441,Enterprise,North America,Business,Paid Search,424,202.69,346,16.0,0,55.9,0.48,0,1663.22,8,0,69.3,0
C001442,Mid-Market,North America,Starter,Organic,77,26.74,727,3.0,0,89.9,0.559,0,380.17,14,0,63.4,0
C001443,Mid-Market,North America,Pro,Paid Search,78,83.34,124,25.0,3,22.2,0.14,0,263.9,3,4,59.2,0
C001444,SMB,APAC,Starter,Partner,22,29.59,841,26.0,0,21.4,0.436,0,572.51,19,2,73.4,0
C001445,Mid-Market,APAC,Free,Paid Search,23,0.0,1261,8.0,1,38.4,0.311,0,100.0,21,1,53.8,0
C001446,Startup,APAC,Business,Referral,5,203.87,1409,4.0,1,26.1,0.253,0,5688.32,26,2,47.3,0
C001447,Mid-Market,North America,Business,Partner,40,204.96,119,11.0,4,20.4,0.226,0,236.1,1,5,47.6,0
C001448,Enterprise,APAC,Free,Organic,246,0.0,88,21.0,0,36.4,0.487,0,26.39,3,1,72.0,0
C001449,Startup,Europe,Enterprise,Paid Search,6,830.82,403,17.0,1,52.6,0.349,1,9764.33,11,2,62.4,0
C001450,Mid-Market,North America,Starter,Referral,48,28.75,1313,1.0,1,-17.8,0.523,1,866.31,30,1,46.3,0
C001451,SMB,North America,Enterprise,Sales,22,3034.01,1041,0.0,2,20.7,0.483,0,55052.35,17,2,48.6,0
C001452,Startup,Europe,Business,Paid Search,2,205.8,1402,6.0,2,-0.1,0.523,0,5070.1,24,2,53.0,0
C001453,Startup,North America,Enterprise,Sales,5,735.5,1387,21.0,2,31.2,0.383,1,18259.2,24,2,63.4,0
C001454,SMB,LATAM,Business,Organic,6,169.94,1109,7.0,2,45.8,0.458,0,3316.53,19,2,56.6,0
C001455,Enterprise,Europe,Enterprise,Partner,472,81350.91,642,25.0,1,62.9,0.517,0,489704.86,7,1,77.6,0
C001456,SMB,North America,Pro,Referral,14,74.94,1367,8.0,2,24.2,0.473,1,1831.99,25,3,53.8,0
C001457,Startup,Europe,Starter,Paid Search,1,30.32,53,24.0,2,37.7,0.57,0,18.59,1,3,74.3,0
C001458,Startup,Europe,Starter,Organic,5,30.63,810,25.0,4,-7.1,0.354,1,718.18,25,4,59.2,0
C001459,Enterprise,North America,Business,Partner,105,198.96,1083,20.0,0,13.5,0.439,1,3787.94,21,1,65.4,0
C001460,Mid-Market,Europe,Starter,Paid Search,44,24.66,722,4.0,0,40.2,0.034,1,284.47,11,0,41.6,1
C001461,Mid-Market,North America,Enterprise,Organic,36,6270.4,331,2.0,1,1.0,0.231,0,50022.61,8,1,42.3,0
C001462,Mid-Market,North America,Starter,Organic,34,27.9,1014,4.0,2,65.9,0.217,0,575.11,21,2,48.7,0
C001463,SMB,APAC,Business,Referral,22,184.32,1393,17.0,1,48.1,0.514,0,5091.49,28,4,68.9,0
C001464,Mid-Market,Europe,Pro,Organic,22,84.76,1388,19.0,0,12.4,0.479,1,2969.1,35,0,65.6,0
C001465,Mid-Market,North America,Business,Paid Search,22,216.27,242,27.0,1,-2.1,0.623,0,664.88,3,1,76.1,1
C001466,Enterprise,North America,Enterprise,Sales,196,34258.56,1301,26.0,0,17.0,0.512,0,916236.17,28,0,75.3,0
C001467,SMB,Europe,Starter,Referral,4,31.34,552,8.0,3,12.5,0.427,1,517.25,16,4,49.7,0
C001468,Mid-Market,North America,Pro,Paid Search,38,71.55,911,10.0,0,4.6,0.475,0,1566.05,23,0,58.6,0
C001469,SMB,LATAM,Starter,Paid Search,18,31.41,349,21.0,0,-0.2,0.4,1,151.18,5,1,63.7,1
C001470,Mid-Market,Europe,Business,Organic,47,183.73,1374,21.0,0,29.2,0.266,0,3263.8,19,0,64.6,0
C001471,Startup,APAC,Business,Paid Search,2,187.45,177,8.0,1,53.3,0.135,0,708.84,4,3,50.0,0
C001472,Mid-Market,North America,Starter,Organic,49,26.91,462,0.0,1,17.2,0.401,0,305.84,11,2,47.2,1
C001473,SMB,APAC,Free,Organic,18,0.0,818,2.0,1,46.1,0.69,0,98.65,22,1,60.6,0
C001474,Mid-Market,North America,Starter,Organic,25,29.68,1164,23.0,0,26.8,0.543,1,539.09,17,0,72.5,0
C001475,Enterprise,North America,Starter,Partner,333,30.02,63,9.0,0,50.3,0.457,0,41.65,1,1,61.8,0
C001476,Mid-Market,North America,Business,Organic,51,213.78,1029,20.0,3,15.3,0.747,0,5612.76,26,3,72.3,0
C001477,Enterprise,North America,Starter,Organic,478,26.37,759,22.0,2,42.0,0.478,0,323.82,12,2,70.2,0
C001478,Mid-Market,LATAM,Enterprise,Referral,30,4755.1,897,25.0,4,38.0,0.369,0,108804.92,21,5,66.2,0
C001479,SMB,APAC,Enterprise,Organic,11,1808.37,1131,13.0,0,69.1,0.616,0,37683.96,20,0,72.0,0
C001480,SMB,Europe,Enterprise,Referral,13,1994.2,865,17.0,0,49.0,0.358,0,40437.72,20,1,65.8,0
C001481,Enterprise,Europe,Pro,Paid Search,404,72.4,1244,5.0,0,41.4,0.253,0,1941.34,28,0,51.2,0
C001482,SMB,Europe,Starter,Partner,3,25.33,1458,26.0,0,-1.7,0.335,0,728.37,30,0,68.1,0
C001483,SMB,Europe,Business,Organic,6,185.76,1046,24.0,1,21.9,0.224,0,3713.47,21,1,63.8,0
C001484,Mid-Market,APAC,Pro,Organic,66,79.52,1300,10.0,3,15.0,0.518,0,3221.33,40,4,56.5,0
C001485,Mid-Market,Europe,Enterprise,Referral,21,3021.99,867,10.0,0,14.4,0.156,0,84717.04000000001,26,0,50.0,0
C001486,Enterprise,APAC,Starter,Paid Search,193,32.27,227,20.0,2,35.4,0.52,0,60.68,2,4,69.0,0
C001487,Mid-Market,North America,Free,Organic,24,0.0,1228,11.0,1,41.0,0.556,0,159.73,25,1,64.1,0
C001488,SMB,LATAM,Enterprise,Paid Search,8,1125.72,1459,20.0,2,42.0,0.505,0,28971.17,26,2,69.2,0
C001489,Startup,North America,Business,Paid Search,5,181.24,1302,2.0,1,66.5,0.622,1,4652.7300000000005,26,1,58.6,0
C001490,Startup,North America,Starter,Organic,7,25.1,734,7.0,1,47.1,0.523,1,317.82,12,2,58.2,0
C001491,Startup,APAC,Pro,Paid Search,3,87.44,1067,21.0,3,4.3,0.163,1,2568.46,29,3,52.6,0
C001492,SMB,North America,Free,Paid Search,10,0.0,761,25.0,0,40.1,0.678,0,73.78999999999999,15,0,81.7,0
C001493,Enterprise,North America,Pro,Partner,306,90.07,1419,0.0,1,49.6,0.33,0,2846.21,31,1,48.4,0
C001494,Mid-Market,North America,Starter,Referral,24,33.15,984,21.0,1,66.6,0.659,2,557.7,18,1,74.7,0
C001495,Mid-Market,Europe,Starter,Paid Search,62,26.77,874,1.0,2,31.1,0.436,0,454.98,16,3,49.1,0
C001496,Enterprise,LATAM,Starter,Sales,83,32.7,844,24.0,1,31.4,0.786,0,437.81,14,1,81.6,0
C001497,Enterprise,APAC,Starter,Paid Search,302,27.72,672,7.0,0,62.0,0.499,2,269.68,10,1,58.4,0
C001498,SMB,Europe,Pro,Paid Search,14,75.03,344,10.0,1,39.5,0.401,0,424.62,5,2,58.4,0
C001499,Mid-Market,LATAM,Starter,Partner,48,32.56,792,20.0,0,-5.0,0.186,1,600.5600000000001,18,1,55.9,0
C001500,Mid-Market,Europe,Pro,Partner,69,81.23,258,23.0,0,-10.3,0.163,0,592.2,7,0,59.4,0
C001501,SMB,APAC,Pro,Organic,21,83.38,703,11.0,2,81.0,0.717,1,1123.41,15,2,69.4,0
C001502,Mid-Market,North America,Pro,Sales,64,76.99,1088,8.0,4,-7.8,0.483,2,1459.33,19,4,45.9,0
C001503,Startup,Europe,Pro,Sales,2,79.53,1133,27.0,0,30.8,0.335,0,1138.24,14,1,72.2,0
C001504,Mid-Market,North America,Starter,Organic,29,31.38,999,27.0,4,57.1,0.293,0,529.01,16,5,67.6,0
C001505,SMB,North America,Free,Partner,23,0.0,606,14.0,1,-9.1,0.751,0,50.04,4,2,67.6,1
C001506,Mid-Market,APAC,Business,Referral,30,228.11,1114,0.0,2,8.0,0.595,1,5151.24,22,2,48.6,1
C001507,SMB,North America,Business,Sales,5,216.94,153,27.0,2,3.8,0.618,1,992.6700000000001,4,2,73.0,0
C001508,Mid-Market,Europe,Enterprise,Partner,21,3122.17,774,17.0,0,80.0,0.175,0,58913.16,18,1,63.4,0
C001509,Mid-Market,APAC,Enterprise,Organic,24,4065.35,226,15.0,0,85.5,0.193,0,36383.27,8,0,62.7,0
C001510,SMB,North America,Pro,Partner,17,67.46,483,3.0,1,16.6,0.103,0,443.0,6,2,40.9,0
C001511,Mid-Market,Europe,Business,Organic,42,213.99,984,27.0,1,49.5,0.599,0,4000.2200000000003,19,2,80.5,0
C001512,Mid-Market,APAC,Starter,Partner,31,31.59,1134,20.0,1,42.7,0.657,1,813.2,25,3,73.3,0
C001513,Startup,APAC,Business,Partner,7,177.51,397,6.0,1,28.0,0.502,0,1413.36,8,1,56.7,0
C001514,Enterprise,North America,Enterprise,Partner,332,49952.6,988,10.0,1,-5.7,0.287,0,1407280.6,30,1,50.5,0
C001515,SMB,LATAM,Business,Organic,9,207.89,1107,9.0,0,92.7,0.649,1,3512.39,18,0,69.8,0
C001516,SMB,APAC,Starter,Paid Search,11,30.8,130,24.0,2,-10.4,0.196,0,30.28,1,2,58.3,0
C001517,Mid-Market,Europe,Starter,Partner,32,25.25,770,13.0,1,40.3,0.379,0,284.3,12,3,60.5,0
C001518,SMB,North America,Starter,Paid Search,22,28.36,1391,24.0,0,18.8,0.604,0,848.51,29,1,76.4,0
C001519,Enterprise,APAC,Starter,Organic,221,28.83,753,19.0,4,60.2,0.575,0,468.97,18,4,69.2,0
C001520,SMB,APAC,Business,Organic,23,209.88,802,10.0,0,56.1,0.304,0,2434.4,13,0,58.7,0
C001521,Mid-Market,North America,Pro,Referral,77,75.44,225,11.0,2,10.5,0.138,0,320.65999999999997,4,2,47.0,0
C001522,Mid-Market,LATAM,Starter,Paid Search,28,27.78,443,22.0,1,15.2,0.48,1,121.66,5,2,67.1,0
C001523,Mid-Market,LATAM,Pro,Partner,28,72.3,1187,13.0,1,-3.8,0.456,1,1787.32,26,2,56.4,0
C001524,Startup,Europe,Starter,Paid Search,6,32.56,1245,19.0,0,39.9,0.361,0,666.7,22,1,66.8,0
C001525,SMB,APAC,Pro,Referral,21,69.4,597,3.0,1,52.8,0.208,0,936.44,13,1,47.7,0
C001526,Startup,Europe,Starter,Paid Search,4,28.91,1393,11.0,3,24.0,0.329,0,779.23,27,6,52.6,0
C001527,SMB,APAC,Pro,Organic,15,70.54,1004,16.0,0,28.9,0.4,0,1601.45,22,0,64.2,0
C001528,SMB,APAC,Pro,Organic,18,67.86,1263,9.0,1,82.7,0.435,0,1581.9,23,2,62.9,0
C001529,SMB,North America,Business,Organic,20,210.62,1431,23.0,2,58.4,0.742,0,6548.5199999999995,31,2,80.6,0
C001530,Startup,North America,Business,Referral,4,179.04,147,5.0,2,68.7,0.494,1,751.48,4,2,56.2,0
C001531,SMB,North America,Starter,Partner,4,29.72,1332,23.0,2,-21.1,0.106,0,863.9499999999999,29,2,53.6,0
C001532,Mid-Market,LATAM,Pro,Referral,49,81.95,1447,1.0,0,48.7,0.527,0,2637.7,33,0,56.6,0
C001533,SMB,North America,Starter,Referral,9,33.14,126,11.0,2,41.3,0.485,0,111.46000000000001,3,3,60.5,1
C001534,SMB,APAC,Pro,Referral,12,77.36,1191,14.0,1,3.7,0.14,0,1785.74,25,2,50.6,0
C001535,Mid-Market,Europe,Pro,Sales,74,68.94,293,7.0,2,8.9,0.377,0,763.76,12,4,50.4,0
C001536,Mid-Market,North America,Pro,Partner,60,78.06,1416,15.0,0,29.5,0.23,1,1777.19,25,1,56.2,0
C001537,Mid-Market,LATAM,Enterprise,Organic,55,7823.14,1241,25.0,5,1.5,0.505,1,178624.16,22,5,63.1,0
C001538,Startup,Europe,Starter,Organic,2,29.16,1302,12.0,0,15.0,0.547,0,550.51,19,0,63.6,0
C001539,Mid-Market,North America,Business,Partner,56,197.77,451,15.0,2,23.5,0.214,0,2195.46,11,4,54.2,0
C001540,Startup,North America,Starter,Referral,5,28.6,574,26.0,1,49.3,0.723,0,431.75,14,1,83.3,0
C001541,SMB,North America,Pro,Partner,23,85.93,781,25.0,1,17.3,0.399,0,1009.03,11,2,69.5,0
C001542,SMB,North America,Business,Paid Search,5,191.42,1115,0.0,1,23.8,0.354,0,3885.09,19,2,46.5,0
C001543,Mid-Market,North America,Pro,Referral,26,85.17,1333,20.0,0,60.6,0.158,1,2141.31,23,2,61.7,0
C001544,Startup,Europe,Business,Paid Search,3,215.83,647,23.0,1,-9.1,0.234,1,2695.03,12,1,58.1,0
C001545,SMB,North America,Business,Organic,23,190.92,1131,26.0,0,40.7,0.276,0,4117.37,24,1,70.6,0
C001546,Mid-Market,North America,Starter,Referral,73,27.39,617,22.0,3,44.7,0.013,0,175.76,6,3,55.0,0
C001547,Mid-Market,North America,Enterprise,Partner,17,2325.24,477,2.0,0,45.4,0.539,0,24758.59,10,0,57.5,0
C001548,Mid-Market,Europe,Enterprise,Organic,59,10215.3,246,21.0,3,22.5,0.14,0,80561.23,8,3,55.7,0
C001549,Mid-Market,LATAM,Starter,Paid Search,72,31.05,754,23.0,2,8.4,0.215,0,545.36,18,4,59.8,0
C001550,SMB,North America,Free,Partner,16,0.0,1454,14.0,3,73.0,0.629,0,159.45,36,3,69.2,0
C001551,Startup,North America,Starter,Paid Search,6,26.01,1059,0.0,2,13.6,0.585,1,361.88,14,2,48.9,0
C001552,SMB,Europe,Business,Organic,11,214.98,240,5.0,1,7.1,0.058,0,1878.95,9,3,40.4,0
C001553,SMB,LATAM,Enterprise,Partner,22,3123.35,698,7.0,0,35.5,0.569,1,49414.05,14,0,59.9,0
C001554,SMB,APAC,Business,Partner,13,216.71,575,24.0,2,16.5,0.202,0,4545.09,21,3,61.1,0
C001555,Startup,APAC,Starter,Organic,1,26.57,806,3.0,0,61.3,0.525,0,280.48,10,0,59.6,1
C001556,Startup,LATAM,Free,Paid Search,4,0.0,1228,20.0,0,28.4,0.221,0,136.49,26,0,62.3,0
C001557,Mid-Market,Europe,Pro,Partner,65,71.63,178,5.0,0,64.5,0.245,1,340.12,5,0,51.3,0
C001558,Startup,LATAM,Starter,Paid Search,6,26.87,355,23.0,0,46.2,0.4,0,195.82999999999998,6,0,72.2,0
C001559,Mid-Market,North America,Free,Paid Search,35,0.0,37,0.0,0,25.3,0.369,0,30.33,2,1,48.6,1
C001560,Startup,APAC,Free,Paid Search,2,0.0,237,6.0,1,62.9,0.25,1,43.47,5,2,50.6,0
C001561,Startup,APAC,Starter,Paid Search,4,29.8,1044,2.0,1,18.7,0.484,0,19.51,1,1,51.7,1
C001562,SMB,LATAM,Starter,Referral,19,26.49,1097,15.0,1,27.0,0.404,0,772.24,29,1,61.7,0
C001563,Mid-Market,Europe,Business,Paid Search,37,202.18,1105,21.0,0,48.2,0.631,0,4655.61,22,0,77.5,1
C001564,SMB,APAC,Starter,Sales,5,26.17,147,11.0,1,40.7,0.587,0,124.28,5,1,65.0,0
C001565,Enterprise,North America,Starter,Paid Search,453,29.14,664,14.0,1,18.2,0.071,0,344.63,11,1,50.0,0
C001566,SMB,Europe,Pro,Partner,10,72.39,811,17.0,2,-3.4,0.603,0,1195.73,16,2,64.9,0
C001567,Mid-Market,North America,Enterprise,Paid Search,68,11786.98,76,12.0,0,34.5,0.034,0,17254.3,2,0,50.2,0
C001568,SMB,Europe,Business,Referral,23,220.08,598,21.0,2,16.8,0.455,0,649.81,3,3,66.1,1
C001569,Startup,Europe,Pro,Sales,5,81.95,160,7.0,1,35.7,0.745,0,433.57,5,2,65.7,0
C001570,Mid-Market,North America,Business,Paid Search,22,192.72,52,4.0,1,24.5,0.987,0,124.39,1,1,69.1,0
C001571,Mid-Market,North America,Pro,Paid Search,40,87.02,1347,5.0,2,17.1,0.361,0,2190.47,24,2,49.0,0
C001572,SMB,North America,Pro,Sales,21,75.76,944,4.0,2,28.3,0.311,1,1538.97,21,3,45.7,0
C001573,SMB,Europe,Pro,Sales,20,75.49,411,1.0,0,33.2,0.73,0,809.03,10,0,61.1,0
C001574,Mid-Market,Europe,Pro,Sales,78,70.11,298,1.0,1,52.4,0.098,0,319.26,4,1,42.6,0
C001575,Enterprise,APAC,Pro,Organic,250,87.73,1248,1.0,3,45.6,0.455,0,1961.61,24,3,49.6,0
C001576,SMB,North America,Starter,Organic,20,25.86,1005,4.0,1,87.4,0.538,0,333.2,12,3,62.0,1
C001577,SMB,APAC,Starter,Paid Search,4,32.89,677,17.0,1,38.5,0.694,0,699.23,21,1,73.3,0
C001578,SMB,APAC,Starter,Referral,6,31.02,318,6.0,1,18.2,0.565,0,100.55,3,2,57.6,0
C001579,Mid-Market,North America,Starter,Organic,20,31.97,1299,16.0,1,30.8,0.423,0,979.83,33,1,63.6,0
C001580,SMB,North America,Pro,Paid Search,11,78.64,601,2.0,1,49.2,0.476,0,1083.31,14,1,54.5,0
C001581,Mid-Market,Europe,Pro,Partner,78,73.11,1037,22.0,3,60.1,0.436,0,1813.32,28,3,69.2,0
C001582,Mid-Market,North America,Free,Organic,31,0.0,1151,9.0,1,68.5,0.498,0,85.02,14,1,63.3,0
C001583,SMB,North America,Starter,Referral,22,31.63,723,12.0,2,9.6,0.525,0,351.39,12,2,59.4,0
C001584,Mid-Market,North America,Starter,Organic,47,28.75,868,18.0,1,67.0,0.261,0,385.0,15,1,64.1,0
C001585,SMB,North America,Pro,Referral,12,73.66,551,27.0,1,33.8,0.177,0,913.58,12,2,66.3,0
C001586,Startup,North America,Starter,Paid Search,6,29.52,1006,22.0,1,11.8,0.587,0,880.29,30,1,71.9,0
C001587,SMB,North America,Free,Partner,22,0.0,283,11.0,3,29.9,0.423,1,16.509999999999998,4,4,54.0,0
C001588,SMB,APAC,Free,Paid Search,16,0.0,1349,9.0,2,65.3,0.548,0,185.45,34,2,63.0,0
C001589,Enterprise,Europe,Pro,Organic,468,82.9,228,9.0,1,46.4,0.433,0,405.28999999999996,5,2,59.2,0
C001590,Mid-Market,Europe,Starter,Paid Search,20,26.6,1418,2.0,1,4.7,0.448,1,785.16,28,1,47.2,0
C001591,Enterprise,Europe,Pro,Referral,333,72.3,408,9.0,1,4.9,0.262,0,722.7,10,1,49.9,0
C001592,SMB,Europe,Pro,Paid Search,19,85.49,965,21.0,0,4.2,0.27,0,1795.62,22,0,62.3,0
C001593,Startup,North America,Enterprise,Organic,3,449.81,912,7.0,2,16.7,0.765,0,6369.73,13,2,62.9,0
C001594,Mid-Market,North America,Pro,Referral,44,80.54,1433,10.0,2,36.9,0.566,0,2209.51,29,2,61.6,0
C001595,Mid-Market,North America,Free,Organic,71,0.0,456,1.0,0,6.8,0.714,0,49.629999999999995,11,0,58.0,0
C001596,Mid-Market,Europe,Starter,Paid Search,29,29.93,1224,7.0,2,24.3,0.259,1,193.98000000000002,7,2,46.4,1
C001597,SMB,Europe,Business,Paid Search,4,171.42,518,1.0,0,70.1,0.235,0,1811.29,11,1,50.0,0
C001598,SMB,North America,Starter,Paid Search,23,28.66,423,13.0,0,75.4,0.38,0,320.94,11,2,65.5,0
C001599,SMB,Europe,Enterprise,Organic,8,1383.19,252,8.0,4,73.8,0.301,1,10615.39,7,4,50.6,0
C001600,Startup,LATAM,Pro,Organic,6,84.91,448,27.0,3,-9.9,0.406,0,983.04,11,4,65.8,0
C001601,Mid-Market,North America,Free,Organic,33,0.0,1029,16.0,0,76.8,0.719,0,84.94,26,0,78.5,0
C001602,SMB,Europe,Starter,Paid Search,20,25.64,404,10.0,2,37.3,0.292,0,165.24,7,2,53.4,1
C001603,SMB,Europe,Enterprise,Partner,9,1452.06,279,15.0,1,36.9,0.378,0,6603.41,5,4,61.9,0
C001604,Mid-Market,APAC,Enterprise,Partner,64,10559.02,1007,26.0,3,60.7,0.577,0,340261.04,34,4,77.1,0
C001605,Startup,APAC,Business,Organic,6,217.97,1283,5.0,2,52.6,0.559,2,6677.01,29,2,54.5,0
C001606,Enterprise,APAC,Starter,Organic,198,31.33,188,7.0,1,-11.7,0.74,0,56.629999999999995,2,1,60.8,1
C001607,SMB,North America,Business,Partner,20,191.34,1249,15.0,2,19.7,0.532,0,3817.11,21,2,63.3,0
C001608,SMB,Europe,Starter,Paid Search,14,30.09,611,2.0,2,25.8,0.305,0,589.9,18,3,45.5,0
C001609,Startup,APAC,Starter,Referral,4,29.23,1123,14.0,2,1.7,0.416,0,680.91,25,3,57.2,0
C001610,SMB,North America,Pro,Organic,19,72.36,1280,4.0,2,59.9,0.279,0,2239.05,31,4,49.9,0
C001611,Mid-Market,LATAM,Enterprise,Organic,58,8615.0,350,24.0,1,71.0,0.428,0,62989.79,7,2,74.9,0
C001612,Startup,North America,Starter,Paid Search,1,30.83,1255,21.0,2,34.7,0.41,2,628.56,21,4,62.5,0
C001613,SMB,Europe,Pro,Partner,21,84.3,502,1.0,2,42.5,0.249,0,1018.6,12,2,44.6,0
C001614,SMB,Europe,Starter,Paid Search,9,30.9,469,15.0,1,34.7,0.341,2,348.78999999999996,11,3,56.6,0
C001615,SMB,Europe,Starter,Organic,9,27.59,1374,5.0,2,37.5,0.216,0,686.05,26,2,46.7,0
C001616,Mid-Market,APAC,Free,Organic,29,0.0,1213,16.0,3,62.9,0.409,0,47.59,20,3,63.3,0
C001617,SMB,North America,Business,Partner,19,180.9,325,15.0,1,-9.1,0.711,0,1195.06,7,1,67.3,0
C001618,Startup,Europe,Free,Organic,2,0.0,735,27.0,1,47.2,0.439,0,146.67000000000002,19,2,75.5,0
C001619,Mid-Market,Europe,Pro,Partner,24,75.59,1287,4.0,1,35.3,0.636,1,1929.35,24,3,57.7,0
C001620,SMB,APAC,Starter,Organic,4,27.47,42,14.0,2,17.2,0.661,1,52.550000000000004,2,2,64.1,1
C001621,Startup,Europe,Pro,Paid Search,2,75.4,1082,27.0,0,22.4,0.381,1,1882.31,24,0,70.8,0
C001622,SMB,LATAM,Starter,Organic,5,25.07,1455,3.0,2,80.8,0.381,0,514.4,21,2,54.2,0
C001623,Startup,APAC,Starter,Sales,6,28.48,139,7.0,2,1.8,0.374,1,93.46000000000001,3,3,47.6,0
C001624,Mid-Market,North America,Pro,Organic,40,79.75,1437,20.0,1,30.8,0.14,0,3362.47,42,1,58.6,0
C001625,Startup,APAC,Pro,Organic,5,68.8,669,3.0,1,75.7,0.243,2,804.77,12,2,47.0,0
C001626,Mid-Market,LATAM,Enterprise,Referral,36,5531.09,40,5.0,1,3.2,0.535,0,4198.41,1,1,54.3,0
C001627,SMB,North America,Starter,Organic,5,33.23,634,26.0,0,23.6,0.237,0,495.55,14,0,67.7,0
C001628,SMB,Europe,Pro,Organic,6,78.02,624,16.0,1,36.1,0.395,0,1231.1399999999999,16,2,63.2,0
C001629,SMB,North America,Enterprise,Organic,7,1085.16,905,1.0,1,45.3,0.496,0,25921.57,23,2,53.8,0
C001630,Startup,Europe,Starter,Partner,4,29.75,1279,23.0,1,33.0,0.535,0,919.39,30,1,73.4,0
C001631,SMB,North America,Business,Paid Search,24,190.97,642,14.0,1,12.6,0.583,1,2201.57,12,1,62.8,0
C001632,SMB,APAC,Enterprise,Referral,21,2974.96,177,13.0,2,46.2,0.404,1,14581.41,5,2,58.3,0
C001633,SMB,Europe,Business,Referral,17,216.84,1330,27.0,1,32.5,0.562,0,5076.27,23,1,77.7,0
C001634,SMB,Europe,Pro,Paid Search,6,86.03,202,8.0,1,50.7,0.203,0,291.15999999999997,3,3,51.8,0
C001635,SMB,North America,Pro,Organic,12,84.46,867,10.0,4,58.1,0.181,1,1462.09,17,4,47.2,0
C001636,Enterprise,APAC,Pro,Referral,266,73.61,694,16.0,0,-2.2,0.3,0,1112.66,15,0,58.1,0
C001637,SMB,Europe,Pro,Referral,5,80.51,1224,6.0,0,60.8,0.536,0,2489.92,31,1,62.5,0
C001638,Startup,Europe,Enterprise,Referral,5,791.85,571,3.0,1,28.6,0.531,0,3156.73,5,2,55.0,0
C001639,SMB,North America,Starter,Organic,19,30.56,1200,3.0,2,55.6,0.319,0,606.15,20,4,49.8,0
C001640,SMB,North America,Business,Partner,20,212.01,1070,8.0,0,47.3,0.505,0,3408.0,16,1,62.0,0
C001641,Mid-Market,Europe,Pro,Referral,55,76.48,429,2.0,1,81.4,0.508,0,880.8199999999999,12,1,58.7,0
C001642,SMB,LATAM,Starter,Sales,13,31.41,1388,14.0,1,35.2,0.587,0,1031.13,35,1,67.1,0
C001643,Enterprise,North America,Pro,Organic,498,81.94,821,27.0,2,24.9,0.204,0,1514.78,18,3,64.7,0
C001644,Mid-Market,Europe,Business,Referral,42,213.18,610,7.0,0,22.2,0.189,0,2942.2,16,1,49.1,0
C001645,SMB,North America,Pro,Partner,20,84.01,1272,1.0,1,9.1,0.242,1,2245.27,26,1,40.6,0
C001646,Mid-Market,APAC,Business,Referral,67,215.26,1039,1.0,4,55.2,0.189,0,3312.19,15,4,41.1,0
C001647,Enterprise,North America,Starter,Partner,316,29.61,969,4.0,2,7.5,0.316,2,532.03,18,2,41.8,1
C001648,SMB,Europe,Enterprise,Referral,8,1322.26,512,16.0,2,55.0,0.17,1,7134.77,6,3,54.9,0
C001649,SMB,North America,Pro,Paid Search,22,69.71,64,13.0,1,29.4,0.636,2,92.93,1,1,63.1,0
C001650,SMB,North America,Business,Organic,19,200.81,265,11.0,1,-9.1,0.386,0,1248.39,6,2,54.0,0
C001651,Mid-Market,North America,Starter,Paid Search,20,32.54,1189,21.0,1,72.2,0.673,0,962.49,30,1,79.7,0
C001652,SMB,North America,Starter,Referral,14,27.13,1435,10.0,4,-49.4,0.306,0,707.12,27,5,42.2,0
C001653,SMB,Europe,Enterprise,Organic,3,464.79,1386,17.0,1,33.0,0.712,0,17149.07,37,4,73.3,0
C001654,SMB,LATAM,Free,Partner,12,0.0,609,27.0,2,40.8,0.638,0,54.96,10,2,79.3,0
C001655,SMB,Europe,Starter,Sales,15,27.24,1237,4.0,0,-22.7,0.161,0,791.04,29,0,41.1,0
C001656,Enterprise,LATAM,Business,Sales,59,181.71,1130,3.0,1,46.0,0.578,2,4416.97,25,1,54.1,0
C001657,Startup,Europe,Business,Partner,3,223.2,249,6.0,2,18.3,0.7,1,1203.88,5,2,58.2,0
C001658,Enterprise,North America,Business,Referral,380,172.9,211,4.0,2,28.8,0.853,1,0.0,0,3,62.0,1
C001659,SMB,North America,Business,Organic,4,183.66,261,23.0,0,68.6,0.201,1,1467.47,8,0,66.4,1
C001660,Mid-Market,Europe,Enterprise,Paid Search,42,6981.53,1098,24.0,0,38.6,0.197,1,129512.51000000001,17,0,64.2,1
C001661,SMB,North America,Pro,Paid Search,23,87.07,574,15.0,2,26.2,0.443,0,1063.74,12,4,61.3,0
C001662,Mid-Market,APAC,Pro,Referral,21,70.32,587,3.0,1,30.7,0.567,1,750.31,11,3,54.3,0
C001663,Startup,Europe,Business,Organic,3,187.74,1196,23.0,0,79.4,0.585,2,4723.75,24,0,77.0,0
C001664,Mid-Market,Europe,Pro,Organic,15,86.47,669,25.0,0,45.1,0.145,0,1355.8799999999999,17,0,66.2,0
C001665,SMB,Europe,Free,Partner,3,0.0,709,11.0,2,12.9,0.155,0,30.11,4,3,47.8,1
C001666,Mid-Market,North America,Starter,Paid Search,78,25.19,894,18.0,0,22.8,0.206,1,321.77,12,0,57.5,0
C001667,Enterprise,Europe,Pro,Referral,167,68.13,386,17.0,2,5.2,0.094,0,506.19,8,2,50.5,0
C001668,SMB,North America,Business,Paid Search,12,222.7,492,14.0,0,23.7,0.095,0,1536.64,7,1,52.7,0
C001669,SMB,North America,Pro,Referral,19,86.52,699,9.0,1,75.2,0.287,0,2116.32,25,1,57.7,0
C001670,SMB,North America,Business,Paid Search,4,197.05,423,7.0,0,30.8,0.472,0,1235.2,7,1,58.5,0
C001671,Startup,North America,Business,Referral,6,223.3,369,7.0,2,1.6,0.408,0,1175.3899999999999,5,2,50.6,0
C001672,SMB,Europe,Starter,Referral,7,25.47,650,10.0,0,45.8,0.296,0,226.01,9,0,57.4,0
C001673,Startup,North America,Pro,Organic,2,68.03,1078,21.0,0,25.2,0.087,1,1419.59,21,0,56.9,0
C001674,Mid-Market,North America,Pro,Paid Search,37,78.74,376,23.0,2,49.0,0.641,0,518.37,7,3,76.7,0
C001675,SMB,LATAM,Starter,Sales,7,31.39,434,3.0,1,28.9,0.655,0,288.36,11,1,58.7,0
C001676,SMB,LATAM,Pro,Organic,14,68.88,54,1.0,2,71.1,0.24,0,195.67000000000002,3,2,47.2,0
C001677,SMB,Europe,Pro,Partner,4,75.4,1246,13.0,1,12.2,0.641,1,1586.25,22,3,63.6,0
C001678,Startup,Europe,Business,Organic,6,177.48,861,21.0,1,5.9,0.728,0,2531.93,15,1,74.7,0
C001679,SMB,APAC,Pro,Referral,20,84.17,139,15.0,1,58.4,0.576,0,287.11,4,1,70.0,0
C001680,Startup,North America,Free,Organic,3,0.0,725,23.0,1,-15.1,0.456,1,113.1,18,2,64.2,0
C001681,SMB,Europe,Pro,Partner,9,80.08,113,19.0,1,30.7,0.514,1,54.77,1,1,67.0,0
C001682,Mid-Market,North America,Business,Partner,30,169.61,1443,19.0,0,55.0,0.192,0,4939.35,29,0,63.2,0
C001683,SMB,Europe,Pro,Organic,19,77.3,1410,15.0,1,-19.9,0.262,0,2092.4,26,1,52.8,0
C001684,SMB,LATAM,Starter,Paid Search,11,25.36,322,1.0,1,36.6,0.241,1,138.57,6,2,43.3,0
C001685,Startup,APAC,Enterprise,Referral,7,1253.12,948,5.0,1,-2.4,0.782,2,22352.399999999998,17,1,57.2,0
C001686,Startup,LATAM,Starter,Partner,4,30.3,717,20.0,0,-11.1,0.239,0,594.89,18,1,58.9,0
C001687,Enterprise,APAC,Starter,Sales,65,29.45,848,8.0,0,8.4,0.85,0,493.11,18,5,68.5,1
C001688,Mid-Market,Europe,Starter,Referral,17,27.52,877,20.0,1,30.4,0.726,0,557.5,19,2,76.2,0
C001689,Enterprise,APAC,Business,Partner,404,170.7,117,9.0,3,17.4,0.64,0,190.33,1,3,59.5,0
C001690,SMB,Europe,Business,Partner,12,192.15,1326,0.0,1,62.7,0.714,0,6196.01,30,1,61.2,0
C001691,Enterprise,Europe,Free,Sales,320,0.0,356,18.0,1,37.1,0.525,0,11.85,4,2,69.0,0
C001692,SMB,North America,Business,Paid Search,7,198.96,188,24.0,3,22.8,0.256,0,669.95,3,3,61.9,1
C001693,SMB,Europe,Pro,Paid Search,8,69.62,520,12.0,2,2.3,0.128,1,416.77,6,2,44.8,1
C001694,Startup,North America,Business,Referral,2,202.45,896,3.0,3,40.6,0.286,0,2709.99,14,4,45.8,0
C001695,Mid-Market,Europe,Enterprise,Sales,35,6140.77,1232,11.0,0,86.5,0.163,1,200914.93,33,0,56.4,0
C001696,SMB,North America,Business,Paid Search,8,193.91,484,26.0,0,17.4,0.718,2,2636.13,13,0,77.5,0
C001697,Enterprise,Europe,Starter,Organic,253,25.09,790,8.0,0,20.4,0.338,2,229.24,9,1,50.3,1
C001698,Startup,North America,Starter,Partner,5,29.71,1247,1.0,1,8.5,0.291,1,570.44,20,2,42.0,0
C001699,Mid-Market,North America,Enterprise,Referral,50,9033.42,946,21.0,2,64.6,0.307,1,190406.36,20,2,64.4,0
C001700,Enterprise,Europe,Pro,Paid Search,161,89.42,85,6.0,1,58.2,0.697,1,88.38,1,2,63.6,0
C001701,Mid-Market,North America,Pro,Referral,55,76.15,1081,1.0,0,23.8,0.06,0,2628.59,31,0,40.1,0
C001702,Startup,LATAM,Enterprise,Paid Search,6,938.71,1205,19.0,1,20.0,0.487,0,25005.3,28,1,67.1,0
C001703,Enterprise,Europe,Business,Paid Search,242,186.41,485,9.0,0,11.4,0.528,2,1469.73,8,1,56.0,0
C001704,SMB,North America,Pro,Partner,14,88.67,1175,3.0,2,27.8,0.148,0,1791.78,20,3,41.9,0
C001705,SMB,North America,Business,Paid Search,13,181.68,145,1.0,1,60.5,0.363,0,1005.4399999999999,5,1,51.3,0
C001706,SMB,APAC,Free,Referral,20,0.0,232,5.0,1,36.0,0.212,1,11.57,8,2,45.9,0
C001707,Mid-Market,Europe,Business,Organic,40,198.43,54,4.0,0,67.2,0.374,0,329.23,2,1,56.5,0
C001708,Enterprise,Europe,Enterprise,Referral,401,56152.15,156,0.0,1,17.0,0.652,1,292449.07,5,2,52.8,0
C001709,SMB,North America,Free,Paid Search,24,0.0,1112,10.0,0,-22.8,0.337,0,26.159999999999997,9,0,51.8,1
C001710,Mid-Market,APAC,Starter,Sales,24,29.55,1157,23.0,3,100.0,0.427,0,693.97,22,3,73.8,0
C001711,SMB,LATAM,Business,Referral,6,185.6,971,11.0,1,40.4,0.065,0,3623.5299999999997,21,1,49.3,0
C001712,Mid-Market,North America,Pro,Organic,53,71.27,789,1.0,1,54.5,0.147,2,960.84,13,1,40.3,0
C001713,SMB,North America,Free,Sales,6,0.0,202,24.0,2,15.3,0.309,0,21.33,1,3,64.2,0
C001714,Enterprise,North America,Starter,Paid Search,163,33.05,412,17.0,0,0.9,0.116,0,336.83,11,1,53.7,0
C001715,SMB,North America,Starter,Paid Search,16,32.98,539,27.0,0,38.9,0.379,0,322.08,9,0,74.4,0
C001716,Mid-Market,APAC,Starter,Sales,53,28.04,204,16.0,1,-14.8,0.341,1,25.14,1,3,54.5,1
C001717,SMB,LATAM,Business,Sales,4,216.65,537,13.0,1,28.3,0.832,0,3119.98,16,1,72.9,0
C001718,Enterprise,LATAM,Pro,Partner,486,85.55,918,14.0,1,60.6,0.175,0,1853.14,21,1,57.3,0
C001719,Startup,APAC,Business,Sales,7,225.34,870,0.0,0,46.2,0.371,0,4387.93,20,0,50.8,0
C001720,SMB,North America,Free,Paid Search,18,0.0,721,10.0,0,41.4,0.023,0,32.849999999999994,16,2,48.8,0
C001721,Mid-Market,LATAM,Starter,Organic,70,27.22,1334,12.0,0,78.6,0.268,0,751.47,28,1,61.6,0
C001722,Enterprise,North America,Starter,Organic,170,33.21,400,8.0,0,44.4,0.656,2,186.38,5,0,62.3,1
C001723,Mid-Market,North America,Business,Paid Search,78,189.66,527,23.0,0,-12.6,0.056,0,1251.92,6,0,56.0,0
C001724,Mid-Market,APAC,Enterprise,Partner,76,10810.36,415,26.0,2,31.3,0.543,0,124796.76,11,2,74.6,0
C001725,Mid-Market,North America,Starter,Paid Search,18,28.84,697,13.0,3,83.1,0.367,0,458.27,15,3,61.4,0
C001726,Startup,APAC,Enterprise,Partner,3,545.87,341,21.0,4,27.3,0.588,0,4749.01,9,4,68.1,0
C001727,SMB,LATAM,Free,Organic,17,0.0,102,6.0,2,81.6,0.634,1,0.0,1,2,62.5,1
C001728,Mid-Market,APAC,Starter,Paid Search,25,29.99,645,25.0,0,60.6,0.741,0,308.85,10,1,85.6,0
C001729,SMB,APAC,Business,Referral,8,188.93,825,19.0,2,24.8,0.537,0,2816.06,14,2,67.6,0
C001730,Mid-Market,North America,Starter,Organic,31,31.03,1311,20.0,0,8.0,0.682,0,1189.6299999999999,37,0,74.1,0
C001731,Startup,North America,Enterprise,Referral,7,1011.39,347,16.0,1,43.5,0.466,0,7583.96,7,2,66.1,0
C001732,Enterprise,APAC,Starter,Referral,101,25.49,168,23.0,1,66.8,0.264,0,29.65,1,1,68.6,0
C001733,SMB,Europe,Business,Partner,14,221.31,460,14.0,0,-4.5,0.155,0,1219.62,5,2,51.7,0
C001734,SMB,LATAM,Starter,Sales,15,29.16,223,26.0,3,38.0,0.331,0,156.72,5,3,67.4,0
C001735,Enterprise,North America,Starter,Sales,181,32.36,229,18.0,0,-16.0,0.438,0,223.95,8,0,62.6,0
C001736,Mid-Market,North America,Starter,Organic,52,24.96,319,12.0,0,26.5,0.227,2,57.75,2,0,51.2,1
C001737,Mid-Market,North America,Enterprise,Partner,32,5426.87,741,5.0,4,-6.4,0.7,1,89391.81,18,4,51.8,0
C001738,Startup,APAC,Pro,Organic,6,70.15,1318,25.0,0,49.1,0.165,1,286.53,4,1,65.2,1
C001739,SMB,APAC,Pro,Paid Search,4,70.67,1456,1.0,1,17.8,0.365,0,1895.07,27,1,47.1,0
C001740,SMB,LATAM,Free,Partner,21,0.0,1168,1.0,2,64.0,0.653,0,97.47,21,3,58.9,0
C001741,SMB,North America,Free,Referral,23,0.0,844,0.0,1,21.5,0.169,0,101.95,14,2,40.7,1
C001742,Startup,Europe,Free,Referral,2,0.0,397,3.0,2,19.2,0.734,0,26.17,5,2,58.6,0
C001743,SMB,North America,Business,Referral,23,207.99,809,6.0,1,-5.4,0.457,1,4169.88,20,1,50.0,0
C001744,SMB,North America,Starter,Referral,12,32.51,1427,13.0,4,44.8,0.437,2,692.36,23,4,54.2,1
C001745,SMB,North America,Starter,Partner,6,25.91,1160,7.0,0,47.3,0.104,1,785.26,30,1,47.1,0
C001746,Mid-Market,Europe,Pro,Organic,65,86.0,60,12.0,0,58.5,0.413,0,234.98,3,0,64.0,0
C001747,Startup,Europe,Pro,Organic,4,69.33,48,12.0,2,51.4,0.232,0,143.56,2,2,54.8,0
C001748,Enterprise,North America,Starter,Paid Search,318,25.83,921,12.0,1,45.0,0.72,0,689.56,27,1,70.3,0
C001749,Mid-Market,Europe,Free,Referral,16,0.0,309,1.0,2,49.9,0.685,0,31.58,15,3,58.4,0
C001750,Startup,APAC,Starter,Organic,1,26.2,432,15.0,2,52.4,0.501,0,212.65,8,2,65.7,0
C001751,Mid-Market,North America,Business,Paid Search,33,217.18,129,8.0,1,57.7,0.363,2,419.99,2,1,53.3,0
C001752,Mid-Market,North America,Starter,Organic,35,32.59,191,15.0,1,-3.2,0.04,0,199.95,6,2,47.8,0
C001753,Mid-Market,APAC,Pro,Partner,67,68.05,561,1.0,1,23.5,0.103,1,558.28,9,3,37.8,0
C001754,SMB,APAC,Free,Paid Search,8,0.0,896,24.0,0,-5.6,0.658,1,108.72,14,1,73.6,0
C001755,Startup,APAC,Enterprise,Organic,1,162.19,564,20.0,1,43.3,0.549,0,1773.8,11,1,72.2,0
C001756,Enterprise,North America,Enterprise,Organic,254,41993.91,1004,9.0,2,75.7,0.539,0,509171.58999999997,11,3,63.8,0
C001757,Enterprise,Europe,Free,Paid Search,218,0.0,963,10.0,0,57.4,0.643,0,132.47,19,1,69.0,0
C001758,SMB,LATAM,Pro,Paid Search,18,83.06,590,8.0,2,19.8,0.28,1,824.75,9,2,47.5,0
C001759,Startup,North America,Starter,Sales,2,33.04,643,27.0,0,47.6,0.638,1,820.59,23,2,81.0,0
C001760,Mid-Market,Europe,Business,Organic,68,223.98,630,19.0,1,43.7,0.446,1,2604.03,11,1,66.2,0
C001761,Startup,LATAM,Pro,Paid Search,3,73.1,910,12.0,2,40.8,0.759,0,1404.0,21,3,69.6,0
C001762,Startup,North America,Pro,Partner,2,84.69,875,18.0,2,2.4,0.437,2,2078.84,23,3,57.4,0
C001763,Mid-Market,APAC,Starter,Partner,63,28.01,1446,1.0,0,67.9,0.557,0,870.66,32,0,59.4,0
C001764,Startup,APAC,Free,Paid Search,1,0.0,600,23.0,1,5.5,0.29,1,19.07,9,1,61.3,0
C001765,SMB,North America,Pro,Organic,17,74.34,637,16.0,0,25.8,0.202,0,889.6,12,1,57.9,0
C001766,SMB,APAC,Pro,Sales,20,68.34,123,8.0,0,59.0,0.339,1,624.6,9,0,56.2,0
C001767,SMB,Europe,Business,Sales,8,200.45,739,19.0,0,25.7,0.25,1,1076.56,5,1,60.0,1
C001768,Startup,APAC,Business,Paid Search,1,169.37,792,0.0,0,37.0,0.2,0,2039.08,12,0,44.7,0
C001769,SMB,LATAM,Pro,Partner,11,71.29,1364,13.0,0,38.0,0.539,0,2236.72,31,1,66.6,0
C001770,SMB,APAC,Pro,Organic,10,90.75,1179,26.0,0,36.6,0.395,0,2030.97,23,0,73.7,0
C001771,Startup,North America,Enterprise,Organic,1,180.91,977,21.0,0,37.9,0.734,0,3230.66,18,1,79.6,0
C001772,SMB,APAC,Business,Organic,10,205.08,921,1.0,0,40.3,0.731,0,3249.79,16,1,61.9,0
C001773,Startup,LATAM,Business,Referral,3,227.9,942,16.0,1,36.9,0.111,0,4432.71,20,1,54.8,0
C001774,Startup,Europe,Enterprise,Organic,2,316.11,897,19.0,1,12.6,0.685,0,6266.77,20,2,72.3,0
C001775,Mid-Market,Europe,Starter,Organic,24,28.85,361,14.0,1,-3.8,0.709,0,237.97,8,2,66.9,0
C001776,Enterprise,North America,Pro,Organic,133,77.66,1273,9.0,0,60.0,0.344,0,2129.61,28,0,59.4,0
C001777,SMB,APAC,Pro,Organic,11,68.0,985,19.0,1,61.1,0.539,0,981.46,15,1,72.7,0
C001778,Startup,North America,Starter,Paid Search,4,27.63,1228,11.0,2,43.4,0.544,0,395.88,15,3,62.5,0
C001779,Mid-Market,North America,Pro,Paid Search,19,79.61,1020,26.0,0,43.2,0.479,0,1485.91,17,1,76.9,0
C001780,SMB,LATAM,Starter,Partner,7,29.12,482,23.0,0,12.1,0.06,0,513.71,17,0,58.5,0
C001781,Enterprise,LATAM,Pro,Paid Search,304,79.19,1394,25.0,4,-26.0,0.46,0,2154.85,26,6,62.5,0
C001782,Mid-Market,LATAM,Starter,Paid Search,15,27.75,975,11.0,0,28.8,0.148,0,452.36,17,0,52.1,0
C001783,SMB,Europe,Business,Referral,7,211.9,1427,18.0,1,-12.4,0.693,0,8095.44,37,1,69.1,0
C001784,Mid-Market,North America,Pro,Organic,38,89.68,95,4.0,1,39.6,0.59,0,55.4,1,1,58.7,0
C001785,Startup,Europe,Pro,Organic,7,86.12,421,21.0,0,67.6,0.662,1,426.59000000000003,5,0,78.4,0
C001786,Mid-Market,North America,Starter,Referral,60,27.46,1112,21.0,0,19.6,0.448,0,482.03,19,2,69.2,0
C001787,Startup,APAC,Pro,Partner,5,73.93,1177,21.0,1,21.0,0.614,2,1931.42,24,1,68.8,1
C001788,Mid-Market,Europe,Free,Paid Search,18,0.0,1319,0.0,0,9.9,0.389,0,15.940000000000001,12,1,47.7,1
C001789,Startup,Europe,Starter,Organic,1,26.54,784,12.0,0,36.1,0.293,1,355.71,15,1,56.1,0
C001790,SMB,North America,Starter,Organic,3,25.67,383,7.0,2,34.2,0.255,0,130.76999999999998,6,2,49.3,1
C001791,Enterprise,Europe,Business,Organic,101,185.02,625,25.0,1,9.5,0.29,0,1947.15,11,1,65.5,0
C001792,Enterprise,APAC,Starter,Referral,326,29.33,201,15.0,1,57.8,0.186,0,297.84,10,2,58.3,0
C001793,Enterprise,APAC,Pro,Partner,131,67.33,969,17.0,0,100.0,0.694,1,824.91,12,0,79.0,0
C001794,SMB,North America,Business,Organic,8,180.86,1063,12.0,0,64.7,0.304,1,4674.82,25,0,59.3,0
C001795,Startup,North America,Starter,Organic,3,26.88,777,3.0,2,32.2,0.32,0,333.71,12,2,47.5,0
C001796,SMB,North America,Business,Organic,11,202.47,1172,17.0,1,31.9,0.406,1,3615.21,20,1,62.0,0
C001797,SMB,North America,Free,Organic,10,0.0,65,17.0,1,22.2,0.203,1,14.78,1,2,55.0,0
C001798,SMB,LATAM,Starter,Paid Search,10,33.2,1195,10.0,3,21.6,0.833,0,1307.84,40,3,66.6,0
C001799,SMB,Europe,Free,Paid Search,13,0.0,776,17.0,2,59.0,0.431,0,59.059999999999995,13,2,66.0,0
C001800,SMB,North America,Pro,Sales,13,83.67,714,10.0,3,60.0,0.683,0,1006.98,13,4,65.9,0
C001801,SMB,APAC,Enterprise,Referral,6,880.69,1379,18.0,0,5.8,0.637,1,19896.96,22,0,68.8,0
C001802,SMB,North America,Pro,Sales,17,81.32,791,9.0,2,44.2,0.302,0,2210.89,28,2,53.5,0
C001803,Startup,North America,Pro,Referral,3,73.2,810,21.0,1,62.8,0.19,1,1606.04,22,1,62.2,0
C001804,Mid-Market,Europe,Starter,Sales,75,28.69,1090,24.0,2,26.2,0.412,0,676.6,24,2,68.4,0
C001805,Enterprise,North America,Enterprise,Sales,298,47306.06,1278,13.0,2,29.7,0.61,0,1574231.51,32,3,64.9,0
C001806,Mid-Market,Europe,Pro,Paid Search,61,89.83,1396,0.0,1,52.4,0.093,0,2250.26,24,2,41.5,0
C001807,SMB,APAC,Starter,Organic,15,26.9,1448,19.0,0,53.1,0.269,0,967.1,38,0,65.3,0
C001808,Mid-Market,LATAM,Enterprise,Organic,56,9821.07,772,26.0,2,45.7,0.503,0,103682.95,11,2,74.9,0
C001809,Startup,North America,Starter,Partner,3,31.0,1332,19.0,1,41.4,0.671,1,776.83,26,1,72.7,0
C001810,SMB,Europe,Starter,Partner,19,29.41,89,10.0,0,44.7,0.252,0,77.97,2,1,56.0,0
C001811,SMB,North America,Free,Organic,17,0.0,1111,15.0,1,28.1,0.658,0,66.08,14,1,69.4,0
C001812,SMB,Europe,Starter,Referral,5,27.76,527,10.0,3,7.1,0.347,0,363.31,13,4,50.5,1
C001813,Mid-Market,North America,Business,Referral,70,206.74,497,21.0,1,-3.9,0.63,0,2335.28,12,1,70.8,0
C001814,Startup,Europe,Pro,Partner,7,70.61,752,20.0,0,49.9,0.045,2,479.4,7,1,55.2,0
C001815,Enterprise,North America,Enterprise,Paid Search,202,35075.86,197,17.0,5,37.7,0.619,0,141027.66999999998,4,5,65.0,0
C001816,SMB,LATAM,Free,Organic,18,0.0,1302,10.0,1,46.4,0.34,0,80.68,27,2,57.3,0
C001817,Startup,APAC,Pro,Paid Search,5,90.51,1126,4.0,3,14.3,0.528,0,1406.91,17,3,51.3,0
C001818,SMB,North America,Pro,Organic,5,77.45,1100,17.0,2,37.6,0.598,0,2297.06,28,3,68.9,0
C001819,Startup,APAC,Pro,Partner,3,89.2,1267,9.0,1,37.0,0.349,1,2224.72,24,1,53.7,0
C001820,Mid-Market,North America,Pro,Paid Search,65,73.31,1039,25.0,3,67.0,0.302,0,2087.78,28,3,68.6,0
C001821,Startup,APAC,Pro,Organic,1,74.07,1013,1.0,2,56.3,0.314,1,1659.57,23,2,45.9,0
C001822,SMB,North America,Pro,Paid Search,4,86.17,367,23.0,1,16.5,0.437,2,940.34,10,1,64.8,0
C001823,SMB,North America,Business,Partner,22,221.79,1029,21.0,1,47.6,0.792,0,4444.16,21,1,80.8,0
C001824,Enterprise,Europe,Starter,Paid Search,385,28.9,207,14.0,2,16.3,0.43,0,18.58,1,2,59.0,0
C001825,Mid-Market,Europe,Pro,Sales,45,68.67,356,27.0,2,-30.3,0.644,0,296.21,5,3,72.4,0
C001826,SMB,Europe,Pro,Organic,7,75.43,171,20.0,0,78.1,0.504,1,64.54,1,0,73.8,0
C001827,Enterprise,Europe,Starter,Sales,384,31.65,1310,1.0,2,25.6,0.195,1,413.75,14,2,39.3,1
C001828,SMB,North America,Starter,Organic,7,28.82,53,10.0,1,61.0,0.121,0,0.0,0,1,52.2,0
C001829,Startup,North America,Enterprise,Organic,4,681.09,583,23.0,0,18.5,0.787,0,7846.87,11,0,81.0,0
C001830,Startup,Europe,Starter,Sales,5,27.94,56,21.0,2,14.8,0.89,0,57.04,3,3,78.9,0
C001831,Enterprise,Europe,Starter,Referral,119,24.94,953,4.0,2,21.3,0.176,0,633.35,27,3,43.0,0
C001832,Startup,North America,Pro,Partner,6,83.18,98,4.0,0,41.3,0.288,0,408.74,5,0,51.3,0
C001833,Enterprise,North America,Free,Referral,299,0.0,619,25.0,0,39.4,0.395,0,44.22,12,0,73.1,0
C001834,SMB,Europe,Free,Paid Search,6,0.0,1358,1.0,3,47.4,0.284,0,160.81,27,3,44.7,0
C001835,Startup,Europe,Free,Referral,2,0.0,874,26.0,0,22.6,0.703,0,51.3,12,2,81.6,0
C001836,Enterprise,APAC,Free,Organic,82,0.0,1263,15.0,0,36.0,0.351,0,160.48,31,0,62.5,0
C001837,Enterprise,Europe,Starter,Referral,72,27.69,114,22.0,0,13.9,0.371,0,133.82,5,0,67.2,0
C001838,Enterprise,Europe,Business,Sales,107,178.49,1025,6.0,1,71.7,0.199,0,3744.17,21,2,52.0,0
C001839,SMB,Europe,Starter,Referral,5,24.97,1143,9.0,0,2.1,0.032,0,221.82,11,0,44.2,1
C001840,Startup,North America,Starter,Referral,5,28.24,670,20.0,0,14.5,0.788,0,420.74,15,0,77.9,0
C001841,Mid-Market,North America,Pro,Partner,24,69.49,853,4.0,1,24.4,0.3,1,1006.48,14,2,46.5,1
C001842,Mid-Market,North America,Starter,Paid Search,37,27.26,1322,2.0,0,94.7,0.775,0,762.59,30,0,69.5,0
C001843,SMB,APAC,Starter,Paid Search,15,32.04,293,17.0,2,54.2,0.254,0,71.86,2,3,60.2,0
C001844,Mid-Market,North America,Starter,Referral,51,25.02,251,0.0,3,13.7,0.204,1,62.28,3,4,36.0,0
C001845,SMB,Europe,Starter,Partner,15,30.16,398,26.0,2,55.6,0.588,0,123.71000000000001,4,2,78.4,0
C001846,Startup,Europe,Starter,Paid Search,5,28.03,579,18.0,1,47.9,0.4,1,343.36,12,1,64.4,0
C001847,SMB,North America,Free,Referral,18,0.0,885,19.0,2,41.8,0.564,1,129.65,17,2,68.1,1
C001848,Startup,APAC,Business,Organic,6,199.05,685,14.0,0,52.4,0.107,1,2756.33,13,2,54.0,0
C001849,SMB,APAC,Enterprise,Referral,13,1980.69,715,17.0,1,36.5,0.549,0,25062.22,12,1,68.8,0
C001850,Startup,North America,Business,Referral,3,174.02,1224,26.0,2,39.3,0.455,1,4947.23,30,2,70.8,0
C001851,Mid-Market,APAC,Free,Organic,43,0.0,1344,0.0,3,-3.8,0.676,0,112.23,19,3,50.4,0
C001852,Enterprise,Europe,Business,Organic,84,180.64,1098,6.0,0,71.1,0.779,0,5047.88,28,0,70.8,0
C001853,SMB,North America,Pro,Referral,13,83.37,811,19.0,0,23.8,0.761,0,981.76,12,2,77.2,0
C001854,Enterprise,APAC,Free,Organic,65,0.0,1231,3.0,1,4.1,0.694,0,42.05,11,1,57.4,1
C001855,Startup,APAC,Enterprise,Sales,7,1020.23,1308,6.0,0,22.4,0.2,1,23538.22,26,0,46.6,0
C001856,SMB,North America,Business,Organic,5,178.65,242,0.0,2,23.4,0.093,1,1557.97,9,3,35.1,0
C001857,Startup,LATAM,Free,Organic,4,0.0,924,1.0,1,15.0,0.432,1,117.88,26,1,46.9,0
C001858,Mid-Market,Europe,Enterprise,Organic,73,10005.5,625,12.0,3,54.4,0.341,0,187468.99,17,4,56.9,0
C001859,SMB,Europe,Free,Referral,6,0.0,711,18.0,0,59.4,0.568,0,126.46000000000001,17,1,74.1,0
C001860,SMB,North America,Pro,Partner,3,68.8,409,2.0,1,-14.0,0.521,1,246.14999999999998,3,1,47.5,1
C001861,Mid-Market,North America,Starter,Referral,26,28.35,403,27.0,0,22.1,0.619,0,222.42000000000002,7,0,79.9,0
C001862,SMB,Europe,Starter,Sales,24,26.31,1037,21.0,3,23.9,0.701,0,686.36,25,4,72.7,0
C001863,SMB,Europe,Enterprise,Partner,24,4316.57,248,18.0,3,30.7,0.403,0,13212.48,4,3,61.7,0
C001864,Startup,Europe,Pro,Organic,3,74.6,930,2.0,2,77.7,0.51,1,1298.95,18,2,54.9,0
C001865,SMB,APAC,Starter,Organic,23,31.59,266,14.0,2,14.7,0.242,0,122.47,5,2,53.2,0
C001866,Enterprise,North America,Business,Referral,219,191.48,882,25.0,1,74.1,0.254,1,3036.23,17,1,68.9,0
C001867,SMB,APAC,Business,Organic,18,200.82,1302,6.0,3,31.3,0.398,0,5299.54,27,3,50.9,0
C001868,SMB,APAC,Enterprise,Sales,20,3365.47,374,15.0,1,74.3,0.68,0,23437.4,8,2,74.7,0
C001869,Mid-Market,APAC,Enterprise,Referral,53,8906.48,1417,15.0,2,27.2,0.274,2,178251.43,21,2,52.3,0
C001870,SMB,APAC,Enterprise,Partner,12,2118.96,356,19.0,0,24.3,0.803,2,15822.32,8,0,74.5,0
C001871,Mid-Market,APAC,Pro,Partner,73,74.68,1399,25.0,2,34.4,0.51,1,2151.7799999999997,30,2,71.1,0
C001872,Enterprise,North America,Starter,Sales,295,28.89,1165,3.0,3,67.3,0.352,0,596.06,22,4,50.5,0
C001873,SMB,APAC,Enterprise,Referral,18,3165.61,598,1.0,1,39.0,0.396,0,43373.83,15,1,50.2,0
C001874,Mid-Market,LATAM,Free,Partner,17,0.0,114,2.0,1,40.2,0.239,0,14.91,3,1,46.5,0
C001875,SMB,Europe,Starter,Paid Search,13,26.48,876,7.0,0,50.9,0.414,0,677.8,25,0,58.8,0
C001876,Mid-Market,North America,Starter,Paid Search,77,27.07,1288,9.0,1,13.0,0.197,0,655.6899999999999,25,1,48.7,1
C001877,SMB,LATAM,Starter,Paid Search,18,27.51,1127,24.0,2,43.4,0.72,0,285.9,11,3,79.4,1
C001878,Mid-Market,North America,Pro,Sales,56,70.89,179,14.0,1,19.3,0.127,0,285.92,4,2,51.7,0
C001879,Startup,North America,Enterprise,Partner,2,289.12,421,20.0,1,71.8,0.727,0,3515.14,12,1,80.3,0
C001880,Enterprise,North America,Pro,Referral,270,68.39,1317,16.0,4,45.5,0.68,0,1551.66,23,4,68.2,0
C001881,SMB,Europe,Pro,Organic,12,72.43,910,26.0,2,52.3,0.372,0,1226.35,18,4,71.6,0
C001882,Mid-Market,Europe,Starter,Referral,46,32.54,1082,9.0,0,-16.0,0.658,0,441.59000000000003,13,0,61.2,0
C001883,Mid-Market,Europe,Pro,Paid Search,44,81.64,1206,18.0,0,52.7,0.244,1,2100.15,27,0,61.7,0
C001884,SMB,LATAM,Free,Referral,10,0.0,250,7.0,4,30.6,0.182,2,0.0,11,6,39.8,1
C001885,Startup,Europe,Free,Organic,3,0.0,577,6.0,1,-0.9,0.622,0,43.01,10,1,57.4,0
C001886,Startup,Europe,Pro,Sales,2,81.35,1204,27.0,1,37.4,0.305,0,1483.06,18,1,70.5,0
C001887,Mid-Market,APAC,Pro,Partner,34,71.57,530,0.0,0,-3.0,0.163,0,1018.83,13,0,39.6,0
C001888,Mid-Market,APAC,Starter,Paid Search,31,30.06,869,7.0,2,50.3,0.531,0,574.31,18,3,59.2,0
C001889,SMB,North America,Starter,Paid Search,16,32.79,1373,10.0,0,70.8,0.757,0,784.68,24,0,73.7,0
C001890,SMB,North America,Free,Paid Search,22,0.0,817,3.0,1,-9.8,0.416,0,34.370000000000005,10,1,47.7,0
C001891,Mid-Market,Europe,Pro,Paid Search,71,90.62,1196,21.0,2,34.3,0.329,0,2946.9,35,2,64.0,0
C001892,SMB,APAC,Starter,Organic,10,28.34,1110,10.0,1,30.9,0.384,0,635.44,20,1,57.0,0
C001893,SMB,Europe,Starter,Paid Search,16,28.9,204,12.0,0,-14.7,0.389,1,62.23,2,0,53.9,0
C001894,SMB,North America,Business,Paid Search,4,170.51,445,8.0,1,57.9,0.213,0,1714.9,9,1,52.8,0
C001895,Mid-Market,APAC,Business,Paid Search,23,184.92,1269,24.0,0,50.6,0.134,0,4677.96,25,1,65.5,0
C001896,SMB,Europe,Starter,Referral,14,27.93,243,11.0,4,85.7,0.453,0,135.53,5,5,61.0,0
C001897,Mid-Market,Europe,Pro,Paid Search,25,90.09,639,22.0,1,47.4,0.032,0,1228.67,13,1,58.8,0
C001898,SMB,APAC,Free,Organic,3,0.0,210,17.0,3,13.0,0.399,0,28.24,5,4,58.9,1
C001899,Mid-Market,APAC,Starter,Referral,46,32.82,392,26.0,1,47.9,0.631,0,232.72,7,2,80.4,0
C001900,SMB,Europe,Pro,Paid Search,11,84.51,975,16.0,0,67.1,0.347,1,2024.22,23,0,64.4,0
C001901,SMB,Europe,Free,Partner,5,0.0,696,27.0,2,23.4,0.388,0,48.63,14,3,70.1,0
C001902,SMB,Europe,Starter,Sales,11,24.93,701,19.0,1,56.3,0.558,0,355.52,15,1,72.8,0
C001903,Enterprise,Europe,Business,Referral,370,220.75,431,1.0,1,-23.9,0.104,1,1042.79,4,1,33.1,0
C001904,Mid-Market,Europe,Business,Paid Search,74,217.7,1105,4.0,1,71.9,0.755,1,5732.71,26,1,64.9,0
C001905,SMB,APAC,Enterprise,Paid Search,19,3121.66,984,22.0,2,55.0,0.344,2,56434.67,19,2,63.5,0
C001906,SMB,Europe,Business,Referral,11,211.04,1110,1.0,2,-28.6,0.352,0,4108.16,20,3,40.6,0
C001907,Startup,Europe,Starter,Referral,6,31.37,1037,5.0,1,44.6,0.479,1,795.27,25,1,54.8,0
C001908,Mid-Market,North America,Pro,Organic,28,68.36,1230,22.0,3,-14.7,0.52,0,1328.1100000000001,19,6,64.3,0
C001909,Startup,APAC,Starter,Partner,6,26.82,1408,9.0,2,19.7,0.687,0,908.55,34,2,62.6,0
C001910,Mid-Market,Europe,Pro,Referral,73,89.39,116,6.0,2,52.0,0.327,2,106.73,1,3,48.4,0
C001911,Mid-Market,North America,Starter,Referral,33,27.26,1354,5.0,0,31.6,0.19,0,737.23,28,0,48.3,0
C001912,Enterprise,North America,Free,Organic,228,0.0,191,8.0,0,66.4,0.462,0,39.85,3,0,62.6,0
C001913,SMB,North America,Free,Paid Search,8,0.0,1456,23.0,0,36.6,0.706,0,205.55,40,1,80.4,0
C001914,Mid-Market,LATAM,Business,Paid Search,49,191.81,349,12.0,0,34.1,0.557,0,1125.6100000000001,6,1,65.8,0
C001915,Mid-Market,APAC,Free,Organic,58,0.0,991,26.0,2,62.5,0.108,0,82.63,18,4,64.7,0
C001916,SMB,Europe,Pro,Partner,16,80.87,720,20.0,0,26.6,0.105,0,1335.61,16,2,58.7,0
C001917,SMB,Europe,Business,Paid Search,5,228.37,1057,7.0,1,34.4,0.704,0,5491.18,23,1,64.3,0
C001918,Enterprise,APAC,Business,Organic,495,211.9,759,4.0,0,37.7,0.58,0,3164.93,14,0,59.7,0
C001919,Enterprise,Europe,Starter,Paid Search,473,30.3,815,26.0,1,33.3,0.634,0,238.1,7,3,79.1,0
C001920,SMB,LATAM,Starter,Referral,7,28.95,703,25.0,1,64.0,0.615,1,434.18,15,1,78.7,0
C001921,Mid-Market,North America,Enterprise,Referral,41,5695.08,898,3.0,1,18.3,0.383,0,63064.55,12,1,49.5,0
C001922,Mid-Market,North America,Pro,Referral,48,67.93,693,9.0,1,14.2,0.275,0,1241.98,19,1,51.2,0
C001923,SMB,Europe,Starter,Sales,18,31.16,280,20.0,2,8.5,0.318,0,352.96,11,3,60.2,0
C001924,Mid-Market,North America,Enterprise,Sales,48,8270.67,839,27.0,1,-18.5,0.604,0,118011.73000000001,15,2,73.9,0
C001925,SMB,Europe,Starter,Paid Search,10,26.48,944,25.0,2,72.1,0.178,0,510.81,19,3,66.9,0
C001926,Mid-Market,APAC,Starter,Organic,55,29.45,1272,7.0,0,12.5,0.563,0,1087.92,35,2,59.4,0
C001927,Mid-Market,North America,Free,Referral,77,0.0,946,25.0,3,29.0,0.831,0,113.94,19,4,80.7,0
C001928,Mid-Market,Europe,Free,Partner,19,0.0,1281,20.0,1,73.9,0.423,0,175.69,28,2,71.4,0
C001929,Mid-Market,APAC,Starter,Paid Search,74,31.78,1200,12.0,5,31.5,0.379,1,1028.82,30,7,50.7,1
C001930,Enterprise,APAC,Pro,Sales,148,77.62,99,10.0,1,47.9,0.285,0,172.73000000000002,2,1,55.8,0
C001931,Mid-Market,Europe,Starter,Paid Search,25,30.65,1333,22.0,1,-0.5,0.603,1,623.88,20,1,69.2,0
C001932,Startup,North America,Pro,Sales,3,75.71,771,23.0,0,70.0,0.521,0,1780.22,23,0,78.2,0
C001933,Startup,Europe,Business,Partner,6,200.33,267,25.0,1,32.0,0.191,0,1626.86,8,2,64.8,0
C001934,Mid-Market,Europe,Business,Organic,24,213.33,97,12.0,0,9.5,0.418,0,455.57,2,0,59.2,0
C001935,SMB,APAC,Free,Referral,24,0.0,1251,7.0,1,9.5,0.437,0,84.21000000000001,21,2,53.8,0
C001936,SMB,Europe,Business,Referral,5,170.24,1227,24.0,2,77.2,0.201,0,3162.85,19,2,67.2,0
C001937,Startup,North America,Free,Partner,7,0.0,928,8.0,2,20.3,0.286,0,96.0,27,4,49.8,0
C001938,Mid-Market,APAC,Pro,Partner,54,85.85,668,21.0,1,10.1,0.193,0,1281.29,15,1,59.0,0
C001939,Mid-Market,Europe,Starter,Organic,29,30.11,88,14.0,0,24.2,0.164,1,35.62,1,0,52.8,1
C001940,Mid-Market,North America,Pro,Organic,23,71.48,1163,16.0,1,36.1,0.491,0,1790.76,27,1,66.1,0
C001941,Enterprise,Europe,Starter,Organic,108,29.04,1225,5.0,1,38.8,0.431,0,638.51,25,1,54.8,0
C001942,Mid-Market,LATAM,Pro,Organic,63,76.77,1098,6.0,1,46.1,0.041,0,1803.31,24,2,44.7,0
C001943,Startup,APAC,Free,Paid Search,4,0.0,210,18.0,2,40.9,0.472,0,23.11,6,2,66.3,0
C001944,Startup,North America,Starter,Paid Search,3,30.67,1418,7.0,0,51.2,0.542,0,1018.79,32,2,62.6,0
C001945,Enterprise,APAC,Pro,Organic,440,79.46,917,18.0,1,28.2,0.137,0,1762.65,22,1,56.5,0
C001946,SMB,North America,Starter,Partner,3,28.11,1290,27.0,0,86.8,0.461,0,619.38,23,0,81.6,0
C001947,Mid-Market,Europe,Pro,Organic,36,75.18,1236,2.0,2,22.8,0.92,1,1784.9,23,2,61.7,0
C001948,SMB,Europe,Pro,Organic,10,70.34,149,25.0,1,68.8,0.737,0,209.88,3,3,84.8,0
C001949,SMB,North America,Pro,Sales,11,83.81,1458,4.0,1,20.0,0.414,1,1608.36,19,1,49.5,1
C001950,Enterprise,North America,Business,Sales,82,201.35,1001,3.0,1,-0.7,0.255,0,1212.4,6,1,43.8,1
C001951,Startup,LATAM,Business,Referral,3,173.78,151,23.0,1,-6.7,0.39,0,190.77,1,2,65.1,1
C001952,Startup,North America,Enterprise,Organic,4,621.8,591,5.0,2,42.6,0.17,0,6660.16,11,2,45.8,0
C001953,SMB,APAC,Free,Referral,14,0.0,1358,18.0,0,64.0,0.742,0,234.39,34,0,79.7,0
C001954,SMB,Europe,Pro,Organic,4,70.59,796,2.0,2,6.2,0.297,0,1111.17,15,4,43.3,0
C001955,SMB,Europe,Business,Partner,10,215.55,72,2.0,0,13.1,0.517,0,146.0,1,1,53.6,0
C001956,Mid-Market,North America,Starter,Sales,37,28.63,888,5.0,3,44.7,0.303,1,807.68,29,4,46.5,0
C001957,Mid-Market,North America,Starter,Paid Search,66,25.25,705,14.0,1,34.9,0.549,0,312.7,13,1,66.0,0
C001958,SMB,North America,Starter,Sales,12,32.83,700,8.0,1,20.4,0.634,2,785.5,23,2,57.7,0
C001959,Enterprise,Europe,Pro,Referral,95,71.55,516,6.0,2,3.0,0.441,0,764.97,10,2,50.9,0
C001960,Startup,LATAM,Starter,Paid Search,4,25.02,1193,23.0,1,42.7,0.543,0,790.36,31,1,74.6,0
C001961,SMB,APAC,Pro,Organic,15,79.72,260,4.0,1,51.3,0.418,0,704.6700000000001,8,2,54.7,0
C001962,SMB,North America,Pro,Referral,6,70.68,47,2.0,0,47.3,0.655,0,178.15,2,1,61.2,0
C001963,Mid-Market,North America,Pro,Paid Search,34,68.31,1257,3.0,1,35.7,0.438,1,1076.63,15,2,50.9,0
C001964,Startup,North America,Starter,Organic,1,30.5,290,24.0,1,8.6,0.286,0,170.25,6,1,64.4,0
C001965,Mid-Market,LATAM,Business,Organic,16,175.6,292,13.0,2,42.9,0.334,0,853.62,6,2,57.9,0
C001966,Mid-Market,North America,Pro,Sales,38,90.04,400,27.0,0,41.0,0.747,0,617.06,7,0,85.6,0
C001967,Mid-Market,North America,Free,Organic,57,0.0,930,22.0,1,2.2,0.692,0,82.84,11,1,74.1,0
C001968,SMB,Europe,Starter,Sales,21,32.23,790,7.0,1,27.4,0.496,0,306.92,10,2,57.4,0
C001969,Startup,Europe,Starter,Partner,2,30.47,260,22.0,2,44.2,0.152,0,243.95,8,2,60.6,0
C001970,Mid-Market,North America,Enterprise,Paid Search,76,12309.66,1242,12.0,0,33.0,0.409,1,225935.22,19,0,59.3,0
C001971,Startup,Europe,Starter,Paid Search,5,30.61,275,15.0,4,-14.0,0.351,0,239.11,7,4,51.5,0
C001972,Mid-Market,North America,Free,Referral,30,0.0,144,14.0,1,19.0,0.384,0,0.0,0,1,59.4,0
C001973,SMB,North America,Free,Paid Search,8,0.0,485,21.0,2,17.3,0.33,1,0.0,2,2,60.4,1
C001974,Enterprise,North America,Free,Organic,93,0.0,972,5.0,1,49.0,0.359,0,137.6,18,1,53.6,0
C001975,SMB,North America,Starter,Organic,17,25.8,661,1.0,1,100.0,0.578,0,316.15,12,2,61.7,0
C001976,SMB,LATAM,Business,Referral,11,209.62,1389,20.0,1,38.3,0.387,0,6333.54,33,1,66.8,0
C001977,SMB,Europe,Pro,Partner,19,71.88,128,26.0,2,5.1,0.196,0,351.8,4,2,61.6,0
C001978,Mid-Market,APAC,Business,Paid Search,25,227.65,971,16.0,1,31.0,0.743,0,7564.31,33,1,73.2,0
C001979,Startup,North America,Free,Organic,7,0.0,1379,3.0,2,35.3,0.232,0,137.56,43,2,45.2,0
C001980,Startup,APAC,Pro,Paid Search,7,82.83,324,3.0,3,53.9,0.296,1,355.84000000000003,4,3,45.4,0
C001981,SMB,LATAM,Business,Referral,22,216.78,520,15.0,2,66.1,0.38,0,2284.69,11,3,63.4,0
C001982,SMB,North America,Pro,Organic,3,73.88,570,25.0,0,69.8,0.313,0,737.19,10,1,73.7,0
C001983,SMB,LATAM,Business,Sales,9,209.2,1383,17.0,1,48.4,0.393,1,7404.01,35,2,63.3,0
C001984,Mid-Market,Europe,Starter,Referral,15,32.98,387,8.0,5,35.0,0.216,0,191.57,6,6,44.6,1
C001985,Startup,APAC,Pro,Paid Search,3,89.75,549,17.0,3,72.1,0.173,0,1180.51,13,3,58.1,0
C001986,Mid-Market,North America,Pro,Referral,65,70.66,326,4.0,0,26.3,0.095,0,310.7,4,3,44.1,0
C001987,SMB,Europe,Starter,Partner,24,25.64,277,13.0,0,36.4,0.149,0,132.91,5,1,54.7,0
C001988,Enterprise,Europe,Business,Partner,293,187.34,1157,27.0,5,28.9,0.216,1,5177.79,29,5,59.0,0
C001989,Mid-Market,LATAM,Starter,Organic,19,25.16,1159,17.0,1,-18.3,0.323,0,588.46,22,1,56.5,0
C001990,SMB,LATAM,Free,Sales,20,0.0,139,2.0,0,66.8,0.127,1,0.0,1,1,45.3,0
C001991,SMB,North America,Business,Paid Search,19,192.07,701,5.0,2,51.9,0.62,2,4285.41,22,2,56.3,0
C001992,Startup,LATAM,Pro,Referral,2,67.45,834,1.0,2,-24.3,0.522,2,543.54,8,2,42.1,1
C001993,Startup,APAC,Business,Organic,3,173.32,1050,11.0,1,60.0,0.143,0,2948.69,17,2,53.6,0
C001994,Enterprise,Europe,Business,Paid Search,464,226.76,547,6.0,1,27.4,0.387,0,1454.06,6,1,53.2,1
C001995,Mid-Market,North America,Starter,Sales,58,30.91,382,27.0,1,59.7,0.412,1,129.87,4,2,73.9,0
C001996,Mid-Market,North America,Pro,Paid Search,63,74.55,1457,8.0,2,36.9,0.394,0,2048.75,30,2,54.7,0
C001997,SMB,North America,Enterprise,Organic,6,849.58,670,0.0,3,1.1,0.251,0,4082.77,5,3,38.1,1
C001998,SMB,North America,Starter,Referral,23,28.82,40,12.0,0,35.7,0.718,0,24.59,1,0,70.8,0
C001999,Startup,LATAM,Pro,Organic,6,81.3,1059,20.0,2,12.5,0.461,0,1937.88,23,3,64.9,0
C002000,SMB,North America,Enterprise,Referral,16,2383.22,1059,19.0,2,4.4,0.129,0,52035.92,23,3,53.3,0
C002001,Enterprise,APAC,Free,Sales,491,0.0,205,27.0,2,56.7,0.307,1,6.08,4,2,69.0,0
C002002,SMB,Europe,Enterprise,Organic,18,2835.67,1372,10.0,0,44.8,0.852,1,87488.29000000001,32,1,72.0,0
C002003,SMB,Europe,Pro,Partner,14,82.24,892,14.0,0,72.4,0.619,0,2112.46,27,1,73.3,0
C002004,SMB,North America,Business,Sales,11,194.18,805,15.0,1,25.1,0.517,1,3180.9900000000002,15,1,62.9,0
C002005,Mid-Market,Europe,Pro,Sales,22,79.06,320,0.0,0,10.9,0.021,0,571.05,8,0,36.7,0
C002006,Mid-Market,Europe,Pro,Paid Search,33,70.05,1276,0.0,0,51.0,0.657,0,1716.37,25,0,59.8,0
C002007,SMB,Europe,Business,Partner,11,181.91,840,22.0,2,14.2,0.14,0,4653.81,26,2,57.3,0
C002008,Mid-Market,North America,Free,Partner,56,0.0,1243,10.0,4,27.2,0.277,0,144.51,22,4,49.0,0
C002009,SMB,APAC,Pro,Organic,3,79.71,334,19.0,1,48.1,0.707,1,817.27,11,2,74.5,0
C002010,Mid-Market,North America,Enterprise,Partner,19,3285.25,556,26.0,2,31.9,0.602,1,32785.83,9,3,74.5,0
C002011,SMB,Europe,Enterprise,Paid Search,13,1879.48,750,6.0,0,22.8,0.277,0,29474.15,16,2,50.9,0
C002012,SMB,Europe,Enterprise,Paid Search,5,846.21,899,21.0,3,-0.1,0.265,1,16785.63,19,3,55.2,1
C002013,Startup,North America,Pro,Paid Search,4,77.96,1241,5.0,1,58.4,0.275,0,1572.13,20,1,52.1,0
C002014,Mid-Market,APAC,Pro,Referral,27,67.85,142,20.0,3,25.8,0.539,0,159.82999999999998,3,3,67.1,0
C002015,Enterprise,North America,Pro,Organic,237,68.37,534,4.0,1,50.5,0.497,0,909.27,14,1,57.0,0
C002016,Mid-Market,LATAM,Pro,Organic,66,79.48,1004,8.0,0,47.1,0.105,1,1422.69,17,0,48.0,0
C002017,SMB,APAC,Pro,Organic,6,83.15,869,13.0,2,62.3,0.604,1,1393.8899999999999,18,2,66.0,0
C002018,Mid-Market,North America,Free,Organic,63,0.0,422,13.0,1,29.1,0.479,0,28.869999999999997,10,1,62.4,0
C002019,SMB,North America,Free,Sales,5,0.0,432,0.0,0,26.3,0.794,0,23.63,11,0,61.4,0
C002020,Mid-Market,North America,Pro,Paid Search,53,86.52,801,23.0,1,7.3,0.33,1,1581.58,18,2,62.7,0
C002021,Enterprise,LATAM,Starter,Organic,437,26.18,1027,0.0,5,21.4,0.52,0,601.69,21,5,45.2,0
C002022,SMB,Europe,Starter,Sales,14,30.31,517,24.0,2,43.5,0.706,0,323.7,10,3,79.0,0
C002023,SMB,North America,Starter,Organic,3,26.13,519,5.0,1,14.6,0.32,1,192.48,7,1,47.0,1
C002024,Startup,Europe,Business,Paid Search,4,206.53,603,19.0,3,42.9,0.64,2,2972.2599999999998,14,6,67.0,0
C002025,SMB,North America,Enterprise,Referral,18,2680.24,1356,19.0,0,71.7,0.572,0,57863.67,21,0,76.3,0
C002026,SMB,Europe,Pro,Referral,4,76.12,784,12.0,1,23.9,0.456,0,825.41,11,4,60.3,0
C002027,SMB,Europe,Enterprise,Organic,22,3670.17,583,15.0,2,2.1,0.509,0,41057.08,10,4,60.9,0
C002028,SMB,North America,Business,Referral,3,200.82,102,2.0,1,24.7,0.458,0,837.6800000000001,4,1,51.5,0
C002029,Mid-Market,APAC,Starter,Partner,53,25.42,709,25.0,0,-0.6,0.243,0,361.72,15,0,64.6,0
C002030,SMB,North America,Starter,Partner,18,30.02,970,3.0,1,68.4,0.288,0,679.99,23,4,51.7,0
C002031,SMB,Europe,Starter,Organic,21,29.54,666,18.0,1,37.1,0.542,0,455.08,16,1,69.5,0
C002032,Mid-Market,Europe,Free,Referral,45,0.0,1207,0.0,1,16.8,0.374,2,181.41,18,1,42.4,1
C002033,SMB,LATAM,Pro,Partner,4,87.35,1331,20.0,1,21.0,0.117,2,1912.3600000000001,23,1,53.0,0
C002034,SMB,Europe,Starter,Referral,15,26.36,491,10.0,1,5.4,0.293,0,411.38,15,1,51.8,0
C002035,SMB,LATAM,Enterprise,Sales,23,3867.12,50,13.0,2,60.3,0.168,0,7572.84,2,2,54.7,0
C002036,Enterprise,North America,Pro,Referral,393,75.52,251,0.0,0,80.9,0.55,1,561.09,8,2,57.6,0
C002037,SMB,APAC,Starter,Referral,17,26.7,626,6.0,4,-2.4,0.069,0,394.66,14,4,36.2,1
C002038,Startup,North America,Enterprise,Organic,3,510.05,1403,12.0,2,61.1,0.278,0,16019.02,31,2,57.2,0
C002039,Mid-Market,APAC,Enterprise,Organic,59,9467.62,48,20.0,2,28.9,0.569,0,13155.84,1,3,69.8,0
C002040,Mid-Market,North America,Business,Partner,69,222.52,818,16.0,1,66.7,0.414,0,4897.88,21,1,66.9,0
C002041,Enterprise,LATAM,Business,Organic,413,183.51,1046,7.0,1,-10.8,0.685,0,3695.03,20,1,59.2,0
C002042,Enterprise,LATAM,Enterprise,Referral,316,45551.95,184,16.0,1,40.6,0.376,0,158931.21000000002,4,2,63.1,0
C002043,Startup,Europe,Pro,Referral,6,79.09,393,6.0,1,24.8,0.375,0,461.49,6,3,52.6,0
C002044,SMB,Europe,Business,Partner,17,216.18,389,15.0,0,51.5,0.251,1,1205.06,5,2,59.1,0
C002045,Mid-Market,Europe,Free,Organic,27,0.0,1063,15.0,1,36.5,0.035,1,153.51,20,1,49.6,0
C002046,Mid-Market,North America,Pro,Referral,19,77.27,42,6.0,0,35.6,0.148,0,201.29000000000002,2,1,48.4,0
C002047,Startup,Europe,Pro,Partner,3,82.43,813,5.0,4,32.4,0.231,0,987.4,12,4,43.6,0
C002048,Mid-Market,APAC,Free,Paid Search,62,0.0,701,14.0,1,74.1,0.256,1,64.75,17,1,59.1,0
C002049,SMB,Europe,Free,Partner,4,0.0,387,16.0,2,30.6,0.393,0,96.43,9,2,61.1,0
C002050,Mid-Market,North America,Free,Organic,28,0.0,517,27.0,0,56.6,0.79,0,70.07,11,1,88.5,0
C002051,Enterprise,LATAM,Starter,Referral,314,33.19,1214,13.0,2,50.7,0.119,0,892.39,26,2,52.2,0
C002052,SMB,North America,Free,Organic,20,0.0,1028,12.0,1,57.2,0.416,0,27.580000000000002,14,2,62.4,0
C002053,Enterprise,Europe,Starter,Partner,284,29.89,944,13.0,2,9.6,0.451,0,644.62,24,3,58.1,0
C002054,SMB,North America,Business,Organic,18,205.07,106,24.0,2,52.7,0.713,0,278.98,1,4,80.1,0
C002055,Mid-Market,North America,Pro,Organic,22,72.59,439,8.0,0,43.4,0.253,1,455.76,6,0,52.1,0
C002056,SMB,North America,Pro,Organic,8,89.95,937,10.0,4,5.3,0.732,0,681.71,8,4,60.4,1
C002057,SMB,North America,Free,Organic,12,0.0,410,10.0,1,29.7,0.168,1,39.57,7,1,48.4,1
C002058,SMB,Europe,Business,Sales,19,182.49,404,17.0,0,92.4,0.294,0,2315.65,13,2,68.2,0
C002059,Enterprise,Europe,Free,Referral,256,0.0,897,19.0,5,25.2,0.452,0,0.0,2,6,60.5,1
C002060,SMB,Europe,Starter,Organic,15,26.61,884,13.0,1,25.8,0.669,0,469.11,19,1,67.8,0
C002061,Startup,Europe,Pro,Organic,5,73.14,182,7.0,4,46.3,0.19,0,196.53,2,4,45.6,0
C002062,Mid-Market,North America,Enterprise,Referral,75,10234.7,657,19.0,1,21.5,0.656,0,178920.68,19,2,72.3,0
C002063,Mid-Market,North America,Enterprise,Organic,26,3671.85,1247,7.0,1,38.5,0.602,0,68428.29,20,2,61.7,0
C002064,Startup,Europe,Business,Paid Search,2,173.88,431,25.0,2,23.8,0.336,0,1515.3,9,2,66.8,0
C002065,Mid-Market,Europe,Pro,Organic,19,89.28,617,17.0,1,45.1,0.539,0,982.39,12,1,69.4,0
C002066,SMB,Europe,Pro,Partner,5,87.45,733,12.0,3,33.5,0.577,1,1004.49,11,3,59.9,0
C002067,SMB,North America,Pro,Sales,20,83.29,424,6.0,1,83.8,0.671,1,833.8100000000001,10,1,65.4,1
C002068,Enterprise,APAC,Free,Organic,379,0.0,163,21.0,0,36.2,0.203,1,0.0,1,1,61.5,1
C002069,SMB,North America,Starter,Sales,20,31.19,988,17.0,0,29.4,0.401,0,617.34,19,0,65.1,0
C002070,SMB,Europe,Enterprise,Referral,20,3179.86,861,24.0,1,60.7,0.349,1,78185.86,24,2,69.5,0
C002071,Mid-Market,North America,Enterprise,Sales,59,10732.52,1190,19.0,1,0.2,0.132,0,213139.56,20,1,54.4,0
C002072,Startup,Europe,Starter,Referral,7,24.94,535,22.0,0,77.3,0.522,0,274.92,11,0,78.0,0
C002073,Mid-Market,Europe,Starter,Referral,76,24.71,885,2.0,1,10.3,0.504,0,257.69,10,2,51.4,1
C002074,Mid-Market,APAC,Starter,Partner,16,27.96,971,0.0,0,64.8,0.519,0,811.1,26,1,57.0,0
C002075,Startup,North America,Pro,Referral,5,87.09,464,18.0,0,71.4,0.74,1,714.38,7,0,78.4,0
C002076,Mid-Market,Europe,Starter,Organic,72,30.58,877,0.0,1,21.9,0.746,1,258.44,10,2,56.1,1
C002077,Startup,North America,Pro,Referral,3,74.83,796,24.0,2,24.3,0.031,1,1199.77,17,3,54.8,0
C002078,Enterprise,APAC,Free,Partner,118,0.0,831,24.0,0,32.3,0.474,0,31.74,16,1,73.9,0
C002079,SMB,North America,Free,Organic,18,0.0,1091,16.0,1,50.5,0.365,1,59.76,15,1,61.8,1
C002080,Enterprise,North America,Starter,Organic,367,29.53,1281,20.0,0,10.0,0.443,0,1030.41,33,1,67.1,0
C002081,SMB,APAC,Business,Organic,10,171.02,278,11.0,0,32.3,0.204,0,1540.48,9,0,54.2,0
C002082,SMB,North America,Starter,Paid Search,20,31.87,1329,26.0,2,27.2,0.49,1,872.48,28,2,70.6,0
C002083,Startup,North America,Pro,Organic,7,85.09,996,1.0,0,6.2,0.694,0,1799.16,21,0,57.3,1
C002084,Startup,APAC,Pro,Organic,7,78.91,506,8.0,1,8.9,0.355,0,608.9200000000001,9,1,52.2,1
C002085,SMB,APAC,Business,Organic,12,179.47,1273,19.0,2,38.2,0.473,1,3379.32,18,4,65.0,0
C002086,SMB,APAC,Starter,Partner,8,29.28,523,22.0,1,37.8,0.271,0,228.07,8,1,65.1,0
C002087,SMB,North America,Business,Organic,10,206.76,412,6.0,2,15.9,0.226,1,1158.44,6,2,43.7,0
C002088,Startup,Europe,Starter,Organic,3,32.58,513,22.0,1,37.0,0.281,1,309.41999999999996,9,2,63.3,1
C002089,SMB,APAC,Pro,Paid Search,17,72.73,1024,12.0,1,18.8,0.3,0,2321.13,31,2,55.1,0
C002090,Startup,North America,Pro,Paid Search,6,85.7,1432,24.0,1,67.7,0.372,0,2734.1,32,2,72.9,0
C002091,Mid-Market,APAC,Enterprise,Organic,64,10237.83,192,7.0,1,32.4,0.63,1,65714.99,7,1,59.9,0
C002092,SMB,North America,Enterprise,Sales,8,1107.21,994,19.0,3,62.4,0.596,0,28132.58,25,4,71.6,0
C002093,SMB,LATAM,Business,Paid Search,20,216.97,309,5.0,0,-7.3,0.598,1,460.95,2,0,54.7,1
C002094,Mid-Market,Europe,Enterprise,Organic,28,4580.0,1178,3.0,4,43.1,0.212,1,140212.94,31,5,40.3,0
C002095,Mid-Market,Europe,Free,Partner,28,0.0,1228,19.0,3,49.9,0.461,1,81.66999999999999,19,3,64.3,0
C002096,Startup,Europe,Pro,Referral,1,83.32,348,19.0,1,31.6,0.325,0,200.32,2,2,63.4,0
C002097,SMB,North America,Starter,Paid Search,7,29.5,117,8.0,0,21.5,0.366,0,82.03999999999999,3,0,55.3,0
C002098,Mid-Market,North America,Starter,Organic,32,28.15,230,16.0,1,31.2,0.526,0,76.76,3,1,66.7,1
C002099,Mid-Market,APAC,Pro,Partner,55,69.3,386,26.0,0,53.6,0.511,0,891.2,13,0,78.9,0
C002100,Mid-Market,Europe,Business,Paid Search,60,222.32,1108,9.0,4,4.7,0.613,0,4127.29,19,5,55.9,0
C002101,SMB,Europe,Pro,Paid Search,14,89.19,155,14.0,3,52.5,0.269,0,105.4,1,3,56.3,1
C002102,Startup,North America,Business,Sales,1,225.05,505,5.0,3,43.0,0.345,0,2925.39,13,3,49.6,0
C002103,Startup,APAC,Pro,Sales,2,82.13,1214,14.0,2,28.5,0.304,0,1360.15,16,3,56.5,0
C002104,SMB,North America,Enterprise,Partner,20,2777.2,1276,24.0,0,29.5,0.341,2,56180.66,19,1,65.6,0
C002105,SMB,North America,Business,Organic,8,207.2,215,17.0,0,36.5,0.62,1,1122.46,5,3,70.4,0
C002106,Mid-Market,LATAM,Business,Partner,31,218.95,1067,3.0,1,76.5,0.481,0,5483.51,23,1,58.3,0
C002107,Startup,Europe,Starter,Sales,7,33.29,365,20.0,1,43.7,0.187,1,274.14,8,2,59.3,0
C002108,Mid-Market,Europe,Pro,Sales,67,80.46,1262,11.0,0,11.4,0.371,0,2114.63,25,0,57.1,0
C002109,Enterprise,LATAM,Business,Organic,301,190.41,1059,0.0,3,24.1,0.361,1,2390.92,13,3,41.7,0
C002110,Startup,North America,Enterprise,Organic,2,314.87,1055,17.0,0,6.4,0.76,0,3892.21,13,1,73.6,0
C002111,Startup,LATAM,Free,Organic,5,0.0,1059,8.0,0,-12.2,0.363,0,114.37,20,1,51.8,0
C002112,Mid-Market,APAC,Starter,Referral,30,31.83,496,27.0,0,5.9,0.695,2,229.04,8,0,76.5,0
C002113,SMB,Europe,Starter,Paid Search,18,32.87,153,27.0,0,38.0,0.27,0,129.51999999999998,4,1,71.0,0
C002114,SMB,North America,Starter,Paid Search,20,26.6,159,18.0,1,66.8,0.633,0,89.36,3,1,75.2,0
C002115,Mid-Market,North America,Business,Paid Search,60,184.05,400,17.0,2,59.9,0.501,0,1462.01,8,3,68.2,0
C002116,Mid-Market,Europe,Free,Organic,50,0.0,1171,8.0,2,6.1,0.128,1,177.08,26,2,41.6,0
C002117,Mid-Market,North America,Starter,Sales,22,28.66,87,1.0,2,15.1,0.454,1,34.46,1,2,46.0,1
C002118,SMB,North America,Pro,Paid Search,24,73.67,685,1.0,2,11.5,0.398,0,362.45,5,2,46.0,1
C002119,SMB,Europe,Starter,Organic,7,25.7,680,12.0,4,-29.5,0.473,0,319.13,12,5,51.0,0
C002120,SMB,APAC,Free,Referral,7,0.0,458,8.0,1,30.8,0.435,1,30.37,7,1,54.8,1
C002121,Mid-Market,North America,Pro,Partner,24,75.03,361,26.0,0,55.1,0.162,1,629.3199999999999,8,1,66.6,0
C002122,Startup,APAC,Pro,Referral,5,67.84,98,8.0,1,28.7,0.257,1,286.25,4,1,49.2,0
C002123,SMB,LATAM,Enterprise,Referral,5,911.99,628,6.0,3,3.3,0.665,1,13038.859999999999,14,3,54.1,1
C002124,Startup,APAC,Business,Organic,2,201.79,588,22.0,1,13.9,0.224,1,969.36,5,3,59.3,0
C002125,Enterprise,APAC,Enterprise,Organic,366,64160.51,394,23.0,1,26.8,0.886,0,413237.66000000003,7,2,83.3,0
C002126,SMB,APAC,Starter,Organic,24,28.48,1096,10.0,2,54.3,0.555,0,689.68,24,3,63.0,0
C002127,Startup,North America,Business,Referral,3,226.33,1020,2.0,1,30.4,0.618,0,2574.34,12,1,56.9,0
C002128,Mid-Market,North America,Pro,Sales,38,77.19,566,2.0,2,50.9,0.485,0,720.61,9,3,53.4,0
C002129,Mid-Market,LATAM,Pro,Paid Search,71,76.59,1369,14.0,0,33.0,0.605,1,1926.83,26,2,67.0,0
C002130,Mid-Market,Europe,Pro,Referral,50,84.39,1002,24.0,1,40.9,0.494,0,1960.24,25,1,73.8,0
C002131,Mid-Market,APAC,Starter,Referral,64,29.54,434,10.0,1,11.5,0.361,0,192.66,7,1,54.4,0
C002132,SMB,LATAM,Free,Sales,17,0.0,65,0.0,2,17.9,0.243,1,0.0,1,2,39.1,1
C002133,Mid-Market,North America,Business,Paid Search,36,169.21,718,10.0,2,3.6,0.688,0,1644.97,10,2,61.9,0
C002134,Mid-Market,North America,Business,Organic,24,176.53,889,0.0,1,50.0,0.257,0,2362.78,13,1,46.2,0
C002135,SMB,Europe,Starter,Referral,15,26.91,831,11.0,3,27.7,0.248,0,468.42,18,3,50.5,0
C002136,Enterprise,North America,Pro,Referral,116,69.69,480,13.0,2,-54.9,0.736,0,832.01,14,2,60.2,0
C002137,Mid-Market,Europe,Business,Referral,67,200.02,682,20.0,1,47.0,0.701,0,1847.93,10,1,77.1,0
C002138,SMB,APAC,Pro,Referral,8,75.17,1427,1.0,0,59.4,0.21,1,2028.77,27,0,46.1,0
C002139,Mid-Market,Europe,Starter,Paid Search,32,30.74,689,13.0,2,14.7,0.205,1,438.6,14,2,49.2,0
C002140,Mid-Market,North America,Business,Partner,46,197.48,888,4.0,0,47.0,0.5,0,3826.34,20,1,58.3,0
C002141,Mid-Market,APAC,Pro,Organic,34,72.15,458,13.0,1,29.8,0.136,2,57.23,1,3,48.2,1
C002142,Enterprise,North America,Pro,Paid Search,275,77.56,209,27.0,2,-17.9,0.622,0,476.9,6,2,73.0,0
C002143,SMB,APAC,Pro,Organic,6,84.42,84,20.0,1,83.8,0.133,0,56.18,1,2,63.7,0
C002144,Enterprise,North America,Pro,Organic,234,79.48,588,23.0,1,29.9,0.683,0,639.16,7,2,77.5,0
C002145,Mid-Market,APAC,Free,Organic,60,0.0,942,1.0,0,40.0,0.466,2,11.32,9,0,49.9,1
C002146,Startup,Europe,Enterprise,Partner,2,306.1,826,21.0,0,19.4,0.433,0,3169.7799999999997,11,0,68.7,0
C002147,Startup,Europe,Starter,Referral,1,30.68,1208,24.0,1,27.6,0.49,2,730.3,23,2,68.4,0
C002148,Mid-Market,Europe,Business,Paid Search,44,211.81,122,18.0,2,39.0,0.245,1,1189.3,5,2,57.3,0
C002149,Mid-Market,North America,Business,Paid Search,62,206.72,249,21.0,1,8.9,0.207,0,2203.65,10,1,59.4,0
C002150,SMB,Europe,Pro,Organic,18,80.65,239,1.0,1,77.3,0.518,0,707.59,9,2,57.7,1
C002151,Startup,APAC,Pro,Paid Search,2,75.65,991,20.0,1,56.0,0.259,0,1391.49,19,1,64.7,0
C002152,Startup,APAC,Free,Organic,3,0.0,1000,23.0,4,47.9,0.416,0,96.96,20,6,66.8,0
C002153,Mid-Market,North America,Starter,Partner,69,32.28,236,6.0,1,31.5,0.242,0,75.16,3,1,49.3,0
C002154,Mid-Market,Europe,Pro,Sales,69,70.14,682,13.0,0,16.0,0.434,0,871.37,13,0,61.2,0
C002155,SMB,APAC,Free,Paid Search,8,0.0,453,11.0,2,60.8,0.556,1,5.77,8,2,62.6,1
C002156,Startup,APAC,Free,Partner,3,0.0,760,2.0,3,50.3,0.44,0,172.19,23,4,50.5,0
C002157,Startup,Europe,Enterprise,Referral,7,995.93,827,3.0,1,25.0,0.225,0,7834.099999999999,8,1,45.4,1
C002158,Enterprise,North America,Starter,Organic,286,30.45,556,8.0,0,7.9,0.246,4,145.95,5,0,42.3,1
C002159,SMB,LATAM,Starter,Paid Search,21,28.46,298,3.0,2,-4.4,0.448,1,151.81,5,2,45.7,1
C002160,Mid-Market,North America,Starter,Organic,38,33.17,983,14.0,0,35.7,0.437,0,638.92,20,0,64.2,0
C002161,SMB,North America,Pro,Paid Search,22,76.97,303,1.0,0,28.8,0.484,0,588.12,8,2,53.3,0
C002162,Startup,APAC,Pro,Sales,6,82.65,1111,0.0,1,64.6,0.305,1,1944.54,23,1,47.1,0
C002163,SMB,North America,Business,Paid Search,10,178.03,884,17.0,2,59.8,0.37,0,3017.44,17,3,64.3,0
C002164,Enterprise,APAC,Pro,Paid Search,111,77.09,155,7.0,2,36.0,0.357,1,165.31,2,4,50.6,1
C002165,SMB,North America,Free,Organic,8,0.0,96,10.0,3,33.0,0.704,1,0.0,2,3,61.8,0
C002166,SMB,APAC,Pro,Paid Search,3,70.02,139,9.0,1,6.2,0.272,0,82.46,1,2,50.3,0
C002167,Startup,LATAM,Free,Sales,6,0.0,1009,13.0,2,61.5,0.769,0,102.36,30,2,72.8,0
C002168,Mid-Market,LATAM,Business,Paid Search,62,226.16,255,12.0,1,33.6,0.401,0,1134.93,6,2,59.6,0
C002169,Startup,LATAM,Free,Referral,5,0.0,122,3.0,1,50.1,0.139,1,0.0,1,1,43.4,0
C002170,Mid-Market,APAC,Starter,Organic,37,29.89,62,0.0,2,64.4,0.084,0,58.26,2,6,41.0,0
C002171,Mid-Market,North America,Pro,Organic,79,82.05,1431,12.0,1,20.9,0.832,0,2640.81,31,1,71.3,0
C002172,Mid-Market,LATAM,Starter,Paid Search,38,31.92,395,15.0,1,14.3,0.894,0,346.43,11,1,75.1,0
C002173,Enterprise,LATAM,Pro,Sales,351,70.76,35,21.0,1,96.7,0.094,0,54.67,1,1,64.7,0
C002174,Mid-Market,Europe,Pro,Organic,68,84.1,367,5.0,2,49.9,0.148,0,708.66,8,3,45.9,0
C002175,SMB,Europe,Enterprise,Referral,6,974.14,1127,2.0,0,28.0,0.524,1,23360.47,24,0,53.3,0
C002176,Mid-Market,North America,Free,Organic,53,0.0,370,16.0,3,66.0,0.307,0,28.16,9,5,60.6,0
C002177,Enterprise,Europe,Pro,Partner,290,82.24,1310,25.0,1,27.3,0.593,0,2770.29,31,1,76.3,0
C002178,Mid-Market,APAC,Pro,Partner,55,85.94,773,6.0,1,43.1,0.861,0,706.81,9,2,69.0,0
C002179,Enterprise,Europe,Free,Partner,444,0.0,565,2.0,0,20.8,0.73,0,82.45,11,2,60.8,1
C002180,Startup,Europe,Pro,Organic,4,68.45,808,11.0,0,34.6,0.592,0,1113.57,16,2,66.0,0
C002181,Startup,Europe,Business,Organic,4,197.76,460,15.0,0,28.1,0.211,0,2338.88,11,2,57.5,0
C002182,Enterprise,North America,Business,Sales,111,209.21,1117,17.0,0,16.2,0.162,1,4480.67,21,0,54.7,0
C002183,SMB,LATAM,Enterprise,Partner,4,544.92,594,3.0,1,41.1,0.364,1,5382.55,9,1,49.2,0
C002184,SMB,North America,Pro,Organic,23,74.27,538,18.0,3,19.0,0.687,0,761.63,11,3,69.1,0
C002185,Startup,North America,Starter,Paid Search,1,25.64,554,9.0,1,49.4,0.389,0,409.61,16,1,58.1,1
C002186,Mid-Market,North America,Enterprise,Organic,27,4077.21,1047,0.0,2,27.4,0.339,1,26770.269999999997,6,3,42.9,1
C002187,Mid-Market,APAC,Starter,Paid Search,32,31.26,1024,25.0,2,-8.0,0.267,0,482.51,16,3,61.5,0
C002188,SMB,APAC,Pro,Paid Search,22,85.75,1092,14.0,0,50.5,0.626,0,1649.77,20,0,71.3,0
C002189,Startup,North America,Business,Organic,7,209.12,800,8.0,4,50.9,0.441,1,2280.58,11,4,52.5,0
C002190,SMB,North America,Business,Paid Search,19,177.22,623,22.0,0,91.3,0.708,1,1806.7,11,1,83.0,0
C002191,SMB,Europe,Enterprise,Partner,11,1876.02,942,22.0,3,35.4,0.167,1,28764.21,15,5,56.7,0
C002192,Mid-Market,North America,Free,Sales,22,0.0,874,5.0,1,39.6,0.74,0,122.03999999999999,26,1,64.1,1
C002193,SMB,APAC,Pro,Referral,7,68.19,1051,26.0,1,47.0,0.325,0,1357.84,20,1,71.2,0
C002194,Startup,North America,Starter,Paid Search,4,29.46,1148,14.0,0,60.5,0.549,0,618.02,20,0,70.0,0
C002195,Mid-Market,Europe,Business,Referral,77,199.16,520,7.0,0,58.9,0.183,1,2725.26,15,0,50.6,0
C002196,SMB,North America,Pro,Organic,7,82.5,294,12.0,2,43.0,0.552,0,254.67000000000002,3,3,63.6,0
C002197,SMB,Europe,Starter,Partner,18,30.64,1045,5.0,1,34.2,0.164,0,400.3,14,2,46.3,0
C002198,SMB,Europe,Business,Organic,13,173.1,230,23.0,5,56.1,0.414,0,828.07,5,6,66.1,0
C002199,SMB,North America,Pro,Organic,11,73.05,644,7.0,1,33.1,0.428,1,595.71,8,1,53.9,0
C002200,SMB,North America,Pro,Partner,5,86.71,1221,12.0,3,2.8,0.361,1,2595.4700000000003,28,4,50.3,0
C002201,Startup,North America,Enterprise,Organic,4,642.86,937,1.0,1,-2.5,0.093,0,11936.36,19,2,36.9,0
C002202,SMB,North America,Pro,Partner,6,86.45,1450,26.0,1,27.7,0.691,1,2232.22,28,3,78.2,0
C002203,Mid-Market,LATAM,Pro,Partner,22,73.21,1404,8.0,0,38.0,0.246,1,1889.62,24,1,51.3,0
C002204,Mid-Market,North America,Free,Organic,57,0.0,980,18.0,1,96.8,0.476,0,93.28999999999999,18,2,73.5,0
C002205,Mid-Market,North America,Starter,Paid Search,65,28.68,811,9.0,0,32.0,0.482,0,485.84000000000003,16,0,60.7,0
C002206,Mid-Market,North America,Free,Partner,39,0.0,320,15.0,1,36.2,0.538,0,31.759999999999998,7,2,66.7,0
C002207,Enterprise,APAC,Starter,Referral,140,27.21,1268,15.0,1,24.9,0.472,0,699.99,25,3,63.5,0
C002208,SMB,LATAM,Starter,Referral,4,31.55,260,8.0,0,50.5,0.381,1,197.48000000000002,6,0,56.6,1
C002209,Mid-Market,APAC,Pro,Paid Search,56,83.67,1125,12.0,1,42.0,0.255,0,2075.32,26,2,56.1,0
C002210,Mid-Market,Europe,Pro,Referral,66,87.63,1263,16.0,1,19.0,0.72,0,2903.71,32,2,71.3,0
C002211,SMB,APAC,Starter,Paid Search,23,28.34,460,6.0,1,9.7,0.236,0,338.15,12,2,46.9,0
C002212,Mid-Market,Europe,Pro,Organic,17,86.5,353,3.0,0,24.9,0.358,0,539.5799999999999,6,1,50.9,0
C002213,SMB,APAC,Enterprise,Partner,22,3452.76,595,4.0,3,13.9,0.391,0,23394.19,7,5,47.2,0
C002214,Startup,APAC,Starter,Organic,1,27.29,1295,11.0,1,29.2,0.354,0,778.76,29,3,56.9,0
C002215,SMB,North America,Pro,Organic,19,90.53,1296,5.0,3,38.5,0.291,0,1585.91,18,4,47.5,0
C002216,Mid-Market,Europe,Free,Organic,38,0.0,903,7.0,0,22.5,0.458,0,130.99,15,0,57.2,1
C002217,Mid-Market,North America,Pro,Referral,63,71.86,816,19.0,2,71.4,0.133,0,981.52,14,2,60.1,0
C002218,SMB,North America,Business,Sales,23,204.12,32,18.0,2,64.0,0.586,0,459.88,2,5,72.1,0
C002219,SMB,APAC,Free,Sales,6,0.0,1051,26.0,1,29.3,0.298,1,96.67999999999999,26,1,66.6,0
C002220,Mid-Market,North America,Starter,Paid Search,48,25.86,1185,21.0,0,10.9,0.414,0,570.0699999999999,22,0,67.3,0
C002221,SMB,APAC,Business,Paid Search,14,217.0,108,11.0,0,34.3,0.173,0,276.0,1,1,53.4,0
C002222,SMB,LATAM,Starter,Referral,16,33.1,1240,26.0,1,31.7,0.211,0,1164.28,36,2,66.2,0
C002223,Mid-Market,Europe,Pro,Paid Search,21,79.3,1423,25.0,3,33.4,0.384,0,2439.25,32,5,67.7,0
C002224,SMB,North America,Pro,Paid Search,20,90.04,856,6.0,0,25.0,0.07,0,1649.48,19,0,45.0,0
C002225,Enterprise,Europe,Starter,Organic,66,25.85,887,4.0,2,8.8,0.659,2,380.45,15,2,52.2,1
C002226,Mid-Market,APAC,Business,Partner,33,203.26,574,24.0,0,35.9,0.678,0,2018.3,9,0,80.4,0
C002227,Startup,North America,Pro,Partner,7,88.1,205,24.0,3,26.2,0.452,0,343.0,4,3,68.1,0
C002228,Mid-Market,North America,Free,Paid Search,24,0.0,126,23.0,1,28.5,0.571,0,0.0,1,3,74.0,0
C002229,SMB,Europe,Enterprise,Organic,10,1754.33,1046,12.0,1,37.3,0.245,2,31312.86,18,1,51.3,0
C002230,SMB,LATAM,Pro,Referral,8,82.67,58,24.0,0,33.3,0.209,0,66.67,1,1,66.0,0
C002231,Mid-Market,North America,Business,Partner,67,184.69,556,21.0,1,36.8,0.162,0,1564.01,9,1,60.8,0
C002232,Startup,North America,Starter,Organic,6,32.48,1361,20.0,1,25.1,0.123,0,707.77,23,1,57.6,0
C002233,Mid-Market,LATAM,Free,Paid Search,72,0.0,119,16.0,2,44.0,0.367,0,5.52,3,4,61.7,0
C002234,Mid-Market,North America,Business,Sales,42,171.88,1263,7.0,1,17.1,0.276,0,5561.5,32,3,49.7,0
C002235,Startup,North America,Pro,Partner,3,72.63,619,20.0,1,7.8,0.368,2,825.9200000000001,11,2,59.2,0
C002236,SMB,Europe,Starter,Partner,15,31.6,330,24.0,1,12.8,0.328,1,146.93,5,1,64.0,0
C002237,SMB,North America,Business,Partner,7,212.05,1104,24.0,0,18.1,0.176,0,5495.59,26,1,63.5,0
C002238,Enterprise,North America,Pro,Sales,261,82.99,1073,16.0,0,2.8,0.506,0,1698.61,20,0,64.7,0
C002239,Mid-Market,Europe,Starter,Paid Search,64,25.42,780,1.0,1,-7.3,0.322,0,429.48,16,3,43.3,0
C002240,SMB,Europe,Business,Organic,10,215.05,195,20.0,0,47.6,0.226,1,920.22,5,1,62.4,0
C002241,Mid-Market,Europe,Pro,Paid Search,50,81.62,1141,7.0,1,66.9,0.319,1,2353.52,29,1,54.0,0
C002242,Mid-Market,North America,Pro,Referral,73,70.24,512,5.0,0,48.9,0.494,1,599.17,8,2,57.2,0
C002243,SMB,Europe,Business,Organic,19,195.54,813,2.0,2,22.9,0.703,0,3016.73,17,2,57.2,0
C002244,Mid-Market,Europe,Pro,Organic,27,74.67,1301,4.0,0,-7.9,0.483,0,1943.97,27,0,52.3,0
C002245,Enterprise,APAC,Enterprise,Organic,440,74804.95,444,13.0,2,39.8,0.535,0,625679.15,9,2,63.6,0
C002246,Enterprise,APAC,Business,Partner,313,194.1,270,7.0,2,-5.2,0.162,3,244.78,1,3,36.6,1
C002247,SMB,Europe,Starter,Partner,19,30.58,637,10.0,2,32.8,0.753,0,314.95,10,3,66.8,0
C002248,SMB,APAC,Pro,Paid Search,23,88.9,1208,14.0,3,15.0,0.546,0,1519.91,18,3,60.9,0
C002249,Startup,APAC,Enterprise,Organic,4,625.35,1238,14.0,1,-22.0,0.569,0,12525.21,21,1,60.9,0
C002250,Enterprise,North America,Business,Referral,309,221.46,855,11.0,1,72.0,0.274,0,3185.92,15,1,58.7,1
C002251,Mid-Market,LATAM,Starter,Organic,42,27.7,736,12.0,0,3.6,0.251,0,254.81,9,0,53.6,0
C002252,SMB,APAC,Starter,Referral,4,27.39,671,24.0,1,26.1,0.355,1,679.2,27,1,66.2,0
C002253,Mid-Market,North America,Starter,Organic,34,26.01,1112,7.0,1,31.8,0.189,0,197.44,8,2,48.6,1
C002254,SMB,North America,Business,Sales,6,212.61,744,0.0,2,23.2,0.321,0,2979.17,15,2,44.0,0
C002255,Startup,Europe,Enterprise,Paid Search,4,686.05,1039,22.0,1,46.6,0.509,0,16630.25,26,2,73.1,0
C002256,SMB,Europe,Business,Partner,21,176.98,479,2.0,2,16.5,0.072,0,1313.81,8,3,37.6,0
C002257,SMB,APAC,Starter,Organic,15,32.73,322,21.0,0,44.5,0.325,0,134.95,4,1,68.0,0
C002258,Startup,Europe,Business,Organic,6,191.7,527,9.0,1,43.0,0.148,0,2569.8,12,1,50.3,0
C002259,Enterprise,North America,Free,Referral,450,0.0,1459,23.0,1,0.6,0.37,3,182.26,38,1,59.2,0
C002260,Startup,North America,Starter,Partner,6,32.15,42,4.0,0,40.9,0.192,1,34.52,1,1,46.4,1
C002261,SMB,APAC,Starter,Referral,6,29.04,1427,4.0,1,8.7,0.798,0,818.07,26,4,61.9,0
C002262,SMB,North America,Pro,Partner,19,88.03,31,11.0,3,5.9,0.033,0,182.26999999999998,2,3,41.9,0
C002263,Startup,APAC,Pro,Partner,3,85.16,1415,11.0,4,42.3,0.497,0,2685.16,32,5,58.0,0
C002264,SMB,North America,Starter,Referral,16,27.91,722,20.0,0,24.8,0.509,1,236.4,9,0,68.6,0
C002265,SMB,Europe,Starter,Paid Search,6,28.54,1309,18.0,1,44.3,0.332,1,730.85,27,1,62.0,0
C002266,Mid-Market,Europe,Business,Sales,32,207.45,1324,27.0,1,44.5,0.339,0,5058.05,26,2,72.2,0
C002267,SMB,North America,Free,Paid Search,18,0.0,483,18.0,3,-0.7,0.57,0,61.910000000000004,9,4,63.6,0
C002268,SMB,Europe,Pro,Paid Search,23,90.56,420,5.0,0,53.5,0.504,0,487.48,5,0,59.9,0
C002269,Mid-Market,APAC,Starter,Referral,57,26.03,1291,2.0,0,42.1,0.106,1,813.49,32,0,42.2,1
C002270,SMB,North America,Starter,Organic,12,30.06,64,7.0,1,20.3,0.386,0,32.58,1,1,53.4,0
C002271,SMB,North America,Starter,Organic,14,32.54,1002,27.0,1,31.6,0.653,0,582.5,18,1,80.4,0
C002272,Mid-Market,APAC,Pro,Organic,30,73.65,1005,21.0,3,54.2,0.526,2,837.8,12,4,66.4,1
C002273,Enterprise,APAC,Pro,Paid Search,119,79.02,1036,20.0,2,27.0,0.274,0,1964.19,27,2,60.8,0
C002274,SMB,Europe,Starter,Partner,17,30.75,801,7.0,2,87.9,0.48,0,461.47,18,5,61.4,0
C002275,Enterprise,APAC,Business,Organic,314,197.26,1206,13.0,1,72.3,0.379,0,3399.01,17,2,63.7,0
C002276,Enterprise,North America,Free,Organic,254,0.0,853,19.0,2,37.9,0.107,0,140.32,14,3,56.0,0
C002277,SMB,North America,Business,Paid Search,8,180.5,1160,26.0,1,29.3,0.417,1,5776.79,32,1,70.2,0
C002278,Enterprise,Europe,Starter,Organic,258,29.82,1387,16.0,1,30.4,0.252,0,815.45,27,2,58.4,0
C002279,Mid-Market,APAC,Enterprise,Organic,69,12642.8,933,0.0,0,20.0,0.719,1,280649.72000000003,23,1,56.6,0
C002280,SMB,APAC,Free,Organic,10,0.0,499,23.0,1,38.1,0.605,0,68.61,13,1,76.0,0
C002281,Mid-Market,North America,Pro,Referral,27,78.78,369,26.0,0,52.2,0.286,0,916.38,11,1,72.0,0
C002282,Startup,Europe,Pro,Referral,3,69.22,955,0.0,0,1.3,0.104,1,1261.94,20,0,36.2,0
C002283,Startup,Europe,Pro,Organic,6,85.12,998,10.0,0,51.1,0.35,0,2173.98,25,1,59.5,0
C002284,SMB,North America,Business,Organic,5,217.5,334,27.0,2,58.3,0.321,0,935.53,4,3,71.6,0
C002285,Startup,Europe,Free,Organic,2,0.0,486,26.0,2,49.3,0.081,0,47.7,13,2,62.6,0
C002286,Startup,Europe,Starter,Paid Search,7,30.41,271,26.0,0,31.8,0.409,0,82.35,3,0,73.7,1
C002287,Mid-Market,North America,Business,Paid Search,31,218.27,165,27.0,0,48.3,0.621,0,2512.93,10,1,82.6,0
C002288,SMB,North America,Business,Sales,19,212.04,286,0.0,2,67.5,0.419,0,538.94,2,2,51.3,0
C002289,Mid-Market,North America,Pro,Referral,17,81.61,121,4.0,0,33.5,0.724,1,92.48,1,2,61.6,1
C002290,SMB,LATAM,Pro,Paid Search,10,84.12,865,13.0,0,35.6,0.632,0,1269.89,16,1,69.1,0
C002291,SMB,North America,Business,Organic,6,175.62,896,16.0,1,88.3,0.623,1,2900.31,17,1,73.3,0
C002292,Enterprise,North America,Business,Partner,52,189.84,1001,11.0,2,42.7,0.389,0,4103.66,22,2,57.8,0
C002293,Mid-Market,North America,Business,Sales,65,208.59,1124,7.0,0,9.8,0.707,0,4169.9,19,1,63.4,0
C002294,Startup,North America,Business,Organic,7,216.78,390,7.0,1,56.8,0.46,0,2933.96,13,2,59.2,0
C002295,Mid-Market,North America,Starter,Referral,78,26.48,439,16.0,2,45.0,0.24,1,403.68,14,2,56.0,0
C002296,Mid-Market,Europe,Pro,Organic,49,74.98,315,27.0,0,18.6,0.256,0,468.58,6,1,68.6,0
C002297,Mid-Market,North America,Pro,Referral,26,77.7,1221,23.0,3,7.4,0.07,1,2318.97,29,3,51.9,1
C002298,SMB,North America,Free,Organic,11,0.0,758,4.0,2,41.0,0.557,0,68.56,14,3,56.4,0
C002299,Startup,North America,Business,Partner,2,191.14,1143,4.0,0,33.5,0.576,0,5180.85,28,0,59.2,0
C002300,SMB,Europe,Pro,Organic,18,70.47,183,7.0,5,3.9,0.659,0,180.76,2,5,53.9,0
C002301,SMB,North America,Free,Paid Search,11,0.0,1078,20.0,1,32.8,0.454,2,14.02,8,1,64.3,1
C002302,Mid-Market,Europe,Pro,Partner,70,76.57,1255,0.0,0,31.2,0.287,0,2026.75,29,1,46.7,0
C002303,Enterprise,APAC,Starter,Partner,198,32.16,646,19.0,0,33.4,0.469,1,404.74,12,1,67.4,0
C002304,SMB,APAC,Free,Partner,18,0.0,203,16.0,0,47.3,0.487,1,0.0,5,0,66.6,0
C002305,Startup,North America,Pro,Organic,4,89.57,151,18.0,0,-9.0,0.204,0,117.8,1,0,56.3,0
C002306,SMB,APAC,Business,Referral,15,226.16,1323,24.0,6,7.2,0.347,0,2970.89,15,6,58.6,1
C002307,SMB,APAC,Pro,Organic,23,73.93,994,16.0,0,22.8,0.467,0,2063.19,27,0,65.6,0
C002308,SMB,North America,Free,Partner,21,0.0,1241,17.0,2,68.2,0.854,2,150.39,16,2,75.6,1
C002309,SMB,Europe,Pro,Organic,7,76.66,1020,13.0,1,94.2,0.459,0,1424.77,19,1,68.3,0
C002310,SMB,APAC,Free,Paid Search,19,0.0,697,18.0,0,35.1,0.339,1,52.2,13,0,62.8,1
C002311,SMB,North America,Enterprise,Paid Search,9,1556.04,1059,10.0,2,36.1,0.679,0,34267.52,23,2,64.9,0
C002312,SMB,North America,Starter,Sales,15,25.03,1364,1.0,1,-26.1,0.912,0,621.77,24,1,59.1,0
C002313,SMB,Europe,Business,Partner,17,176.07,731,0.0,2,57.6,0.623,0,3447.89,20,3,56.4,0
C002314,Startup,North America,Free,Organic,6,0.0,1385,20.0,5,46.2,0.432,0,176.49,30,5,62.9,0
C002315,SMB,LATAM,Free,Referral,11,0.0,1136,17.0,2,42.1,0.688,0,111.56,29,4,72.0,0
C002316,Enterprise,North America,Pro,Organic,294,67.95,1460,11.0,0,3.8,0.559,1,2158.55,32,1,60.0,0
C002317,Mid-Market,North America,Business,Organic,70,184.32,1336,20.0,0,84.5,0.21,0,5197.53,31,1,67.6,0
C002318,SMB,North America,Enterprise,Paid Search,11,1815.66,837,13.0,0,73.0,0.289,0,34095.39,18,1,62.6,0
C002319,SMB,North America,Pro,Referral,12,73.81,244,7.0,1,42.4,0.437,0,354.42,5,1,57.1,0
C002320,SMB,APAC,Starter,Sales,14,30.31,353,16.0,1,59.8,0.164,0,79.05,2,1,58.7,0
C002321,SMB,APAC,Free,Sales,5,0.0,1319,10.0,0,36.3,0.35,0,149.66,34,3,58.1,0
C002322,Mid-Market,LATAM,Pro,Organic,48,79.14,1411,27.0,2,55.5,0.467,0,3474.54,42,3,75.7,0
C002323,SMB,Europe,Starter,Organic,23,31.46,977,20.0,1,2.3,0.497,0,519.31,19,3,66.5,0
C002324,SMB,Europe,Enterprise,Referral,7,974.6,528,20.0,1,-21.8,0.312,0,14495.28,14,2,58.5,0
C002325,SMB,North America,Pro,Organic,18,69.7,393,19.0,1,3.3,0.162,0,417.79,7,1,55.7,1
C002326,SMB,North America,Business,Partner,18,176.91,283,19.0,0,14.8,0.646,1,1395.76,8,0,70.8,0
C002327,Mid-Market,LATAM,Business,Sales,69,227.48,971,21.0,2,18.9,0.496,2,1194.5900000000001,5,2,63.5,1
C002328,SMB,Europe,Free,Organic,9,0.0,1220,12.0,2,46.2,0.261,0,74.83,24,2,55.2,0
C002329,SMB,Europe,Starter,Paid Search,12,28.08,1423,23.0,1,28.6,0.453,0,582.33,20,2,70.5,0
C002330,Startup,Europe,Business,Referral,4,185.27,1250,0.0,2,34.3,0.346,0,5396.1,28,2,45.8,0
C002331,SMB,APAC,Starter,Partner,12,31.07,1367,18.0,0,5.4,0.198,0,944.54,32,1,57.6,0
C002332,Mid-Market,North America,Pro,Sales,25,73.43,230,15.0,0,3.2,0.395,0,322.36,4,0,60.6,0
C002333,SMB,APAC,Business,Partner,12,203.03,1077,0.0,1,36.0,0.779,0,5410.31,25,1,60.5,0
C002334,SMB,APAC,Starter,Paid Search,7,25.61,283,18.0,1,21.4,0.342,0,228.57999999999998,9,1,62.0,0
C002335,Mid-Market,APAC,Business,Referral,15,217.72,669,0.0,1,35.1,0.405,0,2574.77,12,2,49.2,0
C002336,Startup,North America,Starter,Referral,5,32.96,690,19.0,1,48.6,0.125,1,425.31,12,1,57.1,0
C002337,Enterprise,North America,Pro,Sales,140,75.57,810,14.0,2,76.0,0.31,0,855.69,13,2,61.4,0
C002338,Enterprise,Europe,Starter,Paid Search,383,25.5,289,17.0,2,34.5,0.532,2,185.39999999999998,6,3,62.6,1
C002339,Mid-Market,APAC,Pro,Paid Search,35,75.43,1398,17.0,3,80.3,0.15,1,2025.49,29,4,56.2,0
C002340,Mid-Market,LATAM,Free,Paid Search,34,0.0,1328,8.0,0,45.2,0.527,0,231.65,32,0,62.5,0
C002341,Startup,Europe,Free,Organic,6,0.0,855,17.0,3,52.2,0.074,1,23.76,18,4,51.1,0
C002342,SMB,North America,Starter,Sales,23,33.04,896,6.0,1,61.3,0.529,0,343.23,11,1,60.9,0
C002343,Mid-Market,North America,Starter,Sales,45,27.22,680,21.0,1,53.0,0.228,1,509.34000000000003,19,3,62.4,0
C002344,SMB,Europe,Pro,Paid Search,17,85.15,405,2.0,2,15.0,0.898,0,1261.23,13,2,62.2,0
C002345,Mid-Market,North America,Free,Sales,49,0.0,620,3.0,1,62.1,0.158,0,23.81,4,1,47.1,1
C002346,Mid-Market,Europe,Starter,Paid Search,46,31.42,1092,19.0,2,25.6,0.225,0,738.56,24,3,58.3,0
C002347,Mid-Market,APAC,Starter,Referral,62,25.45,992,1.0,1,42.5,0.525,0,782.93,31,1,54.4,0
C002348,SMB,North America,Starter,Partner,23,32.04,385,27.0,0,38.3,0.56,0,228.94,7,0,79.7,0
C002349,Mid-Market,North America,Starter,Referral,46,28.49,1172,0.0,1,63.6,0.436,0,714.34,26,2,52.9,0
C002350,SMB,North America,Free,Referral,9,0.0,740,14.0,4,44.8,0.111,1,63.73,15,4,47.3,0
C002351,Mid-Market,North America,Pro,Partner,21,75.07,690,27.0,1,0.3,0.502,0,1154.09,14,1,72.7,0
C002352,SMB,APAC,Business,Referral,17,223.91,388,18.0,1,87.3,0.198,1,1841.0,8,1,62.2,0
C002353,Startup,North America,Pro,Paid Search,2,72.41,439,17.0,2,55.9,0.38,2,508.28,7,2,60.2,0
C002354,Mid-Market,North America,Starter,Referral,64,26.23,796,19.0,2,21.2,0.538,0,500.58,20,3,67.2,0
C002355,Enterprise,North America,Business,Organic,317,169.87,1018,19.0,3,6.6,0.351,0,2299.8,15,3,58.7,0
C002356,Startup,North America,Pro,Organic,4,73.97,934,4.0,0,58.7,0.3,2,1413.17,19,1,49.4,0
C002357,SMB,Europe,Pro,Referral,23,77.21,872,8.0,0,9.5,0.484,1,1634.1,20,0,55.6,0
C002358,SMB,Europe,Starter,Referral,12,31.32,1147,5.0,2,55.0,0.536,0,656.98,21,2,58.0,0
C002359,Enterprise,Europe,Starter,Sales,198,25.21,566,5.0,0,61.7,0.864,0,155.72,8,0,71.6,0
C002360,Mid-Market,Europe,Pro,Organic,55,72.49,1163,5.0,1,18.8,0.691,0,1194.47,17,1,60.6,0
C002361,SMB,North America,Starter,Organic,20,29.87,533,17.0,1,16.5,0.466,0,298.68,9,1,64.3,0
C002362,Startup,Europe,Pro,Paid Search,5,85.33,386,26.0,2,23.2,0.666,0,460.0,5,2,77.5,0
C002363,Mid-Market,North America,Starter,Referral,46,30.65,85,15.0,1,10.3,0.352,0,19.37,1,2,58.5,0
C002364,SMB,LATAM,Starter,Sales,9,31.33,1290,0.0,2,40.7,0.124,0,975.1,30,2,39.8,0
C002365,SMB,North America,Starter,Referral,14,31.41,374,19.0,2,44.3,0.785,2,228.32,8,2,72.9,0
C002366,Enterprise,Europe,Free,Paid Search,295,0.0,1338,15.0,2,53.2,0.322,0,179.64,36,2,60.4,0
C002367,Mid-Market,North America,Starter,Referral,38,27.13,978,21.0,1,14.2,0.538,1,551.2,20,1,67.8,1
C002368,Mid-Market,APAC,Free,Organic,55,0.0,1208,10.0,1,56.0,0.271,0,116.97,27,1,56.2,0
C002369,SMB,North America,Pro,Sales,9,84.41,1228,12.0,2,10.3,0.386,0,1879.29,23,4,55.3,0
C002370,SMB,LATAM,Starter,Partner,18,33.01,1210,18.0,1,56.0,0.372,1,605.72,18,1,64.3,0
C002371,SMB,North America,Pro,Paid Search,20,90.11,1398,19.0,1,-2.2,0.469,0,2304.56,25,1,64.3,0
C002372,Mid-Market,APAC,Enterprise,Partner,79,10742.84,283,6.0,1,74.2,0.683,1,56898.39,5,2,64.8,0
C002373,SMB,Europe,Business,Referral,6,204.57,1373,16.0,1,22.0,0.42,1,4180.0,22,1,60.6,0
C002374,SMB,North America,Pro,Organic,4,86.07,891,26.0,1,50.0,0.193,2,2725.38,30,2,63.5,0
C002375,SMB,North America,Starter,Organic,23,30.3,461,1.0,2,52.0,0.889,1,437.03,14,2,62.8,0
C002376,SMB,North America,Pro,Referral,7,68.77,44,9.0,0,3.3,0.707,0,78.56,1,0,64.6,0
C002377,Mid-Market,APAC,Enterprise,Sales,40,6740.19,240,14.0,0,55.9,0.606,0,6068.81,1,0,71.3,1
C002378,SMB,APAC,Pro,Partner,12,78.32,1264,25.0,0,21.2,0.686,1,1366.61,20,0,78.0,0
C002379,Mid-Market,North America,Free,Organic,78,0.0,48,27.0,1,27.3,0.631,1,27.33,4,1,77.3,0
C002380,Mid-Market,North America,Business,Partner,15,216.56,526,16.0,0,18.2,0.325,0,2833.16,13,1,60.9,0
C002381,Mid-Market,North America,Free,Organic,78,0.0,1204,15.0,0,75.3,0.343,0,158.65,20,2,66.2,0
C002382,SMB,North America,Business,Paid Search,13,190.5,819,11.0,2,5.8,0.213,1,4434.21,24,2,46.8,0
C002383,SMB,Europe,Free,Organic,4,0.0,148,12.0,1,45.8,0.357,2,44.89,6,2,55.5,0
C002384,Mid-Market,North America,Free,Paid Search,74,0.0,899,20.0,1,19.4,0.388,0,133.88,26,1,64.9,0
C002385,Startup,North America,Business,Paid Search,3,174.41,1198,15.0,1,62.3,0.245,0,4521.25,27,1,60.5,0
C002386,Startup,APAC,Pro,Organic,3,73.13,209,15.0,3,93.0,0.894,0,731.98,10,3,80.0,0
C002387,Enterprise,APAC,Pro,Paid Search,303,84.95,98,23.0,1,19.2,0.357,0,194.81,2,1,66.7,0
C002388,SMB,APAC,Business,Partner,19,175.9,65,3.0,2,38.5,0.342,0,228.66,1,3,48.8,0
C002389,Mid-Market,North America,Business,Organic,66,189.82,94,26.0,0,25.4,0.437,1,497.20000000000005,2,1,71.9,0
C002390,Startup,LATAM,Pro,Organic,5,84.96,212,19.0,1,61.0,0.222,1,524.12,7,3,61.2,0
C002391,Mid-Market,Europe,Enterprise,Paid Search,44,7601.57,811,16.0,2,28.8,0.546,1,56745.880000000005,8,3,63.5,0
C002392,Mid-Market,Europe,Starter,Referral,72,31.17,1186,16.0,1,57.6,0.422,1,648.06,20,2,64.2,1
C002393,SMB,North America,Starter,Referral,14,29.85,578,16.0,2,25.1,0.269,0,351.02,12,2,56.9,0
C002394,Mid-Market,APAC,Business,Paid Search,22,210.74,1145,15.0,2,91.1,0.44,1,5191.27,25,2,65.7,0
C002395,SMB,Europe,Starter,Referral,5,30.44,784,9.0,0,-19.8,0.108,0,681.6,24,2,44.3,0
C002396,SMB,APAC,Business,Referral,19,201.77,522,20.0,0,44.4,0.606,3,2258.76,13,2,69.5,0
C002397,Mid-Market,Europe,Free,Partner,70,0.0,107,7.0,0,34.7,0.731,2,0.0,3,1,62.6,1
C002398,SMB,APAC,Free,Paid Search,14,0.0,1047,18.0,2,33.8,0.58,0,75.73,11,3,68.9,1
C002399,Startup,APAC,Free,Organic,6,0.0,1100,14.0,1,42.1,0.301,0,149.66,24,1,59.2,0
C002400,SMB,LATAM,Pro,Organic,23,78.97,410,10.0,0,36.5,0.438,0,590.39,7,0,60.7,0
C002401,SMB,North America,Business,Paid Search,21,215.9,1451,22.0,2,40.5,0.357,0,6388.96,28,2,66.4,0
C002402,Mid-Market,North America,Starter,Paid Search,18,28.73,651,8.0,4,45.2,0.181,0,424.41,16,4,46.1,0
C002403,Mid-Market,APAC,Free,Sales,59,0.0,394,18.0,2,78.7,0.813,1,77.2,12,3,78.3,0
C002404,Startup,Europe,Starter,Organic,3,33.19,673,7.0,0,-34.1,0.787,1,542.23,14,0,59.4,0
C002405,SMB,Europe,Starter,Paid Search,19,25.48,911,5.0,2,81.2,0.641,1,414.43,17,3,61.8,0
C002406,SMB,APAC,Pro,Sales,13,74.01,276,16.0,2,99.0,0.478,0,403.92,5,3,70.5,0
C002407,Startup,Europe,Pro,Partner,1,73.25,930,27.0,0,-8.8,0.662,0,1444.42,20,2,78.1,0
C002408,Mid-Market,APAC,Free,Organic,48,0.0,444,8.0,2,36.2,0.163,0,24.04,3,3,47.7,1
C002409,SMB,North America,Starter,Sales,18,25.73,797,3.0,1,69.3,0.404,0,365.47,13,1,55.2,0
C002410,Mid-Market,APAC,Pro,Paid Search,44,87.04,1422,3.0,0,58.0,0.351,0,2291.23,28,1,54.0,0
C002411,Mid-Market,North America,Starter,Organic,64,25.56,702,13.0,0,76.9,0.673,0,616.17,24,0,74.5,0
C002412,SMB,Europe,Starter,Paid Search,6,33.19,1390,21.0,0,44.3,0.424,0,1302.91,44,2,70.9,0
C002413,Mid-Market,APAC,Pro,Organic,23,70.58,129,19.0,1,-15.8,0.236,0,133.78,2,2,56.0,0
C002414,Startup,North America,Starter,Referral,7,24.97,600,5.0,0,67.6,0.355,0,180.75,8,0,56.9,0
C002415,Mid-Market,North America,Free,Organic,27,0.0,928,23.0,1,50.9,0.749,0,142.09,22,2,81.6,0
C002416,Startup,North America,Starter,Referral,6,32.73,765,4.0,2,71.7,0.21,0,508.48,15,3,49.0,0
C002417,SMB,Europe,Business,Organic,10,196.48,575,15.0,3,-3.3,0.163,2,1426.1100000000001,7,5,44.5,1
C002418,SMB,Europe,Starter,Sales,11,30.03,1088,23.0,0,4.6,0.101,0,578.03,19,2,59.0,0
C002419,Startup,North America,Business,Organic,7,180.74,1048,22.0,2,35.4,0.746,0,4810.39,26,3,77.6,0
C002420,SMB,APAC,Pro,Sales,22,89.81,862,19.0,1,68.3,0.143,0,1137.53,13,1,61.6,0
C002421,Mid-Market,North America,Pro,Organic,67,87.04,1091,9.0,1,75.3,0.473,0,2112.3,23,1,63.3,0
C002422,Mid-Market,Europe,Business,Referral,35,222.11,377,21.0,1,16.9,0.554,0,602.52,3,1,70.6,0
C002423,Mid-Market,Europe,Starter,Referral,33,32.0,1312,10.0,6,24.8,0.338,0,1034.59,32,6,47.5,0
C002424,Startup,North America,Starter,Partner,3,29.47,278,9.0,1,100.0,0.274,0,345.84,12,1,59.8,0
C002425,SMB,North America,Free,Organic,19,0.0,962,14.0,0,21.2,0.214,0,135.53,23,1,56.0,0
C002426,Mid-Market,LATAM,Pro,Partner,57,90.69,658,17.0,1,51.9,0.446,0,1098.8600000000001,11,2,67.2,0
C002427,Mid-Market,Europe,Pro,Partner,58,76.59,1235,5.0,1,23.7,0.379,0,2026.06,26,1,51.7,0
C002428,SMB,North America,Business,Partner,17,227.17,909,26.0,0,46.9,0.498,1,4653.58,19,0,75.8,0
C002429,SMB,APAC,Pro,Partner,3,72.68,381,24.0,0,13.3,0.401,0,605.18,8,1,69.8,0
C002430,Mid-Market,Europe,Starter,Sales,51,29.86,1073,7.0,0,14.1,0.025,0,480.25,15,1,43.4,1
C002431,SMB,North America,Starter,Sales,20,29.44,1271,6.0,0,25.7,0.457,0,784.79,29,0,56.6,0
C002432,SMB,APAC,Starter,Paid Search,13,26.96,714,1.0,1,21.4,0.727,0,388.02,14,1,58.3,0
C002433,SMB,Europe,Business,Organic,24,184.65,1228,11.0,2,27.4,0.104,1,4133.74,23,2,45.7,0
C002434,Mid-Market,North America,Free,Organic,46,0.0,1010,4.0,1,48.1,0.505,0,145.84,19,1,57.0,0
C002435,SMB,APAC,Enterprise,Referral,22,3338.15,816,26.0,0,82.3,0.191,1,59938.52,18,1,70.2,0
C002436,Mid-Market,North America,Free,Sales,19,0.0,654,25.0,2,20.2,0.516,0,102.84,15,3,71.8,0
C002437,Mid-Market,North America,Pro,Paid Search,45,79.63,546,23.0,1,10.3,0.128,1,221.35000000000002,3,1,56.9,1
C002438,SMB,North America,Free,Organic,17,0.0,493,7.0,0,35.2,0.138,1,120.78,11,0,46.9,0
C002439,SMB,APAC,Business,Paid Search,12,185.94,253,19.0,0,13.7,0.671,0,1045.23,6,2,73.5,0
C002440,Mid-Market,APAC,Starter,Paid Search,62,27.45,1366,13.0,1,-5.9,0.786,0,700.02,26,1,68.1,0
C002441,Startup,LATAM,Pro,Sales,2,73.57,942,7.0,1,61.6,0.345,2,1123.18,16,2,52.3,0
C002442,Enterprise,North America,Enterprise,Partner,65,9145.72,1459,14.0,0,37.0,0.72,1,209066.64,25,0,70.8,0
C002443,SMB,APAC,Pro,Organic,13,67.35,1447,4.0,0,39.5,0.392,0,1683.5900000000001,25,0,54.3,0
C002444,Startup,Europe,Starter,Paid Search,7,31.61,1157,26.0,3,-13.2,0.745,0,902.2,29,3,74.7,0
C002445,SMB,North America,Business,Organic,12,184.93,605,4.0,0,20.4,0.529,0,3650.27,19,0,56.5,0
C002446,Startup,North America,Starter,Partner,5,32.47,181,8.0,0,-0.4,0.327,0,127.39,3,1,51.9,0
C002447,SMB,APAC,Free,Partner,12,0.0,354,6.0,3,34.5,0.097,1,16.78,6,3,40.2,0
C002448,SMB,North America,Pro,Organic,15,85.73,536,14.0,2,38.4,0.331,0,1250.14,15,2,58.3,0
C002449,SMB,Europe,Business,Paid Search,20,186.99,348,18.0,1,38.3,0.241,0,1396.68,7,1,60.6,0
C002450,SMB,Europe,Starter,Sales,24,30.49,1215,26.0,2,18.3,0.758,0,643.76,21,3,79.8,0
C002451,Mid-Market,North America,Business,Referral,35,210.58,260,10.0,3,13.7,0.615,0,1363.27,6,4,59.2,0
C002452,SMB,LATAM,Pro,Partner,15,72.31,187,5.0,0,30.2,0.524,1,142.39,2,0,56.2,1
C002453,Mid-Market,APAC,Pro,Paid Search,72,71.93,1325,0.0,3,43.9,0.522,0,2063.79,29,3,50.6,0
C002454,Startup,Europe,Starter,Sales,5,32.05,788,16.0,2,20.5,0.777,1,429.35,14,2,69.6,0
C002455,Mid-Market,APAC,Pro,Referral,27,72.53,274,27.0,0,11.6,0.247,0,169.62,2,0,67.7,0
C002456,Mid-Market,Europe,Starter,Sales,34,25.7,780,1.0,0,12.6,0.328,0,518.89,19,1,47.0,0
C002457,Startup,APAC,Starter,Organic,2,30.65,259,27.0,1,18.5,0.318,0,217.75,6,2,69.0,0
C002458,Mid-Market,North America,Starter,Organic,15,26.54,123,7.0,1,23.7,0.158,0,72.05,3,4,46.9,1
C002459,Mid-Market,Europe,Business,Organic,16,212.35,782,25.0,2,7.5,0.25,1,3479.52,17,2,60.6,0
C002460,SMB,North America,Starter,Referral,15,28.64,1375,1.0,0,23.9,0.388,1,724.21,24,0,47.9,0
C002461,Mid-Market,Europe,Starter,Partner,59,27.8,974,24.0,2,65.9,0.304,1,564.62,21,2,67.1,0
C002462,Mid-Market,Europe,Free,Organic,68,0.0,1153,9.0,1,27.6,0.02,0,166.08,26,1,44.9,0
C002463,SMB,North America,Free,Sales,22,0.0,783,7.0,3,4.0,0.52,0,129.36,18,4,52.8,0
C002464,Mid-Market,LATAM,Enterprise,Sales,55,8160.71,623,5.0,0,-21.5,0.304,0,59024.92,7,0,46.4,1
C002465,Mid-Market,North America,Pro,Organic,52,84.83,797,3.0,0,80.9,0.547,2,956.96,12,0,58.2,0
C002466,Enterprise,North America,Pro,Partner,440,79.0,1181,22.0,2,63.5,0.439,1,1725.68,23,2,69.2,0
C002467,Mid-Market,North America,Business,Partner,57,223.63,1030,1.0,2,42.1,0.038,0,1614.01,6,4,38.2,1
C002468,Mid-Market,Europe,Starter,Organic,59,25.36,489,12.0,0,64.1,0.623,0,238.75,10,1,70.8,1
C002469,Enterprise,North America,Business,Partner,261,199.63,1422,26.0,2,48.2,0.446,3,5675.53,27,2,67.4,0
C002470,SMB,Europe,Enterprise,Organic,21,3094.36,1154,11.0,0,33.1,0.317,0,75751.69,25,3,57.6,0
C002471,SMB,APAC,Business,Sales,17,196.78,184,23.0,0,4.0,0.434,1,667.9399999999999,3,0,67.0,0
C002472,Enterprise,North America,Pro,Referral,467,71.85,1319,19.0,1,82.7,0.355,1,1675.65,25,1,67.4,0
C002473,Mid-Market,LATAM,Starter,Sales,60,27.33,867,22.0,1,24.1,0.534,0,599.7,20,1,71.6,0
C002474,Startup,North America,Business,Referral,1,209.91,1165,26.0,2,25.4,0.21,0,5120.93,24,2,64.1,0
C002475,SMB,Europe,Free,Organic,15,0.0,1311,2.0,2,35.9,0.517,0,121.33,23,2,52.9,0
C002476,SMB,North America,Business,Paid Search,17,202.32,856,8.0,2,36.4,0.621,0,2336.13,11,2,61.4,0
C002477,SMB,APAC,Starter,Referral,21,27.42,715,9.0,1,49.4,0.603,0,486.66,18,1,64.6,0
C002478,Mid-Market,APAC,Pro,Paid Search,59,75.79,1209,1.0,1,46.5,0.539,0,1869.3,25,2,55.2,0
C002479,Startup,North America,Business,Referral,2,199.9,1349,2.0,1,20.6,0.18,0,5208.88,26,1,42.7,0
C002480,Startup,North America,Pro,Paid Search,3,80.21,1268,3.0,1,35.6,0.809,0,1605.18,19,1,64.0,0
C002481,Startup,North America,Free,Organic,1,0.0,529,26.0,1,48.6,0.046,1,63.9,16,1,61.0,0
C002482,Mid-Market,North America,Pro,Paid Search,34,89.81,230,24.0,0,18.5,0.285,0,231.79,3,2,66.8,0
C002483,Mid-Market,LATAM,Enterprise,Partner,50,7271.8,1203,16.0,0,71.2,0.243,0,173890.75,24,0,63.7,0
C002484,Mid-Market,Europe,Pro,Paid Search,34,89.06,1002,23.0,2,34.5,0.644,1,1766.35,21,4,73.3,0
C002485,Mid-Market,Europe,Business,Partner,35,203.72,969,9.0,3,75.0,0.497,0,3155.24,16,3,60.9,0
C002486,Mid-Market,LATAM,Business,Paid Search,69,190.42,945,13.0,3,0.2,0.472,0,4598.05,23,4,56.3,0
C002487,SMB,APAC,Business,Referral,10,180.39,1111,24.0,1,51.4,0.132,1,3383.08,19,2,62.0,0
C002488,Mid-Market,APAC,Starter,Partner,26,30.35,1381,4.0,3,12.7,0.362,0,1240.09,39,3,46.2,0
C002489,Startup,North America,Pro,Partner,3,83.22,710,4.0,3,19.1,0.22,0,1153.79,14,5,42.6,0
C002490,Enterprise,North America,Business,Paid Search,184,222.85,949,14.0,0,57.6,0.173,1,4330.61,20,1,56.4,0
C002491,Enterprise,North America,Enterprise,Paid Search,159,24086.2,971,7.0,5,29.3,0.167,1,321302.69,14,6,39.7,0
C002492,Startup,North America,Free,Organic,1,0.0,1082,18.0,0,99.9,0.33,0,97.42,17,0,71.0,0
C002493,SMB,North America,Starter,Partner,12,30.22,132,17.0,0,48.0,0.127,1,142.39,5,0,56.8,0
C002494,Mid-Market,North America,Starter,Organic,45,31.42,588,9.0,3,17.6,0.339,0,482.86,15,4,50.5,0
C002495,SMB,North America,Business,Referral,5,220.09,862,3.0,2,48.0,0.181,1,5348.14,24,5,42.9,0
C002496,Mid-Market,Europe,Business,Referral,32,213.11,1167,2.0,2,29.1,0.381,0,5138.24,22,3,48.1,0
C002497,Mid-Market,North America,Pro,Paid Search,51,74.25,315,12.0,2,55.8,0.393,0,158.86,2,2,60.1,0
C002498,SMB,North America,Free,Referral,6,0.0,190,9.0,2,27.6,0.411,2,0.0,1,3,51.1,1
C002499,Mid-Market,North America,Starter,Partner,52,29.27,1414,0.0,2,45.2,0.225,1,1163.91,38,3,41.3,0
C002500,SMB,Europe,Business,Organic,24,227.6,131,19.0,1,40.0,0.709,0,1676.59,6,2,75.7,0
C002501,Mid-Market,APAC,Starter,Referral,71,29.32,460,26.0,0,37.0,0.156,0,310.59000000000003,10,0,66.6,0
C002502,SMB,APAC,Free,Sales,5,0.0,1318,27.0,0,61.0,0.728,0,122.35,28,1,87.0,0
C002503,SMB,North America,Starter,Organic,20,31.17,383,3.0,2,-10.1,0.155,0,78.34,3,2,38.3,1
C002504,Mid-Market,North America,Business,Organic,35,192.67,1307,5.0,1,37.4,0.358,0,3903.66,22,1,52.4,0
C002505,Enterprise,North America,Pro,Partner,396,79.41,1388,12.0,3,17.5,0.446,1,2800.66,35,3,54.3,0
C002506,SMB,North America,Starter,Paid Search,4,31.09,1296,25.0,2,1.3,0.213,0,900.95,29,2,60.8,0
C002507,SMB,North America,Starter,Partner,10,33.03,803,16.0,1,14.1,0.13,0,429.65,13,2,53.1,0
C002508,SMB,LATAM,Enterprise,Partner,11,1918.58,575,12.0,2,19.5,0.474,1,37676.47,19,2,56.9,0
C002509,SMB,North America,Starter,Referral,12,26.87,878,25.0,0,29.1,0.656,0,417.05,16,0,79.9,0
C002510,SMB,North America,Starter,Organic,6,26.53,1286,18.0,2,43.4,0.414,0,618.08,25,2,64.8,0
C002511,Mid-Market,APAC,Starter,Paid Search,40,33.15,1176,27.0,0,48.6,0.461,1,680.17,19,2,75.8,0
C002512,SMB,Europe,Starter,Referral,24,26.5,242,24.0,2,24.8,0.386,0,54.93,2,2,67.5,1
C002513,Mid-Market,North America,Business,Paid Search,22,177.38,84,27.0,1,74.6,0.317,0,155.18,1,1,74.6,0
C002514,SMB,North America,Business,Paid Search,14,222.54,382,15.0,0,25.7,0.702,0,1420.49,6,1,72.0,0
C002515,Mid-Market,LATAM,Starter,Organic,35,28.52,1313,10.0,2,-13.7,0.668,1,686.39,24,3,57.6,0
C002516,Mid-Market,North America,Business,Organic,58,172.06,288,1.0,1,26.4,0.485,1,524.27,3,2,49.6,0
C002517,SMB,Europe,Starter,Paid Search,19,29.81,471,20.0,1,36.2,0.55,0,365.89,13,3,71.5,0
C002518,SMB,APAC,Business,Paid Search,9,191.18,708,7.0,1,-46.8,0.532,0,2003.2,11,1,51.0,1
C002519,SMB,North America,Free,Referral,10,0.0,1256,0.0,2,65.2,0.446,0,107.47,21,2,51.9,1
C002520,SMB,APAC,Starter,Partner,8,29.86,35,22.0,2,32.5,0.735,0,34.32,1,4,76.9,0
C002521,Startup,North America,Business,Sales,5,228.36,828,11.0,3,6.2,0.398,0,3017.8900000000003,13,3,52.9,0
C002522,Startup,North America,Enterprise,Referral,7,987.84,1397,15.0,0,11.0,0.56,2,32679.91,31,1,62.3,0
C002523,Startup,North America,Business,Organic,3,183.29,1160,21.0,0,54.0,0.497,0,5315.74,28,1,74.1,0
C002524,SMB,LATAM,Pro,Organic,20,86.97,887,9.0,3,57.1,0.423,0,1488.05,18,4,56.9,0
C002525,SMB,North America,Business,Referral,14,177.3,1371,22.0,0,18.8,0.205,2,6592.39,35,0,58.7,0
C002526,SMB,North America,Pro,Paid Search,16,90.23,997,16.0,0,1.1,0.436,0,1480.16,16,0,62.5,0
C002527,SMB,LATAM,Starter,Paid Search,22,27.51,791,15.0,1,38.3,0.564,0,334.42,12,2,67.6,0
C002528,Mid-Market,North America,Pro,Organic,76,82.08,104,7.0,1,42.9,0.463,1,168.45999999999998,2,1,55.9,0
C002529,SMB,APAC,Pro,Partner,20,71.8,1337,22.0,0,49.1,0.412,0,1967.22,30,2,71.9,0
C002530,Enterprise,Europe,Pro,Organic,301,74.65,636,6.0,0,20.9,0.35,1,1180.6100000000001,16,2,50.9,0
C002531,Enterprise,Europe,Business,Organic,358,202.27,151,17.0,1,31.9,0.449,0,248.52,1,1,65.3,0
C002532,Startup,APAC,Pro,Paid Search,3,90.02,308,23.0,2,35.5,0.466,1,880.61,10,2,68.1,0
C002533,Enterprise,APAC,Starter,Referral,440,27.95,138,3.0,1,59.2,0.08,0,271.15,9,4,44.5,1
C002534,SMB,North America,Starter,Organic,17,32.51,1217,11.0,4,68.2,0.616,0,590.63,20,5,64.1,0
C002535,SMB,LATAM,Business,Referral,8,181.59,315,18.0,1,75.0,0.112,0,777.18,4,1,60.4,0
C002536,Mid-Market,LATAM,Free,Paid Search,43,0.0,61,7.0,1,67.6,0.255,0,25.96,1,1,54.2,0
C002537,Startup,APAC,Business,Paid Search,5,219.31,994,0.0,0,80.3,0.309,2,4590.72,22,2,48.3,0
C002538,Mid-Market,Europe,Free,Paid Search,49,0.0,747,11.0,2,60.3,0.296,1,81.52000000000001,17,2,54.7,0
C002539,Startup,Europe,Starter,Organic,5,25.65,701,13.0,2,20.3,0.241,0,305.01,11,2,52.9,0
C002540,SMB,Europe,Business,Paid Search,24,170.4,755,25.0,4,73.3,0.18,0,1695.54,12,5,64.1,0
C002541,Mid-Market,North America,Starter,Referral,53,31.79,1046,22.0,2,0.6,0.392,0,599.31,18,2,63.5,1
C002542,Mid-Market,Europe,Business,Organic,48,179.37,72,5.0,1,94.1,0.819,0,161.71,1,1,71.9,0
C002543,Mid-Market,Europe,Free,Sales,74,0.0,93,7.0,2,10.6,0.389,0,18.36,1,3,51.0,1
C002544,Mid-Market,Europe,Pro,Organic,42,87.36,916,5.0,1,57.2,0.548,0,1654.05,19,1,60.1,0
C002545,Mid-Market,North America,Pro,Paid Search,32,80.65,309,25.0,1,71.1,0.148,0,730.69,9,2,67.4,0
C002546,Startup,Europe,Business,Partner,1,222.89,892,9.0,2,46.5,0.565,0,7536.93,32,2,61.6,0
C002547,Mid-Market,Europe,Free,Referral,45,0.0,324,24.0,1,-16.3,0.13,2,14.94,3,2,53.2,1
C002548,Startup,Europe,Starter,Organic,4,28.34,624,1.0,0,11.3,0.457,0,224.4,8,1,50.7,0
C002549,Mid-Market,LATAM,Pro,Organic,71,71.81,788,15.0,0,43.9,0.542,0,1563.28,20,1,69.0,0
C002550,Startup,APAC,Enterprise,Partner,1,155.08,1277,2.0,2,50.9,0.224,0,3892.81,26,2,45.6,0
C002551,Mid-Market,North America,Business,Organic,70,214.59,524,15.0,1,30.5,0.355,0,1658.31,8,1,60.6,1
C002552,SMB,North America,Business,Partner,6,222.44,1001,0.0,1,36.9,0.304,2,6145.16,30,1,42.3,0
C002553,SMB,APAC,Pro,Referral,9,70.66,1150,4.0,3,-1.7,0.491,1,1699.37,24,3,46.6,0
C002554,Mid-Market,Europe,Pro,Organic,76,75.35,1184,4.0,0,79.4,0.342,0,1568.76,21,1,56.8,0
C002555,Startup,APAC,Business,Referral,7,195.64,56,19.0,0,25.6,0.198,0,182.74,1,2,60.5,0
C002556,Mid-Market,North America,Business,Organic,77,183.96,1313,17.0,2,54.7,0.068,0,4427.83,24,2,54.7,0
C002557,SMB,North America,Business,Sales,24,180.99,319,15.0,0,70.1,0.148,0,643.3299999999999,4,1,59.8,0
C002558,SMB,North America,Business,Sales,19,218.21,222,5.0,0,6.1,0.346,0,1667.43,7,2,50.5,0
C002559,SMB,APAC,Business,Partner,15,220.94,1416,7.0,2,38.2,0.549,0,7644.74,36,2,58.5,0
C002560,Enterprise,LATAM,Free,Sales,209,0.0,618,10.0,2,41.9,0.403,0,33.34,8,2,57.2,1
C002561,Mid-Market,APAC,Starter,Referral,18,32.66,635,27.0,0,28.5,0.458,0,239.6,7,1,75.7,0
C002562,Mid-Market,Europe,Enterprise,Organic,48,8337.42,948,19.0,0,58.2,0.06,0,167679.29,20,0,59.6,0
C002563,Mid-Market,APAC,Pro,Organic,36,73.99,507,0.0,0,18.3,0.5,1,596.99,9,0,49.8,0
C002564,Mid-Market,North America,Starter,Organic,73,30.21,876,0.0,2,36.4,0.077,0,349.03,12,2,38.0,1
C002565,Startup,Europe,Pro,Paid Search,3,78.12,832,9.0,1,25.7,0.316,0,1258.36,16,1,53.6,0
C002566,SMB,LATAM,Pro,Partner,24,72.05,843,5.0,1,93.1,0.351,0,1328.67,18,1,57.8,0
C002567,SMB,North America,Business,Paid Search,11,175.73,316,11.0,1,18.4,0.537,0,1565.98,9,1,61.3,0
C002568,Mid-Market,LATAM,Business,Partner,63,204.42,555,27.0,2,53.6,0.657,0,1883.18,9,2,81.2,0
C002569,Mid-Market,North America,Free,Paid Search,40,0.0,918,5.0,1,79.9,0.507,2,78.1,16,1,57.2,1
C002570,SMB,North America,Pro,Organic,8,86.17,135,16.0,0,12.0,0.299,0,221.06,3,0,59.5,0
C002571,Mid-Market,Europe,Free,Organic,62,0.0,314,13.0,1,37.4,0.878,3,0.0,3,1,69.2,1
C002572,Mid-Market,LATAM,Business,Sales,61,207.95,127,18.0,1,10.3,0.607,0,1512.13,7,2,68.8,0
C002573,SMB,North America,Starter,Paid Search,13,29.38,416,15.0,0,-15.3,0.178,0,137.66,5,2,52.2,0
C002574,SMB,APAC,Pro,Paid Search,21,81.77,901,14.0,2,15.4,0.13,1,562.1999999999999,8,3,47.9,1
C002575,Startup,North America,Pro,Organic,3,88.89,355,7.0,1,20.7,0.369,1,900.27,9,1,50.9,0
C002576,Mid-Market,APAC,Pro,Sales,61,80.37,990,27.0,0,22.2,0.66,0,1670.02,21,0,81.1,0
C002577,SMB,Europe,Pro,Organic,3,73.71,1073,7.0,1,27.5,0.208,0,1135.49,15,2,48.7,0
C002578,Mid-Market,North America,Pro,Partner,79,84.28,816,4.0,2,35.2,0.42,1,1699.35,21,2,49.7,0
C002579,Mid-Market,APAC,Pro,Organic,59,75.11,74,2.0,1,5.1,0.606,0,51.55,1,1,54.0,0
C002580,SMB,APAC,Free,Organic,23,0.0,648,1.0,1,43.8,0.621,0,102.77,16,3,57.4,0
C002581,Mid-Market,Europe,Starter,Referral,30,28.48,912,9.0,1,65.3,0.636,2,517.34,17,1,63.1,0
C002582,SMB,North America,Pro,Partner,6,73.47,800,22.0,0,68.3,0.374,1,1662.99,21,1,70.7,0
C002583,SMB,North America,Starter,Partner,9,25.33,1044,4.0,0,28.5,0.964,0,549.14,21,0,70.3,0
C002584,Enterprise,LATAM,Business,Organic,78,189.06,518,0.0,1,57.3,0.505,0,1115.09,6,2,54.4,0
C002585,Startup,Europe,Starter,Sales,4,29.16,959,14.0,1,18.0,0.183,0,612.84,21,1,53.3,0
C002586,SMB,APAC,Business,Partner,3,173.91,668,15.0,1,26.4,0.303,2,1488.56,9,1,54.6,1
C002587,SMB,APAC,Free,Sales,13,0.0,932,15.0,0,45.0,0.335,0,103.65,18,0,62.9,0
C002588,SMB,APAC,Business,Organic,12,205.31,1002,0.0,1,26.6,0.72,2,3412.63,17,1,53.8,0
C002589,Startup,North America,Starter,Paid Search,5,31.32,73,5.0,0,3.4,0.415,0,214.26,7,0,52.3,0
C002590,Mid-Market,Europe,Pro,Paid Search,53,69.02,966,9.0,1,55.8,0.286,1,1136.97,16,1,53.7,0
C002591,SMB,Europe,Starter,Referral,5,28.18,1360,20.0,3,14.3,0.481,0,845.43,29,5,64.2,0
C002592,SMB,North America,Pro,Referral,7,76.33,919,18.0,1,22.0,0.35,1,1749.3899999999999,23,1,60.3,0
C002593,Mid-Market,North America,Starter,Paid Search,78,30.49,700,22.0,1,61.5,0.641,0,504.43,17,1,78.5,0
C002594,Mid-Market,Europe,Business,Organic,19,197.33,1325,15.0,0,48.4,0.761,0,6114.45,31,0,76.1,0
C002595,Startup,APAC,Pro,Organic,3,73.09,1023,11.0,0,39.4,0.272,0,1339.16,20,1,56.9,0
C002596,SMB,Europe,Enterprise,Organic,15,2575.51,1223,15.0,1,-1.7,0.27,0,38348.13,16,1,54.8,0
C002597,SMB,North America,Pro,Referral,19,83.6,745,10.0,1,5.9,0.42,0,1346.58,17,1,55.6,0
C002598,SMB,LATAM,Pro,Organic,9,76.85,426,4.0,1,44.9,0.227,3,219.67,3,1,42.4,1
C002599,Startup,North America,Business,Organic,4,221.44,76,16.0,0,50.8,0.311,0,302.39,1,0,63.7,0
C002600,Startup,North America,Starter,Paid Search,2,25.87,904,8.0,1,41.3,0.503,0,591.11,24,2,59.9,0
C002601,SMB,LATAM,Pro,Organic,11,79.33,226,7.0,2,23.2,0.361,0,433.76,5,4,51.4,0
C002602,Mid-Market,APAC,Starter,Sales,39,32.04,1154,19.0,0,22.3,0.207,0,798.57,24,0,60.4,0
C002603,Enterprise,LATAM,Business,Paid Search,280,211.31,344,1.0,0,40.4,0.465,0,214.08,1,0,53.9,1
C002604,SMB,APAC,Free,Sales,6,0.0,656,0.0,1,3.7,0.12,0,88.39,12,1,37.5,0
C002605,Startup,Europe,Starter,Partner,1,25.47,376,9.0,1,37.3,0.646,0,89.89,3,3,64.6,0
C002606,SMB,North America,Pro,Partner,8,67.97,380,16.0,1,0.3,0.239,0,453.09,7,1,55.0,0
C002607,Mid-Market,North America,Pro,Paid Search,55,83.02,699,23.0,2,8.7,0.458,0,1714.86,21,2,67.1,0
C002608,Mid-Market,LATAM,Starter,Partner,54,28.46,1092,14.0,0,39.5,0.258,1,515.17,20,1,57.2,0
C002609,SMB,APAC,Pro,Partner,7,77.05,708,7.0,1,49.6,0.468,0,1490.73,19,2,58.8,0
C002610,Startup,North America,Business,Organic,3,192.49,278,9.0,2,43.5,0.512,0,641.5,3,2,59.7,1
C002611,Mid-Market,North America,Starter,Sales,34,26.16,72,10.0,0,7.1,0.692,0,99.83000000000001,3,0,65.4,0
C002612,SMB,North America,Starter,Paid Search,21,29.53,134,9.0,4,-11.8,0.734,0,31.76,1,4,57.9,1
C002613,SMB,North America,Enterprise,Paid Search,13,2002.65,1201,18.0,1,34.8,0.07,3,37567.69,19,2,49.2,1
C002614,Startup,APAC,Enterprise,Paid Search,2,278.69,606,22.0,0,-12.5,0.232,0,5178.0199999999995,17,0,60.4,0
C002615,Enterprise,North America,Free,Partner,166,0.0,1311,19.0,3,58.6,0.222,1,152.96,28,3,58.0,0
C002616,Startup,Europe,Pro,Paid Search,5,78.99,504,10.0,3,8.0,0.438,0,1304.23,15,3,53.4,0
C002617,SMB,LATAM,Free,Paid Search,23,0.0,41,8.0,1,90.9,0.399,0,18.19,2,2,61.7,0
C002618,SMB,Europe,Enterprise,Organic,9,1526.24,1385,2.0,4,11.0,0.245,1,41044.64,27,4,37.2,0
C002619,Enterprise,Europe,Starter,Paid Search,212,32.04,522,22.0,2,46.6,0.379,0,197.27,6,3,67.7,1
C002620,SMB,North America,Starter,Organic,15,27.26,108,26.0,3,16.6,0.612,0,66.16,3,3,73.7,0
C002621,SMB,North America,Starter,Referral,23,32.73,249,1.0,1,30.8,0.428,0,111.28999999999999,3,2,50.3,1
C002622,Mid-Market,North America,Pro,Paid Search,15,81.16,899,3.0,5,39.6,0.381,0,1477.68,18,5,45.6,0
C002623,SMB,North America,Free,Sales,6,0.0,1312,6.0,1,56.5,0.356,0,194.81,29,1,55.2,0
C002624,SMB,North America,Business,Partner,6,211.11,139,22.0,1,60.5,0.408,0,388.95,2,2,71.4,0
C002625,SMB,North America,Pro,Referral,5,81.84,143,6.0,2,53.2,0.357,0,146.96,2,3,53.4,0
C002626,Enterprise,North America,Pro,Sales,345,89.03,633,0.0,3,60.9,0.533,0,627.27,7,3,52.6,0
C002627,SMB,North America,Business,Organic,16,222.01,61,9.0,1,19.6,0.439,0,852.51,4,1,56.7,0
C002628,Mid-Market,LATAM,Starter,Partner,46,29.9,1454,10.0,3,51.2,0.23,0,935.83,32,3,51.4,0
C002629,Startup,North America,Starter,Organic,7,30.16,579,11.0,1,26.5,0.082,1,132.69,5,2,46.4,1
C002630,Startup,North America,Starter,Organic,6,26.51,1405,14.0,1,59.7,0.325,0,640.48,24,1,61.7,0
C002631,Mid-Market,APAC,Business,Paid Search,54,213.76,122,6.0,0,37.9,0.577,0,617.64,4,1,61.5,0
C002632,Mid-Market,North America,Free,Partner,35,0.0,488,0.0,0,50.5,0.364,1,57.71,8,1,49.0,0
C002633,Mid-Market,Europe,Business,Referral,27,228.39,154,3.0,3,42.3,0.718,0,945.62,4,3,58.9,0
C002634,SMB,APAC,Pro,Organic,19,72.38,656,20.0,2,54.0,0.377,0,1087.92,15,4,66.6,0
C002635,Startup,Europe,Pro,Referral,6,80.32,1341,18.0,2,14.8,0.745,0,2214.94,25,2,71.9,0
C002636,SMB,North America,Pro,Organic,24,90.17,1423,7.0,1,-4.3,0.518,1,2530.4700000000003,27,1,52.9,0
C002637,Enterprise,APAC,Free,Organic,252,0.0,981,26.0,0,59.7,0.077,0,121.69999999999999,18,0,66.5,0
C002638,Enterprise,APAC,Starter,Organic,353,27.54,397,15.0,1,68.6,0.272,1,195.48,7,1,59.9,0
C002639,Mid-Market,North America,Business,Partner,72,171.82,1245,22.0,1,32.1,0.029,0,3616.41,22,1,57.2,0
C002640,Startup,North America,Starter,Paid Search,1,33.16,242,22.0,0,55.3,0.383,1,154.03,5,0,69.7,0
C002641,SMB,North America,Pro,Organic,14,82.34,1118,8.0,1,-5.7,0.825,0,2064.66,25,1,64.8,0
C002642,SMB,APAC,Enterprise,Organic,17,2978.08,751,16.0,0,19.5,0.615,0,53593.21,16,0,69.7,0
C002643,Mid-Market,North America,Free,Partner,73,0.0,1170,16.0,1,37.0,0.083,0,128.74,26,2,54.0,0
C002644,Startup,North America,Starter,Referral,5,29.68,794,12.0,1,-8.4,0.625,0,510.49,17,1,62.1,0
C002645,Mid-Market,Europe,Starter,Organic,31,32.66,814,17.0,1,-3.2,0.642,0,769.41,24,2,67.6,0
C002646,Startup,LATAM,Free,Referral,6,0.0,1453,9.0,2,38.9,0.499,1,121.57,23,2,56.9,1
C002647,Startup,North America,Enterprise,Partner,7,1078.48,649,2.0,1,19.9,0.484,0,5253.4,5,1,51.8,1
C002648,SMB,North America,Enterprise,Paid Search,12,1801.96,336,1.0,2,26.3,0.603,2,1911.13,1,3,49.6,1
C002649,Startup,Europe,Starter,Organic,6,25.52,122,12.0,0,24.8,0.381,0,80.32,3,0,59.6,0
C002650,Mid-Market,Europe,Enterprise,Sales,55,7479.13,988,25.0,3,2.9,0.402,2,167466.15,23,5,61.2,0
C002651,SMB,Europe,Free,Paid Search,15,0.0,201,6.0,3,29.6,0.351,0,23.240000000000002,2,3,49.3,1
C002652,Enterprise,APAC,Enterprise,Paid Search,480,78280.44,204,16.0,1,34.7,0.383,1,655255.7,8,1,60.7,0
C002653,SMB,North America,Business,Referral,4,222.88,47,4.0,1,20.4,0.576,0,257.7,1,1,56.4,0
C002654,Mid-Market,North America,Starter,Referral,51,33.22,927,17.0,0,22.5,0.164,1,577.33,17,0,55.3,0
C002655,Enterprise,North America,Pro,Referral,86,69.48,244,5.0,0,29.9,0.353,0,184.2,3,0,53.0,0
C002656,Enterprise,North America,Business,Referral,333,186.25,652,12.0,1,55.5,0.455,1,1486.33,8,1,61.4,0
C002657,Mid-Market,Europe,Starter,Organic,71,24.92,1377,22.0,2,32.6,0.194,1,658.11,28,2,58.7,0
C002658,SMB,APAC,Starter,Referral,7,27.65,1074,10.0,2,-13.2,0.258,0,522.84,18,4,47.3,1
C002659,SMB,North America,Pro,Paid Search,19,82.64,499,26.0,0,5.2,0.57,1,936.45,11,0,73.8,0
C002660,Mid-Market,APAC,Free,Referral,39,0.0,1231,1.0,0,58.3,0.158,1,188.31,29,1,44.5,0
C002661,Startup,North America,Free,Paid Search,2,0.0,839,2.0,1,17.9,0.248,0,148.73,18,2,44.5,0
C002662,Startup,Europe,Starter,Organic,1,25.23,352,4.0,1,32.8,0.556,0,248.25,9,1,57.0,0
C002663,Mid-Market,North America,Business,Paid Search,26,207.33,1246,6.0,1,83.1,0.303,0,4988.11,25,3,56.3,0
C002664,SMB,Europe,Starter,Referral,3,33.34,750,11.0,2,50.8,0.212,0,479.32,14,3,53.3,0
C002665,SMB,North America,Pro,Paid Search,13,71.59,1153,25.0,3,-18.7,0.57,0,1693.78,24,4,68.1,0
C002666,SMB,LATAM,Starter,Referral,3,33.04,693,6.0,0,71.1,0.21,0,658.87,21,0,53.8,0
C002667,Mid-Market,LATAM,Starter,Organic,71,31.33,1116,9.0,3,38.7,0.472,0,659.72,22,4,56.6,0
C002668,SMB,APAC,Pro,Organic,15,74.81,80,1.0,2,44.2,0.17,0,162.22000000000003,2,2,42.4,0
C002669,Mid-Market,APAC,Free,Partner,18,0.0,1351,20.0,1,42.6,0.539,1,91.41,31,3,69.8,0
C002670,Mid-Market,North America,Pro,Paid Search,48,69.68,83,15.0,1,57.8,0.324,0,241.16,4,2,62.4,0
C002671,SMB,Europe,Starter,Partner,20,30.59,328,1.0,3,33.0,0.776,0,208.13,7,3,58.0,0
C002672,SMB,North America,Pro,Sales,10,80.45,237,12.0,0,-2.0,0.328,0,455.28,6,1,55.4,0
C002673,Startup,APAC,Starter,Partner,1,26.22,243,6.0,1,43.1,0.192,2,103.83,4,2,44.9,0
C002674,Enterprise,North America,Business,Paid Search,266,200.54,1192,11.0,1,0.5,0.693,0,4690.09,23,1,64.2,0
C002675,Mid-Market,North America,Free,Paid Search,47,0.0,129,7.0,1,80.4,0.354,0,19.47,4,1,58.4,0
C002676,Enterprise,APAC,Business,Sales,296,226.94,611,21.0,1,25.9,0.334,0,2724.14,12,1,64.9,0
C002677,Mid-Market,North America,Starter,Partner,55,31.56,85,1.0,1,33.7,0.608,0,50.3,2,1,56.0,0
C002678,Enterprise,APAC,Free,Referral,200,0.0,205,16.0,4,18.1,0.563,0,48.63,7,5,62.0,0
C002679,SMB,North America,Pro,Paid Search,23,75.76,632,22.0,1,43.5,0.787,1,972.26,13,1,79.1,0
C002680,SMB,Europe,Starter,Referral,13,29.95,925,0.0,1,46.4,0.287,1,237.82999999999998,9,2,44.8,1
C002681,SMB,APAC,Pro,Organic,5,71.3,1293,25.0,2,18.0,0.293,0,1961.73,25,3,64.9,0
C002682,Mid-Market,Europe,Business,Referral,78,221.33,1316,21.0,0,46.3,0.704,0,4739.37,21,1,79.5,0
C002683,Enterprise,North America,Business,Sales,437,210.34,903,7.0,0,36.7,0.379,1,5281.41,26,0,54.3,0
C002684,SMB,North America,Pro,Sales,16,73.65,301,13.0,3,32.6,0.628,0,269.02,5,3,64.2,0
C002685,Enterprise,North America,Enterprise,Organic,497,88375.98,738,19.0,0,16.2,0.23,0,1357275.99,15,0,60.5,0
C002686,Startup,North America,Pro,Referral,7,83.5,772,14.0,0,92.9,0.644,0,1283.25,15,1,76.1,0
C002687,Enterprise,Europe,Free,Organic,78,0.0,1111,21.0,1,64.6,0.167,0,74.19,18,1,63.7,0
C002688,SMB,North America,Business,Paid Search,10,207.43,653,24.0,3,53.2,0.471,2,2494.74,12,4,67.4,0
C002689,Startup,North America,Starter,Partner,1,33.0,548,10.0,0,63.2,0.249,0,267.98,7,1,57.7,0
C002690,SMB,North America,Starter,Paid Search,20,32.13,56,3.0,1,42.5,0.315,0,41.65,1,1,49.9,1
C002691,SMB,LATAM,Free,Paid Search,4,0.0,417,12.0,0,26.3,0.308,0,67.03,12,0,57.6,0
C002692,SMB,North America,Starter,Partner,24,32.71,592,16.0,1,-31.1,0.738,1,498.05,15,2,64.8,0
C002693,Mid-Market,North America,Starter,Partner,59,30.04,159,21.0,0,4.5,0.404,0,138.46,4,0,66.3,0
C002694,SMB,Europe,Starter,Partner,9,32.06,853,7.0,2,89.1,0.368,0,617.96,19,3,58.2,0
C002695,Startup,North America,Pro,Paid Search,7,75.88,124,25.0,1,64.0,0.232,0,309.87,4,1,69.2,0
C002696,Startup,LATAM,Business,Referral,4,175.08,931,1.0,2,40.1,0.246,0,3190.51,18,3,44.3,0
C002697,SMB,North America,Enterprise,Paid Search,22,3501.44,1278,16.0,1,-4.4,0.339,0,91962.96,25,2,57.5,0
C002698,Mid-Market,APAC,Free,Organic,77,0.0,863,12.0,0,50.9,0.283,2,111.49,18,0,55.3,0
C002699,SMB,Europe,Starter,Paid Search,24,26.44,1276,19.0,1,28.0,0.093,0,495.54,18,3,56.1,1
C002700,SMB,APAC,Pro,Referral,18,81.06,1291,7.0,0,52.4,0.85,0,1916.64,23,0,72.0,0
C002701,Mid-Market,Europe,Free,Organic,45,0.0,200,26.0,1,7.2,0.347,1,0.0,4,1,65.8,0
C002702,Mid-Market,APAC,Starter,Organic,23,24.78,324,0.0,1,22.8,0.818,1,108.49,4,2,58.3,1
C002703,Mid-Market,Europe,Pro,Sales,30,74.1,1144,22.0,4,57.1,0.495,0,1492.84,20,5,69.2,0
C002704,SMB,Europe,Business,Referral,7,202.5,263,13.0,5,83.2,0.58,0,585.52,3,5,64.8,0
C002705,Mid-Market,APAC,Starter,Partner,35,28.91,1362,14.0,2,18.5,0.23,0,705.18,25,3,53.2,0
C002706,Enterprise,Europe,Pro,Referral,375,74.6,1054,8.0,0,10.0,0.34,0,2031.45,28,0,53.3,0
C002707,Enterprise,Europe,Pro,Sales,96,84.14,451,10.0,1,60.6,0.149,1,574.12,7,1,51.0,0
C002708,Startup,North America,Business,Partner,5,184.55,1026,12.0,0,3.5,0.468,1,5306.08,29,0,58.1,0
C002709,Enterprise,North America,Starter,Organic,104,30.89,416,8.0,1,5.3,0.351,1,516.57,16,2,49.7,0
C002710,Enterprise,North America,Business,Partner,499,181.31,210,0.0,0,41.6,0.255,0,870.29,5,0,46.8,0
C002711,SMB,North America,Business,Sales,6,173.49,1366,11.0,2,87.1,0.421,0,3436.33,20,3,63.2,0
C002712,Mid-Market,Europe,Starter,Partner,37,27.8,1426,11.0,1,13.8,0.345,0,820.28,29,2,55.1,0
C002713,Startup,North America,Pro,Organic,6,87.53,116,20.0,3,25.8,0.833,0,332.09000000000003,4,6,75.9,0
C002714,Startup,Europe,Pro,Sales,2,84.66,716,13.0,5,37.8,0.109,0,2107.75,25,6,46.2,0
C002715,SMB,APAC,Starter,Referral,15,30.77,736,15.0,0,23.2,0.271,1,398.34,13,1,56.8,0
C002716,SMB,Europe,Pro,Paid Search,23,68.98,797,13.0,0,-9.2,0.453,2,1606.25,23,2,55.3,0
C002717,Mid-Market,APAC,Starter,Sales,78,26.21,840,11.0,0,55.0,0.726,0,564.89,24,1,72.1,0
C002718,Enterprise,North America,Business,Referral,359,208.37,474,20.0,0,39.7,0.156,0,1888.31,8,0,61.5,0
C002719,Mid-Market,North America,Free,Referral,39,0.0,631,18.0,0,44.2,0.221,1,9.18,11,0,60.1,0
C002720,Mid-Market,APAC,Pro,Sales,16,76.89,1227,27.0,2,31.5,0.287,0,1780.72,23,3,67.9,0
C002721,Enterprise,APAC,Starter,Organic,416,32.62,564,13.0,2,72.8,0.634,0,327.73,9,4,69.9,0
C002722,SMB,APAC,Pro,Referral,12,90.18,505,0.0,0,22.4,0.414,0,840.53,8,0,49.7,1
C002723,Enterprise,Europe,Pro,Paid Search,433,70.78,1298,16.0,3,8.1,0.329,1,1646.44,23,4,53.5,0
C002724,Enterprise,APAC,Pro,Referral,80,72.44,922,11.0,2,76.6,0.618,0,1874.96,25,2,68.0,0
C002725,SMB,APAC,Pro,Referral,9,90.28,330,2.0,2,-20.0,0.432,1,260.53,3,2,42.7,1
C002726,SMB,APAC,Starter,Referral,17,31.64,576,23.0,1,31.2,0.973,0,530.2,16,2,86.3,0
C002727,Mid-Market,APAC,Starter,Referral,39,26.68,1265,17.0,2,33.1,0.264,0,812.25,31,2,58.4,0
C002728,Enterprise,North America,Business,Referral,216,222.83,1403,17.0,1,32.1,0.503,1,7058.54,32,1,65.0,0
C002729,Mid-Market,North America,Free,Organic,38,0.0,629,17.0,0,-3.8,0.18,0,47.2,15,0,55.2,0
C002730,Mid-Market,North America,Business,Paid Search,72,202.14,800,27.0,0,5.4,0.477,1,4591.76,21,1,72.0,0
C002731,Startup,Europe,Pro,Organic,2,84.8,86,19.0,2,58.9,0.601,1,458.37,5,2,70.9,0
C002732,Startup,APAC,Business,Referral,3,182.47,714,19.0,3,69.6,0.677,1,3265.86,18,3,72.7,0
C002733,SMB,North America,Starter,Partner,14,28.2,128,21.0,1,24.6,0.698,0,169.37,5,1,75.6,0
C002734,SMB,North America,Pro,Partner,24,77.23,1154,20.0,1,11.7,0.358,0,1784.84,23,1,63.3,0
C002735,SMB,APAC,Free,Organic,18,0.0,821,19.0,2,-9.6,0.492,0,12.530000000000001,10,3,62.8,0
C002736,SMB,North America,Enterprise,Partner,6,842.06,1261,2.0,3,58.5,0.578,0,26061.1,32,4,55.5,0
C002737,Mid-Market,APAC,Pro,Paid Search,28,76.99,639,11.0,1,60.0,0.281,0,654.02,8,1,57.8,0
C002738,Enterprise,North America,Pro,Sales,295,70.69,1191,7.0,1,-35.3,0.305,1,1822.1399999999999,26,1,43.4,0
C002739,SMB,North America,Business,Referral,16,206.48,757,24.0,1,-25.6,0.368,0,4271.18,20,1,63.4,0
C002740,SMB,Europe,Starter,Paid Search,23,32.53,968,16.0,2,38.4,0.55,1,696.81,20,2,64.6,0
C002741,Mid-Market,North America,Pro,Referral,23,84.74,1195,14.0,3,41.7,0.412,0,1868.98,22,3,59.5,0
C002742,Mid-Market,North America,Business,Organic,47,195.54,1322,14.0,1,23.1,0.602,1,6235.78,32,1,64.4,0
C002743,Mid-Market,North America,Free,Organic,18,0.0,728,19.0,2,34.2,0.392,0,10.81,4,2,64.1,1
C002744,Mid-Market,North America,Enterprise,Partner,24,3959.64,106,21.0,0,28.8,0.082,0,4676.75,1,1,59.1,0
C002745,SMB,North America,Business,Referral,8,225.73,1176,5.0,0,35.7,0.454,1,5509.04,24,2,54.7,0
C002746,SMB,APAC,Enterprise,Organic,11,1996.95,881,27.0,3,12.5,0.659,0,34534.2,18,5,75.6,0
C002747,SMB,North America,Business,Organic,13,211.39,1139,21.0,0,34.7,0.057,0,8639.75,40,1,58.9,0
C002748,Mid-Market,North America,Starter,Paid Search,75,28.47,304,5.0,0,18.1,0.263,0,165.39000000000001,6,1,49.2,0
C002749,Enterprise,North America,Pro,Organic,450,72.38,867,16.0,1,16.1,0.848,0,870.51,11,1,74.8,0
C002750,Startup,LATAM,Free,Paid Search,3,0.0,67,11.0,3,-11.7,0.313,2,12.62,1,4,44.5,1
C002751,SMB,APAC,Business,Paid Search,18,169.62,1110,10.0,1,30.6,0.514,1,4869.17,29,1,58.9,0
C002752,Enterprise,LATAM,Starter,Sales,456,27.83,1345,24.0,1,55.1,0.348,0,849.55,31,1,70.9,0
C002753,Mid-Market,LATAM,Business,Paid Search,58,172.8,627,7.0,0,26.9,0.29,0,3492.71,20,1,52.6,0
C002754,Startup,North America,Starter,Organic,2,30.69,529,23.0,1,26.2,0.498,0,318.72999999999996,10,3,71.6,0
C002755,SMB,APAC,Starter,Organic,19,25.93,44,17.0,0,66.4,0.679,1,45.06,2,0,75.2,0
C002756,Startup,North America,Free,Organic,1,0.0,214,22.0,2,60.6,0.344,0,17.22,7,2,68.0,1
C002757,SMB,APAC,Pro,Referral,10,74.31,196,20.0,1,78.4,0.49,0,618.12,8,1,73.9,0
C002758,SMB,Europe,Starter,Paid Search,7,32.12,554,17.0,1,91.4,0.277,1,346.40999999999997,11,1,64.1,0
C002759,SMB,North America,Starter,Organic,3,24.79,946,5.0,0,36.5,0.477,0,579.94,22,0,57.4,0
C002760,Mid-Market,LATAM,Starter,Sales,61,25.55,847,27.0,2,6.1,0.277,0,319.9,14,2,65.0,0
C002761,SMB,APAC,Starter,Referral,4,31.48,1269,17.0,0,22.0,0.381,0,853.08,27,0,63.8,0
C002762,SMB,LATAM,Enterprise,Organic,9,1497.25,844,10.0,0,49.3,0.626,1,20261.63,14,1,65.6,0
C002763,Mid-Market,North America,Pro,Organic,76,70.48,939,7.0,1,71.0,0.266,2,1185.46,16,1,50.8,0
C002764,Startup,North America,Starter,Referral,2,32.48,1409,3.0,1,8.8,0.305,0,786.8,25,1,46.2,0
C002765,Mid-Market,North America,Starter,Partner,45,30.51,1168,8.0,0,41.4,0.674,0,562.07,18,0,66.5,0
C002766,Enterprise,Europe,Free,Sales,67,0.0,696,3.0,0,15.2,0.285,0,89.32000000000001,14,1,47.7,0
C002767,Mid-Market,Europe,Starter,Organic,24,30.97,932,24.0,0,31.3,0.29,0,713.97,23,0,68.3,0
C002768,Startup,North America,Free,Referral,7,0.0,40,12.0,1,31.0,0.249,0,10.46,1,1,54.8,1
C002769,Startup,APAC,Free,Organic,6,0.0,776,17.0,1,44.5,0.717,0,46.06,13,2,74.6,0
C002770,SMB,North America,Free,Paid Search,9,0.0,90,22.0,1,85.8,0.509,0,0.0,1,1,77.0,0
C002771,Startup,APAC,Starter,Referral,6,31.91,516,26.0,0,46.9,0.302,0,439.90999999999997,13,1,72.0,0
C002772,Startup,APAC,Business,Referral,7,203.66,1403,12.0,0,24.3,0.144,0,6015.94,31,0,52.5,0
C002773,Startup,Europe,Free,Organic,6,0.0,1170,1.0,0,20.1,0.365,2,101.03,21,0,44.9,0
C002774,Startup,North America,Pro,Organic,1,86.22,451,17.0,0,30.2,0.646,2,1061.57,12,1,68.6,0
C002775,Mid-Market,North America,Pro,Referral,69,70.55,681,26.0,1,13.2,0.173,0,880.91,12,1,63.2,0
C002776,SMB,North America,Business,Organic,4,225.51,1029,10.0,1,38.5,0.586,0,4934.14,24,2,63.9,0
C002777,SMB,APAC,Starter,Paid Search,18,32.79,714,2.0,1,-25.3,0.55,0,413.02,12,2,49.3,0
C002778,SMB,Europe,Business,Organic,4,194.92,169,20.0,1,29.7,0.125,0,149.45,1,1,58.1,0
C002779,Mid-Market,North America,Business,Organic,48,204.77,905,17.0,1,31.7,0.25,0,2297.0,12,1,59.3,0
C002780,SMB,LATAM,Enterprise,Referral,17,2848.39,1396,4.0,0,6.0,0.65,0,72514.74,26,3,58.7,0
C002781,Startup,Europe,Business,Organic,1,216.23,1016,0.0,1,25.4,0.344,0,5111.36,23,1,46.4,0
C002782,Mid-Market,APAC,Free,Paid Search,23,0.0,122,14.0,0,63.0,0.15,0,0.0,7,1,58.3,0
C002783,Startup,Europe,Enterprise,Partner,3,509.12,371,4.0,2,64.8,0.163,1,3927.39,7,2,44.9,0
C002784,Mid-Market,LATAM,Business,Organic,69,217.99,263,5.0,0,21.7,0.665,1,1585.52,7,0,59.6,0
C002785,Mid-Market,North America,Starter,Partner,75,27.07,157,8.0,0,48.1,0.9,0,102.81,4,0,74.0,0
C002786,Enterprise,North America,Starter,Paid Search,80,28.93,1292,13.0,0,-2.5,0.323,0,917.61,31,0,56.0,0
C002787,SMB,APAC,Enterprise,Referral,19,3388.46,1056,22.0,1,27.6,0.099,0,114076.77,31,2,58.9,0
C002788,SMB,APAC,Starter,Referral,13,30.66,1375,12.0,3,40.8,0.468,0,746.34,23,3,59.3,1
C002789,Mid-Market,Europe,Business,Referral,61,214.72,1454,23.0,3,73.2,0.208,0,6493.5,30,3,64.6,0
C002790,SMB,North America,Starter,Paid Search,17,28.59,267,16.0,2,64.8,0.522,0,274.2,9,4,68.4,0
C002791,Mid-Market,North America,Pro,Referral,78,79.56,121,10.0,2,40.2,0.393,0,127.78,2,4,56.7,1
C002792,SMB,APAC,Free,Partner,8,0.0,1238,14.0,1,12.2,0.123,0,147.72,29,1,50.9,0
C002793,Startup,APAC,Pro,Paid Search,2,82.69,428,3.0,2,69.0,0.322,0,735.81,10,2,51.2,0
C002794,SMB,North America,Pro,Organic,3,81.3,696,27.0,2,26.5,0.327,0,963.3399999999999,13,3,68.6,0
C002795,SMB,North America,Enterprise,Organic,17,3106.42,1362,8.0,1,46.2,0.389,2,87469.4,29,3,52.9,0
C002796,SMB,Europe,Starter,Organic,13,29.01,151,25.0,1,31.9,0.327,0,49.72,2,4,68.8,0
C002797,Startup,APAC,Free,Organic,4,0.0,215,18.0,2,84.8,0.427,0,8.59,1,2,69.4,0
C002798,Mid-Market,Europe,Starter,Sales,48,29.19,649,8.0,0,19.7,0.491,0,586.2,20,1,58.8,0
C002799,Mid-Market,Europe,Free,Sales,53,0.0,448,13.0,0,57.9,0.743,0,48.93,11,1,74.7,0
C002800,Enterprise,LATAM,Enterprise,Organic,65,10589.84,892,3.0,0,32.8,0.51,1,185293.68,19,0,54.3,1
C002801,SMB,North America,Free,Sales,14,0.0,327,17.0,0,49.2,0.708,0,39.59,7,0,76.3,0
C002802,SMB,Europe,Starter,Referral,10,27.13,824,1.0,0,75.5,0.285,0,582.96,22,0,52.0,0
C002803,SMB,Europe,Business,Paid Search,14,228.81,46,17.0,3,-15.1,0.125,0,555.0,2,3,47.9,0
C002804,Mid-Market,Europe,Starter,Sales,19,30.67,1370,5.0,2,33.4,0.768,0,899.39,30,2,62.8,0
C002805,Enterprise,APAC,Starter,Referral,249,25.64,1214,3.0,3,12.6,0.378,0,745.83,31,3,45.8,0
C002806,SMB,Europe,Pro,Partner,21,70.2,75,6.0,2,46.1,0.16,1,97.6,2,2,44.8,0
C002807,Startup,Europe,Starter,Organic,4,29.51,1048,2.0,0,52.3,0.189,0,520.37,17,0,47.7,0
C002808,Mid-Market,North America,Business,Organic,54,208.39,1016,24.0,1,23.2,0.196,0,6064.93,30,3,63.1,0
C002809,Mid-Market,APAC,Pro,Sales,26,74.88,329,26.0,0,21.9,0.49,0,544.64,7,0,75.1,0
C002810,Mid-Market,North America,Starter,Organic,30,24.77,1190,25.0,0,40.1,0.374,1,626.84,25,0,70.6,0
C002811,SMB,North America,Pro,Organic,20,82.04,726,20.0,5,3.2,0.668,1,1396.59,16,5,63.7,0
C002812,Mid-Market,Europe,Business,Organic,54,177.38,1051,6.0,1,43.3,0.614,0,4413.99,25,1,61.6,0
C002813,Mid-Market,Europe,Starter,Paid Search,79,29.32,1177,21.0,0,14.6,0.501,0,846.8199999999999,28,0,70.2,0
C002814,SMB,LATAM,Business,Paid Search,16,223.41,81,21.0,1,53.3,0.648,0,858.77,4,1,77.0,0
C002815,Mid-Market,APAC,Starter,Sales,79,28.91,1175,6.0,1,2.1,0.573,0,735.75,25,2,56.3,0
C002816,Mid-Market,APAC,Pro,Paid Search,64,70.94,1326,23.0,0,20.8,0.391,0,2218.15,30,0,69.3,0
C002817,Enterprise,North America,Business,Sales,261,200.9,497,27.0,1,16.2,0.237,0,1835.26,9,1,66.3,0
C002818,Startup,Europe,Free,Partner,7,0.0,220,10.0,2,27.5,0.391,1,0.0,1,3,53.4,1
C002819,SMB,LATAM,Pro,Paid Search,24,86.13,1278,16.0,1,69.4,0.488,0,2955.07,34,1,69.4,0
C002820,Mid-Market,Europe,Free,Organic,33,0.0,448,24.0,0,56.1,0.535,0,17.84,5,1,78.1,1
C002821,Enterprise,APAC,Pro,Organic,260,76.27,687,7.0,1,23.0,0.228,0,1012.18,13,1,48.9,0
C002822,SMB,Europe,Pro,Referral,12,80.14,274,27.0,2,23.0,0.346,1,463.48,6,4,66.8,0
C002823,Startup,North America,Starter,Referral,6,26.36,1279,8.0,2,57.1,0.313,0,716.76,28,2,54.2,0
C002824,Enterprise,Europe,Free,Paid Search,289,0.0,65,27.0,1,5.9,0.457,2,0.0,2,1,67.9,0
C002825,Mid-Market,North America,Enterprise,Sales,49,7463.7,575,6.0,1,35.6,0.456,1,63189.56,8,1,54.1,0
C002826,Mid-Market,North America,Starter,Referral,24,30.12,256,20.0,0,19.9,0.68,1,182.51999999999998,6,0,73.2,0
C002827,SMB,North America,Starter,Organic,21,29.81,943,14.0,2,30.7,0.405,0,573.61,21,2,59.7,0
C002828,Startup,North America,Free,Partner,4,0.0,111,10.0,1,55.2,0.498,1,0.0,1,1,60.9,0
C002829,SMB,North America,Pro,Referral,12,88.16,565,12.0,1,18.3,0.651,1,1124.9099999999999,13,1,63.6,0
C002830,Mid-Market,APAC,Starter,Referral,74,26.83,1279,6.0,2,59.4,0.784,0,759.46,28,3,66.8,0
C002831,SMB,North America,Business,Organic,8,220.94,141,18.0,1,90.0,0.607,0,302.34000000000003,2,1,76.8,0
C002832,SMB,APAC,Pro,Organic,13,75.3,323,27.0,3,50.1,0.257,1,232.13000000000002,4,3,65.3,0
C002833,Mid-Market,Europe,Free,Paid Search,76,0.0,1031,16.0,3,32.9,0.527,0,261.32,27,3,63.9,0
C002834,Mid-Market,North America,Pro,Organic,55,78.37,680,7.0,2,63.9,0.022,0,871.26,12,2,45.3,0
C002835,Mid-Market,North America,Starter,Organic,72,30.43,906,18.0,1,7.3,0.332,0,470.24,15,1,60.3,1
C002836,SMB,LATAM,Free,Partner,10,0.0,683,12.0,3,73.0,0.279,0,42.69,11,3,56.9,0
C002837,SMB,Europe,Pro,Paid Search,23,82.68,80,25.0,1,16.2,0.514,0,300.43,3,1,72.9,0
C002838,SMB,LATAM,Starter,Organic,23,28.41,175,7.0,0,89.2,0.12,0,114.29,4,0,53.8,0
C002839,Startup,North America,Business,Partner,4,213.1,1152,14.0,0,17.1,0.233,0,2687.14,13,1,56.2,0
C002840,Mid-Market,APAC,Pro,Organic,28,80.32,71,13.0,1,51.5,0.271,0,138.1,2,1,58.4,0
C002841,Mid-Market,APAC,Starter,Paid Search,79,31.48,834,24.0,0,-4.0,0.198,0,363.53,13,1,62.0,0
C002842,Enterprise,LATAM,Enterprise,Referral,246,43842.35,453,3.0,0,29.7,0.399,0,462410.02,9,2,52.6,0
C002843,Startup,North America,Pro,Sales,4,77.06,368,17.0,0,8.0,0.311,1,943.73,12,1,58.3,0
C002844,SMB,LATAM,Starter,Organic,23,26.35,770,22.0,0,-1.0,0.421,0,281.33,11,0,67.2,0
C002845,Mid-Market,North America,Pro,Referral,19,68.87,807,10.0,2,65.1,0.356,0,1304.25,18,2,58.1,0
C002846,Enterprise,APAC,Enterprise,Sales,282,43005.78,808,14.0,1,4.3,0.524,0,1047729.73,24,3,62.2,0
C002847,SMB,Europe,Starter,Partner,16,29.67,227,8.0,0,16.6,0.215,0,117.9,5,0,50.3,1
C002848,SMB,Europe,Starter,Sales,5,30.77,908,11.0,3,13.7,0.515,1,681.98,22,3,55.1,1
C002849,SMB,North America,Pro,Organic,11,82.4,1060,26.0,1,63.5,0.311,1,1749.43,20,1,70.4,0
C002850,Mid-Market,APAC,Starter,Organic,15,26.23,943,10.0,0,60.4,0.707,0,541.46,20,0,71.2,0
C002851,Startup,North America,Starter,Referral,2,28.9,1182,5.0,1,66.8,0.215,2,523.77,19,1,47.1,0
C002852,SMB,Europe,Pro,Paid Search,16,85.39,901,16.0,1,15.3,0.311,1,1589.04,19,1,56.6,1
C002853,SMB,Europe,Business,Paid Search,16,216.11,1297,13.0,2,68.7,0.393,0,7265.43,32,2,62.3,0
C002854,SMB,APAC,Business,Organic,20,204.82,1332,21.0,1,15.1,0.821,1,7390.35,34,3,76.4,0
C002855,Startup,Europe,Free,Organic,3,0.0,425,1.0,4,16.1,0.461,1,59.91,9,5,43.3,0
C002856,Startup,APAC,Starter,Organic,4,28.49,1350,25.0,2,17.5,0.792,0,750.63,26,3,79.8,0
C002857,SMB,Europe,Free,Organic,4,0.0,648,19.0,2,18.4,0.574,0,79.93,12,2,68.0,0
C002858,SMB,Europe,Starter,Sales,22,30.61,345,23.0,0,32.7,0.454,1,311.05,10,0,70.4,0
C002859,Mid-Market,Europe,Pro,Organic,18,76.14,424,11.0,0,14.0,0.292,0,614.2,8,0,55.0,0
C002860,Startup,APAC,Starter,Referral,3,26.36,823,12.0,2,40.8,0.348,0,335.08,13,3,57.2,0
C002861,SMB,APAC,Business,Organic,16,182.71,1184,9.0,1,-30.2,0.483,0,5955.61,32,1,53.0,0
C002862,Enterprise,Europe,Pro,Paid Search,213,67.31,130,23.0,0,40.7,0.416,0,232.03,4,0,72.1,0
C002863,Mid-Market,North America,Pro,Sales,59,87.07,266,1.0,0,7.8,0.39,0,84.77,1,0,48.4,0
C002864,Startup,Europe,Business,Organic,1,169.42,585,14.0,0,18.3,0.601,0,1741.77,10,0,67.4,0
C002865,Startup,North America,Pro,Organic,6,75.58,1336,7.0,3,18.9,0.432,0,3059.13,40,4,51.6,0
C002866,Startup,North America,Business,Referral,3,207.07,1410,17.0,2,58.6,0.203,1,7332.24,37,3,57.1,0
C002867,SMB,APAC,Business,Organic,7,217.96,1010,26.0,2,47.6,0.28,3,4488.23,21,2,62.4,0
C002868,SMB,Europe,Pro,Organic,4,89.8,1235,18.0,1,30.9,0.463,1,2956.92,34,1,64.6,0
C002869,Startup,Europe,Starter,Sales,1,27.09,230,1.0,0,17.1,0.12,0,170.82999999999998,7,2,41.2,1
C002870,Mid-Market,LATAM,Starter,Paid Search,66,24.66,1166,11.0,0,54.6,0.603,1,506.56,21,1,66.4,0
C002871,Mid-Market,North America,Business,Partner,51,213.36,1056,0.0,0,79.9,0.106,0,5251.93,24,1,46.2,0
C002872,Startup,North America,Free,Organic,4,0.0,65,13.0,1,34.3,0.562,0,0.0,0,2,65.4,0
C002873,Enterprise,North America,Enterprise,Organic,403,62797.89,290,4.0,3,-5.0,0.19,0,460064.01,7,3,39.3,0
C002874,SMB,North America,Starter,Paid Search,13,30.8,1148,19.0,0,17.4,0.702,1,468.49,16,1,72.8,0
C002875,SMB,APAC,Business,Partner,17,228.45,912,14.0,1,49.0,0.584,1,3761.54,17,3,66.4,0
C002876,SMB,APAC,Starter,Organic,3,26.61,723,8.0,1,23.9,0.228,1,640.9300000000001,24,1,47.9,0
C002877,Mid-Market,Europe,Enterprise,Sales,74,12278.31,511,24.0,1,13.5,0.676,0,84421.29000000001,7,1,76.6,0
C002878,SMB,North America,Free,Referral,17,0.0,122,20.0,0,12.4,0.663,0,24.16,6,0,74.0,0
C002879,Mid-Market,Europe,Starter,Partner,55,30.0,215,17.0,3,37.3,0.884,0,106.96000000000001,4,4,75.9,0
C002880,Startup,North America,Business,Paid Search,7,200.77,63,9.0,1,-3.3,0.284,1,606.25,3,1,47.7,0
C002881,Mid-Market,APAC,Starter,Partner,38,33.13,1402,7.0,1,34.1,0.413,0,861.92,27,2,55.6,0
C002882,SMB,Europe,Starter,Referral,12,26.85,1123,16.0,1,37.2,0.505,0,734.3100000000001,26,4,66.7,0
C002883,SMB,North America,Business,Organic,19,221.26,655,22.0,3,23.8,0.12,0,4304.98,20,5,56.1,0
C002884,Mid-Market,APAC,Business,Referral,63,208.54,1390,23.0,2,8.9,0.531,0,6111.65,29,3,69.4,0
C002885,Mid-Market,APAC,Free,Paid Search,46,0.0,952,21.0,1,60.5,0.352,3,162.73,17,1,62.9,1
C002886,SMB,North America,Pro,Sales,24,86.02,1241,0.0,1,1.7,0.707,1,2393.51,27,1,52.9,0
C002887,Enterprise,Europe,Starter,Sales,469,30.39,126,27.0,1,39.3,0.472,0,187.04,6,2,75.7,0
C002888,Mid-Market,Europe,Starter,Organic,79,25.05,1370,6.0,1,53.2,0.168,2,613.23,26,1,45.2,0
C002889,SMB,North America,Pro,Paid Search,9,81.49,1248,0.0,1,39.0,0.542,0,1886.74,24,2,53.7,0
C002890,Startup,North America,Free,Paid Search,5,0.0,1181,15.0,1,65.8,0.106,0,85.68,21,1,56.7,0
C002891,SMB,APAC,Pro,Paid Search,10,75.19,1248,12.0,1,6.6,0.368,0,1865.6,24,1,55.9,0
C002892,Mid-Market,LATAM,Starter,Referral,62,28.11,647,2.0,1,15.2,0.283,1,518.52,18,1,43.3,0
C002893,Startup,Europe,Business,Organic,3,221.33,939,6.0,1,23.5,0.458,0,4996.49,23,1,54.9,0
C002894,SMB,Europe,Pro,Partner,6,89.34,156,5.0,1,100.0,0.233,0,323.47,4,1,55.0,0
C002895,SMB,Europe,Starter,Sales,16,31.36,1088,12.0,1,47.7,0.776,1,646.48,20,3,70.3,0
C002896,SMB,Europe,Enterprise,Sales,22,3148.35,692,20.0,1,52.4,0.136,0,39297.23,12,2,60.7,0
C002897,Mid-Market,North America,Business,Organic,76,192.73,517,19.0,2,51.3,0.379,0,2242.28,12,2,65.5,0
C002898,Mid-Market,North America,Starter,Sales,55,24.7,565,0.0,0,37.0,0.453,0,186.75,8,0,52.3,0
C002899,SMB,LATAM,Enterprise,Organic,16,2830.63,322,4.0,0,61.2,0.515,0,6878.99,2,0,60.1,1
C002900,Enterprise,APAC,Starter,Paid Search,412,25.85,1172,17.0,4,-11.8,0.347,0,542.69,19,4,53.4,0
C002901,SMB,LATAM,Starter,Organic,19,30.29,735,22.0,3,41.9,0.611,0,389.8,13,3,72.7,0
C002902,Mid-Market,North America,Starter,Partner,32,29.27,316,0.0,0,45.7,0.384,0,366.76,11,0,51.1,0
C002903,Mid-Market,Europe,Starter,Organic,17,26.85,226,9.0,2,60.5,0.634,2,256.31,9,3,61.1,0
C002904,Mid-Market,Europe,Pro,Organic,17,80.9,577,3.0,1,6.1,0.814,0,1176.12,16,1,61.2,0
C002905,SMB,North America,Pro,Paid Search,11,74.34,528,13.0,1,7.9,0.658,0,946.9,11,1,65.6,0
C002906,SMB,North America,Business,Sales,3,187.89,225,10.0,4,9.5,0.345,0,1818.8600000000001,9,4,49.2,0
C002907,Mid-Market,APAC,Starter,Partner,49,25.8,567,4.0,0,48.1,0.175,0,199.12,7,0,48.6,1
C002908,Mid-Market,Europe,Starter,Referral,57,29.42,104,27.0,0,48.4,0.936,0,0.0,0,0,92.0,0
C002909,Mid-Market,Europe,Starter,Partner,55,32.45,1278,21.0,1,11.3,0.552,0,574.88,17,2,69.9,0
C002910,Startup,North America,Free,Paid Search,6,0.0,963,15.0,0,82.9,0.258,1,161.36,32,1,62.4,0
C002911,Mid-Market,Europe,Enterprise,Organic,68,11116.14,1300,21.0,2,42.2,0.603,1,272316.11,24,2,71.1,0
C002912,SMB,North America,Pro,Organic,13,76.07,1331,8.0,3,38.1,0.874,0,1748.47,23,4,67.7,0
C002913,Mid-Market,North America,Business,Paid Search,60,185.95,786,26.0,3,29.8,0.518,0,2268.2,12,4,72.2,0
C002914,Mid-Market,Europe,Business,Sales,53,198.51,1137,11.0,1,58.3,0.322,0,4482.36,23,1,58.8,0
C002915,SMB,North America,Starter,Organic,3,26.85,878,10.0,0,44.7,0.28,0,121.84,5,0,56.8,1
C002916,SMB,LATAM,Free,Partner,10,0.0,834,15.0,1,82.2,0.728,0,63.129999999999995,15,1,77.0,0
C002917,Enterprise,Europe,Starter,Referral,195,32.59,573,16.0,2,4.7,0.207,0,244.83,8,2,53.0,0
C002918,Startup,North America,Business,Sales,6,194.17,108,17.0,3,-3.6,0.312,1,719.24,4,4,52.7,0
C002919,Mid-Market,North America,Starter,Organic,52,30.53,246,23.0,1,16.5,0.689,0,177.04,6,2,76.4,0
C002920,Mid-Market,APAC,Free,Sales,29,0.0,920,7.0,1,48.8,0.51,1,156.64,21,2,57.9,0
C002921,Mid-Market,North America,Pro,Partner,66,79.39,995,19.0,0,24.3,0.712,1,1376.46,18,0,73.8,0
C002922,SMB,North America,Starter,Paid Search,24,29.82,358,5.0,1,66.8,0.415,1,104.83,3,2,55.1,1
C002923,SMB,Europe,Pro,Referral,11,87.02,1284,6.0,3,25.2,0.707,1,1941.76,24,3,57.6,0
C002924,Enterprise,North America,Free,Organic,463,0.0,688,13.0,3,62.0,0.33,0,81.54,17,4,58.2,0
C002925,Startup,Europe,Pro,Referral,6,74.09,856,14.0,1,14.2,0.434,1,1164.45,17,1,58.4,0
C002926,SMB,Europe,Starter,Partner,24,31.44,1199,18.0,5,64.6,0.459,0,686.26,23,8,63.8,0
C002927,Startup,North America,Business,Referral,3,219.78,579,3.0,2,69.2,0.426,0,2568.88,12,3,54.4,0
C002928,Startup,APAC,Pro,Referral,1,80.15,1002,22.0,1,20.9,0.588,1,2106.43,25,2,70.9,0
C002929,Startup,Europe,Free,Partner,7,0.0,1195,15.0,3,47.2,0.593,0,86.96,25,5,66.4,0
C002930,SMB,Europe,Business,Organic,23,209.72,526,16.0,1,41.7,0.329,0,2283.0099999999998,12,1,61.8,0
C002931,Mid-Market,North America,Business,Organic,27,197.01,1211,20.0,2,47.9,0.833,0,4265.65,22,2,79.6,0
C002932,SMB,Europe,Pro,Referral,19,80.79,498,19.0,2,67.1,0.628,0,338.32,4,4,74.5,0
C002933,SMB,North America,Enterprise,Partner,13,2197.05,1229,12.0,0,59.3,0.417,0,64149.07,31,0,64.2,0
C002934,SMB,Europe,Business,Sales,12,185.4,839,13.0,1,47.9,0.765,0,4294.85,23,3,72.8,0
C002935,SMB,North America,Starter,Paid Search,6,25.37,305,6.0,1,51.6,0.864,1,207.92000000000002,8,1,67.9,1
C002936,Enterprise,LATAM,Starter,Paid Search,91,27.37,1134,15.0,1,3.3,0.221,0,876.27,35,1,53.9,0
C002937,Startup,North America,Starter,Referral,6,28.11,363,5.0,2,34.0,0.745,0,182.64,7,2,62.2,0
C002938,Mid-Market,LATAM,Pro,Referral,79,88.32,428,17.0,2,7.5,0.088,2,895.16,10,3,46.6,0
C002939,Startup,LATAM,Enterprise,Paid Search,5,896.58,170,11.0,2,34.5,0.391,0,1807.79,2,4,57.0,1
C002940,Mid-Market,Europe,Pro,Organic,44,81.79,1219,6.0,1,62.9,0.447,0,1517.8400000000001,18,1,58.6,0
C002941,Mid-Market,North America,Starter,Sales,57,25.49,438,13.0,2,34.8,0.723,0,265.9,10,2,68.8,0
C002942,Startup,North America,Enterprise,Referral,4,570.0,121,26.0,1,-27.6,0.129,0,1615.34,3,1,57.8,0
C002943,Startup,LATAM,Pro,Paid Search,1,67.2,369,15.0,0,8.8,0.398,0,546.26,8,0,61.2,0
C002944,SMB,Europe,Starter,Paid Search,4,28.53,1192,9.0,0,49.5,0.755,0,829.58,28,0,70.6,0
C002945,Startup,Europe,Enterprise,Organic,2,336.22,285,12.0,2,21.5,0.435,2,1720.77,6,2,53.9,0
C002946,Mid-Market,North America,Starter,Paid Search,32,32.82,1307,16.0,0,54.6,0.11,1,376.9,13,0,56.0,0
C002947,Startup,APAC,Pro,Organic,7,72.47,618,4.0,2,4.8,0.405,1,671.23,10,3,46.2,1
C002948,Mid-Market,North America,Pro,Organic,53,70.39,749,15.0,1,44.5,0.713,0,929.11,12,1,72.7,0
C002949,SMB,North America,Enterprise,Referral,8,1189.67,701,0.0,0,45.8,0.431,0,23499.24,21,1,52.5,0
C002950,SMB,North America,Starter,Paid Search,8,29.38,718,23.0,0,54.7,0.433,0,528.85,18,0,74.0,0
C002951,Enterprise,Europe,Starter,Referral,89,24.97,1415,17.0,1,18.6,0.624,0,330.59000000000003,13,1,69.3,0
C002952,SMB,APAC,Pro,Paid Search,23,86.81,734,3.0,2,54.5,0.76,0,1609.57,19,2,62.9,0
C002953,SMB,APAC,Business,Organic,9,206.0,121,13.0,4,72.7,0.263,0,347.08,2,4,55.8,0
C002954,Mid-Market,North America,Free,Paid Search,22,0.0,836,24.0,1,-21.8,0.297,0,52.43000000000001,14,1,61.7,0
C002955,Startup,North America,Starter,Organic,7,32.94,1065,27.0,0,36.3,0.214,1,623.75,19,1,67.2,0
C002956,SMB,APAC,Enterprise,Partner,15,2560.39,38,3.0,2,-10.2,0.534,0,5323.75,2,2,49.7,0
C002957,Mid-Market,Europe,Business,Sales,67,217.5,1319,7.0,1,13.5,0.296,0,6988.15,31,2,50.0,0
C002958,SMB,North America,Starter,Referral,15,30.34,765,4.0,1,15.5,0.06,1,219.22,7,3,38.4,1
C002959,Mid-Market,North America,Starter,Referral,25,27.05,727,10.0,1,33.3,0.065,0,450.48,17,2,47.7,0
C002960,Enterprise,Europe,Pro,Referral,444,72.16,777,24.0,2,44.4,0.762,0,1158.05,16,2,80.7,0
C002961,SMB,LATAM,Pro,Referral,10,90.35,142,19.0,2,57.6,0.405,0,317.66999999999996,4,4,66.9,0
C002962,Enterprise,Europe,Pro,Partner,290,76.92,857,7.0,2,41.6,0.245,2,916.83,13,2,45.8,0
C002963,Enterprise,North America,Business,Referral,244,199.4,69,9.0,1,51.8,0.389,1,241.2,1,1,56.4,0
C002964,SMB,APAC,Free,Paid Search,13,0.0,1365,17.0,0,8.0,0.563,1,166.43,26,0,65.9,0
C002965,Enterprise,North America,Business,Organic,231,176.14,411,16.0,1,61.4,0.312,0,1281.85,8,2,63.3,0
C002966,Startup,APAC,Free,Referral,4,0.0,613,12.0,1,-47.4,0.612,1,54.120000000000005,15,2,55.8,0
C002967,SMB,North America,Business,Referral,3,207.03,1117,11.0,0,73.2,0.565,0,4707.01,22,1,69.1,0
C002968,Mid-Market,North America,Free,Organic,59,0.0,1135,26.0,2,68.7,0.508,0,144.57,27,2,77.3,0
C002969,SMB,Europe,Free,Sales,7,0.0,431,14.0,0,53.8,0.366,0,61.51,11,0,63.9,0
C002970,Enterprise,North America,Starter,Organic,429,28.15,549,21.0,1,90.7,0.283,0,290.54,11,1,69.8,0
C002971,SMB,North America,Starter,Referral,5,32.22,587,26.0,0,-10.1,0.334,0,436.62,13,0,67.2,0
C002972,Enterprise,Europe,Starter,Sales,224,30.81,1388,9.0,1,54.5,0.505,1,648.03,22,1,60.1,0
C002973,Startup,APAC,Pro,Paid Search,1,73.87,606,21.0,3,38.4,0.852,0,1242.26,17,4,78.6,0
C002974,Mid-Market,APAC,Business,Sales,33,223.83,57,22.0,1,41.1,0.553,0,143.5,1,1,73.8,0
C002975,SMB,North America,Pro,Referral,18,68.28,1436,6.0,0,5.9,0.41,1,1388.83,21,0,51.2,0
C002976,Mid-Market,North America,Pro,Referral,27,82.41,790,6.0,1,44.9,0.601,0,1172.76,15,2,61.4,0
C002977,Mid-Market,Europe,Starter,Sales,38,33.11,754,4.0,1,43.7,0.516,0,607.83,18,1,56.9,0
C002978,SMB,Europe,Business,Partner,22,172.66,178,17.0,0,17.8,0.219,0,613.79,3,0,58.5,0
C002979,SMB,North America,Free,Paid Search,20,0.0,1056,21.0,0,33.3,0.269,0,89.93,21,1,65.2,0
C002980,Startup,APAC,Starter,Partner,2,27.86,780,21.0,1,2.1,0.073,0,387.48,14,1,54.6,1
C002981,Enterprise,LATAM,Free,Paid Search,187,0.0,435,10.0,2,25.1,0.628,1,49.28,7,2,60.3,1
C002982,Enterprise,North America,Starter,Paid Search,179,26.72,1374,19.0,1,59.0,0.299,0,613.74,24,2,65.3,0
C002983,Mid-Market,APAC,Pro,Organic,15,88.62,315,0.0,1,59.5,0.404,1,523.28,6,1,49.6,0
C002984,Mid-Market,Europe,Free,Paid Search,66,0.0,285,18.0,1,54.2,0.296,1,23.36,9,1,61.9,1
C002985,Startup,North America,Free,Referral,6,0.0,431,13.0,1,59.0,0.376,0,18.73,7,2,62.3,0
C002986,Startup,Europe,Business,Sales,5,175.12,534,23.0,0,59.3,0.437,0,1780.49,10,0,74.6,0
C002987,Startup,North America,Free,Sales,4,0.0,391,27.0,0,18.9,0.48,1,69.6,9,2,73.4,0
C002988,Mid-Market,North America,Pro,Organic,66,80.64,343,15.0,2,43.5,0.373,1,628.99,9,3,58.9,0
C002989,SMB,LATAM,Starter,Partner,6,26.86,169,17.0,2,62.2,0.448,1,61.42,2,2,64.8,1
C002990,SMB,Europe,Business,Partner,20,222.9,848,25.0,2,0.5,0.252,1,4661.36,23,2,59.9,0
C002991,Mid-Market,North America,Pro,Organic,38,85.56,808,9.0,0,0.4,0.099,0,1674.67,19,0,46.0,0
C002992,SMB,Europe,Free,Partner,13,0.0,548,4.0,1,-1.0,0.457,1,35.12,12,1,48.7,0
C002993,Mid-Market,LATAM,Business,Paid Search,19,185.27,1184,14.0,1,-9.6,0.317,0,4379.98,25,1,54.6,0
C002994,Mid-Market,Europe,Starter,Sales,76,33.02,236,9.0,3,8.7,0.234,3,177.39000000000001,5,3,40.4,1
C002995,Startup,LATAM,Starter,Organic,5,26.1,359,17.0,2,21.9,0.354,0,281.8,11,2,60.0,0
C002996,Mid-Market,APAC,Pro,Referral,57,89.22,558,21.0,1,72.8,0.221,0,1280.88,14,1,66.2,0
C002997,Startup,North America,Pro,Sales,2,74.87,1029,14.0,2,24.1,0.462,0,2423.8,30,2,60.8,0
C002998,Mid-Market,APAC,Starter,Referral,66,30.78,963,8.0,1,-2.9,0.551,0,690.14,23,1,56.9,0
C002999,Enterprise,Europe,Starter,Organic,372,30.77,838,15.0,2,39.2,0.641,1,481.26,16,2,66.5,0
C003000,Mid-Market,APAC,Starter,Organic,75,29.31,513,12.0,1,30.3,0.581,0,581.84,18,1,64.7,0
C003001,Mid-Market,North America,Pro,Sales,77,75.06,348,5.0,0,15.4,0.343,1,553.72,9,0,49.3,0
C003002,SMB,North America,Enterprise,Organic,4,592.51,500,21.0,1,20.3,0.399,0,5556.71,10,4,66.2,0
C003003,Enterprise,North America,Starter,Organic,309,28.43,131,9.0,0,61.7,0.244,0,229.1,9,0,56.5,0
C003004,SMB,Europe,Enterprise,Sales,18,3229.06,87,15.0,0,-0.2,0.358,0,4374.44,1,0,59.1,0
C003005,Startup,APAC,Starter,Referral,2,27.4,452,25.0,1,-6.6,0.464,0,310.0,11,2,69.1,0
C003006,Mid-Market,APAC,Business,Referral,46,205.79,930,5.0,1,46.7,0.585,0,4411.25,23,1,60.2,0
C003007,Mid-Market,Europe,Enterprise,Organic,29,4051.83,604,11.0,1,19.7,0.327,0,28883.54,7,1,55.1,1
C003008,SMB,North America,Pro,Paid Search,12,71.24,853,4.0,4,73.8,0.65,0,739.09,10,4,59.5,0
C003009,SMB,North America,Free,Referral,9,0.0,561,12.0,0,31.1,0.192,1,26.27,7,0,52.6,1
C003010,SMB,APAC,Starter,Paid Search,21,32.6,299,8.0,1,32.5,0.572,0,90.32,3,2,61.1,0
C003011,Enterprise,Europe,Free,Organic,493,0.0,932,25.0,1,54.7,0.36,1,133.02,15,2,70.1,0
C003012,SMB,APAC,Pro,Organic,9,84.76,737,8.0,1,-6.8,0.508,3,733.14,9,1,49.2,1
C003013,SMB,North America,Enterprise,Partner,15,2556.08,1395,17.0,2,43.4,0.155,0,48250.08,18,2,56.2,1
C003014,Mid-Market,Europe,Starter,Organic,40,24.83,407,3.0,0,25.9,0.655,0,159.54,6,0,59.9,0
C003015,Enterprise,LATAM,Starter,Referral,82,28.74,760,12.0,0,60.7,0.761,0,354.37,13,0,74.6,0
C003016,Startup,North America,Starter,Organic,3,32.44,803,23.0,1,18.8,0.586,0,318.77,10,1,73.5,0
C003017,Mid-Market,North America,Pro,Organic,29,84.53,699,18.0,4,39.4,0.546,2,783.01,10,4,61.4,1
C003018,Mid-Market,Europe,Pro,Sales,44,83.86,1152,7.0,2,26.0,0.187,0,1896.77,23,3,46.5,0
C003019,Mid-Market,Europe,Starter,Sales,23,30.05,605,27.0,2,45.3,0.667,0,438.56,15,2,80.6,0
C003020,SMB,LATAM,Business,Partner,24,186.61,395,22.0,1,28.7,0.142,1,1682.0,9,1,58.3,0
C003021,SMB,LATAM,Free,Sales,7,0.0,960,11.0,0,41.6,0.252,0,108.77,23,0,56.5,0
C003022,Mid-Market,APAC,Pro,Organic,65,67.17,1273,27.0,0,78.8,0.462,2,1352.19,21,0,76.8,0
C003023,SMB,North America,Starter,Paid Search,8,30.54,907,5.0,1,27.9,0.514,0,460.55,15,2,56.2,0
C003024,SMB,Europe,Free,Organic,15,0.0,1177,9.0,0,45.1,0.698,0,116.71000000000001,23,0,68.5,0
C003025,Mid-Market,APAC,Pro,Paid Search,45,75.73,926,26.0,1,92.2,0.307,1,1078.25,16,2,73.1,0
C003026,Startup,Europe,Pro,Referral,2,69.14,564,27.0,1,44.7,0.158,0,925.24,12,1,66.8,0
C003027,Mid-Market,LATAM,Starter,Referral,18,32.27,1298,23.0,0,-25.9,0.319,0,987.15,29,1,62.5,0
C003028,Mid-Market,Europe,Business,Organic,33,179.51,392,5.0,0,18.3,0.425,1,250.73,1,1,52.0,1
C003029,Startup,North America,Pro,Paid Search,2,77.7,1139,6.0,0,4.9,0.175,0,2647.71,32,1,46.1,0
C003030,Startup,Europe,Starter,Sales,6,27.79,181,18.0,2,58.0,0.601,0,20.6,1,3,71.9,0
C003031,Mid-Market,APAC,Enterprise,Partner,64,9317.84,413,1.0,0,32.7,0.263,0,65519.27,7,0,47.1,0
C003032,Startup,North America,Enterprise,Organic,2,352.96,1071,27.0,0,61.6,0.591,0,9859.460000000001,28,1,83.0,0
C003033,SMB,North America,Free,Paid Search,15,0.0,655,26.0,1,50.3,0.886,1,40.34,16,1,86.3,0
C003034,Mid-Market,APAC,Enterprise,Paid Search,30,4529.38,1302,22.0,2,50.2,0.529,0,141229.34,31,2,72.5,0
C003035,Startup,North America,Business,Paid Search,3,218.52,1318,27.0,2,4.4,0.591,1,5640.22,25,3,72.3,0
C003036,SMB,North America,Free,Paid Search,10,0.0,93,6.0,1,47.6,0.281,0,0.0,4,2,52.0,1
C003037,Mid-Market,APAC,Pro,Paid Search,24,80.6,313,24.0,0,69.2,0.414,0,659.0799999999999,8,1,75.8,0
C003038,SMB,APAC,Free,Paid Search,8,0.0,1240,7.0,1,-1.2,0.398,0,141.76,25,4,51.6,1
C003039,Mid-Market,Europe,Pro,Paid Search,30,75.52,1056,3.0,0,27.1,0.829,0,1980.47,26,0,65.3,0
C003040,Enterprise,LATAM,Enterprise,Organic,85,13393.49,1178,7.0,2,43.9,0.514,0,309963.01,24,4,58.1,0
C003041,Startup,LATAM,Starter,Organic,2,27.51,895,21.0,1,37.5,0.304,0,758.44,28,2,65.1,0
C003042,SMB,Europe,Pro,Paid Search,14,69.26,1044,26.0,1,70.9,0.137,0,1640.25,24,1,67.9,0
C003043,SMB,North America,Starter,Sales,16,30.58,991,17.0,2,53.2,0.647,0,662.96,22,2,71.9,0
C003044,SMB,APAC,Pro,Referral,20,75.93,703,6.0,0,45.2,0.353,0,1283.75,18,1,55.5,0
C003045,SMB,North America,Business,Organic,17,172.41,1190,16.0,1,55.4,0.495,0,4174.66,29,2,68.2,0
C003046,Mid-Market,APAC,Starter,Paid Search,27,32.97,198,14.0,3,54.1,0.756,2,144.49,4,4,67.1,0
C003047,Startup,Europe,Pro,Partner,7,77.76,420,14.0,2,36.0,0.362,0,851.54,11,3,59.0,0
C003048,SMB,North America,Starter,Paid Search,11,24.8,373,9.0,1,26.1,0.529,0,132.1,5,1,60.0,1
C003049,SMB,Europe,Business,Partner,14,190.67,1218,3.0,0,59.8,0.559,2,4541.49,25,0,56.4,0
C003050,SMB,Europe,Pro,Sales,14,84.63,448,10.0,1,16.4,0.16,0,656.24,8,2,48.9,0
C003051,Mid-Market,LATAM,Pro,Organic,15,73.46,265,24.0,1,33.2,0.128,0,705.81,9,1,62.1,0
C003052,Enterprise,North America,Starter,Paid Search,449,24.92,1210,11.0,1,6.1,0.213,1,522.02,20,1,48.3,0
C003053,Mid-Market,LATAM,Pro,Paid Search,20,90.58,386,0.0,2,53.3,0.434,0,1061.5,12,2,50.4,0
C003054,Mid-Market,North America,Pro,Partner,65,81.85,949,9.0,1,65.8,0.332,0,1780.93,22,1,58.1,0
C003055,SMB,APAC,Pro,Organic,11,78.93,334,12.0,3,11.6,0.114,0,687.53,9,3,45.8,0
C003056,Startup,LATAM,Pro,Partner,4,85.74,776,16.0,1,31.2,0.517,0,1453.38,18,3,66.4,0
C003057,Mid-Market,North America,Business,Organic,75,187.05,313,17.0,0,23.0,0.448,0,1927.09,11,0,65.9,0
C003058,Mid-Market,North America,Starter,Referral,43,30.2,1250,11.0,0,61.9,0.506,0,606.14,22,0,66.2,0
C003059,SMB,APAC,Free,Partner,12,0.0,904,4.0,2,70.4,0.534,0,104.2,24,2,58.6,0
C003060,Mid-Market,APAC,Enterprise,Paid Search,78,11682.17,1069,12.0,1,23.0,0.165,1,53618.64,6,2,49.5,1
C003061,Startup,North America,Free,Sales,7,0.0,1105,0.0,5,-42.3,0.282,1,58.540000000000006,17,6,29.7,1
C003062,Mid-Market,Europe,Enterprise,Referral,30,4384.75,1020,14.0,2,63.8,0.39,1,96357.82,22,3,60.6,0
C003063,Enterprise,APAC,Pro,Paid Search,97,87.06,914,12.0,1,36.1,0.455,0,1989.18,24,1,61.5,0
C003064,Mid-Market,North America,Enterprise,Sales,23,3537.19,1278,9.0,1,36.2,0.452,0,110927.59,32,2,58.7,0
C003065,Startup,Europe,Pro,Referral,5,69.15,449,18.0,1,59.1,0.161,0,753.67,11,1,60.3,0
C003066,Mid-Market,Europe,Business,Organic,41,227.52,674,21.0,0,25.9,0.536,1,4538.18,18,2,70.4,0
C003067,SMB,North America,Pro,Partner,18,77.64,275,7.0,1,19.2,0.218,0,221.25,3,2,48.2,1
C003068,Mid-Market,APAC,Pro,Partner,24,71.53,452,14.0,1,26.1,0.5,0,606.73,9,2,63.6,0
C003069,Mid-Market,North America,Starter,Partner,53,27.76,1247,14.0,0,47.2,0.398,0,367.51,15,1,64.2,0
C003070,Startup,LATAM,Free,Sales,5,0.0,1360,14.0,2,57.0,0.181,0,88.33,23,2,55.6,0
C003071,Mid-Market,Europe,Starter,Paid Search,46,28.26,856,11.0,2,75.8,0.208,0,330.0,11,3,55.6,0
C003072,Enterprise,Europe,Enterprise,Organic,60,9192.58,772,5.0,1,45.1,0.526,0,188110.57,20,1,58.3,0
C003073,SMB,Europe,Starter,Paid Search,24,32.63,1117,4.0,4,31.4,0.624,2,274.79,9,4,50.4,1
C003074,Startup,Europe,Business,Referral,1,207.59,342,0.0,4,57.2,0.353,0,1775.85,9,4,45.3,0
C003075,Mid-Market,APAC,Pro,Paid Search,34,82.05,629,1.0,0,10.7,0.417,0,685.87,8,1,49.5,0
C003076,Mid-Market,Europe,Starter,Organic,31,32.9,391,22.0,0,70.5,0.244,0,346.07,10,0,69.0,0
C003077,Startup,APAC,Enterprise,Paid Search,3,428.1,1305,1.0,2,40.3,0.49,0,11924.52,27,3,51.6,0
C003078,SMB,Europe,Free,Partner,3,0.0,295,23.0,0,29.3,0.877,0,42.49,8,0,84.8,0
C003079,Startup,North America,Pro,Organic,5,82.48,1166,25.0,1,10.8,0.528,0,2128.97,24,1,72.7,0
C003080,SMB,North America,Pro,Paid Search,21,78.33,820,6.0,1,50.7,0.648,0,956.77,12,3,63.4,0
C003081,SMB,APAC,Free,Organic,4,0.0,832,12.0,0,28.0,0.193,0,179.44,22,1,54.3,0
C003082,Mid-Market,Europe,Starter,Paid Search,68,26.98,287,10.0,0,32.6,0.446,0,133.03,5,1,60.6,0
C003083,Mid-Market,Europe,Pro,Organic,15,67.51,1065,11.0,4,-6.8,0.214,1,1025.65,15,4,42.6,1
C003084,SMB,Europe,Free,Organic,8,0.0,1116,10.0,2,24.1,0.142,1,115.26,23,2,45.6,0
C003085,SMB,Europe,Business,Partner,20,202.54,975,9.0,1,20.8,0.236,0,4244.3,21,2,50.7,0
C003086,Startup,APAC,Pro,Organic,1,87.05,945,19.0,1,45.5,0.73,0,1457.86,17,1,76.9,0
C003087,SMB,Europe,Free,Organic,15,0.0,1201,11.0,1,28.3,0.294,1,203.86,34,1,53.0,0
C003088,Mid-Market,LATAM,Starter,Partner,74,32.87,1208,5.0,2,-31.2,0.301,0,335.01,10,2,42.4,1
C003089,SMB,North America,Free,Organic,9,0.0,1130,10.0,0,24.6,0.369,0,185.72,25,0,57.5,0
C003090,SMB,Europe,Business,Organic,4,185.42,792,27.0,2,-1.4,0.418,0,2683.6,13,2,68.5,0
C003091,SMB,North America,Pro,Paid Search,5,82.58,970,27.0,1,8.9,0.335,0,2206.88,26,2,68.5,0
C003092,SMB,APAC,Free,Paid Search,17,0.0,900,1.0,0,60.1,0.402,0,75.53999999999999,19,0,54.0,0
C003093,SMB,Europe,Pro,Paid Search,24,68.37,432,16.0,2,-7.2,0.318,0,495.21999999999997,7,2,55.1,0
C003094,Enterprise,Europe,Pro,Sales,83,79.21,1116,27.0,0,42.4,0.488,0,1639.36,22,0,78.0,0
C003095,SMB,APAC,Pro,Paid Search,20,85.48,159,5.0,0,22.3,0.162,0,206.13,2,0,46.6,0
C003096,SMB,Europe,Free,Partner,3,0.0,385,1.0,1,17.5,0.114,0,105.98,6,3,39.6,0
C003097,Startup,North America,Free,Sales,2,0.0,1211,5.0,1,10.5,0.531,1,79.05,14,1,52.9,0
C003098,SMB,Europe,Starter,Paid Search,19,29.43,1012,8.0,1,43.0,0.245,0,728.15,25,1,52.3,0
C003099,SMB,North America,Pro,Referral,10,69.71,1198,26.0,1,45.8,0.168,1,1306.65,18,1,64.3,0
C003100,SMB,APAC,Pro,Paid Search,23,68.91,1070,7.0,0,-8.1,0.126,1,882.47,12,0,42.2,1
C003101,SMB,APAC,Starter,Partner,4,24.74,938,9.0,0,63.8,0.473,0,689.29,28,0,63.6,0
C003102,Enterprise,APAC,Starter,Sales,384,28.24,1273,7.0,2,5.3,0.394,1,262.90999999999997,9,3,48.6,1
C003103,Startup,APAC,Pro,Organic,3,78.06,1440,10.0,1,44.7,0.25,0,2327.82,30,1,54.4,0
C003104,Startup,APAC,Free,Sales,6,0.0,833,27.0,0,5.5,0.416,0,114.88,19,0,72.1,0
C003105,SMB,Europe,Pro,Paid Search,3,88.73,458,2.0,0,23.5,0.746,0,668.15,9,0,61.5,0
C003106,SMB,North America,Starter,Partner,7,27.96,1027,12.0,0,3.0,0.254,0,391.52,16,1,53.6,0
C003107,Enterprise,North America,Starter,Paid Search,346,33.09,230,17.0,0,21.8,0.147,0,234.61,7,0,56.8,0
C003108,SMB,LATAM,Pro,Organic,3,70.9,932,3.0,4,30.0,0.486,0,798.37,11,4,49.3,0
C003109,SMB,LATAM,Starter,Organic,13,26.71,172,1.0,2,6.3,0.076,0,147.71,6,2,35.8,1
C003110,SMB,APAC,Pro,Sales,11,79.45,1123,27.0,2,42.9,0.362,0,1914.22,25,2,71.3,0
C003111,Enterprise,North America,Free,Partner,285,0.0,689,7.0,3,46.1,0.446,0,46.68,19,3,54.7,0
C003112,SMB,North America,Starter,Referral,20,29.26,369,6.0,1,100.0,0.372,1,99.25999999999999,4,1,58.0,1
C003113,Mid-Market,APAC,Pro,Organic,35,67.28,1376,9.0,1,58.2,0.536,0,2117.5,31,2,63.4,0
C003114,SMB,North America,Free,Organic,9,0.0,131,2.0,0,64.4,0.327,0,0.0,2,0,53.0,0
C003115,SMB,Europe,Pro,Paid Search,9,73.66,939,4.0,1,-9.2,0.536,1,1466.23,18,1,50.2,0
C003116,Mid-Market,North America,Business,Organic,22,187.52,748,0.0,2,-14.0,0.376,0,3113.34,16,2,41.9,0
C003117,SMB,North America,Enterprise,Paid Search,17,3052.53,562,14.0,2,27.6,0.871,0,25679.739999999998,8,3,73.4,0
C003118,Startup,Europe,Starter,Sales,7,32.36,541,12.0,1,79.7,0.767,0,249.3,8,2,75.2,0
C003119,SMB,LATAM,Starter,Referral,8,28.19,1427,7.0,0,96.9,0.67,0,605.48,23,0,71.0,0
C003120,Enterprise,APAC,Starter,Paid Search,341,27.93,220,25.0,1,17.8,0.204,1,136.77,5,3,61.7,1
C003121,SMB,Europe,Business,Paid Search,4,216.32,569,8.0,1,20.3,0.708,0,2654.09,13,2,63.9,0
C003122,Mid-Market,Europe,Starter,Partner,35,31.0,32,0.0,2,48.6,0.645,0,47.99,2,3,56.2,0
C003123,SMB,LATAM,Starter,Partner,4,25.85,786,2.0,1,30.1,0.263,2,292.34999999999997,10,1,42.2,1
C003124,SMB,Europe,Business,Partner,12,193.01,583,20.0,2,30.7,0.172,0,2279.56,13,2,58.1,0
C003125,Enterprise,Europe,Free,Paid Search,396,0.0,830,14.0,2,50.9,0.629,0,91.56,14,4,68.5,0
C003126,SMB,APAC,Pro,Organic,6,78.35,188,7.0,2,100.0,0.592,1,265.62,4,4,64.0,0
C003127,SMB,North America,Pro,Organic,24,69.58,270,6.0,0,67.6,0.419,1,138.9,2,1,57.7,0
C003128,SMB,North America,Pro,Sales,24,82.1,161,6.0,2,81.7,0.393,1,195.55,2,2,55.3,0
C003129,Enterprise,APAC,Business,Referral,162,207.16,739,11.0,1,-11.1,0.101,0,2752.63,14,1,45.2,0
C003130,Mid-Market,Europe,Starter,Sales,61,31.47,329,19.0,1,61.9,0.464,0,162.49,6,1,70.6,0
C003131,SMB,North America,Pro,Paid Search,10,81.48,947,17.0,2,11.3,0.272,0,1376.99,17,2,56.5,0
C003132,Mid-Market,North America,Pro,Paid Search,39,68.2,801,20.0,4,76.9,0.466,0,1517.98,22,4,68.5,0
C003133,SMB,LATAM,Free,Paid Search,5,0.0,373,1.0,1,68.9,0.213,0,11.69,3,2,47.7,1
C003134,Enterprise,Europe,Business,Sales,417,201.13,1344,15.0,0,50.1,0.818,1,5780.65,29,0,75.9,0
C003135,Enterprise,Europe,Business,Organic,266,193.95,444,21.0,1,16.4,0.313,0,1183.15,6,3,63.3,0
C003136,SMB,North America,Enterprise,Partner,9,1486.22,1438,5.0,1,22.9,0.147,0,49041.47,30,1,44.7,0
C003137,Mid-Market,LATAM,Pro,Organic,61,68.84,630,16.0,2,24.9,0.489,0,654.19,9,3,63.4,0
C003138,SMB,APAC,Starter,Organic,7,27.33,778,0.0,1,54.1,0.298,0,237.22,8,2,47.8,0
C003139,Enterprise,Europe,Starter,Organic,329,26.54,790,25.0,0,45.1,0.789,0,324.01,12,1,85.5,0
C003140,SMB,North America,Starter,Paid Search,5,29.73,754,20.0,1,70.5,0.472,0,455.64,14,1,72.6,0
C003141,Mid-Market,APAC,Free,Referral,40,0.0,757,17.0,0,75.3,0.739,0,48.45,19,1,79.9,0
C003142,SMB,APAC,Starter,Sales,12,27.6,878,16.0,1,13.9,0.36,1,471.83,15,2,58.0,0
C003143,SMB,APAC,Starter,Partner,6,32.04,815,18.0,3,46.9,0.393,0,794.17,27,3,63.1,0
C003144,Mid-Market,LATAM,Free,Paid Search,63,0.0,648,11.0,2,46.6,0.322,0,129.35,14,3,56.1,0
C003145,SMB,Europe,Business,Referral,18,195.69,369,27.0,3,32.6,0.819,1,1268.6399999999999,6,3,80.4,0
C003146,Mid-Market,North America,Free,Organic,74,0.0,671,5.0,3,58.5,0.486,0,33.61,14,3,55.4,1
C003147,SMB,Europe,Pro,Referral,6,67.51,542,22.0,0,47.3,0.228,0,582.83,10,1,66.2,0
C003148,Enterprise,APAC,Business,Referral,189,217.75,264,21.0,3,20.6,0.511,0,1161.16,5,3,66.6,0
C003149,SMB,North America,Pro,Paid Search,16,74.66,45,23.0,0,31.4,0.452,0,78.42,1,0,72.2,0
C003150,Mid-Market,North America,Starter,Organic,39,26.81,1305,1.0,2,26.3,0.257,0,877.48,33,2,43.2,0
C003151,Startup,APAC,Pro,Organic,5,74.73,441,12.0,1,16.8,0.671,2,1007.0,14,1,62.0,0
C003152,SMB,Europe,Business,Paid Search,4,181.06,1138,17.0,0,32.9,0.309,1,4004.82,21,0,60.7,0
C003153,SMB,APAC,Business,Sales,8,217.93,1179,17.0,0,2.6,0.567,0,3677.49,17,0,67.4,0
C003154,Mid-Market,North America,Starter,Partner,77,25.15,327,19.0,0,46.8,0.467,1,106.36,4,1,68.7,0
C003155,Mid-Market,North America,Free,Paid Search,49,0.0,1362,17.0,1,70.1,0.233,0,175.48,30,1,62.7,0
C003156,Mid-Market,North America,Pro,Paid Search,68,82.72,248,6.0,1,36.3,0.511,0,444.6,5,2,57.8,0
C003157,Startup,APAC,Starter,Referral,7,25.09,359,23.0,2,58.7,0.794,1,68.88,3,3,80.2,0
C003158,SMB,APAC,Business,Paid Search,3,200.49,38,13.0,3,38.9,0.622,1,523.6600000000001,2,4,62.7,1
C003159,Mid-Market,Europe,Pro,Organic,24,76.75,505,27.0,1,9.4,0.644,2,972.7,12,1,73.9,0
C003160,SMB,Europe,Business,Partner,21,212.46,212,14.0,1,85.2,0.237,0,568.75,3,1,61.6,0
C003161,SMB,North America,Enterprise,Paid Search,14,2495.73,1291,15.0,2,-25.6,0.558,1,86927.83,35,2,57.6,0
C003162,Enterprise,APAC,Pro,Paid Search,461,67.93,188,16.0,2,35.3,0.704,2,434.03000000000003,6,2,66.9,0
C003163,SMB,LATAM,Enterprise,Paid Search,12,1784.43,1231,24.0,2,15.8,0.31,0,33474.37,19,4,64.3,0
C003164,Mid-Market,APAC,Pro,Organic,71,82.51,1011,25.0,0,74.5,0.356,0,1610.59,20,0,75.5,0
C003165,Mid-Market,North America,Starter,Sales,76,32.97,1277,16.0,0,40.4,0.651,1,721.65,22,0,70.9,0
C003166,SMB,Europe,Business,Referral,15,226.0,886,15.0,0,98.9,0.357,1,5341.389999999999,24,0,67.0,0
C003167,Mid-Market,North America,Pro,Sales,15,90.76,389,1.0,1,35.9,0.376,0,813.45,9,2,49.3,0
C003168,Startup,North America,Enterprise,Sales,5,882.82,1077,1.0,4,16.0,0.569,0,19298.86,21,4,48.6,0
C003169,SMB,North America,Starter,Paid Search,24,25.68,285,20.0,3,-7.8,0.585,1,259.02,9,3,63.1,0
C003170,Startup,North America,Starter,Paid Search,7,31.7,593,9.0,0,62.7,0.245,0,331.97,11,1,56.7,0
C003171,SMB,North America,Business,Partner,23,179.01,561,12.0,1,14.1,0.422,0,3086.11,16,1,58.3,0
C003172,Startup,APAC,Free,Organic,7,0.0,118,17.0,1,24.5,0.391,0,14.54,3,1,62.9,0
C003173,Mid-Market,North America,Pro,Sales,21,80.71,843,6.0,1,65.7,0.327,1,1810.98,24,1,53.2,0
C003174,SMB,APAC,Pro,Organic,7,81.99,968,9.0,0,61.3,0.484,1,2199.11,28,0,61.7,0
C003175,SMB,LATAM,Starter,Paid Search,20,25.74,38,1.0,1,19.8,0.531,0,68.36,3,1,52.3,1
C003176,Startup,Europe,Starter,Partner,4,31.28,664,21.0,1,23.6,0.255,0,415.77,12,2,62.3,0
C003177,Mid-Market,Europe,Business,Sales,60,173.33,582,14.0,2,-8.9,0.266,0,2889.74,15,2,51.6,0
C003178,SMB,APAC,Free,Partner,5,0.0,1037,5.0,5,-16.4,0.122,0,59.19,14,5,34.0,1
C003179,SMB,North America,Business,Partner,20,199.96,1152,16.0,0,54.1,0.792,0,2400.52,13,1,78.5,0
C003180,Mid-Market,Europe,Business,Paid Search,50,188.58,1218,4.0,0,56.9,0.729,1,6248.46,37,2,64.1,0
C003181,Startup,Europe,Pro,Partner,4,71.84,1141,21.0,2,43.9,0.468,0,1360.2,19,2,69.2,0
C003182,Mid-Market,APAC,Starter,Referral,44,32.69,1181,6.0,2,39.7,0.888,0,743.94,21,2,68.0,0
C003183,Mid-Market,APAC,Free,Paid Search,18,0.0,393,7.0,0,17.3,0.473,0,21.240000000000002,10,1,57.2,0
C003184,SMB,APAC,Business,Referral,9,202.36,1378,24.0,0,71.7,0.084,0,5215.2300000000005,28,0,66.1,0
C003185,SMB,APAC,Free,Organic,15,0.0,560,20.0,0,-9.6,0.568,0,0.0,11,1,68.9,0
C003186,Enterprise,Europe,Starter,Paid Search,183,32.17,103,19.0,1,23.3,0.42,0,149.51,5,3,65.4,0
C003187,Enterprise,APAC,Enterprise,Sales,375,59411.3,366,16.0,1,39.0,0.285,0,551244.48,9,1,60.2,0
C003188,Mid-Market,APAC,Starter,Paid Search,52,33.02,884,14.0,1,35.0,0.648,0,786.2,23,2,68.9,0
C003189,SMB,Europe,Starter,Partner,24,26.64,1376,5.0,1,34.9,0.218,0,716.53,27,1,48.0,0
C003190,Startup,LATAM,Enterprise,Paid Search,1,173.36,268,8.0,2,22.0,0.513,0,1484.41,9,2,56.7,0
C003191,SMB,APAC,Free,Sales,13,0.0,1456,26.0,1,48.5,0.177,0,197.35999999999999,32,2,66.9,0
C003192,Enterprise,Europe,Starter,Organic,454,33.35,486,25.0,2,4.6,0.421,0,245.98,7,2,67.4,0
C003193,SMB,North America,Starter,Organic,16,32.08,501,20.0,1,31.4,0.708,0,113.28,4,3,75.7,0
C003194,Startup,North America,Business,Referral,7,228.13,1186,24.0,1,45.8,0.647,0,6146.7,26,1,78.9,0
C003195,SMB,APAC,Business,Partner,20,210.58,402,22.0,2,26.7,0.475,0,1906.5700000000002,9,2,68.6,0
C003196,Mid-Market,North America,Business,Paid Search,41,203.48,1210,11.0,1,35.1,0.167,0,5091.02,24,1,51.8,0
C003197,Mid-Market,Europe,Enterprise,Paid Search,35,5502.85,1138,20.0,2,40.4,0.778,1,118206.39,20,3,75.2,0
C003198,Startup,Europe,Free,Paid Search,7,0.0,299,21.0,0,-9.0,0.258,0,29.02,5,0,60.6,0
C003199,Startup,APAC,Pro,Sales,3,84.13,60,3.0,2,-6.7,0.354,0,83.56,1,2,44.6,1
C003200,Enterprise,APAC,Free,Partner,247,0.0,1082,25.0,3,38.3,0.323,0,139.98,22,4,66.3,0
C003201,Startup,APAC,Enterprise,Sales,6,892.56,143,13.0,1,19.8,0.266,1,2458.2,2,1,53.1,0
C003202,Enterprise,Europe,Enterprise,Sales,427,66917.62,155,8.0,0,21.3,0.339,0,159845.41,2,0,54.4,0
C003203,Enterprise,North America,Starter,Paid Search,444,32.02,360,13.0,0,49.2,0.381,1,203.09,7,0,61.0,0
C003204,SMB,Europe,Business,Partner,23,170.25,1260,9.0,0,10.3,0.725,0,1684.72,10,0,65.8,1
C003205,SMB,North America,Pro,Partner,22,71.21,1032,9.0,1,-25.3,0.465,1,1346.28,17,1,51.0,0
C003206,SMB,Europe,Free,Referral,5,0.0,491,15.0,0,76.4,0.458,0,29.37,10,0,69.8,0
C003207,Startup,LATAM,Pro,Partner,7,79.23,32,27.0,2,65.2,0.517,0,155.89999999999998,2,3,78.1,0
C003208,Startup,Europe,Enterprise,Organic,3,465.57,296,11.0,1,64.9,0.49,1,1137.13,2,2,62.5,0
C003209,Enterprise,Europe,Starter,Sales,75,24.98,860,6.0,2,7.0,0.706,0,432.03,17,3,59.2,1
C003210,SMB,Europe,Free,Partner,3,0.0,1124,21.0,0,33.1,0.134,0,58.97,10,0,61.1,0
C003211,SMB,APAC,Enterprise,Referral,12,2015.3,87,8.0,1,3.3,0.197,0,5230.719999999999,2,1,46.9,0
C003212,SMB,Europe,Starter,Paid Search,23,25.77,1066,15.0,0,33.5,0.035,0,519.64,19,0,52.8,0
C003213,Startup,Europe,Starter,Paid Search,7,30.39,971,7.0,0,26.3,0.127,0,492.5,16,0,47.7,0
C003214,SMB,North America,Pro,Partner,10,89.76,81,5.0,4,8.0,0.633,0,279.46,3,4,53.3,0
C003215,Enterprise,Europe,Pro,Referral,69,80.16,657,7.0,0,47.6,0.221,0,1013.37,13,0,52.6,0
C003216,Mid-Market,North America,Starter,Organic,18,26.6,1082,9.0,1,28.5,0.218,0,692.81,26,1,50.9,0
C003217,Startup,Europe,Free,Paid Search,1,0.0,1453,26.0,4,78.1,0.323,0,53.95,21,5,69.7,0
C003218,Startup,APAC,Business,Referral,7,178.08,846,18.0,1,37.1,0.664,1,2379.96,14,1,71.2,1
C003219,Enterprise,North America,Pro,Sales,264,71.87,51,19.0,0,-28.7,0.446,0,88.94,1,1,62.5,0
C003220,Enterprise,Europe,Pro,Organic,151,84.77,842,1.0,1,-10.3,0.384,0,1639.7,21,1,44.9,0
C003221,SMB,North America,Business,Organic,3,221.06,460,0.0,0,87.4,0.478,0,3083.27,14,0,58.1,0
C003222,Enterprise,North America,Free,Paid Search,153,0.0,1099,9.0,1,26.0,0.652,0,105.59,22,1,63.7,0
C003223,Enterprise,North America,Business,Organic,104,202.16,351,24.0,2,41.0,0.548,0,1422.92,7,2,74.0,0
C003224,Startup,North America,Business,Organic,1,202.76,351,0.0,1,35.2,0.239,0,1089.22,5,1,44.2,0
C003225,Startup,LATAM,Enterprise,Paid Search,3,513.91,591,21.0,1,70.4,0.631,0,2124.65,4,1,78.2,0
C003226,Startup,LATAM,Starter,Partner,7,26.11,357,22.0,2,-12.7,0.512,0,121.41,5,3,65.7,0
C003227,SMB,APAC,Starter,Paid Search,12,25.35,633,7.0,1,68.2,0.734,0,297.56,14,1,68.6,0
C003228,Mid-Market,Europe,Pro,Paid Search,71,84.5,920,3.0,3,66.5,0.378,0,1257.6000000000001,15,4,51.2,0
C003229,Startup,APAC,Enterprise,Sales,2,362.62,405,4.0,1,35.2,0.31,1,3003.35,8,1,47.9,0
C003230,Mid-Market,APAC,Enterprise,Paid Search,15,2724.87,266,2.0,2,45.3,0.575,0,8334.18,3,2,55.6,0
C003231,Mid-Market,Europe,Starter,Referral,50,31.81,258,23.0,0,25.7,0.429,0,357.03999999999996,12,0,71.0,0
C003232,Startup,North America,Pro,Organic,6,89.0,1156,22.0,1,-7.1,0.358,1,1904.61,21,1,61.2,0
C003233,SMB,APAC,Starter,Referral,4,26.73,493,18.0,1,49.5,0.488,2,366.4,14,1,65.2,0
C003234,Startup,LATAM,Pro,Referral,6,67.81,1454,2.0,1,41.2,0.767,1,2267.82,34,3,60.4,0
C003235,Mid-Market,North America,Business,Organic,54,179.97,643,26.0,2,41.7,0.262,0,1971.82,11,2,67.2,0
C003236,Startup,Europe,Business,Partner,1,205.36,644,19.0,2,47.1,0.25,0,548.69,3,2,61.2,1
C003237,SMB,North America,Starter,Partner,17,29.23,941,23.0,1,19.9,0.519,1,647.63,22,2,69.6,0
C003238,SMB,North America,Enterprise,Paid Search,6,1092.62,39,10.0,1,72.3,0.331,0,1413.05,1,1,59.6,0
C003239,Startup,APAC,Free,Referral,3,0.0,198,5.0,0,35.2,0.428,0,0.0,6,1,55.8,1
C003240,Mid-Market,North America,Pro,Paid Search,20,72.25,1405,23.0,2,48.5,0.731,0,1779.29,24,2,79.3,0
C003241,SMB,LATAM,Pro,Paid Search,17,67.55,1162,1.0,0,28.2,0.204,1,1628.6,25,0,42.8,0
C003242,SMB,APAC,Pro,Sales,8,73.0,1163,5.0,2,61.3,0.457,1,1494.95,21,3,54.3,0
C003243,SMB,North America,Business,Organic,7,193.16,177,4.0,1,37.6,0.088,0,1593.22,9,1,43.5,0
C003244,Startup,APAC,Pro,Organic,7,75.91,718,2.0,2,32.9,0.375,1,426.67,5,3,46.3,1
C003245,SMB,APAC,Free,Organic,12,0.0,418,15.0,1,65.2,0.255,0,44.019999999999996,5,1,61.1,0
C003246,Enterprise,Europe,Starter,Sales,226,29.69,302,6.0,0,-8.1,0.466,0,294.61,10,0,53.5,0
C003247,Mid-Market,Europe,Pro,Organic,66,73.72,363,27.0,3,28.0,0.563,1,613.89,8,3,72.3,0
C003248,Startup,APAC,Pro,Organic,3,68.51,1333,26.0,1,19.7,0.242,0,1832.57,27,3,65.9,0
C003249,Startup,Europe,Pro,Partner,5,76.62,1260,4.0,2,44.3,0.383,0,2101.26,27,3,51.5,0
C003250,Startup,North America,Starter,Referral,3,32.73,895,23.0,3,42.9,0.344,0,504.96,16,4,65.6,1
C003251,Enterprise,North America,Free,Paid Search,154,0.0,977,1.0,0,34.7,0.616,0,139.3,24,2,57.8,0
C003252,Mid-Market,North America,Business,Sales,27,181.35,392,8.0,1,17.1,0.648,1,1167.19,7,1,59.8,0
C003253,SMB,APAC,Pro,Organic,15,71.5,1237,18.0,0,34.4,0.328,1,1592.13,23,0,62.4,0
C003254,SMB,North America,Pro,Partner,15,82.73,929,5.0,0,43.1,0.689,1,1398.55,16,2,62.4,1
C003255,Enterprise,Europe,Pro,Partner,476,88.28,1122,2.0,0,30.5,0.438,0,1748.8400000000001,19,0,53.0,0
C003256,SMB,Europe,Starter,Paid Search,9,29.32,1190,4.0,3,62.7,0.33,0,746.18,26,4,50.2,0
C003257,Mid-Market,APAC,Starter,Sales,32,29.77,1213,18.0,0,50.3,0.205,0,393.01,13,0,62.3,1
C003258,SMB,Europe,Free,Partner,7,0.0,1181,6.0,2,35.5,0.428,0,173.4,30,2,53.7,0
C003259,Mid-Market,LATAM,Pro,Organic,19,82.67,653,6.0,2,-23.7,0.417,0,1345.9,15,3,47.5,0
C003260,Enterprise,LATAM,Starter,Organic,337,32.55,874,5.0,2,29.5,0.849,0,525.7,17,3,64.9,0
C003261,Enterprise,North America,Starter,Organic,159,30.29,838,24.0,1,50.8,0.707,0,582.4399999999999,20,1,81.2,0
C003262,Startup,APAC,Enterprise,Sales,3,425.4,775,24.0,0,28.0,0.634,2,7580.62,17,1,74.2,0
C003263,SMB,North America,Starter,Organic,4,32.66,401,22.0,2,42.6,0.601,0,415.95,12,2,73.9,0
C003264,Startup,APAC,Pro,Sales,2,76.86,228,0.0,0,29.4,0.601,0,167.39,2,0,56.0,0
C003265,SMB,Europe,Starter,Organic,22,24.72,708,7.0,0,40.8,0.205,0,254.57999999999998,9,0,51.5,0
C003266,SMB,North America,Starter,Sales,21,29.88,542,24.0,0,70.0,0.518,0,536.74,16,0,79.0,0
C003267,Mid-Market,North America,Free,Referral,42,0.0,404,15.0,1,54.7,0.551,0,85.35,8,2,68.9,0
C003268,SMB,Europe,Business,Organic,18,207.45,473,1.0,2,2.6,0.696,1,1708.63,9,2,52.0,0
C003269,Mid-Market,APAC,Pro,Organic,74,67.7,1269,6.0,1,-6.5,0.364,0,1401.37,22,1,49.1,0
C003270,SMB,APAC,Pro,Referral,11,79.64,55,23.0,0,46.1,0.222,0,0.0,0,1,66.8,0
C003271,Startup,North America,Enterprise,Organic,1,172.5,1225,24.0,0,64.2,0.642,0,5788.45,34,1,82.1,0
C003272,Startup,North America,Free,Organic,1,0.0,872,11.0,1,-6.5,0.423,0,174.38,26,2,55.4,0
C003273,Mid-Market,Europe,Pro,Referral,35,72.5,527,4.0,0,29.8,0.037,1,859.28,11,0,40.7,0
C003274,SMB,Europe,Free,Sales,24,0.0,884,2.0,2,94.3,0.352,1,0.0,5,2,51.8,1
C003275,Mid-Market,North America,Pro,Referral,63,68.49,1113,6.0,0,28.3,0.571,1,1872.61,28,0,58.3,0
C003276,Enterprise,North America,Business,Sales,276,171.96,140,22.0,2,98.1,0.81,0,660.28,3,3,85.8,0
C003277,SMB,APAC,Free,Partner,11,0.0,1358,23.0,1,14.4,0.552,0,146.09,30,1,72.0,0
C003278,SMB,Europe,Enterprise,Referral,24,3621.86,1109,7.0,2,18.8,0.514,1,76039.15,20,2,53.6,0
C003279,SMB,APAC,Pro,Paid Search,13,88.83,41,27.0,0,17.4,0.498,0,80.52,1,1,75.8,0
C003280,Enterprise,Europe,Starter,Referral,360,31.7,417,24.0,3,3.0,0.408,0,207.28,7,4,64.5,0
C003281,Startup,Europe,Free,Partner,3,0.0,1336,27.0,3,-7.3,0.495,1,112.19,24,4,66.7,0
C003282,Startup,Europe,Pro,Partner,1,78.36,381,21.0,0,29.5,0.371,0,592.61,8,0,67.8,0
C003283,SMB,North America,Pro,Sales,18,86.43,74,16.0,1,38.6,0.605,2,438.12,5,2,65.8,0
C003284,Startup,North America,Starter,Paid Search,2,31.25,1321,27.0,0,17.1,0.159,0,612.48,21,1,65.6,0
C003285,Mid-Market,LATAM,Pro,Partner,52,82.13,868,19.0,0,23.1,0.494,0,1534.07,19,0,69.1,0
C003286,SMB,APAC,Free,Paid Search,5,0.0,791,23.0,5,71.2,0.519,0,74.82,20,6,70.7,0
C003287,Startup,APAC,Enterprise,Organic,4,715.47,1273,11.0,3,59.3,0.331,0,16634.33,24,4,56.2,0
C003288,Startup,North America,Starter,Paid Search,2,25.42,1174,6.0,2,28.5,0.342,0,393.90999999999997,14,4,50.5,0
C003289,Startup,North America,Pro,Sales,1,71.97,1212,16.0,1,45.7,0.836,1,1956.04,28,1,75.4,0
C003290,SMB,North America,Business,Paid Search,5,188.17,1195,11.0,0,-5.9,0.416,0,6859.43,35,1,56.7,0
C003291,Startup,LATAM,Pro,Partner,3,75.88,883,9.0,0,41.7,0.38,0,1069.19,14,0,58.6,0
C003292,SMB,APAC,Business,Partner,6,176.7,797,19.0,1,33.4,0.078,0,2355.95,14,2,56.1,0
C003293,Mid-Market,Europe,Enterprise,Sales,38,6347.14,1120,17.0,1,25.6,0.694,0,143144.5,23,2,72.1,0
C003294,Enterprise,LATAM,Starter,Referral,196,28.25,1047,8.0,0,35.8,0.444,0,565.61,21,1,59.0,0
C003295,SMB,North America,Starter,Organic,24,26.77,1186,6.0,1,31.8,0.535,0,633.76,25,1,58.1,0
C003296,SMB,Europe,Pro,Paid Search,7,87.48,322,15.0,0,2.2,0.226,0,738.6,9,1,55.4,0
C003297,SMB,North America,Free,Referral,4,0.0,1158,9.0,0,77.0,0.68,0,112.23,23,0,71.1,0
C003298,Startup,North America,Pro,Organic,4,74.71,163,6.0,1,58.8,0.546,0,131.32999999999998,2,1,61.1,0
C003299,SMB,LATAM,Free,Paid Search,19,0.0,690,6.0,1,25.3,0.656,0,103.56,17,1,61.1,0
C003300,Mid-Market,APAC,Enterprise,Paid Search,59,9352.84,313,18.0,0,-9.0,0.113,0,30686.4,4,0,53.6,0
C003301,SMB,North America,Pro,Organic,7,77.08,550,11.0,0,-26.4,0.198,1,1350.85,17,2,46.1,0
C003302,SMB,North America,Pro,Sales,4,84.21,1080,9.0,0,85.1,0.088,0,1967.05,25,0,54.2,0
C003303,SMB,Europe,Starter,Sales,6,32.79,601,3.0,2,30.7,0.453,1,238.3,7,3,49.3,0
C003304,SMB,North America,Enterprise,Referral,21,3573.98,1068,1.0,1,54.1,0.465,1,77852.73,22,3,51.8,0
C003305,SMB,Europe,Business,Organic,21,223.76,1291,19.0,4,11.3,0.335,0,6311.86,28,5,57.1,0
C003306,SMB,Europe,Business,Sales,21,228.5,1096,27.0,1,27.3,0.688,0,6090.19,27,1,81.0,0
C003307,SMB,North America,Business,Partner,14,219.17,1066,9.0,1,28.6,0.709,0,5377.78,25,2,65.7,0
C003308,Startup,North America,Free,Sales,6,0.0,1267,23.0,0,41.0,0.567,0,79.45,22,0,76.6,0
C003309,Enterprise,North America,Free,Organic,57,0.0,1427,16.0,2,37.2,0.238,0,129.7,24,2,57.1,0
C003310,SMB,LATAM,Starter,Organic,16,27.98,111,8.0,0,11.9,0.749,1,25.66,1,0,63.8,0
C003311,SMB,North America,Pro,Partner,16,83.51,726,15.0,1,11.7,0.216,0,1272.55,14,1,54.5,0
C003312,Enterprise,Europe,Pro,Sales,119,78.23,886,3.0,0,33.0,0.272,0,2031.99,25,0,49.1,0
C003313,SMB,North America,Starter,Organic,8,29.05,131,9.0,1,-8.9,0.53,1,118.78,4,1,54.5,0
C003314,SMB,APAC,Enterprise,Paid Search,16,2782.94,1139,20.0,0,14.4,0.198,0,83807.24,29,1,60.2,0
C003315,SMB,North America,Free,Partner,23,0.0,884,23.0,1,31.1,0.372,0,46.55,13,1,68.3,1
C003316,SMB,North America,Business,Sales,8,182.44,250,6.0,0,44.9,0.239,0,647.75,4,0,52.0,0
C003317,Mid-Market,APAC,Pro,Referral,76,81.6,557,25.0,2,72.6,0.508,0,753.9300000000001,10,4,76.8,0
C003318,Mid-Market,APAC,Starter,Sales,60,33.1,890,16.0,3,23.1,0.258,0,489.14,15,3,54.8,0
C003319,Mid-Market,North America,Free,Partner,57,0.0,1095,6.0,1,35.9,0.276,2,75.06,16,1,46.7,1
C003320,SMB,North America,Pro,Referral,4,67.99,1410,21.0,1,-11.7,0.552,1,1821.15,27,3,65.6,0
C003321,SMB,LATAM,Business,Paid Search,16,219.87,1339,24.0,0,43.4,0.127,1,6190.25,29,0,62.6,0
C003322,Startup,North America,Starter,Organic,4,32.27,1229,7.0,1,12.3,0.732,0,625.22,19,1,62.9,0
C003323,SMB,North America,Pro,Referral,9,73.59,336,2.0,1,27.3,0.322,1,270.05,4,2,45.7,0
C003324,Mid-Market,Europe,Pro,Partner,41,90.11,546,7.0,2,46.9,0.355,1,666.98,9,2,51.6,0
C003325,Mid-Market,North America,Starter,Paid Search,41,28.38,841,21.0,3,47.9,0.606,0,324.98,12,3,72.2,0
C003326,Mid-Market,Europe,Pro,Organic,66,84.9,341,1.0,0,-1.3,0.277,0,705.48,9,0,44.1,0
C003327,SMB,APAC,Starter,Referral,6,25.01,1231,8.0,1,55.0,0.571,0,726.8,32,2,63.3,0
C003328,Mid-Market,Europe,Business,Referral,19,178.9,1159,8.0,1,34.0,0.926,0,2809.28,16,1,71.8,0
C003329,SMB,Europe,Pro,Paid Search,15,76.87,899,0.0,2,66.7,0.28,0,1967.79,26,2,47.1,0
C003330,SMB,Europe,Free,Sales,17,0.0,149,16.0,2,71.5,0.419,0,23.4,5,3,66.0,0
C003331,SMB,APAC,Business,Paid Search,22,204.33,582,22.0,0,75.2,0.558,0,3796.1000000000004,17,0,78.9,0
C003332,Mid-Market,North America,Starter,Organic,29,26.9,244,4.0,1,-0.6,0.616,0,168.63,7,1,55.5,1
C003333,Mid-Market,North America,Enterprise,Organic,42,6277.34,1106,24.0,1,45.1,0.516,0,113911.91,18,1,74.9,0
C003334,SMB,APAC,Pro,Paid Search,7,83.03,247,26.0,0,-4.4,0.282,0,473.2,6,0,66.2,0
C003335,SMB,North America,Free,Organic,12,0.0,1357,24.0,1,67.5,0.16,1,109.44,23,2,64.5,0
C003336,Enterprise,North America,Business,Referral,438,182.12,1135,20.0,0,71.1,0.216,0,3326.71,18,0,66.4,0
C003337,Startup,North America,Free,Referral,3,0.0,713,12.0,0,59.5,0.77,3,65.52,14,0,68.8,0
C003338,SMB,APAC,Business,Paid Search,9,188.91,1388,5.0,0,24.4,0.11,0,4393.08,24,0,45.2,0
C003339,SMB,North America,Enterprise,Sales,18,2718.84,233,25.0,2,48.6,0.574,0,12035.73,5,2,76.4,0
C003340,Mid-Market,APAC,Pro,Sales,59,89.07,220,14.0,0,21.2,0.349,1,610.66,6,0,58.1,0
C003341,Mid-Market,APAC,Pro,Paid Search,72,84.86,686,12.0,0,35.3,0.318,0,1465.16,17,0,58.8,0
C003342,Mid-Market,Europe,Pro,Organic,60,73.52,1023,10.0,1,32.7,0.308,0,1370.21,19,1,54.9,0
C003343,Mid-Market,North America,Starter,Organic,73,32.9,1319,6.0,0,-15.0,0.251,1,617.66,19,0,44.4,1
C003344,SMB,APAC,Free,Partner,19,0.0,575,10.0,1,14.8,0.629,0,77.46,15,1,62.8,0
C003345,SMB,North America,Enterprise,Paid Search,15,2653.18,692,22.0,2,91.8,0.465,0,23464.61,8,4,74.8,0
C003346,Startup,LATAM,Starter,Partner,2,31.02,374,15.0,0,32.8,0.306,0,390.65,12,0,60.9,0
C003347,Startup,APAC,Starter,Partner,3,31.34,599,11.0,1,39.0,0.653,0,492.96,16,1,66.8,0
C003348,Mid-Market,North America,Starter,Partner,24,28.77,1277,3.0,2,34.8,0.067,0,434.32,15,3,40.2,0
C003349,Enterprise,APAC,Enterprise,Organic,468,70150.6,1286,11.0,2,24.7,0.33,0,2174231.76,31,2,54.2,0
C003350,SMB,Europe,Enterprise,Organic,20,3218.94,344,6.0,1,35.9,0.596,0,29903.35,10,1,60.3,0
C003351,Startup,Europe,Starter,Paid Search,5,31.28,1233,11.0,1,24.8,0.699,0,750.22,24,1,66.8,0
C003352,Startup,Europe,Starter,Referral,2,27.96,118,4.0,2,-22.1,0.144,1,40.55,2,2,35.7,1
C003353,Enterprise,Europe,Business,Partner,164,188.71,1309,26.0,3,54.7,0.334,0,4769.1,24,5,69.2,0
C003354,Mid-Market,APAC,Starter,Partner,19,25.95,419,4.0,2,75.3,0.424,0,105.98,5,2,55.8,0
C003355,Enterprise,APAC,Enterprise,Partner,263,45360.23,66,3.0,3,5.9,0.217,0,29223.91,1,4,40.3,1
C003356,Startup,North America,Enterprise,Paid Search,4,670.56,830,18.0,0,24.7,0.623,0,10593.17,16,1,72.2,0
C003357,SMB,Europe,Business,Organic,19,201.59,1379,9.0,3,72.5,0.469,0,5499.21,24,3,59.9,0
C003358,SMB,APAC,Free,Organic,18,0.0,207,27.0,1,15.7,0.332,1,69.75,9,2,67.1,0
C003359,SMB,Europe,Pro,Organic,10,80.29,1193,11.0,1,44.7,0.131,0,1722.43,22,1,51.7,0
C003360,Mid-Market,Europe,Enterprise,Organic,24,3322.0,706,18.0,0,100.0,0.487,0,46409.39,14,1,75.7,0
C003361,SMB,North America,Starter,Paid Search,19,25.97,53,23.0,0,50.8,0.363,0,34.32,1,2,71.5,0
C003362,Enterprise,APAC,Business,Referral,353,186.83,395,27.0,0,36.7,0.523,0,1137.85,6,1,78.5,0
C003363,SMB,North America,Starter,Organic,15,25.51,1394,22.0,1,57.0,0.283,0,664.49,27,3,67.3,0
C003364,SMB,North America,Enterprise,Organic,8,1097.96,287,16.0,1,54.4,0.767,0,2575.44,3,2,76.2,0
C003365,SMB,Europe,Pro,Organic,16,72.51,1230,22.0,1,18.4,0.206,0,1701.5900000000001,23,1,61.2,0
C003366,Mid-Market,North America,Free,Organic,34,0.0,389,7.0,2,-8.4,0.198,0,35.17,8,3,43.4,1
C003367,Startup,North America,Pro,Organic,7,67.3,573,24.0,1,49.8,0.168,1,1134.41,16,2,62.9,0
C003368,SMB,North America,Free,Organic,10,0.0,1049,24.0,3,53.6,0.202,0,126.89,19,5,63.3,0
C003369,Mid-Market,APAC,Starter,Organic,33,29.61,855,10.0,0,27.6,0.821,2,571.0,19,0,67.3,0
C003370,Mid-Market,LATAM,Enterprise,Sales,31,4283.66,1292,1.0,0,76.1,0.45,0,91936.33,23,0,57.0,0
C003371,SMB,Europe,Starter,Paid Search,23,28.29,49,19.0,0,71.1,0.257,0,38.64,1,0,66.8,0
C003372,Mid-Market,North America,Enterprise,Organic,43,7146.51,1120,2.0,0,54.4,0.228,0,211296.84,30,1,49.1,0
C003373,Enterprise,APAC,Free,Paid Search,433,0.0,1019,0.0,0,28.0,0.346,0,49.47,10,0,48.2,1
C003374,Mid-Market,North America,Pro,Organic,58,69.7,741,26.0,1,-17.3,0.292,0,730.9300000000001,12,1,63.7,0
C003375,Mid-Market,LATAM,Enterprise,Partner,30,4230.01,499,15.0,2,30.6,0.523,0,50757.42,12,3,64.1,0
C003376,SMB,Europe,Pro,Paid Search,9,85.03,738,18.0,2,-10.9,0.545,0,1039.19,12,4,63.3,0
C003377,SMB,North America,Business,Sales,6,174.3,738,24.0,2,-23.9,0.173,0,2232.55,13,2,56.2,0
C003378,Mid-Market,Europe,Enterprise,Sales,18,2984.71,627,26.0,3,51.2,0.403,0,23605.3,9,3,70.9,0
C003379,SMB,North America,Pro,Referral,10,74.26,234,26.0,2,64.3,0.548,1,289.3,3,2,76.1,0
C003380,Mid-Market,APAC,Business,Organic,31,204.84,896,3.0,1,-13.8,0.598,0,1419.98,7,2,52.7,1
C003381,Mid-Market,North America,Free,Paid Search,70,0.0,271,9.0,0,28.6,0.515,1,34.24,7,0,59.3,0
C003382,Mid-Market,APAC,Starter,Paid Search,23,29.22,335,21.0,2,34.6,0.08,1,287.33,10,3,54.6,0
C003383,SMB,APAC,Starter,Referral,6,31.79,86,0.0,4,27.7,0.433,0,67.58,2,5,44.8,0
C003384,Startup,APAC,Business,Organic,5,215.64,155,6.0,1,0.5,0.619,1,1519.6399999999999,6,1,55.5,0
C003385,SMB,APAC,Pro,Partner,14,79.77,319,14.0,1,68.3,0.599,1,332.48,4,1,68.8,0
C003386,Enterprise,North America,Pro,Paid Search,399,72.18,1108,9.0,2,1.2,0.181,1,1398.26,20,3,43.6,0
C003387,Mid-Market,Europe,Enterprise,Paid Search,22,3791.95,353,4.0,2,-13.7,0.241,0,10626.0,3,2,41.4,1
C003388,Mid-Market,APAC,Free,Paid Search,30,0.0,407,25.0,1,0.6,0.904,0,23.01,6,1,83.0,1
C003389,Startup,North America,Enterprise,Paid Search,4,598.89,1047,12.0,0,47.0,0.541,0,11386.94,19,0,66.6,0
C003390,Enterprise,North America,Free,Partner,325,0.0,491,11.0,1,28.3,0.371,0,37.95,11,1,57.3,0
C003391,Startup,North America,Starter,Partner,2,29.28,1099,18.0,1,15.7,0.288,1,826.52,30,1,57.8,0
C003392,SMB,North America,Pro,Organic,3,88.58,712,18.0,1,48.2,0.151,1,1664.12,18,1,56.9,0
C003393,SMB,APAC,Starter,Organic,17,28.39,321,13.0,1,43.3,0.361,2,168.37,6,1,56.3,1
C003394,Startup,Europe,Pro,Referral,3,77.9,1191,24.0,6,-22.7,0.521,0,1821.61,23,6,60.8,0
C003395,Enterprise,APAC,Business,Paid Search,121,190.54,979,8.0,3,47.9,0.47,0,4325.19,22,3,56.5,0
C003396,SMB,LATAM,Business,Partner,11,191.79,323,24.0,0,64.5,0.405,0,696.89,4,0,75.0,0
C003397,Enterprise,North America,Starter,Paid Search,435,27.62,812,24.0,2,31.9,0.395,0,678.2,24,3,68.5,0
C003398,Startup,APAC,Starter,Partner,1,31.24,87,0.0,1,29.1,0.343,0,69.78999999999999,2,3,46.7,0
C003399,SMB,North America,Free,Partner,15,0.0,1449,21.0,3,82.3,0.353,1,131.65,34,3,66.1,0
C003400,Enterprise,North America,Pro,Organic,105,72.44,428,4.0,4,17.3,0.49,0,996.57,14,5,49.0,0
C003401,Startup,North America,Free,Paid Search,6,0.0,296,13.0,0,30.9,0.072,0,29.23,4,1,51.9,0
C003402,Enterprise,North America,Starter,Paid Search,479,33.16,148,25.0,0,43.3,0.335,0,73.19,2,1,71.7,0
C003403,Mid-Market,Europe,Business,Organic,68,199.94,1236,5.0,0,36.2,0.324,0,2579.48,15,0,52.8,0
C003404,SMB,Europe,Enterprise,Referral,12,1723.66,53,15.0,0,28.2,0.333,0,1070.36,1,2,61.2,0
C003405,SMB,North America,Business,Organic,17,175.08,900,21.0,0,37.2,0.638,2,2788.48,19,0,72.6,0
C003406,Startup,North America,Free,Organic,1,0.0,957,13.0,0,74.2,0.563,1,149.82,20,1,68.9,0
C003407,SMB,Europe,Pro,Referral,3,85.65,952,2.0,1,55.2,0.609,0,1317.03,16,1,59.1,0
C003408,SMB,North America,Starter,Referral,17,30.87,548,1.0,1,33.1,0.663,0,319.02,11,1,57.6,0
C003409,Mid-Market,APAC,Starter,Organic,49,32.44,518,14.0,0,13.4,0.217,0,529.22,16,0,55.4,0
C003410,Mid-Market,LATAM,Starter,Partner,30,28.26,783,0.0,3,16.7,0.424,0,117.54,5,5,44.9,1
C003411,Startup,APAC,Enterprise,Organic,5,904.26,1359,0.0,2,58.8,0.365,0,16598.260000000002,19,2,48.8,0
C003412,Enterprise,Europe,Pro,Referral,417,83.33,50,26.0,0,-4.8,0.761,0,60.97,1,0,80.6,1
C003413,SMB,Europe,Starter,Paid Search,7,31.15,1143,14.0,3,95.1,0.368,1,568.4,18,3,61.6,0
C003414,Mid-Market,Europe,Pro,Referral,49,82.24,1326,13.0,3,34.2,0.605,0,2291.87,27,3,63.7,0
C003415,Mid-Market,LATAM,Enterprise,Paid Search,60,8385.19,606,2.0,0,0.5,0.61,0,101392.75,13,0,55.1,0
C003416,SMB,LATAM,Free,Paid Search,16,0.0,871,22.0,1,39.5,0.381,1,50.82,13,1,66.5,1
C003417,SMB,Europe,Business,Referral,7,184.98,580,14.0,0,15.0,0.802,0,1939.58,11,1,73.1,0
C003418,SMB,Europe,Starter,Organic,11,25.51,208,6.0,2,24.5,0.383,0,61.95,2,3,51.3,0
C003419,Startup,APAC,Starter,Organic,3,32.55,1321,21.0,1,-2.8,0.294,0,660.3199999999999,19,1,60.8,1
C003420,Mid-Market,North America,Business,Paid Search,55,185.56,1054,6.0,0,29.0,0.466,0,2260.24,12,1,57.2,0
C003421,SMB,Europe,Free,Partner,11,0.0,722,14.0,0,-18.1,0.459,0,53.6,9,0,59.5,0
C003422,Enterprise,Europe,Business,Organic,455,220.39,334,15.0,1,20.0,0.393,0,1141.24,5,2,60.7,0
C003423,SMB,APAC,Free,Partner,4,0.0,602,7.0,1,14.3,0.487,1,11.09,6,1,53.8,1
C003424,Mid-Market,North America,Pro,Paid Search,68,88.22,913,24.0,2,22.4,0.54,0,2188.43,27,2,71.9,0
C003425,SMB,North America,Pro,Partner,13,86.46,588,19.0,1,15.9,0.316,0,1835.13,21,1,61.5,0
C003426,Mid-Market,North America,Business,Sales,74,208.33,59,8.0,3,35.8,0.22,0,410.8,2,4,47.8,0
C003427,Startup,Europe,Business,Paid Search,2,204.04,774,4.0,1,57.2,0.792,0,4425.21,22,1,66.6,0
C003428,Startup,LATAM,Pro,Partner,5,84.66,197,9.0,0,44.0,0.299,1,390.44,5,1,54.4,0
C003429,Startup,APAC,Starter,Paid Search,6,26.3,345,13.0,0,67.5,0.393,0,198.21,8,0,65.1,0
C003430,Enterprise,North America,Starter,Organic,295,30.4,1030,15.0,2,22.5,0.255,1,664.8100000000001,21,2,53.3,0
C003431,Startup,North America,Pro,Referral,1,68.52,1104,11.0,2,43.1,0.525,0,1212.11,18,2,61.9,0
C003432,Mid-Market,APAC,Pro,Sales,23,87.85,359,1.0,0,44.1,0.227,0,437.14,5,1,47.1,0
C003433,Mid-Market,APAC,Free,Referral,45,0.0,1164,18.0,1,63.8,0.655,2,179.3,21,1,71.6,0
C003434,Mid-Market,Europe,Enterprise,Sales,49,6947.11,979,10.0,0,16.7,0.281,0,112676.98,16,1,54.0,0
C003435,Mid-Market,North America,Starter,Paid Search,58,33.03,1124,9.0,0,54.7,0.285,1,721.25,20,0,55.1,0
C003436,SMB,North America,Free,Partner,3,0.0,593,15.0,1,13.6,0.685,0,95.33,12,1,68.8,0
C003437,Mid-Market,APAC,Enterprise,Organic,26,4237.03,1040,23.0,4,20.8,0.337,0,110596.04000000001,27,4,61.7,0
C003438,Mid-Market,Europe,Pro,Sales,55,67.31,519,0.0,1,26.0,0.742,0,618.37,9,1,58.4,1
C003439,SMB,North America,Business,Partner,13,220.84,124,26.0,2,46.3,0.536,0,859.44,4,2,75.9,0
C003440,Startup,LATAM,Starter,Organic,1,32.48,274,17.0,3,7.8,0.712,0,227.87,6,3,67.8,0
C003441,SMB,Europe,Starter,Referral,7,25.86,105,15.0,2,11.3,0.594,3,33.16,1,2,58.3,0
C003442,SMB,LATAM,Pro,Partner,21,78.54,1426,1.0,1,18.9,0.692,0,3293.48,41,1,57.0,0
C003443,Mid-Market,Europe,Starter,Sales,34,32.76,809,19.0,1,36.2,0.588,0,338.73,12,1,71.7,0
C003444,Startup,Europe,Pro,Referral,2,87.15,1146,20.0,0,11.6,0.868,0,2114.09,25,1,80.1,0
C003445,Enterprise,LATAM,Starter,Referral,87,32.95,148,15.0,1,41.6,0.155,0,72.98,2,1,55.7,0
C003446,Mid-Market,LATAM,Starter,Paid Search,69,30.84,442,22.0,1,26.1,0.7,0,217.06,7,2,76.8,0
C003447,Enterprise,LATAM,Free,Paid Search,375,0.0,1003,23.0,2,51.4,0.537,0,165.49,25,3,73.8,0
C003448,SMB,APAC,Starter,Referral,22,30.84,655,23.0,0,36.6,0.351,0,486.9,15,0,69.7,0
C003449,Mid-Market,Europe,Starter,Organic,21,28.41,595,9.0,1,78.8,0.421,0,370.16,13,2,62.0,0
C003450,SMB,North America,Business,Organic,7,211.25,752,18.0,1,38.0,0.292,1,3001.22,14,1,60.1,0
C003451,Mid-Market,North America,Pro,Sales,37,78.4,782,1.0,5,4.5,0.706,1,1305.3799999999999,16,6,48.0,0
C003452,SMB,LATAM,Starter,Sales,9,32.07,1382,15.0,0,29.7,0.399,0,775.63,24,0,63.3,0
C003453,SMB,North America,Pro,Sales,16,81.67,813,4.0,1,35.5,0.439,0,704.98,10,1,53.8,0
C003454,Enterprise,APAC,Starter,Organic,214,27.95,962,8.0,2,12.3,0.218,0,765.66,27,3,46.9,0
C003455,SMB,LATAM,Starter,Organic,18,26.98,290,18.0,0,72.9,0.264,1,84.44,4,0,64.3,0
C003456,SMB,LATAM,Business,Sales,11,212.45,223,11.0,1,27.3,0.369,0,348.84000000000003,2,2,57.1,0
C003457,SMB,LATAM,Pro,Organic,21,87.96,387,24.0,2,18.9,0.169,0,866.87,9,2,60.4,0
C003458,Enterprise,Europe,Pro,Paid Search,286,89.45,1416,2.0,0,39.5,0.203,1,2496.02,28,0,44.8,0
C003459,SMB,Europe,Starter,Paid Search,19,32.49,258,27.0,1,12.3,0.281,0,86.4,3,1,67.3,0
C003460,Mid-Market,LATAM,Free,Referral,19,0.0,894,19.0,2,59.2,0.389,2,80.25,14,2,62.6,0
C003461,Enterprise,North America,Business,Paid Search,160,205.47,865,12.0,2,54.1,0.279,0,1699.5,8,2,56.5,1
C003462,Mid-Market,North America,Pro,Organic,38,84.18,109,0.0,1,38.3,0.155,1,0.0,0,1,40.0,1
C003463,SMB,LATAM,Pro,Paid Search,5,72.31,220,1.0,0,49.8,0.431,0,575.72,7,1,53.8,0
C003464,Mid-Market,APAC,Enterprise,Organic,30,4516.93,1388,11.0,2,22.5,0.29,0,117954.90000000001,26,2,52.8,0
C003465,SMB,Europe,Starter,Referral,17,30.94,946,16.0,2,-2.6,0.568,0,505.27,17,2,63.1,0
C003466,Mid-Market,North America,Business,Partner,41,224.93,388,14.0,4,26.9,0.554,1,3312.57,15,4,58.8,0
C003467,SMB,Europe,Pro,Partner,18,71.8,690,8.0,1,22.5,0.395,0,857.11,13,2,54.7,0
C003468,Mid-Market,LATAM,Starter,Paid Search,70,31.14,1092,18.0,1,-15.9,0.501,0,631.8,21,1,63.0,0
C003469,SMB,Europe,Free,Organic,19,0.0,710,17.0,1,8.6,0.481,1,17.810000000000002,5,1,62.0,1
C003470,SMB,Europe,Pro,Organic,24,74.52,221,9.0,1,4.2,0.192,2,627.0,8,3,43.7,0
C003471,Mid-Market,Europe,Starter,Sales,59,27.21,1141,9.0,1,8.7,0.248,0,610.34,23,2,49.8,0
C003472,Enterprise,APAC,Pro,Paid Search,80,86.67,394,12.0,0,68.3,0.676,0,571.49,6,0,72.8,0
C003473,SMB,LATAM,Pro,Paid Search,16,68.53,410,20.0,0,47.8,0.392,0,758.6700000000001,11,0,69.4,0
C003474,Startup,Europe,Pro,Paid Search,6,84.89,194,16.0,0,59.1,0.495,0,366.72,5,0,70.0,0
C003475,Startup,Europe,Pro,Sales,4,73.33,1034,3.0,2,47.7,0.413,0,1698.56,21,3,51.8,0
C003476,Mid-Market,North America,Pro,Referral,43,74.64,1152,25.0,1,62.1,0.094,0,1453.23,19,1,64.9,0
C003477,SMB,Europe,Pro,Organic,4,84.03,677,5.0,1,35.7,0.372,0,1439.99,15,2,52.7,0
C003478,Mid-Market,North America,Business,Partner,25,198.41,701,18.0,3,72.9,0.159,0,2481.44,13,3,58.6,0
C003479,Mid-Market,Europe,Free,Paid Search,19,0.0,875,0.0,1,4.2,0.412,0,72.99000000000001,14,1,46.3,0
C003480,SMB,Europe,Enterprise,Referral,23,3996.28,346,7.0,2,33.3,0.409,1,17441.66,5,3,51.8,0
C003481,SMB,North America,Free,Sales,14,0.0,318,15.0,3,9.4,0.346,1,22.86,4,4,53.2,0
C003482,SMB,North America,Starter,Referral,24,28.07,1109,23.0,1,66.0,0.465,0,535.94,19,1,74.6,0
C003483,Startup,North America,Pro,Referral,3,80.27,323,15.0,2,45.5,0.681,1,547.93,7,2,68.4,0
C003484,Mid-Market,North America,Free,Paid Search,27,0.0,1131,1.0,1,64.7,0.019,0,97.34,19,2,41.4,0
C003485,SMB,APAC,Starter,Paid Search,4,32.89,878,26.0,2,-0.1,0.113,1,866.62,26,2,56.6,0
C003486,Mid-Market,North America,Starter,Partner,32,25.21,1422,7.0,0,19.9,0.614,0,608.87,25,0,61.7,0
C003487,Enterprise,North America,Pro,Referral,397,83.13,974,10.0,1,-9.6,0.349,0,1872.71,21,5,51.9,0
C003488,Mid-Market,LATAM,Pro,Organic,42,70.81,90,3.0,2,44.0,0.336,0,97.83,1,2,49.2,0
C003489,Startup,North America,Free,Paid Search,1,0.0,828,19.0,4,24.3,0.482,0,119.28999999999999,17,4,62.9,0
C003490,SMB,APAC,Pro,Organic,6,86.77,445,12.0,0,53.9,0.309,0,867.01,10,2,60.4,0
C003491,Enterprise,Europe,Starter,Organic,143,32.94,1306,6.0,2,35.8,0.603,1,918.17,27,3,57.0,0
C003492,SMB,APAC,Enterprise,Sales,3,451.62,552,17.0,1,-18.3,0.534,0,4187.6,9,1,62.9,0
C003493,Startup,Europe,Free,Organic,4,0.0,929,5.0,0,-6.5,0.533,0,117.82,26,1,54.8,0
C003494,Startup,North America,Pro,Referral,2,81.09,397,14.0,2,37.1,0.387,1,327.1,4,4,57.8,0
C003495,SMB,APAC,Pro,Paid Search,11,81.45,133,18.0,1,46.6,0.058,1,275.18,4,2,54.0,0
C003496,Mid-Market,APAC,Pro,Partner,48,86.91,700,22.0,0,-20.4,0.522,0,1748.81,19,0,68.3,0
C003497,SMB,North America,Enterprise,Sales,15,2284.8,1313,19.0,1,32.9,0.176,0,52458.49,24,3,59.0,0
C003498,Startup,APAC,Starter,Referral,5,29.94,780,15.0,1,9.6,0.347,1,305.83,11,1,56.3,0
C003499,Startup,Europe,Business,Referral,3,174.36,1284,0.0,2,7.2,0.352,0,4897.62,29,2,43.3,0
C003500,Startup,LATAM,Starter,Organic,1,31.8,818,6.0,1,18.6,0.314,0,409.29,12,1,50.1,0
C003501,SMB,APAC,Pro,Paid Search,4,82.88,1373,16.0,2,38.1,0.74,0,2585.8,33,2,72.3,0
C003502,Enterprise,North America,Starter,Referral,304,29.87,545,15.0,1,17.3,0.35,1,338.11,10,1,57.1,0
C003503,SMB,APAC,Starter,Referral,6,25.15,1017,14.0,2,-14.7,0.38,0,419.76,18,2,54.4,0
C003504,Mid-Market,LATAM,Free,Referral,27,0.0,1172,20.0,2,37.9,0.515,0,83.33,24,2,69.1,0
C003505,Enterprise,APAC,Free,Referral,258,0.0,1436,25.0,0,26.2,0.585,0,126.76,30,0,77.5,0
C003506,SMB,North America,Enterprise,Organic,14,2056.93,191,14.0,2,11.5,0.282,0,6332.3,3,3,54.1,0
C003507,SMB,APAC,Business,Organic,4,194.7,263,3.0,2,27.3,0.585,2,344.25,2,3,51.0,1
C003508,Startup,Europe,Starter,Sales,2,28.45,300,12.0,1,26.3,0.913,0,219.73000000000002,8,1,74.2,0
C003509,SMB,North America,Pro,Partner,15,70.86,1377,7.0,0,36.1,0.342,0,1608.05,23,1,55.1,0
C003510,Startup,APAC,Pro,Referral,3,77.67,961,14.0,1,28.8,0.784,0,1653.71,23,2,72.4,0
C003511,SMB,Europe,Starter,Partner,24,29.14,71,16.0,0,39.1,0.285,0,79.19,2,0,61.7,0
C003512,SMB,APAC,Starter,Sales,7,25.52,633,15.0,2,33.8,0.153,0,342.07,14,2,53.4,0
C003513,Enterprise,Europe,Pro,Referral,330,70.09,1277,16.0,1,55.5,0.449,0,1444.33,20,2,66.8,0
C003514,SMB,North America,Starter,Organic,13,31.12,1259,8.0,2,74.6,0.723,1,662.29,23,3,66.3,0
C003515,Mid-Market,LATAM,Pro,Sales,65,90.79,1084,4.0,3,34.6,0.603,2,1931.96,21,4,51.6,0
C003516,Enterprise,Europe,Starter,Paid Search,291,26.27,70,23.0,2,19.5,0.765,0,82.16,3,2,77.4,1
C003517,Mid-Market,Europe,Free,Paid Search,43,0.0,1218,11.0,3,-0.9,0.274,1,32.33,6,4,46.5,1
C003518,Startup,Europe,Pro,Referral,6,71.6,169,5.0,1,51.2,0.741,0,643.47,9,1,65.3,0
C003519,SMB,North America,Pro,Paid Search,15,68.56,491,27.0,2,12.4,0.63,0,360.82,6,2,76.2,0
C003520,Startup,APAC,Enterprise,Organic,7,1011.3,142,0.0,0,93.7,0.285,1,5182.18,5,3,50.9,0
C003521,Startup,Europe,Starter,Partner,2,27.78,279,9.0,1,100.0,0.505,1,34.8,1,1,64.7,0
C003522,Startup,LATAM,Business,Sales,5,201.88,986,20.0,1,29.7,0.073,0,3393.63,19,2,56.5,0
C003523,Mid-Market,LATAM,Enterprise,Organic,38,6115.85,277,11.0,2,-6.6,0.17,0,42200.82,7,3,46.3,0
C003524,Startup,APAC,Pro,Referral,6,77.82,1219,23.0,2,51.3,0.567,0,1735.94,21,3,74.7,0
C003525,Startup,North America,Enterprise,Paid Search,7,1071.42,1044,10.0,1,87.5,0.413,1,32932.08,30,1,61.6,0
C003526,Startup,APAC,Enterprise,Paid Search,2,308.37,1158,17.0,1,2.2,0.247,1,6246.5199999999995,20,1,54.3,0
C003527,Mid-Market,North America,Business,Referral,56,169.28,1270,11.0,2,82.5,0.337,1,4028.55,22,2,58.2,0
C003528,Enterprise,APAC,Enterprise,Partner,189,27695.37,1332,13.0,1,-11.2,0.354,0,976867.5700000001,35,1,54.6,0
C003529,Startup,Europe,Pro,Referral,1,71.28,1193,13.0,1,-1.4,0.455,0,1633.12,23,3,58.6,0
C003530,Mid-Market,LATAM,Pro,Referral,77,80.96,1289,27.0,0,42.7,0.383,1,1986.79,26,0,72.9,0
C003531,Mid-Market,North America,Enterprise,Sales,48,7548.09,916,21.0,1,60.4,0.63,0,242107.58,30,1,77.2,0
C003532,SMB,North America,Business,Referral,23,182.22,1359,10.0,1,33.3,0.618,0,4807.66,27,2,64.3,0
C003533,Mid-Market,LATAM,Free,Organic,26,0.0,1373,11.0,0,46.2,0.238,0,173.92000000000002,28,0,56.6,0
C003534,Enterprise,Europe,Starter,Referral,433,30.53,45,11.0,0,62.6,0.513,1,40.33,1,0,64.5,0
C003535,Startup,APAC,Starter,Partner,6,32.48,1335,20.0,1,65.5,0.769,0,1143.81,36,2,81.0,0
C003536,Startup,LATAM,Business,Organic,6,184.4,1355,16.0,1,19.4,0.392,1,4461.71,23,1,59.5,0
C003537,Startup,Europe,Starter,Partner,5,30.0,1417,14.0,0,13.4,0.446,0,896.79,30,0,62.2,0
C003538,Mid-Market,Europe,Starter,Referral,23,26.05,1271,12.0,3,61.3,0.768,0,318.15,12,3,70.4,1
C003539,Mid-Market,Europe,Pro,Organic,28,72.88,706,11.0,1,46.4,0.213,0,1270.86,17,2,54.4,0
C003540,SMB,APAC,Free,Paid Search,13,0.0,278,15.0,2,49.7,0.519,0,34.12,7,2,65.9,0
C003541,SMB,LATAM,Enterprise,Paid Search,15,2427.28,410,23.0,2,18.5,0.333,1,18191.74,8,3,62.4,0
C003542,Enterprise,North America,Pro,Paid Search,119,68.16,631,27.0,1,51.0,0.35,1,1026.34,16,2,71.2,0
C003543,SMB,APAC,Starter,Referral,3,28.7,1339,1.0,3,7.6,0.541,0,652.94,23,3,48.4,0
C003544,Startup,North America,Starter,Organic,4,32.49,353,6.0,1,41.2,0.252,0,221.86,8,1,50.5,0
C003545,SMB,Europe,Business,Referral,24,177.49,1407,19.0,1,37.8,0.403,0,4613.71,26,1,66.3,0
C003546,Mid-Market,APAC,Pro,Referral,66,81.15,558,4.0,0,38.0,0.324,0,716.38,9,1,52.1,0
C003547,Mid-Market,APAC,Pro,Paid Search,34,68.14,875,17.0,0,54.5,0.763,0,1299.45,19,0,78.5,0
C003548,Enterprise,Europe,Starter,Paid Search,221,29.44,199,11.0,1,9.5,0.471,0,156.58,5,1,58.4,0
C003549,Mid-Market,North America,Enterprise,Organic,75,13038.34,1021,5.0,2,51.9,0.31,1,241651.83000000002,17,2,49.0,0
C003550,SMB,North America,Business,Organic,17,180.78,547,14.0,0,35.5,0.115,0,1917.15,10,0,54.5,0
C003551,SMB,North America,Pro,Paid Search,8,76.23,831,14.0,3,15.2,0.514,0,1114.1,15,3,59.9,0
C003552,SMB,North America,Starter,Organic,16,28.27,714,19.0,3,2.0,0.341,0,318.38,11,4,57.9,1
C003553,Startup,APAC,Enterprise,Referral,2,354.36,118,23.0,0,82.2,0.422,0,975.1600000000001,3,0,76.4,0
C003554,Mid-Market,Europe,Pro,Partner,62,68.15,441,26.0,2,33.3,0.63,0,669.4,10,2,77.4,0
C003555,Enterprise,North America,Starter,Organic,398,27.41,868,12.0,0,26.1,0.575,0,723.03,26,1,65.6,0
C003556,Enterprise,APAC,Enterprise,Paid Search,138,19388.23,821,19.0,2,6.4,0.639,0,337954.09,18,3,68.8,0
C003557,Mid-Market,North America,Business,Referral,49,208.5,453,22.0,2,62.2,0.687,0,1123.14,6,2,78.5,0
C003558,SMB,North America,Business,Organic,19,199.78,966,27.0,0,60.3,0.43,1,3758.9,20,0,76.0,0
C003559,Startup,LATAM,Business,Referral,5,200.99,1220,18.0,0,55.5,0.23,1,5706.59,30,0,61.5,0
C003560,Startup,North America,Starter,Organic,7,26.17,792,6.0,4,33.5,0.172,0,316.07,13,4,42.9,1
C003561,SMB,Europe,Pro,Sales,19,75.93,1363,9.0,1,53.8,0.447,1,1852.79,24,1,58.3,0
C003562,SMB,Europe,Starter,Paid Search,3,32.26,1218,5.0,1,14.4,0.539,0,619.67,19,1,55.6,0
C003563,Mid-Market,North America,Pro,Paid Search,42,81.8,859,5.0,0,40.4,0.358,1,1411.83,17,0,52.2,0
C003564,SMB,North America,Starter,Partner,24,32.15,321,8.0,1,33.6,0.576,1,93.2,3,1,59.3,1
C003565,Mid-Market,North America,Starter,Paid Search,24,30.13,343,13.0,0,41.7,0.26,0,337.87,10,3,58.6,0
C003566,Startup,North America,Enterprise,Referral,6,980.11,1088,22.0,1,-10.3,0.207,0,19604.82,18,1,58.3,0
C003567,SMB,APAC,Starter,Organic,3,32.47,857,8.0,1,81.7,0.136,0,523.49,15,1,52.9,0
C003568,Mid-Market,Europe,Business,Organic,77,199.05,1241,5.0,2,75.5,0.202,0,5278.32,26,3,50.1,0
C003569,Mid-Market,Europe,Starter,Organic,64,30.9,381,3.0,0,6.2,0.45,1,96.39,3,1,49.8,0
C003570,Mid-Market,North America,Free,Partner,23,0.0,1108,5.0,1,49.4,0.269,0,88.6,21,1,51.0,1
C003571,Startup,LATAM,Free,Sales,4,0.0,317,12.0,0,-2.2,0.453,0,63.68,6,0,59.1,1
C003572,Enterprise,North America,Starter,Organic,210,28.61,256,11.0,0,37.1,0.605,0,152.59,6,1,66.7,0
C003573,Enterprise,APAC,Pro,Referral,105,75.29,475,11.0,2,-19.9,0.554,0,1070.87,15,2,56.5,0
C003574,Mid-Market,North America,Starter,Referral,63,26.68,988,8.0,0,27.7,0.218,0,774.25,27,0,51.5,1
C003575,Startup,LATAM,Pro,Organic,7,74.97,98,12.0,1,22.8,0.179,0,232.61,3,3,51.9,0
C003576,SMB,North America,Pro,Organic,19,83.35,479,18.0,1,63.9,0.417,1,520.08,7,1,66.5,0
C003577,SMB,North America,Free,Paid Search,11,0.0,537,1.0,3,76.7,0.487,0,70.07000000000001,14,5,53.7,0
C003578,Mid-Market,Europe,Starter,Organic,51,25.67,236,24.0,4,77.3,0.413,0,90.55,3,5,70.5,1
C003579,Enterprise,North America,Free,Referral,212,0.0,200,8.0,2,64.0,0.636,0,21.47,2,3,64.6,0
C003580,Startup,APAC,Free,Paid Search,4,0.0,1349,3.0,4,37.1,0.393,0,137.1,31,4,47.2,0
C003581,Mid-Market,Europe,Starter,Paid Search,74,26.59,200,4.0,0,44.7,0.696,1,146.49,6,1,61.9,0
C003582,Enterprise,APAC,Pro,Referral,347,69.21,367,15.0,0,44.6,0.703,1,900.03,13,0,71.9,0
C003583,SMB,North America,Pro,Organic,4,88.22,1165,14.0,1,5.5,0.454,1,2215.51,26,1,58.2,0
C003584,Enterprise,APAC,Business,Referral,277,190.81,1021,2.0,2,63.6,0.572,1,4492.6,22,2,55.3,0
C003585,Enterprise,North America,Business,Partner,226,182.89,384,13.0,3,52.3,0.374,0,1721.23,9,5,58.6,0
C003586,Startup,LATAM,Pro,Paid Search,6,73.83,1151,6.0,1,53.4,0.581,1,1761.28,24,1,59.6,0
C003587,SMB,APAC,Starter,Paid Search,6,26.98,814,25.0,3,-22.0,0.629,0,632.9,25,3,69.5,0
C003588,Mid-Market,Europe,Free,Organic,51,0.0,475,8.0,2,46.3,0.479,1,37.52,5,3,56.1,1
C003589,Mid-Market,APAC,Pro,Sales,32,82.43,530,27.0,4,60.1,0.443,0,1001.85,11,4,72.4,0
C003590,SMB,Europe,Starter,Paid Search,21,27.67,159,16.0,1,34.6,0.235,0,113.77,4,1,58.3,0
C003591,Enterprise,Europe,Starter,Sales,480,27.53,1301,27.0,2,22.5,0.326,0,537.8,21,2,68.1,0
C003592,Enterprise,North America,Enterprise,Sales,171,31070.98,1039,15.0,1,0.9,0.604,0,969826.19,31,1,65.1,0
C003593,SMB,Europe,Starter,Paid Search,18,30.25,52,3.0,2,-0.9,0.334,0,22.47,1,4,44.6,0
C003594,SMB,North America,Free,Referral,4,0.0,647,18.0,0,38.9,0.346,1,49.589999999999996,13,0,63.3,0
C003595,Startup,North America,Enterprise,Partner,5,750.59,1105,13.0,2,29.1,0.368,0,17368.05,23,3,57.6,0
C003596,Mid-Market,APAC,Starter,Organic,70,33.27,1046,22.0,0,28.8,0.707,0,824.62,26,1,78.7,0
C003597,Enterprise,North America,Starter,Sales,411,31.14,975,10.0,1,73.2,0.381,0,711.74,22,1,61.2,0
C003598,SMB,Europe,Free,Paid Search,8,0.0,668,5.0,0,3.6,0.566,1,103.91,17,0,54.8,0
C003599,SMB,North America,Starter,Sales,21,32.67,1054,3.0,3,26.4,0.555,0,381.33,12,3,52.5,0
C003600,Mid-Market,Europe,Enterprise,Partner,66,10194.29,571,20.0,1,77.4,0.764,0,122187.87,12,2,82.0,0
C003601,SMB,APAC,Pro,Organic,10,68.76,824,6.0,2,27.2,0.526,1,1332.47,20,3,53.9,0
C003602,Mid-Market,North America,Pro,Paid Search,67,76.04,588,18.0,0,36.7,0.502,0,1070.66,13,2,69.8,0
C003603,Startup,Europe,Starter,Organic,2,31.7,1239,3.0,0,30.6,0.151,1,758.89,23,0,43.3,0
C003604,Startup,Europe,Starter,Organic,3,28.42,569,2.0,0,52.6,0.533,1,229.87,8,1,56.0,0
C003605,SMB,APAC,Pro,Referral,19,79.49,138,19.0,0,-16.4,0.516,1,341.67,4,0,63.8,0
C003606,Startup,North America,Starter,Organic,6,28.85,1267,9.0,2,29.9,0.538,1,232.13,8,2,57.2,1
C003607,Startup,APAC,Starter,Sales,4,32.96,992,15.0,2,36.4,0.462,0,734.39,22,3,62.9,0
C003608,Mid-Market,Europe,Pro,Paid Search,22,68.19,469,0.0,2,10.0,0.645,0,459.43,7,2,52.4,0
C003609,Mid-Market,Europe,Business,Paid Search,36,185.56,578,5.0,0,43.6,0.209,1,1641.45,10,1,48.1,0
C003610,SMB,North America,Enterprise,Organic,18,3116.72,496,2.0,3,54.7,0.541,1,29994.88,10,3,52.0,1
C003611,Enterprise,North America,Business,Organic,229,172.73,660,7.0,1,46.3,0.711,0,1473.68,8,1,65.7,0
C003612,Mid-Market,Europe,Pro,Partner,48,75.35,484,7.0,0,79.5,0.311,1,714.8299999999999,10,0,56.5,0
C003613,Mid-Market,North America,Business,Paid Search,72,220.97,589,10.0,1,24.2,0.108,0,2790.62,12,1,48.1,0
C003614,Startup,Europe,Enterprise,Partner,1,140.59,1355,6.0,1,47.5,0.152,0,3639.91,27,1,48.2,0
C003615,SMB,Europe,Free,Partner,19,0.0,386,12.0,2,46.9,0.293,2,75.97,9,4,52.2,0
C003616,SMB,Europe,Starter,Organic,17,27.49,822,25.0,1,29.1,0.404,0,370.64,14,2,70.9,0
C003617,Mid-Market,North America,Starter,Paid Search,67,30.92,1387,2.0,0,63.3,0.564,0,698.5699999999999,22,0,60.0,0
C003618,Mid-Market,North America,Enterprise,Paid Search,15,2302.02,876,25.0,2,42.2,0.182,0,46470.86,21,2,64.0,0
C003619,Startup,Europe,Enterprise,Organic,2,351.1,838,11.0,0,5.0,0.474,0,6180.49,17,0,59.5,0
C003620,Enterprise,Europe,Business,Referral,420,169.41,1337,16.0,1,53.8,0.414,1,2400.69,14,1,63.6,1
C003621,Enterprise,LATAM,Starter,Organic,477,25.21,36,18.0,3,22.5,0.221,0,17.03,1,4,55.5,0
C003622,Mid-Market,Europe,Enterprise,Organic,42,7397.89,1143,20.0,2,26.9,0.363,2,94698.88,14,2,59.4,1
C003623,SMB,Europe,Free,Paid Search,11,0.0,988,26.0,1,28.8,0.495,0,58.68,22,1,74.4,0
C003624,Mid-Market,North America,Starter,Paid Search,60,29.03,830,27.0,2,53.4,0.159,0,549.5,19,4,66.2,0
C003625,Enterprise,LATAM,Pro,Sales,195,88.62,270,2.0,3,62.0,0.28,2,585.79,6,3,42.9,0
C003626,Mid-Market,North America,Business,Referral,51,177.15,398,11.0,2,31.0,0.275,1,1430.04,8,2,51.2,0
C003627,Mid-Market,North America,Business,Referral,41,206.63,358,15.0,0,29.6,0.236,2,1595.4,7,0,54.4,1
C003628,Enterprise,North America,Starter,Paid Search,202,31.14,1122,14.0,2,-16.2,0.322,0,205.07,6,3,52.5,1
C003629,SMB,North America,Starter,Paid Search,7,28.66,252,27.0,1,17.3,0.283,0,160.63,5,2,67.8,0
C003630,Enterprise,APAC,Pro,Organic,84,73.04,274,18.0,1,11.3,0.454,0,765.48,11,1,64.3,0
C003631,Mid-Market,North America,Free,Referral,51,0.0,797,11.0,0,42.8,0.307,1,103.7,18,2,56.3,0
C003632,SMB,North America,Business,Paid Search,4,203.32,680,25.0,1,32.3,0.502,1,2583.41,13,1,72.1,0
C003633,SMB,North America,Starter,Paid Search,21,26.28,1407,20.0,1,12.3,0.451,2,319.13,12,1,62.1,0
C003634,Mid-Market,LATAM,Starter,Partner,30,26.77,373,22.0,1,38.8,0.525,0,121.51999999999998,5,2,72.8,0
C003635,Mid-Market,APAC,Starter,Referral,31,27.58,86,17.0,1,33.3,0.156,0,59.74,2,1,56.7,0
C003636,Mid-Market,LATAM,Pro,Paid Search,56,81.03,785,1.0,1,-28.5,0.405,0,1212.53,16,1,43.7,0
C003637,Startup,APAC,Business,Organic,3,222.01,688,27.0,0,62.7,0.073,1,2815.19,13,1,65.6,0
C003638,Mid-Market,LATAM,Starter,Sales,29,31.12,747,19.0,1,60.3,0.626,0,539.04,17,1,75.3,0
C003639,Mid-Market,Europe,Starter,Organic,43,29.48,1342,4.0,2,29.1,0.547,0,855.12,29,2,54.9,0
C003640,SMB,North America,Enterprise,Sales,24,3376.95,574,7.0,1,43.8,0.313,1,34499.01,11,1,51.5,0
C003641,Mid-Market,North America,Pro,Paid Search,41,71.46,429,9.0,1,26.9,0.608,1,652.4300000000001,9,1,60.5,0
C003642,Mid-Market,North America,Starter,Sales,24,26.99,134,7.0,2,-5.1,0.483,0,157.09,6,2,52.2,0
C003643,Enterprise,APAC,Starter,Sales,349,29.82,131,17.0,1,89.1,0.506,0,158.91,5,1,72.8,0
C003644,SMB,North America,Enterprise,Paid Search,21,3536.05,757,15.0,1,53.7,0.501,2,37994.08,10,1,63.3,1
C003645,SMB,North America,Pro,Referral,3,74.01,89,5.0,0,58.5,0.744,0,134.32,2,0,67.6,0
C003646,SMB,APAC,Starter,Organic,24,29.52,705,19.0,0,27.9,0.301,0,459.62,16,1,63.8,0
C003647,SMB,North America,Free,Organic,14,0.0,542,8.0,6,63.1,0.636,0,86.73,10,7,58.5,1
C003648,Mid-Market,North America,Starter,Paid Search,48,29.66,600,4.0,0,0.7,0.248,0,400.86,13,0,46.1,0
C003649,Startup,North America,Starter,Partner,6,33.1,32,26.0,1,28.9,0.428,1,53.230000000000004,2,1,70.4,0
C003650,SMB,APAC,Free,Organic,14,0.0,406,8.0,2,53.5,0.531,1,86.48,14,3,58.4,0
C003651,Startup,North America,Starter,Paid Search,5,30.44,1289,6.0,1,19.3,0.104,0,651.55,21,2,43.9,0
C003652,SMB,North America,Free,Sales,5,0.0,1358,20.0,4,57.8,0.78,0,77.94,23,4,76.0,0
C003653,Mid-Market,North America,Starter,Referral,66,25.23,874,21.0,2,42.6,0.518,0,252.17,11,5,70.6,0
C003654,Mid-Market,APAC,Pro,Organic,42,67.23,723,4.0,0,40.2,0.116,0,801.73,11,1,46.1,0
C003655,SMB,North America,Pro,Paid Search,16,74.67,504,1.0,1,17.0,0.508,2,49.53,1,2,47.3,1
C003656,Enterprise,North America,Business,Organic,247,170.92,772,23.0,1,45.1,0.599,0,2493.12,14,1,76.5,0
C003657,SMB,LATAM,Starter,Organic,8,32.18,725,14.0,0,83.3,0.193,0,662.46,22,0,61.6,0
C003658,Enterprise,APAC,Business,Sales,203,199.23,142,12.0,1,39.4,0.919,0,219.79,1,1,75.7,0
C003659,Enterprise,North America,Enterprise,Sales,294,49959.31,982,11.0,0,48.9,0.276,0,1174017.71,24,1,58.0,0
C003660,Startup,North America,Enterprise,Organic,5,846.32,755,16.0,0,52.6,0.384,0,10171.23,13,0,66.1,0
C003661,SMB,North America,Starter,Organic,9,32.4,663,18.0,1,6.4,0.368,0,389.19,11,2,61.3,1
C003662,SMB,APAC,Starter,Paid Search,21,25.54,791,2.0,1,31.7,0.303,2,399.69,15,1,43.5,0
C003663,Mid-Market,North America,Pro,Paid Search,41,68.18,76,7.0,0,30.9,0.161,0,153.12,2,0,49.2,0
C003664,SMB,LATAM,Free,Organic,21,0.0,85,26.0,3,-18.1,0.043,0,11.69,2,4,53.2,0
C003665,Startup,APAC,Free,Organic,7,0.0,727,4.0,0,54.7,0.247,0,89.53,15,0,51.5,1
C003666,SMB,Europe,Free,Paid Search,24,0.0,816,25.0,1,11.7,0.599,0,95.33,12,1,75.0,0
C003667,SMB,North America,Pro,Organic,21,79.97,618,11.0,1,52.0,0.707,1,592.4,9,2,67.7,0
C003668,SMB,APAC,Business,Referral,3,192.97,1202,5.0,1,16.0,0.124,0,5468.64,28,2,43.3,0
C003669,Mid-Market,APAC,Starter,Referral,25,32.58,851,16.0,1,86.1,0.064,0,525.4300000000001,16,1,58.3,0
C003670,SMB,APAC,Enterprise,Paid Search,21,3554.92,1150,18.0,0,28.0,0.064,1,76152.27,21,0,53.8,1
C003671,Startup,North America,Business,Paid Search,5,227.71,1255,9.0,1,83.0,0.306,1,5076.28,22,1,57.0,0
C003672,SMB,APAC,Free,Referral,9,0.0,1324,22.0,2,30.7,0.526,0,132.15,24,2,70.5,0
C003673,Mid-Market,APAC,Starter,Organic,25,25.88,621,1.0,1,33.7,0.212,1,111.92,4,2,42.1,0
C003674,SMB,LATAM,Free,Sales,7,0.0,1460,3.0,1,74.2,0.554,0,243.07,36,3,60.2,0
C003675,SMB,Europe,Enterprise,Organic,19,3264.67,536,17.0,2,12.1,0.469,0,28087.239999999998,9,3,62.5,0
C003676,Startup,Europe,Business,Sales,7,194.26,843,16.0,1,36.2,0.345,0,3361.02,16,3,61.8,0
C003677,SMB,Europe,Pro,Organic,8,71.66,936,19.0,1,48.5,0.668,1,1249.09,16,2,73.4,0
C003678,Mid-Market,APAC,Pro,Referral,60,69.0,360,23.0,2,45.1,0.633,0,681.18,9,3,76.0,0
C003679,Mid-Market,LATAM,Starter,Organic,64,30.22,690,26.0,2,36.1,0.314,0,315.9,11,2,68.2,0
C003680,SMB,Europe,Enterprise,Referral,22,3197.81,412,14.0,1,32.6,0.647,2,18520.9,5,2,64.7,0
C003681,Enterprise,North America,Enterprise,Partner,430,59948.32,446,14.0,0,56.2,0.371,0,554615.74,9,0,64.2,0
C003682,SMB,North America,Business,Organic,22,207.18,1415,25.0,0,39.4,0.388,0,6049.83,30,0,72.9,0
C003683,Startup,Europe,Pro,Referral,5,81.94,1152,26.0,2,59.2,0.573,1,1682.5,21,3,76.3,0
C003684,SMB,APAC,Free,Organic,15,0.0,645,1.0,1,44.8,0.497,1,53.870000000000005,10,1,51.8,1
C003685,Mid-Market,North America,Free,Paid Search,68,0.0,65,14.0,0,51.3,0.258,0,0.0,1,3,60.4,1
C003686,SMB,North America,Free,Paid Search,12,0.0,1240,25.0,1,63.3,0.508,1,191.78,36,1,75.4,0
C003687,SMB,LATAM,Pro,Referral,23,79.41,1310,1.0,0,27.2,0.344,0,1877.37,23,0,48.9,0
C003688,Mid-Market,Europe,Business,Referral,41,226.1,115,27.0,0,62.7,0.492,2,324.81,2,0,76.1,0
C003689,SMB,North America,Enterprise,Paid Search,17,2528.55,78,20.0,1,31.1,0.577,0,11037.8,4,1,71.8,0
C003690,SMB,North America,Starter,Referral,18,25.74,1221,4.0,1,-0.0,0.109,0,758.83,29,1,40.3,0
C003691,Startup,Europe,Starter,Sales,4,27.99,886,17.0,1,26.8,0.611,0,345.32,13,2,69.7,0
C003692,Mid-Market,North America,Free,Partner,15,0.0,564,12.0,0,16.9,0.459,0,28.009999999999998,7,1,61.2,0
C003693,Mid-Market,Europe,Enterprise,Paid Search,29,5058.34,1181,9.0,1,44.4,0.302,0,113380.65,23,2,55.0,0
C003694,SMB,Europe,Business,Paid Search,12,198.23,994,17.0,2,27.9,0.043,1,6363.9,33,2,49.3,0
C003695,Enterprise,Europe,Pro,Organic,275,82.76,895,20.0,0,38.2,0.051,0,1041.75,13,1,58.2,0
C003696,SMB,Europe,Pro,Paid Search,12,81.36,543,25.0,1,60.4,0.783,0,1066.7,13,1,85.4,0
C003697,SMB,North America,Pro,Organic,17,77.87,1020,11.0,2,72.1,0.24,0,1168.91,15,3,56.2,0
C003698,Mid-Market,North America,Starter,Referral,74,31.6,871,4.0,0,42.3,0.515,1,741.55,24,0,56.3,0
C003699,SMB,North America,Starter,Partner,19,25.68,1046,24.0,0,62.1,0.704,0,525.11,21,0,83.8,0
C003700,Startup,North America,Starter,Partner,1,31.2,374,9.0,0,30.6,0.744,1,338.52,11,0,66.4,0
C003701,SMB,APAC,Starter,Organic,17,30.1,1242,21.0,0,-4.1,0.749,0,882.93,30,1,75.8,0
C003702,SMB,North America,Pro,Organic,14,89.56,1131,22.0,0,5.5,0.647,0,1596.62,17,1,74.6,0
C003703,SMB,Europe,Starter,Referral,16,27.17,1103,1.0,1,30.1,0.237,0,537.39,19,1,44.5,0
C003704,Mid-Market,North America,Pro,Paid Search,49,71.21,165,11.0,0,54.9,0.175,0,378.25,5,0,55.6,0
C003705,Mid-Market,North America,Pro,Sales,77,74.03,110,2.0,0,30.2,0.247,0,98.57,1,0,47.2,0
C003706,SMB,North America,Pro,Paid Search,16,72.89,745,16.0,1,64.6,0.14,0,663.05,10,2,58.4,0
C003707,Mid-Market,Europe,Enterprise,Organic,21,3719.98,1237,22.0,0,80.8,0.092,0,87747.86,22,0,65.5,0
C003708,Mid-Market,Europe,Starter,Partner,45,30.24,379,15.0,1,12.8,0.674,0,392.84000000000003,12,1,68.4,0
C003709,Enterprise,APAC,Pro,Referral,214,79.18,757,9.0,0,88.1,0.188,0,1545.99,20,0,57.5,0
C003710,Startup,North America,Free,Organic,4,0.0,245,27.0,0,-5.9,0.164,0,0.0,5,0,63.4,1
C003711,Enterprise,Europe,Business,Partner,311,172.83,946,2.0,3,81.2,0.651,0,4092.94,22,4,59.9,0
C003712,SMB,APAC,Pro,Organic,24,76.12,32,3.0,1,34.2,0.332,0,225.85,3,1,49.6,0
C003713,Mid-Market,North America,Starter,Organic,17,27.67,306,10.0,1,29.2,0.694,1,260.65,9,1,64.2,0
C003714,SMB,North America,Free,Organic,24,0.0,1140,26.0,1,34.8,0.548,0,54.519999999999996,19,2,76.6,0
C003715,Mid-Market,North America,Pro,Partner,56,74.87,423,25.0,0,15.0,0.57,2,948.37,13,1,71.9,0
C003716,Mid-Market,North America,Pro,Referral,19,74.28,1050,15.0,0,72.5,0.295,0,1019.96,14,0,64.5,0
C003717,SMB,APAC,Pro,Organic,14,89.43,960,26.0,1,17.7,0.372,0,2186.14,23,1,69.6,0
C003718,SMB,North America,Starter,Referral,23,31.84,1102,25.0,2,20.9,0.526,0,734.13,22,5,72.2,0
C003719,Mid-Market,Europe,Pro,Referral,40,84.66,485,16.0,2,0.5,0.51,0,561.48,7,2,61.6,0
C003720,SMB,APAC,Pro,Paid Search,8,68.47,1085,3.0,2,16.7,0.165,0,2135.41,30,3,41.3,1
C003721,SMB,North America,Starter,Organic,16,26.81,547,25.0,3,17.5,0.588,1,118.51,5,3,70.2,0
C003722,Mid-Market,Europe,Pro,Organic,50,71.84,628,17.0,1,15.8,0.429,0,1042.22,14,1,63.1,0
C003723,SMB,North America,Pro,Organic,11,87.28,387,3.0,2,30.6,0.931,1,980.74,10,2,63.7,0
C003724,Mid-Market,Europe,Business,Sales,37,224.96,40,23.0,3,7.1,0.451,1,251.82,1,5,63.3,1
C003725,SMB,North America,Starter,Referral,15,30.54,1448,11.0,0,74.9,0.265,0,961.48,31,0,60.3,0
C003726,Enterprise,North America,Starter,Organic,183,32.09,44,22.0,2,31.2,0.19,0,31.68,1,2,60.5,1
C003727,SMB,North America,Enterprise,Paid Search,6,952.74,1304,7.0,0,44.4,0.7,2,21454.5,22,1,62.7,0
C003728,Mid-Market,APAC,Business,Organic,66,177.24,707,0.0,1,56.5,0.586,1,2352.65,13,2,54.7,1
C003729,SMB,Europe,Starter,Organic,8,31.08,973,12.0,2,85.6,0.75,0,562.78,20,2,73.8,0
C003730,SMB,APAC,Enterprise,Paid Search,5,890.83,547,12.0,2,57.7,0.27,0,15699.89,17,4,56.6,0
C003731,Startup,North America,Free,Organic,7,0.0,428,24.0,1,28.8,0.701,0,40.34,8,1,78.8,0
C003732,SMB,LATAM,Business,Organic,13,181.4,231,3.0,3,8.2,0.265,0,575.32,3,3,41.9,1
C003733,Startup,North America,Starter,Paid Search,5,33.0,886,25.0,2,43.5,0.488,1,315.08,10,2,71.3,1
C003734,Mid-Market,APAC,Starter,Paid Search,41,28.49,126,4.0,0,61.6,0.216,0,100.34,3,0,51.2,0
C003735,Mid-Market,APAC,Enterprise,Paid Search,55,8773.51,999,26.0,0,38.5,0.462,0,133696.56,14,0,75.9,0
C003736,Enterprise,Europe,Free,Paid Search,425,0.0,1169,19.0,3,36.6,0.437,0,160.1,24,4,64.2,0
C003737,SMB,Europe,Business,Paid Search,13,182.58,918,10.0,1,40.3,0.969,0,2948.29,16,1,75.5,0
C003738,SMB,APAC,Pro,Paid Search,9,78.79,705,26.0,2,-11.7,0.418,1,819.16,10,2,64.6,0
C003739,Startup,APAC,Free,Paid Search,3,0.0,505,10.0,0,38.7,0.261,0,57.06,14,1,55.6,0
C003740,SMB,North America,Enterprise,Sales,14,2529.44,270,17.0,0,53.3,0.494,0,21431.61,9,0,70.3,0
C003741,SMB,APAC,Pro,Organic,16,89.91,1139,0.0,1,33.9,0.473,0,1969.17,22,2,51.1,0
C003742,Mid-Market,North America,Business,Partner,57,182.5,1027,2.0,0,63.1,0.538,0,4101.87,22,0,59.2,0
C003743,Enterprise,Europe,Business,Organic,301,177.41,118,9.0,3,63.9,0.677,0,675.6099999999999,4,3,65.2,1
C003744,SMB,Europe,Free,Paid Search,15,0.0,832,6.0,0,22.4,0.211,0,46.44,16,1,48.9,0
C003745,Mid-Market,APAC,Starter,Paid Search,67,27.33,1115,6.0,0,46.0,0.073,0,667.15,24,1,47.1,0
C003746,Enterprise,Europe,Starter,Referral,484,29.35,51,10.0,2,36.1,0.414,0,23.8,1,2,57.0,1
C003747,Startup,North America,Pro,Sales,5,77.86,818,17.0,3,-15.7,0.715,0,1027.3600000000001,14,3,65.6,0
C003748,Startup,Europe,Free,Paid Search,3,0.0,52,3.0,1,30.3,0.37,0,14.67,1,1,50.3,1
C003749,SMB,North America,Starter,Organic,10,25.08,146,21.0,0,9.2,0.284,0,21.66,1,1,63.2,0
C003750,Mid-Market,Europe,Business,Referral,43,212.71,165,23.0,2,38.3,0.269,0,833.34,4,2,64.4,0
C003751,Startup,Europe,Starter,Organic,3,31.81,628,23.0,2,52.1,0.703,1,391.23,13,3,76.8,0
C003752,Mid-Market,APAC,Pro,Paid Search,15,85.8,319,5.0,2,29.6,0.447,1,373.26,5,2,50.8,1
C003753,SMB,North America,Pro,Referral,21,67.26,87,24.0,1,12.5,0.559,0,253.92000000000002,4,1,72.9,0
C003754,Mid-Market,North America,Free,Paid Search,18,0.0,1076,3.0,1,40.8,0.438,0,69.7,18,1,53.4,0
C003755,Startup,Europe,Starter,Partner,4,32.78,1407,2.0,0,96.1,0.288,1,927.95,32,0,53.0,0
C003756,Startup,North America,Free,Organic,7,0.0,1002,20.0,1,-19.3,0.2,1,47.0,14,1,53.4,0
C003757,SMB,North America,Pro,Organic,18,90.38,550,21.0,1,40.8,0.403,1,602.72,7,1,66.4,1
C003758,Enterprise,North America,Free,Sales,83,0.0,678,3.0,2,21.4,0.222,1,71.39,11,3,41.5,1
C003759,SMB,Europe,Business,Organic,21,207.28,1345,11.0,1,24.3,0.481,0,6016.19,27,1,60.2,0
C003760,Mid-Market,North America,Business,Paid Search,33,221.4,659,11.0,3,32.4,0.539,0,2599.42,14,3,59.7,0
C003761,Startup,Europe,Free,Paid Search,7,0.0,1211,20.0,2,26.4,0.512,0,96.89,23,2,67.9,0
C003762,Mid-Market,APAC,Business,Paid Search,41,203.68,738,14.0,1,50.0,0.391,0,2999.06,14,1,62.7,0
C003763,Enterprise,Europe,Enterprise,Organic,262,37277.36,637,16.0,3,29.0,0.391,1,421224.73,12,3,57.4,0
C003764,SMB,North America,Free,Organic,17,0.0,550,2.0,1,-19.0,0.308,0,48.93,7,1,42.6,1
C003765,SMB,North America,Enterprise,Paid Search,14,2361.57,871,27.0,1,67.0,0.358,0,35691.87,15,1,75.0,0
C003766,Startup,North America,Starter,Paid Search,1,30.19,877,15.0,1,63.2,0.628,0,454.59000000000003,16,1,72.1,0
C003767,Enterprise,Europe,Pro,Referral,115,77.05,490,18.0,0,19.8,0.532,2,522.66,8,3,65.0,0
C003768,Startup,APAC,Starter,Paid Search,6,25.62,389,13.0,4,36.2,0.698,0,329.61,13,5,65.2,0
C003769,Enterprise,North America,Business,Sales,407,182.28,305,6.0,2,65.4,0.306,0,1054.74,6,2,53.1,0
C003770,Enterprise,North America,Business,Organic,390,228.7,984,18.0,0,60.8,0.696,0,4027.69,19,1,78.0,0
C003771,SMB,North America,Enterprise,Paid Search,8,1089.92,854,8.0,5,68.9,0.48,0,15255.6,15,6,55.9,0
C003772,Mid-Market,North America,Enterprise,Sales,48,8433.58,988,6.0,0,44.4,0.661,0,176591.58,21,0,64.6,0
C003773,SMB,LATAM,Free,Referral,11,0.0,706,15.0,2,54.2,0.422,0,67.57,21,2,63.5,0
C003774,Enterprise,North America,Pro,Paid Search,180,68.13,1279,9.0,1,70.2,0.516,0,1558.55,23,2,64.0,0
C003775,Enterprise,North America,Starter,Paid Search,274,28.34,845,25.0,1,26.4,0.762,0,479.44,18,1,81.3,0
C003776,SMB,North America,Free,Referral,19,0.0,1191,18.0,0,46.0,0.42,2,261.38,33,0,64.3,0
C003777,Mid-Market,North America,Free,Organic,73,0.0,699,10.0,1,-18.7,0.725,0,121.77,18,2,62.3,0
C003778,SMB,North America,Enterprise,Organic,5,901.07,244,0.0,5,-4.5,0.615,0,4247.55,5,5,45.5,0
C003779,SMB,Europe,Pro,Paid Search,15,89.94,51,9.0,0,47.5,0.251,0,92.76,1,1,55.3,1
C003780,Enterprise,North America,Free,Referral,301,0.0,822,3.0,0,51.3,0.073,0,90.83,16,0,45.0,1
C003781,SMB,North America,Enterprise,Partner,11,1876.71,1380,6.0,1,25.3,0.652,0,68746.78,37,2,60.9,0
C003782,Mid-Market,Europe,Business,Paid Search,17,175.61,1135,7.0,0,19.8,0.356,1,4803.54,28,0,51.9,0
C003783,Mid-Market,Europe,Starter,Sales,61,31.31,1311,18.0,1,26.1,0.451,0,923.88,29,1,65.7,0
C003784,Enterprise,North America,Pro,Organic,492,82.25,375,2.0,2,39.8,0.311,2,420.16999999999996,6,2,43.1,0
C003785,Startup,APAC,Pro,Referral,1,76.14,52,4.0,0,-22.8,0.168,2,0.0,0,0,37.3,1
C003786,SMB,North America,Pro,Organic,12,85.82,668,1.0,1,46.6,0.663,1,884.77,10,1,56.9,0
C003787,SMB,LATAM,Pro,Referral,5,77.66,1208,25.0,2,35.8,0.204,0,2194.14,26,4,64.0,0
C003788,Startup,LATAM,Pro,Paid Search,3,83.81,1430,27.0,2,41.2,0.366,0,2327.14,27,2,71.2,0
C003789,Mid-Market,Europe,Free,Organic,27,0.0,65,8.0,0,31.9,0.408,0,0.0,1,1,57.6,0
C003790,Startup,North America,Pro,Paid Search,1,85.2,1008,12.0,1,0.4,0.547,0,1887.71,22,2,60.7,0
C003791,SMB,APAC,Starter,Referral,5,27.67,1300,8.0,1,7.5,0.498,0,675.3199999999999,24,1,56.3,0
C003792,Startup,North America,Starter,Paid Search,5,26.25,1207,14.0,0,73.1,0.371,0,709.24,26,1,65.9,0
C003793,Startup,North America,Starter,Organic,3,30.98,1095,15.0,2,18.9,0.645,0,924.02,31,2,66.6,0
C003794,Startup,Europe,Pro,Organic,4,76.57,523,7.0,3,55.2,0.16,0,765.22,11,5,47.1,0
C003795,Mid-Market,Europe,Starter,Partner,57,33.12,185,18.0,1,7.9,0.688,3,150.88,6,1,65.0,0
C003796,SMB,APAC,Starter,Partner,6,33.33,1067,0.0,1,34.6,0.36,1,1063.67,31,3,45.8,0
C003797,Startup,APAC,Starter,Paid Search,3,32.87,478,18.0,0,24.0,0.393,0,338.64,11,0,65.3,0
C003798,SMB,APAC,Enterprise,Organic,14,2217.24,1368,21.0,2,27.8,0.221,0,52046.71,22,2,60.2,0
C003799,Mid-Market,APAC,Starter,Referral,78,32.87,1446,1.0,0,26.5,0.126,0,1101.86,32,0,42.3,0
C003800,Startup,Europe,Starter,Paid Search,7,24.98,1382,20.0,0,71.1,0.113,0,724.35,31,0,63.4,0
C003801,Mid-Market,Europe,Starter,Organic,78,30.27,140,20.0,1,83.2,0.494,0,132.99,4,1,74.5,0
C003802,SMB,LATAM,Pro,Paid Search,12,90.32,629,27.0,1,40.9,0.308,2,845.88,10,2,66.9,0
C003803,SMB,LATAM,Starter,Paid Search,24,24.75,309,22.0,2,24.7,0.476,0,97.8,4,2,68.4,0
C003804,Mid-Market,APAC,Starter,Sales,48,31.27,1429,0.0,3,1.8,0.227,1,799.9300000000001,26,3,35.5,0
C003805,SMB,APAC,Business,Partner,7,204.6,1429,2.0,1,0.0,0.444,1,6463.82,30,2,46.6,0
C003806,Enterprise,Europe,Business,Organic,269,173.22,247,3.0,3,71.2,0.472,1,1490.08,8,3,52.5,0
C003807,SMB,North America,Pro,Referral,24,72.16,1314,16.0,0,-1.7,0.668,0,2152.26,30,0,69.2,0
C003808,Startup,APAC,Pro,Organic,6,70.36,1238,19.0,2,24.0,0.776,2,1700.4,25,3,70.6,0
C003809,Mid-Market,North America,Enterprise,Sales,68,11660.6,718,18.0,2,38.9,0.529,0,202259.17,17,3,67.8,0
C003810,SMB,North America,Enterprise,Paid Search,4,693.34,593,9.0,1,-30.0,0.577,1,5264.31,8,2,53.8,0
C003811,Mid-Market,Europe,Pro,Sales,58,90.22,1133,5.0,2,3.7,0.228,1,2340.96,26,3,41.7,0
C003812,Startup,Europe,Business,Referral,3,215.32,825,1.0,0,1.5,0.307,0,6505.48,30,0,45.3,0
C003813,Startup,Europe,Business,Referral,7,215.86,495,10.0,0,18.4,0.39,0,2030.46,10,1,57.5,0
C003814,Mid-Market,North America,Enterprise,Organic,32,5020.12,827,8.0,1,41.5,0.489,0,116532.16,25,2,59.5,0
C003815,SMB,North America,Free,Referral,6,0.0,913,8.0,0,60.7,0.18,0,111.74000000000001,19,1,53.6,0
C003816,SMB,North America,Enterprise,Referral,5,780.61,1358,2.0,2,18.4,0.404,0,25664.13,33,2,47.7,0
C003817,SMB,North America,Pro,Paid Search,17,69.65,814,8.0,4,23.5,0.211,0,1338.18,18,4,44.8,0
C003818,SMB,North America,Pro,Paid Search,13,87.22,313,23.0,2,32.0,0.497,0,465.56,6,3,70.6,0
C003819,SMB,APAC,Starter,Partner,12,28.52,564,6.0,2,14.9,0.371,0,249.55,9,2,50.0,0
C003820,SMB,North America,Starter,Sales,5,31.56,183,24.0,2,45.4,0.34,0,127.07,4,4,68.2,0
C003821,Mid-Market,North America,Business,Referral,46,226.04,1280,2.0,1,46.2,0.637,1,7895.52,34,2,57.0,0
C003822,Mid-Market,North America,Pro,Paid Search,28,75.52,1445,17.0,0,-33.0,0.427,0,1939.55,26,1,59.7,0
C003823,Startup,Europe,Starter,Partner,4,26.45,677,3.0,1,51.0,0.211,0,500.78,18,1,47.6,0
C003824,Enterprise,APAC,Pro,Organic,384,72.96,1205,10.0,1,38.2,0.282,0,1669.94,22,3,54.7,0
C003825,SMB,North America,Free,Paid Search,24,0.0,611,26.0,2,41.5,0.498,3,24.42,12,4,68.3,1
C003826,Mid-Market,North America,Pro,Referral,32,72.87,168,21.0,0,64.5,0.237,0,47.86,1,0,67.3,1
C003827,Startup,APAC,Pro,Partner,1,75.09,978,14.0,0,-9.7,0.476,0,1866.9,23,1,60.8,0
C003828,SMB,North America,Pro,Referral,17,81.62,675,17.0,0,3.6,0.401,0,1223.95,15,0,62.6,1
C003829,SMB,APAC,Free,Paid Search,15,0.0,486,18.0,2,33.2,0.62,0,0.0,3,2,70.0,0
C003830,Mid-Market,LATAM,Free,Paid Search,15,0.0,1246,22.0,2,-23.0,0.814,0,152.31,24,3,73.8,0
C003831,SMB,Europe,Starter,Referral,15,28.85,177,16.0,1,29.7,0.692,1,158.26,5,1,69.5,0
C003832,Startup,LATAM,Pro,Organic,4,77.69,1171,14.0,1,56.2,0.481,0,1816.48,23,1,66.0,0
C003833,SMB,Europe,Enterprise,Sales,14,2341.08,305,2.0,0,44.9,0.534,2,10948.96,5,1,53.3,0
C003834,SMB,Europe,Business,Sales,22,193.27,517,26.0,0,37.0,0.391,0,2209.02,11,0,73.6,0
C003835,SMB,North America,Business,Sales,17,217.43,1259,15.0,0,29.2,0.41,1,5360.84,25,0,61.6,0
C003836,Mid-Market,North America,Starter,Sales,79,26.7,424,8.0,1,24.3,0.372,0,204.23000000000002,8,1,54.2,0
C003837,SMB,North America,Free,Paid Search,17,0.0,1180,3.0,2,22.9,0.79,1,175.57999999999998,28,3,58.7,0
C003838,Mid-Market,Europe,Business,Paid Search,34,216.99,603,16.0,1,40.7,0.386,0,1668.06,8,1,63.4,0
C003839,Mid-Market,Europe,Pro,Referral,69,73.51,88,21.0,1,-3.8,0.463,0,201.05,3,2,65.8,0
C003840,SMB,North America,Free,Organic,4,0.0,97,22.0,0,71.6,0.361,1,0.0,1,0,70.6,1
C003841,Startup,Europe,Pro,Referral,2,80.73,215,24.0,0,16.6,0.245,0,178.6,2,0,65.4,0
C003842,Startup,North America,Pro,Organic,4,79.92,754,25.0,1,48.9,0.476,0,1130.08,15,1,75.0,0
C003843,Startup,North America,Starter,Referral,2,32.93,660,17.0,0,37.0,0.741,0,749.53,22,0,76.1,0
C003844,SMB,North America,Free,Paid Search,21,0.0,1031,26.0,0,6.2,0.378,0,196.3,23,1,70.2,0
C003845,Mid-Market,APAC,Pro,Referral,40,74.43,144,2.0,1,67.3,0.408,2,254.70999999999998,3,1,50.3,1
C003846,SMB,Europe,Free,Paid Search,5,0.0,778,11.0,0,62.0,0.274,1,93.16,22,1,57.2,0
C003847,Startup,APAC,Starter,Partner,7,26.83,357,13.0,0,-4.3,0.606,0,21.82,1,0,64.4,1
C003848,SMB,North America,Business,Sales,6,193.3,946,19.0,2,33.2,0.434,0,3214.44,17,2,65.3,0
C003849,SMB,Europe,Enterprise,Paid Search,17,2382.61,402,8.0,1,40.2,0.054,0,10514.67,5,2,46.3,0
C003850,SMB,LATAM,Starter,Organic,19,26.97,1140,8.0,2,-16.8,0.393,1,601.26,23,3,47.3,0
C003851,SMB,North America,Free,Organic,18,0.0,411,25.0,1,-18.0,0.499,0,39.91,10,1,69.0,0
C003852,Startup,Europe,Pro,Partner,1,80.84,1395,18.0,2,14.2,0.41,0,1970.56,25,2,61.8,0
C003853,SMB,North America,Starter,Partner,7,24.99,1311,17.0,1,2.2,0.721,0,479.32,19,1,70.5,0
C003854,SMB,North America,Business,Partner,7,169.69,957,5.0,1,8.9,0.046,0,3012.46,18,2,40.2,0
C003855,Mid-Market,Europe,Pro,Organic,24,76.27,771,14.0,1,2.2,0.504,0,1981.67,25,1,61.3,0
C003856,SMB,North America,Starter,Organic,6,25.02,443,11.0,2,31.9,0.692,2,190.89,8,2,61.8,1
C003857,Mid-Market,Europe,Business,Sales,27,187.5,947,17.0,1,12.7,0.327,0,4134.15,23,1,59.8,0
C003858,Startup,LATAM,Starter,Partner,2,26.65,1434,25.0,0,62.8,0.383,0,622.48,23,1,75.1,0
C003859,SMB,North America,Pro,Organic,8,78.6,995,7.0,0,39.5,0.347,0,1409.95,19,2,55.6,0
C003860,SMB,North America,Enterprise,Organic,3,487.41,832,22.0,1,54.9,0.226,0,10482.49,21,2,65.4,0
C003861,Mid-Market,APAC,Starter,Organic,75,30.6,683,17.0,1,-7.2,0.182,1,288.48,10,1,51.4,1
C003862,SMB,Europe,Starter,Referral,12,28.34,540,13.0,3,19.3,0.464,0,457.36,18,3,58.0,0
C003863,SMB,APAC,Business,Referral,5,204.96,1106,26.0,1,38.4,0.392,1,6350.33,29,1,70.3,0
C003864,Mid-Market,North America,Pro,Partner,28,81.76,588,4.0,1,46.3,0.433,1,1395.07,16,2,52.7,0
C003865,Startup,Europe,Starter,Partner,1,27.53,557,18.0,0,18.8,0.593,1,184.11,6,1,68.7,1
C003866,Mid-Market,LATAM,Free,Referral,73,0.0,350,11.0,1,22.5,0.241,0,10.9,2,2,52.8,1
C003867,SMB,North America,Starter,Paid Search,12,30.45,714,19.0,1,25.2,0.183,1,377.82,12,3,56.5,0
C003868,Mid-Market,APAC,Pro,Paid Search,49,72.5,301,3.0,1,27.6,0.395,0,427.41,6,1,50.8,0
C003869,SMB,Europe,Starter,Paid Search,4,25.19,1144,20.0,0,89.1,0.347,1,642.08,24,0,70.2,0
C003870,SMB,APAC,Starter,Sales,4,25.12,443,1.0,3,42.8,0.39,0,187.18,8,4,47.4,0
C003871,Startup,North America,Starter,Partner,7,27.57,1395,9.0,1,36.0,0.141,0,554.08,19,1,49.4,0
C003872,Enterprise,Europe,Pro,Paid Search,335,90.3,1313,25.0,3,3.5,0.542,1,2019.74,22,4,67.4,0
C003873,Startup,North America,Business,Referral,1,198.66,224,17.0,0,4.1,0.466,1,543.77,3,0,62.6,0
C003874,SMB,LATAM,Pro,Organic,11,74.6,781,13.0,3,29.7,0.377,0,1155.75,16,3,56.4,0
C003875,Mid-Market,North America,Pro,Paid Search,34,83.0,573,9.0,2,63.3,0.734,0,557.12,7,2,68.4,0
C003876,Mid-Market,North America,Business,Partner,33,177.62,598,2.0,0,30.0,0.377,0,1562.57,9,0,51.1,0
C003877,Mid-Market,APAC,Starter,Sales,65,32.21,467,3.0,3,31.1,0.56,0,243.95000000000002,8,3,53.1,0
C003878,Startup,North America,Starter,Organic,5,33.3,1109,20.0,0,16.4,0.597,0,722.86,21,0,72.4,0
C003879,Mid-Market,Europe,Free,Paid Search,59,0.0,1206,7.0,0,-8.5,0.438,0,126.87,25,1,53.5,0
C003880,SMB,North America,Starter,Sales,15,25.69,1400,2.0,0,45.9,0.421,0,772.01,29,0,54.0,0
C003881,SMB,Europe,Enterprise,Referral,22,3963.89,224,12.0,4,28.6,0.121,2,24149.0,6,4,42.2,1
C003882,Startup,North America,Starter,Partner,4,25.61,1141,11.0,2,46.2,0.425,0,576.6,22,2,59.2,0
C003883,SMB,Europe,Business,Organic,16,177.08,638,26.0,1,38.9,0.705,0,2544.58,14,1,81.8,0
C003884,SMB,Europe,Free,Organic,20,0.0,810,6.0,0,10.9,0.494,0,65.0,19,0,56.3,1
C003885,Mid-Market,North America,Pro,Paid Search,60,84.32,1228,7.0,1,40.6,0.185,0,2694.2,30,2,49.4,0
C003886,Startup,North America,Starter,Organic,4,26.62,869,4.0,1,2.7,0.677,0,475.49,19,1,57.7,0
C003887,Mid-Market,North America,Starter,Referral,51,30.6,1342,5.0,1,40.4,0.362,0,518.76,15,1,52.9,1
C003888,Mid-Market,APAC,Starter,Referral,31,32.71,1208,14.0,3,33.4,0.445,0,816.7,25,3,59.7,0
C003889,Startup,North America,Pro,Referral,2,86.92,1261,6.0,0,73.5,0.27,1,1751.93,21,1,53.8,0
C003890,Mid-Market,North America,Pro,Organic,59,73.44,282,20.0,1,13.3,0.802,1,265.88,3,2,74.7,0
C003891,Mid-Market,North America,Business,Paid Search,21,189.72,649,22.0,1,1.8,0.295,0,3233.1,17,1,62.2,0
C003892,SMB,Europe,Enterprise,Referral,8,1460.79,137,13.0,2,24.7,0.561,0,4394.51,3,3,62.9,0
C003893,Mid-Market,APAC,Pro,Organic,66,78.15,837,6.0,2,50.2,0.522,1,1378.19,19,3,56.0,0
C003894,Mid-Market,Europe,Enterprise,Organic,42,7433.44,1173,22.0,2,-34.9,0.288,0,209096.0,29,2,56.8,0
C003895,SMB,APAC,Free,Paid Search,14,0.0,590,27.0,3,56.9,0.14,1,10.65,8,4,62.5,0
C003896,SMB,Europe,Starter,Organic,12,24.93,131,25.0,1,29.8,0.302,0,16.0,1,1,67.9,0
C003897,SMB,APAC,Starter,Organic,24,26.1,699,25.0,1,6.5,0.851,1,462.79,18,1,80.0,0
C003898,Mid-Market,APAC,Pro,Paid Search,18,73.61,1435,22.0,4,25.8,0.655,1,1676.35,23,4,68.9,0
C003899,SMB,North America,Pro,Referral,18,88.11,1026,20.0,0,16.5,0.124,1,1360.8600000000001,15,0,56.2,0
C003900,Startup,LATAM,Pro,Organic,5,70.55,138,26.0,1,4.4,0.575,1,337.76,5,2,72.4,0
C003901,Mid-Market,APAC,Business,Partner,44,218.16,719,9.0,0,-13.5,0.608,0,2791.79,13,1,59.9,0
C003902,Mid-Market,Europe,Starter,Partner,75,30.67,99,26.0,2,53.3,0.217,1,60.81,2,2,65.1,0
C003903,Enterprise,North America,Business,Paid Search,391,197.18,732,0.0,0,21.0,0.227,2,4086.24,20,0,39.9,0
C003904,SMB,North America,Pro,Paid Search,19,79.58,1443,23.0,1,25.2,0.638,0,3221.14,37,2,75.7,0
C003905,Mid-Market,Europe,Pro,Organic,60,80.9,212,9.0,2,56.1,0.483,1,484.11,5,3,58.1,0
C003906,SMB,Europe,Starter,Organic,7,27.3,369,8.0,1,36.4,0.235,0,213.18,7,3,51.3,0
C003907,Startup,Europe,Starter,Paid Search,6,31.58,438,18.0,1,-4.0,0.092,0,192.69,6,3,51.9,0
C003908,Mid-Market,North America,Starter,Sales,60,26.11,73,4.0,2,51.8,0.5,1,16.17,1,2,53.8,1
C003909,SMB,Europe,Business,Paid Search,22,179.09,1180,27.0,1,72.1,0.547,0,5344.69,28,1,81.2,0
C003910,Mid-Market,North America,Pro,Paid Search,72,81.79,165,20.0,0,47.6,0.452,0,172.05,2,0,71.2,0
C003911,Enterprise,North America,Starter,Sales,189,27.44,1128,0.0,1,13.4,0.52,0,438.98,16,1,50.4,1
C003912,SMB,North America,Business,Referral,13,169.98,72,23.0,1,-1.8,0.568,0,203.52,1,2,70.9,0
C003913,SMB,APAC,Pro,Referral,24,82.38,1187,3.0,2,12.5,0.557,0,1667.96,21,3,52.6,0
C003914,Startup,Europe,Enterprise,Paid Search,2,348.87,674,23.0,2,37.6,0.436,0,6129.9,17,4,69.4,0
C003915,SMB,LATAM,Pro,Sales,16,82.9,332,22.0,2,70.7,0.514,0,592.21,7,3,74.1,0
C003916,Mid-Market,APAC,Pro,Partner,21,78.39,1349,18.0,0,16.0,0.149,0,1526.41,20,2,57.1,0
C003917,SMB,APAC,Pro,Partner,10,83.52,1365,16.0,1,18.8,0.587,0,1972.44,22,1,67.3,0
C003918,Mid-Market,Europe,Pro,Referral,46,77.58,245,23.0,0,60.5,0.323,0,346.52,5,1,71.3,0
C003919,Startup,APAC,Starter,Paid Search,4,30.25,1374,23.0,0,24.1,0.591,0,926.58,29,1,75.7,0
C003920,SMB,LATAM,Free,Sales,23,0.0,583,19.0,1,77.8,0.283,0,115.97,14,2,66.7,0
C003921,Mid-Market,APAC,Enterprise,Sales,28,4784.39,119,4.0,1,31.3,0.701,0,26905.43,5,1,61.2,0
C003922,SMB,North America,Pro,Partner,4,89.78,581,18.0,1,64.2,0.778,1,1092.72,12,2,77.3,0
C003923,SMB,Europe,Pro,Organic,10,84.84,773,5.0,0,44.6,0.16,1,1874.1000000000001,21,0,46.7,0
C003924,SMB,North America,Pro,Referral,12,81.28,864,1.0,1,52.7,0.236,0,1399.68,17,2,46.7,0
C003925,Enterprise,North America,Pro,Paid Search,242,70.61,548,4.0,3,30.6,0.758,0,871.61,12,3,59.9,0
C003926,Enterprise,APAC,Free,Partner,480,0.0,643,12.0,1,32.2,0.433,1,56.230000000000004,15,2,58.4,0
C003927,Enterprise,APAC,Starter,Organic,217,24.8,743,26.0,1,45.5,0.418,1,372.5,15,2,71.8,1
C003928,Mid-Market,North America,Free,Referral,44,0.0,1241,0.0,2,55.0,0.14,0,177.9,32,2,41.7,0
C003929,SMB,North America,Free,Sales,20,0.0,513,2.0,3,48.2,0.273,0,29.8,10,4,45.3,0
C003930,Mid-Market,APAC,Free,Organic,72,0.0,403,2.0,1,-9.2,0.218,2,49.56,12,3,36.9,0
C003931,SMB,North America,Business,Referral,21,184.58,447,5.0,0,41.4,0.443,0,867.29,5,1,56.9,0
C003932,SMB,North America,Starter,Referral,24,33.05,1353,15.0,3,18.6,0.608,1,1099.87,30,3,62.0,0
C003933,Enterprise,APAC,Business,Organic,135,182.38,455,22.0,2,21.4,0.677,0,1516.87,8,2,74.1,0
C003934,Startup,APAC,Enterprise,Organic,6,966.89,417,1.0,2,46.4,0.332,0,8515.43,9,2,47.5,0
C003935,SMB,Europe,Starter,Paid Search,15,33.18,1198,22.0,1,77.4,0.307,0,876.44,28,1,70.1,0
C003936,Mid-Market,Europe,Pro,Referral,58,70.36,246,25.0,1,29.2,0.696,1,344.44,5,1,77.6,0
C003937,SMB,North America,Pro,Paid Search,18,72.88,711,2.0,3,84.3,0.54,0,852.0,12,4,56.9,0
C003938,Mid-Market,North America,Enterprise,Organic,58,9520.07,785,12.0,2,7.6,0.549,1,85732.73,9,2,57.9,0
C003939,Startup,APAC,Pro,Organic,2,84.37,427,22.0,1,65.8,0.494,0,867.9,11,1,74.5,0
C003940,SMB,APAC,Starter,Paid Search,3,32.07,731,19.0,0,45.8,0.584,0,368.0,13,0,74.1,1
C003941,SMB,North America,Starter,Organic,22,30.4,682,5.0,1,40.2,0.521,0,97.66,3,2,57.6,1
C003942,Startup,North America,Enterprise,Partner,4,548.62,1014,4.0,2,69.6,0.139,0,9608.77,18,2,46.7,0
C003943,Startup,North America,Starter,Organic,2,26.53,134,12.0,5,19.1,0.383,0,83.77,3,5,51.6,1
C003944,Startup,North America,Business,Referral,6,201.87,74,23.0,1,66.9,0.576,0,215.31,1,3,78.0,0
C003945,Mid-Market,North America,Starter,Referral,60,25.73,1274,26.0,1,29.8,0.109,0,975.08,39,1,63.0,0
C003946,Mid-Market,North America,Pro,Referral,37,70.35,412,13.0,1,18.9,0.664,1,506.87,7,1,64.9,0
C003947,SMB,APAC,Pro,Organic,6,86.41,1427,14.0,1,1.8,0.42,0,2179.9900000000002,26,1,58.8,0
C003948,SMB,North America,Free,Partner,6,0.0,933,15.0,2,74.6,0.374,0,89.07,26,2,64.1,0
C003949,SMB,APAC,Free,Referral,13,0.0,73,13.0,1,63.5,0.592,1,19.8,2,1,67.2,0
C003950,SMB,Europe,Starter,Paid Search,22,28.94,1211,18.0,1,23.0,0.786,0,925.99,30,1,75.5,0
C003951,Mid-Market,APAC,Business,Organic,73,227.61,921,7.0,1,48.6,0.177,0,4041.65,18,1,49.9,0
C003952,Mid-Market,LATAM,Pro,Organic,62,81.17,1147,15.0,2,38.2,0.533,0,1603.04,20,3,65.2,0
C003953,SMB,North America,Starter,Partner,24,30.95,419,17.0,0,26.2,0.63,0,202.97000000000003,7,1,71.7,0
C003954,Mid-Market,North America,Pro,Paid Search,58,82.65,797,15.0,0,59.1,0.201,0,686.23,9,1,60.3,0
C003955,SMB,APAC,Free,Sales,4,0.0,612,27.0,0,19.4,0.348,0,58.25,19,0,71.5,0
C003956,SMB,North America,Pro,Referral,13,86.52,113,20.0,2,-19.8,0.458,1,278.39,3,2,59.6,0
C003957,SMB,North America,Business,Referral,6,173.82,715,20.0,2,41.5,0.649,1,3080.43,18,2,71.5,0
C003958,SMB,North America,Business,Sales,24,205.33,411,22.0,2,36.7,0.195,0,361.04,2,2,61.2,0
C003959,SMB,APAC,Business,Partner,9,193.73,1320,14.0,5,20.2,0.126,0,6774.71,34,5,45.8,0
C003960,SMB,North America,Starter,Organic,15,32.27,1153,8.0,0,12.7,0.747,0,675.18,20,0,65.8,0
C003961,Mid-Market,Europe,Starter,Organic,50,30.04,106,15.0,1,-4.0,0.276,0,94.50999999999999,3,2,54.8,0
C003962,SMB,Europe,Business,Referral,18,185.39,231,25.0,1,25.9,0.487,1,186.89,1,2,71.0,1
C003963,SMB,Europe,Free,Paid Search,24,0.0,521,24.0,3,13.1,0.369,0,5.46,3,3,64.3,0
C003964,Mid-Market,North America,Free,Sales,25,0.0,920,9.0,1,59.1,0.458,0,103.55,16,2,61.2,0
C003965,SMB,APAC,Starter,Organic,13,31.41,1175,13.0,0,47.9,0.315,1,819.8,28,0,58.8,0
C003966,Startup,APAC,Business,Organic,5,175.91,243,7.0,3,22.9,0.327,0,653.53,4,3,48.8,0
C003967,Mid-Market,Europe,Pro,Referral,48,75.82,338,0.0,1,48.1,0.093,0,725.26,10,2,41.1,0
C003968,SMB,North America,Enterprise,Referral,18,2935.27,1115,8.0,0,32.3,0.217,0,62717.76,23,0,51.9,0
C003969,Startup,APAC,Starter,Referral,3,25.74,617,2.0,3,28.3,0.373,0,214.24,10,3,46.3,0
C003970,Startup,APAC,Starter,Organic,5,29.04,576,10.0,1,33.6,0.303,0,251.45000000000002,9,1,54.9,0
C003971,SMB,North America,Starter,Paid Search,15,32.32,778,1.0,1,79.3,0.433,0,532.73,15,1,55.3,0
C003972,SMB,North America,Business,Partner,10,172.97,135,8.0,1,51.1,0.23,0,117.74,1,1,52.7,0
C003973,Startup,North America,Starter,Sales,1,28.45,1283,20.0,0,27.5,0.464,1,480.65,17,0,67.5,0
C003974,SMB,North America,Enterprise,Organic,22,3825.39,1092,23.0,1,57.3,0.492,0,88626.38,23,1,74.5,0
C003975,Enterprise,North America,Pro,Partner,253,69.96,1325,24.0,0,56.4,0.156,0,1359.76,19,0,66.7,0
C003976,Enterprise,North America,Business,Organic,212,172.2,470,15.0,2,41.5,0.54,1,2294.08,12,2,63.7,0
C003977,SMB,North America,Business,Referral,9,198.03,540,15.0,0,26.8,0.4,0,3331.34,16,0,63.1,0
C003978,SMB,APAC,Pro,Organic,12,89.57,49,27.0,3,25.1,0.308,1,96.36,1,4,64.4,1
C003979,Mid-Market,APAC,Business,Sales,65,208.41,685,15.0,2,8.1,0.362,1,2547.6,12,3,55.1,0
C003980,Mid-Market,APAC,Starter,Organic,41,32.13,1245,2.0,1,39.5,0.653,0,1150.09,37,1,58.8,0
C003981,SMB,Europe,Business,Partner,18,225.19,816,26.0,0,19.8,0.42,1,3713.06,16,2,70.8,0
C003982,SMB,Europe,Business,Referral,23,199.76,1334,17.0,0,24.1,0.248,0,6724.81,33,1,60.0,0
C003983,Startup,North America,Pro,Organic,6,68.86,501,18.0,0,50.6,0.197,0,480.42,7,0,62.0,0
C003984,SMB,APAC,Starter,Organic,8,25.54,496,2.0,1,77.2,0.448,1,225.0,8,1,54.4,0
C003985,Startup,North America,Enterprise,Partner,2,340.27,234,13.0,0,44.4,0.3,1,2678.68,8,0,58.0,1
C003986,Startup,Europe,Enterprise,Partner,1,167.52,975,12.0,1,32.4,0.522,0,3794.23,23,1,63.1,0
C003987,Mid-Market,LATAM,Pro,Referral,51,72.58,1017,22.0,1,34.5,0.331,0,768.98,11,2,66.5,0
C003988,SMB,APAC,Enterprise,Partner,11,1893.72,1359,10.0,4,63.4,0.3,1,56874.15,30,5,51.3,0
C003989,Enterprise,North America,Pro,Organic,271,72.87,867,9.0,4,44.7,0.411,1,1026.96,15,5,51.8,0
C003990,Startup,APAC,Starter,Sales,1,29.53,781,19.0,1,39.8,0.336,0,550.77,18,1,64.5,0
C003991,Mid-Market,North America,Pro,Organic,32,75.95,382,0.0,3,41.6,0.378,0,489.39,6,3,46.0,1
C003992,SMB,North America,Free,Partner,6,0.0,383,20.0,2,-0.7,0.079,0,5.59,5,2,52.2,0
C003993,Startup,North America,Pro,Sales,5,83.34,1260,0.0,0,44.8,0.163,0,2033.1299999999999,25,0,44.4,0
C003994,Mid-Market,North America,Pro,Sales,54,86.69,1053,6.0,0,13.1,0.369,0,2421.59,27,0,52.7,0
C003995,Startup,APAC,Free,Organic,7,0.0,729,13.0,1,44.9,0.288,0,122.47,15,1,58.2,0
C003996,Enterprise,North America,Starter,Organic,432,28.14,981,5.0,0,16.6,0.356,0,331.65999999999997,12,0,51.8,0
C003997,SMB,North America,Pro,Partner,8,72.51,1424,0.0,0,49.8,0.265,0,1408.11,19,1,47.9,0
C003998,SMB,LATAM,Business,Paid Search,11,200.61,251,11.0,0,31.2,0.092,0,676.63,4,2,50.7,0
C003999,Mid-Market,Europe,Enterprise,Referral,62,8553.56,415,19.0,2,6.4,0.463,1,47459.71,5,3,61.5,0
C004000,SMB,North America,Starter,Paid Search,7,32.43,717,6.0,2,27.7,0.458,1,685.37,22,2,51.9,0
C004001,Startup,Europe,Business,Organic,1,189.41,1006,7.0,1,90.1,0.394,0,5308.81,29,1,60.6,1
C004002,Mid-Market,Europe,Starter,Paid Search,28,27.51,255,18.0,0,-21.8,0.259,0,255.07,9,1,56.7,0
C004003,SMB,Europe,Free,Partner,10,0.0,1410,26.0,0,39.2,0.409,0,101.03,40,1,74.4,0
C004004,Startup,Europe,Pro,Referral,4,74.92,822,14.0,2,9.7,0.385,0,1224.46,16,3,57.0,0
C004005,SMB,APAC,Starter,Paid Search,14,30.39,315,15.0,0,69.4,0.378,0,347.24,11,1,66.7,0
C004006,Enterprise,North America,Business,Organic,246,225.06,98,23.0,1,55.4,0.252,0,176.42,1,3,67.1,0
C004007,Startup,Europe,Starter,Paid Search,6,29.09,1101,1.0,1,39.6,0.264,0,574.95,21,1,46.3,0
C004008,Enterprise,North America,Starter,Partner,433,31.69,530,27.0,0,57.9,0.366,2,438.53000000000003,13,0,71.9,0
C004009,SMB,APAC,Pro,Referral,7,74.9,1189,13.0,1,41.1,0.467,0,2496.14,33,1,63.2,0
C004010,SMB,North America,Free,Referral,17,0.0,1295,10.0,1,35.2,0.607,0,147.23000000000002,30,2,64.2,0
C004011,SMB,North America,Starter,Sales,21,32.49,956,17.0,2,20.0,0.789,0,921.74,28,2,72.8,0
C004012,Mid-Market,LATAM,Starter,Paid Search,51,25.11,195,25.0,0,26.0,0.4,0,209.0,8,0,71.9,0
C004013,Mid-Market,Europe,Starter,Sales,16,29.05,475,26.0,2,23.4,0.39,0,208.07,8,2,69.3,0
C004014,SMB,North America,Business,Organic,17,218.76,761,21.0,0,35.3,0.663,1,2610.44,13,1,75.2,0
C004015,Mid-Market,North America,Free,Partner,20,0.0,1056,13.0,1,-12.3,0.742,0,41.07,18,1,66.1,0
C004016,SMB,North America,Pro,Paid Search,4,69.56,1258,4.0,0,60.7,0.295,1,1736.01,25,1,51.5,0
C004017,SMB,LATAM,Pro,Referral,14,68.58,1073,5.0,1,83.7,0.221,0,1742.79,24,1,53.0,0
C004018,SMB,Europe,Pro,Referral,23,88.04,1242,23.0,1,24.2,0.687,0,2436.21,28,3,77.1,0
C004019,Mid-Market,North America,Pro,Organic,17,76.77,1193,3.0,0,64.4,0.416,1,2145.29,28,1,54.6,0
C004020,Mid-Market,Europe,Pro,Sales,63,78.13,477,13.0,2,31.6,0.017,0,919.88,12,2,47.3,0
C004021,Startup,Europe,Business,Sales,1,179.87,1271,11.0,1,19.9,0.206,2,4291.63,23,1,47.5,0
C004022,SMB,North America,Starter,Sales,5,28.74,1393,19.0,3,25.5,0.664,0,662.97,24,3,69.9,0
C004023,Enterprise,APAC,Business,Paid Search,471,193.97,685,9.0,1,37.1,0.532,0,3227.31,16,1,61.2,0
C004024,Mid-Market,North America,Free,Sales,63,0.0,1051,19.0,0,17.0,0.377,2,64.19,18,0,61.0,0
C004025,Mid-Market,APAC,Pro,Referral,35,69.36,810,14.0,1,50.2,0.231,1,1123.35,16,1,56.0,0
C004026,Startup,APAC,Pro,Partner,7,82.27,1261,24.0,3,22.0,0.112,0,1927.78,23,5,57.5,0
C004027,Mid-Market,North America,Starter,Paid Search,42,33.1,1160,5.0,1,8.2,0.271,0,808.29,23,1,46.9,0
C004028,Enterprise,APAC,Free,Referral,415,0.0,830,21.0,1,34.5,0.324,1,138.99,22,1,63.4,1
C004029,SMB,APAC,Free,Referral,20,0.0,474,20.0,0,17.7,0.767,2,85.82000000000001,15,0,73.6,0
C004030,Enterprise,Europe,Free,Partner,122,0.0,868,23.0,1,26.8,0.543,0,12.06,15,3,73.0,0
C004031,Mid-Market,Europe,Pro,Sales,56,78.6,686,13.0,0,33.6,0.252,0,1873.38,23,0,57.5,0
C004032,Startup,North America,Starter,Organic,5,27.79,714,8.0,2,1.5,0.357,0,342.6,13,2,50.0,0
C004033,SMB,North America,Business,Partner,11,212.13,1076,14.0,2,71.5,0.173,0,4165.46,21,4,56.8,0
C004034,Enterprise,APAC,Business,Paid Search,295,226.24,1061,27.0,1,55.3,0.624,0,3714.78,16,1,81.9,0
C004035,SMB,North America,Starter,Paid Search,8,31.3,852,5.0,2,19.2,0.207,0,146.38,5,2,44.6,1
C004036,Mid-Market,North America,Starter,Paid Search,31,26.3,1415,18.0,2,34.5,0.313,0,991.92,37,2,60.9,0
C004037,Mid-Market,Europe,Starter,Paid Search,73,31.77,480,6.0,1,50.9,0.552,0,429.07,13,1,60.5,0
C004038,SMB,North America,Business,Paid Search,23,170.99,582,21.0,3,40.2,0.664,0,2709.64,14,4,73.2,0
C004039,SMB,APAC,Starter,Organic,21,30.59,1023,11.0,0,82.0,0.499,0,745.32,23,1,68.0,0
C004040,SMB,APAC,Free,Organic,12,0.0,926,24.0,1,29.0,0.512,0,55.53,15,1,73.2,0
C004041,Startup,APAC,Enterprise,Referral,2,352.19,990,4.0,1,64.7,0.341,0,7817.84,24,1,53.8,0
C004042,Mid-Market,North America,Pro,Paid Search,25,88.27,529,3.0,2,1.6,0.386,0,594.01,8,2,46.4,0
C004043,Startup,Europe,Starter,Organic,6,30.31,374,26.0,0,5.5,0.519,0,317.49,10,2,74.3,0
C004044,SMB,APAC,Business,Organic,7,183.61,1305,9.0,1,77.1,0.314,0,4011.1,23,1,58.7,0
C004045,Mid-Market,North America,Enterprise,Organic,50,7270.19,869,2.0,2,24.2,0.075,0,123866.11,16,2,38.5,0
C004046,Startup,APAC,Pro,Organic,4,72.38,1441,23.0,2,5.8,0.394,0,2387.43,33,2,64.9,0
C004047,Enterprise,Europe,Starter,Sales,424,27.35,814,11.0,2,33.8,0.147,0,421.98,15,2,49.6,0
C004048,SMB,North America,Pro,Partner,10,79.05,1105,25.0,2,66.6,0.606,0,1680.9,23,2,79.2,0
C004049,SMB,North America,Starter,Paid Search,16,25.12,980,12.0,0,15.9,0.556,0,287.94,12,1,64.0,0
C004050,Mid-Market,Europe,Pro,Paid Search,50,85.54,808,21.0,1,34.0,0.323,0,1190.24,13,2,65.3,0
C004051,Startup,North America,Starter,Organic,7,28.99,998,16.0,3,-11.4,0.234,1,669.12,22,3,48.7,0
C004052,Mid-Market,APAC,Pro,Referral,40,80.38,897,13.0,1,23.3,0.212,2,1429.41,18,2,49.8,0
C004053,Startup,Europe,Business,Sales,5,207.82,367,13.0,2,59.9,0.513,1,2537.44,12,3,63.0,0
C004054,Enterprise,North America,Enterprise,Organic,196,28124.49,302,7.0,0,15.4,0.517,0,73632.26999999999,2,1,58.3,0
C004055,Mid-Market,APAC,Business,Organic,24,205.14,1452,20.0,0,3.2,0.626,0,4276.7,20,1,72.0,0
C004056,Mid-Market,Europe,Free,Partner,46,0.0,920,14.0,1,15.6,0.862,0,90.28,21,1,73.4,0
C004057,Startup,North America,Starter,Organic,1,28.73,249,0.0,2,19.8,0.545,2,122.06,4,2,46.3,1
C004058,Mid-Market,LATAM,Pro,Organic,30,81.41,702,11.0,1,54.1,0.672,2,1322.08,17,1,64.9,0
C004059,Startup,APAC,Starter,Partner,4,26.76,1167,11.0,2,44.5,0.415,0,527.49,20,3,58.7,0
C004060,Mid-Market,Europe,Free,Partner,25,0.0,612,24.0,0,49.3,0.559,0,61.4,12,0,78.1,0
C004061,SMB,APAC,Business,Organic,11,193.84,1253,11.0,4,35.7,0.544,0,3223.98,16,4,58.7,0
C004062,Mid-Market,Europe,Starter,Referral,21,25.98,1429,15.0,2,19.5,0.19,0,892.59,34,4,53.0,0
C004063,Enterprise,Europe,Free,Organic,350,0.0,556,2.0,2,15.6,0.068,0,9.82,3,3,37.4,1
C004064,Startup,North America,Pro,Paid Search,2,84.33,724,10.0,1,45.8,0.739,0,1195.88,13,1,69.2,0
C004065,SMB,North America,Enterprise,Referral,10,1652.1,379,7.0,1,74.7,0.255,1,6552.09,4,1,52.9,1
C004066,SMB,Europe,Pro,Partner,16,70.91,967,13.0,0,11.5,0.333,0,1486.19,20,0,57.7,0
C004067,SMB,Europe,Starter,Partner,20,28.93,239,25.0,2,9.6,0.646,0,119.13,4,4,74.7,0
C004068,SMB,APAC,Pro,Partner,17,88.81,858,26.0,2,6.6,0.168,0,1485.42,17,6,60.9,0
C004069,SMB,Europe,Enterprise,Partner,17,3051.43,405,8.0,0,55.8,0.41,1,22986.510000000002,7,0,58.0,0
C004070,Startup,Europe,Free,Referral,4,0.0,1317,17.0,3,33.9,0.262,0,78.65,24,3,56.9,0
C004071,SMB,APAC,Pro,Partner,18,88.85,1322,26.0,2,48.9,0.197,3,3176.87,35,2,60.0,0
C004072,SMB,LATAM,Pro,Paid Search,18,87.26,341,6.0,1,22.3,0.293,0,386.82,5,1,49.9,0
C004073,SMB,North America,Pro,Referral,9,70.03,268,12.0,1,50.5,0.29,1,303.65999999999997,4,2,56.0,0
C004074,SMB,LATAM,Starter,Organic,9,27.08,113,14.0,1,27.8,0.622,0,17.84,1,2,67.4,0
C004075,SMB,APAC,Enterprise,Referral,4,593.94,996,0.0,1,-3.6,0.287,0,10999.03,18,3,41.8,0
C004076,SMB,North America,Starter,Organic,19,24.99,1429,13.0,1,58.1,0.441,1,599.43,24,1,62.1,0
C004077,SMB,North America,Free,Paid Search,3,0.0,59,3.0,0,34.1,0.578,1,0.0,1,1,56.4,0
C004078,SMB,North America,Free,Referral,17,0.0,601,8.0,0,27.2,0.553,0,39.01,14,1,61.5,0
C004079,Startup,Europe,Pro,Partner,3,68.38,1107,3.0,0,42.0,0.196,0,1843.26,27,2,47.8,0
C004080,Startup,Europe,Free,Organic,7,0.0,368,20.0,1,-1.1,0.322,0,10.81,2,1,60.9,0
C004081,Startup,Europe,Business,Paid Search,7,181.98,168,23.0,1,45.8,0.406,0,470.58,3,2,70.8,0
C004082,SMB,APAC,Business,Referral,6,184.83,1053,7.0,0,20.1,0.78,0,3494.45,20,0,66.7,0
C004083,SMB,North America,Free,Sales,20,0.0,360,1.0,3,31.1,0.455,0,37.84,3,3,48.2,1
C004084,Mid-Market,North America,Business,Paid Search,77,169.84,334,13.0,0,63.5,0.128,0,1106.1100000000001,6,3,56.8,0
C004085,SMB,APAC,Enterprise,Organic,23,3852.31,743,3.0,0,51.1,0.15,0,43988.91,11,1,47.3,0
C004086,Mid-Market,LATAM,Free,Paid Search,66,0.0,556,12.0,2,30.6,0.436,0,42.85,11,4,58.9,0
C004087,Enterprise,APAC,Pro,Paid Search,263,89.88,1075,15.0,1,32.5,0.562,1,2326.04,27,2,65.0,0
C004088,Startup,North America,Enterprise,Organic,5,895.19,132,13.0,1,-29.0,0.467,1,1811.81,2,2,54.2,1
C004089,Startup,North America,Business,Referral,5,171.55,55,14.0,2,14.5,0.437,0,751.59,4,3,59.1,0
C004090,SMB,North America,Pro,Paid Search,20,86.81,58,15.0,0,39.2,0.349,1,52.87,1,0,60.8,0
C004091,Mid-Market,Europe,Business,Paid Search,55,209.52,406,4.0,0,15.9,0.234,0,1609.36,8,0,47.2,0
C004092,SMB,North America,Pro,Paid Search,12,76.85,1400,19.0,1,1.8,0.432,0,2462.89,33,1,63.6,0
C004093,SMB,LATAM,Starter,Organic,24,26.66,936,18.0,2,47.0,0.572,0,286.03,10,3,69.9,0
C004094,Startup,Europe,Starter,Paid Search,7,29.59,824,4.0,1,67.7,0.365,0,505.29,18,3,54.8,0
C004095,Startup,Europe,Pro,Paid Search,4,88.7,88,12.0,0,17.0,0.294,0,329.68,4,1,56.2,1
C004096,Mid-Market,North America,Starter,Paid Search,64,25.65,678,8.0,1,56.9,0.702,2,345.88,13,1,63.4,1
C004097,Mid-Market,North America,Starter,Partner,49,32.65,694,11.0,0,53.1,0.143,0,481.17,14,0,54.4,0
C004098,Mid-Market,Europe,Starter,Paid Search,63,30.58,1251,21.0,2,10.6,0.649,0,661.3199999999999,23,2,71.3,0
C004099,Enterprise,APAC,Business,Partner,216,173.47,325,16.0,1,16.8,0.226,0,867.62,5,1,56.2,0
C004100,Mid-Market,North America,Pro,Sales,23,78.86,980,25.0,2,80.1,0.366,0,1777.84,21,2,73.3,0
C004101,Enterprise,APAC,Starter,Paid Search,254,25.16,1329,15.0,1,7.1,0.357,0,836.57,32,1,58.3,0
C004102,Enterprise,North America,Starter,Paid Search,99,30.65,48,1.0,1,19.8,0.296,0,36.49,1,1,45.3,1
C004103,Mid-Market,North America,Free,Referral,58,0.0,1189,19.0,1,84.1,0.169,1,91.55,27,1,61.9,0
C004104,Mid-Market,LATAM,Free,Paid Search,52,0.0,1437,2.0,0,20.8,0.237,1,201.7,45,1,44.0,0
C004105,SMB,North America,Pro,Paid Search,24,69.59,1349,9.0,0,68.8,0.164,0,1868.58,26,1,54.8,0
C004106,Enterprise,North America,Free,Referral,374,0.0,813,26.0,1,9.4,0.584,0,184.07,24,1,75.2,0
C004107,Startup,Europe,Enterprise,Partner,5,746.56,1313,27.0,2,38.5,0.096,2,19732.34,26,2,58.8,0
C004108,Mid-Market,North America,Starter,Sales,79,28.97,256,4.0,1,62.1,0.177,0,234.81,8,1,48.6,0
C004109,Enterprise,North America,Free,Paid Search,448,0.0,728,27.0,2,23.3,0.301,0,53.27,13,2,67.5,0
C004110,Enterprise,North America,Business,Paid Search,377,202.72,997,27.0,1,37.5,0.612,0,4976.46,24,3,79.7,0
C004111,SMB,North America,Starter,Organic,5,25.6,1456,24.0,0,53.6,0.842,0,859.96,36,0,87.0,0
C004112,Mid-Market,Europe,Starter,Organic,69,30.73,774,23.0,1,12.5,0.502,0,438.15999999999997,14,3,70.3,0
C004113,SMB,North America,Free,Paid Search,11,0.0,1244,2.0,1,91.0,0.408,0,158.09,27,1,56.6,0
C004114,Enterprise,APAC,Pro,Organic,112,89.75,62,3.0,0,60.9,0.206,0,154.97,2,1,49.9,0
C004115,Startup,APAC,Starter,Paid Search,1,29.71,1044,17.0,0,26.1,0.517,0,638.86,20,1,68.3,0
C004116,Mid-Market,North America,Business,Organic,50,223.36,781,2.0,1,29.1,0.401,0,3933.46,17,1,50.2,0
C004117,SMB,North America,Pro,Organic,13,69.15,1434,7.0,2,82.8,0.05,1,2347.27,32,4,46.0,0
C004118,Startup,North America,Business,Paid Search,5,187.55,1273,27.0,3,26.1,0.152,0,2858.07,17,3,61.8,0
C004119,Mid-Market,North America,Pro,Partner,55,80.28,1164,25.0,1,23.2,0.798,0,1934.63,25,2,82.1,0
C004120,Mid-Market,North America,Business,Paid Search,32,204.4,1387,7.0,0,63.7,0.575,1,6707.02,32,0,62.9,0
C004121,Startup,APAC,Pro,Referral,4,86.16,422,15.0,1,-0.0,0.026,1,766.02,9,1,45.7,0
C004122,Mid-Market,North America,Pro,Organic,61,67.52,109,15.0,1,33.0,0.582,0,80.87,1,1,67.7,0
C004123,Enterprise,Europe,Pro,Organic,163,83.93,51,7.0,0,37.1,0.412,1,71.43,1,1,55.3,0
C004124,SMB,Europe,Pro,Sales,3,80.24,1080,6.0,1,17.4,0.442,1,1915.43,25,2,51.9,0
C004125,Enterprise,APAC,Free,Sales,311,0.0,333,12.0,2,-4.1,0.459,1,18.3,2,2,54.1,1
C004126,Startup,North America,Pro,Paid Search,1,86.22,740,16.0,0,36.7,0.409,0,1098.24,12,0,65.2,0
C004127,SMB,North America,Starter,Paid Search,4,27.28,1395,22.0,1,52.2,0.394,0,580.73,22,1,70.2,0
C004128,SMB,LATAM,Pro,Referral,13,67.59,1331,23.0,0,18.0,0.274,0,1615.0,23,0,65.6,0
C004129,Mid-Market,North America,Free,Paid Search,20,0.0,677,0.0,1,5.5,0.613,0,62.14,21,2,52.4,0
C004130,SMB,Europe,Free,Organic,21,0.0,855,18.0,2,66.4,0.26,0,72.63,19,2,62.5,0
C004131,SMB,Europe,Free,Organic,18,0.0,1449,17.0,0,48.2,0.515,0,156.14000000000001,28,0,70.4,0
C004132,Enterprise,Europe,Starter,Organic,194,25.52,130,1.0,0,26.0,0.131,0,67.69,3,0,42.4,0
C004133,Startup,North America,Free,Referral,2,0.0,416,23.0,0,58.0,0.328,0,26.29,5,0,71.2,1
C004134,SMB,North America,Free,Partner,4,0.0,742,16.0,1,41.0,0.186,0,112.86,13,2,57.5,0
C004135,SMB,Europe,Pro,Organic,15,67.74,49,20.0,0,79.7,0.49,0,199.68,3,0,75.5,0
C004136,Mid-Market,Europe,Starter,Organic,26,25.12,72,18.0,1,51.6,0.51,0,21.6,1,1,70.0,0
C004137,Mid-Market,APAC,Enterprise,Organic,62,8430.58,68,9.0,1,0.3,0.09,0,36670.66,4,1,44.3,0
C004138,SMB,APAC,Business,Referral,13,172.65,1090,5.0,2,18.5,0.752,0,3879.03,22,2,60.9,0
C004139,SMB,LATAM,Free,Sales,18,0.0,201,10.0,1,19.7,0.598,0,0.0,2,1,62.3,1
C004140,Mid-Market,LATAM,Starter,Paid Search,31,30.38,739,21.0,1,42.7,0.511,0,485.16,16,1,71.8,0
C004141,Enterprise,APAC,Starter,Referral,169,29.03,422,17.0,1,27.4,0.276,1,316.76,10,2,57.7,1
C004142,Startup,North America,Starter,Organic,7,25.4,231,17.0,2,6.8,0.376,0,98.58,4,2,59.1,0
C004143,Mid-Market,Europe,Pro,Partner,53,75.58,1227,3.0,1,49.7,0.33,0,517.85,7,2,51.0,1
C004144,Mid-Market,Europe,Pro,Paid Search,43,76.77,819,0.0,0,60.0,0.457,1,1573.2,19,1,52.7,0
C004145,SMB,Europe,Pro,Organic,4,82.18,1276,18.0,0,32.4,0.608,0,3274.4,38,0,72.6,0
C004146,Enterprise,North America,Starter,Paid Search,325,26.92,1061,26.0,3,40.2,0.307,0,595.89,24,3,66.9,0
C004147,Enterprise,Europe,Pro,Referral,384,67.26,869,10.0,2,10.8,0.534,1,691.15,10,2,56.0,1
C004148,Enterprise,North America,Starter,Organic,182,25.21,237,12.0,1,21.9,0.578,0,159.15,6,2,63.7,1
C004149,Startup,North America,Business,Paid Search,5,172.15,227,26.0,0,23.0,0.399,0,279.1,2,0,72.5,0
C004150,Mid-Market,APAC,Enterprise,Referral,29,5084.67,903,6.0,1,49.0,0.574,0,92088.36,17,1,61.0,0
C004151,SMB,Europe,Starter,Referral,23,24.8,990,14.0,4,41.4,0.044,1,455.34,16,5,45.0,0
C004152,Startup,Europe,Business,Paid Search,3,185.99,702,2.0,1,26.8,0.429,0,2183.11,12,1,50.8,0
C004153,SMB,Europe,Business,Organic,20,189.99,157,7.0,2,25.8,0.2,1,402.06,2,2,44.8,1
C004154,SMB,Europe,Pro,Referral,21,86.38,64,10.0,2,-14.2,0.053,0,297.39,3,2,41.1,0
C004155,SMB,North America,Free,Organic,23,0.0,1136,19.0,0,75.1,0.39,0,84.86999999999999,14,0,71.2,0
C004156,Mid-Market,Europe,Business,Organic,78,211.79,1194,8.0,0,-17.1,0.648,2,4683.34,24,0,55.9,0
C004157,SMB,North America,Starter,Organic,11,30.27,450,12.0,1,45.5,0.36,1,341.24,11,1,57.6,0
C004158,Startup,Europe,Starter,Paid Search,2,29.79,1029,8.0,1,35.9,0.709,0,448.75,15,1,65.5,0
C004159,SMB,North America,Pro,Partner,18,89.76,1175,3.0,0,28.4,0.198,0,1967.66,22,1,46.5,0
C004160,SMB,LATAM,Starter,Referral,24,24.7,1416,22.0,2,34.8,0.577,0,871.55,32,2,72.4,0
C004161,Mid-Market,APAC,Free,Paid Search,28,0.0,884,18.0,0,18.4,0.154,0,45.28,16,0,57.5,0
C004162,Startup,Europe,Enterprise,Sales,4,670.34,900,18.0,3,51.3,0.283,0,16821.87,24,3,60.2,0
C004163,Mid-Market,North America,Starter,Partner,76,30.12,655,16.0,3,2.2,0.288,0,316.6,10,3,53.6,0
C004164,Startup,North America,Pro,Partner,3,90.36,1174,3.0,1,43.2,0.481,0,2060.84,22,3,54.9,0
C004165,Mid-Market,APAC,Pro,Organic,31,84.96,439,14.0,2,18.1,0.165,2,170.98000000000002,2,3,47.3,1
C004166,SMB,Europe,Free,Organic,21,0.0,488,19.0,3,24.3,0.28,1,35.75,10,3,56.3,1
C004167,Startup,APAC,Business,Partner,5,185.42,799,13.0,1,25.0,0.605,0,2801.51,15,1,65.8,0
C004168,SMB,APAC,Pro,Referral,16,88.38,1201,20.0,0,30.9,0.571,1,3220.77,35,2,71.1,0
C004169,Mid-Market,Europe,Pro,Organic,51,74.8,736,9.0,1,47.6,0.218,1,981.28,14,1,50.8,0
C004170,Startup,Europe,Pro,Paid Search,4,84.08,496,14.0,0,34.1,0.567,0,1010.6700000000001,13,0,67.9,0
C004171,Mid-Market,Europe,Enterprise,Paid Search,79,12007.82,928,10.0,1,58.3,0.455,1,183741.76,17,5,59.9,0
C004172,Mid-Market,Europe,Enterprise,Paid Search,49,8056.89,1084,27.0,1,61.1,0.614,0,114338.95999999999,13,1,82.1,0
C004173,SMB,Europe,Free,Organic,18,0.0,736,5.0,1,42.7,0.307,0,51.51,17,1,51.4,0
C004174,SMB,APAC,Starter,Organic,16,28.71,953,7.0,1,52.1,0.644,0,463.79,17,3,64.3,0
C004175,SMB,North America,Pro,Paid Search,17,76.85,888,19.0,1,85.6,0.219,0,1425.98,18,1,65.6,0
C004176,Mid-Market,North America,Enterprise,Referral,62,10770.04,962,1.0,0,-0.3,0.589,0,211388.74,20,0,53.5,0
C004177,SMB,North America,Business,Referral,8,204.36,1027,14.0,1,61.9,0.229,0,4712.39,24,2,59.1,0
C004178,Startup,LATAM,Starter,Organic,6,29.03,436,0.0,1,73.6,0.171,0,279.19,10,1,46.0,0
C004179,Enterprise,Europe,Business,Organic,309,198.64,802,14.0,1,45.8,0.149,0,5008.38,26,1,55.0,0
C004180,SMB,North America,Starter,Paid Search,14,28.72,793,8.0,1,82.6,0.452,1,261.72,9,1,60.5,1
C004181,SMB,Europe,Starter,Organic,9,31.71,527,5.0,2,79.3,0.059,0,544.4300000000001,18,3,46.2,0
C004182,Startup,Europe,Pro,Referral,6,78.97,944,13.0,0,26.6,0.201,1,1148.12,15,0,53.3,0
C004183,SMB,APAC,Starter,Paid Search,17,28.94,1316,9.0,1,28.5,0.382,0,693.99,24,1,55.8,0
C004184,Startup,LATAM,Pro,Referral,6,70.33,241,2.0,1,48.3,0.589,1,135.73,2,1,55.8,0
C004185,Mid-Market,APAC,Starter,Organic,61,26.78,1381,14.0,2,19.4,0.862,0,876.19,31,3,72.3,0
C004186,Mid-Market,APAC,Business,Sales,73,217.46,643,15.0,2,100.0,0.255,0,2832.95,13,2,63.0,0
C004187,Startup,North America,Enterprise,Referral,4,701.47,1080,18.0,0,54.7,0.544,2,14486.18,23,0,68.9,0
C004188,Startup,North America,Starter,Referral,5,27.7,1155,25.0,1,36.2,0.608,0,583.87,21,1,77.7,0
C004189,SMB,Europe,Pro,Sales,16,71.83,1401,19.0,0,-0.3,0.295,0,1813.35,26,0,60.8,0
C004190,SMB,Europe,Pro,Paid Search,3,85.87,173,22.0,1,41.3,0.321,0,144.17000000000002,2,1,66.9,0
C004191,SMB,North America,Starter,Organic,5,32.61,847,18.0,2,5.4,0.113,0,393.55,13,2,52.0,1
C004192,Enterprise,APAC,Business,Paid Search,205,210.96,971,18.0,2,54.0,0.295,0,4494.6,21,3,62.3,0
C004193,Startup,North America,Pro,Referral,2,76.11,401,22.0,1,-27.6,0.306,0,822.12,11,1,59.6,0
C004194,Startup,North America,Free,Referral,2,0.0,1405,18.0,1,69.6,0.407,0,139.54,29,1,68.7,0
C004195,SMB,North America,Business,Paid Search,23,221.48,653,14.0,1,24.4,0.685,1,3472.76,16,1,67.0,0
C004196,Mid-Market,APAC,Starter,Referral,61,25.97,753,20.0,0,-7.3,0.128,0,393.21,15,1,56.0,0
C004197,Mid-Market,APAC,Starter,Organic,70,25.06,669,27.0,0,34.6,0.379,1,291.1,13,1,71.9,0
C004198,Mid-Market,Europe,Starter,Organic,65,32.54,1283,13.0,0,35.4,0.398,0,643.14,20,1,62.1,0
C004199,SMB,APAC,Business,Partner,18,203.32,98,6.0,1,33.4,0.557,1,1169.4,5,1,56.9,0
C004200,SMB,APAC,Enterprise,Paid Search,10,1664.11,1119,11.0,0,69.5,0.456,0,34796.91,20,0,65.5,0
C004201,Mid-Market,North America,Starter,Organic,32,25.85,490,0.0,4,44.5,0.711,1,134.74,5,4,52.8,0
C004202,SMB,APAC,Free,Referral,3,0.0,392,8.0,1,54.9,0.682,0,90.69,8,1,66.6,1
C004203,Startup,North America,Free,Paid Search,5,0.0,969,24.0,2,28.8,0.44,0,104.84,20,2,69.5,0
C004204,Mid-Market,Europe,Pro,Paid Search,45,75.12,1274,2.0,0,45.7,0.544,0,1931.29,26,1,57.7,0
C004205,SMB,North America,Starter,Organic,7,30.48,1036,24.0,3,2.3,0.239,0,574.34,17,6,59.3,0
C004206,SMB,Europe,Starter,Organic,17,32.64,307,15.0,1,41.5,0.206,1,361.93,10,2,55.2,0
C004207,Mid-Market,Europe,Starter,Partner,38,32.65,164,8.0,1,16.0,0.089,0,210.65,6,2,44.9,0
C004208,SMB,North America,Pro,Referral,3,67.98,121,13.0,1,68.0,0.483,2,75.07,1,1,62.4,0
C004209,SMB,Europe,Pro,Organic,7,69.34,1137,24.0,2,36.9,0.425,0,1417.21,20,2,69.9,0
C004210,Mid-Market,Europe,Pro,Referral,63,80.1,593,3.0,0,51.6,0.679,0,765.52,10,1,63.2,0
C004211,Mid-Market,Europe,Starter,Referral,76,30.1,1245,15.0,3,41.6,0.514,0,326.33,12,4,63.5,0
C004212,Startup,North America,Pro,Referral,1,89.28,445,7.0,1,80.2,0.599,0,870.9,9,1,65.7,0
C004213,Mid-Market,North America,Pro,Partner,40,81.75,866,15.0,1,-4.0,0.518,1,1496.34,19,2,60.0,0
C004214,SMB,North America,Pro,Paid Search,4,86.06,440,22.0,0,32.2,0.108,0,530.34,7,0,61.1,0
C004215,SMB,APAC,Free,Referral,12,0.0,481,25.0,1,11.0,0.229,0,19.79,12,1,63.8,0
C004216,Startup,APAC,Starter,Paid Search,3,28.42,41,7.0,1,-16.2,0.271,0,0.0,0,1,46.3,0
C004217,SMB,North America,Pro,Organic,14,75.11,762,18.0,2,9.4,0.592,0,878.46,11,3,66.8,0
C004218,Startup,APAC,Starter,Paid Search,3,30.21,972,11.0,0,64.3,0.515,1,1012.5699999999999,33,1,64.7,0
C004219,SMB,Europe,Pro,Paid Search,24,82.45,707,14.0,0,34.2,0.293,1,1382.6399999999999,16,1,57.7,0
C004220,SMB,LATAM,Starter,Paid Search,4,27.75,1228,4.0,3,29.5,0.591,1,689.63,24,3,52.8,0
C004221,Mid-Market,North America,Starter,Sales,29,27.32,1301,23.0,1,54.3,0.705,0,591.41,22,3,80.6,0
C004222,Mid-Market,Europe,Pro,Paid Search,55,69.81,718,4.0,0,37.9,0.234,0,1182.97,18,0,49.4,1
C004223,SMB,Europe,Starter,Organic,5,25.48,280,1.0,1,50.3,0.605,1,215.37,9,1,55.6,0
C004224,Mid-Market,North America,Starter,Sales,50,25.41,698,21.0,1,43.1,0.6,0,327.03,13,1,74.6,0
C004225,SMB,North America,Business,Organic,21,210.93,342,11.0,1,48.6,0.591,0,2518.91,11,1,65.9,0
C004226,Mid-Market,North America,Starter,Organic,73,29.28,1206,1.0,0,23.8,0.571,0,653.91,23,0,55.4,0
C004227,Enterprise,Europe,Enterprise,Referral,119,21154.54,818,19.0,0,61.2,0.196,1,272190.14,12,0,62.0,0
C004228,Mid-Market,APAC,Starter,Sales,62,25.63,584,7.0,1,4.7,0.423,0,260.74,10,1,52.9,0
C004229,SMB,APAC,Business,Partner,16,228.8,963,27.0,1,32.9,0.748,0,3568.14,16,2,83.3,0
C004230,SMB,North America,Business,Paid Search,15,196.16,1440,27.0,1,62.4,0.264,0,6569.76,34,1,71.8,0
C004231,Startup,APAC,Free,Paid Search,2,0.0,1355,15.0,1,31.1,0.328,1,39.6,21,1,57.8,0
C004232,SMB,North America,Pro,Referral,9,72.59,134,13.0,3,24.2,0.74,0,147.08,2,4,66.7,0
C004233,Startup,LATAM,Pro,Sales,6,74.7,595,12.0,5,92.2,0.498,0,916.98,13,5,62.4,0
C004234,SMB,North America,Pro,Organic,15,70.04,1082,16.0,0,70.5,0.707,0,1713.66,25,1,77.5,0
C004235,Enterprise,APAC,Starter,Referral,440,27.72,1090,25.0,2,38.5,0.562,0,485.17,17,2,75.0,0
C004236,Startup,LATAM,Enterprise,Partner,4,614.79,1404,17.0,1,10.7,0.583,0,15795.37,27,2,67.2,0
C004237,Enterprise,APAC,Pro,Organic,308,74.85,109,2.0,0,-15.9,0.642,0,47.46,1,0,54.5,0
C004238,SMB,APAC,Enterprise,Organic,21,3765.35,1306,5.0,1,52.7,0.351,2,93577.97,24,1,49.8,0
C004239,SMB,North America,Business,Organic,5,219.86,374,17.0,1,66.6,0.7,0,1205.31,6,1,76.3,0
C004240,Mid-Market,APAC,Business,Sales,75,175.5,1117,10.0,2,44.9,0.736,0,3282.59,20,2,67.5,0
C004241,SMB,Europe,Pro,Paid Search,22,76.44,981,13.0,0,-7.8,0.707,0,1777.69,26,1,67.0,0
C004242,Mid-Market,Europe,Pro,Referral,69,74.64,1069,11.0,1,39.0,0.373,0,1560.42,21,1,58.4,0
C004243,Enterprise,LATAM,Business,Organic,96,224.69,281,16.0,2,22.8,0.474,0,2249.76,10,2,62.8,0
C004244,Enterprise,North America,Pro,Referral,363,81.42,1414,6.0,2,39.0,0.617,1,2216.87,28,3,57.8,0
C004245,Enterprise,Europe,Free,Paid Search,255,0.0,957,2.0,2,83.6,0.047,0,112.13,28,2,43.6,0
C004246,Enterprise,LATAM,Pro,Sales,408,76.96,1061,6.0,1,54.7,0.47,0,1973.0,26,2,58.4,0
C004247,SMB,North America,Free,Paid Search,3,0.0,1070,18.0,2,49.4,0.534,0,52.75,12,3,69.0,0
C004248,SMB,North America,Enterprise,Referral,14,1994.69,1185,17.0,2,33.9,0.451,0,42550.64,20,2,64.1,0
C004249,SMB,North America,Pro,Partner,19,69.92,156,22.0,3,45.4,0.372,0,191.77,3,4,65.8,0
C004250,SMB,APAC,Pro,Paid Search,19,81.68,919,3.0,0,16.9,0.44,1,1589.74,20,0,50.6,0
C004251,Enterprise,APAC,Starter,Sales,298,29.56,862,3.0,2,48.9,0.419,0,361.96,11,3,52.1,1
C004252,Mid-Market,North America,Pro,Paid Search,34,88.32,910,3.0,1,30.2,0.501,0,1888.18,21,1,54.2,0
C004253,SMB,Europe,Starter,Sales,5,30.63,59,15.0,0,14.4,0.106,0,36.71,1,0,53.0,1
C004254,Startup,Europe,Pro,Organic,2,72.19,976,16.0,0,55.4,0.079,0,1267.33,18,0,57.2,0
C004255,SMB,Europe,Pro,Partner,13,79.49,972,4.0,0,-20.8,0.334,1,1483.0,19,0,44.5,0
C004256,Enterprise,Europe,Pro,Sales,222,68.15,992,12.0,1,21.4,0.873,0,1381.64,20,2,72.5,0
C004257,SMB,LATAM,Starter,Sales,13,30.35,993,1.0,0,50.3,0.365,0,547.23,17,1,51.9,0
C004258,Startup,North America,Pro,Paid Search,5,70.05,1332,17.0,2,65.6,0.712,1,1409.46,20,2,73.1,0
C004259,SMB,North America,Pro,Paid Search,4,77.0,596,15.0,0,46.8,0.394,0,1072.65,13,0,64.9,0
C004260,Mid-Market,Europe,Business,Referral,55,171.45,1424,0.0,2,18.2,0.541,0,3987.2400000000002,22,2,50.0,0
C004261,Enterprise,Europe,Business,Paid Search,201,208.95,1137,2.0,0,33.7,0.33,1,3795.81,17,0,48.1,0
C004262,SMB,Europe,Business,Sales,12,209.99,1171,19.0,4,42.3,0.521,0,3538.19,17,5,65.8,1
C004263,Startup,North America,Starter,Organic,1,25.92,1044,25.0,0,74.0,0.52,0,646.11,24,1,80.3,0
C004264,SMB,North America,Free,Organic,18,0.0,378,23.0,2,58.0,0.154,0,40.75,9,2,63.0,0
C004265,Mid-Market,LATAM,Enterprise,Referral,21,3177.09,603,15.0,0,58.2,0.408,0,41823.12,12,0,66.5,0
C004266,SMB,North America,Enterprise,Paid Search,4,734.16,44,14.0,0,36.6,0.272,0,712.0,1,0,59.3,0
C004267,Startup,Europe,Free,Paid Search,1,0.0,958,22.0,4,8.2,0.337,0,117.03,19,5,59.6,1
C004268,SMB,APAC,Pro,Paid Search,3,78.13,133,23.0,1,-0.2,0.127,0,362.97,5,4,57.8,0
C004269,Startup,North America,Starter,Sales,7,31.67,1396,25.0,0,27.5,0.419,1,354.21000000000004,11,0,70.6,1
C004270,Mid-Market,North America,Free,Partner,64,0.0,739,11.0,4,52.5,0.54,1,71.03,13,6,58.3,0
C004271,Mid-Market,North America,Enterprise,Sales,66,9333.58,318,13.0,0,22.5,0.566,2,49751.39,5,1,61.8,0
C004272,SMB,Europe,Enterprise,Paid Search,18,3073.54,700,2.0,0,49.3,0.48,0,56195.840000000004,17,1,56.1,0
C004273,SMB,North America,Enterprise,Paid Search,19,3396.48,126,4.0,1,15.1,0.477,0,4453.18,2,2,52.9,0
C004274,Startup,Europe,Free,Organic,2,0.0,1011,10.0,1,19.0,0.556,2,126.95,24,1,57.0,1
C004275,SMB,North America,Pro,Paid Search,23,85.73,1413,22.0,2,70.2,0.388,0,2612.01,29,3,70.3,0
C004276,Mid-Market,North America,Business,Organic,79,172.69,354,12.0,1,54.2,0.492,1,2494.23,13,2,62.4,0
C004277,Mid-Market,North America,Pro,Organic,64,75.41,1363,16.0,2,27.3,0.319,2,2059.66,29,2,54.6,0
C004278,SMB,North America,Starter,Paid Search,8,31.32,367,24.0,2,14.2,0.964,0,139.72,5,4,83.8,0
C004279,Mid-Market,North America,Pro,Referral,52,78.49,412,13.0,3,58.7,0.386,1,717.89,9,4,57.6,0
C004280,SMB,LATAM,Free,Paid Search,6,0.0,253,9.0,1,56.9,0.546,0,19.64,3,2,63.6,1
C004281,Mid-Market,North America,Pro,Paid Search,70,73.87,776,20.0,0,51.0,0.42,1,1650.22,22,0,68.6,0
C004282,Mid-Market,Europe,Business,Paid Search,22,209.09,180,8.0,2,30.6,0.547,0,557.06,3,2,58.6,0
C004283,SMB,Europe,Free,Paid Search,5,0.0,1218,10.0,3,7.6,0.237,2,161.03,27,4,43.3,0
C004284,Enterprise,APAC,Starter,Referral,88,26.38,839,24.0,1,34.6,0.15,0,449.49,18,1,62.9,0
C004285,SMB,Europe,Pro,Referral,16,71.56,1286,12.0,0,70.2,0.758,0,1643.28,23,0,75.5,0
C004286,SMB,North America,Pro,Referral,22,68.22,364,7.0,0,12.3,0.437,0,373.11,6,1,55.6,0
C004287,SMB,Europe,Starter,Organic,5,27.97,439,23.0,1,36.2,0.194,0,173.03,7,1,63.5,0
C004288,SMB,North America,Free,Paid Search,18,0.0,307,17.0,0,75.9,0.348,1,43.97,4,0,66.2,0
C004289,SMB,APAC,Business,Referral,16,200.63,367,21.0,0,27.4,0.437,0,2044.59,10,1,69.6,0
C004290,Startup,North America,Starter,Sales,4,27.06,1019,9.0,0,31.8,0.124,0,719.87,27,1,49.9,0
C004291,Mid-Market,APAC,Pro,Paid Search,34,90.59,1363,21.0,1,1.2,0.198,0,2316.04,27,1,58.3,0
C004292,Mid-Market,Europe,Pro,Paid Search,46,87.81,132,26.0,0,50.6,0.091,2,61.59,1,0,62.0,0
C004293,SMB,Europe,Starter,Referral,5,29.43,756,4.0,5,16.5,0.38,1,500.11,17,6,42.1,1
C004294,SMB,North America,Pro,Sales,17,88.46,1326,5.0,0,-3.9,0.665,0,3172.89,35,2,59.0,0
C004295,SMB,Europe,Pro,Paid Search,18,89.97,135,15.0,0,11.2,0.207,1,177.04,2,1,53.7,0
C004296,SMB,APAC,Pro,Organic,10,81.37,39,20.0,3,40.2,0.092,1,76.19,1,3,53.1,0
C004297,SMB,Europe,Pro,Referral,23,75.63,823,0.0,0,-4.5,0.092,0,1058.97,14,1,37.3,0
C004298,Mid-Market,North America,Starter,Referral,58,32.33,359,15.0,0,0.4,0.528,0,150.94,5,0,64.3,1
C004299,SMB,North America,Starter,Organic,6,26.97,1409,3.0,1,49.0,0.185,0,930.51,36,1,46.6,0
C004300,Mid-Market,North America,Pro,Paid Search,63,74.93,1327,27.0,3,33.2,0.356,0,2499.93,32,4,68.6,0
C004301,SMB,APAC,Pro,Partner,19,82.55,1065,20.0,0,12.2,0.705,0,1772.92,22,1,75.2,0
C004302,SMB,Europe,Starter,Referral,17,24.94,522,27.0,1,27.0,0.396,0,212.73,9,1,72.2,0
C004303,SMB,APAC,Starter,Referral,24,25.67,1270,6.0,2,78.5,0.509,0,660.61,27,2,60.5,0
C004304,Mid-Market,APAC,Pro,Organic,60,80.29,1412,22.0,0,67.0,0.199,1,1596.85,19,0,65.3,0
C004305,Startup,Europe,Free,Organic,2,0.0,504,10.0,1,32.3,0.475,0,53.120000000000005,11,1,59.9,0
C004306,SMB,Europe,Enterprise,Referral,18,3183.82,359,2.0,1,55.4,0.146,0,13419.88,4,1,45.2,0
C004307,SMB,Europe,Pro,Organic,8,87.86,403,13.0,0,38.0,0.563,0,759.83,8,0,67.3,0
C004308,Startup,Europe,Free,Paid Search,6,0.0,318,13.0,1,-9.4,0.489,0,59.85,9,2,58.8,0
C004309,SMB,North America,Pro,Paid Search,19,69.34,312,14.0,0,-13.8,0.789,1,508.86,8,2,67.8,0
C004310,SMB,APAC,Starter,Paid Search,19,27.09,599,23.0,2,12.3,0.784,0,293.49,11,3,77.3,1
C004311,Mid-Market,LATAM,Enterprise,Referral,37,6061.19,718,7.0,0,-4.4,0.246,0,93273.27,15,0,48.2,0
C004312,Mid-Market,Europe,Enterprise,Organic,29,4015.53,235,17.0,0,41.8,0.05,0,16810.79,4,3,55.9,0
C004313,Mid-Market,LATAM,Business,Referral,42,190.29,963,5.0,0,21.3,0.32,0,4093.81,22,0,51.2,0
C004314,Enterprise,LATAM,Pro,Partner,400,71.38,1321,24.0,2,45.6,0.373,0,1712.19,26,2,69.2,0
C004315,SMB,Europe,Enterprise,Paid Search,4,653.82,385,12.0,0,46.0,0.163,0,2897.92,4,1,55.2,0
C004316,Mid-Market,APAC,Pro,Referral,58,87.82,1066,22.0,2,52.3,0.683,0,2136.42,23,3,77.4,0
C004317,SMB,Europe,Business,Organic,3,222.81,61,7.0,1,11.7,0.74,0,355.68,2,1,63.1,0
C004318,Mid-Market,North America,Starter,Referral,51,25.5,868,8.0,0,47.9,0.502,0,459.81,18,0,62.0,0
C004319,Mid-Market,North America,Enterprise,Organic,24,3368.85,242,27.0,2,11.1,0.52,0,15272.279999999999,4,2,72.8,0
C004320,Startup,Europe,Pro,Sales,6,84.35,1400,5.0,2,52.8,0.683,1,2535.7599999999998,29,3,60.2,0
C004321,SMB,APAC,Starter,Organic,22,24.7,518,15.0,3,65.6,0.809,0,308.61,12,4,74.7,0
C004322,Startup,North America,Enterprise,Partner,5,798.3,820,9.0,0,53.1,0.433,0,9611.85,11,0,61.3,1
C004323,SMB,APAC,Pro,Organic,17,82.79,799,10.0,1,30.6,0.212,0,1761.39,20,1,51.8,0
C004324,Enterprise,Europe,Enterprise,Paid Search,429,66262.73,1081,19.0,2,49.2,0.612,0,1834068.72,27,3,72.2,0
C004325,SMB,APAC,Free,Organic,20,0.0,72,21.0,3,-3.3,0.303,0,0.0,1,3,58.0,1
C004326,SMB,North America,Pro,Organic,11,77.58,899,13.0,1,-9.0,0.197,0,1753.99,21,1,50.1,0
C004327,Enterprise,Europe,Pro,Organic,317,74.16,244,17.0,0,46.7,0.362,3,352.63,5,0,59.7,0
C004328,Startup,North America,Free,Organic,7,0.0,853,1.0,2,67.7,0.439,0,55.92,14,4,52.8,0
C004329,SMB,North America,Business,Referral,20,217.11,1391,6.0,3,4.2,0.245,0,4479.11,21,3,43.6,0
C004330,SMB,North America,Pro,Paid Search,22,86.96,203,20.0,0,35.4,0.393,1,548.38,5,0,66.2,0
C004331,SMB,North America,Starter,Organic,9,29.85,1196,18.0,2,46.0,0.573,0,867.48,29,4,69.9,0
C004332,SMB,North America,Pro,Sales,4,74.35,1074,1.0,1,19.6,0.785,0,2022.97,28,1,59.9,0
C004333,Mid-Market,Europe,Free,Partner,18,0.0,229,24.0,5,26.5,0.352,0,26.44,4,6,62.1,1
C004334,Startup,Europe,Business,Organic,1,211.15,182,11.0,1,50.3,0.396,1,179.45,1,1,58.2,0
C004335,SMB,North America,Business,Paid Search,22,197.45,150,8.0,1,37.7,0.586,0,200.65,1,1,62.0,0
C004336,Mid-Market,APAC,Pro,Paid Search,51,70.04,851,12.0,1,37.8,0.375,0,1518.4,22,1,59.2,0
C004337,Enterprise,Europe,Pro,Partner,228,82.9,378,11.0,2,10.4,0.389,0,76.58,1,2,54.5,0
C004338,SMB,LATAM,Starter,Referral,7,25.46,992,14.0,2,34.2,0.363,0,740.5600000000001,29,2,58.8,0
C004339,Startup,Europe,Starter,Partner,2,33.24,402,4.0,0,25.1,0.388,0,380.95,12,0,52.7,0
C004340,Startup,North America,Business,Sales,7,188.29,742,3.0,2,26.4,0.668,1,3190.93,17,2,55.4,0
C004341,SMB,LATAM,Starter,Referral,11,26.03,1386,27.0,0,21.5,0.282,0,682.21,27,0,69.7,0
C004342,Startup,APAC,Starter,Sales,3,29.83,863,20.0,0,34.3,0.242,1,469.77,18,2,61.5,0
C004343,SMB,Europe,Starter,Partner,19,31.22,792,10.0,1,13.3,0.201,1,447.38,15,1,47.8,0
C004344,Mid-Market,Europe,Pro,Partner,33,84.18,1092,23.0,0,35.3,0.072,0,1828.71,20,0,61.2,0
C004345,SMB,Europe,Business,Referral,3,185.12,925,22.0,1,25.9,0.754,1,2927.24,16,2,76.4,0
C004346,Enterprise,Europe,Starter,Referral,346,29.35,742,19.0,1,11.7,0.603,0,173.99,7,2,69.7,1
C004347,Mid-Market,APAC,Starter,Organic,73,30.67,1389,20.0,1,-13.7,0.165,1,796.09,24,1,52.9,1
C004348,SMB,Europe,Free,Organic,17,0.0,1243,26.0,1,58.7,0.159,1,154.12,19,2,65.4,0
C004349,Mid-Market,North America,Starter,Organic,41,28.86,364,23.0,1,53.7,0.767,1,268.31,9,1,80.4,0
C004350,Startup,North America,Starter,Organic,4,24.72,957,7.0,1,14.9,0.675,0,609.28,24,2,61.5,0
C004351,Startup,North America,Business,Sales,2,194.37,591,20.0,2,52.0,0.365,0,1791.1699999999998,9,3,66.0,0
C004352,Mid-Market,North America,Pro,Referral,19,81.72,651,4.0,1,9.4,0.583,0,1883.46,25,1,55.5,0
C004353,SMB,North America,Free,Organic,3,0.0,672,14.0,2,27.3,0.342,0,91.64,13,2,57.5,1
C004354,SMB,APAC,Pro,Paid Search,19,89.09,869,1.0,1,21.7,0.306,0,1543.51,16,1,45.7,0
C004355,Mid-Market,North America,Business,Organic,39,179.82,769,4.0,2,28.1,0.566,1,1686.3,11,3,53.4,0
C004356,Mid-Market,North America,Starter,Referral,47,25.98,282,20.0,0,51.2,0.525,1,156.5,5,0,71.7,0
C004357,Mid-Market,North America,Starter,Sales,36,24.66,80,10.0,0,25.0,0.332,0,107.46000000000001,4,1,56.4,0
C004358,Mid-Market,Europe,Business,Organic,36,184.07,1093,4.0,0,26.5,0.319,1,3983.0699999999997,22,0,48.8,0
C004359,Mid-Market,Europe,Free,Paid Search,62,0.0,503,27.0,1,53.6,0.602,0,24.240000000000002,6,2,81.0,0
C004360,Enterprise,Europe,Business,Sales,490,212.1,74,26.0,0,36.5,0.55,2,884.05,4,0,74.4,0
C004361,Mid-Market,LATAM,Business,Partner,31,178.11,1450,6.0,0,20.2,0.42,0,5049.55,30,0,55.0,0
C004362,Startup,LATAM,Business,Referral,2,224.88,338,16.0,0,41.0,0.119,0,1495.48,6,1,57.0,0
C004363,Enterprise,APAC,Free,Paid Search,111,0.0,750,8.0,1,59.8,0.719,0,71.34,11,2,68.2,0
C004364,Mid-Market,APAC,Free,Organic,40,0.0,77,22.0,0,61.4,0.221,0,14.71,3,0,67.4,0
C004365,SMB,North America,Business,Partner,14,176.64,634,19.0,0,1.9,0.063,0,2042.1,13,1,54.0,0
C004366,Mid-Market,Europe,Pro,Organic,15,88.23,262,12.0,3,3.1,0.482,0,476.35,6,3,56.0,0
C004367,SMB,North America,Starter,Referral,20,29.87,1223,26.0,1,60.0,0.386,1,662.05,22,2,72.3,0
C004368,Enterprise,APAC,Pro,Referral,145,70.41,1257,20.0,0,27.8,0.27,0,1643.61,26,0,63.7,0
C004369,SMB,North America,Free,Paid Search,3,0.0,135,4.0,1,-20.0,0.613,1,8.09,4,2,51.5,1
C004370,SMB,North America,Pro,Paid Search,20,68.03,708,12.0,0,16.8,0.253,0,1295.09,18,2,55.0,0
C004371,SMB,North America,Enterprise,Referral,5,697.42,662,23.0,2,24.0,0.366,0,7252.92,10,2,65.9,0
C004372,SMB,Europe,Pro,Sales,10,71.56,1217,15.0,1,27.2,0.583,0,2300.09,32,1,67.1,0
C004373,SMB,APAC,Pro,Paid Search,18,77.25,1136,2.0,2,54.1,0.348,1,1604.61,22,4,47.6,0
C004374,Mid-Market,North America,Enterprise,Referral,61,10677.23,290,21.0,0,11.8,0.404,1,56644.47,5,0,65.0,0
C004375,Mid-Market,Europe,Pro,Organic,76,83.06,1027,13.0,0,58.4,0.693,0,1482.81,17,0,73.2,0
C004376,SMB,North America,Free,Sales,18,0.0,625,6.0,1,42.1,0.641,0,27.740000000000002,7,1,62.3,0
C004377,Enterprise,APAC,Pro,Partner,309,68.95,1008,22.0,2,2.8,0.101,1,1107.74,17,3,53.0,0
C004378,Mid-Market,North America,Free,Organic,29,0.0,1084,24.0,1,27.0,0.188,0,110.72,24,1,63.3,0
C004379,SMB,North America,Starter,Referral,8,28.51,1223,16.0,0,47.4,0.143,1,825.34,30,0,56.3,0
C004380,Enterprise,Europe,Pro,Referral,105,89.39,131,20.0,4,36.0,0.373,0,262.28,3,4,61.6,0
C004381,Enterprise,Europe,Starter,Referral,299,30.11,116,6.0,3,44.5,0.378,0,61.349999999999994,2,4,51.6,0
C004382,SMB,APAC,Free,Paid Search,17,0.0,1296,20.0,2,20.3,0.305,0,159.21,27,3,61.0,0
C004383,Mid-Market,Europe,Pro,Referral,25,67.28,955,25.0,1,48.9,0.751,0,1234.08,18,2,83.2,0
C004384,Startup,LATAM,Starter,Referral,7,25.22,654,6.0,0,25.0,0.324,0,99.18,4,0,52.6,1
C004385,Startup,North America,Pro,Paid Search,1,71.33,912,26.0,0,98.7,0.621,0,948.28,13,1,86.7,0
C004386,Startup,North America,Starter,Organic,4,30.12,429,2.0,1,2.0,0.299,1,226.96,7,3,42.5,0
C004387,SMB,LATAM,Pro,Sales,3,70.56,1088,12.0,2,100.0,0.619,0,1570.32,22,2,71.3,0
C004388,Mid-Market,North America,Business,Partner,72,171.64,1376,2.0,1,11.2,0.503,0,3328.42,20,2,51.5,0
C004389,SMB,APAC,Free,Paid Search,18,0.0,979,12.0,2,66.8,0.305,0,39.31,22,2,58.5,0
C004390,SMB,North America,Business,Referral,9,179.75,606,18.0,1,55.7,0.439,0,1880.83,11,1,68.3,0
C004391,SMB,Europe,Starter,Organic,10,26.6,1202,24.0,0,12.3,0.343,0,688.55,27,0,67.9,0
C004392,Mid-Market,North America,Starter,Referral,53,33.05,294,4.0,1,50.0,0.212,0,387.46,11,2,48.4,0
C004393,Enterprise,Europe,Starter,Paid Search,464,31.73,1443,24.0,1,22.6,0.468,0,720.98,24,1,71.2,0
C004394,Mid-Market,APAC,Starter,Organic,63,31.92,1364,27.0,2,41.9,0.521,0,888.27,29,2,75.9,0
C004395,Mid-Market,North America,Free,Sales,59,0.0,733,1.0,0,38.7,0.237,0,42.28,7,0,46.9,1
C004396,Mid-Market,North America,Business,Referral,37,227.1,728,26.0,3,26.3,0.523,1,2570.37,12,6,70.0,0
C004397,Startup,North America,Business,Organic,4,197.87,1039,25.0,1,24.2,0.701,0,4621.6,23,2,79.3,0
C004398,Enterprise,North America,Enterprise,Sales,230,32204.13,1091,0.0,1,43.5,0.288,0,659853.04,23,2,46.5,0
C004399,SMB,North America,Enterprise,Sales,12,1810.99,1361,1.0,2,12.4,0.276,0,57972.02,32,2,42.4,0
C004400,Startup,LATAM,Starter,Referral,7,25.54,513,20.0,1,13.3,0.834,1,131.57999999999998,5,1,75.7,0
C004401,Mid-Market,North America,Free,Organic,38,0.0,918,11.0,0,58.9,0.584,0,91.56,12,1,68.2,0
C004402,SMB,Europe,Free,Organic,18,0.0,1291,7.0,3,45.7,0.48,1,139.72,35,3,53.7,0
C004403,SMB,Europe,Pro,Referral,7,73.08,889,11.0,0,2.3,0.265,2,953.77,13,1,49.0,0
C004404,Mid-Market,North America,Business,Sales,33,173.19,121,9.0,1,9.9,0.314,0,188.44,1,1,51.9,0
C004405,SMB,North America,Starter,Organic,7,26.88,1087,27.0,3,-18.4,0.437,0,673.21,26,3,65.9,0
C004406,Startup,APAC,Starter,Paid Search,4,27.61,181,6.0,2,57.7,0.773,0,88.96,3,2,66.3,0
C004407,SMB,Europe,Starter,Organic,11,32.6,1090,2.0,1,52.2,0.239,0,597.87,17,1,47.7,1
C004408,Startup,APAC,Business,Paid Search,1,180.44,1195,23.0,1,7.8,0.576,0,6312.9,36,1,72.1,0
C004409,Startup,Europe,Pro,Partner,5,86.77,1088,23.0,1,51.2,0.394,1,2698.44,30,1,69.0,0
C004410,Mid-Market,Europe,Pro,Organic,43,86.53,998,25.0,4,84.6,0.902,0,1775.6399999999999,21,4,86.8,0
C004411,SMB,APAC,Pro,Partner,13,80.45,1288,27.0,0,-3.5,0.28,0,1849.38,22,0,67.2,0
C004412,SMB,APAC,Starter,Partner,9,28.46,620,1.0,3,19.6,0.413,0,358.5,12,4,45.7,0
C004413,SMB,LATAM,Starter,Paid Search,24,28.14,984,21.0,0,-4.0,0.462,1,440.95,15,1,65.2,1
C004414,SMB,North America,Business,Sales,18,223.5,434,7.0,0,58.7,0.351,0,1302.02,6,0,57.6,0
C004415,SMB,LATAM,Business,Organic,7,226.09,758,11.0,1,32.6,0.72,0,4711.68,20,3,68.2,0
C004416,Startup,APAC,Starter,Organic,5,30.75,828,12.0,1,25.0,0.06,1,766.33,24,1,46.5,0
C004417,Mid-Market,APAC,Starter,Paid Search,53,32.16,787,27.0,0,40.7,0.133,0,511.36,16,3,67.2,0
C004418,SMB,Europe,Free,Paid Search,5,0.0,1237,14.0,1,21.1,0.385,0,210.58,32,1,59.7,0
C004419,Mid-Market,LATAM,Free,Organic,53,0.0,441,6.0,0,25.0,0.13,1,6.92,1,0,44.8,1
C004420,SMB,Europe,Free,Sales,20,0.0,1312,2.0,0,41.9,0.544,0,125.49000000000001,22,0,57.3,0
C004421,SMB,APAC,Starter,Organic,5,28.26,429,16.0,0,19.7,0.356,0,253.06,10,1,61.9,0
C004422,SMB,APAC,Pro,Organic,15,73.05,31,23.0,1,23.3,0.576,0,174.16000000000003,2,3,73.6,0
C004423,SMB,APAC,Business,Referral,22,214.12,368,19.0,2,31.1,0.309,0,1297.74,7,3,61.3,0
C004424,SMB,APAC,Business,Sales,13,187.13,809,26.0,2,37.3,0.439,0,2783.57,15,3,72.1,0
C004425,Mid-Market,North America,Pro,Paid Search,76,83.83,1011,1.0,1,50.0,0.15,0,2189.5,24,1,43.9,0
C004426,Mid-Market,North America,Enterprise,Organic,57,8646.17,213,11.0,1,49.6,0.2,0,45330.7,5,1,54.3,0
C004427,Mid-Market,North America,Enterprise,Paid Search,50,6941.29,1093,17.0,2,-2.5,0.269,1,143955.36,19,3,53.0,0
C004428,Startup,APAC,Starter,Organic,3,32.41,771,24.0,1,70.2,0.783,0,517.03,17,2,85.4,0
C004429,Mid-Market,APAC,Free,Paid Search,34,0.0,358,8.0,1,36.5,0.089,1,25.94,1,1,45.0,1
C004430,Startup,APAC,Starter,Partner,7,26.65,142,18.0,2,26.7,0.261,1,56.14,2,3,56.6,1
C004431,Mid-Market,APAC,Business,Paid Search,27,201.1,144,5.0,1,12.4,0.682,1,761.76,5,1,57.7,0
C004432,SMB,Europe,Free,Paid Search,4,0.0,1335,16.0,0,84.7,0.414,0,184.33,31,0,70.2,0
C004433,SMB,North America,Starter,Referral,10,24.75,176,21.0,1,94.0,0.659,0,65.33000000000001,2,4,81.4,0
C004434,SMB,Europe,Pro,Organic,18,67.73,1297,22.0,0,81.7,0.702,0,2423.93,35,0,83.9,0
C004435,SMB,APAC,Pro,Organic,13,90.63,625,12.0,2,38.0,0.053,1,1102.6,12,3,46.1,0
C004436,SMB,Europe,Pro,Referral,13,86.01,131,13.0,0,43.6,0.542,1,183.62,2,0,65.2,0
C004437,Startup,APAC,Business,Organic,2,219.59,524,24.0,1,72.3,0.669,0,2253.69,10,3,82.2,0
C004438,SMB,LATAM,Pro,Organic,16,78.81,106,15.0,1,29.0,0.244,0,272.37,3,1,57.1,0
C004439,Enterprise,North America,Business,Organic,170,200.85,968,9.0,3,48.5,0.702,0,3866.37,18,3,64.4,0
C004440,Mid-Market,APAC,Free,Partner,45,0.0,1010,7.0,1,40.7,0.334,1,103.93,21,1,51.8,0
C004441,SMB,Europe,Business,Partner,17,198.88,994,19.0,4,83.0,0.379,0,3563.92,17,4,65.6,0
C004442,SMB,Europe,Pro,Paid Search,11,80.9,953,19.0,1,70.9,0.597,1,1944.25,22,1,73.5,0
C004443,SMB,North America,Starter,Paid Search,5,31.81,484,15.0,4,31.6,0.191,0,362.66,11,6,51.3,0
C004444,SMB,North America,Enterprise,Paid Search,11,1944.16,813,4.0,2,73.1,0.652,0,26346.37,14,3,62.4,0
C004445,Mid-Market,North America,Enterprise,Organic,28,4902.94,406,4.0,0,34.9,0.164,0,64319.590000000004,14,1,47.0,0
C004446,SMB,Europe,Business,Referral,15,226.05,865,6.0,1,21.4,0.666,1,3602.01,15,1,59.0,0
C004447,SMB,North America,Enterprise,Sales,15,2688.16,1020,0.0,3,27.9,0.639,0,40360.1,17,3,52.5,0
C004448,SMB,Europe,Starter,Paid Search,22,27.06,1189,13.0,1,38.7,0.177,0,662.83,25,1,54.3,0
C004449,SMB,Europe,Starter,Paid Search,13,26.36,672,11.0,1,15.4,0.301,0,210.89,8,2,53.9,0
C004450,Startup,Europe,Starter,Referral,4,27.92,176,10.0,2,22.1,0.389,2,24.76,1,2,50.8,1
C004451,SMB,APAC,Business,Organic,18,174.14,232,26.0,5,-1.1,0.694,0,1676.6399999999999,9,5,71.4,0
C004452,Startup,Europe,Business,Paid Search,7,218.73,1098,6.0,1,14.4,0.798,0,6087.12,28,2,64.2,0
C004453,Enterprise,North America,Enterprise,Sales,216,34158.94,777,22.0,0,40.9,0.144,0,656060.9,18,1,63.1,0
C004454,SMB,LATAM,Business,Organic,19,176.32,452,5.0,1,61.1,0.467,0,1351.3,7,2,58.1,0
C004455,SMB,APAC,Pro,Organic,24,77.94,585,17.0,1,57.9,0.672,0,1046.87,13,1,74.6,0
C004456,SMB,Europe,Free,Paid Search,7,0.0,1364,24.0,0,45.7,0.17,0,133.4,17,1,66.1,1
C004457,Mid-Market,APAC,Starter,Partner,46,27.79,615,23.0,0,-3.2,0.601,0,262.48,10,1,73.2,0
C004458,SMB,North America,Pro,Partner,14,74.62,1405,16.0,1,13.5,0.669,0,1723.19,23,1,69.2,0
C004459,Mid-Market,APAC,Business,Organic,66,195.57,1294,5.0,1,30.1,0.229,0,4727.58,24,1,47.8,0
C004460,Startup,North America,Starter,Referral,2,26.83,526,10.0,2,59.1,0.676,0,292.03,10,3,67.1,0
C004461,Mid-Market,Europe,Enterprise,Organic,51,7848.24,1314,11.0,0,21.1,0.124,0,154404.72,20,0,50.7,0
C004462,Mid-Market,North America,Pro,Sales,28,83.88,976,23.0,1,4.5,0.467,1,2062.91,24,1,66.5,0
C004463,SMB,APAC,Starter,Organic,19,32.51,619,10.0,1,71.2,0.466,0,683.12,21,1,63.5,0
C004464,Mid-Market,North America,Business,Organic,58,172.31,523,23.0,0,16.6,0.383,0,1868.1200000000001,11,0,68.7,0
C004465,Enterprise,North America,Pro,Partner,353,90.14,823,26.0,0,6.8,0.447,0,1729.26,18,1,72.3,0
C004466,SMB,North America,Business,Organic,14,194.37,1326,3.0,0,40.7,0.113,1,6157.51,33,1,43.1,0
C004467,SMB,APAC,Starter,Partner,24,32.0,318,26.0,0,33.7,0.712,0,282.25,10,0,82.9,0
C004468,Mid-Market,North America,Starter,Organic,17,30.39,102,15.0,0,22.5,0.394,0,94.13,3,1,62.5,0
C004469,SMB,Europe,Free,Paid Search,6,0.0,190,16.0,3,35.0,0.438,1,29.07,5,5,59.4,0
C004470,SMB,North America,Pro,Organic,5,70.82,390,8.0,0,11.9,0.416,0,439.35,6,1,55.8,0
C004471,SMB,APAC,Business,Paid Search,9,176.64,885,9.0,1,22.2,0.185,0,3861.66,21,2,49.3,0
C004472,Mid-Market,North America,Enterprise,Organic,21,2899.81,207,15.0,2,34.1,0.694,0,10751.25,4,2,69.6,0
C004473,Mid-Market,LATAM,Business,Paid Search,28,182.15,762,5.0,3,-15.9,0.176,1,2999.55,16,3,36.7,1
C004474,Startup,North America,Free,Organic,7,0.0,1265,20.0,0,58.9,0.425,0,131.91,23,0,71.5,0
C004475,SMB,North America,Enterprise,Referral,11,1759.37,244,18.0,1,0.7,0.363,0,8697.91,4,1,60.5,0
C004476,Enterprise,North America,Free,Referral,384,0.0,1003,0.0,1,11.5,0.562,0,77.35,26,1,51.5,0
C004477,Startup,North America,Free,Organic,4,0.0,118,5.0,0,60.0,0.437,1,35.1,5,0,56.6,0
C004478,Mid-Market,Europe,Business,Organic,47,178.77,934,14.0,2,49.2,0.249,0,4393.81,25,2,56.9,0
C004479,SMB,North America,Enterprise,Organic,5,732.3,217,20.0,0,37.2,0.127,0,1805.12,2,1,60.4,1
C004480,SMB,APAC,Enterprise,Organic,6,879.61,692,8.0,1,-7.7,0.053,0,11757.19,13,1,41.5,0
C004481,Startup,Europe,Business,Paid Search,5,212.39,792,24.0,0,19.9,0.11,0,2143.79,11,1,61.7,0
C004482,Startup,North America,Starter,Paid Search,2,24.92,1036,14.0,1,29.6,0.554,0,435.32,17,4,65.6,0
C004483,Mid-Market,Europe,Starter,Sales,55,27.58,265,15.0,0,31.4,0.669,0,209.03,7,0,71.6,1
C004484,SMB,North America,Free,Referral,16,0.0,1374,3.0,1,63.5,0.171,0,119.41999999999999,31,3,47.7,0
C004485,Mid-Market,North America,Pro,Organic,43,67.47,790,17.0,2,84.9,0.155,0,1146.17,17,2,60.3,0
C004486,SMB,North America,Pro,Organic,21,89.24,933,22.0,0,50.4,0.476,0,1724.72,19,0,74.0,0
C004487,SMB,North America,Free,Organic,3,0.0,683,5.0,3,21.6,0.526,0,86.24000000000001,12,6,52.9,0
C004488,Enterprise,North America,Pro,Organic,84,86.62,1096,15.0,1,65.4,0.437,0,1252.56,15,1,66.5,0
C004489,Enterprise,LATAM,Pro,Paid Search,413,78.32,510,0.0,2,20.3,0.496,0,369.43,4,2,48.9,0
C004490,Enterprise,Europe,Pro,Organic,273,81.01,909,5.0,3,-30.6,0.421,0,1098.04,15,3,44.5,0
C004491,Mid-Market,LATAM,Starter,Organic,76,24.87,1191,1.0,0,3.8,0.594,0,504.91,22,0,54.1,0
C004492,Mid-Market,North America,Starter,Organic,42,31.65,1179,21.0,2,-24.3,0.585,0,922.6800000000001,29,3,65.9,0
C004493,Startup,APAC,Pro,Partner,6,67.45,464,27.0,3,25.4,0.844,0,654.0500000000001,11,4,82.5,0
C004494,SMB,North America,Pro,Organic,23,82.05,1086,1.0,1,30.5,0.26,0,1699.01,19,1,45.2,0
C004495,SMB,North America,Starter,Sales,21,25.43,1021,19.0,1,-4.8,0.121,0,538.03,22,1,53.6,0
C004496,Startup,APAC,Free,Paid Search,4,0.0,564,16.0,2,13.6,0.058,1,89.81,14,4,47.4,0
C004497,SMB,North America,Enterprise,Paid Search,9,1450.98,989,19.0,1,-0.7,0.386,0,23553.489999999998,15,2,62.0,0
C004498,Mid-Market,Europe,Business,Paid Search,59,178.53,905,14.0,1,31.8,0.148,0,2998.37,18,2,53.6,0
C004499,Startup,APAC,Starter,Paid Search,2,25.23,1111,27.0,0,13.7,0.367,0,649.34,26,0,71.5,0
C004500,SMB,Europe,Pro,Paid Search,12,72.97,967,1.0,1,60.2,0.26,0,1767.51,23,1,48.2,0
C004501,SMB,Europe,Pro,Paid Search,13,90.12,470,4.0,3,39.2,0.803,1,880.24,9,3,60.1,0
C004502,Startup,North America,Free,Paid Search,3,0.0,697,6.0,0,75.1,0.844,0,45.660000000000004,11,0,73.2,0
C004503,SMB,North America,Starter,Paid Search,22,28.61,34,21.0,0,23.6,0.455,0,24.85,1,0,69.8,1
C004504,SMB,LATAM,Enterprise,Organic,13,1935.47,357,2.0,0,88.6,0.441,1,7860.21,4,1,56.9,0
C004505,Startup,North America,Pro,Partner,1,82.84,1436,3.0,2,35.1,0.12,0,1859.95,22,2,41.8,0
C004506,SMB,North America,Starter,Partner,23,31.32,919,20.0,1,21.8,0.348,0,514.2,17,1,64.0,0
C004507,Startup,North America,Business,Partner,4,225.16,1046,11.0,1,95.2,0.805,1,4492.33,20,1,75.0,0
C004508,Enterprise,LATAM,Pro,Sales,366,78.19,620,19.0,0,-10.7,0.518,0,1041.16,13,0,66.4,0
C004509,Enterprise,APAC,Pro,Paid Search,217,78.11,1081,10.0,0,21.2,0.537,0,2704.8,33,0,62.2,0
C004510,SMB,Europe,Starter,Sales,18,27.08,79,2.0,1,-6.6,0.418,1,19.39,1,1,45.2,1
C004511,Enterprise,LATAM,Free,Paid Search,223,0.0,1032,16.0,1,-11.0,0.41,1,39.17,8,1,57.0,1
C004512,Startup,North America,Starter,Paid Search,3,33.28,714,3.0,0,-16.7,0.958,0,442.22,13,0,64.7,0
C004513,Enterprise,APAC,Enterprise,Partner,394,60251.3,1285,13.0,2,50.4,0.638,2,815171.54,13,2,63.8,0
C004514,SMB,North America,Pro,Organic,6,83.81,159,24.0,1,1.8,0.775,0,184.95,2,2,78.4,1
C004515,Mid-Market,North America,Business,Organic,58,215.19,157,5.0,1,28.6,0.424,0,444.57000000000005,2,2,53.5,1
C004516,Startup,North America,Free,Paid Search,1,0.0,326,5.0,1,57.3,0.546,0,14.27,6,1,60.1,0
C004517,Mid-Market,LATAM,Business,Organic,79,205.25,958,26.0,2,46.6,0.249,1,2689.54,13,2,65.3,0
C004518,Enterprise,LATAM,Pro,Organic,148,76.76,1377,8.0,1,45.3,0.543,0,1902.17,25,1,61.5,0
C004519,Enterprise,Europe,Pro,Referral,472,81.16,444,10.0,1,65.3,0.279,0,638.15,8,1,57.3,0
C004520,SMB,North America,Starter,Paid Search,4,25.52,847,19.0,3,75.2,0.785,2,393.19,16,5,74.5,0
C004521,Startup,North America,Pro,Organic,1,90.13,44,3.0,1,3.7,0.683,0,244.66,3,1,57.0,1
C004522,Startup,Europe,Free,Organic,3,0.0,462,1.0,0,47.1,0.333,0,5.83,8,1,50.6,0
C004523,Mid-Market,North America,Free,Sales,65,0.0,690,23.0,3,28.2,0.282,0,65.72,23,3,62.3,0
C004524,SMB,North America,Business,Sales,8,204.89,50,26.0,0,31.3,0.383,0,276.0,1,0,72.8,0
C004525,Enterprise,Europe,Free,Partner,379,0.0,316,27.0,0,-2.8,0.497,0,53.48,8,0,73.7,0
C004526,SMB,Europe,Free,Organic,16,0.0,805,0.0,1,21.7,0.083,2,15.81,8,2,34.2,0
C004527,SMB,LATAM,Enterprise,Paid Search,4,650.72,1434,14.0,0,24.4,0.182,0,14300.8,22,0,55.4,0
C004528,Mid-Market,Europe,Starter,Paid Search,46,30.43,1328,23.0,0,70.8,0.519,2,831.78,28,0,74.2,0
C004529,SMB,North America,Pro,Referral,22,78.51,826,23.0,1,6.1,0.374,2,1300.24,16,2,61.9,0
C004530,Startup,Europe,Business,Paid Search,3,203.61,657,10.0,2,-24.6,0.798,0,3088.0099999999998,16,3,62.4,0
C004531,Enterprise,North America,Business,Referral,343,176.06,1417,13.0,3,34.8,0.751,1,5165.42,30,3,66.1,0
C004532,Mid-Market,Europe,Free,Paid Search,42,0.0,1280,4.0,0,3.6,0.388,0,112.23,20,1,50.6,0
C004533,Mid-Market,APAC,Pro,Referral,62,90.7,453,3.0,0,31.5,0.403,0,757.24,8,0,52.9,0
C004534,Mid-Market,North America,Pro,Paid Search,77,81.71,386,10.0,3,51.5,0.382,0,706.15,9,3,56.0,0
C004535,Mid-Market,North America,Starter,Paid Search,29,29.44,1418,6.0,2,32.5,0.08,0,645.17,22,2,43.0,0
C004536,SMB,APAC,Business,Paid Search,12,210.99,735,27.0,0,24.2,0.189,0,3962.62,19,0,67.2,0
C004537,Enterprise,Europe,Enterprise,Partner,174,31015.82,1345,2.0,1,31.1,0.213,1,614176.47,21,3,42.8,0
C004538,SMB,Europe,Free,Sales,19,0.0,426,14.0,1,56.2,0.619,2,69.39,10,1,66.2,0
C004539,Startup,APAC,Free,Paid Search,2,0.0,268,15.0,1,6.1,0.287,1,8.82,1,1,54.1,0
C004540,Startup,Europe,Business,Sales,2,193.31,217,1.0,3,53.2,0.246,0,248.16,1,4,44.1,1
C004541,SMB,North America,Pro,Paid Search,19,70.95,605,12.0,2,9.9,0.28,0,602.98,9,3,52.1,0
C004542,Mid-Market,APAC,Business,Paid Search,33,193.74,561,26.0,1,50.1,0.127,0,3107.86,16,1,65.5,0
C004543,Enterprise,LATAM,Free,Organic,381,0.0,135,3.0,1,-3.6,0.33,0,14.67,2,2,45.7,1
C004544,Mid-Market,North America,Free,Organic,70,0.0,585,4.0,2,48.6,0.635,0,60.1,14,2,59.5,0
C004545,Startup,North America,Pro,Referral,2,71.44,822,4.0,0,32.5,0.176,0,967.1600000000001,13,0,47.1,0
C004546,Startup,APAC,Enterprise,Organic,6,999.51,381,1.0,0,37.4,0.326,0,10192.52,10,1,49.4,0
C004547,Mid-Market,Europe,Free,Paid Search,28,0.0,616,24.0,0,59.0,0.25,0,65.31,15,1,69.8,0
C004548,Mid-Market,North America,Business,Organic,32,179.5,256,1.0,0,14.5,0.54,1,651.04,4,0,51.5,1
C004549,SMB,Europe,Starter,Referral,15,32.69,710,7.0,1,34.4,0.591,1,296.75,8,2,58.9,1
C004550,Mid-Market,APAC,Free,Sales,21,0.0,218,23.0,3,42.6,0.629,1,0.0,2,3,72.2,1
C004551,Startup,Europe,Pro,Referral,6,72.23,1396,27.0,1,27.5,0.705,0,2566.15,36,2,81.5,0
C004552,Mid-Market,North America,Starter,Paid Search,47,29.05,1408,4.0,0,52.9,0.632,0,775.63,27,0,62.8,0
C004553,Mid-Market,North America,Pro,Paid Search,62,68.74,1319,10.0,0,43.2,0.475,1,2262.55,32,0,60.5,0
C004554,SMB,Europe,Starter,Organic,11,26.68,665,5.0,0,20.5,0.556,0,382.36,15,0,58.2,0
C004555,Mid-Market,LATAM,Pro,Sales,39,80.66,447,5.0,3,66.5,0.423,1,714.6899999999999,8,5,52.3,0
C004556,Mid-Market,Europe,Starter,Organic,36,26.23,1151,26.0,4,49.0,0.744,3,702.64,26,4,73.4,0
C004557,Startup,North America,Business,Sales,6,224.28,1238,9.0,1,13.9,0.651,0,4605.58,21,2,62.5,0
C004558,Mid-Market,LATAM,Enterprise,Referral,77,11361.79,230,17.0,0,13.7,0.184,0,48411.75,4,0,57.1,0
C004559,SMB,North America,Starter,Referral,5,27.14,387,4.0,3,29.5,0.336,0,181.9,7,3,47.1,0
C004560,SMB,Europe,Starter,Referral,4,30.81,533,7.0,0,46.2,0.088,0,350.44,10,0,48.5,0
C004561,Mid-Market,North America,Enterprise,Paid Search,53,9399.5,762,10.0,0,-20.3,0.493,0,92819.25,10,1,56.7,0
C004562,Enterprise,APAC,Free,Organic,85,0.0,860,16.0,4,15.0,0.648,0,132.01,20,4,64.2,0
C004563,Mid-Market,APAC,Business,Paid Search,23,202.4,1431,25.0,1,20.6,0.169,0,3899.05,20,1,63.0,0
C004564,Enterprise,APAC,Pro,Organic,285,84.54,1192,6.0,0,-0.9,0.411,0,1561.29,19,0,52.6,0
C004565,Mid-Market,North America,Business,Referral,79,220.79,178,18.0,1,9.5,0.675,0,344.99,2,1,70.8,0
C004566,Startup,Europe,Starter,Paid Search,6,25.41,976,13.0,2,38.4,0.796,0,575.23,23,4,71.3,0
C004567,SMB,North America,Starter,Sales,7,33.3,453,22.0,2,22.8,0.378,0,374.62,11,4,65.3,0
C004568,Startup,LATAM,Starter,Referral,6,25.51,454,9.0,2,24.7,0.149,0,209.75,8,3,47.0,0
C004569,SMB,North America,Free,Organic,4,0.0,1018,11.0,0,0.5,0.136,0,52.96,19,1,49.0,0
C004570,SMB,Europe,Starter,Organic,3,25.94,1168,17.0,0,29.7,0.457,0,492.42,19,1,66.9,0
C004571,SMB,APAC,Enterprise,Paid Search,21,3473.8,471,12.0,0,-2.6,0.374,1,27656.129999999997,8,0,54.7,0
C004572,Mid-Market,North America,Starter,Organic,65,27.61,1327,21.0,1,71.5,0.439,1,730.63,24,1,70.6,0
C004573,Mid-Market,North America,Free,Partner,65,0.0,753,0.0,2,78.6,0.53,0,78.24000000000001,14,2,55.8,0
C004574,SMB,North America,Starter,Referral,10,27.87,191,9.0,1,23.2,0.511,1,132.36,5,1,57.2,0
C004575,SMB,Europe,Starter,Referral,15,30.91,443,4.0,1,6.9,0.436,1,359.25,12,1,48.8,0
C004576,SMB,LATAM,Pro,Paid Search,6,76.34,368,4.0,0,56.4,0.465,1,514.54,7,0,56.2,0
C004577,Mid-Market,Europe,Free,Referral,68,0.0,1341,1.0,4,49.8,0.435,0,232.13,33,7,47.9,0
C004578,Startup,LATAM,Business,Partner,4,181.05,1175,9.0,0,81.9,0.53,0,3204.57,17,0,67.1,0
C004579,Enterprise,North America,Business,Sales,351,169.45,1067,6.0,3,88.5,0.36,0,2905.36,17,3,55.5,0
C004580,Startup,North America,Starter,Referral,2,26.18,1042,21.0,1,-15.7,0.931,0,512.85,20,1,78.6,0
C004581,Startup,LATAM,Business,Referral,4,226.41,1183,14.0,1,64.0,0.361,1,6428.17,28,1,61.2,0
C004582,Startup,APAC,Starter,Organic,6,30.23,70,22.0,1,29.4,0.584,0,53.93,2,2,73.6,0
C004583,SMB,North America,Starter,Referral,16,30.0,1225,24.0,2,48.7,0.479,0,777.24,25,2,72.7,0
C004584,Mid-Market,Europe,Enterprise,Paid Search,58,10596.32,448,21.0,1,54.4,0.62,2,77018.72,7,1,72.3,1
C004585,SMB,APAC,Business,Paid Search,3,196.21,621,11.0,0,53.4,0.734,0,3411.98,19,0,72.2,0
C004586,SMB,APAC,Starter,Paid Search,6,27.37,587,27.0,3,60.0,0.743,0,282.58,10,3,82.9,0
C004587,SMB,Europe,Pro,Paid Search,22,67.39,1154,10.0,1,21.0,0.427,1,1753.57,25,1,55.3,0
C004588,Mid-Market,North America,Starter,Organic,73,27.08,1021,23.0,1,11.2,0.48,0,784.81,27,1,69.6,0
C004589,Mid-Market,North America,Pro,Organic,30,78.46,593,4.0,2,64.7,0.376,0,1268.79,15,2,53.3,0
C004590,Mid-Market,Europe,Pro,Referral,19,67.19,1033,27.0,2,13.2,0.634,2,1256.85,19,3,72.4,0
C004591,SMB,Europe,Free,Partner,20,0.0,468,8.0,2,81.5,0.481,0,39.54,12,3,61.7,0
C004592,SMB,North America,Enterprise,Sales,9,1458.44,1404,17.0,2,15.9,0.639,0,38357.75,24,2,67.9,1
C004593,Startup,North America,Pro,Referral,5,87.99,1356,9.0,0,25.5,0.622,0,2947.41,36,1,64.2,0
C004594,SMB,North America,Free,Paid Search,21,0.0,419,6.0,2,30.2,0.554,0,59.41,11,2,57.0,0
C004595,SMB,Europe,Business,Referral,5,206.55,579,9.0,2,-3.5,0.279,0,2491.91,12,2,48.1,0
C004596,Mid-Market,North America,Business,Partner,58,211.58,1399,17.0,0,-3.5,0.616,0,6085.8,30,2,68.3,0
C004597,SMB,North America,Starter,Organic,21,31.09,175,3.0,1,57.8,0.207,1,140.39,4,2,46.2,1
C004598,Mid-Market,North America,Pro,Sales,77,76.65,1454,5.0,1,-8.0,0.062,0,2527.96,30,1,39.0,0
C004599,Mid-Market,APAC,Business,Sales,19,211.98,94,25.0,0,98.0,0.767,0,265.3,1,1,90.1,0
C004600,Enterprise,Europe,Enterprise,Organic,65,11530.87,417,2.0,1,32.6,0.224,0,102252.28,9,2,45.3,0
C004601,Mid-Market,North America,Starter,Referral,26,31.19,47,20.0,2,9.3,0.119,0,36.09,1,3,54.4,0
C004602,Mid-Market,Europe,Pro,Organic,70,83.14,104,8.0,0,45.5,0.09,0,54.46,1,1,49.4,0
C004603,SMB,Europe,Business,Sales,7,219.01,1013,8.0,0,-26.5,0.352,0,3740.35,18,0,50.1,0
C004604,Enterprise,Europe,Enterprise,Partner,51,7440.66,379,10.0,1,26.7,0.415,0,80819.62,12,1,57.5,0
C004605,Mid-Market,Europe,Free,Organic,41,0.0,1159,10.0,0,29.9,0.581,1,63.88,20,0,62.3,0
C004606,Enterprise,Europe,Pro,Referral,313,80.81,786,19.0,0,3.3,0.475,2,1201.97,16,0,62.5,0
C004607,SMB,APAC,Business,Paid Search,9,181.3,1117,22.0,1,19.2,0.496,1,5844.25,31,1,67.9,0
C004608,SMB,North America,Free,Organic,12,0.0,765,10.0,1,73.2,0.471,0,58.65,15,2,63.9,0
C004609,Mid-Market,North America,Starter,Referral,78,31.21,213,4.0,2,39.6,0.318,1,92.42,3,2,47.1,0
C004610,Mid-Market,North America,Pro,Referral,43,67.76,837,0.0,1,45.0,0.235,0,598.0,10,2,45.0,0
C004611,Startup,Europe,Pro,Paid Search,5,82.79,1328,20.0,2,15.3,0.567,0,2979.62,34,2,68.4,0
C004612,SMB,Europe,Business,Referral,6,170.97,996,25.0,2,1.9,0.473,0,3086.7799999999997,17,2,68.7,0
C004613,SMB,APAC,Free,Organic,14,0.0,336,0.0,1,29.0,0.282,0,42.480000000000004,7,1,44.9,0
C004614,SMB,North America,Business,Paid Search,6,178.05,714,16.0,0,-26.4,0.517,0,2982.17,16,1,62.2,0
C004615,Startup,Europe,Starter,Partner,7,26.64,659,6.0,1,7.6,0.083,0,389.11,15,1,42.1,1
C004616,Startup,North America,Business,Organic,4,220.69,844,5.0,2,3.7,0.298,1,2578.77,11,2,43.8,0
C004617,Mid-Market,North America,Starter,Paid Search,37,29.5,1042,23.0,2,-16.0,0.465,1,569.13,20,3,62.9,0
C004618,SMB,APAC,Free,Sales,16,0.0,605,7.0,2,51.2,0.511,1,0.0,1,3,56.7,1
C004619,Mid-Market,North America,Enterprise,Referral,49,8914.15,555,8.0,2,31.7,0.138,0,91458.24,11,3,46.5,0
C004620,SMB,North America,Business,Partner,24,197.02,176,3.0,2,19.5,0.496,0,228.43,1,2,51.5,0
C004621,Mid-Market,North America,Starter,Partner,75,29.44,577,25.0,2,51.8,0.888,0,404.88,14,3,86.1,0
C004622,Enterprise,APAC,Starter,Sales,254,30.8,38,25.0,1,-6.1,0.431,1,76.64,2,4,66.1,1
C004623,Startup,North America,Pro,Referral,2,87.03,278,25.0,0,1.4,0.602,1,784.1600000000001,9,1,73.5,0
C004624,Startup,LATAM,Enterprise,Organic,1,164.09,1348,6.0,1,62.9,0.638,1,4341.16,27,1,62.3,0
C004625,Mid-Market,LATAM,Starter,Paid Search,23,30.09,900,5.0,4,92.0,0.164,1,274.03,10,4,45.6,1
C004626,Startup,APAC,Enterprise,Organic,7,979.6,910,26.0,1,52.1,0.832,0,11017.26,12,1,86.9,0
C004627,Mid-Market,North America,Starter,Organic,29,25.12,1456,17.0,0,46.8,0.287,2,669.82,27,0,59.5,0
C004628,SMB,Europe,Pro,Organic,24,73.31,1202,7.0,0,20.5,0.701,0,1863.97,25,0,64.3,0
C004629,Startup,North America,Starter,Partner,5,29.42,371,1.0,2,21.0,0.04,0,194.76000000000002,6,3,36.2,1
C004630,Mid-Market,APAC,Free,Referral,54,0.0,957,22.0,3,40.7,0.266,0,107.83,19,3,62.2,0
C004631,SMB,Europe,Enterprise,Sales,24,3459.67,1249,22.0,1,69.3,0.652,0,84241.25,25,1,79.6,0
C004632,SMB,North America,Starter,Paid Search,22,32.83,1049,0.0,2,45.7,0.044,0,700.94,22,2,37.9,0
C004633,Mid-Market,North America,Enterprise,Paid Search,30,4454.92,1068,13.0,1,58.9,0.398,0,115947.74,29,3,62.9,0
C004634,SMB,APAC,Free,Organic,19,0.0,1211,13.0,1,12.1,0.369,0,76.73,23,1,57.4,0
C004635,Mid-Market,APAC,Starter,Organic,39,27.13,1316,12.0,3,50.4,0.167,0,225.76999999999998,8,4,51.3,1
C004636,SMB,Europe,Enterprise,Organic,9,1397.2,368,10.0,3,18.2,0.475,0,12200.39,9,4,55.5,1
C004637,Mid-Market,Europe,Pro,Sales,76,83.8,281,9.0,0,38.5,0.288,0,418.49,6,0,55.5,0
C004638,Mid-Market,APAC,Starter,Organic,65,32.32,751,9.0,0,50.4,0.389,0,508.9,15,0,59.7,0
C004639,SMB,APAC,Pro,Referral,24,72.98,580,25.0,0,21.7,0.442,0,1260.98,18,0,72.8,0
C004640,Mid-Market,APAC,Starter,Paid Search,74,31.37,146,27.0,1,9.6,0.13,0,77.99,3,1,62.5,0
C004641,SMB,North America,Business,Paid Search,22,228.46,255,3.0,2,44.1,0.516,0,317.23,1,3,54.6,0
C004642,SMB,Europe,Free,Referral,24,0.0,1414,20.0,0,31.6,0.123,0,134.19,31,2,59.7,0
C004643,SMB,APAC,Pro,Sales,17,69.47,98,16.0,1,38.4,0.912,0,151.01,2,2,79.0,1
C004644,Enterprise,North America,Free,Organic,373,0.0,1365,7.0,1,51.4,0.042,0,111.50999999999999,22,1,46.2,1
C004645,Startup,North America,Pro,Sales,3,72.8,1423,5.0,0,67.7,0.188,0,2333.71,32,0,51.9,0
C004646,SMB,North America,Enterprise,Organic,23,3226.0,884,21.0,0,51.6,0.116,0,69853.39,22,1,62.4,0
C004647,Mid-Market,Europe,Business,Referral,41,205.2,394,10.0,3,48.3,0.683,0,880.9300000000001,4,3,64.7,1
C004648,SMB,APAC,Starter,Organic,7,27.71,1346,3.0,0,22.5,0.359,0,539.72,21,1,50.7,0
C004649,SMB,North America,Starter,Paid Search,5,27.28,1042,27.0,1,26.3,0.208,0,388.15999999999997,14,1,66.5,0
C004650,SMB,Europe,Free,Referral,14,0.0,1085,25.0,1,46.4,0.159,1,139.04,19,2,63.2,0
C004651,SMB,North America,Business,Referral,15,175.73,892,11.0,1,25.9,0.429,0,4064.23,24,3,58.8,1
C004652,SMB,APAC,Free,Referral,15,0.0,50,11.0,1,46.3,0.809,0,0.0,3,2,72.2,0
C004653,Startup,APAC,Pro,Organic,6,84.06,987,11.0,0,14.6,0.481,0,2210.14,25,0,60.7,0
C004654,SMB,Europe,Starter,Referral,7,30.05,1162,5.0,0,83.2,0.654,0,1136.04,39,2,67.4,0
C004655,Startup,APAC,Enterprise,Paid Search,7,1165.84,1286,2.0,0,39.8,0.114,0,18378.600000000002,16,1,44.2,0
C004656,SMB,North America,Pro,Organic,3,86.23,1177,7.0,3,38.2,0.368,2,1720.79,20,3,47.6,0
C004657,Startup,APAC,Pro,Organic,6,75.19,1270,10.0,2,22.9,0.672,1,1511.2,21,4,61.4,0
C004658,Startup,APAC,Enterprise,Organic,4,630.01,640,4.0,0,82.8,0.686,0,5573.49,10,1,67.4,0
C004659,Mid-Market,North America,Enterprise,Organic,25,3789.71,859,0.0,1,3.7,0.511,0,51771.83,14,1,49.2,0
C004660,Mid-Market,LATAM,Pro,Partner,39,73.22,748,26.0,0,17.4,0.56,0,1070.23,15,0,76.8,0
C004661,SMB,North America,Business,Organic,14,191.02,271,24.0,1,56.3,0.27,0,1518.57,7,2,68.7,0
C004662,SMB,Europe,Pro,Partner,7,75.15,630,8.0,1,41.0,0.368,1,1389.3,17,1,53.8,0
C004663,SMB,North America,Starter,Organic,15,28.33,1239,17.0,2,20.6,0.805,0,582.73,20,2,73.4,0
C004664,SMB,APAC,Free,Referral,17,0.0,922,3.0,0,21.3,0.455,1,87.11,10,1,51.5,1
C004665,Startup,North America,Pro,Organic,2,75.41,1014,25.0,2,27.7,0.568,0,660.51,8,3,74.1,1
C004666,SMB,North America,Pro,Paid Search,13,77.68,278,22.0,1,37.6,0.401,0,676.6,8,1,68.9,0
C004667,SMB,Europe,Free,Partner,15,0.0,1021,4.0,0,73.8,0.089,0,30.4,15,0,48.6,0
C004668,Mid-Market,LATAM,Starter,Sales,73,27.11,1262,5.0,1,50.1,0.536,0,594.17,22,3,59.1,0
C004669,SMB,North America,Business,Sales,10,197.89,408,9.0,2,60.6,0.247,0,638.2,3,3,53.5,1
C004670,Enterprise,Europe,Free,Paid Search,227,0.0,848,2.0,0,24.1,0.568,0,59.13,18,0,56.2,0
C004671,SMB,Europe,Pro,Sales,17,73.68,1323,9.0,2,47.9,0.569,1,1133.83,15,3,59.9,1
C004672,SMB,APAC,Pro,Partner,17,78.69,474,18.0,0,-3.9,0.088,0,1190.55,14,0,53.3,0
C004673,SMB,North America,Starter,Sales,15,28.85,1159,20.0,2,39.6,0.448,1,750.66,24,2,65.3,0
C004674,SMB,Europe,Starter,Organic,22,30.67,219,0.0,1,37.9,0.335,0,29.92,1,1,47.3,0
C004675,Mid-Market,LATAM,Starter,Organic,36,29.0,270,9.0,0,80.5,0.682,0,196.1,6,0,71.5,0
C004676,Enterprise,North America,Starter,Organic,123,26.62,932,23.0,0,73.9,0.566,1,502.25,20,2,77.9,0
C004677,Enterprise,Europe,Pro,Referral,294,75.89,666,24.0,1,28.5,0.596,0,689.65,10,2,75.7,0
C004678,Startup,APAC,Business,Organic,1,179.52,649,15.0,1,14.6,0.172,0,2702.34,16,2,53.5,0
C004679,Startup,North America,Business,Organic,5,174.39,526,20.0,2,15.3,0.485,0,869.64,5,2,65.9,0
C004680,Mid-Market,North America,Free,Partner,75,0.0,1362,6.0,0,27.6,0.459,0,162.09,32,0,56.9,0
C004681,Mid-Market,North America,Pro,Sales,53,69.49,996,24.0,0,67.5,0.562,0,1398.72,21,0,80.0,0
C004682,SMB,APAC,Starter,Partner,20,25.45,1217,13.0,1,45.4,0.248,0,637.8,26,1,57.1,0
C004683,SMB,LATAM,Business,Referral,24,177.6,463,19.0,1,48.0,0.106,1,2315.13,14,2,56.4,0
C004684,Mid-Market,Europe,Free,Organic,50,0.0,1362,7.0,2,55.3,0.595,0,49.57,28,2,61.6,0
C004685,Enterprise,Europe,Pro,Sales,287,70.54,721,4.0,1,10.1,0.434,0,1029.13,15,2,51.1,0
C004686,SMB,North America,Pro,Organic,4,78.7,420,14.0,1,17.3,0.543,0,1090.87,13,1,64.0,0
C004687,Mid-Market,North America,Starter,Organic,18,26.88,104,14.0,4,48.0,0.832,1,24.64,1,4,69.3,0
C004688,Mid-Market,North America,Enterprise,Paid Search,51,8975.11,1049,16.0,1,15.5,0.632,0,173154.77,18,2,68.3,0
C004689,Mid-Market,North America,Free,Organic,34,0.0,1449,22.0,1,-3.2,0.353,0,189.28,36,2,63.4,0
C004690,SMB,North America,Free,Partner,8,0.0,426,21.0,0,7.9,0.335,0,0.0,11,2,64.6,0
C004691,SMB,Europe,Pro,Partner,13,68.88,1458,8.0,0,61.4,0.485,0,2897.0499999999997,43,0,62.8,0
C004692,Mid-Market,North America,Pro,Organic,56,90.11,1366,13.0,2,25.6,0.454,0,2728.06,30,3,59.8,0
C004693,SMB,North America,Starter,Organic,8,30.84,44,2.0,0,40.6,0.594,0,37.61,1,1,58.7,0
C004694,SMB,North America,Starter,Organic,17,32.15,227,22.0,1,9.2,0.108,0,67.77,2,2,57.3,0
C004695,SMB,North America,Starter,Organic,17,25.45,449,3.0,0,44.5,0.298,0,426.51,16,0,51.1,0
C004696,Startup,North America,Business,Sales,5,205.53,266,1.0,3,28.3,0.635,0,616.26,3,4,53.3,1
C004697,Mid-Market,North America,Pro,Partner,56,67.32,1353,14.0,3,46.2,0.586,0,1870.61,29,3,65.2,0
C004698,Startup,North America,Starter,Organic,4,27.88,1333,25.0,0,23.1,0.69,0,1011.78,36,0,80.3,0
C004699,SMB,Europe,Starter,Organic,16,33.2,1030,10.0,1,47.6,0.29,1,705.18,21,2,53.9,0
C004700,SMB,APAC,Enterprise,Referral,18,2760.82,1427,5.0,0,21.8,0.513,1,63821.6,23,1,55.0,0
C004701,Mid-Market,APAC,Business,Referral,28,203.5,190,5.0,0,33.0,0.379,0,752.6800000000001,3,0,54.1,0
C004702,Mid-Market,APAC,Free,Sales,73,0.0,1380,23.0,1,28.2,0.393,0,59.32,21,2,68.6,0
C004703,Enterprise,Europe,Pro,Organic,305,74.55,683,18.0,1,35.7,0.756,0,938.48,11,1,75.8,0
C004704,Startup,LATAM,Starter,Paid Search,7,25.16,240,13.0,4,42.0,0.156,0,279.83,11,4,49.5,0
C004705,SMB,Europe,Starter,Organic,10,32.22,409,25.0,0,22.6,0.629,0,36.09,1,0,78.5,0
C004706,SMB,Europe,Business,Referral,5,208.91,1125,2.0,0,32.0,0.665,1,4174.02,22,1,57.9,0
C004707,SMB,Europe,Business,Paid Search,16,227.48,788,17.0,1,39.7,0.251,2,5883.15,27,1,56.2,0
C004708,Enterprise,North America,Free,Partner,278,0.0,676,10.0,2,47.7,0.199,0,58.97,10,3,51.7,1
C004709,Mid-Market,North America,Business,Organic,39,175.48,362,6.0,3,33.1,0.119,0,1707.14,9,5,42.7,0
C004710,SMB,North America,Pro,Referral,24,77.65,851,25.0,0,12.8,0.313,0,1171.97,14,0,68.0,0
C004711,SMB,APAC,Business,Organic,20,184.95,1053,26.0,1,37.2,0.336,0,3063.62,19,1,70.5,0
C004712,SMB,North America,Business,Referral,14,225.06,323,23.0,2,51.8,0.184,0,1972.34,8,2,63.2,1
C004713,SMB,Europe,Pro,Organic,19,72.18,193,4.0,0,1.7,0.622,2,90.79,1,2,53.4,1
C004714,SMB,APAC,Enterprise,Referral,24,3771.56,761,20.0,0,2.0,0.676,0,67870.41,18,0,73.3,0
C004715,Startup,Europe,Starter,Organic,4,32.87,1420,10.0,1,18.4,0.15,1,1422.33,40,1,46.8,0
C004716,Enterprise,North America,Pro,Partner,63,69.2,745,10.0,0,30.2,0.196,0,1097.11,16,0,52.8,0
C004717,SMB,Europe,Starter,Referral,14,31.13,189,5.0,1,-19.9,0.754,1,145.75,4,1,56.6,1
C004718,SMB,North America,Business,Paid Search,22,207.46,46,16.0,1,49.4,0.388,0,0.0,0,2,64.4,0
C004719,Mid-Market,LATAM,Free,Organic,45,0.0,887,24.0,1,30.4,0.308,0,60.28,19,2,67.2,0
C004720,Mid-Market,APAC,Starter,Paid Search,47,25.53,1246,6.0,1,-23.8,0.37,0,845.67,32,1,47.6,0
C004721,Mid-Market,APAC,Business,Organic,16,219.14,642,15.0,2,7.2,0.382,0,2406.09,11,2,57.6,0
C004722,Mid-Market,Europe,Starter,Partner,64,24.89,273,18.0,2,27.5,0.726,0,143.85,7,2,72.6,0
C004723,SMB,APAC,Starter,Organic,10,31.48,109,17.0,0,-9.3,0.048,0,85.24000000000001,3,1,50.7,0
C004724,Mid-Market,APAC,Starter,Organic,42,29.91,1386,7.0,2,59.3,0.661,1,806.68,26,2,62.0,0
C004725,SMB,North America,Pro,Organic,5,71.72,1045,0.0,0,39.7,0.733,1,2373.66,32,0,59.0,0
C004726,Enterprise,North America,Starter,Organic,344,29.53,777,23.0,0,52.0,0.346,0,565.9,18,1,71.1,0
C004727,Enterprise,North America,Starter,Organic,378,30.69,1320,16.0,1,9.3,0.626,0,1119.14,36,1,67.5,0
C004728,Mid-Market,Europe,Pro,Referral,54,76.35,193,19.0,3,45.3,0.595,0,91.18,1,4,69.8,0
C004729,Mid-Market,APAC,Enterprise,Organic,69,12020.7,1300,14.0,1,18.5,0.336,0,258801.73,22,1,57.9,0
C004730,Startup,Europe,Business,Sales,4,226.24,509,10.0,0,30.2,0.847,0,2357.83,12,0,72.4,0
C004731,Mid-Market,Europe,Starter,Referral,58,31.11,147,7.0,1,43.8,0.481,0,28.08,1,1,58.6,0
C004732,Mid-Market,LATAM,Business,Paid Search,20,169.28,481,18.0,0,33.2,0.249,1,1108.8,7,0,59.9,0
C004733,Mid-Market,North America,Business,Referral,25,189.57,369,23.0,3,55.2,0.145,0,1592.88,8,3,60.9,0
C004734,Mid-Market,North America,Business,Partner,46,223.64,1084,9.0,2,38.5,0.762,1,6138.24,28,2,64.7,0
C004735,SMB,LATAM,Pro,Partner,12,75.16,277,0.0,1,23.4,0.58,0,758.06,10,1,53.2,0
C004736,SMB,LATAM,Free,Paid Search,5,0.0,862,4.0,2,56.1,0.632,0,36.26,13,4,60.1,0
C004737,Mid-Market,APAC,Pro,Partner,69,70.56,1373,16.0,1,61.3,0.436,0,2067.52,30,2,67.0,0
C004738,SMB,North America,Pro,Organic,8,86.15,936,6.0,4,37.2,0.495,0,1964.92,22,6,52.9,0
C004739,SMB,LATAM,Starter,Paid Search,10,26.77,960,22.0,0,68.4,0.399,0,471.2,17,1,73.5,0
C004740,Startup,APAC,Free,Organic,1,0.0,715,7.0,2,29.1,0.338,0,53.27,13,2,51.3,0
C004741,SMB,Europe,Starter,Paid Search,22,29.03,1082,13.0,1,31.8,0.414,1,403.73,13,3,58.7,0
C004742,Mid-Market,North America,Pro,Partner,19,89.96,800,6.0,0,35.1,0.254,0,1804.49,20,0,51.5,0
C004743,SMB,Europe,Free,Organic,4,0.0,849,12.0,3,31.8,0.174,3,0.0,8,3,43.6,1
C004744,Startup,APAC,Pro,Organic,2,89.89,993,18.0,1,27.2,0.536,0,2231.4,29,1,68.4,0
C004745,SMB,APAC,Business,Referral,23,181.61,465,22.0,1,17.1,0.777,0,988.46,6,2,78.2,0
C004746,Startup,Europe,Starter,Organic,7,32.14,1024,20.0,1,10.1,0.674,0,909.64,27,1,72.6,0
C004747,Startup,Europe,Free,Organic,4,0.0,365,14.0,0,37.8,0.681,0,7.72,8,1,71.7,0
C004748,Mid-Market,APAC,Free,Paid Search,73,0.0,1102,12.0,1,65.0,0.445,0,77.74,21,1,64.1,0
C004749,SMB,Europe,Starter,Sales,10,33.16,224,9.0,1,55.4,0.539,0,73.7,3,1,63.2,0
C004750,SMB,Europe,Business,Partner,5,198.7,938,27.0,1,44.7,0.22,0,5127.76,26,1,68.7,0
C004751,SMB,North America,Pro,Partner,14,75.71,1402,20.0,2,66.2,0.489,1,2475.19,32,2,69.1,0
C004752,SMB,North America,Business,Referral,9,208.12,1246,24.0,3,35.5,0.856,1,5533.07,27,4,79.2,0
C004753,Startup,APAC,Enterprise,Partner,2,346.38,308,20.0,3,10.3,0.581,0,1492.1,4,3,66.8,0
C004754,SMB,North America,Starter,Referral,14,28.59,213,2.0,0,26.3,0.356,0,34.66,1,0,50.1,1
C004755,SMB,North America,Pro,Partner,8,86.96,1157,7.0,2,33.5,0.285,0,1886.58,23,2,50.2,0
C004756,Enterprise,LATAM,Pro,Referral,332,82.33,599,12.0,2,22.2,0.342,0,252.9,3,3,55.2,1
C004757,SMB,APAC,Pro,Partner,22,87.51,639,8.0,1,50.3,0.529,0,735.44,8,1,61.5,0
C004758,Startup,North America,Starter,Organic,1,32.9,1269,25.0,2,58.4,0.592,0,564.88,17,2,77.9,0
C004759,SMB,North America,Starter,Organic,24,30.23,814,13.0,1,-8.3,0.465,0,396.29,13,2,58.2,0
C004760,Enterprise,APAC,Pro,Organic,423,84.03,468,6.0,1,31.4,0.593,0,654.53,8,1,59.8,0
C004761,Startup,Europe,Pro,Paid Search,5,69.06,78,16.0,0,-37.6,0.268,1,90.03,1,1,51.6,0
C004762,Startup,Europe,Starter,Sales,7,31.56,248,10.0,1,32.7,0.487,1,133.63,4,1,58.3,0
C004763,SMB,Europe,Free,Referral,5,0.0,1321,3.0,0,32.4,0.465,0,84.36,18,0,54.9,1
C004764,Enterprise,North America,Pro,Referral,440,78.35,1121,26.0,1,79.4,0.056,0,1690.97,21,1,66.3,0
C004765,SMB,APAC,Business,Partner,20,193.39,836,26.0,0,71.9,0.385,1,4321.25,23,0,75.0,0
C004766,Enterprise,North America,Pro,Sales,299,83.72,1245,21.0,1,58.3,0.587,0,2022.89,24,1,75.7,0
C004767,Mid-Market,Europe,Free,Referral,31,0.0,644,8.0,1,11.0,0.754,0,46.51,16,1,64.4,0
C004768,SMB,North America,Starter,Organic,5,25.67,1448,23.0,1,9.6,0.537,0,644.84,27,1,71.1,0
C004769,Startup,North America,Business,Paid Search,2,224.55,1298,8.0,1,7.6,0.227,0,6934.42,30,1,48.2,0
C004770,Mid-Market,North America,Business,Paid Search,72,173.17,1393,24.0,0,73.2,0.234,1,3752.74,21,1,68.8,0
C004771,Startup,APAC,Free,Organic,3,0.0,1038,24.0,1,12.2,0.381,1,150.2,22,2,65.6,0
C004772,Startup,North America,Pro,Organic,2,74.29,370,4.0,3,25.4,0.416,1,835.53,11,3,47.1,1
C004773,Enterprise,North America,Starter,Organic,379,24.74,1207,8.0,1,12.5,0.267,1,217.73,8,2,47.9,1
C004774,Mid-Market,North America,Pro,Organic,74,72.81,49,19.0,2,3.5,0.381,1,100.28,1,2,58.7,0
C004775,SMB,APAC,Free,Organic,6,0.0,1075,6.0,2,43.3,0.486,0,96.8,17,2,56.3,0
C004776,SMB,Europe,Pro,Sales,22,67.63,1396,22.0,2,38.8,0.508,0,1393.04,20,2,70.8,0
C004777,Mid-Market,LATAM,Enterprise,Paid Search,41,5987.21,981,19.0,0,-20.6,0.285,0,118751.06,19,1,58.5,0
C004778,SMB,Europe,Starter,Referral,14,31.07,391,6.0,0,2.5,0.187,1,73.07,3,0,44.2,1
C004779,SMB,Europe,Starter,Organic,8,33.2,1308,21.0,2,41.4,0.314,1,849.8,25,3,62.3,0
C004780,SMB,Europe,Free,Sales,19,0.0,1358,1.0,2,33.2,0.412,0,61.16,11,2,48.6,1
C004781,SMB,North America,Free,Referral,6,0.0,246,10.0,1,25.0,0.097,1,38.5,4,2,45.8,1
C004782,Enterprise,LATAM,Enterprise,Sales,464,71692.37,614,4.0,0,50.1,0.368,1,1290989.52,18,1,52.6,0
C004783,Mid-Market,LATAM,Enterprise,Paid Search,77,13160.9,970,0.0,0,-1.1,0.403,1,140295.24,12,0,45.0,0
C004784,Mid-Market,North America,Free,Partner,32,0.0,379,20.0,2,20.1,0.14,1,9.93,8,2,54.1,0
C004785,Startup,Europe,Enterprise,Paid Search,6,838.62,253,4.0,1,48.0,0.854,0,2324.29,3,1,67.5,0
C004786,Startup,North America,Starter,Paid Search,7,30.75,947,19.0,0,18.8,0.463,0,897.41,28,0,67.7,0
C004787,SMB,Europe,Pro,Referral,24,88.65,658,2.0,3,42.8,0.435,0,633.59,6,4,49.6,1
C004788,Enterprise,APAC,Pro,Organic,117,87.82,1445,24.0,0,6.3,0.948,0,2967.38,34,0,85.5,0
C004789,SMB,LATAM,Starter,Organic,6,27.93,1023,27.0,1,14.4,0.742,1,469.88,17,1,79.3,0
C004790,Mid-Market,North America,Pro,Referral,44,89.39,609,8.0,0,-9.6,0.695,0,1081.7,12,0,62.0,0
C004791,Mid-Market,APAC,Pro,Organic,16,69.07,1179,13.0,2,-16.4,0.717,3,1838.79,27,2,57.5,1
C004792,Mid-Market,APAC,Starter,Referral,63,25.22,43,17.0,1,23.1,0.143,1,0.0,0,1,53.3,0
C004793,Startup,North America,Enterprise,Organic,1,161.93,72,16.0,1,46.3,0.404,0,188.8,1,1,64.5,0
C004794,Mid-Market,Europe,Starter,Paid Search,28,30.67,1092,0.0,3,32.1,0.148,0,713.3,24,3,38.2,0
C004795,SMB,Europe,Free,Organic,8,0.0,894,27.0,2,64.0,0.433,0,90.38,16,2,75.5,0
C004796,Startup,APAC,Enterprise,Paid Search,1,163.96,1190,26.0,0,25.2,0.199,0,5952.54,32,1,66.7,0
C004797,SMB,LATAM,Starter,Referral,7,25.14,740,13.0,2,-18.0,0.824,0,389.88,16,3,66.5,0
C004798,Enterprise,North America,Starter,Referral,284,32.47,1283,15.0,2,43.6,0.885,1,1008.75,30,2,74.3,0
C004799,Startup,North America,Starter,Organic,1,29.52,901,4.0,2,8.0,0.474,1,382.41,13,2,48.6,0
C004800,SMB,North America,Free,Paid Search,11,0.0,666,20.0,2,38.1,0.327,0,31.2,15,5,63.5,0
C004801,SMB,North America,Starter,Referral,17,29.71,586,14.0,1,-22.1,0.424,1,333.99,11,2,54.5,0
C004802,SMB,Europe,Starter,Organic,14,32.02,608,7.0,2,28.1,0.419,0,293.13,10,2,53.6,0
C004803,Startup,APAC,Pro,Organic,1,89.67,1144,8.0,0,52.6,0.52,0,1559.08,16,1,63.0,0
C004804,SMB,Europe,Pro,Paid Search,7,78.29,328,2.0,1,49.5,0.281,0,612.2,8,1,48.7,0
C004805,SMB,Europe,Business,Referral,8,188.85,471,22.0,4,28.7,0.504,0,1040.17,6,4,66.6,0
C004806,SMB,North America,Enterprise,Paid Search,20,3026.08,384,1.0,2,33.7,0.263,0,25193.3,9,2,44.2,0
C004807,Enterprise,North America,Starter,Organic,190,27.87,791,15.0,0,22.6,0.572,0,595.8199999999999,22,0,67.8,0
C004808,SMB,APAC,Enterprise,Sales,3,445.52,184,22.0,0,27.5,0.436,1,821.23,2,1,68.5,0
C004809,Mid-Market,Europe,Business,Sales,20,225.33,903,1.0,4,50.7,0.322,0,2750.58,12,5,44.6,0
C004810,Mid-Market,North America,Enterprise,Partner,61,9828.65,308,4.0,2,16.3,0.418,0,52762.24,5,2,49.7,1
C004811,Mid-Market,LATAM,Pro,Partner,22,81.51,1169,21.0,1,18.7,0.387,0,1630.64,21,2,65.7,0
C004812,Mid-Market,Europe,Starter,Sales,38,25.25,1107,23.0,0,-4.5,0.775,0,692.06,29,1,78.3,0
C004813,SMB,North America,Starter,Partner,3,32.33,707,2.0,0,51.2,0.738,0,394.99,13,0,64.0,0
C004814,SMB,Europe,Enterprise,Referral,9,1257.12,666,7.0,0,27.0,0.478,0,10634.19,8,0,58.3,0
C004815,Mid-Market,Europe,Pro,Paid Search,38,79.37,393,16.0,3,3.4,0.584,0,852.85,11,4,62.6,0
C004816,Mid-Market,North America,Business,Organic,15,220.84,1035,15.0,1,55.6,0.618,0,5899.21,27,2,71.0,0
C004817,Startup,APAC,Pro,Referral,3,69.63,213,14.0,1,32.5,0.196,0,541.17,8,4,55.1,0
C004818,Startup,Europe,Starter,Partner,7,31.88,989,7.0,4,15.1,0.478,0,788.39,25,4,51.1,0
C004819,SMB,Europe,Starter,Organic,7,30.87,697,15.0,1,56.0,0.718,1,291.09,9,1,72.0,0
C004820,Mid-Market,APAC,Enterprise,Partner,19,3073.1,128,1.0,1,25.1,0.096,1,25393.77,8,2,37.8,0
C004821,Enterprise,Europe,Free,Referral,301,0.0,689,24.0,4,-5.6,0.488,0,32.69,8,4,64.5,0
C004822,Enterprise,Europe,Pro,Organic,226,84.32,485,15.0,0,57.6,0.262,0,80.1,1,1,62.0,1
C004823,Mid-Market,North America,Enterprise,Referral,22,3980.51,161,10.0,1,12.6,0.376,2,18917.85,5,1,51.0,0
C004824,Startup,North America,Free,Organic,4,0.0,67,10.0,2,100.0,0.51,0,23.75,1,4,66.2,0
C004825,SMB,North America,Starter,Partner,15,24.7,746,10.0,0,22.5,0.234,0,346.6,14,0,53.2,0
C004826,Mid-Market,North America,Pro,Sales,77,67.25,864,12.0,0,-16.7,0.433,0,1267.98,19,0,57.0,0
C004827,Startup,Europe,Business,Referral,1,228.15,1179,5.0,1,77.5,0.287,0,6123.71,26,1,54.3,0
C004828,SMB,North America,Pro,Referral,8,80.36,692,16.0,1,32.2,0.406,0,1407.16,17,1,63.2,0
C004829,Mid-Market,North America,Free,Partner,62,0.0,147,5.0,2,40.0,0.239,0,35.83,3,2,47.6,0
C004830,SMB,Europe,Free,Paid Search,21,0.0,764,8.0,1,43.2,0.457,0,158.89,23,2,58.7,0
C004831,Mid-Market,North America,Starter,Partner,43,27.31,962,24.0,0,-0.4,0.573,0,664.52,23,0,73.6,0
C004832,Startup,Europe,Starter,Paid Search,3,29.94,1307,15.0,1,-20.5,0.368,0,666.63,23,1,55.9,0
C004833,Mid-Market,APAC,Starter,Partner,63,25.94,903,25.0,3,82.5,0.101,1,515.8,20,3,62.1,0
C004834,SMB,North America,Business,Paid Search,20,199.02,1122,18.0,2,-5.4,0.43,1,3762.14,18,2,58.4,0
C004835,Mid-Market,North America,Free,Paid Search,67,0.0,64,21.0,4,74.6,0.492,0,5.8,1,4,70.0,0
C004836,Startup,Europe,Business,Paid Search,4,213.53,706,2.0,3,46.8,0.662,0,2276.81,10,4,56.8,0
C004837,SMB,North America,Enterprise,Paid Search,8,1163.45,1265,14.0,1,38.0,0.848,0,36594.71,30,1,75.2,0
C004838,SMB,Europe,Pro,Paid Search,21,90.35,1364,9.0,0,21.9,0.287,0,1982.1,23,1,53.8,0
C004839,Mid-Market,APAC,Pro,Organic,49,89.95,244,0.0,3,91.4,0.207,0,511.48,6,3,45.8,1
C004840,Startup,Europe,Free,Paid Search,5,0.0,129,2.0,2,16.3,0.451,2,0.0,2,2,44.9,1
C004841,SMB,Europe,Pro,Organic,8,78.47,369,5.0,3,17.0,0.384,0,1124.18,12,3,48.2,0
C004842,Mid-Market,LATAM,Starter,Sales,55,27.14,1283,0.0,0,50.5,0.109,0,616.11,23,2,43.3,0
C004843,Startup,North America,Starter,Organic,7,29.45,1320,12.0,1,16.8,0.35,0,950.94,31,1,56.4,0
C004844,Enterprise,APAC,Pro,Referral,79,80.71,1177,1.0,2,8.4,0.312,0,2033.21,25,2,43.1,0
C004845,Mid-Market,APAC,Free,Organic,28,0.0,386,23.0,0,32.2,0.409,0,29.439999999999998,8,0,71.0,0
C004846,SMB,Europe,Starter,Referral,23,30.22,366,16.0,2,50.9,0.528,0,198.74,7,2,67.2,0
C004847,Mid-Market,North America,Pro,Referral,30,71.2,262,26.0,3,80.7,0.753,1,245.94,4,5,82.4,1
C004848,SMB,North America,Pro,Sales,12,79.64,1322,2.0,1,85.8,0.333,2,1729.96,23,2,49.9,0
C004849,Mid-Market,LATAM,Free,Referral,35,0.0,1241,2.0,2,-11.1,0.595,1,101.53,21,2,48.5,1
C004850,Mid-Market,North America,Free,Referral,61,0.0,173,24.0,1,59.7,0.449,0,8.28,3,1,74.4,0
C004851,Enterprise,APAC,Starter,Organic,396,25.03,132,10.0,1,9.1,0.566,0,50.07,2,1,60.3,1
C004852,Mid-Market,Europe,Pro,Paid Search,21,73.0,423,21.0,1,10.3,0.057,0,340.43,5,2,55.0,0
C004853,Startup,Europe,Pro,Paid Search,7,85.26,1309,5.0,2,20.2,0.104,0,2466.55,31,2,41.6,0
C004854,SMB,Europe,Free,Sales,6,0.0,1362,0.0,1,18.6,0.517,0,74.84,21,1,50.9,0
C004855,SMB,North America,Pro,Referral,4,71.44,1381,13.0,0,6.9,0.457,1,2382.74,35,2,59.0,0
C004856,Mid-Market,Europe,Enterprise,Paid Search,73,10933.7,471,16.0,0,-24.4,0.395,0,68192.74,6,0,58.7,0
C004857,SMB,LATAM,Pro,Partner,23,87.58,251,3.0,0,69.9,0.498,1,309.08,3,0,57.6,0
C004858,Mid-Market,North America,Pro,Paid Search,58,82.6,557,0.0,2,56.2,0.295,1,1115.65,13,4,44.5,0
C004859,Mid-Market,LATAM,Pro,Partner,28,74.53,1086,5.0,1,33.3,0.666,0,1256.6100000000001,18,2,61.3,0
C004860,SMB,LATAM,Business,Partner,10,210.87,377,3.0,3,9.5,0.208,0,1333.88,6,4,40.4,0
C004861,SMB,North America,Enterprise,Paid Search,6,866.56,1376,27.0,1,64.6,0.255,0,21633.88,26,2,71.7,0
C004862,SMB,Europe,Free,Referral,9,0.0,276,27.0,1,32.1,0.278,1,25.25,5,2,67.2,0
C004863,Startup,North America,Starter,Organic,1,25.6,185,0.0,2,19.3,0.747,0,83.05,3,2,56.3,0
C004864,Startup,Europe,Free,Referral,7,0.0,433,12.0,2,-7.4,0.693,0,42.43,15,3,62.8,0
C004865,Mid-Market,LATAM,Business,Partner,74,198.34,203,10.0,0,47.2,0.664,0,423.44,2,2,68.6,0
C004866,Enterprise,APAC,Free,Organic,370,0.0,622,0.0,1,25.4,0.582,0,34.45,13,1,53.5,0
C004867,Mid-Market,LATAM,Enterprise,Paid Search,16,2592.51,791,18.0,1,40.3,0.363,0,49611.48,19,2,64.5,0
C004868,SMB,North America,Free,Organic,24,0.0,999,23.0,0,37.9,0.385,1,147.86,26,2,68.9,0
C004869,Startup,Europe,Pro,Partner,7,79.82,142,17.0,2,49.6,0.182,1,440.31,5,2,55.6,0
C004870,Startup,North America,Starter,Sales,2,25.98,463,25.0,0,39.2,0.112,0,323.66,12,1,64.6,0
C004871,Mid-Market,APAC,Pro,Organic,62,71.68,1188,17.0,0,26.1,0.419,0,2268.52,30,1,65.4,0
C004872,Startup,North America,Starter,Organic,6,26.74,92,15.0,0,47.6,0.48,0,54.45,2,1,67.6,0
C004873,SMB,North America,Business,Paid Search,18,212.79,1376,26.0,0,57.5,0.767,2,5686.69,28,0,83.0,0
C004874,Startup,North America,Pro,Organic,1,71.53,620,19.0,2,72.4,0.098,0,854.03,12,2,59.1,0
C004875,SMB,North America,Starter,Organic,14,26.45,1188,21.0,0,5.7,0.405,0,620.02,26,0,66.5,0
C004876,Mid-Market,North America,Business,Partner,30,227.54,510,21.0,0,61.5,0.195,0,3515.58,16,1,65.8,0
C004877,Enterprise,North America,Enterprise,Paid Search,480,82618.27,870,0.0,1,-6.0,0.306,0,1514228.54,18,1,42.1,0
C004878,Startup,APAC,Business,Referral,5,191.85,835,20.0,1,59.1,0.435,0,2437.21,14,1,70.3,0
C004879,SMB,APAC,Business,Paid Search,6,204.04,500,20.0,1,19.0,0.514,1,3264.77,16,1,66.7,0
C004880,Mid-Market,North America,Pro,Partner,36,78.2,379,13.0,1,54.8,0.215,0,811.0899999999999,10,2,57.0,0
C004881,Mid-Market,APAC,Enterprise,Paid Search,27,4466.14,917,15.0,1,71.1,0.516,1,88504.31,20,1,67.5,0
C004882,Mid-Market,Europe,Pro,Organic,41,89.75,34,23.0,2,39.5,0.443,1,91.21,1,3,67.8,0
C004883,Startup,APAC,Enterprise,Paid Search,1,173.5,748,3.0,2,33.8,0.433,0,4339.7699999999995,24,3,51.0,0
C004884,Enterprise,North America,Business,Referral,325,200.38,1231,14.0,2,32.5,0.229,0,6475.73,31,2,54.6,0
C004885,Enterprise,Europe,Starter,Sales,401,25.93,1451,21.0,1,23.2,0.247,1,918.45,37,2,60.0,0
C004886,SMB,North America,Free,Organic,16,0.0,1171,7.0,2,63.1,0.43,1,150.46,26,2,55.5,0
C004887,SMB,North America,Business,Paid Search,5,198.23,472,7.0,1,32.3,0.354,0,2896.55,14,2,53.6,0
C004888,Mid-Market,Europe,Pro,Partner,19,68.71,689,0.0,3,-19.4,0.37,0,1010.6,14,3,39.7,0
C004889,Enterprise,APAC,Pro,Organic,134,90.38,977,8.0,2,57.1,0.391,0,1427.35,15,2,56.6,0
C004890,Mid-Market,APAC,Enterprise,Referral,43,6882.38,772,10.0,3,55.8,0.315,0,103564.5,15,3,54.5,0
C004891,Mid-Market,North America,Pro,Organic,78,70.99,262,26.0,1,36.1,0.487,0,217.84,3,1,74.9,0
C004892,Enterprise,Europe,Starter,Referral,157,26.68,643,2.0,2,15.3,0.389,0,290.92,11,4,47.0,0
C004893,Mid-Market,APAC,Pro,Partner,36,72.54,1377,18.0,0,6.0,0.426,0,1755.38,22,0,64.5,0
C004894,SMB,North America,Free,Organic,10,0.0,1390,1.0,0,15.4,0.297,0,133.78,26,0,46.3,0
C004895,Startup,North America,Pro,Referral,5,77.58,771,22.0,0,40.0,0.251,1,1211.92,15,0,64.2,0
C004896,Startup,North America,Enterprise,Organic,4,663.65,882,13.0,1,-11.1,0.65,1,14545.01,22,1,61.5,0
C004897,Mid-Market,North America,Free,Referral,64,0.0,244,11.0,0,45.6,0.684,0,8.64,5,0,69.9,0
C004898,Mid-Market,North America,Business,Referral,40,209.46,627,26.0,1,36.8,0.254,0,3805.85,19,1,68.0,0
C004899,Startup,North America,Business,Partner,2,191.61,378,20.0,1,67.2,0.337,0,1140.29,6,2,68.2,0
C004900,SMB,Europe,Free,Organic,4,0.0,624,2.0,1,52.5,0.665,0,101.61,12,3,60.5,0
C004901,SMB,Europe,Business,Paid Search,23,171.57,967,7.0,3,16.9,0.468,0,704.11,4,4,52.5,1
C004902,Mid-Market,APAC,Business,Paid Search,67,216.64,521,7.0,0,-7.3,0.677,0,1812.42,8,1,60.8,0
C004903,Mid-Market,Europe,Pro,Partner,51,79.05,572,17.0,3,14.5,0.338,0,1024.91,12,3,57.3,0
C004904,SMB,North America,Starter,Partner,14,26.37,431,23.0,4,69.5,0.646,0,331.07,12,4,75.9,0
C004905,SMB,LATAM,Starter,Paid Search,7,28.64,1190,17.0,0,42.4,0.317,0,731.91,26,0,63.9,0
C004906,Enterprise,APAC,Pro,Referral,201,74.96,543,11.0,2,49.9,0.524,0,1139.39,16,5,62.5,0
C004907,Startup,Europe,Starter,Referral,4,26.53,1052,20.0,0,19.3,0.489,0,612.31,21,1,69.5,0
C004908,SMB,North America,Starter,Partner,13,30.43,330,21.0,1,47.1,0.691,2,197.2,7,1,73.7,0
C004909,SMB,Europe,Enterprise,Organic,18,2845.63,319,2.0,2,-3.0,0.748,0,28467.57,10,2,55.9,0
C004910,Mid-Market,Europe,Pro,Paid Search,29,77.36,567,15.0,1,58.4,0.424,0,698.35,9,1,65.5,0
C004911,SMB,APAC,Business,Paid Search,6,197.09,107,19.0,2,6.1,0.188,1,480.94,3,2,53.2,1
C004912,SMB,APAC,Enterprise,Referral,24,4010.21,692,16.0,0,-14.4,0.791,1,51344.17,13,0,69.6,0
C004913,Enterprise,LATAM,Free,Referral,487,0.0,1425,6.0,1,91.6,0.139,0,124.1,27,2,52.2,0
C004914,SMB,LATAM,Starter,Referral,17,28.67,594,4.0,1,38.4,0.468,1,296.33,10,1,53.0,0
C004915,SMB,Europe,Pro,Organic,12,80.01,348,8.0,0,37.7,0.337,0,726.89,9,1,56.0,0
C004916,Startup,LATAM,Starter,Referral,7,30.27,1316,9.0,0,-11.7,0.448,0,967.31,32,1,55.3,0
C004917,Mid-Market,LATAM,Free,Referral,42,0.0,1311,25.0,2,50.6,0.265,2,92.25,21,2,63.3,0
C004918,Startup,North America,Business,Organic,6,215.19,1070,17.0,1,57.2,0.468,0,3964.45,19,3,68.4,0
C004919,SMB,Europe,Free,Organic,13,0.0,253,23.0,3,30.0,0.503,0,28.950000000000003,4,3,69.1,0
C004920,Enterprise,North America,Pro,Organic,378,72.78,706,0.0,2,57.2,0.537,0,1295.26,19,2,53.8,0
C004921,Enterprise,North America,Pro,Partner,373,90.49,64,21.0,1,64.3,0.619,0,149.29,2,2,77.2,0
C004922,Mid-Market,North America,Pro,Paid Search,36,81.95,212,5.0,0,48.1,0.276,0,122.44,2,2,52.6,0
C004923,Mid-Market,Europe,Starter,Organic,72,28.32,667,15.0,2,-19.2,0.865,0,439.73,15,3,69.4,0
C004924,SMB,North America,Free,Paid Search,6,0.0,489,10.0,2,6.2,0.565,0,116.98,9,2,58.5,0
C004925,SMB,North America,Business,Referral,10,192.45,987,24.0,3,77.2,0.272,0,3810.06,19,3,67.8,0
C004926,Mid-Market,North America,Enterprise,Referral,52,7964.08,1331,18.0,1,37.1,0.592,1,212967.85,26,2,69.0,0
C004927,Startup,Europe,Pro,Referral,7,84.93,890,12.0,1,37.2,0.076,1,1622.0,21,1,48.2,0
C004928,Mid-Market,APAC,Free,Sales,58,0.0,614,14.0,1,14.2,0.457,1,7.98,10,1,59.1,1
C004929,SMB,LATAM,Pro,Partner,17,78.31,1200,19.0,1,19.1,0.745,0,1774.95,22,2,74.7,0
C004930,Startup,Europe,Starter,Referral,6,25.62,1143,20.0,0,64.8,0.126,1,374.42,15,0,61.1,0
C004931,Startup,North America,Starter,Paid Search,3,31.83,1439,16.0,1,72.5,0.445,0,885.9,30,2,68.4,0
C004932,SMB,APAC,Starter,Referral,6,27.66,411,20.0,1,54.9,0.576,1,226.69,8,3,72.1,1
C004933,SMB,North America,Starter,Sales,10,29.56,174,22.0,5,48.8,0.161,0,21.09,1,6,56.9,1
C004934,Mid-Market,LATAM,Starter,Partner,40,28.22,277,0.0,0,50.7,0.249,0,127.26,5,1,47.5,0
C004935,Enterprise,APAC,Starter,Paid Search,70,29.94,917,10.0,2,33.2,0.295,0,545.0600000000001,20,3,53.1,0
C004936,SMB,Europe,Business,Organic,15,200.61,612,25.0,2,4.9,0.125,2,1731.66,9,3,54.6,1
C004937,Enterprise,North America,Pro,Paid Search,86,89.87,87,8.0,2,-0.5,0.566,0,87.14,1,2,56.1,0
C004938,Mid-Market,North America,Starter,Organic,51,32.98,615,23.0,1,67.9,0.266,0,596.19,19,1,68.8,0
C004939,Mid-Market,Europe,Free,Organic,73,0.0,1037,15.0,2,34.2,0.427,1,77.99,16,2,59.6,0
C004940,Startup,Europe,Business,Paid Search,1,222.47,976,7.0,2,46.9,0.112,0,4166.93,18,2,46.3,0
C004941,Startup,APAC,Free,Organic,2,0.0,421,9.0,0,40.3,0.484,2,35.37,7,0,57.6,0
C004942,Startup,Europe,Starter,Sales,7,28.72,822,13.0,1,41.5,0.162,0,485.62,17,1,54.1,0
C004943,SMB,Europe,Pro,Partner,21,84.65,263,3.0,0,43.6,0.837,0,354.17,4,0,67.1,0
C004944,Mid-Market,North America,Pro,Referral,31,79.16,225,8.0,3,52.4,0.255,0,276.43,3,4,50.5,1
C004945,Enterprise,Europe,Business,Paid Search,338,212.12,1409,19.0,0,15.8,0.568,0,7077.21,33,1,70.6,0
C004946,SMB,North America,Starter,Organic,12,28.3,426,25.0,2,64.6,0.389,1,187.38,7,3,70.5,0
C004947,SMB,Europe,Starter,Organic,8,30.95,931,26.0,0,16.6,0.58,1,737.27,23,0,75.3,0
C004948,Mid-Market,Europe,Starter,Referral,61,28.92,717,10.0,1,41.0,0.677,0,241.38,8,1,66.8,0
C004949,SMB,APAC,Pro,Organic,20,69.8,1082,22.0,1,5.4,0.152,1,1193.47,16,2,56.2,0
C004950,SMB,Europe,Starter,Partner,3,29.86,934,11.0,3,30.8,0.212,0,385.68,14,3,49.8,0
C004951,Mid-Market,North America,Starter,Organic,68,30.52,988,22.0,1,18.5,0.275,1,867.97,26,2,61.2,0
C004952,Mid-Market,APAC,Free,Paid Search,33,0.0,1388,25.0,0,35.6,0.301,0,224.1,36,0,69.9,0
C004953,SMB,APAC,Enterprise,Organic,19,3187.61,341,12.0,2,53.4,0.443,0,38800.52,11,2,61.3,0
C004954,SMB,APAC,Free,Paid Search,19,0.0,1256,16.0,0,36.9,0.463,0,161.94,27,1,66.9,0
C004955,Startup,Europe,Starter,Organic,5,28.85,923,24.0,1,84.0,0.586,1,700.17,24,1,78.9,0
C004956,SMB,APAC,Enterprise,Referral,5,754.01,1184,3.0,2,54.9,0.733,0,16493.55,21,2,62.2,0
C004957,SMB,North America,Business,Organic,13,179.31,1231,6.0,3,29.3,0.394,1,5079.24,29,6,48.6,0
C004958,Startup,Europe,Pro,Organic,7,71.83,927,17.0,2,32.8,0.05,0,1333.2,18,2,52.0,0
C004959,Enterprise,APAC,Pro,Organic,271,72.52,147,5.0,0,44.4,0.366,0,118.4,2,0,54.9,0
C004960,SMB,North America,Free,Sales,10,0.0,110,22.0,0,52.6,0.635,0,9.55,4,2,79.0,0
C004961,SMB,APAC,Business,Partner,22,170.67,915,7.0,1,4.1,0.185,0,3335.12,20,2,45.7,1
C004962,SMB,North America,Starter,Partner,5,28.8,738,9.0,1,50.9,0.377,0,560.25,20,1,57.9,0
C004963,Enterprise,North America,Enterprise,Paid Search,107,19079.22,51,22.0,2,4.8,0.293,1,26496.79,1,4,58.9,0
C004964,Startup,North America,Starter,Referral,4,28.71,1125,14.0,2,48.5,0.474,0,614.43,22,2,63.6,0
C004965,Startup,APAC,Pro,Organic,4,79.22,110,22.0,1,62.5,0.613,0,94.91,1,1,77.8,0
C004966,Enterprise,APAC,Pro,Referral,487,80.7,1309,17.0,1,42.5,0.468,0,2604.7,31,1,67.0,0
C004967,Mid-Market,North America,Free,Referral,36,0.0,1138,14.0,4,-23.1,0.729,0,244.11,31,6,61.1,0
C004968,Mid-Market,North America,Starter,Organic,31,27.18,977,14.0,3,-9.6,0.285,0,271.22,11,4,50.6,1
C004969,SMB,North America,Business,Organic,3,226.42,1407,22.0,0,49.1,0.562,0,5774.82,25,0,76.4,0
C004970,SMB,North America,Starter,Paid Search,6,31.29,294,27.0,4,-26.3,0.125,0,157.81,5,5,54.2,0
C004971,Mid-Market,APAC,Enterprise,Organic,31,4869.53,237,0.0,1,50.2,0.323,0,14821.329999999998,3,2,48.2,0
C004972,Startup,North America,Starter,Organic,6,31.98,912,14.0,0,59.6,0.074,1,161.06,4,0,53.7,1
C004973,Mid-Market,North America,Pro,Paid Search,64,89.8,264,21.0,1,63.4,0.318,2,397.68,4,2,64.1,0
C004974,SMB,North America,Pro,Organic,11,89.42,356,18.0,1,29.0,0.142,0,467.36,5,2,56.7,0
C004975,Mid-Market,Europe,Pro,Referral,72,77.85,314,13.0,3,46.0,0.823,1,478.56,6,3,69.4,0
C004976,SMB,APAC,Pro,Paid Search,4,88.7,313,22.0,3,40.2,0.514,0,380.88,4,3,69.6,0
C004977,SMB,Europe,Business,Partner,24,211.18,640,13.0,1,-1.8,0.467,1,2250.23,9,1,56.9,0
C004978,Mid-Market,Europe,Pro,Paid Search,75,69.0,1302,3.0,0,53.6,0.166,2,824.3199999999999,12,0,44.0,1
C004979,SMB,LATAM,Pro,Paid Search,7,68.02,140,7.0,0,69.8,0.611,0,72.26,1,2,66.6,0
C004980,Startup,Europe,Pro,Paid Search,2,76.61,590,1.0,1,52.2,0.436,1,1424.47,18,1,50.7,0
C004981,SMB,APAC,Starter,Sales,11,30.26,172,19.0,1,22.4,0.706,0,98.66,4,1,73.9,0
C004982,Startup,Europe,Free,Paid Search,7,0.0,89,27.0,1,53.5,0.441,0,0.0,1,1,76.2,1
C004983,SMB,North America,Starter,Partner,14,24.98,1193,10.0,4,67.4,0.326,1,570.72,21,5,52.4,0
C004984,SMB,APAC,Pro,Referral,21,73.55,885,20.0,0,64.2,0.498,1,2176.05,28,0,72.2,0
C004985,Mid-Market,Europe,Enterprise,Partner,43,7381.75,1185,27.0,2,60.7,0.212,0,191596.02,27,2,68.5,0
C004986,SMB,Europe,Free,Organic,10,0.0,1388,11.0,0,-4.8,0.388,0,53.650000000000006,24,2,56.0,0
C004987,Mid-Market,North America,Pro,Organic,37,81.44,79,24.0,2,45.0,0.571,0,78.47,1,2,75.1,0
C004988,Enterprise,Europe,Starter,Partner,59,28.12,140,0.0,3,51.1,0.482,0,103.19999999999999,4,3,50.1,0
C004989,Mid-Market,APAC,Pro,Referral,73,72.06,128,18.0,1,61.0,0.382,0,300.74,4,3,67.1,0
C004990,Enterprise,North America,Business,Referral,324,172.76,197,4.0,1,47.9,0.333,1,553.79,3,1,49.9,0
C004991,Startup,North America,Business,Partner,7,201.24,533,21.0,0,73.8,0.344,0,4294.26,20,0,71.4,0
C004992,Startup,North America,Pro,Organic,3,71.55,714,0.0,0,-10.7,0.567,0,983.17,14,0,50.9,0
C004993,SMB,Europe,Business,Referral,13,173.29,43,23.0,1,49.0,0.307,1,164.85,1,1,66.1,0
C004994,Enterprise,APAC,Free,Partner,261,0.0,671,11.0,0,47.0,0.212,0,85.03999999999999,16,2,55.9,0
C004995,Startup,Europe,Pro,Sales,5,89.1,542,6.0,1,57.6,0.371,0,813.19,9,3,55.7,0
C004996,SMB,LATAM,Starter,Referral,15,29.52,1158,15.0,0,73.6,0.286,2,782.63,29,0,60.3,0
C004997,Mid-Market,Europe,Enterprise,Paid Search,60,8840.05,393,27.0,3,12.8,0.512,2,77495.42,9,3,67.2,0
C004998,SMB,North America,Business,Partner,8,206.11,289,4.0,1,72.7,0.776,0,831.11,4,1,67.6,0
C004999,SMB,North America,Free,Partner,17,0.0,490,8.0,3,55.4,0.306,0,33.11,7,3,52.4,0
C005000,Enterprise,North America,Starter,Paid Search,284,32.05,748,17.0,0,30.3,0.47,1,315.25,11,0,65.3,0
