event_id,customer_id,created_at,category,priority,resolved_hours
E00000001,C000001,2023-09-13,Billing,low,16.4
E00000002,C000001,2024-01-26,Outage,medium,13.4
E00000003,C000001,2024-11-22,Outage,low,5.6
E00000004,C000001,2023-09-28,Billing,low,3.7
E00000005,C000002,2025-03-11,Bug,low,13.7
E00000006,C000002,2025-11-26,How-to,medium,9.4
E00000007,C000003,2024-11-24,How-to,medium,1.9
E00000008,C000003,2025-05-16,Feature Request,low,17.4
E00000009,C000003,2025-01-23,Feature Request,low,10.5
E00000010,C000003,2025-06-26,Bug,low,14.7
E00000011,C000004,2025-03-12,Billing,critical,18.3
E00000012,C000004,2025-08-24,Billing,low,46.0
E00000013,C000004,2025-11-11,Bug,low,8.7
E00000014,C000005,2025-10-25,Billing,medium,22.4
E00000015,C000005,2025-04-21,Billing,low,5.3
E00000016,C000005,2023-10-06,Billing,high,10.9
E00000017,C000007,2025-03-07,How-to,medium,8.0
E00000018,C000007,2023-05-16,Bug,high,18.6
E00000019,C000007,2025-01-29,Bug,medium,40.3
E00000020,C000009,2025-05-07,How-to,medium,6.0
E00000021,C000009,2024-05-13,Billing,high,14.3
E00000022,C000009,2022-10-21,Outage,low,1.6
E00000023,C000009,2025-07-20,Bug,high,32.9
E00000024,C000010,2023-01-01,Bug,low,15.0
E00000025,C000011,2025-12-30,How-to,low,9.0
E00000026,C000011,2025-02-21,Outage,high,15.2
E00000027,C000011,2024-06-14,Billing,critical,7.4
E00000028,C000011,2024-08-13,Bug,medium,58.8
E00000029,C000013,2025-03-08,How-to,medium,21.9
E00000030,C000013,2025-11-09,Billing,low,9.5
E00000031,C000014,2025-08-18,Bug,high,29.5
E00000032,C000014,2025-04-29,Billing,low,9.0
E00000033,C000014,2025-07-26,How-to,medium,36.5
E00000034,C000015,2024-12-05,How-to,low,12.7
E00000035,C000015,2025-02-25,Billing,low,26.0
E00000036,C000016,2025-07-31,Billing,medium,15.4
E00000037,C000017,2024-08-09,How-to,high,7.8
E00000038,C000020,2024-11-15,Billing,high,4.4
E00000039,C000020,2024-08-29,Billing,medium,5.9
E00000040,C000021,2025-10-24,How-to,high,7.1
E00000041,C000022,2025-06-23,How-to,high,38.2
E00000042,C000023,2025-02-04,Billing,low,2.0
E00000043,C000023,2024-10-27,Billing,critical,9.6
E00000044,C000024,2025-11-26,Feature Request,medium,6.5
E00000045,C000024,2025-11-07,Billing,low,7.6
E00000046,C000025,2025-10-26,Bug,medium,5.9
E00000047,C000025,2025-07-17,Feature Request,low,32.5
E00000048,C000027,2023-10-23,How-to,medium,7.5
E00000049,C000028,2025-07-15,Bug,medium,5.9
E00000050,C000030,2024-12-21,Bug,high,4.8
E00000051,C000030,2024-01-03,How-to,medium,10.3
E00000052,C000032,2023-10-29,Feature Request,medium,56.6
E00000053,C000032,2023-05-01,How-to,low,23.4
E00000054,C000033,2022-06-27,How-to,high,31.4
E00000055,C000034,2024-09-05,Bug,medium,10.3
E00000056,C000034,2024-04-23,Outage,high,6.9
E00000057,C000036,2024-06-25,How-to,medium,29.7
E00000058,C000037,2025-06-21,Feature Request,low,15.3
E00000059,C000038,2025-11-07,Billing,medium,6.9
E00000060,C000039,2025-01-26,Bug,high,7.6
E00000061,C000040,2025-12-02,Billing,low,10.9
E00000062,C000040,2025-10-11,How-to,medium,10.9
E00000063,C000040,2024-07-15,Feature Request,low,43.7
E00000064,C000041,2025-06-11,Outage,low,9.2
E00000065,C000042,2025-09-26,Billing,high,3.0
E00000066,C000042,2025-08-08,Billing,medium,15.0
E00000067,C000042,2025-08-26,Feature Request,low,8.5
E00000068,C000042,2025-09-10,Billing,medium,5.5
E00000069,C000043,2025-02-08,How-to,low,2.3
E00000070,C000044,2024-04-25,Outage,medium,6.1
E00000071,C000046,2025-12-10,How-to,high,15.5
E00000072,C000046,2025-11-18,Billing,medium,26.1
E00000073,C000046,2025-11-13,How-to,low,17.4
E00000074,C000047,2025-04-09,Bug,high,10.8
E00000075,C000048,2025-07-21,Bug,medium,13.3
E00000076,C000048,2025-12-23,Billing,low,6.9
E00000077,C000048,2025-10-19,How-to,low,8.9
E00000078,C000048,2025-10-10,How-to,high,8.4
E00000079,C000049,2024-09-26,Billing,high,10.7
E00000080,C000050,2025-01-20,Billing,medium,9.5
E00000081,C000053,2023-09-15,Outage,medium,55.3
E00000082,C000053,2024-03-21,Bug,medium,21.8
E00000083,C000053,2023-06-28,Bug,low,16.7
E00000084,C000054,2025-04-19,How-to,low,29.3
E00000085,C000054,2024-07-08,How-to,medium,21.9
E00000086,C000054,2025-06-09,How-to,low,9.5
E00000087,C000055,2024-08-31,Billing,medium,32.8
E00000088,C000055,2023-12-13,Bug,high,10.6
E00000089,C000055,2024-08-02,Feature Request,low,21.4
E00000090,C000056,2024-10-07,Bug,high,4.0
E00000091,C000056,2025-04-26,How-to,low,19.9
E00000092,C000057,2024-09-09,Feature Request,medium,17.3
E00000093,C000057,2025-09-02,How-to,low,29.5
E00000094,C000058,2022-11-03,Feature Request,low,13.5
E00000095,C000060,2024-11-20,Outage,low,2.4
E00000096,C000060,2024-09-08,How-to,medium,18.0
E00000097,C000061,2025-08-23,Billing,medium,9.0
E00000098,C000062,2025-05-19,How-to,high,42.6
E00000099,C000062,2025-03-07,Billing,medium,56.8
E00000100,C000062,2025-06-02,Billing,medium,6.8
E00000101,C000062,2025-07-27,Billing,low,13.8
E00000102,C000064,2025-12-20,Billing,low,24.8
E00000103,C000064,2025-12-12,How-to,medium,4.2
E00000104,C000065,2024-07-30,Billing,medium,4.7
E00000105,C000065,2024-05-21,Bug,low,33.8
E00000106,C000065,2023-09-16,How-to,low,11.6
E00000107,C000066,2024-06-27,How-to,high,10.5
E00000108,C000067,2025-12-12,Outage,low,8.3
E00000109,C000067,2025-11-01,Bug,medium,11.8
E00000110,C000067,2025-07-26,How-to,low,13.3
E00000111,C000068,2025-12-02,Billing,medium,14.8
E00000112,C000068,2024-07-22,Bug,low,5.0
E00000113,C000068,2024-11-08,Outage,medium,14.8
E00000114,C000068,2025-07-08,How-to,medium,3.8
E00000115,C000069,2024-05-07,Feature Request,low,4.4
E00000116,C000070,2025-01-05,Billing,medium,12.9
E00000117,C000070,2024-08-27,Billing,high,25.9
E00000118,C000070,2025-05-30,How-to,critical,9.3
E00000119,C000072,2023-04-16,Billing,low,5.9
E00000120,C000072,2022-12-16,How-to,low,7.0
E00000121,C000074,2022-12-29,Billing,medium,9.9
E00000122,C000075,2024-12-09,How-to,medium,18.3
E00000123,C000076,2023-12-06,Bug,high,17.3
E00000124,C000077,2025-11-05,Billing,medium,31.5
E00000125,C000080,2025-02-11,How-to,low,9.0
E00000126,C000080,2025-07-11,How-to,low,4.4
E00000127,C000080,2024-09-11,Billing,low,27.0
E00000128,C000080,2025-07-27,Billing,medium,24.9
E00000129,C000081,2025-09-23,Billing,low,17.8
E00000130,C000081,2025-11-20,Feature Request,low,28.7
E00000131,C000081,2025-11-29,Billing,low,62.6
E00000132,C000082,2024-11-15,Outage,low,10.2
E00000133,C000083,2023-11-09,Feature Request,high,11.6
E00000134,C000084,2025-05-05,How-to,medium,3.6
E00000135,C000084,2025-04-20,Bug,medium,39.7
E00000136,C000085,2025-04-29,How-to,low,6.7
E00000137,C000086,2025-09-04,Bug,high,17.0
E00000138,C000086,2024-12-04,How-to,high,9.3
E00000139,C000087,2025-08-26,How-to,high,14.9
E00000140,C000088,2023-11-17,How-to,low,16.3
E00000141,C000089,2025-05-17,How-to,high,12.7
E00000142,C000089,2025-03-19,Billing,high,7.8
E00000143,C000091,2024-02-27,Outage,critical,9.1
E00000144,C000091,2025-09-08,Outage,medium,11.5
E00000145,C000092,2025-05-23,Feature Request,low,22.0
E00000146,C000092,2025-08-11,How-to,low,15.9
E00000147,C000093,2025-07-02,Billing,critical,3.8
E00000148,C000094,2023-12-31,Bug,high,22.1
E00000149,C000096,2025-12-02,How-to,low,22.5
E00000150,C000096,2025-08-29,Feature Request,medium,7.0
E00000151,C000096,2024-09-21,Billing,low,8.9
E00000152,C000097,2023-01-20,Feature Request,high,2.0
E00000153,C000100,2023-10-12,Bug,low,48.1
E00000154,C000100,2024-09-26,Bug,low,15.7
E00000155,C000100,2024-03-28,Feature Request,high,12.9
E00000156,C000100,2024-12-27,Outage,medium,81.7
E00000157,C000102,2025-10-05,Feature Request,medium,15.6
E00000158,C000102,2024-07-01,Billing,high,3.8
E00000159,C000103,2025-05-30,Feature Request,high,13.9
E00000160,C000104,2025-10-06,Feature Request,low,7.7
E00000161,C000104,2025-01-12,Billing,low,18.6
E00000162,C000104,2022-11-28,Billing,low,14.9
E00000163,C000106,2025-10-02,How-to,medium,27.6
E00000164,C000107,2025-04-27,How-to,low,32.1
E00000165,C000107,2025-03-22,Bug,high,4.3
E00000166,C000109,2025-01-23,Feature Request,medium,5.0
E00000167,C000109,2025-05-07,Billing,high,14.0
E00000168,C000110,2025-09-14,Bug,medium,3.4
E00000169,C000111,2023-07-02,How-to,low,9.0
E00000170,C000111,2024-07-30,How-to,low,8.6
E00000171,C000111,2025-01-01,How-to,medium,9.0
E00000172,C000112,2025-03-31,Bug,medium,4.5
E00000173,C000112,2025-04-22,How-to,medium,7.1
E00000174,C000113,2025-08-30,Bug,high,12.0
E00000175,C000113,2025-06-07,How-to,low,3.9
E00000176,C000114,2024-02-06,Feature Request,medium,4.0
E00000177,C000114,2025-09-21,Bug,medium,23.5
E00000178,C000115,2023-12-26,Billing,low,15.0
E00000179,C000115,2024-02-14,Billing,low,11.4
E00000180,C000115,2024-07-10,How-to,medium,1.8
E00000181,C000116,2025-11-28,Bug,low,35.2
E00000182,C000116,2025-02-12,Feature Request,low,217.8
E00000183,C000116,2025-02-23,Bug,medium,4.3
E00000184,C000117,2023-01-28,How-to,low,9.2
E00000185,C000118,2025-07-16,Billing,medium,15.4
E00000186,C000119,2025-09-17,How-to,low,23.1
E00000187,C000119,2025-04-29,Billing,high,6.3
E00000188,C000119,2025-03-30,How-to,critical,5.2
E00000189,C000120,2024-03-30,Bug,low,5.6
E00000190,C000120,2025-12-25,How-to,medium,19.8
E00000191,C000120,2023-01-18,Feature Request,medium,2.5
E00000192,C000120,2025-04-15,Bug,medium,10.0
E00000193,C000120,2022-09-30,How-to,medium,7.1
E00000194,C000121,2025-07-08,Billing,low,6.9
E00000195,C000121,2025-10-28,Billing,high,16.3
E00000196,C000122,2025-08-25,Billing,low,27.0
E00000197,C000123,2024-11-07,How-to,high,6.6
E00000198,C000124,2024-06-28,Billing,critical,3.2
E00000199,C000124,2024-07-10,How-to,medium,11.9
E00000200,C000126,2025-01-25,Billing,low,25.5
E00000201,C000127,2023-10-13,How-to,high,9.4
E00000202,C000127,2022-07-18,Billing,medium,11.8
E00000203,C000128,2025-04-10,Bug,medium,14.7
E00000204,C000128,2025-04-30,Bug,low,7.0
E00000205,C000128,2025-06-15,Bug,medium,12.4
E00000206,C000128,2025-09-03,How-to,low,10.3
E00000207,C000129,2025-04-23,Billing,medium,51.0
E00000208,C000129,2025-12-14,Billing,low,5.1
E00000209,C000130,2025-01-03,How-to,high,18.4
E00000210,C000130,2024-09-12,How-to,low,21.4
E00000211,C000130,2025-03-05,Feature Request,low,16.1
E00000212,C000130,2025-07-14,Bug,low,3.6
E00000213,C000130,2025-09-24,Outage,low,30.7
E00000214,C000131,2024-10-30,Feature Request,medium,11.9
E00000215,C000131,2025-04-29,How-to,medium,12.9
E00000216,C000131,2024-06-26,Feature Request,low,2.2
E00000217,C000131,2025-03-27,Feature Request,high,2.3
E00000218,C000131,2025-02-17,Bug,medium,4.3
E00000219,C000132,2025-06-09,How-to,low,66.9
E00000220,C000132,2025-05-20,Outage,medium,12.5
E00000221,C000134,2024-12-22,Bug,medium,49.0
E00000222,C000135,2025-07-18,How-to,low,10.3
E00000223,C000135,2025-10-21,Billing,low,25.7
E00000224,C000136,2025-01-02,Feature Request,low,13.2
E00000225,C000136,2025-04-11,Bug,critical,44.9
E00000226,C000136,2023-08-26,Billing,low,10.3
E00000227,C000137,2024-09-20,Feature Request,high,18.9
E00000228,C000137,2025-02-18,How-to,low,3.4
E00000229,C000141,2025-12-13,Feature Request,low,9.8
E00000230,C000141,2025-11-12,Billing,low,15.4
E00000231,C000141,2025-11-08,How-to,critical,12.7
E00000232,C000142,2023-05-14,Bug,high,13.8
E00000233,C000143,2024-09-15,How-to,medium,9.3
E00000234,C000144,2025-11-03,How-to,low,23.7
E00000235,C000144,2025-06-25,Billing,low,13.7
E00000236,C000144,2024-07-21,Bug,low,12.3
E00000237,C000144,2024-07-09,Bug,medium,1.7
E00000238,C000145,2025-12-31,Billing,medium,27.1
E00000239,C000145,2025-12-22,How-to,high,8.3
E00000240,C000146,2025-05-17,How-to,low,14.0
E00000241,C000147,2023-02-26,Bug,high,8.9
E00000242,C000148,2024-08-02,Outage,low,14.0
E00000243,C000150,2022-08-03,How-to,high,9.7
E00000244,C000150,2025-07-09,Billing,medium,2.6
E00000245,C000150,2024-10-14,How-to,high,27.5
E00000246,C000151,2025-06-04,Billing,low,32.2
E00000247,C000151,2025-05-28,Bug,medium,5.9
E00000248,C000151,2025-05-20,Billing,low,23.6
E00000249,C000152,2024-08-11,Bug,medium,15.3
E00000250,C000152,2024-10-07,Billing,low,18.7
E00000251,C000153,2025-08-06,Outage,medium,15.9
E00000252,C000154,2024-06-26,How-to,critical,49.7
E00000253,C000154,2024-11-16,Billing,low,18.4
E00000254,C000154,2024-01-30,Billing,medium,11.5
E00000255,C000154,2024-03-15,Feature Request,medium,7.6
E00000256,C000155,2024-11-24,Billing,high,13.7
E00000257,C000155,2024-07-20,Bug,high,51.6
E00000258,C000156,2024-12-16,Feature Request,medium,6.2
E00000259,C000156,2024-09-27,Bug,medium,22.5
E00000260,C000156,2025-07-05,Billing,medium,2.8
E00000261,C000157,2024-12-03,Bug,high,8.1
E00000262,C000157,2024-09-26,Bug,low,7.4
E00000263,C000160,2025-11-20,Feature Request,low,9.0
E00000264,C000162,2025-07-20,Feature Request,medium,20.6
E00000265,C000162,2024-11-23,Feature Request,medium,16.0
E00000266,C000162,2025-04-11,Billing,low,3.5
E00000267,C000164,2024-02-29,How-to,medium,8.5
E00000268,C000164,2025-04-11,How-to,low,30.6
E00000269,C000164,2025-09-24,Feature Request,high,24.2
E00000270,C000165,2025-06-30,Billing,high,15.1
E00000271,C000165,2025-10-27,Feature Request,low,7.6
E00000272,C000166,2025-11-07,Billing,medium,1.9
E00000273,C000167,2024-02-23,Bug,high,32.0
E00000274,C000168,2025-04-19,Bug,medium,5.2
E00000275,C000168,2024-09-18,How-to,medium,23.3
E00000276,C000169,2024-04-24,How-to,medium,7.0
E00000277,C000169,2025-03-17,Billing,high,12.5
E00000278,C000170,2024-01-26,How-to,medium,6.2
E00000279,C000170,2024-11-10,How-to,low,3.8
E00000280,C000170,2023-03-06,Feature Request,low,26.4
E00000281,C000171,2022-10-02,How-to,low,11.4
E00000282,C000171,2022-06-11,Billing,medium,31.5
E00000283,C000173,2025-03-04,How-to,medium,12.4
E00000284,C000173,2025-02-27,Billing,high,57.7
E00000285,C000174,2025-10-01,How-to,high,6.5
E00000286,C000175,2025-10-30,Bug,critical,12.9
E00000287,C000176,2025-11-13,How-to,medium,9.3
E00000288,C000176,2024-02-26,How-to,low,11.5
E00000289,C000177,2025-01-16,Billing,low,20.9
E00000290,C000177,2025-02-04,Bug,critical,9.0
E00000291,C000177,2025-01-05,Outage,low,9.4
E00000292,C000179,2025-10-12,Billing,medium,22.0
E00000293,C000179,2025-11-30,How-to,low,6.0
E00000294,C000179,2025-08-29,How-to,medium,8.5
E00000295,C000180,2024-06-25,How-to,medium,28.0
E00000296,C000180,2024-12-31,How-to,high,2.7
E00000297,C000180,2024-04-03,Billing,low,19.6
E00000298,C000180,2024-10-03,Billing,medium,4.8
E00000299,C000181,2025-11-27,Billing,critical,9.3
E00000300,C000182,2023-12-14,Outage,low,13.9
E00000301,C000183,2024-07-13,Billing,high,15.9
E00000302,C000184,2025-10-06,Feature Request,medium,7.3
E00000303,C000185,2025-07-08,How-to,medium,6.3
E00000304,C000186,2025-11-02,Billing,critical,14.1
E00000305,C000186,2024-02-26,How-to,medium,11.1
E00000306,C000187,2022-11-18,Billing,high,4.3
E00000307,C000188,2025-06-20,Billing,low,12.7
E00000308,C000188,2024-08-04,Outage,medium,18.4
E00000309,C000188,2024-02-18,How-to,low,10.1
E00000310,C000188,2025-04-04,Feature Request,low,5.0
E00000311,C000189,2023-09-09,Billing,low,4.3
E00000312,C000189,2023-08-03,Feature Request,medium,20.2
E00000313,C000189,2025-02-17,Bug,low,30.6
E00000314,C000189,2024-10-19,Billing,critical,4.3
E00000315,C000189,2023-05-27,Billing,low,9.1
E00000316,C000189,2023-03-24,Feature Request,high,7.0
E00000317,C000190,2023-07-24,How-to,low,4.1
E00000318,C000191,2025-05-11,How-to,medium,13.2
E00000319,C000191,2024-11-11,How-to,medium,6.1
E00000320,C000192,2025-01-29,Billing,high,10.8
E00000321,C000192,2024-07-30,Bug,low,28.4
E00000322,C000194,2025-10-11,Billing,low,59.8
E00000323,C000195,2025-11-24,Bug,medium,5.9
E00000324,C000195,2025-12-11,Bug,low,6.5
E00000325,C000197,2025-08-21,Outage,medium,35.1
E00000326,C000197,2023-09-17,Feature Request,medium,13.9
E00000327,C000200,2025-10-29,Bug,low,22.1
E00000328,C000200,2025-11-23,How-to,medium,13.1
E00000329,C000200,2025-10-20,How-to,medium,12.9
E00000330,C000201,2025-12-02,Feature Request,high,2.5
E00000331,C000202,2025-08-27,Outage,medium,13.8
E00000332,C000202,2025-08-17,Outage,medium,34.7
E00000333,C000202,2025-08-03,How-to,low,5.6
E00000334,C000204,2024-11-23,Outage,medium,6.3
E00000335,C000205,2024-12-18,How-to,critical,13.5
E00000336,C000205,2024-03-28,Billing,high,12.1
E00000337,C000206,2025-11-15,How-to,medium,99.2
E00000338,C000206,2023-06-16,How-to,low,14.9
E00000339,C000207,2025-05-12,Bug,low,15.6
E00000340,C000207,2025-04-21,Billing,low,19.0
E00000341,C000208,2025-10-21,How-to,critical,19.3
E00000342,C000208,2025-11-26,Billing,high,11.7
E00000343,C000209,2023-10-30,How-to,medium,6.1
E00000344,C000210,2025-07-23,How-to,medium,6.3
E00000345,C000210,2025-06-02,Bug,medium,7.0
E00000346,C000211,2023-12-01,Feature Request,medium,6.6
E00000347,C000211,2025-05-14,Feature Request,high,32.7
E00000348,C000212,2024-10-25,How-to,medium,9.5
E00000349,C000212,2025-02-23,Feature Request,medium,3.8
E00000350,C000213,2025-03-22,Billing,high,11.7
E00000351,C000213,2025-02-12,Feature Request,medium,5.3
E00000352,C000214,2024-12-28,Billing,medium,16.6
E00000353,C000214,2024-05-16,Feature Request,high,10.5
E00000354,C000216,2023-08-25,How-to,medium,6.6
E00000355,C000216,2025-03-12,How-to,low,14.7
E00000356,C000216,2025-05-09,How-to,medium,27.1
E00000357,C000216,2024-08-30,Bug,low,3.9
E00000358,C000216,2025-04-27,Billing,low,8.6
E00000359,C000217,2024-05-23,Bug,medium,15.7
E00000360,C000217,2023-06-03,Billing,medium,37.8
E00000361,C000217,2025-03-11,How-to,medium,32.6
E00000362,C000219,2025-04-02,Bug,high,10.4
E00000363,C000219,2024-08-10,Bug,high,23.8
E00000364,C000219,2025-08-24,How-to,low,13.1
E00000365,C000219,2025-09-29,How-to,low,22.4
E00000366,C000220,2025-12-28,Billing,low,21.0
E00000367,C000220,2025-08-10,Feature Request,low,16.5
E00000368,C000221,2023-06-28,Bug,high,40.6
E00000369,C000222,2024-01-15,How-to,high,9.9
E00000370,C000223,2025-09-12,How-to,low,20.7
E00000371,C000226,2023-06-11,Billing,medium,3.3
E00000372,C000227,2025-06-02,Feature Request,medium,2.6
E00000373,C000228,2025-12-12,How-to,low,9.4
E00000374,C000229,2024-05-24,Billing,medium,11.2
E00000375,C000230,2024-02-05,Bug,critical,2.9
E00000376,C000230,2025-02-02,Billing,low,26.8
E00000377,C000230,2024-06-20,Billing,low,25.8
E00000378,C000233,2022-04-16,Feature Request,medium,3.0
E00000379,C000234,2025-07-15,Bug,high,31.5
E00000380,C000234,2025-06-03,Billing,high,3.6
E00000381,C000234,2025-12-01,Billing,low,25.9
E00000382,C000234,2025-04-17,Feature Request,medium,8.6
E00000383,C000234,2025-10-29,Outage,critical,13.5
E00000384,C000235,2023-12-13,Bug,medium,27.0
E00000385,C000235,2024-04-25,How-to,low,50.8
E00000386,C000235,2024-05-26,Billing,high,8.7
E00000387,C000236,2025-08-23,Billing,high,5.4
E00000388,C000236,2025-04-24,Billing,high,19.6
E00000389,C000236,2025-06-14,Bug,low,23.2
E00000390,C000237,2024-08-08,How-to,medium,5.9
E00000391,C000237,2024-09-14,Bug,low,12.8
E00000392,C000238,2024-08-19,Billing,low,25.7
E00000393,C000239,2024-11-06,Feature Request,medium,13.9
E00000394,C000239,2024-08-01,Feature Request,medium,12.5
E00000395,C000239,2023-06-27,How-to,low,38.5
E00000396,C000239,2025-03-01,Bug,medium,129.2
E00000397,C000240,2024-11-14,How-to,low,13.4
E00000398,C000242,2025-07-08,Bug,low,24.7
E00000399,C000242,2024-08-05,Outage,medium,27.7
E00000400,C000242,2025-07-14,How-to,critical,9.6
E00000401,C000243,2023-06-04,Bug,low,20.4
E00000402,C000243,2025-03-18,Billing,medium,5.5
E00000403,C000246,2024-04-09,Bug,low,18.4
E00000404,C000246,2025-03-19,Outage,high,42.2
E00000405,C000251,2023-03-15,How-to,high,14.4
E00000406,C000252,2024-03-29,Feature Request,high,6.5
E00000407,C000253,2022-10-10,How-to,medium,31.0
E00000408,C000254,2025-10-02,Billing,low,43.9
E00000409,C000254,2025-08-18,Bug,high,21.5
E00000410,C000255,2024-09-29,Billing,low,3.0
E00000411,C000256,2025-02-05,Feature Request,low,16.1
E00000412,C000258,2025-02-14,Billing,medium,13.8
E00000413,C000259,2023-12-25,Billing,medium,42.7
E00000414,C000260,2025-12-12,Bug,critical,54.9
E00000415,C000262,2025-09-03,How-to,medium,15.3
E00000416,C000263,2025-04-05,Bug,medium,8.1
E00000417,C000263,2023-06-11,Bug,high,37.7
E00000418,C000263,2025-02-03,How-to,low,13.4
E00000419,C000264,2025-10-01,How-to,low,2.4
E00000420,C000264,2025-09-16,How-to,medium,18.2
E00000421,C000266,2025-05-28,Billing,low,7.9
E00000422,C000267,2025-09-28,How-to,low,7.3
E00000423,C000268,2025-07-19,Feature Request,high,19.7
E00000424,C000270,2024-12-11,Billing,low,24.6
E00000425,C000271,2024-11-06,Billing,medium,10.5
E00000426,C000272,2023-09-10,Billing,medium,17.6
E00000427,C000273,2024-04-15,Outage,medium,16.9
E00000428,C000275,2025-03-28,How-to,low,77.4
E00000429,C000275,2024-12-02,How-to,high,18.3
E00000430,C000275,2025-07-09,Feature Request,medium,12.2
E00000431,C000275,2024-12-20,How-to,low,10.8
E00000432,C000275,2023-09-12,How-to,low,7.9
E00000433,C000276,2023-12-23,Billing,low,12.7
E00000434,C000276,2023-12-03,Bug,low,7.2
E00000435,C000276,2023-12-10,Bug,medium,9.7
E00000436,C000276,2023-12-17,Billing,low,18.4
E00000437,C000277,2025-04-30,Feature Request,medium,7.3
E00000438,C000278,2025-02-11,How-to,low,15.5
E00000439,C000279,2024-02-26,Feature Request,low,7.7
E00000440,C000279,2024-09-24,Outage,medium,8.9
E00000441,C000280,2025-10-21,Billing,medium,21.3
E00000442,C000280,2025-08-14,Billing,medium,7.9
E00000443,C000281,2023-10-19,Bug,high,34.2
E00000444,C000281,2023-09-02,How-to,low,9.4
E00000445,C000282,2024-11-13,Outage,low,16.0
E00000446,C000283,2025-12-12,Billing,medium,9.8
E00000447,C000284,2024-05-01,How-to,low,15.8
E00000448,C000284,2024-09-05,Billing,low,5.9
E00000449,C000284,2024-06-16,Billing,low,13.7
E00000450,C000284,2025-12-29,Billing,high,39.6
E00000451,C000284,2025-04-02,How-to,medium,6.5
E00000452,C000286,2025-10-05,How-to,low,10.2
E00000453,C000286,2025-12-18,Bug,low,11.9
E00000454,C000287,2025-07-18,Billing,medium,5.5
E00000455,C000287,2023-03-15,How-to,medium,15.2
E00000456,C000287,2022-10-12,Bug,low,8.0
E00000457,C000288,2024-10-20,Billing,low,23.3
E00000458,C000288,2025-06-26,How-to,medium,12.0
E00000459,C000289,2025-06-02,Bug,medium,16.6
E00000460,C000289,2025-09-23,Bug,critical,11.2
E00000461,C000289,2024-09-10,How-to,high,11.1
E00000462,C000289,2025-03-05,Outage,medium,14.6
E00000463,C000290,2024-05-28,How-to,medium,16.1
E00000464,C000290,2025-05-26,Billing,medium,21.3
E00000465,C000292,2023-08-02,Outage,low,3.8
E00000466,C000293,2025-12-26,Bug,low,16.5
E00000467,C000294,2024-06-06,Billing,low,17.3
E00000468,C000295,2025-09-22,Feature Request,low,9.6
E00000469,C000295,2024-07-26,How-to,low,22.0
E00000470,C000295,2025-09-11,Billing,low,12.0
E00000471,C000296,2025-05-04,Feature Request,medium,42.4
E00000472,C000297,2025-10-13,Billing,medium,25.5
E00000473,C000297,2025-05-27,Outage,medium,15.2
E00000474,C000298,2023-10-09,Bug,low,9.7
E00000475,C000298,2024-01-18,Bug,high,10.4
E00000476,C000298,2024-06-30,Billing,low,8.0
E00000477,C000300,2025-12-26,Bug,medium,14.7
E00000478,C000301,2024-09-10,Bug,medium,17.1
E00000479,C000302,2025-09-12,How-to,high,18.1
E00000480,C000302,2025-04-26,How-to,critical,14.6
E00000481,C000303,2025-12-10,Feature Request,medium,1.9
E00000482,C000303,2022-04-10,Billing,medium,14.1
E00000483,C000303,2025-08-15,How-to,low,32.4
E00000484,C000303,2023-07-06,How-to,medium,4.7
E00000485,C000304,2025-08-02,Bug,medium,6.3
E00000486,C000304,2025-08-07,Bug,low,27.6
E00000487,C000304,2025-08-04,Billing,medium,13.3
E00000488,C000305,2025-05-28,How-to,medium,7.2
E00000489,C000305,2024-02-16,Billing,medium,24.0
E00000490,C000305,2024-10-05,Billing,medium,11.0
E00000491,C000307,2023-12-22,How-to,medium,15.5
E00000492,C000307,2025-07-07,Feature Request,low,29.9
E00000493,C000307,2023-12-19,Billing,high,47.5
E00000494,C000308,2024-11-16,Feature Request,medium,17.1
E00000495,C000309,2024-01-19,Billing,low,7.1
E00000496,C000309,2023-07-23,Billing,medium,33.9
E00000497,C000310,2024-03-17,How-to,critical,7.1
E00000498,C000310,2022-10-13,How-to,low,25.9
E00000499,C000310,2024-09-07,Feature Request,high,52.2
E00000500,C000310,2023-03-12,Feature Request,medium,3.1
E00000501,C000310,2023-04-03,How-to,medium,18.4
E00000502,C000311,2024-08-17,How-to,low,5.8
E00000503,C000311,2024-08-26,Billing,medium,14.0
E00000504,C000311,2024-08-22,Feature Request,medium,9.9
E00000505,C000312,2024-10-15,Bug,high,14.9
E00000506,C000313,2024-08-11,Feature Request,high,4.3
E00000507,C000314,2024-10-11,Feature Request,low,13.9
E00000508,C000314,2023-06-14,Feature Request,low,16.1
E00000509,C000314,2025-03-29,How-to,critical,139.5
E00000510,C000315,2025-04-21,Billing,medium,9.0
E00000511,C000315,2023-08-29,How-to,medium,4.8
E00000512,C000315,2024-01-17,Outage,low,8.1
E00000513,C000316,2024-10-09,Bug,low,2.7
E00000514,C000318,2025-06-30,Outage,medium,13.8
E00000515,C000318,2025-08-17,How-to,high,6.7
E00000516,C000320,2025-10-04,Outage,medium,8.6
E00000517,C000320,2025-04-15,Outage,medium,2.9
E00000518,C000320,2025-03-20,Billing,medium,9.5
E00000519,C000320,2025-08-04,Bug,high,3.5
E00000520,C000321,2025-07-06,How-to,medium,12.5
E00000521,C000321,2024-06-14,Feature Request,high,26.7
E00000522,C000322,2024-02-13,Billing,low,11.2
E00000523,C000322,2024-07-13,Billing,medium,16.8
E00000524,C000324,2025-10-19,Bug,medium,2.5
E00000525,C000324,2025-09-18,Bug,low,21.2
E00000526,C000324,2025-11-27,Bug,low,5.4
E00000527,C000324,2025-11-17,Billing,medium,15.9
E00000528,C000326,2025-02-20,Billing,high,15.0
E00000529,C000327,2024-07-21,Billing,medium,6.2
E00000530,C000328,2024-12-13,Bug,critical,20.0
E00000531,C000328,2024-05-13,How-to,low,8.9
E00000532,C000330,2024-05-01,Billing,low,11.5
E00000533,C000330,2025-05-09,Billing,low,34.4
E00000534,C000330,2024-03-31,Bug,medium,2.4
E00000535,C000330,2024-08-04,Bug,medium,2.5
E00000536,C000331,2024-03-06,Outage,high,13.6
E00000537,C000331,2025-10-26,Billing,high,35.4
E00000538,C000332,2025-09-03,How-to,medium,8.8
E00000539,C000333,2023-09-29,Feature Request,low,7.1
E00000540,C000334,2025-10-30,Feature Request,high,46.9
E00000541,C000335,2024-07-25,Billing,medium,5.6
E00000542,C000335,2023-12-16,Bug,medium,11.0
E00000543,C000335,2023-11-28,Bug,high,31.0
E00000544,C000335,2025-05-20,How-to,high,20.8
E00000545,C000336,2025-06-19,How-to,high,11.2
E00000546,C000336,2025-12-31,Billing,low,4.8
E00000547,C000337,2025-12-12,How-to,medium,8.9
E00000548,C000337,2025-11-27,Feature Request,critical,40.3
E00000549,C000337,2025-12-05,Feature Request,medium,10.1
E00000550,C000340,2025-12-20,Feature Request,medium,13.0
E00000551,C000340,2025-11-02,Bug,medium,12.9
E00000552,C000340,2025-12-30,Billing,low,2.5
E00000553,C000340,2025-10-29,Bug,low,7.4
E00000554,C000340,2025-10-25,How-to,low,14.8
E00000555,C000341,2024-11-13,Billing,medium,21.5
E00000556,C000341,2025-05-30,Feature Request,medium,23.9
E00000557,C000343,2024-06-16,Outage,low,28.1
E00000558,C000344,2024-04-20,How-to,medium,39.0
E00000559,C000344,2024-10-05,Bug,low,6.0
E00000560,C000344,2024-04-21,Bug,high,16.0
E00000561,C000345,2025-10-07,Feature Request,medium,5.5
E00000562,C000349,2024-08-13,Feature Request,low,6.0
E00000563,C000349,2025-06-29,Billing,medium,10.5
E00000564,C000349,2023-02-18,Billing,medium,61.8
E00000565,C000350,2023-10-08,How-to,low,6.6
E00000566,C000350,2024-04-23,Bug,high,11.0
E00000567,C000350,2023-01-10,Billing,low,5.7
E00000568,C000350,2024-02-15,How-to,medium,34.4
E00000569,C000351,2024-03-15,How-to,medium,21.1
E00000570,C000353,2023-03-23,How-to,high,15.7
E00000571,C000354,2024-03-23,Bug,high,10.2
E00000572,C000354,2023-12-08,How-to,low,14.1
E00000573,C000354,2025-01-22,Billing,high,27.8
E00000574,C000355,2025-12-01,Outage,low,5.2
E00000575,C000356,2025-12-07,Bug,medium,10.5
E00000576,C000356,2025-11-24,Bug,low,11.9
E00000577,C000357,2024-11-02,Outage,low,24.3
E00000578,C000358,2025-07-21,Outage,low,4.2
E00000579,C000359,2023-03-25,Feature Request,medium,3.6
E00000580,C000360,2025-01-29,Billing,high,9.6
E00000581,C000360,2025-09-01,Bug,critical,2.9
E00000582,C000361,2025-06-26,Billing,low,41.4
E00000583,C000361,2025-07-31,Billing,high,17.9
E00000584,C000362,2025-11-05,Bug,medium,34.7
E00000585,C000362,2025-10-03,Billing,high,10.6
E00000586,C000363,2023-07-20,Bug,low,14.3
E00000587,C000363,2025-04-16,Feature Request,low,12.3
E00000588,C000363,2023-05-23,Bug,low,41.8
E00000589,C000363,2024-06-21,Feature Request,low,15.5
E00000590,C000363,2025-08-18,Bug,medium,36.1
E00000591,C000364,2025-08-12,How-to,low,8.8
E00000592,C000364,2025-07-09,Billing,critical,13.1
E00000593,C000364,2025-11-20,Bug,high,11.4
E00000594,C000364,2025-08-10,How-to,low,7.7
E00000595,C000364,2025-08-11,Outage,high,5.7
E00000596,C000366,2025-12-28,How-to,medium,16.2
E00000597,C000366,2024-01-29,Billing,high,15.2
E00000598,C000366,2025-07-13,How-to,medium,9.3
E00000599,C000366,2025-08-10,Bug,low,4.2
E00000600,C000367,2024-03-02,Feature Request,low,4.2
E00000601,C000367,2025-03-08,How-to,medium,21.9
E00000602,C000367,2025-03-15,Outage,medium,11.1
E00000603,C000367,2025-09-29,How-to,medium,31.7
E00000604,C000367,2025-01-31,Bug,medium,6.5
E00000605,C000367,2023-12-08,Bug,low,80.7
E00000606,C000368,2025-09-23,Billing,low,5.8
E00000607,C000369,2022-12-27,Feature Request,medium,2.6
E00000608,C000369,2023-07-09,How-to,low,8.4
E00000609,C000370,2025-07-29,How-to,low,10.2
E00000610,C000370,2025-07-26,Billing,low,34.5
E00000611,C000370,2025-11-19,Feature Request,low,15.2
E00000612,C000371,2024-04-04,How-to,critical,19.8
E00000613,C000371,2025-02-14,How-to,medium,19.2
E00000614,C000371,2025-05-29,Feature Request,low,6.2
E00000615,C000371,2024-08-29,Billing,low,4.2
E00000616,C000373,2024-01-20,Feature Request,high,7.8
E00000617,C000373,2024-03-31,Feature Request,medium,3.9
E00000618,C000374,2025-07-24,Feature Request,low,12.0
E00000619,C000376,2025-11-16,Billing,critical,50.6
E00000620,C000376,2022-07-16,Bug,medium,10.3
E00000621,C000377,2025-05-04,Billing,medium,5.0
E00000622,C000378,2025-08-09,Billing,high,9.7
E00000623,C000378,2025-06-05,How-to,critical,52.2
E00000624,C000378,2024-12-12,Feature Request,low,3.3
E00000625,C000379,2024-04-08,Feature Request,medium,31.0
E00000626,C000379,2025-03-30,Outage,medium,15.7
E00000627,C000380,2023-06-20,How-to,low,7.9
E00000628,C000380,2025-08-19,Billing,low,18.7
E00000629,C000383,2025-11-20,How-to,high,11.0
E00000630,C000383,2025-11-25,How-to,critical,28.8
E00000631,C000383,2025-11-22,Bug,high,2.7
E00000632,C000383,2025-10-06,Billing,low,8.6
E00000633,C000383,2025-09-22,Billing,medium,6.4
E00000634,C000385,2025-01-26,Bug,medium,4.1
E00000635,C000385,2024-09-22,Bug,medium,20.5
E00000636,C000386,2025-09-01,How-to,low,37.4
E00000637,C000386,2022-08-18,Bug,high,23.8
E00000638,C000387,2023-10-25,Billing,low,22.3
E00000639,C000388,2025-07-05,Bug,medium,5.9
E00000640,C000388,2025-04-07,How-to,high,23.2
E00000641,C000389,2025-08-07,Feature Request,medium,3.9
E00000642,C000389,2025-11-18,How-to,low,17.2
E00000643,C000389,2025-07-21,Billing,medium,6.1
E00000644,C000390,2022-11-30,Feature Request,high,13.9
E00000645,C000390,2024-09-23,Billing,low,8.9
E00000646,C000391,2025-07-22,How-to,high,11.9
E00000647,C000391,2025-01-30,Billing,medium,22.3
E00000648,C000391,2024-12-23,Billing,high,14.8
E00000649,C000392,2023-08-06,Billing,low,4.4
E00000650,C000393,2024-02-05,Billing,medium,8.5
E00000651,C000393,2024-05-17,Feature Request,high,41.9
E00000652,C000393,2024-10-10,How-to,medium,19.6
E00000653,C000394,2025-01-23,Billing,high,9.2
E00000654,C000396,2025-08-31,Billing,low,10.9
E00000655,C000397,2022-09-16,Billing,high,9.0
E00000656,C000397,2022-09-28,Feature Request,low,3.5
E00000657,C000398,2024-04-23,Bug,medium,2.7
E00000658,C000398,2022-12-30,How-to,high,7.9
E00000659,C000398,2025-04-12,Billing,low,11.0
E00000660,C000399,2024-05-10,Bug,low,4.7
E00000661,C000399,2025-02-04,Feature Request,high,31.7
E00000662,C000400,2025-07-31,Billing,low,3.8
E00000663,C000402,2025-06-24,How-to,medium,19.8
E00000664,C000402,2025-06-08,Bug,medium,21.6
E00000665,C000403,2025-08-18,How-to,low,17.6
E00000666,C000403,2025-10-23,Bug,medium,22.4
E00000667,C000404,2025-12-02,Billing,critical,1.8
E00000668,C000404,2025-12-08,Outage,low,15.1
E00000669,C000404,2025-11-22,Billing,medium,16.9
E00000670,C000406,2024-08-23,Feature Request,high,11.2
E00000671,C000406,2024-10-05,How-to,low,36.4
E00000672,C000407,2025-02-02,How-to,high,7.5
E00000673,C000407,2024-12-26,How-to,low,9.2
E00000674,C000409,2025-10-28,Bug,low,2.3
E00000675,C000409,2025-09-26,How-to,high,8.9
E00000676,C000410,2024-09-30,Bug,low,39.3
E00000677,C000410,2023-03-12,Billing,medium,9.1
E00000678,C000410,2023-01-29,How-to,low,10.9
E00000679,C000410,2025-11-16,Bug,low,10.8
E00000680,C000410,2024-11-20,Bug,low,4.1
E00000681,C000411,2022-12-17,Bug,medium,72.1
E00000682,C000411,2024-03-01,Outage,low,3.6
E00000683,C000412,2024-07-19,Outage,low,23.9
E00000684,C000412,2023-07-04,How-to,low,14.9
E00000685,C000414,2023-12-27,How-to,low,23.5
E00000686,C000414,2024-07-08,Outage,critical,6.3
E00000687,C000414,2023-01-02,How-to,medium,28.6
E00000688,C000415,2023-01-02,How-to,critical,11.8
E00000689,C000415,2023-03-30,How-to,low,9.7
E00000690,C000415,2023-07-31,Bug,low,20.5
E00000691,C000416,2025-08-05,Outage,low,15.6
E00000692,C000418,2023-07-04,Billing,medium,12.3
E00000693,C000418,2024-10-10,Billing,low,7.1
E00000694,C000418,2023-10-12,How-to,medium,4.0
E00000695,C000419,2025-12-05,Outage,critical,13.6
E00000696,C000419,2025-04-17,Bug,low,37.5
E00000697,C000421,2025-10-30,Bug,high,6.9
E00000698,C000422,2025-06-14,Billing,medium,40.4
E00000699,C000422,2025-06-09,Billing,medium,9.8
E00000700,C000423,2025-02-01,Billing,low,9.9
E00000701,C000423,2025-01-07,Feature Request,low,56.6
E00000702,C000424,2024-05-30,How-to,low,3.8
E00000703,C000424,2024-10-13,Outage,low,11.3
E00000704,C000424,2025-05-05,Bug,low,37.8
E00000705,C000425,2023-10-08,How-to,medium,5.1
E00000706,C000426,2023-03-16,How-to,medium,8.4
E00000707,C000426,2025-12-16,Bug,medium,11.0
E00000708,C000428,2025-03-23,How-to,medium,17.2
E00000709,C000429,2024-05-11,Billing,high,16.4
E00000710,C000430,2025-06-03,Billing,medium,5.3
E00000711,C000430,2025-03-20,How-to,medium,14.2
E00000712,C000431,2024-11-07,How-to,medium,19.1
E00000713,C000431,2025-04-17,Outage,critical,12.0
E00000714,C000432,2025-01-11,Billing,medium,4.5
E00000715,C000433,2025-06-02,Outage,medium,5.3
E00000716,C000433,2025-04-25,Billing,low,5.6
E00000717,C000434,2025-11-08,How-to,medium,15.3
E00000718,C000434,2023-08-21,Billing,medium,21.0
E00000719,C000435,2023-10-10,How-to,low,12.1
E00000720,C000436,2023-04-08,How-to,medium,24.4
E00000721,C000437,2025-12-16,Outage,medium,9.0
E00000722,C000439,2023-01-09,How-to,medium,19.2
E00000723,C000439,2025-04-08,Feature Request,high,1.8
E00000724,C000440,2025-08-14,Outage,low,5.7
E00000725,C000440,2024-12-06,Feature Request,low,32.3
E00000726,C000440,2025-02-12,Billing,medium,32.2
E00000727,C000441,2025-10-23,Billing,low,11.3
E00000728,C000441,2025-11-10,How-to,low,48.3
E00000729,C000442,2025-03-01,Billing,high,6.2
E00000730,C000442,2023-05-29,How-to,low,13.8
E00000731,C000442,2024-09-16,Outage,medium,4.6
E00000732,C000443,2023-10-05,Outage,medium,6.8
E00000733,C000445,2024-01-01,Feature Request,low,10.5
E00000734,C000445,2025-03-14,Billing,low,9.0
E00000735,C000445,2024-11-05,Billing,low,5.5
E00000736,C000446,2025-06-27,Outage,low,9.7
E00000737,C000446,2024-09-18,Billing,medium,4.4
E00000738,C000446,2025-03-17,Bug,high,18.6
E00000739,C000447,2024-01-09,How-to,low,61.5
E00000740,C000447,2024-11-24,Feature Request,medium,33.8
E00000741,C000448,2025-11-21,How-to,high,9.6
E00000742,C000451,2025-11-13,Outage,high,7.7
E00000743,C000451,2025-10-16,Feature Request,low,7.4
E00000744,C000452,2025-10-14,Billing,critical,18.6
E00000745,C000452,2025-09-18,Billing,medium,8.8
E00000746,C000453,2024-02-15,Bug,low,19.2
E00000747,C000453,2024-01-16,Feature Request,low,67.2
E00000748,C000453,2024-01-16,Feature Request,high,19.0
E00000749,C000453,2024-02-19,Billing,low,8.6
E00000750,C000453,2023-12-23,Bug,high,11.0
E00000751,C000455,2024-11-22,Bug,low,11.2
E00000752,C000455,2024-10-01,Billing,medium,4.1
E00000753,C000455,2024-11-08,Billing,high,20.4
E00000754,C000455,2024-07-24,Outage,medium,12.8
E00000755,C000456,2025-08-22,Bug,low,28.7
E00000756,C000456,2024-05-19,Bug,medium,11.6
E00000757,C000457,2022-12-17,Bug,medium,7.3
E00000758,C000458,2024-11-29,Feature Request,high,4.7
E00000759,C000458,2025-12-29,How-to,low,27.8
E00000760,C000458,2024-07-30,Bug,low,21.9
E00000761,C000458,2025-06-11,Feature Request,medium,51.2
E00000762,C000459,2025-12-21,Bug,low,4.2
E00000763,C000460,2024-02-13,Feature Request,low,11.8
E00000764,C000462,2025-06-25,Feature Request,medium,21.1
E00000765,C000462,2024-06-26,Outage,low,5.3
E00000766,C000463,2025-07-26,Bug,medium,14.9
E00000767,C000463,2025-09-22,Feature Request,medium,22.8
E00000768,C000463,2025-11-03,How-to,critical,7.1
E00000769,C000463,2025-07-09,Billing,medium,6.6
E00000770,C000463,2025-01-31,Feature Request,low,10.7
E00000771,C000463,2024-12-31,Feature Request,low,38.1
E00000772,C000464,2024-07-10,Billing,medium,4.8
E00000773,C000465,2022-03-24,Bug,medium,14.0
E00000774,C000465,2024-05-14,How-to,medium,11.2
E00000775,C000465,2025-03-05,Bug,medium,28.4
E00000776,C000466,2025-11-02,Bug,low,8.0
E00000777,C000466,2025-10-22,How-to,medium,5.2
E00000778,C000466,2025-11-13,Billing,low,12.2
E00000779,C000466,2025-12-08,Feature Request,low,20.2
E00000780,C000467,2022-09-13,Bug,medium,14.6
E00000781,C000468,2024-12-07,How-to,medium,20.0
E00000782,C000469,2023-08-15,Billing,low,9.0
E00000783,C000469,2024-07-05,How-to,low,8.0
E00000784,C000471,2025-10-12,Outage,high,10.4
E00000785,C000472,2025-04-08,Billing,high,7.1
E00000786,C000474,2025-09-29,Billing,low,8.9
E00000787,C000475,2024-07-27,Bug,critical,7.6
E00000788,C000476,2025-05-14,How-to,medium,33.3
E00000789,C000476,2025-04-03,Outage,medium,27.0
E00000790,C000477,2025-08-20,Bug,medium,6.6
E00000791,C000477,2025-06-23,How-to,low,2.8
E00000792,C000477,2025-08-08,How-to,low,6.1
E00000793,C000479,2025-08-28,Outage,low,13.0
E00000794,C000480,2025-02-16,Feature Request,medium,13.4
E00000795,C000480,2022-12-25,How-to,high,8.6
E00000796,C000482,2025-12-20,Billing,high,4.0
E00000797,C000482,2025-07-08,Bug,medium,7.7
E00000798,C000482,2025-07-01,Bug,critical,7.0
E00000799,C000484,2025-03-11,Billing,critical,9.0
E00000800,C000484,2025-02-22,Feature Request,medium,11.1
E00000801,C000485,2024-03-04,How-to,low,2.0
E00000802,C000485,2023-11-24,Feature Request,high,3.2
E00000803,C000485,2024-02-15,Bug,low,4.6
E00000804,C000485,2023-11-28,Outage,high,8.8
E00000805,C000486,2025-11-23,Billing,low,14.2
E00000806,C000486,2024-08-15,Feature Request,low,4.8
E00000807,C000486,2023-12-13,Feature Request,low,7.8
E00000808,C000486,2024-01-30,Billing,low,8.0
E00000809,C000487,2024-02-06,How-to,low,34.8
E00000810,C000488,2024-03-18,Billing,low,41.4
E00000811,C000489,2025-10-20,Outage,medium,15.9
E00000812,C000489,2025-07-24,Feature Request,medium,26.9
E00000813,C000490,2025-07-12,Feature Request,low,11.7
E00000814,C000490,2024-07-27,Billing,critical,3.4
E00000815,C000491,2025-10-15,Billing,medium,37.6
E00000816,C000491,2025-10-28,Outage,medium,25.3
E00000817,C000492,2025-11-16,Billing,high,43.5
E00000818,C000493,2025-11-18,Outage,medium,12.1
E00000819,C000495,2025-02-20,Billing,low,3.5
E00000820,C000495,2025-05-10,Billing,low,14.0
E00000821,C000495,2024-07-31,How-to,medium,18.3
E00000822,C000496,2023-10-16,Feature Request,high,9.5
E00000823,C000496,2024-01-13,Bug,medium,19.4
E00000824,C000496,2025-06-27,Billing,medium,25.1
E00000825,C000496,2024-01-01,Billing,low,15.0
E00000826,C000498,2023-06-22,Billing,low,6.5
E00000827,C000498,2023-11-19,How-to,low,6.5
E00000828,C000500,2024-06-04,Billing,medium,53.7
E00000829,C000500,2025-11-30,How-to,high,5.8
E00000830,C000501,2024-09-10,How-to,medium,12.3
E00000831,C000501,2024-08-28,Feature Request,high,15.5
E00000832,C000501,2022-09-17,Bug,medium,29.5
E00000833,C000502,2024-09-08,Bug,medium,14.1
E00000834,C000504,2025-10-10,Feature Request,low,12.4
E00000835,C000504,2025-09-23,Bug,medium,8.3
E00000836,C000505,2023-10-31,Bug,high,18.4
E00000837,C000506,2024-04-07,Outage,medium,36.0
E00000838,C000507,2025-02-05,How-to,medium,10.6
E00000839,C000507,2025-10-22,How-to,medium,18.6
E00000840,C000507,2025-09-22,Billing,medium,31.4
E00000841,C000508,2023-11-20,Billing,medium,7.6
E00000842,C000508,2023-05-17,Outage,high,11.8
E00000843,C000508,2024-07-27,Bug,high,7.9
E00000844,C000509,2024-03-15,Bug,low,21.2
E00000845,C000509,2023-04-17,Feature Request,medium,3.8
E00000846,C000510,2023-09-12,Billing,low,38.7
E00000847,C000510,2023-09-11,Billing,low,10.8
E00000848,C000511,2025-12-31,Bug,medium,2.2
E00000849,C000512,2025-07-24,Bug,critical,4.2
E00000850,C000512,2025-10-05,How-to,medium,8.6
E00000851,C000513,2025-05-30,Billing,low,11.1
E00000852,C000513,2025-05-31,Outage,medium,7.5
E00000853,C000514,2025-03-27,Bug,medium,17.6
E00000854,C000514,2025-10-23,Feature Request,low,5.0
E00000855,C000516,2023-01-31,Bug,high,11.1
E00000856,C000516,2025-04-11,How-to,low,39.8
E00000857,C000516,2023-03-31,Outage,low,30.4
E00000858,C000516,2022-06-25,Billing,low,5.2
E00000859,C000516,2022-08-05,Billing,low,6.4
E00000860,C000517,2025-09-30,How-to,high,6.1
E00000861,C000519,2025-03-25,Billing,low,10.3
E00000862,C000519,2024-11-05,Feature Request,medium,24.7
E00000863,C000519,2025-03-30,How-to,medium,5.5
E00000864,C000520,2025-11-19,Bug,medium,4.2
E00000865,C000520,2025-03-07,Billing,low,9.9
E00000866,C000520,2025-07-22,How-to,medium,15.2
E00000867,C000522,2022-12-12,How-to,medium,11.0
E00000868,C000523,2025-01-25,Feature Request,low,12.4
E00000869,C000524,2025-09-27,Bug,medium,25.1
E00000870,C000524,2025-10-04,How-to,high,13.0
E00000871,C000525,2024-11-22,Feature Request,high,12.8
E00000872,C000525,2025-04-10,Billing,medium,11.0
E00000873,C000525,2025-09-08,How-to,low,12.1
E00000874,C000526,2025-11-08,Feature Request,high,7.4
E00000875,C000527,2025-10-03,Billing,medium,4.1
E00000876,C000528,2022-08-02,Billing,high,31.8
E00000877,C000528,2023-07-28,How-to,low,24.0
E00000878,C000529,2025-11-05,Bug,high,10.5
E00000879,C000531,2024-05-17,Bug,high,77.4
E00000880,C000532,2025-05-13,Billing,critical,3.2
E00000881,C000533,2022-10-26,How-to,medium,9.4
E00000882,C000533,2022-10-16,How-to,low,6.0
E00000883,C000533,2025-01-09,Billing,medium,11.1
E00000884,C000534,2023-04-09,Outage,high,9.4
E00000885,C000534,2025-05-31,How-to,high,27.2
E00000886,C000536,2025-07-29,Billing,low,5.9
E00000887,C000537,2025-11-13,Feature Request,low,4.2
E00000888,C000537,2023-10-26,Feature Request,medium,6.0
E00000889,C000538,2022-12-22,Billing,medium,5.4
E00000890,C000538,2024-02-17,Billing,low,18.7
E00000891,C000539,2024-09-09,Billing,medium,5.1
E00000892,C000540,2024-12-22,Billing,low,8.9
E00000893,C000542,2024-09-22,Feature Request,medium,14.8
E00000894,C000542,2023-04-25,How-to,low,8.6
E00000895,C000542,2022-09-21,How-to,medium,25.1
E00000896,C000542,2025-10-14,Feature Request,critical,5.1
E00000897,C000542,2023-05-25,Billing,low,37.0
E00000898,C000543,2023-08-19,Bug,high,8.7
E00000899,C000543,2023-03-10,Billing,low,11.2
E00000900,C000544,2022-10-03,Outage,medium,12.1
E00000901,C000544,2024-08-18,Billing,high,7.5
E00000902,C000544,2025-10-06,Bug,medium,5.1
E00000903,C000544,2023-05-05,Billing,low,15.4
E00000904,C000545,2025-08-22,Bug,high,13.6
E00000905,C000545,2025-12-08,How-to,low,7.2
E00000906,C000546,2024-02-04,How-to,medium,10.0
E00000907,C000546,2025-02-11,How-to,low,7.3
E00000908,C000547,2024-03-03,Bug,high,9.8
E00000909,C000548,2024-11-26,Feature Request,low,29.8
E00000910,C000549,2024-05-29,Billing,low,11.8
E00000911,C000549,2024-03-21,Bug,low,5.7
E00000912,C000550,2025-05-26,How-to,low,15.3
E00000913,C000550,2025-01-20,Outage,low,9.1
E00000914,C000551,2025-08-29,Bug,medium,15.0
E00000915,C000551,2025-11-08,Billing,medium,25.9
E00000916,C000551,2025-04-03,How-to,low,7.9
E00000917,C000552,2025-07-07,How-to,high,33.4
E00000918,C000552,2024-11-18,How-to,high,38.4
E00000919,C000552,2025-01-06,Billing,low,37.7
E00000920,C000552,2025-07-29,How-to,low,4.7
E00000921,C000553,2025-06-10,How-to,medium,18.1
E00000922,C000554,2024-06-17,Billing,medium,21.4
E00000923,C000555,2025-12-07,Billing,high,16.6
E00000924,C000555,2025-11-23,Bug,low,19.6
E00000925,C000555,2025-11-13,Feature Request,medium,10.9
E00000926,C000555,2025-11-09,How-to,medium,59.6
E00000927,C000555,2025-11-20,How-to,medium,14.4
E00000928,C000556,2024-10-22,Billing,low,9.6
E00000929,C000556,2024-06-21,Outage,low,3.7
E00000930,C000557,2025-09-14,Bug,medium,24.1
E00000931,C000557,2025-05-06,Billing,low,32.5
E00000932,C000558,2025-09-16,Billing,low,17.6
E00000933,C000559,2025-12-22,Bug,critical,8.0
E00000934,C000559,2025-08-21,Feature Request,low,2.2
E00000935,C000560,2025-08-13,Feature Request,low,13.7
E00000936,C000561,2024-02-08,How-to,medium,11.6
E00000937,C000561,2024-12-04,How-to,high,22.1
E00000938,C000561,2025-12-18,Billing,high,33.3
E00000939,C000562,2025-12-20,Outage,critical,3.9
E00000940,C000562,2023-07-26,Bug,low,1.7
E00000941,C000563,2024-10-07,Billing,high,11.3
E00000942,C000563,2025-04-29,Bug,medium,10.4
E00000943,C000563,2024-10-25,Bug,low,14.4
E00000944,C000563,2024-07-21,How-to,high,6.1
E00000945,C000564,2023-03-27,Billing,high,17.6
E00000946,C000565,2025-08-13,Feature Request,high,15.9
E00000947,C000566,2025-08-29,Billing,low,10.8
E00000948,C000567,2025-02-01,Billing,low,9.9
E00000949,C000567,2024-08-06,Bug,medium,8.8
E00000950,C000569,2025-10-09,Billing,low,9.8
E00000951,C000570,2024-07-15,Feature Request,low,22.5
E00000952,C000571,2025-10-25,Billing,high,11.0
E00000953,C000571,2025-10-21,Outage,low,22.1
E00000954,C000571,2025-11-19,Outage,low,8.2
E00000955,C000572,2025-02-10,Outage,medium,6.0
E00000956,C000572,2025-02-01,How-to,medium,28.9
E00000957,C000573,2024-01-26,Outage,medium,29.2
E00000958,C000574,2023-01-16,Feature Request,high,10.5
E00000959,C000574,2024-08-29,How-to,medium,10.9
E00000960,C000575,2025-10-20,Feature Request,medium,4.7
E00000961,C000575,2023-06-05,Bug,medium,20.5
E00000962,C000575,2024-05-10,Billing,medium,29.3
E00000963,C000576,2025-01-20,Bug,medium,15.2
E00000964,C000577,2025-11-10,Billing,low,25.8
E00000965,C000577,2025-08-23,Bug,low,11.3
E00000966,C000577,2025-11-04,Bug,high,11.6
E00000967,C000579,2025-09-05,Bug,medium,54.6
E00000968,C000580,2025-03-05,Bug,low,21.3
E00000969,C000581,2025-04-28,Bug,low,5.8
E00000970,C000581,2025-11-13,Billing,low,11.3
E00000971,C000582,2025-06-20,Bug,medium,15.4
E00000972,C000583,2023-03-22,Billing,low,27.8
E00000973,C000583,2023-03-30,Feature Request,low,5.7
E00000974,C000583,2024-12-17,Feature Request,low,18.4
E00000975,C000584,2025-01-24,Billing,low,5.3
E00000976,C000584,2023-02-04,Billing,medium,50.9
E00000977,C000585,2024-12-17,Feature Request,medium,15.6
E00000978,C000585,2023-11-25,Billing,low,3.6
E00000979,C000585,2024-03-26,Feature Request,medium,8.1
E00000980,C000586,2025-09-01,Outage,low,8.8
E00000981,C000586,2025-09-01,Feature Request,high,7.5
E00000982,C000587,2025-07-12,How-to,low,18.7
E00000983,C000588,2022-08-21,Billing,low,5.4
E00000984,C000589,2025-07-06,Bug,low,6.0
E00000985,C000589,2025-08-15,How-to,medium,6.3
E00000986,C000589,2025-07-05,How-to,high,29.5
E00000987,C000589,2025-04-20,Billing,high,109.6
E00000988,C000590,2025-07-20,Bug,medium,18.7
E00000989,C000591,2025-03-11,Billing,high,8.0
E00000990,C000591,2025-02-19,Bug,high,10.9
E00000991,C000591,2025-06-23,Bug,medium,29.1
E00000992,C000592,2025-09-20,Feature Request,low,9.2
E00000993,C000592,2025-08-26,Billing,low,10.1
E00000994,C000593,2025-01-23,Bug,high,1.2
E00000995,C000594,2025-12-09,Billing,medium,21.7
E00000996,C000595,2023-07-09,Feature Request,medium,30.3
E00000997,C000596,2025-12-10,Feature Request,high,28.5
E00000998,C000598,2025-02-23,Billing,medium,34.2
E00000999,C000599,2025-01-19,Bug,low,31.2
E00001000,C000599,2025-04-14,Billing,medium,5.1
E00001001,C000599,2024-12-22,How-to,low,2.1
E00001002,C000600,2025-08-26,Billing,critical,5.3
E00001003,C000602,2025-08-17,How-to,medium,5.3
E00001004,C000603,2025-05-21,Bug,low,39.1
E00001005,C000604,2022-08-28,How-to,low,4.9
E00001006,C000605,2025-09-29,Billing,low,22.0
E00001007,C000605,2025-08-15,Billing,low,3.6
E00001008,C000605,2025-04-16,Bug,high,5.4
E00001009,C000606,2025-08-13,How-to,high,4.4
E00001010,C000607,2024-01-23,Billing,medium,5.9
E00001011,C000608,2024-10-10,How-to,low,6.7
E00001012,C000608,2024-09-27,Outage,low,17.4
E00001013,C000609,2025-11-05,Feature Request,high,8.3
E00001014,C000609,2025-10-14,Bug,low,24.1
E00001015,C000612,2025-09-20,Feature Request,medium,27.5
E00001016,C000613,2025-02-27,Billing,low,10.9
E00001017,C000613,2025-05-12,How-to,low,10.2
E00001018,C000614,2024-06-12,Bug,high,18.9
E00001019,C000615,2025-07-03,How-to,low,11.1
E00001020,C000615,2025-04-20,Feature Request,medium,2.6
E00001021,C000616,2025-07-17,How-to,high,8.4
E00001022,C000616,2024-10-18,Billing,high,13.5
E00001023,C000616,2024-11-03,Feature Request,low,14.6
E00001024,C000617,2023-06-11,Billing,low,9.8
E00001025,C000617,2023-10-27,Feature Request,low,8.3
E00001026,C000617,2023-04-23,How-to,medium,3.0
E00001027,C000617,2024-03-14,Billing,low,12.5
E00001028,C000617,2023-01-16,How-to,low,60.3
E00001029,C000618,2024-09-18,Feature Request,low,20.5
E00001030,C000618,2023-01-28,Billing,high,62.0
E00001031,C000619,2025-02-27,Bug,critical,6.3
E00001032,C000619,2022-07-05,Billing,medium,24.1
E00001033,C000619,2025-12-10,How-to,low,8.9
E00001034,C000620,2025-03-10,How-to,low,3.8
E00001035,C000620,2025-01-20,Bug,low,3.7
E00001036,C000620,2025-03-29,Bug,low,15.8
E00001037,C000620,2025-07-11,How-to,medium,17.6
E00001038,C000622,2025-05-08,Billing,high,19.0
E00001039,C000624,2023-08-23,Feature Request,medium,3.4
E00001040,C000625,2025-12-09,Billing,high,8.4
E00001041,C000626,2025-03-23,Billing,low,57.1
E00001042,C000626,2022-12-08,How-to,medium,8.4
E00001043,C000627,2023-10-13,Bug,medium,27.8
E00001044,C000627,2023-09-24,How-to,medium,13.9
E00001045,C000627,2023-11-24,Feature Request,low,15.4
E00001046,C000628,2023-08-31,Bug,medium,12.0
E00001047,C000628,2024-12-26,How-to,low,10.7
E00001048,C000628,2025-11-12,How-to,low,16.1
E00001049,C000628,2023-10-05,Feature Request,low,85.4
E00001050,C000629,2024-01-22,Outage,medium,22.3
E00001051,C000630,2025-09-29,Billing,low,30.0
E00001052,C000631,2025-08-22,Bug,critical,2.5
E00001053,C000631,2025-02-25,Billing,high,6.2
E00001054,C000632,2023-10-29,How-to,low,4.9
E00001055,C000634,2023-11-15,Feature Request,medium,4.3
E00001056,C000635,2025-12-16,Billing,medium,2.4
E00001057,C000635,2023-10-04,Outage,low,39.5
E00001058,C000635,2025-09-11,Billing,low,8.4
E00001059,C000636,2024-12-04,How-to,low,8.0
E00001060,C000637,2025-07-14,Billing,low,6.9
E00001061,C000637,2024-12-27,Outage,low,27.2
E00001062,C000637,2025-01-31,Feature Request,low,5.6
E00001063,C000638,2025-08-26,Feature Request,critical,15.1
E00001064,C000638,2025-10-24,Outage,low,10.9
E00001065,C000639,2025-11-06,Billing,medium,18.4
E00001066,C000639,2025-11-18,Billing,low,23.5
E00001067,C000639,2025-07-05,Bug,high,3.0
E00001068,C000639,2025-06-23,Billing,high,1.4
E00001069,C000640,2025-10-09,Billing,critical,12.6
E00001070,C000640,2025-09-29,Bug,medium,4.3
E00001071,C000640,2025-10-09,How-to,high,19.5
E00001072,C000640,2025-10-12,Outage,low,25.4
E00001073,C000640,2025-09-27,Billing,high,8.5
E00001074,C000641,2024-09-09,How-to,low,14.1
E00001075,C000641,2024-08-25,Billing,medium,25.6
E00001076,C000641,2024-08-17,Feature Request,low,8.8
E00001077,C000642,2025-09-17,Billing,low,31.3
E00001078,C000642,2025-08-14,Billing,low,15.9
E00001079,C000642,2025-08-31,Outage,high,5.4
E00001080,C000643,2025-11-29,Feature Request,low,8.7
E00001081,C000644,2024-06-02,How-to,low,31.8
E00001082,C000644,2025-01-26,How-to,critical,26.5
E00001083,C000644,2025-02-09,How-to,medium,13.2
E00001084,C000645,2025-08-13,Billing,medium,11.4
E00001085,C000645,2025-12-03,Outage,medium,7.0
E00001086,C000645,2025-04-17,Billing,low,18.8
E00001087,C000646,2024-11-12,Outage,low,16.9
E00001088,C000647,2023-12-01,Billing,low,47.6
E00001089,C000647,2025-09-05,Bug,low,8.8
E00001090,C000647,2025-09-20,How-to,high,10.5
E00001091,C000647,2024-02-05,How-to,medium,5.5
E00001092,C000647,2023-12-12,Bug,high,14.6
E00001093,C000649,2025-12-07,How-to,critical,8.4
E00001094,C000650,2025-11-10,How-to,high,4.4
E00001095,C000651,2024-06-28,Feature Request,medium,6.5
E00001096,C000651,2025-09-02,Bug,high,10.5
E00001097,C000652,2025-05-29,How-to,high,7.1
E00001098,C000653,2025-05-06,Billing,medium,10.3
E00001099,C000653,2024-12-12,Outage,high,7.6
E00001100,C000654,2025-05-10,Bug,low,13.4
E00001101,C000655,2025-10-03,Outage,low,11.2
E00001102,C000655,2025-12-05,Bug,medium,17.3
E00001103,C000656,2024-08-02,Billing,low,14.1
E00001104,C000656,2025-10-02,Outage,medium,10.5
E00001105,C000658,2025-11-26,Bug,high,29.6
E00001106,C000658,2024-12-02,Billing,medium,20.5
E00001107,C000659,2023-04-26,Bug,low,2.4
E00001108,C000660,2023-09-17,Billing,medium,25.9
E00001109,C000660,2023-06-24,How-to,medium,6.5
E00001110,C000661,2023-01-15,How-to,high,7.8
E00001111,C000662,2025-08-25,Feature Request,low,52.6
E00001112,C000662,2025-12-04,How-to,low,13.3
E00001113,C000662,2025-09-19,Outage,medium,19.7
E00001114,C000663,2023-12-23,How-to,low,12.0
E00001115,C000663,2022-03-19,How-to,low,11.3
E00001116,C000664,2025-05-23,Bug,medium,13.8
E00001117,C000664,2024-12-22,Feature Request,medium,4.0
E00001118,C000665,2024-05-05,Bug,high,26.3
E00001119,C000666,2024-12-20,Bug,low,6.0
E00001120,C000666,2025-08-29,Bug,medium,20.5
E00001121,C000667,2025-02-03,Billing,medium,6.2
E00001122,C000667,2024-07-22,How-to,medium,4.8
E00001123,C000669,2025-09-19,Outage,low,9.4
E00001124,C000669,2025-11-15,Billing,low,7.3
E00001125,C000669,2025-12-14,Bug,medium,13.6
E00001126,C000669,2025-08-14,How-to,low,26.9
E00001127,C000670,2024-02-04,Billing,medium,9.2
E00001128,C000671,2025-11-22,Feature Request,medium,40.5
E00001129,C000672,2025-06-04,Feature Request,medium,21.7
E00001130,C000673,2024-08-29,Billing,low,25.5
E00001131,C000674,2023-02-18,How-to,medium,17.6
E00001132,C000674,2023-08-14,Billing,high,30.7
E00001133,C000675,2025-01-11,Feature Request,low,22.2
E00001134,C000675,2025-03-31,Billing,high,68.2
E00001135,C000675,2024-08-15,How-to,low,4.8
E00001136,C000676,2025-03-30,Bug,medium,27.6
E00001137,C000676,2024-11-27,How-to,critical,13.1
E00001138,C000678,2023-06-21,How-to,high,10.8
E00001139,C000679,2024-09-23,How-to,medium,4.9
E00001140,C000679,2024-05-30,How-to,low,5.5
E00001141,C000679,2025-06-09,Bug,low,10.3
E00001142,C000682,2025-06-28,How-to,medium,18.3
E00001143,C000683,2025-11-03,Feature Request,high,12.8
E00001144,C000683,2025-12-11,Feature Request,medium,29.8
E00001145,C000683,2025-12-07,Billing,medium,6.4
E00001146,C000683,2025-10-21,Bug,low,18.1
E00001147,C000683,2025-11-17,Outage,high,10.7
E00001148,C000683,2025-11-16,Bug,high,7.8
E00001149,C000684,2025-11-29,Feature Request,medium,2.0
E00001150,C000684,2025-12-31,Billing,low,5.7
E00001151,C000686,2025-04-21,Billing,high,5.6
E00001152,C000686,2025-05-14,How-to,low,11.9
E00001153,C000686,2025-04-06,Feature Request,low,8.8
E00001154,C000687,2024-08-29,Bug,low,7.9
E00001155,C000687,2023-12-04,Billing,low,18.5
E00001156,C000687,2024-02-19,Billing,medium,4.9
E00001157,C000688,2025-03-13,How-to,high,8.0
E00001158,C000688,2025-02-28,Billing,medium,16.7
E00001159,C000689,2023-10-18,Feature Request,medium,17.2
E00001160,C000690,2025-03-04,Billing,medium,26.9
E00001161,C000691,2025-12-01,Billing,medium,5.9
E00001162,C000691,2025-12-14,How-to,medium,7.7
E00001163,C000691,2025-12-01,How-to,low,19.2
E00001164,C000691,2025-12-20,Outage,high,4.9
E00001165,C000691,2025-12-10,How-to,medium,11.6
E00001166,C000692,2025-03-24,How-to,low,2.2
E00001167,C000692,2025-08-17,Bug,medium,31.5
E00001168,C000692,2025-06-29,Outage,low,2.5
E00001169,C000695,2025-02-25,Billing,critical,14.3
E00001170,C000695,2025-11-18,How-to,medium,18.5
E00001171,C000696,2023-03-09,Bug,high,4.9
E00001172,C000697,2025-08-17,Bug,medium,15.1
E00001173,C000698,2025-01-04,Bug,low,8.3
E00001174,C000699,2025-06-01,Bug,low,8.4
E00001175,C000699,2025-07-03,How-to,low,6.5
E00001176,C000699,2024-01-16,How-to,medium,6.6
E00001177,C000700,2023-06-05,Bug,low,32.4
E00001178,C000700,2024-11-23,Bug,medium,9.8
E00001179,C000700,2022-12-10,How-to,low,7.5
E00001180,C000701,2024-06-06,How-to,medium,4.1
E00001181,C000701,2024-04-17,Billing,low,19.2
E00001182,C000702,2025-06-22,Billing,high,20.8
E00001183,C000702,2025-11-28,How-to,high,4.3
E00001184,C000703,2024-08-09,Outage,low,11.1
E00001185,C000704,2025-05-29,How-to,low,20.7
E00001186,C000705,2024-04-17,Billing,medium,8.9
E00001187,C000705,2024-10-22,Billing,medium,14.2
E00001188,C000705,2023-02-17,How-to,low,14.7
E00001189,C000706,2024-09-24,How-to,medium,2.9
E00001190,C000706,2024-10-21,Bug,medium,5.2
E00001191,C000707,2022-04-27,How-to,high,15.1
E00001192,C000707,2024-04-12,Bug,low,22.7
E00001193,C000707,2024-03-26,Billing,critical,37.4
E00001194,C000707,2025-04-14,Bug,medium,6.7
E00001195,C000707,2022-09-15,Bug,low,18.9
E00001196,C000707,2022-06-14,Billing,low,4.5
E00001197,C000710,2025-12-01,How-to,medium,19.6
E00001198,C000712,2024-02-20,Outage,low,30.4
E00001199,C000712,2025-07-11,Bug,medium,4.7
E00001200,C000713,2025-09-25,How-to,low,15.3
E00001201,C000714,2025-03-24,How-to,medium,40.8
E00001202,C000715,2025-11-10,How-to,medium,7.4
E00001203,C000716,2025-07-08,Billing,high,3.1
E00001204,C000716,2025-06-22,Bug,medium,1.6
E00001205,C000717,2025-06-11,How-to,medium,15.7
E00001206,C000717,2024-08-11,Bug,medium,11.5
E00001207,C000717,2025-04-21,Bug,medium,8.0
E00001208,C000717,2024-01-17,How-to,low,30.9
E00001209,C000719,2025-05-15,Bug,low,51.7
E00001210,C000720,2024-05-11,Outage,medium,18.1
E00001211,C000721,2024-05-13,Outage,low,32.3
E00001212,C000721,2024-09-26,How-to,critical,28.2
E00001213,C000723,2025-10-24,Bug,low,3.5
E00001214,C000723,2025-09-24,Bug,low,7.6
E00001215,C000723,2025-11-02,How-to,critical,51.1
E00001216,C000724,2022-09-16,How-to,medium,31.0
E00001217,C000724,2023-07-29,How-to,medium,19.7
E00001218,C000724,2023-09-18,Billing,medium,14.5
E00001219,C000725,2025-05-19,Feature Request,low,7.6
E00001220,C000726,2024-03-18,Billing,low,15.5
E00001221,C000726,2023-11-20,Feature Request,high,12.9
E00001222,C000726,2023-09-10,Bug,medium,5.8
E00001223,C000726,2022-08-31,How-to,low,6.9
E00001224,C000726,2024-01-22,Billing,low,8.7
E00001225,C000728,2024-12-05,Billing,low,42.0
E00001226,C000728,2023-08-08,How-to,high,7.3
E00001227,C000728,2022-10-07,Billing,low,3.1
E00001228,C000729,2025-01-08,How-to,low,72.1
E00001229,C000729,2024-04-01,How-to,critical,1.7
E00001230,C000729,2024-11-04,Bug,medium,17.1
E00001231,C000730,2024-11-27,Bug,low,4.4
E00001232,C000731,2025-08-01,Bug,medium,15.8
E00001233,C000731,2025-12-11,How-to,low,33.6
E00001234,C000733,2025-08-22,How-to,critical,15.1
E00001235,C000734,2025-01-25,Feature Request,low,30.9
E00001236,C000734,2025-08-26,How-to,low,31.3
E00001237,C000734,2025-04-07,Billing,high,22.2
E00001238,C000734,2025-11-04,Billing,medium,3.0
E00001239,C000735,2023-09-11,Billing,low,39.1
E00001240,C000735,2025-11-19,Outage,medium,19.1
E00001241,C000735,2023-12-17,Billing,medium,15.5
E00001242,C000737,2025-11-13,How-to,low,9.5
E00001243,C000737,2025-05-25,Billing,low,30.6
E00001244,C000738,2024-08-15,Bug,low,25.5
E00001245,C000741,2025-12-26,Feature Request,medium,8.8
E00001246,C000743,2025-09-15,How-to,low,10.9
E00001247,C000743,2025-02-23,Bug,low,13.3
E00001248,C000745,2025-10-04,Feature Request,medium,3.8
E00001249,C000745,2025-09-29,Bug,medium,12.2
E00001250,C000745,2025-07-31,How-to,medium,12.5
E00001251,C000745,2025-08-10,Bug,medium,2.4
E00001252,C000746,2023-07-05,How-to,high,24.2
E00001253,C000746,2024-09-02,Bug,medium,20.6
E00001254,C000746,2024-03-05,How-to,medium,29.4
E00001255,C000747,2025-06-06,Outage,medium,14.2
E00001256,C000747,2024-09-13,Feature Request,low,21.5
E00001257,C000747,2024-02-26,Bug,medium,29.5
E00001258,C000748,2023-12-13,How-to,low,7.4
E00001259,C000749,2024-10-27,Billing,critical,18.0
E00001260,C000749,2024-04-26,Outage,low,9.4
E00001261,C000749,2023-06-10,Bug,low,8.2
E00001262,C000750,2022-10-29,Outage,medium,18.3
E00001263,C000751,2025-12-16,How-to,low,4.5
E00001264,C000752,2024-12-15,Bug,medium,20.4
E00001265,C000752,2023-04-16,Billing,low,16.7
E00001266,C000752,2023-02-15,Outage,high,15.6
E00001267,C000752,2025-07-10,Billing,low,15.1
E00001268,C000752,2024-01-26,Billing,medium,7.2
E00001269,C000752,2024-10-03,Billing,medium,8.3
E00001270,C000754,2025-10-17,Outage,high,21.3
E00001271,C000755,2025-12-26,Billing,low,37.7
E00001272,C000755,2025-03-26,Billing,low,10.3
E00001273,C000757,2025-06-08,Billing,critical,7.4
E00001274,C000758,2023-12-02,Billing,low,26.4
E00001275,C000758,2025-06-09,Bug,medium,31.5
E00001276,C000759,2023-01-06,Feature Request,medium,26.5
E00001277,C000759,2023-12-12,Bug,high,17.4
E00001278,C000759,2022-07-12,Bug,high,14.5
E00001279,C000759,2023-05-26,Billing,critical,12.2
E00001280,C000760,2025-11-30,Feature Request,medium,4.6
E00001281,C000761,2022-11-25,Outage,medium,6.1
E00001282,C000762,2024-03-21,Bug,high,4.1
E00001283,C000762,2024-03-10,How-to,medium,17.5
E00001284,C000763,2025-12-03,Billing,low,7.6
E00001285,C000763,2025-12-25,Billing,low,6.2
E00001286,C000763,2025-10-14,Feature Request,high,11.2
E00001287,C000764,2025-10-13,Feature Request,low,15.5
E00001288,C000764,2025-09-14,Feature Request,low,5.6
E00001289,C000764,2025-12-05,Billing,low,6.8
E00001290,C000765,2024-07-08,Feature Request,high,7.7
E00001291,C000766,2025-03-03,Billing,high,23.6
E00001292,C000766,2025-11-03,How-to,low,30.6
E00001293,C000768,2024-12-25,Bug,high,5.3
E00001294,C000768,2025-07-22,How-to,low,11.1
E00001295,C000768,2025-05-26,Feature Request,medium,8.3
E00001296,C000768,2025-09-16,How-to,medium,9.2
E00001297,C000769,2022-12-15,Outage,high,10.2
E00001298,C000770,2023-06-26,Billing,low,16.8
E00001299,C000772,2025-12-14,How-to,medium,8.7
E00001300,C000772,2025-12-30,Billing,low,1.9
E00001301,C000773,2025-02-03,Billing,critical,13.9
E00001302,C000773,2022-01-24,Bug,medium,18.3
E00001303,C000773,2022-06-05,How-to,medium,25.8
E00001304,C000774,2024-11-03,How-to,medium,18.7
E00001305,C000774,2025-02-21,Outage,high,3.0
E00001306,C000775,2025-11-22,Outage,low,16.9
E00001307,C000775,2025-08-16,How-to,low,12.4
E00001308,C000775,2025-08-16,Bug,critical,25.8
E00001309,C000775,2025-08-01,Bug,medium,11.5
E00001310,C000775,2025-05-02,How-to,high,17.0
E00001311,C000777,2024-09-15,Feature Request,medium,9.7
E00001312,C000777,2024-01-15,How-to,high,11.1
E00001313,C000777,2025-08-13,How-to,medium,5.5
E00001314,C000778,2025-05-09,Feature Request,medium,3.0
E00001315,C000778,2023-03-19,How-to,medium,24.8
E00001316,C000778,2023-09-20,Outage,medium,9.7
E00001317,C000778,2024-03-06,How-to,low,5.4
E00001318,C000779,2024-07-13,Feature Request,low,22.5
E00001319,C000780,2025-05-07,Billing,medium,9.2
E00001320,C000780,2025-05-31,Billing,low,10.8
E00001321,C000780,2025-05-04,How-to,low,12.9
E00001322,C000781,2025-12-22,Billing,low,5.7
E00001323,C000782,2025-02-22,How-to,medium,20.3
E00001324,C000782,2024-11-10,Feature Request,low,19.7
E00001325,C000783,2024-02-04,Feature Request,medium,37.2
E00001326,C000784,2024-07-14,How-to,low,15.5
E00001327,C000785,2024-12-11,Outage,medium,14.4
E00001328,C000785,2025-01-15,Billing,medium,6.2
E00001329,C000785,2024-04-10,How-to,high,6.6
E00001330,C000786,2024-10-08,Billing,medium,17.4
E00001331,C000786,2025-11-21,How-to,medium,26.2
E00001332,C000787,2024-05-12,Bug,medium,3.9
E00001333,C000787,2022-08-17,How-to,high,5.4
E00001334,C000788,2024-11-28,How-to,low,10.0
E00001335,C000788,2024-09-20,Bug,low,14.0
E00001336,C000789,2024-07-16,Billing,critical,30.0
E00001337,C000789,2025-11-07,How-to,low,5.1
E00001338,C000790,2025-03-07,Bug,medium,6.0
E00001339,C000790,2025-02-01,Billing,low,18.4
E00001340,C000791,2025-03-26,Bug,low,5.6
E00001341,C000791,2023-05-18,How-to,high,43.6
E00001342,C000791,2024-01-01,How-to,low,28.9
E00001343,C000793,2025-02-10,Billing,medium,17.8
E00001344,C000794,2025-09-12,Bug,critical,11.6
E00001345,C000794,2025-07-17,Billing,high,54.3
E00001346,C000794,2025-05-21,Bug,low,53.4
E00001347,C000795,2025-01-11,How-to,low,7.9
E00001348,C000795,2024-06-05,How-to,low,16.1
E00001349,C000795,2023-11-22,Billing,medium,25.1
E00001350,C000795,2025-04-25,Feature Request,low,6.3
E00001351,C000796,2023-08-22,How-to,medium,22.0
E00001352,C000796,2025-05-13,Bug,medium,20.2
E00001353,C000798,2024-10-24,Feature Request,critical,10.4
E00001354,C000798,2024-03-15,How-to,medium,6.6
E00001355,C000798,2023-11-16,Feature Request,high,7.7
E00001356,C000801,2023-07-14,How-to,medium,10.5
E00001357,C000802,2025-10-14,How-to,medium,12.8
E00001358,C000804,2025-11-01,How-to,high,24.3
E00001359,C000805,2025-02-11,Billing,high,12.8
E00001360,C000806,2025-03-20,Bug,critical,4.8
E00001361,C000807,2025-12-25,Bug,medium,67.7
E00001362,C000807,2025-08-16,Feature Request,medium,10.6
E00001363,C000808,2023-07-09,Billing,medium,25.3
E00001364,C000809,2023-08-12,How-to,medium,10.9
E00001365,C000810,2025-11-26,Outage,medium,25.0
E00001366,C000810,2025-12-20,Billing,medium,14.9
E00001367,C000812,2025-11-01,Billing,medium,13.3
E00001368,C000812,2025-08-28,Feature Request,low,2.3
E00001369,C000814,2023-10-08,Outage,medium,19.9
E00001370,C000814,2025-07-12,Bug,high,83.8
E00001371,C000815,2025-05-22,Billing,low,53.9
E00001372,C000815,2025-06-06,Bug,low,6.9
E00001373,C000816,2025-06-11,Feature Request,medium,19.4
E00001374,C000817,2025-04-18,Feature Request,medium,6.5
E00001375,C000819,2025-09-08,Feature Request,low,10.1
E00001376,C000820,2025-12-21,Bug,low,35.5
E00001377,C000820,2025-12-18,Feature Request,low,11.8
E00001378,C000820,2025-12-30,How-to,low,11.0
E00001379,C000821,2025-07-21,Bug,low,33.4
E00001380,C000821,2023-05-04,Billing,high,23.1
E00001381,C000822,2024-12-15,How-to,medium,13.6
E00001382,C000823,2022-09-21,Billing,medium,19.1
E00001383,C000823,2022-07-28,Bug,medium,10.4
E00001384,C000824,2024-10-26,Bug,low,12.0
E00001385,C000824,2025-06-07,Billing,high,11.2
E00001386,C000826,2024-09-24,How-to,low,5.2
E00001387,C000827,2024-10-03,How-to,medium,10.4
E00001388,C000827,2025-04-07,Billing,medium,9.4
E00001389,C000827,2024-11-25,Billing,medium,19.4
E00001390,C000828,2025-08-23,How-to,medium,11.6
E00001391,C000828,2025-08-02,Billing,low,12.4
E00001392,C000828,2025-09-10,Bug,low,28.5
E00001393,C000829,2025-11-04,Bug,medium,22.5
E00001394,C000829,2025-07-08,Billing,medium,21.1
E00001395,C000830,2022-11-21,Outage,low,71.2
E00001396,C000830,2024-04-09,Bug,high,79.6
E00001397,C000834,2025-09-27,Bug,medium,8.4
E00001398,C000835,2025-09-19,How-to,high,18.4
E00001399,C000835,2025-07-23,Outage,high,9.1
E00001400,C000836,2025-06-13,Billing,low,20.2
E00001401,C000837,2025-04-20,Bug,medium,25.1
E00001402,C000837,2025-11-04,Billing,high,14.1
E00001403,C000838,2023-10-20,Bug,medium,7.8
E00001404,C000838,2024-06-09,Feature Request,high,28.9
E00001405,C000840,2025-10-22,Billing,critical,5.4
E00001406,C000840,2025-09-08,Feature Request,low,18.7
E00001407,C000841,2023-06-07,Feature Request,medium,12.2
E00001408,C000842,2025-05-20,How-to,medium,32.7
E00001409,C000842,2024-09-09,How-to,high,17.8
E00001410,C000842,2024-08-03,Outage,low,10.6
E00001411,C000843,2025-09-04,How-to,low,9.8
E00001412,C000845,2025-09-16,Feature Request,medium,16.2
E00001413,C000846,2023-03-18,How-to,critical,6.7
E00001414,C000846,2024-10-17,Feature Request,medium,10.3
E00001415,C000846,2023-08-29,Billing,high,7.5
E00001416,C000846,2022-12-24,Bug,low,4.8
E00001417,C000846,2023-08-12,How-to,medium,16.1
E00001418,C000847,2025-09-20,Billing,low,11.8
E00001419,C000847,2022-11-05,How-to,low,8.2
E00001420,C000848,2025-04-24,How-to,low,14.0
E00001421,C000849,2025-12-20,Billing,medium,15.5
E00001422,C000850,2025-04-03,Bug,high,9.6
E00001423,C000851,2025-11-17,Feature Request,low,1.9
E00001424,C000851,2025-12-14,Billing,low,10.2
E00001425,C000852,2025-07-18,Billing,medium,11.7
E00001426,C000852,2025-11-15,How-to,medium,6.6
E00001427,C000853,2025-12-29,Billing,low,36.4
E00001428,C000853,2025-11-24,Bug,medium,2.1
E00001429,C000856,2025-11-13,Bug,low,11.1
E00001430,C000856,2025-07-29,Feature Request,low,11.9
E00001431,C000856,2025-07-06,Feature Request,low,2.3
E00001432,C000856,2025-07-28,Feature Request,high,3.2
E00001433,C000857,2023-11-17,Feature Request,low,9.1
E00001434,C000857,2023-02-07,Bug,low,2.1
E00001435,C000857,2025-10-12,Feature Request,medium,20.9
E00001436,C000858,2024-11-08,Billing,low,6.3
E00001437,C000858,2025-06-01,Feature Request,high,14.8
E00001438,C000858,2022-06-12,Outage,low,3.6
E00001439,C000859,2025-07-02,Billing,low,7.4
E00001440,C000859,2025-08-02,Billing,critical,28.7
E00001441,C000860,2025-12-30,Bug,low,5.2
E00001442,C000860,2025-04-15,How-to,low,19.7
E00001443,C000861,2025-12-24,Bug,low,25.6
E00001444,C000861,2025-12-30,Billing,high,13.2
E00001445,C000861,2025-10-16,Billing,medium,16.5
E00001446,C000861,2025-12-08,Billing,low,27.6
E00001447,C000861,2025-10-27,Billing,medium,7.0
E00001448,C000862,2025-10-29,How-to,low,1.8
E00001449,C000862,2025-09-04,How-to,medium,61.3
E00001450,C000862,2025-10-09,Bug,low,14.0
E00001451,C000863,2024-01-28,How-to,low,14.2
E00001452,C000863,2025-09-12,Bug,medium,9.1
E00001453,C000866,2024-10-12,How-to,low,8.7
E00001454,C000866,2025-02-24,Outage,medium,5.9
E00001455,C000867,2025-06-09,Outage,high,5.9
E00001456,C000867,2025-06-17,Feature Request,low,11.2
E00001457,C000867,2025-03-22,How-to,low,24.4
E00001458,C000867,2025-05-12,Feature Request,critical,12.3
E00001459,C000867,2025-04-27,Outage,high,2.3
E00001460,C000868,2025-06-11,Feature Request,medium,6.9
E00001461,C000868,2025-08-07,Billing,medium,7.7
E00001462,C000869,2024-10-21,Billing,low,32.0
E00001463,C000870,2025-10-08,Billing,low,6.8
E00001464,C000870,2025-02-08,How-to,low,9.0
E00001465,C000870,2023-06-25,How-to,low,4.9
E00001466,C000871,2024-10-20,Billing,medium,9.5
E00001467,C000872,2025-07-22,Bug,high,48.2
E00001468,C000873,2025-12-22,How-to,critical,3.3
E00001469,C000873,2024-09-02,Bug,low,18.8
E00001470,C000873,2024-04-24,How-to,high,30.6
E00001471,C000873,2024-10-14,Billing,medium,21.5
E00001472,C000873,2024-07-24,Billing,low,6.7
E00001473,C000874,2024-11-28,Feature Request,high,6.7
E00001474,C000874,2022-07-22,Feature Request,low,3.2
E00001475,C000874,2025-10-08,Bug,high,44.3
E00001476,C000874,2023-06-15,Bug,high,5.0
E00001477,C000875,2024-12-20,Outage,high,10.5
E00001478,C000877,2025-07-14,Billing,low,3.8
E00001479,C000877,2024-03-04,How-to,medium,26.6
E00001480,C000878,2025-11-07,Feature Request,medium,15.5
E00001481,C000878,2025-02-24,Outage,low,21.9
E00001482,C000878,2025-02-20,Bug,low,16.3
E00001483,C000881,2023-06-18,Outage,critical,17.1
E00001484,C000881,2024-05-23,Feature Request,low,8.9
E00001485,C000882,2025-06-20,How-to,medium,18.3
E00001486,C000883,2023-12-08,Bug,low,4.4
E00001487,C000883,2024-08-10,Outage,medium,5.2
E00001488,C000884,2023-04-23,Feature Request,high,19.8
E00001489,C000884,2025-09-05,Billing,high,8.5
E00001490,C000885,2025-04-16,Feature Request,low,4.9
E00001491,C000886,2025-11-19,Feature Request,medium,23.1
E00001492,C000887,2022-11-04,Billing,low,26.9
E00001493,C000887,2023-10-09,How-to,high,17.5
E00001494,C000887,2023-06-03,How-to,low,10.0
E00001495,C000887,2023-10-19,Billing,high,11.8
E00001496,C000887,2023-02-07,Billing,medium,2.1
E00001497,C000888,2023-09-24,How-to,medium,3.2
E00001498,C000888,2023-01-27,Feature Request,low,60.4
E00001499,C000889,2023-05-01,Feature Request,low,12.1
E00001500,C000889,2023-09-13,How-to,low,35.5
E00001501,C000890,2023-02-17,How-to,critical,3.3
E00001502,C000890,2025-10-17,How-to,medium,3.5
E00001503,C000892,2025-12-14,Billing,high,22.8
E00001504,C000892,2025-10-14,How-to,low,36.1
E00001505,C000892,2024-12-28,Bug,low,9.9
E00001506,C000893,2024-03-17,Outage,low,10.5
E00001507,C000893,2024-09-01,Billing,low,19.3
E00001508,C000893,2025-11-06,Billing,medium,20.4
E00001509,C000893,2025-06-21,Billing,medium,98.7
E00001510,C000894,2025-11-07,Bug,medium,33.9
E00001511,C000894,2025-12-14,Billing,low,24.1
E00001512,C000894,2025-12-08,Billing,medium,17.9
E00001513,C000895,2025-09-21,Outage,low,31.0
E00001514,C000896,2025-09-05,Billing,high,14.0
E00001515,C000897,2024-10-10,How-to,high,28.1
E00001516,C000898,2024-07-24,Feature Request,low,13.5
E00001517,C000898,2025-10-29,How-to,low,9.9
E00001518,C000900,2024-12-01,Outage,medium,25.0
E00001519,C000900,2024-10-01,Billing,low,10.5
E00001520,C000900,2025-01-22,Bug,low,21.9
E00001521,C000900,2024-10-07,How-to,low,2.7
E00001522,C000901,2022-01-08,How-to,low,19.3
E00001523,C000902,2025-09-20,Feature Request,medium,9.9
E00001524,C000903,2024-09-30,Outage,critical,22.6
E00001525,C000903,2025-03-21,How-to,low,11.5
E00001526,C000903,2024-08-04,Feature Request,low,15.3
E00001527,C000903,2024-03-09,Feature Request,medium,5.4
E00001528,C000903,2025-07-13,Feature Request,medium,4.5
E00001529,C000904,2025-06-26,How-to,low,41.2
E00001530,C000904,2025-11-05,Billing,high,12.9
E00001531,C000904,2025-06-18,Bug,low,8.1
E00001532,C000905,2024-07-23,Outage,low,2.4
E00001533,C000909,2025-03-01,Billing,low,20.4
E00001534,C000909,2024-08-22,Feature Request,critical,15.0
E00001535,C000910,2025-07-07,Billing,critical,10.3
E00001536,C000910,2024-01-07,How-to,medium,3.6
E00001537,C000910,2023-06-07,Feature Request,low,8.6
E00001538,C000910,2024-08-08,Feature Request,critical,17.8
E00001539,C000910,2025-12-02,How-to,critical,9.6
E00001540,C000911,2025-04-11,How-to,low,8.0
E00001541,C000912,2023-12-13,Bug,medium,9.9
E00001542,C000913,2023-12-08,How-to,medium,31.8
E00001543,C000913,2024-07-28,Billing,low,3.3
E00001544,C000913,2023-11-27,How-to,low,1.9
E00001545,C000913,2024-03-15,How-to,high,11.3
E00001546,C000914,2025-11-27,Bug,medium,3.7
E00001547,C000914,2025-11-17,Billing,medium,26.9
E00001548,C000914,2025-12-07,Outage,low,27.1
E00001549,C000914,2025-11-25,How-to,high,8.3
E00001550,C000914,2025-12-13,How-to,low,11.5
E00001551,C000914,2025-11-26,How-to,low,4.2
E00001552,C000915,2024-08-21,Bug,medium,10.5
E00001553,C000915,2024-07-25,Billing,low,7.3
E00001554,C000916,2024-08-23,Billing,low,4.5
E00001555,C000916,2024-09-30,Feature Request,low,23.0
E00001556,C000917,2024-05-05,How-to,low,30.2
E00001557,C000917,2024-09-15,Billing,medium,30.9
E00001558,C000917,2025-07-07,Bug,medium,61.4
E00001559,C000918,2025-06-14,Bug,low,25.8
E00001560,C000920,2025-04-30,How-to,low,23.0
E00001561,C000920,2025-08-09,Feature Request,critical,12.4
E00001562,C000920,2025-12-27,Feature Request,low,14.1
E00001563,C000921,2025-12-05,Bug,low,32.0
E00001564,C000921,2025-07-05,Bug,high,24.5
E00001565,C000922,2025-03-11,How-to,low,13.5
E00001566,C000923,2024-03-14,Billing,high,29.9
E00001567,C000924,2023-05-06,Feature Request,medium,14.5
E00001568,C000924,2023-07-15,Feature Request,low,15.8
E00001569,C000925,2024-10-12,Feature Request,critical,17.5
E00001570,C000926,2025-12-04,Billing,high,12.8
E00001571,C000926,2025-11-09,How-to,high,1.6
E00001572,C000927,2025-05-19,Outage,medium,43.8
E00001573,C000930,2024-05-26,How-to,medium,6.5
E00001574,C000930,2025-09-13,Billing,low,10.4
E00001575,C000930,2025-04-18,How-to,medium,83.1
E00001576,C000930,2025-07-11,Outage,low,29.5
E00001577,C000931,2025-02-13,Outage,low,11.8
E00001578,C000931,2025-10-04,How-to,high,61.8
E00001579,C000931,2024-02-21,Billing,low,12.6
E00001580,C000932,2025-04-11,How-to,low,14.1
E00001581,C000932,2024-11-30,How-to,low,7.1
E00001582,C000932,2024-10-05,Billing,low,5.4
E00001583,C000933,2025-01-22,Bug,low,10.6
E00001584,C000933,2025-12-09,Outage,medium,4.8
E00001585,C000933,2024-10-27,Billing,high,3.4
E00001586,C000934,2025-10-05,Bug,medium,16.2
E00001587,C000934,2025-05-02,Bug,low,11.9
E00001588,C000935,2024-04-18,How-to,low,13.5
E00001589,C000935,2023-11-04,How-to,medium,7.7
E00001590,C000935,2024-06-17,Billing,medium,11.1
E00001591,C000936,2025-12-17,Bug,low,43.9
E00001592,C000937,2023-05-05,Bug,high,41.0
E00001593,C000938,2023-01-15,Outage,low,9.0
E00001594,C000939,2024-09-18,Billing,high,9.3
E00001595,C000941,2025-03-26,Outage,medium,21.8
E00001596,C000941,2025-06-16,Bug,low,27.1
E00001597,C000941,2025-09-19,Bug,low,7.2
E00001598,C000941,2025-07-15,Billing,medium,12.1
E00001599,C000942,2024-02-13,Billing,low,21.5
E00001600,C000943,2025-12-09,Bug,medium,9.4
E00001601,C000943,2025-10-13,Outage,low,19.2
E00001602,C000944,2023-12-31,Billing,medium,2.3
E00001603,C000944,2024-11-15,Outage,high,10.9
E00001604,C000944,2024-07-06,Billing,medium,17.7
E00001605,C000944,2025-04-16,Outage,critical,18.9
E00001606,C000946,2024-09-14,Billing,low,11.3
E00001607,C000946,2024-02-06,How-to,high,4.5
E00001608,C000947,2025-12-21,How-to,medium,19.6
E00001609,C000947,2025-12-02,Outage,low,10.0
E00001610,C000948,2025-02-26,Billing,medium,8.6
E00001611,C000948,2023-08-17,How-to,medium,27.0
E00001612,C000948,2025-04-14,How-to,low,24.3
E00001613,C000949,2025-09-29,Outage,medium,10.1
E00001614,C000950,2024-12-05,Feature Request,medium,21.3
E00001615,C000950,2025-08-20,How-to,medium,1.3
E00001616,C000950,2023-03-16,Outage,high,50.0
E00001617,C000951,2025-05-20,Feature Request,low,26.5
E00001618,C000952,2025-08-12,Bug,low,9.9
E00001619,C000952,2024-10-13,Billing,medium,16.8
E00001620,C000952,2024-07-18,How-to,low,6.6
E00001621,C000954,2025-12-23,Feature Request,medium,32.0
E00001622,C000954,2025-10-05,Billing,medium,16.4
E00001623,C000954,2025-05-16,Feature Request,high,3.9
E00001624,C000955,2025-07-22,Outage,medium,16.5
E00001625,C000955,2025-03-17,Billing,medium,10.6
E00001626,C000955,2025-09-21,Feature Request,low,12.2
E00001627,C000957,2025-11-28,Feature Request,high,15.4
E00001628,C000957,2025-04-11,Billing,medium,10.2
E00001629,C000958,2024-09-12,Billing,high,22.9
E00001630,C000958,2024-11-13,How-to,medium,4.7
E00001631,C000958,2024-12-22,How-to,medium,6.2
E00001632,C000959,2025-11-30,Feature Request,low,32.4
E00001633,C000960,2025-09-24,Billing,high,55.6
E00001634,C000960,2025-09-25,Feature Request,high,9.7
E00001635,C000960,2025-06-07,How-to,low,32.3
E00001636,C000961,2022-09-17,Outage,low,16.5
E00001637,C000962,2025-01-22,Feature Request,high,2.3
E00001638,C000962,2025-12-23,Feature Request,medium,20.9
E00001639,C000963,2025-04-23,Bug,low,59.8
E00001640,C000964,2025-07-21,How-to,low,41.2
E00001641,C000964,2024-03-29,Billing,medium,0.7
E00001642,C000965,2025-10-17,Bug,medium,12.0
E00001643,C000965,2025-10-10,Outage,medium,21.5
E00001644,C000965,2025-10-01,Feature Request,medium,14.9
E00001645,C000965,2025-09-21,Outage,low,44.2
E00001646,C000966,2024-10-19,Outage,medium,6.7
E00001647,C000966,2024-08-26,Feature Request,critical,26.1
E00001648,C000966,2025-05-23,Billing,medium,13.7
E00001649,C000966,2025-08-09,Billing,low,15.3
E00001650,C000967,2024-11-19,Outage,low,6.0
E00001651,C000967,2024-06-09,Billing,low,14.2
E00001652,C000967,2025-07-06,How-to,low,32.6
E00001653,C000968,2023-07-28,Feature Request,critical,6.9
E00001654,C000968,2024-07-18,How-to,high,9.2
E00001655,C000968,2025-09-07,Feature Request,low,10.5
E00001656,C000969,2025-09-14,Feature Request,medium,12.3
E00001657,C000969,2025-10-18,How-to,medium,11.7
E00001658,C000969,2025-08-09,Outage,medium,30.0
E00001659,C000969,2025-10-17,Billing,medium,31.5
E00001660,C000971,2025-10-02,Bug,high,12.3
E00001661,C000972,2025-03-15,Bug,medium,11.1
E00001662,C000974,2025-11-19,Billing,critical,8.9
E00001663,C000974,2024-05-29,Billing,low,4.3
E00001664,C000975,2025-11-07,How-to,low,3.8
E00001665,C000975,2022-11-25,Feature Request,high,9.5
E00001666,C000976,2025-07-25,Feature Request,low,15.5
E00001667,C000977,2023-05-08,Billing,low,10.4
E00001668,C000978,2025-03-24,How-to,high,13.1
E00001669,C000980,2025-07-14,Billing,low,3.9
E00001670,C000982,2025-04-29,Billing,high,24.1
E00001671,C000982,2025-04-17,Bug,low,33.1
E00001672,C000982,2025-07-22,How-to,low,4.0
E00001673,C000983,2024-04-06,Outage,low,23.2
E00001674,C000983,2024-08-09,How-to,low,27.1
E00001675,C000983,2025-12-14,Feature Request,high,1.4
E00001676,C000984,2024-12-04,Feature Request,medium,27.3
E00001677,C000984,2025-02-03,Bug,low,3.5
E00001678,C000985,2024-07-01,Outage,high,7.2
E00001679,C000985,2024-09-13,Outage,medium,9.7
E00001680,C000985,2025-08-19,How-to,medium,16.2
E00001681,C000986,2025-04-01,Feature Request,medium,38.1
E00001682,C000987,2025-11-14,How-to,low,7.9
E00001683,C000987,2025-04-24,How-to,low,15.4
E00001684,C000987,2024-08-04,Feature Request,medium,53.7
E00001685,C000987,2024-09-17,Outage,high,6.4
E00001686,C000988,2024-04-07,Outage,high,16.6
E00001687,C000989,2023-12-08,Bug,medium,12.2
E00001688,C000989,2025-03-07,Bug,low,8.6
E00001689,C000990,2025-07-18,How-to,medium,12.4
E00001690,C000993,2025-08-10,Billing,high,3.4
E00001691,C000993,2025-03-30,How-to,low,22.4
E00001692,C000995,2024-01-29,How-to,low,27.4
E00001693,C000996,2025-04-05,Feature Request,low,11.1
E00001694,C000996,2024-09-18,Billing,medium,4.6
E00001695,C000996,2024-10-06,How-to,medium,21.4
E00001696,C000997,2024-08-08,How-to,medium,17.7
E00001697,C000997,2025-08-06,How-to,low,17.4
E00001698,C000997,2025-12-01,How-to,high,37.1
E00001699,C000997,2024-05-31,How-to,low,11.9
E00001700,C000997,2025-04-12,How-to,high,7.9
E00001701,C000998,2024-01-13,Outage,low,24.2
E00001702,C000999,2025-12-29,How-to,medium,5.9
E00001703,C000999,2025-12-03,Bug,medium,6.2
E00001704,C000999,2025-12-01,How-to,medium,11.5
E00001705,C001000,2025-06-02,Billing,high,7.4
E00001706,C001001,2025-10-06,Billing,medium,8.5
E00001707,C001002,2025-09-11,Billing,low,5.4
E00001708,C001006,2025-08-14,How-to,low,5.3
E00001709,C001007,2025-12-06,How-to,low,42.5
E00001710,C001008,2025-10-20,Feature Request,medium,13.8
E00001711,C001008,2024-10-08,Outage,medium,6.8
E00001712,C001009,2025-02-01,How-to,medium,28.9
E00001713,C001009,2025-08-11,Feature Request,low,6.1
E00001714,C001009,2025-06-18,Bug,medium,6.2
E00001715,C001010,2024-07-22,Billing,critical,14.7
E00001716,C001010,2024-07-26,Billing,low,18.7
E00001717,C001011,2023-12-01,Bug,low,84.2
E00001718,C001011,2023-12-08,Bug,low,14.1
E00001719,C001012,2025-03-24,How-to,low,4.6
E00001720,C001012,2025-02-26,How-to,medium,11.2
E00001721,C001014,2024-12-29,How-to,low,3.8
E00001722,C001015,2024-03-23,How-to,high,12.2
E00001723,C001016,2025-06-30,Feature Request,low,18.8
E00001724,C001016,2025-06-04,How-to,low,7.9
E00001725,C001016,2025-04-29,How-to,critical,7.5
E00001726,C001017,2025-10-12,How-to,low,22.9
E00001727,C001018,2024-09-18,Outage,low,9.2
E00001728,C001018,2024-07-15,Billing,medium,16.8
E00001729,C001018,2025-07-12,How-to,high,29.5
E00001730,C001019,2025-07-25,Billing,medium,3.6
E00001731,C001019,2022-09-30,Billing,low,4.4
E00001732,C001019,2022-11-19,Bug,low,5.8
E00001733,C001020,2023-02-02,Billing,high,25.8
E00001734,C001020,2022-09-04,Billing,medium,13.9
E00001735,C001020,2024-02-19,Billing,medium,8.4
E00001736,C001021,2025-03-06,Bug,medium,23.9
E00001737,C001024,2025-10-11,Bug,medium,33.9
E00001738,C001025,2025-06-11,Bug,medium,9.0
E00001739,C001025,2025-07-20,Bug,low,5.0
E00001740,C001026,2025-07-06,Feature Request,medium,8.4
E00001741,C001027,2022-07-08,Feature Request,high,10.4
E00001742,C001027,2025-01-07,How-to,high,7.8
E00001743,C001027,2023-06-22,Outage,low,24.8
E00001744,C001027,2025-06-01,Bug,high,24.9
E00001745,C001028,2025-04-17,Billing,low,5.8
E00001746,C001031,2024-01-01,Outage,low,8.1
E00001747,C001031,2024-01-21,How-to,low,21.2
E00001748,C001032,2024-06-25,Billing,medium,14.3
E00001749,C001032,2023-08-14,Bug,medium,5.9
E00001750,C001034,2025-01-25,Bug,medium,12.5
E00001751,C001035,2025-12-24,How-to,low,11.6
E00001752,C001035,2024-05-12,Feature Request,medium,22.7
E00001753,C001035,2022-11-14,Bug,medium,8.6
E00001754,C001035,2023-05-11,Bug,low,59.0
E00001755,C001035,2022-09-17,Feature Request,medium,14.2
E00001756,C001036,2025-07-26,Bug,low,2.9
E00001757,C001036,2025-09-20,Feature Request,low,6.2
E00001758,C001037,2025-07-27,Bug,low,26.2
E00001759,C001039,2025-03-23,Bug,low,36.7
E00001760,C001040,2025-08-11,How-to,medium,10.1
E00001761,C001040,2025-06-17,How-to,high,7.6
E00001762,C001041,2025-02-28,How-to,medium,20.3
E00001763,C001041,2025-01-21,Billing,medium,10.0
E00001764,C001041,2025-06-25,Feature Request,medium,6.0
E00001765,C001042,2025-07-11,Outage,high,7.5
E00001766,C001042,2025-10-13,Billing,medium,17.3
E00001767,C001042,2025-10-06,Bug,critical,10.5
E00001768,C001042,2025-07-30,Outage,medium,17.3
E00001769,C001044,2024-08-09,How-to,critical,42.4
E00001770,C001044,2024-08-05,How-to,medium,4.9
E00001771,C001045,2024-12-20,How-to,low,24.3
E00001772,C001045,2024-12-26,Billing,medium,19.0
E00001773,C001047,2023-01-24,Outage,low,10.3
E00001774,C001047,2024-02-28,How-to,low,13.8
E00001775,C001048,2024-05-28,Feature Request,low,16.9
E00001776,C001048,2025-09-15,How-to,high,6.1
E00001777,C001048,2025-11-21,How-to,medium,11.0
E00001778,C001048,2024-08-02,Feature Request,low,4.5
E00001779,C001049,2025-03-14,Feature Request,low,14.7
E00001780,C001049,2025-06-19,How-to,high,7.3
E00001781,C001049,2024-10-20,How-to,medium,10.0
E00001782,C001049,2024-11-02,Bug,low,4.2
E00001783,C001049,2024-11-19,Billing,critical,6.8
E00001784,C001050,2025-07-12,Outage,high,4.1
E00001785,C001050,2024-12-15,Feature Request,low,16.7
E00001786,C001050,2023-02-27,Feature Request,medium,5.3
E00001787,C001050,2024-09-19,Bug,low,13.5
E00001788,C001050,2023-05-19,How-to,low,3.1
E00001789,C001051,2024-09-11,How-to,medium,50.7
E00001790,C001052,2025-02-21,How-to,low,2.8
E00001791,C001052,2023-08-08,Feature Request,medium,23.5
E00001792,C001052,2024-08-29,Feature Request,medium,8.5
E00001793,C001053,2025-07-23,Bug,medium,24.2
E00001794,C001054,2025-11-30,How-to,low,43.9
E00001795,C001054,2025-10-15,Billing,low,2.5
E00001796,C001054,2025-12-09,Outage,high,14.5
E00001797,C001055,2022-05-29,How-to,low,6.8
E00001798,C001055,2024-07-10,Bug,low,7.8
E00001799,C001057,2024-07-07,How-to,low,12.7
E00001800,C001057,2025-06-19,How-to,high,18.7
E00001801,C001058,2025-09-28,Feature Request,low,5.5
E00001802,C001058,2025-02-02,Feature Request,low,42.9
E00001803,C001058,2025-02-15,Bug,low,9.6
E00001804,C001058,2025-04-13,Billing,low,20.6
E00001805,C001058,2025-02-11,Feature Request,low,15.0
E00001806,C001059,2023-10-28,Feature Request,medium,14.9
E00001807,C001059,2023-11-28,Bug,low,25.1
E00001808,C001061,2025-08-18,Feature Request,low,13.4
E00001809,C001061,2025-04-14,Outage,medium,4.7
E00001810,C001062,2024-10-30,Outage,high,4.7
E00001811,C001062,2025-01-24,How-to,medium,14.1
E00001812,C001064,2025-09-21,Billing,medium,3.4
E00001813,C001065,2025-11-15,How-to,medium,11.6
E00001814,C001065,2025-01-21,Outage,low,13.3
E00001815,C001065,2025-03-09,Outage,high,6.0
E00001816,C001066,2025-11-23,Feature Request,low,7.0
E00001817,C001066,2025-04-26,How-to,low,13.0
E00001818,C001066,2023-08-28,Outage,medium,3.1
E00001819,C001066,2025-01-09,Bug,low,21.5
E00001820,C001066,2025-01-20,How-to,medium,4.8
E00001821,C001066,2025-04-13,Billing,low,7.3
E00001822,C001066,2024-09-27,Bug,low,19.6
E00001823,C001067,2025-11-08,Billing,critical,9.6
E00001824,C001068,2025-02-26,Feature Request,low,6.9
E00001825,C001068,2025-10-25,How-to,low,18.2
E00001826,C001068,2025-10-09,How-to,low,17.3
E00001827,C001069,2025-03-09,Billing,low,41.0
E00001828,C001069,2024-02-22,How-to,medium,14.7
E00001829,C001069,2024-02-24,Bug,high,22.5
E00001830,C001069,2024-10-25,How-to,low,49.1
E00001831,C001070,2024-02-07,How-to,critical,7.8
E00001832,C001070,2023-09-26,Billing,medium,23.1
E00001833,C001070,2024-07-16,Feature Request,medium,7.2
E00001834,C001071,2024-11-21,How-to,critical,8.0
E00001835,C001071,2024-11-14,Feature Request,low,2.2
E00001836,C001071,2024-12-16,Feature Request,medium,11.1
E00001837,C001071,2024-12-08,Outage,low,14.2
E00001838,C001072,2025-09-20,Feature Request,low,3.3
E00001839,C001072,2023-08-15,Outage,low,14.4
E00001840,C001072,2022-11-20,Billing,medium,17.9
E00001841,C001073,2024-12-24,Outage,low,4.8
E00001842,C001073,2025-05-31,Bug,medium,26.3
E00001843,C001074,2025-12-29,Feature Request,medium,4.5
E00001844,C001075,2025-01-14,Billing,medium,7.7
E00001845,C001075,2025-12-04,Feature Request,low,60.6
E00001846,C001075,2024-12-13,How-to,low,7.5
E00001847,C001076,2023-08-25,How-to,high,41.6
E00001848,C001076,2024-09-27,Billing,medium,3.9
E00001849,C001076,2025-04-21,How-to,medium,5.4
E00001850,C001077,2025-07-26,How-to,low,12.4
E00001851,C001077,2024-12-08,How-to,high,7.7
E00001852,C001078,2025-09-19,Billing,medium,33.9
E00001853,C001078,2024-12-20,Outage,critical,6.2
E00001854,C001079,2023-09-16,Outage,low,21.7
E00001855,C001079,2025-12-08,Billing,low,9.6
E00001856,C001080,2025-10-06,Billing,low,3.4
E00001857,C001081,2025-12-30,How-to,low,99.6
E00001858,C001082,2025-11-26,Billing,medium,15.5
E00001859,C001083,2025-12-13,Outage,high,8.1
E00001860,C001084,2024-09-08,Bug,medium,2.8
E00001861,C001084,2025-07-03,How-to,medium,8.4
E00001862,C001084,2024-07-20,Billing,low,50.9
E00001863,C001084,2025-09-01,Billing,low,6.7
E00001864,C001085,2023-05-29,Billing,medium,32.9
E00001865,C001085,2025-08-29,Outage,low,15.6
E00001866,C001086,2025-06-25,How-to,medium,32.4
E00001867,C001089,2024-09-10,Bug,low,35.2
E00001868,C001090,2024-10-27,Bug,low,3.6
E00001869,C001091,2025-04-21,How-to,medium,18.7
E00001870,C001093,2025-09-10,Feature Request,low,32.2
E00001871,C001093,2025-06-14,Billing,low,17.4
E00001872,C001093,2025-06-19,Bug,medium,23.3
E00001873,C001094,2025-12-07,Feature Request,medium,14.0
E00001874,C001094,2023-12-10,Feature Request,medium,23.4
E00001875,C001094,2024-06-04,Bug,low,2.3
E00001876,C001095,2023-09-01,Feature Request,low,14.3
E00001877,C001095,2023-12-26,Bug,low,45.0
E00001878,C001096,2024-11-07,Bug,medium,27.7
E00001879,C001097,2025-08-01,How-to,low,60.6
E00001880,C001099,2023-01-24,How-to,low,21.7
E00001881,C001099,2023-06-29,Bug,medium,35.8
E00001882,C001100,2025-12-20,Feature Request,medium,12.8
E00001883,C001101,2025-01-18,How-to,medium,19.9
E00001884,C001101,2024-12-06,Billing,low,3.5
E00001885,C001102,2024-07-28,Outage,medium,7.7
E00001886,C001103,2025-12-06,How-to,medium,12.2
E00001887,C001103,2025-08-19,Feature Request,medium,11.8
E00001888,C001103,2025-08-14,Bug,low,5.8
E00001889,C001103,2025-12-03,Billing,medium,20.4
E00001890,C001105,2024-04-13,Bug,medium,3.3
E00001891,C001105,2023-10-17,How-to,low,26.2
E00001892,C001105,2023-11-05,Feature Request,high,26.9
E00001893,C001105,2023-12-31,Feature Request,medium,5.7
E00001894,C001106,2023-02-07,Bug,low,17.9
E00001895,C001106,2024-09-27,Billing,high,20.7
E00001896,C001106,2024-03-25,Billing,critical,11.2
E00001897,C001106,2023-03-08,Bug,medium,4.6
E00001898,C001107,2025-11-07,Bug,medium,22.8
E00001899,C001107,2023-07-10,Billing,low,7.4
E00001900,C001109,2025-09-12,Feature Request,medium,11.1
E00001901,C001109,2025-10-29,Bug,low,16.9
E00001902,C001109,2025-11-04,Billing,medium,30.9
E00001903,C001111,2025-01-31,How-to,low,58.4
E00001904,C001111,2025-11-06,How-to,low,24.8
E00001905,C001113,2024-06-20,How-to,high,14.5
E00001906,C001114,2025-09-20,Bug,high,37.7
E00001907,C001114,2024-05-27,Billing,low,7.2
E00001908,C001114,2024-10-28,How-to,high,9.9
E00001909,C001114,2025-06-15,Outage,critical,22.8
E00001910,C001115,2024-02-24,Bug,high,8.5
E00001911,C001115,2024-11-29,How-to,medium,6.9
E00001912,C001115,2024-03-29,Feature Request,high,4.8
E00001913,C001116,2023-12-11,Billing,medium,3.1
E00001914,C001116,2024-01-23,Billing,high,37.7
E00001915,C001116,2024-04-18,Billing,high,12.6
E00001916,C001119,2025-03-22,How-to,high,5.7
E00001917,C001120,2024-07-07,Feature Request,high,10.6
E00001918,C001120,2025-09-28,Bug,low,16.6
E00001919,C001120,2025-10-07,Bug,critical,43.0
E00001920,C001120,2025-05-03,How-to,high,12.0
E00001921,C001121,2023-04-09,How-to,low,10.1
E00001922,C001121,2024-05-21,Outage,high,11.2
E00001923,C001122,2024-09-21,Billing,critical,25.3
E00001924,C001122,2022-09-09,Bug,low,5.7
E00001925,C001123,2023-07-11,Feature Request,high,14.4
E00001926,C001125,2025-11-19,How-to,high,10.5
E00001927,C001125,2025-04-17,Bug,low,4.6
E00001928,C001125,2025-11-08,Billing,low,13.8
E00001929,C001126,2025-04-23,Bug,high,18.9
E00001930,C001127,2025-08-09,Bug,medium,7.7
E00001931,C001127,2025-11-22,Feature Request,high,25.3
E00001932,C001128,2025-12-16,Bug,high,11.6
E00001933,C001128,2025-11-27,How-to,high,4.1
E00001934,C001128,2025-08-12,How-to,medium,11.3
E00001935,C001130,2024-08-27,Billing,high,6.4
E00001936,C001130,2024-08-25,Feature Request,low,30.1
E00001937,C001130,2024-07-28,Bug,medium,6.8
E00001938,C001130,2024-09-02,Billing,medium,4.9
E00001939,C001132,2024-09-07,Bug,low,11.3
E00001940,C001133,2025-12-30,How-to,medium,13.5
E00001941,C001133,2025-09-09,Billing,medium,26.9
E00001942,C001133,2025-04-29,How-to,low,9.7
E00001943,C001135,2025-08-31,Feature Request,low,6.2
E00001944,C001135,2025-11-21,How-to,high,21.3
E00001945,C001135,2024-11-18,Bug,low,26.9
E00001946,C001135,2025-08-21,Billing,high,12.2
E00001947,C001136,2023-12-24,Bug,medium,54.8
E00001948,C001136,2023-11-19,How-to,low,39.1
E00001949,C001137,2025-12-18,Bug,medium,24.3
E00001950,C001137,2025-12-31,Billing,low,26.7
E00001951,C001138,2023-06-14,How-to,critical,6.8
E00001952,C001139,2025-03-20,How-to,low,9.0
E00001953,C001139,2025-02-14,How-to,low,23.9
E00001954,C001139,2025-08-21,Billing,medium,30.7
E00001955,C001139,2025-02-08,Feature Request,medium,9.0
E00001956,C001139,2025-08-20,Billing,low,4.0
E00001957,C001141,2025-07-22,How-to,medium,37.0
E00001958,C001141,2025-07-17,Feature Request,medium,24.4
E00001959,C001141,2025-09-06,Billing,low,23.0
E00001960,C001141,2025-07-25,Outage,low,34.6
E00001961,C001143,2025-10-26,Outage,low,15.4
E00001962,C001143,2025-12-18,Feature Request,low,5.3
E00001963,C001144,2025-10-30,Billing,medium,5.2
E00001964,C001144,2025-12-16,How-to,low,7.6
E00001965,C001145,2024-03-05,Bug,low,117.0
E00001966,C001145,2025-10-01,Feature Request,low,3.5
E00001967,C001145,2024-08-18,How-to,medium,40.4
E00001968,C001146,2024-11-29,Bug,medium,10.1
E00001969,C001149,2024-12-06,How-to,medium,16.3
E00001970,C001149,2025-02-14,Billing,high,8.7
E00001971,C001150,2025-06-19,How-to,high,6.0
E00001972,C001152,2025-12-30,How-to,medium,5.1
E00001973,C001154,2025-10-17,How-to,high,9.3
E00001974,C001155,2024-07-09,Billing,medium,38.6
E00001975,C001155,2024-02-27,Billing,medium,6.6
E00001976,C001155,2024-10-20,Billing,low,8.4
E00001977,C001156,2024-07-21,Bug,low,7.0
E00001978,C001156,2024-06-03,Bug,low,10.4
E00001979,C001157,2023-05-12,Billing,low,15.0
E00001980,C001157,2025-10-13,Outage,low,21.5
E00001981,C001158,2025-05-03,Billing,medium,6.9
E00001982,C001159,2025-04-17,Feature Request,low,10.3
E00001983,C001160,2025-04-15,Bug,low,6.6
E00001984,C001160,2025-06-15,How-to,medium,8.3
E00001985,C001160,2023-08-04,Bug,low,3.7
E00001986,C001160,2024-01-25,Feature Request,low,8.8
E00001987,C001160,2024-01-21,Billing,low,18.4
E00001988,C001161,2025-08-28,Billing,low,19.3
E00001989,C001162,2025-02-06,How-to,low,123.8
E00001990,C001162,2025-03-10,Billing,low,19.4
E00001991,C001162,2024-03-26,How-to,medium,12.6
E00001992,C001162,2024-05-20,Bug,low,1.6
E00001993,C001163,2025-05-21,Feature Request,critical,8.9
E00001994,C001164,2025-03-31,How-to,medium,38.3
E00001995,C001164,2025-04-20,Feature Request,low,4.9
E00001996,C001165,2025-09-22,Outage,medium,8.5
E00001997,C001167,2024-02-07,How-to,low,3.7
E00001998,C001167,2024-07-30,Billing,medium,46.6
E00001999,C001167,2022-03-05,Billing,medium,22.8
E00002000,C001168,2023-10-29,Feature Request,medium,2.0
E00002001,C001168,2024-07-24,Bug,high,12.8
E00002002,C001169,2025-12-09,How-to,high,10.0
E00002003,C001169,2025-12-02,Bug,low,20.3
E00002004,C001170,2025-10-23,Feature Request,low,15.7
E00002005,C001171,2025-01-09,Billing,low,2.6
E00002006,C001171,2025-07-26,Billing,medium,17.2
E00002007,C001171,2025-08-14,Billing,low,42.8
E00002008,C001172,2025-05-21,Bug,low,5.2
E00002009,C001173,2023-11-08,Bug,medium,23.2
E00002010,C001174,2023-08-31,Billing,high,27.6
E00002011,C001174,2022-10-19,How-to,medium,21.3
E00002012,C001174,2023-01-24,Feature Request,low,19.1
E00002013,C001175,2024-02-19,How-to,high,14.4
E00002014,C001177,2025-06-09,Billing,medium,9.6
E00002015,C001178,2022-12-30,Outage,medium,17.5
E00002016,C001178,2023-07-05,Bug,medium,26.5
E00002017,C001178,2023-03-02,How-to,low,9.7
E00002018,C001180,2022-10-16,Billing,medium,7.0
E00002019,C001181,2025-08-24,Billing,medium,11.8
E00002020,C001181,2024-06-22,How-to,low,10.1
E00002021,C001181,2024-12-01,Billing,low,17.8
E00002022,C001182,2025-09-17,Outage,low,6.2
E00002023,C001183,2025-04-11,Outage,high,22.8
E00002024,C001184,2025-08-06,Bug,medium,17.5
E00002025,C001184,2025-09-06,Bug,medium,10.0
E00002026,C001185,2023-09-18,How-to,medium,16.9
E00002027,C001186,2024-12-28,Bug,low,20.3
E00002028,C001187,2023-03-17,How-to,medium,16.9
E00002029,C001187,2022-10-06,Feature Request,low,33.1
E00002030,C001187,2024-12-29,Billing,low,3.5
E00002031,C001188,2024-12-12,Billing,medium,24.4
E00002032,C001189,2024-04-28,How-to,medium,9.0
E00002033,C001189,2025-08-26,How-to,medium,13.3
E00002034,C001189,2024-04-22,How-to,medium,6.7
E00002035,C001190,2023-07-03,Bug,high,16.7
E00002036,C001191,2024-04-02,Outage,medium,37.7
E00002037,C001192,2024-07-08,How-to,critical,20.9
E00002038,C001192,2024-05-22,How-to,medium,36.9
E00002039,C001192,2025-06-07,Billing,low,23.6
E00002040,C001192,2023-05-23,Billing,medium,29.3
E00002041,C001193,2024-01-14,Outage,low,49.4
E00002042,C001193,2025-04-15,Billing,low,11.7
E00002043,C001193,2024-08-05,Outage,low,37.2
E00002044,C001194,2025-07-03,How-to,medium,11.8
E00002045,C001194,2025-02-14,Billing,high,53.4
E00002046,C001195,2025-02-15,Billing,medium,19.4
E00002047,C001195,2024-08-07,How-to,low,22.6
E00002048,C001195,2025-02-09,Bug,low,8.1
E00002049,C001195,2025-07-31,Bug,medium,7.0
E00002050,C001196,2025-09-13,How-to,medium,22.8
E00002051,C001196,2025-08-25,Billing,low,12.0
E00002052,C001196,2024-06-28,Bug,medium,2.7
E00002053,C001196,2024-08-21,How-to,medium,6.6
E00002054,C001197,2024-12-18,How-to,low,2.7
E00002055,C001199,2025-11-30,Bug,high,5.9
E00002056,C001199,2025-09-25,Feature Request,medium,8.3
E00002057,C001199,2025-05-03,Billing,high,10.8
E00002058,C001200,2024-07-28,Outage,low,3.9
E00002059,C001200,2025-08-27,How-to,low,19.5
E00002060,C001201,2025-12-23,Billing,medium,15.1
E00002061,C001201,2025-07-01,How-to,medium,13.8
E00002062,C001201,2025-09-11,Billing,low,9.2
E00002063,C001201,2025-06-26,Outage,low,5.0
E00002064,C001202,2025-11-11,How-to,high,18.3
E00002065,C001202,2025-11-29,Billing,low,4.6
E00002066,C001203,2025-12-30,How-to,critical,12.8
E00002067,C001203,2025-12-03,Feature Request,high,11.0
E00002068,C001204,2025-11-08,How-to,high,3.5
E00002069,C001204,2025-12-17,How-to,critical,22.1
E00002070,C001204,2025-11-24,Billing,critical,24.8
E00002071,C001204,2025-04-15,Bug,medium,20.7
E00002072,C001206,2025-08-30,Bug,medium,20.4
E00002073,C001207,2024-03-14,Billing,medium,46.0
E00002074,C001208,2025-12-24,Feature Request,medium,138.1
E00002075,C001208,2025-02-18,How-to,low,14.9
E00002076,C001209,2024-01-31,How-to,low,11.0
E00002077,C001209,2025-05-03,How-to,high,28.2
E00002078,C001210,2025-11-03,Outage,low,11.0
E00002079,C001210,2025-10-30,How-to,medium,10.7
E00002080,C001211,2025-12-21,Feature Request,high,98.2
E00002081,C001212,2025-10-12,Bug,low,7.7
E00002082,C001212,2025-12-13,How-to,low,1.8
E00002083,C001212,2025-01-30,How-to,high,1.5
E00002084,C001213,2024-01-24,Billing,medium,9.8
E00002085,C001213,2024-07-25,Billing,high,11.7
E00002086,C001214,2025-07-19,Outage,medium,6.9
E00002087,C001215,2022-12-07,Billing,high,12.8
E00002088,C001216,2024-11-05,Billing,high,41.9
E00002089,C001216,2024-05-14,Outage,low,9.4
E00002090,C001216,2023-04-27,Bug,medium,8.1
E00002091,C001217,2024-06-03,Billing,high,2.3
E00002092,C001217,2025-03-30,Feature Request,low,40.9
E00002093,C001217,2025-10-09,Feature Request,medium,7.9
E00002094,C001217,2024-04-02,Billing,low,19.8
E00002095,C001218,2025-11-01,Feature Request,low,15.8
E00002096,C001218,2025-02-23,Feature Request,medium,6.8
E00002097,C001219,2025-06-03,How-to,high,8.1
E00002098,C001219,2025-10-07,Billing,critical,55.4
E00002099,C001219,2025-06-27,Billing,low,16.5
E00002100,C001220,2023-11-06,Feature Request,high,23.4
E00002101,C001220,2024-01-15,Billing,medium,7.4
E00002102,C001220,2023-11-11,Bug,low,7.4
E00002103,C001221,2024-09-02,Bug,high,25.6
E00002104,C001221,2025-01-26,Bug,high,9.1
E00002105,C001222,2024-09-15,Feature Request,low,17.3
E00002106,C001222,2025-01-21,How-to,high,3.4
E00002107,C001222,2024-09-28,How-to,medium,11.3
E00002108,C001223,2025-11-29,Billing,medium,1.9
E00002109,C001224,2025-02-19,Feature Request,high,3.9
E00002110,C001224,2025-04-07,Bug,low,1.1
E00002111,C001224,2025-03-19,Feature Request,high,25.8
E00002112,C001225,2025-01-11,Billing,medium,5.6
E00002113,C001226,2025-11-06,How-to,medium,33.4
E00002114,C001226,2025-11-19,Outage,low,21.0
E00002115,C001226,2025-11-20,Bug,low,17.8
E00002116,C001227,2022-11-25,Billing,low,18.8
E00002117,C001227,2025-07-02,Billing,high,10.7
E00002118,C001228,2025-11-12,How-to,medium,16.2
E00002119,C001228,2025-11-16,Bug,high,16.0
E00002120,C001229,2024-12-28,Bug,low,51.0
E00002121,C001229,2022-10-12,Billing,critical,58.4
E00002122,C001230,2023-07-29,Outage,high,11.6
E00002123,C001230,2024-05-16,Outage,low,11.6
E00002124,C001231,2025-03-26,Bug,low,54.0
E00002125,C001231,2025-04-23,Feature Request,high,4.3
E00002126,C001232,2024-11-21,How-to,medium,6.8
E00002127,C001234,2025-12-29,How-to,high,15.7
E00002128,C001234,2025-10-10,How-to,low,3.3
E00002129,C001234,2025-09-12,Billing,low,5.8
E00002130,C001236,2025-02-06,How-to,medium,20.6
E00002131,C001237,2023-01-29,Bug,low,4.6
E00002132,C001237,2023-04-30,Billing,medium,13.9
E00002133,C001237,2024-04-01,Billing,low,13.9
E00002134,C001238,2024-09-03,Outage,low,83.2
E00002135,C001239,2025-05-13,Bug,critical,7.4
E00002136,C001240,2025-05-10,Bug,low,23.9
E00002137,C001240,2024-12-29,How-to,high,27.3
E00002138,C001240,2023-11-28,Bug,low,13.2
E00002139,C001241,2025-12-02,How-to,medium,3.9
E00002140,C001241,2025-05-01,How-to,high,12.9
E00002141,C001241,2024-07-27,Bug,medium,7.0
E00002142,C001243,2025-12-12,Feature Request,low,16.2
E00002143,C001245,2025-07-24,Billing,medium,2.1
E00002144,C001245,2025-07-24,How-to,low,11.6
E00002145,C001246,2025-12-06,Bug,low,7.9
E00002146,C001247,2025-07-11,Outage,medium,2.6
E00002147,C001247,2025-12-07,Outage,high,2.2
E00002148,C001248,2025-12-17,Billing,critical,6.4
E00002149,C001248,2024-11-20,Billing,medium,7.8
E00002150,C001249,2023-07-20,How-to,medium,3.4
E00002151,C001250,2025-12-01,Outage,high,6.7
E00002152,C001250,2025-12-14,How-to,low,4.4
E00002153,C001251,2024-10-14,Feature Request,low,6.4
E00002154,C001252,2025-03-11,How-to,low,11.6
E00002155,C001252,2024-07-10,How-to,low,3.1
E00002156,C001253,2025-01-09,Feature Request,low,3.7
E00002157,C001254,2025-08-23,Bug,low,23.8
E00002158,C001254,2025-05-21,How-to,medium,13.8
E00002159,C001254,2025-12-23,Feature Request,medium,11.6
E00002160,C001255,2025-01-17,How-to,low,7.6
E00002161,C001256,2023-12-29,Billing,medium,5.4
E00002162,C001256,2025-10-23,How-to,high,14.6
E00002163,C001256,2022-11-04,How-to,low,36.3
E00002164,C001256,2024-01-24,Feature Request,low,20.1
E00002165,C001257,2024-08-08,Feature Request,medium,43.6
E00002166,C001257,2024-02-25,Outage,medium,19.7
E00002167,C001258,2025-11-04,How-to,critical,24.5
E00002168,C001259,2025-03-21,Feature Request,medium,17.3
E00002169,C001259,2025-07-11,How-to,medium,50.4
E00002170,C001260,2025-03-09,Outage,medium,8.2
E00002171,C001260,2025-03-05,Outage,low,3.7
E00002172,C001261,2023-07-05,Feature Request,critical,51.7
E00002173,C001261,2024-07-28,Bug,low,4.7
E00002174,C001262,2025-08-15,Bug,low,4.2
E00002175,C001263,2024-06-07,How-to,high,6.0
E00002176,C001264,2025-08-28,Outage,medium,6.4
E00002177,C001265,2024-01-04,Billing,high,49.8
E00002178,C001266,2024-02-20,How-to,medium,6.0
E00002179,C001267,2025-11-10,Billing,high,106.5
E00002180,C001267,2025-12-26,How-to,high,29.7
E00002181,C001267,2023-12-04,Billing,high,2.8
E00002182,C001267,2025-06-05,Bug,low,9.9
E00002183,C001267,2024-07-02,Billing,medium,19.7
E00002184,C001270,2022-06-15,Billing,medium,11.7
E00002185,C001271,2025-12-25,Outage,medium,10.7
E00002186,C001271,2025-07-17,Bug,high,7.0
E00002187,C001271,2025-04-06,How-to,low,52.4
E00002188,C001271,2025-10-14,Outage,medium,7.5
E00002189,C001271,2023-07-20,How-to,low,7.5
E00002190,C001272,2025-11-25,Billing,low,3.3
E00002191,C001272,2024-07-11,Outage,low,3.8
E00002192,C001273,2025-10-25,How-to,medium,21.8
E00002193,C001273,2025-10-27,Bug,critical,9.1
E00002194,C001275,2025-10-30,Bug,low,28.7
E00002195,C001275,2025-09-11,Billing,high,25.2
E00002196,C001275,2025-08-11,How-to,low,10.8
E00002197,C001275,2025-09-28,Outage,medium,54.2
E00002198,C001275,2025-10-25,Billing,high,12.2
E00002199,C001276,2025-09-30,Bug,medium,11.8
E00002200,C001276,2024-11-29,How-to,critical,13.8
E00002201,C001276,2025-06-01,Outage,high,4.1
E00002202,C001276,2024-12-20,Feature Request,low,13.0
E00002203,C001276,2025-04-12,Feature Request,medium,3.6
E00002204,C001277,2024-12-10,Feature Request,critical,8.1
E00002205,C001277,2025-06-22,How-to,low,12.2
E00002206,C001278,2025-10-21,Feature Request,high,10.9
E00002207,C001278,2025-09-19,Feature Request,low,11.0
E00002208,C001278,2025-05-25,Feature Request,medium,11.6
E00002209,C001279,2022-06-17,Feature Request,low,3.5
E00002210,C001279,2023-06-28,How-to,medium,10.9
E00002211,C001280,2025-06-18,Billing,medium,4.1
E00002212,C001281,2025-06-13,Bug,low,36.2
E00002213,C001281,2025-11-20,How-to,medium,18.6
E00002214,C001282,2025-10-02,Bug,low,6.1
E00002215,C001282,2025-04-25,Billing,low,43.5
E00002216,C001284,2025-04-13,Billing,medium,4.1
E00002217,C001284,2025-02-24,Bug,medium,39.2
E00002218,C001284,2025-06-16,Bug,high,21.2
E00002219,C001284,2025-07-03,Feature Request,high,5.4
E00002220,C001285,2024-11-18,Billing,low,4.5
E00002221,C001286,2024-09-08,How-to,medium,7.4
E00002222,C001286,2025-05-12,Bug,critical,35.9
E00002223,C001286,2022-10-16,Outage,medium,7.6
E00002224,C001287,2025-11-30,Billing,medium,8.4
E00002225,C001288,2023-05-27,Billing,medium,6.9
E00002226,C001289,2024-09-01,Feature Request,high,21.0
E00002227,C001289,2024-08-07,Bug,low,65.4
E00002228,C001290,2025-03-08,Billing,medium,8.2
E00002229,C001290,2025-06-17,Billing,low,23.0
E00002230,C001292,2025-07-15,Feature Request,medium,16.3
E00002231,C001292,2025-06-25,How-to,low,5.3
E00002232,C001292,2025-08-04,Outage,high,5.5
E00002233,C001295,2025-12-07,How-to,medium,7.0
E00002234,C001296,2025-07-13,Feature Request,low,7.9
E00002235,C001297,2023-07-10,How-to,medium,11.1
E00002236,C001297,2025-01-19,Bug,low,10.8
E00002237,C001298,2024-09-09,Billing,medium,5.0
E00002238,C001299,2025-03-22,Bug,low,22.5
E00002239,C001300,2022-09-20,Billing,medium,21.1
E00002240,C001300,2025-01-18,Outage,high,46.5
E00002241,C001300,2025-03-19,Feature Request,medium,42.5
E00002242,C001301,2025-12-18,Billing,low,51.1
E00002243,C001301,2025-01-18,How-to,low,8.0
E00002244,C001302,2025-02-24,How-to,medium,6.1
E00002245,C001302,2025-06-25,How-to,medium,7.3
E00002246,C001303,2025-12-02,Billing,high,62.3
E00002247,C001304,2025-12-19,How-to,medium,24.7
E00002248,C001304,2025-09-21,How-to,high,4.5
E00002249,C001305,2024-07-31,Feature Request,high,6.9
E00002250,C001305,2024-12-17,Billing,low,32.7
E00002251,C001305,2025-07-05,Bug,critical,59.7
E00002252,C001305,2025-05-17,Billing,medium,21.6
E00002253,C001306,2025-05-02,Feature Request,low,24.5
E00002254,C001307,2025-11-07,Bug,medium,17.5
E00002255,C001308,2023-10-29,How-to,medium,24.1
E00002256,C001308,2023-09-06,Billing,high,10.4
E00002257,C001309,2025-03-02,Bug,medium,5.2
E00002258,C001309,2024-11-14,How-to,high,8.9
E00002259,C001309,2023-09-17,Billing,high,2.5
E00002260,C001309,2025-01-10,Outage,low,9.0
E00002261,C001312,2024-12-22,Billing,low,19.9
E00002262,C001313,2025-05-16,Billing,high,8.5
E00002263,C001313,2025-01-21,Bug,high,8.7
E00002264,C001313,2025-10-05,Billing,medium,40.7
E00002265,C001315,2025-11-16,Billing,low,12.2
E00002266,C001316,2025-06-21,Billing,low,5.4
E00002267,C001317,2025-06-25,How-to,high,11.8
E00002268,C001318,2025-08-06,Billing,medium,40.0
E00002269,C001319,2023-10-14,Bug,high,9.0
E00002270,C001319,2023-10-05,Bug,critical,3.6
E00002271,C001319,2023-11-14,How-to,high,22.6
E00002272,C001321,2024-10-13,Feature Request,high,37.5
E00002273,C001322,2024-03-05,Bug,low,13.9
E00002274,C001323,2024-07-07,How-to,low,12.7
E00002275,C001323,2024-11-15,Billing,medium,26.0
E00002276,C001323,2024-12-29,How-to,low,6.4
E00002277,C001324,2025-08-09,Feature Request,low,11.3
E00002278,C001325,2025-08-11,Outage,critical,11.5
E00002279,C001325,2025-07-11,Billing,medium,6.0
E00002280,C001325,2025-08-29,Billing,medium,16.3
E00002281,C001325,2025-07-11,Feature Request,high,35.8
E00002282,C001326,2023-03-02,Billing,medium,3.6
E00002283,C001326,2025-10-28,Bug,medium,7.4
E00002284,C001327,2025-02-08,Feature Request,low,3.5
E00002285,C001327,2024-12-20,Billing,high,10.0
E00002286,C001329,2025-05-16,Bug,low,4.6
E00002287,C001329,2025-12-26,Billing,medium,9.7
E00002288,C001332,2025-03-04,Bug,medium,5.2
E00002289,C001333,2025-08-20,How-to,critical,10.1
E00002290,C001335,2024-12-01,Billing,low,8.4
E00002291,C001337,2025-08-25,How-to,low,14.9
E00002292,C001338,2025-02-05,Bug,low,6.7
E00002293,C001338,2024-05-08,Feature Request,medium,29.8
E00002294,C001339,2025-05-18,Billing,low,8.6
E00002295,C001339,2025-05-26,Feature Request,high,24.8
E00002296,C001340,2025-05-10,How-to,critical,7.1
E00002297,C001340,2024-06-14,Bug,low,7.4
E00002298,C001341,2025-03-05,Feature Request,medium,7.8
E00002299,C001341,2025-06-14,Bug,critical,9.5
E00002300,C001341,2025-08-31,Outage,medium,5.2
E00002301,C001342,2024-01-13,Billing,low,2.6
E00002302,C001342,2022-11-24,Bug,medium,4.3
E00002303,C001342,2024-09-02,Bug,medium,7.7
E00002304,C001343,2023-02-26,How-to,high,29.6
E00002305,C001343,2024-05-18,Feature Request,low,10.2
E00002306,C001343,2023-12-30,How-to,low,20.8
E00002307,C001343,2024-04-06,How-to,low,18.3
E00002308,C001344,2025-02-26,Billing,medium,7.8
E00002309,C001344,2024-08-09,Feature Request,low,16.2
E00002310,C001344,2025-10-04,Bug,high,11.7
E00002311,C001344,2025-09-08,Feature Request,low,22.8
E00002312,C001346,2025-12-04,Billing,medium,17.4
E00002313,C001346,2025-12-04,Billing,low,17.3
E00002314,C001346,2025-12-16,Bug,medium,8.6
E00002315,C001349,2025-06-03,Outage,high,7.4
E00002316,C001350,2024-05-10,Bug,low,11.8
E00002317,C001350,2024-06-18,Billing,medium,15.4
E00002318,C001350,2024-06-28,Billing,medium,5.1
E00002319,C001351,2023-03-11,Billing,high,12.0
E00002320,C001351,2024-12-17,Billing,medium,38.5
E00002321,C001351,2023-01-09,Bug,medium,20.0
E00002322,C001351,2024-11-10,Feature Request,low,10.3
E00002323,C001351,2025-10-17,Bug,low,10.2
E00002324,C001352,2024-01-21,How-to,high,29.6
E00002325,C001354,2025-08-15,Bug,medium,6.4
E00002326,C001354,2025-09-13,How-to,low,2.7
E00002327,C001354,2025-08-27,How-to,medium,6.4
E00002328,C001354,2025-08-06,Outage,low,39.1
E00002329,C001355,2022-12-03,Bug,medium,29.1
E00002330,C001355,2024-09-09,How-to,medium,5.6
E00002331,C001355,2024-01-29,How-to,low,8.7
E00002332,C001357,2023-05-29,Outage,medium,6.4
E00002333,C001357,2025-07-18,Feature Request,high,5.4
E00002334,C001357,2025-02-02,How-to,medium,6.9
E00002335,C001361,2022-08-05,Bug,high,26.2
E00002336,C001361,2023-12-27,How-to,low,16.3
E00002337,C001362,2024-12-05,Feature Request,high,17.1
E00002338,C001362,2024-03-16,Outage,medium,3.0
E00002339,C001362,2023-03-28,Bug,low,7.5
E00002340,C001364,2023-04-11,Billing,high,12.7
E00002341,C001364,2023-12-12,Feature Request,medium,17.9
E00002342,C001364,2023-04-16,Outage,low,3.6
E00002343,C001366,2022-04-25,Billing,medium,2.6
E00002344,C001366,2025-12-29,Billing,medium,111.7
E00002345,C001366,2022-03-13,Bug,critical,14.6
E00002346,C001367,2024-05-25,Billing,low,18.7
E00002347,C001367,2023-10-04,How-to,critical,5.3
E00002348,C001367,2025-05-01,Bug,high,6.7
E00002349,C001368,2024-12-10,How-to,medium,32.2
E00002350,C001368,2025-09-23,Bug,low,19.3
E00002351,C001370,2025-08-31,Bug,critical,47.0
E00002352,C001370,2024-12-09,Billing,high,43.6
E00002353,C001371,2025-06-19,Outage,medium,8.6
E00002354,C001371,2025-06-16,How-to,low,33.4
E00002355,C001374,2025-02-02,How-to,critical,25.4
E00002356,C001374,2023-09-03,Billing,high,10.5
E00002357,C001376,2025-11-05,Feature Request,low,20.4
E00002358,C001376,2025-11-26,Feature Request,low,8.5
E00002359,C001376,2025-11-25,Billing,low,6.3
E00002360,C001376,2025-11-09,How-to,low,18.4
E00002361,C001377,2025-11-09,Bug,medium,13.6
E00002362,C001377,2025-10-28,Bug,medium,8.8
E00002363,C001378,2024-12-17,Feature Request,high,3.5
E00002364,C001380,2024-10-22,Bug,low,52.2
E00002365,C001380,2024-04-28,Outage,medium,4.1
E00002366,C001381,2025-12-31,Billing,medium,7.6
E00002367,C001381,2025-11-25,Bug,medium,9.3
E00002368,C001381,2025-12-06,How-to,high,9.5
E00002369,C001381,2025-11-09,Billing,low,12.1
E00002370,C001381,2025-11-26,How-to,low,4.2
E00002371,C001381,2025-12-18,Bug,medium,23.0
E00002372,C001382,2023-03-06,How-to,high,120.6
E00002373,C001383,2023-10-20,Billing,low,12.5
E00002374,C001384,2025-08-16,Bug,low,33.7
E00002375,C001385,2025-08-24,Bug,low,26.5
E00002376,C001385,2024-08-19,How-to,medium,16.0
E00002377,C001385,2023-07-12,Billing,high,4.5
E00002378,C001386,2025-08-26,How-to,critical,27.4
E00002379,C001386,2023-04-13,Feature Request,low,36.0
E00002380,C001387,2025-07-15,Feature Request,low,14.6
E00002381,C001387,2024-05-15,Feature Request,high,5.8
E00002382,C001388,2025-05-27,Billing,high,11.1
E00002383,C001390,2025-08-21,Bug,high,20.8
E00002384,C001390,2025-07-25,Billing,medium,5.8
E00002385,C001391,2025-02-03,Outage,high,9.2
E00002386,C001392,2025-04-26,How-to,high,5.9
E00002387,C001392,2025-04-09,Feature Request,high,10.3
E00002388,C001393,2025-11-17,How-to,critical,7.6
E00002389,C001393,2025-11-20,Bug,low,29.2
E00002390,C001394,2025-01-03,How-to,medium,16.7
E00002391,C001394,2025-02-22,Billing,low,16.3
E00002392,C001394,2024-12-13,Bug,medium,42.2
E00002393,C001394,2025-01-23,Billing,low,24.6
E00002394,C001397,2025-10-13,Billing,medium,5.4
E00002395,C001398,2025-09-08,Outage,medium,6.0
E00002396,C001398,2025-09-28,Bug,medium,7.6
E00002397,C001398,2025-07-03,Billing,low,9.5
E00002398,C001399,2024-07-19,Feature Request,low,14.6
E00002399,C001400,2023-11-21,Bug,high,33.4
E00002400,C001401,2025-07-23,Bug,low,6.4
E00002401,C001401,2025-12-28,How-to,high,5.0
E00002402,C001403,2023-10-27,Billing,low,18.5
E00002403,C001404,2024-04-28,Billing,low,7.6
E00002404,C001405,2023-11-09,How-to,medium,7.6
E00002405,C001405,2025-02-16,Bug,low,19.0
E00002406,C001407,2025-01-29,How-to,high,8.0
E00002407,C001408,2025-08-17,How-to,medium,14.6
E00002408,C001408,2025-08-09,How-to,medium,6.2
E00002409,C001408,2025-12-14,Billing,low,24.3
E00002410,C001410,2023-09-05,Outage,low,3.0
E00002411,C001410,2023-05-10,Billing,low,7.8
E00002412,C001410,2023-04-10,Outage,medium,10.4
E00002413,C001411,2025-05-12,How-to,low,34.8
E00002414,C001411,2024-10-28,Bug,medium,9.8
E00002415,C001412,2025-04-10,How-to,medium,35.8
E00002416,C001412,2025-08-01,How-to,medium,50.4
E00002417,C001412,2025-10-06,Outage,low,32.2
E00002418,C001413,2023-04-22,How-to,high,24.0
E00002419,C001414,2025-07-14,How-to,medium,27.8
E00002420,C001414,2025-09-17,Feature Request,medium,15.4
E00002421,C001414,2025-12-04,Billing,low,23.9
E00002422,C001414,2025-10-18,Feature Request,medium,41.5
E00002423,C001414,2025-10-15,How-to,high,7.3
E00002424,C001415,2025-05-17,Bug,high,4.9
E00002425,C001416,2025-04-04,Feature Request,high,20.0
E00002426,C001418,2025-06-03,Feature Request,medium,24.4
E00002427,C001418,2024-01-28,How-to,low,21.3
E00002428,C001420,2023-11-20,How-to,low,19.4
E00002429,C001420,2024-02-06,Bug,low,12.2
E00002430,C001421,2025-10-14,Billing,medium,6.1
E00002431,C001421,2025-10-17,Billing,high,43.3
E00002432,C001422,2025-12-07,Billing,medium,42.3
E00002433,C001422,2025-12-31,Bug,medium,61.6
E00002434,C001423,2024-07-10,How-to,low,17.4
E00002435,C001423,2024-10-27,How-to,low,8.1
E00002436,C001423,2025-03-29,Bug,medium,13.5
E00002437,C001425,2023-06-03,How-to,medium,17.0
E00002438,C001425,2023-04-13,Bug,critical,10.4
E00002439,C001426,2025-11-19,Billing,high,5.8
E00002440,C001426,2025-04-09,Bug,low,26.0
E00002441,C001427,2024-10-30,Bug,medium,19.8
E00002442,C001428,2025-07-15,How-to,medium,36.9
E00002443,C001430,2025-02-01,Billing,high,45.5
E00002444,C001430,2025-04-28,Feature Request,high,20.2
E00002445,C001431,2023-12-13,How-to,medium,9.9
E00002446,C001431,2024-06-30,Bug,medium,12.4
E00002447,C001433,2025-10-11,Bug,medium,12.8
E00002448,C001433,2024-01-20,Feature Request,low,18.1
E00002449,C001434,2024-10-02,Billing,high,4.8
E00002450,C001434,2024-06-23,Billing,medium,49.0
E00002451,C001434,2024-03-30,How-to,high,26.2
E00002452,C001435,2025-02-15,Billing,critical,10.6
E00002453,C001435,2023-06-08,Billing,medium,2.4
E00002454,C001437,2025-01-12,How-to,medium,9.9
E00002455,C001437,2023-11-14,Billing,medium,18.4
E00002456,C001437,2024-12-19,How-to,low,55.1
E00002457,C001438,2025-09-20,How-to,medium,19.8
E00002458,C001439,2023-08-29,How-to,low,9.6
E00002459,C001439,2025-08-10,Billing,low,51.7
E00002460,C001439,2025-01-21,Billing,low,3.2
E00002461,C001439,2024-10-27,Feature Request,low,8.2
E00002462,C001440,2025-11-29,Outage,medium,4.1
E00002463,C001441,2025-12-08,Bug,high,31.3
E00002464,C001442,2024-09-16,Billing,low,10.3
E00002465,C001443,2025-11-09,Billing,medium,20.9
E00002466,C001443,2025-11-04,Feature Request,low,7.6
E00002467,C001443,2025-10-27,Feature Request,low,15.6
E00002468,C001444,2023-12-20,Feature Request,medium,15.9
E00002469,C001445,2024-02-04,Feature Request,medium,16.5
E00002470,C001445,2025-05-13,Bug,medium,4.3
E00002471,C001446,2024-05-05,Outage,medium,4.0
E00002472,C001447,2025-12-04,Bug,medium,36.1
E00002473,C001447,2025-10-14,Feature Request,low,21.4
E00002474,C001447,2025-12-20,Bug,medium,5.3
E00002475,C001447,2025-09-23,How-to,medium,11.8
E00002476,C001449,2025-10-23,Outage,medium,17.5
E00002477,C001450,2023-09-09,Outage,medium,12.1
E00002478,C001451,2024-11-04,Billing,low,16.6
E00002479,C001451,2023-07-03,Billing,medium,21.6
E00002480,C001452,2025-11-06,Billing,low,22.4
E00002481,C001452,2024-04-18,How-to,low,6.7
E00002482,C001453,2024-06-21,Outage,low,10.6
E00002483,C001453,2023-02-25,Outage,low,5.0
E00002484,C001454,2025-02-28,Outage,low,13.6
E00002485,C001454,2023-09-22,Billing,high,15.0
E00002486,C001455,2025-09-16,Billing,medium,14.7
E00002487,C001455,2025-06-24,How-to,medium,15.2
E00002488,C001456,2025-03-06,Billing,low,30.8
E00002489,C001456,2025-08-06,How-to,low,14.7
E00002490,C001456,2024-08-16,Billing,critical,23.4
E00002491,C001457,2025-11-16,Feature Request,critical,10.4
E00002492,C001457,2025-11-17,Billing,medium,10.0
E00002493,C001458,2025-03-29,Billing,low,10.1
E00002494,C001458,2024-02-16,Billing,low,1.7
E00002495,C001458,2025-11-15,Feature Request,low,6.3
E00002496,C001458,2025-08-10,Bug,low,4.6
E00002497,C001459,2023-09-02,How-to,medium,10.2
E00002498,C001461,2025-02-10,How-to,high,13.5
E00002499,C001462,2024-05-11,Billing,low,72.3
E00002500,C001462,2023-06-16,Billing,medium,9.3
E00002501,C001463,2024-11-08,Outage,low,42.8
E00002502,C001463,2025-10-21,Feature Request,medium,49.6
E00002503,C001464,2022-09-19,How-to,high,20.7
E00002504,C001465,2025-10-04,Outage,high,3.2
E00002505,C001466,2024-05-26,Outage,medium,9.4
E00002506,C001467,2025-01-08,How-to,high,7.1
E00002507,C001467,2025-11-21,Bug,critical,4.4
E00002508,C001467,2025-03-23,Outage,medium,5.4
E00002509,C001467,2025-01-27,How-to,high,41.2
E00002510,C001468,2024-01-19,Billing,low,16.2
E00002511,C001471,2025-10-01,Feature Request,medium,32.2
E00002512,C001472,2025-05-30,How-to,medium,3.0
E00002513,C001473,2024-11-13,Billing,medium,17.0
E00002514,C001473,2023-12-23,Feature Request,medium,9.2
E00002515,C001474,2023-07-22,Billing,high,30.7
E00002516,C001476,2023-06-09,Outage,medium,3.2
E00002517,C001476,2024-11-26,Bug,medium,43.5
E00002518,C001476,2023-06-08,Billing,low,8.9
E00002519,C001477,2025-03-11,Billing,low,42.3
E00002520,C001477,2024-09-01,Billing,medium,5.7
E00002521,C001478,2025-01-21,Feature Request,low,5.4
E00002522,C001478,2025-05-25,Billing,medium,10.2
E00002523,C001478,2024-10-09,Billing,medium,23.8
E00002524,C001478,2025-12-07,Bug,low,4.6
E00002525,C001483,2023-11-22,How-to,high,2.3
E00002526,C001483,2023-11-27,Billing,low,4.9
E00002527,C001484,2023-12-26,How-to,low,8.7
E00002528,C001484,2024-10-18,Outage,low,45.3
E00002529,C001484,2023-04-09,Outage,low,19.2
E00002530,C001484,2023-07-08,How-to,low,23.4
E00002531,C001485,2025-05-04,Bug,low,12.4
E00002532,C001486,2025-12-11,How-to,low,27.9
E00002533,C001486,2025-07-31,Billing,medium,5.2
E00002534,C001486,2025-10-22,Bug,low,40.2
E00002535,C001487,2022-08-24,How-to,low,90.8
E00002536,C001487,2025-09-13,How-to,medium,11.4
E00002537,C001488,2022-02-10,How-to,medium,8.9
E00002538,C001488,2024-01-17,Feature Request,low,11.6
E00002539,C001489,2024-09-17,Billing,high,12.0
E00002540,C001490,2024-05-04,Billing,low,85.6
E00002541,C001491,2025-08-14,How-to,low,17.1
E00002542,C001491,2025-08-21,Bug,high,5.6
E00002543,C001491,2024-10-04,Outage,medium,9.4
E00002544,C001493,2023-04-15,How-to,low,10.4
E00002545,C001493,2024-05-29,How-to,medium,5.3
E00002546,C001494,2023-07-30,How-to,critical,29.4
E00002547,C001494,2024-01-27,Billing,low,19.9
E00002548,C001495,2025-09-25,How-to,high,3.6
E00002549,C001495,2025-12-09,Feature Request,medium,13.3
E00002550,C001495,2023-12-04,How-to,critical,39.3
E00002551,C001496,2024-01-02,Billing,high,17.0
E00002552,C001496,2025-11-09,Bug,low,17.6
E00002553,C001498,2025-06-13,How-to,low,5.2
E00002554,C001501,2025-01-05,Billing,low,7.2
E00002555,C001501,2024-10-14,Bug,high,5.2
E00002556,C001501,2024-04-18,How-to,medium,18.8
E00002557,C001502,2024-04-17,Billing,critical,13.8
E00002558,C001502,2024-02-01,How-to,low,10.6
E00002559,C001502,2023-10-23,Outage,medium,3.9
E00002560,C001502,2023-10-25,Outage,high,12.0
E00002561,C001503,2023-02-24,How-to,medium,1.2
E00002562,C001504,2024-11-28,Billing,low,4.5
E00002563,C001504,2025-10-08,Bug,medium,17.2
E00002564,C001504,2023-10-30,Bug,low,23.1
E00002565,C001504,2023-05-19,Billing,medium,13.2
E00002566,C001505,2025-02-26,Billing,high,55.1
E00002567,C001506,2024-06-05,Billing,low,5.8
E00002568,C001506,2023-11-26,How-to,high,19.0
E00002569,C001507,2025-08-09,Feature Request,medium,9.6
E00002570,C001507,2025-10-30,Billing,low,20.9
E00002571,C001510,2025-07-12,Bug,low,15.3
E00002572,C001511,2024-04-08,Billing,high,6.9
E00002573,C001511,2024-06-09,How-to,medium,10.3
E00002574,C001512,2025-10-24,Outage,medium,4.9
E00002575,C001512,2024-01-18,Outage,medium,9.7
E00002576,C001513,2025-02-16,Bug,low,4.2
E00002577,C001513,2025-10-02,Billing,low,5.1
E00002578,C001514,2024-09-30,Bug,low,16.2
E00002579,C001516,2025-08-23,How-to,low,3.5
E00002580,C001516,2025-12-28,How-to,medium,8.4
E00002581,C001517,2024-09-13,Bug,medium,15.5
E00002582,C001519,2025-04-13,Feature Request,medium,10.9
E00002583,C001519,2025-08-28,Billing,medium,5.3
E00002584,C001519,2023-12-24,Outage,low,9.3
E00002585,C001519,2024-04-14,How-to,low,22.4
E00002586,C001521,2025-08-19,Billing,low,11.6
E00002587,C001521,2025-07-15,Bug,medium,14.6
E00002588,C001522,2024-12-25,Feature Request,low,6.1
E00002589,C001523,2024-01-13,How-to,critical,11.6
E00002590,C001525,2025-07-30,Feature Request,high,6.3
E00002591,C001526,2023-10-07,Billing,low,8.0
E00002592,C001526,2023-06-12,Bug,medium,10.6
E00002593,C001526,2024-02-27,Billing,medium,27.1
E00002594,C001528,2024-01-22,Bug,low,4.6
E00002595,C001528,2024-05-05,Billing,low,4.9
E00002596,C001529,2025-05-26,How-to,high,23.1
E00002597,C001529,2023-02-03,How-to,low,19.2
E00002598,C001530,2025-08-31,How-to,low,50.7
E00002599,C001530,2025-08-24,Billing,low,12.5
E00002600,C001530,2025-11-24,Billing,low,14.7
E00002601,C001530,2025-09-02,Billing,high,7.4
E00002602,C001531,2025-03-11,Billing,medium,8.9
E00002603,C001531,2025-07-28,How-to,low,14.0
E00002604,C001533,2025-10-01,Billing,medium,8.2
E00002605,C001533,2025-09-03,Bug,high,5.6
E00002606,C001534,2023-10-06,Billing,medium,16.3
E00002607,C001535,2025-10-28,Bug,low,29.0
E00002608,C001535,2025-04-07,Billing,high,21.7
E00002609,C001536,2022-12-03,Outage,low,82.4
E00002610,C001536,2022-11-09,Feature Request,medium,17.3
E00002611,C001537,2024-04-22,Billing,low,13.9
E00002612,C001537,2025-11-23,Billing,medium,4.8
E00002613,C001537,2025-02-18,Outage,medium,15.9
E00002614,C001537,2024-06-10,Billing,medium,13.0
E00002615,C001537,2024-01-28,Feature Request,medium,39.9
E00002616,C001539,2024-11-16,How-to,high,38.5
E00002617,C001539,2025-12-11,How-to,medium,12.8
E00002618,C001540,2024-09-09,Bug,high,3.8
E00002619,C001541,2024-03-31,How-to,medium,9.0
E00002620,C001542,2025-07-23,Bug,critical,20.6
E00002621,C001544,2025-12-30,Bug,high,13.8
E00002622,C001545,2023-05-02,Billing,low,9.1
E00002623,C001546,2025-04-17,Outage,medium,33.9
E00002624,C001546,2024-06-23,How-to,medium,11.8
E00002625,C001546,2025-03-06,Billing,low,2.4
E00002626,C001548,2025-09-29,How-to,medium,16.7
E00002627,C001548,2025-11-19,How-to,low,49.7
E00002628,C001548,2025-12-16,Bug,low,3.7
E00002629,C001548,2025-08-15,Billing,low,21.0
E00002630,C001549,2025-01-29,Outage,high,12.8
E00002631,C001549,2025-01-13,How-to,critical,17.4
E00002632,C001550,2022-02-10,How-to,low,11.7
E00002633,C001550,2024-08-07,How-to,medium,14.6
E00002634,C001550,2023-04-05,Billing,medium,32.7
E00002635,C001550,2023-01-17,Bug,high,7.3
E00002636,C001550,2023-11-06,Billing,high,4.9
E00002637,C001550,2024-06-20,Feature Request,high,9.8
E00002638,C001551,2025-01-05,Outage,medium,12.5
E00002639,C001551,2025-10-04,Outage,low,2.9
E00002640,C001552,2025-10-29,How-to,medium,11.2
E00002641,C001554,2025-04-20,Feature Request,low,25.8
E00002642,C001554,2025-07-08,Bug,low,15.0
E00002643,C001554,2025-04-30,Feature Request,low,2.7
E00002644,C001555,2023-12-05,Billing,low,11.4
E00002645,C001556,2024-02-03,Feature Request,medium,15.2
E00002646,C001557,2025-11-18,Billing,low,4.6
E00002647,C001559,2025-12-07,Billing,low,4.1
E00002648,C001560,2025-10-20,Feature Request,medium,11.6
E00002649,C001560,2025-09-09,Bug,medium,11.9
E00002650,C001560,2025-08-02,How-to,medium,4.4
E00002651,C001561,2025-02-08,How-to,low,40.0
E00002652,C001562,2025-03-19,How-to,low,96.1
E00002653,C001564,2025-10-01,How-to,low,41.3
E00002654,C001565,2024-04-10,Bug,medium,16.6
E00002655,C001566,2025-11-18,How-to,low,21.5
E00002656,C001566,2025-02-16,Bug,medium,18.9
E00002657,C001566,2025-09-27,Billing,medium,11.6
E00002658,C001567,2025-11-05,How-to,high,20.0
E00002659,C001568,2025-03-21,Outage,high,9.7
E00002660,C001568,2024-11-24,Feature Request,high,14.7
E00002661,C001568,2025-07-20,Billing,low,24.2
E00002662,C001569,2025-11-07,How-to,medium,56.4
E00002663,C001570,2025-12-25,How-to,high,5.8
E00002664,C001570,2025-11-26,Bug,high,2.7
E00002665,C001571,2024-11-28,Outage,medium,11.0
E00002666,C001571,2024-12-13,Billing,medium,19.1
E00002667,C001572,2024-10-01,Feature Request,low,49.8
E00002668,C001572,2025-03-01,How-to,medium,125.5
E00002669,C001573,2025-01-01,Bug,high,34.4
E00002670,C001574,2025-12-20,How-to,low,25.7
E00002671,C001575,2025-08-30,Outage,medium,12.7
E00002672,C001575,2023-01-17,Outage,low,33.2
E00002673,C001575,2023-10-22,Outage,low,5.9
E00002674,C001576,2023-04-28,How-to,medium,20.8
E00002675,C001576,2023-05-23,Feature Request,medium,7.9
E00002676,C001577,2024-12-29,Outage,low,25.8
E00002677,C001578,2025-10-24,Billing,low,9.6
E00002678,C001579,2022-08-23,Outage,medium,16.1
E00002679,C001580,2025-12-23,Billing,high,16.4
E00002680,C001581,2025-03-02,How-to,low,40.5
E00002681,C001581,2024-04-10,Feature Request,low,5.4
E00002682,C001581,2023-09-22,How-to,medium,10.7
E00002683,C001581,2023-08-20,How-to,high,13.3
E00002684,C001582,2024-09-02,Feature Request,low,4.7
E00002685,C001582,2024-08-01,Billing,low,18.4
E00002686,C001583,2025-11-07,How-to,low,13.9
E00002687,C001583,2025-07-07,How-to,medium,13.0
E00002688,C001583,2025-05-04,How-to,low,10.2
E00002689,C001583,2025-05-11,How-to,medium,9.8
E00002690,C001584,2024-05-27,Outage,high,7.7
E00002691,C001584,2024-12-10,Billing,low,13.6
E00002692,C001585,2025-06-24,Bug,low,17.8
E00002693,C001586,2024-01-01,Feature Request,medium,9.6
E00002694,C001587,2025-05-08,How-to,low,7.4
E00002695,C001587,2025-10-27,Outage,medium,14.3
E00002696,C001587,2025-05-03,How-to,low,14.9
E00002697,C001588,2023-07-29,Outage,low,4.4
E00002698,C001588,2024-09-12,Feature Request,medium,9.7
E00002699,C001589,2025-07-21,Bug,high,16.3
E00002700,C001589,2025-07-12,How-to,low,11.3
E00002701,C001590,2022-11-03,Feature Request,high,6.4
E00002702,C001591,2025-08-05,How-to,low,30.0
E00002703,C001591,2025-02-02,How-to,critical,2.7
E00002704,C001592,2023-05-29,How-to,medium,5.6
E00002705,C001593,2024-11-08,How-to,low,5.3
E00002706,C001593,2024-01-11,Bug,medium,4.6
E00002707,C001593,2025-12-28,Billing,medium,9.8
E00002708,C001594,2024-08-17,How-to,high,7.9
E00002709,C001594,2023-04-24,Bug,low,28.4
E00002710,C001594,2024-12-11,How-to,high,18.2
E00002711,C001596,2023-02-17,Billing,low,11.8
E00002712,C001596,2024-04-10,Billing,high,34.1
E00002713,C001596,2023-06-10,Billing,low,70.6
E00002714,C001597,2024-10-21,How-to,low,3.1
E00002715,C001597,2025-08-23,Feature Request,medium,27.4
E00002716,C001598,2025-01-04,Billing,low,9.1
E00002717,C001599,2025-08-06,Billing,low,10.8
E00002718,C001599,2025-07-04,Billing,critical,12.3
E00002719,C001599,2025-05-18,How-to,medium,5.2
E00002720,C001599,2025-06-29,Feature Request,critical,8.3
E00002721,C001600,2025-03-20,Outage,low,3.5
E00002722,C001600,2025-02-13,Billing,low,14.2
E00002723,C001600,2025-05-29,How-to,low,22.1
E00002724,C001600,2024-12-05,Feature Request,high,10.6
E00002725,C001602,2024-12-06,Bug,high,25.1
E00002726,C001602,2024-12-02,Bug,critical,45.8
E00002727,C001603,2025-10-27,Bug,high,17.9
E00002728,C001604,2024-06-07,Feature Request,medium,27.7
E00002729,C001604,2024-11-25,How-to,high,5.0
E00002730,C001604,2025-08-18,Feature Request,medium,88.9
E00002731,C001605,2025-12-18,How-to,medium,45.5
E00002732,C001605,2023-06-25,How-to,low,9.0
E00002733,C001606,2025-07-01,Billing,high,2.8
E00002734,C001606,2025-08-16,How-to,medium,11.6
E00002735,C001607,2025-08-13,How-to,high,14.3
E00002736,C001607,2025-05-08,Outage,high,38.6
E00002737,C001608,2025-02-10,Billing,high,11.7
E00002738,C001608,2025-09-23,Outage,medium,7.7
E00002739,C001608,2025-08-10,Bug,low,7.9
E00002740,C001609,2024-09-21,How-to,low,11.1
E00002741,C001609,2025-02-09,Feature Request,medium,19.0
E00002742,C001610,2024-10-01,How-to,high,8.7
E00002743,C001610,2024-08-11,How-to,medium,9.4
E00002744,C001611,2025-04-25,How-to,high,5.7
E00002745,C001612,2023-10-13,How-to,low,10.5
E00002746,C001612,2023-06-28,Outage,high,3.5
E00002747,C001613,2025-02-09,How-to,low,11.6
E00002748,C001613,2025-05-17,How-to,low,19.8
E00002749,C001614,2025-03-05,Feature Request,high,8.2
E00002750,C001614,2025-01-29,Billing,medium,28.7
E00002751,C001615,2025-08-09,Feature Request,high,15.2
E00002752,C001615,2025-11-14,Feature Request,medium,6.3
E00002753,C001616,2025-04-12,Bug,low,8.1
E00002754,C001616,2025-03-24,How-to,critical,8.2
E00002755,C001616,2024-03-30,Feature Request,low,19.4
E00002756,C001617,2025-03-07,Bug,high,10.7
E00002757,C001618,2025-02-11,How-to,high,4.4
E00002758,C001619,2024-09-07,Outage,low,24.9
E00002759,C001620,2025-12-03,How-to,high,22.7
E00002760,C001620,2025-12-13,Billing,medium,7.0
E00002761,C001622,2025-02-22,How-to,medium,14.8
E00002762,C001622,2022-11-24,Feature Request,critical,4.0
E00002763,C001622,2023-05-14,How-to,low,8.3
E00002764,C001623,2025-12-07,How-to,medium,15.8
E00002765,C001623,2025-11-19,Feature Request,medium,8.2
E00002766,C001623,2025-09-10,Bug,high,17.3
E00002767,C001624,2023-04-27,Outage,medium,7.0
E00002768,C001624,2023-12-27,Bug,medium,13.0
E00002769,C001625,2024-07-31,Billing,low,12.0
E00002770,C001626,2025-12-05,How-to,low,45.6
E00002771,C001627,2024-07-23,How-to,medium,24.5
E00002772,C001628,2025-01-03,Feature Request,medium,17.5
E00002773,C001629,2024-02-19,How-to,low,23.3
E00002774,C001629,2024-10-15,Billing,low,62.5
E00002775,C001630,2024-07-10,How-to,low,24.6
E00002776,C001631,2025-11-06,How-to,medium,35.1
E00002777,C001632,2025-09-19,How-to,high,15.0
E00002778,C001632,2025-12-25,Feature Request,medium,21.3
E00002779,C001633,2025-12-13,Bug,low,1.8
E00002780,C001633,2025-04-12,Bug,low,31.7
E00002781,C001634,2025-11-28,Bug,low,9.3
E00002782,C001635,2024-04-01,Billing,medium,12.4
E00002783,C001635,2025-01-05,Bug,low,4.5
E00002784,C001635,2025-02-07,Bug,low,11.9
E00002785,C001635,2024-01-22,Bug,medium,5.7
E00002786,C001637,2025-03-09,Billing,critical,3.8
E00002787,C001638,2024-08-01,Bug,high,5.5
E00002788,C001638,2025-04-18,Feature Request,critical,32.9
E00002789,C001638,2025-12-17,Outage,low,13.9
E00002790,C001639,2025-07-07,Bug,medium,22.4
E00002791,C001639,2024-10-20,Billing,medium,2.3
E00002792,C001639,2025-03-23,How-to,low,4.6
E00002793,C001639,2023-08-23,How-to,high,43.7
E00002794,C001641,2025-08-29,Outage,low,21.0
E00002795,C001642,2025-10-13,Billing,high,3.2
E00002796,C001643,2025-09-01,Outage,medium,5.4
E00002797,C001643,2023-12-06,Billing,medium,3.2
E00002798,C001643,2024-08-31,Bug,high,23.4
E00002799,C001644,2024-10-23,Bug,medium,14.2
E00002800,C001645,2022-11-01,Feature Request,critical,28.1
E00002801,C001645,2024-06-19,Bug,high,20.8
E00002802,C001645,2024-10-01,Outage,medium,15.9
E00002803,C001646,2025-12-24,Bug,critical,19.4
E00002804,C001646,2024-02-01,Billing,low,24.6
E00002805,C001646,2024-07-19,Billing,critical,4.8
E00002806,C001646,2025-01-07,Bug,medium,31.0
E00002807,C001647,2024-01-18,Billing,medium,4.1
E00002808,C001647,2024-07-22,How-to,medium,4.4
E00002809,C001647,2024-10-16,Bug,medium,13.4
E00002810,C001648,2025-04-16,How-to,medium,18.2
E00002811,C001648,2025-05-02,How-to,low,16.7
E00002812,C001649,2025-12-04,Bug,medium,12.9
E00002813,C001650,2025-08-29,Outage,medium,10.1
E00002814,C001651,2023-02-17,Billing,high,20.2
E00002815,C001651,2024-04-29,Bug,low,11.8
E00002816,C001652,2024-10-31,Bug,low,2.0
E00002817,C001652,2024-08-18,Feature Request,medium,16.4
E00002818,C001652,2024-11-27,Outage,low,10.7
E00002819,C001652,2022-12-07,How-to,medium,9.7
E00002820,C001652,2024-11-05,Bug,medium,25.0
E00002821,C001653,2024-12-19,How-to,high,9.6
E00002822,C001653,2022-09-02,Feature Request,medium,5.0
E00002823,C001654,2025-01-12,Feature Request,high,11.8
E00002824,C001654,2025-10-29,Feature Request,low,13.3
E00002825,C001654,2025-07-28,How-to,low,4.5
E00002826,C001654,2025-11-22,Outage,low,8.8
E00002827,C001656,2025-02-14,Bug,high,34.0
E00002828,C001656,2024-05-09,Outage,high,3.1
E00002829,C001657,2025-09-28,Bug,low,12.5
E00002830,C001657,2025-08-29,Billing,high,57.3
E00002831,C001658,2025-07-23,How-to,medium,20.1
E00002832,C001658,2025-08-02,Feature Request,high,9.9
E00002833,C001661,2024-11-02,How-to,critical,11.7
E00002834,C001661,2025-05-24,Billing,medium,36.5
E00002835,C001662,2024-07-14,Feature Request,low,23.7
E00002836,C001662,2025-12-07,Bug,medium,12.9
E00002837,C001665,2024-03-16,Billing,high,13.4
E00002838,C001665,2024-03-30,Billing,high,53.0
E00002839,C001666,2025-07-10,Billing,high,8.2
E00002840,C001667,2025-04-13,How-to,low,57.1
E00002841,C001667,2025-06-21,Billing,medium,14.0
E00002842,C001667,2025-06-10,How-to,medium,13.4
E00002843,C001669,2025-09-12,Feature Request,high,25.2
E00002844,C001670,2025-05-08,Outage,high,8.9
E00002845,C001670,2025-10-14,How-to,high,5.2
E00002846,C001671,2025-10-10,Bug,critical,6.1
E00002847,C001671,2025-05-26,Outage,low,17.2
E00002848,C001673,2025-12-18,How-to,medium,20.2
E00002849,C001674,2025-07-14,Feature Request,medium,16.5
E00002850,C001674,2025-04-03,Billing,medium,17.5
E00002851,C001675,2025-10-21,Billing,low,9.6
E00002852,C001675,2024-11-20,How-to,low,39.0
E00002853,C001676,2025-12-10,Billing,medium,14.9
E00002854,C001676,2025-12-23,Outage,high,8.9
E00002855,C001677,2022-09-08,Billing,medium,21.6
E00002856,C001678,2025-06-30,How-to,medium,8.7
E00002857,C001679,2025-09-15,Bug,high,7.7
E00002858,C001679,2025-08-24,How-to,medium,34.1
E00002859,C001679,2025-10-23,Billing,low,6.2
E00002860,C001680,2024-12-08,Bug,low,9.1
E00002861,C001680,2024-09-19,Billing,medium,14.4
E00002862,C001681,2025-12-23,Billing,low,40.7
E00002863,C001681,2025-12-06,Billing,low,24.6
E00002864,C001681,2025-12-30,How-to,medium,6.6
E00002865,C001683,2023-01-29,How-to,medium,30.2
E00002866,C001684,2025-06-16,Billing,medium,21.0
E00002867,C001684,2025-07-07,Billing,medium,5.4
E00002868,C001685,2024-03-01,Billing,medium,16.5
E00002869,C001686,2024-10-21,Bug,high,3.6
E00002870,C001688,2025-11-29,Billing,medium,12.8
E00002871,C001689,2025-12-20,Billing,medium,15.4
E00002872,C001689,2025-12-04,How-to,medium,9.1
E00002873,C001689,2025-09-26,How-to,high,24.2
E00002874,C001690,2025-01-14,Billing,low,13.4
E00002875,C001690,2023-01-06,How-to,low,21.8
E00002876,C001690,2024-06-20,Feature Request,medium,5.0
E00002877,C001691,2025-11-23,Bug,medium,7.5
E00002878,C001692,2025-08-06,How-to,low,8.9
E00002879,C001692,2025-09-13,Feature Request,high,2.7
E00002880,C001692,2025-07-10,How-to,medium,9.0
E00002881,C001693,2024-08-31,Outage,medium,17.4
E00002882,C001693,2024-08-03,Billing,low,12.3
E00002883,C001693,2024-08-16,How-to,medium,18.8
E00002884,C001694,2025-03-13,Bug,low,14.3
E00002885,C001694,2025-02-22,Bug,low,7.1
E00002886,C001694,2025-07-11,Billing,low,21.0
E00002887,C001695,2023-09-12,Outage,high,54.4
E00002888,C001696,2025-09-23,Bug,medium,48.3
E00002889,C001698,2025-02-04,Feature Request,low,14.7
E00002890,C001699,2023-11-25,Billing,low,24.3
E00002891,C001699,2025-07-13,Feature Request,medium,10.7
E00002892,C001700,2025-11-13,Outage,low,6.4
E00002893,C001700,2025-12-20,Feature Request,low,7.6
E00002894,C001701,2024-04-17,Billing,high,5.5
E00002895,C001702,2025-08-27,Outage,low,7.6
E00002896,C001703,2025-02-12,Feature Request,low,6.1
E00002897,C001704,2022-11-26,How-to,low,4.3
E00002898,C001704,2023-09-19,Feature Request,medium,31.0
E00002899,C001704,2023-07-22,How-to,low,21.5
E00002900,C001705,2025-09-25,Outage,medium,6.1
E00002901,C001705,2025-11-15,How-to,high,6.1
E00002902,C001706,2025-05-27,How-to,low,9.5
E00002903,C001706,2025-10-07,Billing,medium,13.4
E00002904,C001707,2025-12-06,Bug,high,3.1
E00002905,C001708,2025-09-27,Billing,high,8.0
E00002906,C001708,2025-09-11,Bug,low,16.7
E00002907,C001709,2024-07-02,Billing,medium,5.9
E00002908,C001710,2025-09-11,How-to,medium,6.3
E00002909,C001710,2025-07-29,How-to,high,16.5
E00002910,C001710,2024-12-16,Feature Request,medium,14.7
E00002911,C001710,2023-06-02,How-to,low,15.0
E00002912,C001710,2023-10-03,How-to,low,17.9
E00002913,C001711,2023-07-18,Billing,medium,5.1
E00002914,C001712,2025-12-16,How-to,low,49.0
E00002915,C001713,2025-07-04,How-to,low,11.4
E00002916,C001713,2025-08-12,How-to,high,10.7
E00002917,C001715,2025-04-05,Billing,low,5.9
E00002918,C001716,2025-09-27,Billing,medium,7.1
E00002919,C001717,2025-12-23,Outage,high,3.0
E00002920,C001718,2024-10-28,How-to,low,8.4
E00002921,C001724,2025-10-07,Outage,low,18.4
E00002922,C001724,2025-08-05,How-to,medium,8.3
E00002923,C001725,2025-07-23,Bug,low,34.3
E00002924,C001725,2024-07-20,How-to,low,16.7
E00002925,C001725,2025-11-13,Bug,low,7.3
E00002926,C001726,2025-07-13,How-to,low,13.6
E00002927,C001726,2025-12-18,Feature Request,low,17.3
E00002928,C001726,2025-12-21,How-to,medium,17.8
E00002929,C001726,2025-04-06,Bug,high,12.7
E00002930,C001727,2025-10-07,How-to,medium,32.4
E00002931,C001727,2025-10-18,Bug,low,14.3
E00002932,C001727,2025-09-20,Bug,low,8.4
E00002933,C001729,2025-02-01,Bug,low,39.8
E00002934,C001729,2024-09-17,How-to,medium,2.6
E00002935,C001731,2025-09-14,Billing,low,6.4
E00002936,C001732,2025-10-24,How-to,high,18.3
E00002937,C001733,2025-11-19,Outage,high,7.0
E00002938,C001734,2025-10-30,Bug,low,9.2
E00002939,C001734,2025-08-31,How-to,low,11.2
E00002940,C001734,2025-08-05,Outage,medium,8.8
E00002941,C001736,2025-06-14,How-to,medium,43.7
E00002942,C001737,2023-12-27,Feature Request,medium,6.5
E00002943,C001737,2024-05-27,Bug,low,4.0
E00002944,C001737,2024-02-06,How-to,medium,9.6
E00002945,C001737,2024-08-11,Outage,high,3.6
E00002946,C001739,2024-01-26,Bug,medium,13.7
E00002947,C001740,2025-10-11,Bug,medium,35.0
E00002948,C001740,2023-02-10,Outage,low,7.6
E00002949,C001741,2023-09-25,Bug,high,6.5
E00002950,C001742,2025-12-23,Bug,high,6.5
E00002951,C001742,2025-06-03,Bug,medium,4.6
E00002952,C001743,2025-02-17,Bug,low,21.2
E00002953,C001744,2022-02-16,Feature Request,medium,13.0
E00002954,C001744,2022-03-03,Feature Request,high,7.9
E00002955,C001744,2022-03-11,How-to,medium,11.8
E00002956,C001744,2022-02-09,How-to,high,3.6
E00002957,C001744,2022-04-16,Billing,low,21.6
E00002958,C001744,2022-02-23,Feature Request,high,20.8
E00002959,C001746,2025-11-26,Billing,low,2.3
E00002960,C001746,2025-11-07,Billing,low,12.5
E00002961,C001747,2025-12-21,Outage,low,5.3
E00002962,C001747,2025-11-28,How-to,high,14.1
E00002963,C001748,2025-01-18,How-to,low,30.4
E00002964,C001749,2025-10-09,Outage,critical,9.1
E00002965,C001749,2025-09-10,Bug,medium,8.0
E00002966,C001750,2025-10-14,Billing,high,58.2
E00002967,C001750,2025-09-19,Billing,low,22.3
E00002968,C001751,2025-09-09,Billing,low,1.6
E00002969,C001751,2025-10-07,How-to,medium,23.9
E00002970,C001751,2025-12-13,Bug,medium,71.2
E00002971,C001752,2025-07-12,Bug,low,45.5
E00002972,C001753,2024-12-06,Billing,medium,8.2
E00002973,C001753,2025-11-16,How-to,low,10.2
E00002974,C001753,2025-07-22,Feature Request,medium,19.7
E00002975,C001753,2025-11-10,Bug,high,25.8
E00002976,C001755,2025-02-18,How-to,medium,14.2
E00002977,C001755,2025-05-25,How-to,medium,13.6
E00002978,C001756,2024-09-13,Bug,low,23.5
E00002979,C001756,2024-08-04,Feature Request,high,24.7
E00002980,C001756,2023-10-26,Bug,low,27.7
E00002981,C001757,2024-09-20,Bug,high,13.5
E00002982,C001758,2024-10-20,Billing,high,8.0
E00002983,C001758,2024-12-03,Billing,high,14.9
E00002984,C001760,2024-07-16,Outage,critical,30.6
E00002985,C001760,2025-11-29,Bug,critical,9.3
E00002986,C001760,2024-07-12,Billing,medium,5.6
E00002987,C001761,2025-03-19,Feature Request,medium,6.3
E00002988,C001761,2024-06-26,Bug,medium,13.6
E00002989,C001761,2023-10-25,How-to,medium,51.2
E00002990,C001762,2023-12-10,Billing,low,3.0
E00002991,C001762,2025-04-18,Billing,medium,22.1
E00002992,C001764,2025-06-21,How-to,low,5.5
E00002993,C001765,2024-11-12,Feature Request,high,8.4
E00002994,C001767,2024-02-26,Feature Request,high,9.2
E00002995,C001768,2025-11-21,How-to,low,9.2
E00002996,C001770,2024-12-19,Bug,low,25.1
E00002997,C001770,2024-03-03,How-to,medium,18.5
E00002998,C001770,2024-06-03,Billing,low,20.6
E00002999,C001771,2025-11-17,How-to,low,27.8
E00003000,C001773,2024-09-11,Bug,low,7.6
E00003001,C001774,2025-01-20,Feature Request,low,28.1
E00003002,C001774,2025-08-21,How-to,low,9.6
E00003003,C001774,2025-08-19,Bug,medium,4.8
E00003004,C001775,2025-04-11,Feature Request,low,4.8
E00003005,C001777,2023-05-06,Bug,low,10.1
E00003006,C001778,2025-03-06,Outage,high,8.5
E00003007,C001778,2025-10-14,How-to,low,12.9
E00003008,C001778,2024-04-12,Feature Request,medium,15.8
E00003009,C001779,2025-08-30,How-to,low,15.2
E00003010,C001781,2024-09-10,How-to,low,9.8
E00003011,C001781,2022-11-21,Outage,high,7.6
E00003012,C001781,2025-01-20,How-to,medium,9.3
E00003013,C001781,2024-09-20,How-to,low,11.8
E00003014,C001783,2024-12-23,How-to,high,16.4
E00003015,C001784,2025-10-07,How-to,low,6.6
E00003016,C001786,2025-05-04,Bug,high,54.4
E00003017,C001787,2024-01-29,Feature Request,high,34.7
E00003018,C001787,2023-11-19,Billing,high,43.1
E00003019,C001790,2025-03-13,How-to,medium,9.3
E00003020,C001790,2025-04-07,Billing,medium,35.8
E00003021,C001790,2025-01-28,Feature Request,high,9.5
E00003022,C001791,2025-02-25,How-to,high,4.9
E00003023,C001791,2024-05-11,How-to,high,18.2
E00003024,C001791,2025-04-23,How-to,medium,30.2
E00003025,C001792,2025-11-26,Bug,low,16.6
E00003026,C001792,2025-10-12,Outage,medium,5.0
E00003027,C001794,2023-03-07,Outage,low,21.3
E00003028,C001795,2024-02-21,Feature Request,low,7.1
E00003029,C001795,2024-01-19,How-to,medium,6.3
E00003030,C001796,2023-09-28,Billing,high,10.1
E00003031,C001797,2025-10-28,How-to,medium,6.8
E00003032,C001798,2024-02-17,Bug,medium,6.5
E00003033,C001798,2023-02-28,Outage,medium,9.8
E00003034,C001798,2025-05-15,Bug,medium,17.1
E00003035,C001799,2025-10-27,How-to,low,7.5
E00003036,C001799,2024-05-31,How-to,high,37.9
E00003037,C001800,2025-01-14,Outage,high,5.1
E00003038,C001800,2025-11-07,Billing,high,20.5
E00003039,C001800,2025-05-06,Feature Request,low,5.0
E00003040,C001801,2025-07-07,Feature Request,medium,8.3
E00003041,C001802,2024-11-01,Bug,low,34.7
E00003042,C001802,2023-12-01,Feature Request,high,2.6
E00003043,C001803,2024-08-26,Bug,high,4.2
E00003044,C001804,2025-09-24,Billing,medium,83.4
E00003045,C001804,2024-11-30,Billing,medium,5.0
E00003046,C001805,2025-05-28,How-to,high,21.4
E00003047,C001805,2022-08-27,How-to,high,5.8
E00003048,C001806,2022-07-31,Outage,medium,27.8
E00003049,C001808,2025-09-08,Bug,medium,47.5
E00003050,C001808,2024-05-09,Outage,low,10.7
E00003051,C001809,2023-10-16,Feature Request,low,43.0
E00003052,C001809,2024-09-22,Feature Request,medium,14.5
E00003053,C001811,2025-10-06,Billing,medium,5.1
E00003054,C001812,2025-03-20,Bug,medium,18.5
E00003055,C001812,2024-11-24,Feature Request,low,53.9
E00003056,C001812,2024-11-21,Feature Request,low,9.8
E00003057,C001813,2024-09-10,How-to,low,25.7
E00003058,C001815,2025-11-14,Feature Request,medium,20.6
E00003059,C001815,2025-11-27,Bug,low,32.8
E00003060,C001815,2025-09-07,Billing,medium,35.6
E00003061,C001815,2025-07-15,How-to,low,11.2
E00003062,C001815,2025-11-29,Bug,critical,4.0
E00003063,C001816,2024-12-30,Bug,high,8.7
E00003064,C001817,2023-01-15,How-to,medium,44.7
E00003065,C001817,2023-06-14,Outage,medium,32.4
E00003066,C001817,2024-04-25,How-to,low,6.7
E00003067,C001818,2023-11-30,How-to,high,44.3
E00003068,C001818,2024-10-04,Bug,low,14.6
E00003069,C001818,2023-04-22,Bug,low,28.5
E00003070,C001818,2023-11-04,Bug,low,7.0
E00003071,C001819,2025-07-31,Billing,low,6.2
E00003072,C001820,2024-04-16,Outage,low,11.4
E00003073,C001820,2024-03-23,How-to,high,23.7
E00003074,C001820,2023-07-01,How-to,low,10.7
E00003075,C001821,2023-05-09,Feature Request,low,16.9
E00003076,C001821,2025-05-10,Bug,medium,6.5
E00003077,C001821,2025-12-15,Bug,high,3.6
E00003078,C001822,2025-09-14,Feature Request,low,4.8
E00003079,C001822,2025-04-17,Billing,low,25.2
E00003080,C001823,2024-06-09,Feature Request,high,13.5
E00003081,C001824,2025-12-08,Bug,high,7.1
E00003082,C001824,2025-10-22,Bug,high,7.5
E00003083,C001824,2025-06-19,Billing,high,9.3
E00003084,C001825,2025-10-03,How-to,high,21.1
E00003085,C001825,2025-10-04,Feature Request,medium,4.0
E00003086,C001827,2023-01-12,Billing,critical,5.2
E00003087,C001827,2023-05-18,Billing,low,14.3
E00003088,C001828,2025-11-27,How-to,low,34.8
E00003089,C001830,2025-11-22,Outage,high,17.5
E00003090,C001830,2025-11-23,Billing,low,4.5
E00003091,C001831,2023-10-29,Feature Request,low,50.0
E00003092,C001831,2025-08-02,Billing,low,24.3
E00003093,C001832,2025-11-16,Billing,low,6.2
E00003094,C001834,2024-04-17,Billing,medium,6.0
E00003095,C001834,2022-12-12,Outage,low,17.5
E00003096,C001834,2025-04-23,How-to,low,26.0
E00003097,C001834,2025-07-02,How-to,medium,24.4
E00003098,C001837,2025-11-29,Billing,critical,10.9
E00003099,C001838,2024-12-29,Billing,critical,39.9
E00003100,C001838,2025-11-03,How-to,low,6.3
E00003101,C001839,2023-05-08,Feature Request,medium,3.7
E00003102,C001840,2024-03-18,Bug,low,26.4
E00003103,C001841,2024-09-05,How-to,low,12.7
E00003104,C001843,2025-06-14,Billing,critical,15.4
E00003105,C001843,2025-07-24,Billing,high,6.9
E00003106,C001844,2025-06-10,Outage,high,4.8
E00003107,C001844,2025-10-22,Billing,critical,11.2
E00003108,C001844,2025-06-19,How-to,low,15.2
E00003109,C001845,2025-09-28,How-to,low,15.0
E00003110,C001845,2025-03-17,How-to,low,10.3
E00003111,C001845,2025-12-22,Outage,medium,12.5
E00003112,C001845,2025-07-02,Bug,medium,20.8
E00003113,C001846,2025-08-16,Bug,medium,25.6
E00003114,C001847,2024-03-07,Bug,medium,28.1
E00003115,C001847,2024-05-07,Billing,medium,9.4
E00003116,C001847,2024-05-07,Billing,medium,1.7
E00003117,C001847,2023-12-18,How-to,medium,4.2
E00003118,C001848,2025-09-25,Billing,medium,8.7
E00003119,C001849,2024-12-10,Feature Request,critical,16.4
E00003120,C001849,2025-09-23,Bug,low,22.9
E00003121,C001850,2025-06-17,Bug,medium,26.2
E00003122,C001850,2022-10-30,Billing,low,6.1
E00003123,C001851,2025-07-08,Billing,high,10.8
E00003124,C001851,2025-07-02,Feature Request,low,6.5
E00003125,C001851,2025-01-27,How-to,low,15.4
E00003126,C001852,2025-10-15,Billing,high,32.4
E00003127,C001853,2023-12-26,Bug,low,7.2
E00003128,C001854,2022-08-26,Feature Request,high,11.1
E00003129,C001856,2025-07-17,Billing,medium,30.3
E00003130,C001856,2025-10-29,Billing,low,46.2
E00003131,C001857,2024-08-29,Billing,high,48.5
E00003132,C001857,2023-06-29,Billing,medium,15.0
E00003133,C001858,2025-07-18,Outage,low,8.6
E00003134,C001858,2025-08-22,Billing,high,3.1
E00003135,C001858,2024-09-01,Outage,low,8.4
E00003136,C001858,2025-12-26,How-to,high,2.5
E00003137,C001860,2025-05-10,Billing,low,3.2
E00003138,C001860,2024-12-19,Bug,low,16.3
E00003139,C001861,2025-02-05,Billing,medium,40.2
E00003140,C001862,2025-05-01,How-to,low,18.8
E00003141,C001862,2024-06-07,Billing,high,10.8
E00003142,C001862,2025-01-13,Bug,low,3.9
E00003143,C001863,2025-05-25,Bug,high,9.4
E00003144,C001863,2025-08-06,Outage,high,7.0
E00003145,C001863,2025-10-14,Bug,high,6.2
E00003146,C001864,2025-05-05,Outage,low,48.3
E00003147,C001864,2024-11-29,How-to,high,7.3
E00003148,C001864,2024-11-16,How-to,low,20.6
E00003149,C001865,2025-07-30,Billing,medium,27.3
E00003150,C001865,2025-09-30,Bug,low,3.8
E00003151,C001865,2025-09-23,Billing,medium,8.9
E00003152,C001866,2025-07-28,Bug,low,12.5
E00003153,C001866,2025-03-04,Bug,high,15.6
E00003154,C001866,2025-10-12,Billing,low,28.3
E00003155,C001867,2025-07-31,How-to,low,11.8
E00003156,C001867,2024-02-26,Feature Request,medium,13.5
E00003157,C001867,2025-11-30,Feature Request,low,4.2
E00003158,C001868,2025-03-07,How-to,low,5.5
E00003159,C001869,2025-11-20,How-to,high,10.3
E00003160,C001869,2025-12-19,Billing,high,3.9
E00003161,C001871,2025-05-09,Bug,low,13.3
E00003162,C001871,2022-10-08,How-to,medium,13.0
E00003163,C001871,2022-04-29,Bug,low,3.3
E00003164,C001872,2024-07-25,Bug,medium,59.6
E00003165,C001872,2025-08-23,How-to,medium,9.0
E00003166,C001872,2024-03-02,Feature Request,low,11.1
E00003167,C001873,2024-10-14,Outage,high,28.2
E00003168,C001873,2025-03-04,How-to,low,24.0
E00003169,C001873,2024-11-18,How-to,low,19.4
E00003170,C001874,2025-12-26,How-to,medium,26.1
E00003171,C001875,2025-03-28,How-to,high,9.7
E00003172,C001876,2025-03-18,Billing,low,24.6
E00003173,C001877,2023-03-30,How-to,low,14.8
E00003174,C001877,2023-06-29,How-to,low,27.7
E00003175,C001877,2024-01-05,How-to,medium,8.9
E00003176,C001877,2024-01-25,How-to,medium,23.6
E00003177,C001878,2025-10-17,Bug,low,8.0
E00003178,C001878,2025-08-27,How-to,medium,10.3
E00003179,C001879,2025-03-02,Feature Request,low,14.3
E00003180,C001880,2025-08-09,How-to,high,25.9
E00003181,C001880,2025-03-14,Billing,critical,9.0
E00003182,C001880,2023-11-17,How-to,medium,4.7
E00003183,C001880,2022-12-17,How-to,medium,10.4
E00003184,C001881,2023-07-06,Feature Request,low,3.2
E00003185,C001881,2024-09-13,How-to,low,5.2
E00003186,C001884,2025-07-07,How-to,low,8.4
E00003187,C001884,2025-09-11,How-to,high,9.2
E00003188,C001884,2025-05-18,Bug,high,3.3
E00003189,C001884,2025-11-09,How-to,low,33.4
E00003190,C001884,2025-05-21,Bug,medium,16.7
E00003191,C001885,2024-11-26,Billing,low,11.3
E00003192,C001886,2022-10-11,Feature Request,medium,20.4
E00003193,C001886,2025-07-13,Bug,high,3.6
E00003194,C001888,2025-08-26,Billing,low,10.9
E00003195,C001888,2024-08-12,Bug,low,7.0
E00003196,C001888,2024-09-22,Billing,medium,18.1
E00003197,C001888,2025-05-05,Billing,high,18.2
E00003198,C001889,2023-10-29,Bug,medium,7.6
E00003199,C001889,2025-03-25,Feature Request,medium,7.2
E00003200,C001890,2025-08-24,Billing,high,9.9
E00003201,C001891,2024-05-06,Billing,low,12.6
E00003202,C001891,2025-11-13,Feature Request,low,8.9
E00003203,C001892,2024-03-16,Outage,medium,46.7
E00003204,C001892,2024-10-28,Billing,low,13.0
E00003205,C001893,2025-09-22,Bug,low,3.4
E00003206,C001894,2024-12-08,Billing,high,48.7
E00003207,C001895,2022-12-07,Bug,medium,12.4
E00003208,C001896,2025-09-03,Billing,medium,34.8
E00003209,C001896,2025-06-09,Billing,low,22.2
E00003210,C001896,2025-05-18,Feature Request,low,9.1
E00003211,C001896,2025-08-10,Billing,low,35.7
E00003212,C001896,2025-12-17,How-to,high,39.4
E00003213,C001897,2024-06-15,Billing,low,19.7
E00003214,C001897,2025-08-19,Billing,low,20.7
E00003215,C001898,2025-08-07,Billing,low,2.5
E00003216,C001898,2025-11-16,Outage,low,10.2
E00003217,C001898,2025-07-13,Bug,low,46.1
E00003218,C001898,2025-06-10,How-to,high,8.1
E00003219,C001899,2025-08-31,How-to,low,12.6
E00003220,C001900,2025-05-29,Outage,low,19.1
E00003221,C001901,2024-12-27,Feature Request,medium,17.7
E00003222,C001901,2025-05-22,How-to,high,12.5
E00003223,C001902,2025-10-29,How-to,low,5.6
E00003224,C001903,2025-08-21,Bug,low,3.5
E00003225,C001903,2025-04-02,How-to,low,59.7
E00003226,C001904,2023-05-30,Feature Request,high,22.1
E00003227,C001904,2025-06-12,Billing,high,27.8
E00003228,C001904,2023-12-20,How-to,medium,13.8
E00003229,C001905,2024-08-19,Feature Request,medium,7.5
E00003230,C001905,2025-03-09,How-to,low,29.4
E00003231,C001906,2025-07-18,How-to,medium,16.7
E00003232,C001906,2025-01-17,How-to,medium,3.3
E00003233,C001906,2023-03-07,Billing,low,8.4
E00003234,C001906,2025-07-04,Billing,high,14.3
E00003235,C001906,2023-10-28,Outage,high,34.8
E00003236,C001906,2025-06-01,Feature Request,low,28.9
E00003237,C001907,2025-08-20,How-to,low,5.7
E00003238,C001908,2023-03-17,Billing,low,16.8
E00003239,C001908,2023-07-29,Feature Request,medium,6.7
E00003240,C001908,2025-03-25,Bug,medium,6.4
E00003241,C001908,2024-10-27,How-to,low,14.9
E00003242,C001909,2024-11-06,How-to,critical,7.3
E00003243,C001909,2022-10-10,Bug,low,31.0
E00003244,C001909,2022-12-26,Billing,medium,10.8
E00003245,C001910,2025-12-01,Bug,low,30.5
E00003246,C001910,2025-12-26,Bug,medium,6.0
E00003247,C001912,2025-11-22,Billing,medium,2.8
E00003248,C001912,2025-07-13,Feature Request,low,16.2
E00003249,C001912,2025-11-13,How-to,critical,16.1
E00003250,C001913,2023-08-06,Outage,low,16.7
E00003251,C001913,2024-01-17,How-to,medium,64.3
E00003252,C001914,2025-11-19,How-to,high,33.9
E00003253,C001915,2024-09-26,Billing,low,8.5
E00003254,C001915,2025-10-22,How-to,high,4.7
E00003255,C001916,2024-05-04,Bug,medium,19.9
E00003256,C001917,2024-07-16,Billing,critical,17.2
E00003257,C001918,2024-09-09,How-to,high,28.8
E00003258,C001919,2025-06-09,How-to,medium,2.8
E00003259,C001920,2025-04-07,Outage,medium,2.4
E00003260,C001920,2025-05-13,Feature Request,high,6.8
E00003261,C001921,2024-05-13,Outage,low,8.5
E00003262,C001922,2024-03-21,How-to,low,37.6
E00003263,C001922,2025-10-10,Bug,high,4.3
E00003264,C001923,2025-06-09,Billing,low,7.0
E00003265,C001923,2025-07-27,How-to,medium,7.8
E00003266,C001924,2024-10-11,Bug,high,3.9
E00003267,C001925,2024-08-31,Billing,critical,10.9
E00003268,C001925,2025-02-08,Billing,low,10.6
E00003269,C001927,2025-07-20,Bug,low,4.4
E00003270,C001927,2023-07-04,How-to,medium,5.5
E00003271,C001927,2023-06-19,Billing,low,15.3
E00003272,C001927,2024-10-20,How-to,low,5.0
E00003273,C001927,2024-06-09,Bug,medium,14.1
E00003274,C001928,2024-05-20,Billing,medium,16.9
E00003275,C001928,2025-01-23,Billing,critical,8.4
E00003276,C001929,2023-03-17,Feature Request,critical,8.0
E00003277,C001929,2022-12-09,How-to,medium,8.7
E00003278,C001929,2023-04-11,Feature Request,medium,27.8
E00003279,C001929,2023-03-27,Outage,high,10.6
E00003280,C001929,2022-12-01,How-to,low,25.0
E00003281,C001930,2025-12-22,Billing,critical,7.7
E00003282,C001931,2024-12-14,Outage,medium,28.0
E00003283,C001932,2025-05-05,How-to,high,13.1
E00003284,C001933,2025-09-30,Feature Request,medium,15.3
E00003285,C001935,2022-07-30,How-to,medium,9.0
E00003286,C001936,2025-01-21,How-to,low,7.9
E00003287,C001936,2023-03-05,Outage,medium,7.2
E00003288,C001937,2024-01-16,Feature Request,high,47.3
E00003289,C001937,2023-11-23,Bug,medium,20.5
E00003290,C001938,2024-04-04,Billing,low,25.0
E00003291,C001938,2024-04-27,Billing,medium,7.7
E00003292,C001939,2025-12-22,How-to,low,8.8
E00003293,C001939,2025-11-21,Bug,medium,8.6
E00003294,C001940,2025-07-14,How-to,low,6.7
E00003295,C001940,2025-10-26,Billing,medium,7.6
E00003296,C001941,2023-02-24,How-to,low,37.2
E00003297,C001942,2025-08-30,Bug,low,11.2
E00003298,C001943,2025-10-26,Feature Request,low,5.9
E00003299,C001943,2025-06-08,Feature Request,medium,4.4
E00003300,C001945,2024-04-06,Bug,low,1.5
E00003301,C001947,2025-12-24,Bug,medium,62.6
E00003302,C001947,2025-09-21,Feature Request,low,2.8
E00003303,C001948,2025-10-03,Feature Request,medium,2.6
E00003304,C001948,2025-10-29,Outage,high,2.2
E00003305,C001949,2025-03-27,Bug,medium,17.5
E00003306,C001950,2024-09-29,Feature Request,medium,27.2
E00003307,C001951,2025-08-11,How-to,low,8.0
E00003308,C001951,2025-09-01,How-to,high,8.2
E00003309,C001951,2025-09-21,How-to,low,14.0
E00003310,C001952,2024-06-04,How-to,low,5.8
E00003311,C001952,2025-02-04,Bug,critical,16.8
E00003312,C001954,2023-12-01,Billing,medium,17.2
E00003313,C001954,2024-09-12,How-to,medium,11.4
E00003314,C001956,2025-08-02,How-to,high,4.4
E00003315,C001956,2025-04-25,Billing,medium,18.8
E00003316,C001956,2025-01-01,Bug,low,21.0
E00003317,C001957,2025-04-22,How-to,low,10.0
E00003318,C001958,2024-08-01,Outage,low,18.6
E00003319,C001959,2025-02-07,Outage,medium,5.9
E00003320,C001959,2024-09-01,Bug,medium,6.0
E00003321,C001960,2023-08-16,Bug,high,6.7
E00003322,C001960,2024-07-06,How-to,medium,12.1
E00003323,C001961,2025-05-05,How-to,medium,14.0
E00003324,C001961,2025-08-08,Billing,medium,24.0
E00003325,C001963,2025-04-13,Feature Request,low,61.9
E00003326,C001963,2023-12-24,Billing,medium,13.9
E00003327,C001964,2025-08-08,How-to,medium,6.1
E00003328,C001965,2025-03-19,How-to,high,7.0
E00003329,C001965,2025-08-31,Bug,high,55.9
E00003330,C001967,2025-11-12,Billing,critical,10.2
E00003331,C001968,2024-09-23,Outage,medium,16.2
E00003332,C001968,2025-01-29,How-to,critical,19.0
E00003333,C001969,2025-09-07,How-to,medium,16.0
E00003334,C001969,2025-05-22,Bug,high,8.8
E00003335,C001971,2025-10-22,How-to,high,2.1
E00003336,C001971,2025-08-08,How-to,low,2.2
E00003337,C001971,2025-08-10,Billing,high,2.5
E00003338,C001971,2025-04-06,Feature Request,high,16.0
E00003339,C001972,2025-12-14,Bug,high,51.8
E00003340,C001972,2025-08-13,How-to,high,3.6
E00003341,C001973,2024-12-07,How-to,high,3.6
E00003342,C001973,2024-11-29,Billing,low,6.4
E00003343,C001973,2024-11-07,Billing,medium,8.1
E00003344,C001974,2023-11-01,Outage,low,4.0
E00003345,C001974,2023-10-22,Bug,high,15.5
E00003346,C001975,2025-02-26,Bug,medium,5.0
E00003347,C001976,2025-11-18,Feature Request,low,8.2
E00003348,C001977,2025-11-05,Billing,high,7.1
E00003349,C001977,2025-09-20,Billing,medium,7.6
E00003350,C001978,2024-02-27,How-to,low,22.8
E00003351,C001978,2025-10-21,Outage,medium,5.5
E00003352,C001979,2022-07-20,Billing,medium,56.0
E00003353,C001979,2022-04-04,Bug,low,18.6
E00003354,C001980,2025-07-01,Billing,medium,13.2
E00003355,C001980,2025-06-13,Outage,low,35.2
E00003356,C001980,2025-11-28,Outage,high,7.0
E00003357,C001981,2024-11-09,Billing,high,23.0
E00003358,C001981,2025-01-03,Outage,high,10.0
E00003359,C001982,2025-06-22,Bug,low,8.1
E00003360,C001983,2024-05-26,How-to,high,6.9
E00003361,C001983,2023-10-11,How-to,medium,19.0
E00003362,C001984,2024-12-23,Billing,medium,7.7
E00003363,C001984,2025-02-12,Billing,medium,18.3
E00003364,C001984,2024-12-22,How-to,medium,7.4
E00003365,C001984,2025-02-16,Billing,low,3.7
E00003366,C001984,2025-02-17,Billing,low,83.5
E00003367,C001984,2025-01-28,How-to,medium,13.5
E00003368,C001985,2025-02-10,Billing,medium,6.5
E00003369,C001985,2025-09-01,How-to,medium,10.0
E00003370,C001985,2024-09-07,Billing,low,35.6
E00003371,C001986,2025-06-10,Feature Request,low,3.1
E00003372,C001988,2024-01-26,Billing,critical,3.6
E00003373,C001988,2023-03-26,Bug,high,6.0
E00003374,C001988,2023-01-31,Feature Request,low,10.4
E00003375,C001988,2025-03-24,How-to,low,23.5
E00003376,C001988,2024-09-04,How-to,low,7.2
E00003377,C001988,2024-06-08,Billing,low,29.6
E00003378,C001989,2025-01-05,Bug,medium,11.5
E00003379,C001991,2025-06-05,Billing,low,4.7
E00003380,C001991,2025-08-02,Feature Request,medium,12.8
E00003381,C001992,2023-12-22,Outage,medium,58.9
E00003382,C001992,2024-01-14,How-to,critical,8.9
E00003383,C001992,2023-11-22,Bug,high,9.1
E00003384,C001993,2025-11-05,How-to,low,57.3
E00003385,C001994,2024-07-31,How-to,high,11.0
E00003386,C001995,2025-08-20,Feature Request,low,33.7
E00003387,C001995,2025-09-06,How-to,low,5.6
E00003388,C001996,2022-07-21,Feature Request,medium,31.4
E00003389,C001996,2022-11-29,Billing,medium,4.6
E00003390,C001996,2025-06-28,Feature Request,medium,19.6
E00003391,C001997,2024-03-21,How-to,low,6.3
E00003392,C001997,2024-09-25,Outage,medium,9.5
E00003393,C001997,2024-07-30,Billing,low,26.6
E00003394,C001997,2024-11-02,Billing,low,3.7
E00003395,C001997,2025-01-25,Bug,medium,14.7
E00003396,C001999,2025-05-29,Bug,high,8.0
E00003397,C001999,2024-12-24,Billing,low,3.5
E00003398,C002000,2024-09-29,Bug,high,1.1
E00003399,C002000,2023-02-07,Feature Request,medium,39.8
E00003400,C002001,2025-09-18,How-to,high,9.4
E00003401,C002001,2025-09-01,Bug,medium,19.7
E00003402,C002002,2024-03-08,Bug,low,18.5
E00003403,C002004,2024-03-18,Billing,low,18.9
E00003404,C002005,2025-05-05,Feature Request,medium,7.3
E00003405,C002007,2023-11-28,Feature Request,medium,29.0
E00003406,C002007,2025-08-02,Bug,high,13.3
E00003407,C002008,2023-05-20,Outage,medium,21.5
E00003408,C002008,2023-11-19,Billing,critical,5.8
E00003409,C002008,2025-10-12,Billing,critical,28.1
E00003410,C002008,2024-11-15,How-to,critical,21.0
E00003411,C002008,2025-11-05,Billing,high,20.2
E00003412,C002009,2025-02-25,How-to,low,5.9
E00003413,C002010,2025-07-04,Billing,low,13.2
E00003414,C002010,2024-11-02,How-to,low,25.0
E00003415,C002010,2025-11-12,How-to,medium,29.1
E00003416,C002011,2025-06-21,Billing,medium,14.6
E00003417,C002012,2024-06-11,How-to,high,2.7
E00003418,C002012,2023-10-30,How-to,high,25.0
E00003419,C002012,2023-07-25,How-to,high,30.8
E00003420,C002013,2025-08-06,Outage,low,9.3
E00003421,C002014,2025-12-25,Feature Request,medium,8.8
E00003422,C002014,2025-12-24,Billing,medium,15.6
E00003423,C002014,2025-12-30,Bug,high,37.9
E00003424,C002014,2025-10-04,How-to,low,20.6
E00003425,C002015,2025-03-07,How-to,high,12.3
E00003426,C002016,2023-04-25,Feature Request,low,5.9
E00003427,C002016,2025-12-04,How-to,low,14.2
E00003428,C002017,2024-09-28,Billing,medium,53.9
E00003429,C002017,2024-08-05,Bug,high,9.6
E00003430,C002018,2025-03-22,Billing,high,6.1
E00003431,C002019,2025-09-01,Billing,high,17.7
E00003432,C002019,2024-12-30,Feature Request,low,8.4
E00003433,C002020,2023-12-04,Billing,high,23.9
E00003434,C002021,2023-07-23,How-to,medium,18.8
E00003435,C002021,2025-06-22,Billing,low,6.2
E00003436,C002021,2024-03-06,Feature Request,medium,8.7
E00003437,C002021,2025-10-03,Feature Request,low,10.1
E00003438,C002021,2023-06-15,How-to,low,6.1
E00003439,C002022,2025-12-18,Bug,low,32.1
E00003440,C002022,2024-11-16,How-to,high,7.9
E00003441,C002023,2024-12-16,Outage,high,9.7
E00003442,C002023,2025-01-14,Billing,low,9.6
E00003443,C002024,2024-05-23,Bug,medium,7.6
E00003444,C002024,2024-12-29,Billing,high,4.6
E00003445,C002024,2025-11-06,Billing,medium,7.8
E00003446,C002026,2024-09-02,Billing,low,11.9
E00003447,C002027,2025-09-03,Bug,low,17.0
E00003448,C002027,2025-01-08,Billing,high,16.9
E00003449,C002028,2025-12-07,How-to,high,11.0
E00003450,C002030,2023-08-13,Billing,high,53.7
E00003451,C002031,2025-10-29,Bug,low,10.2
E00003452,C002032,2023-09-01,How-to,low,13.1
E00003453,C002033,2023-11-06,Billing,low,29.3
E00003454,C002033,2024-03-24,Outage,low,13.4
E00003455,C002034,2024-10-23,Billing,high,12.9
E00003456,C002035,2025-11-16,How-to,high,13.9
E00003457,C002035,2025-12-28,Bug,medium,134.6
E00003458,C002035,2025-11-24,How-to,low,29.6
E00003459,C002035,2025-12-03,Outage,high,28.8
E00003460,C002036,2025-10-18,Outage,low,10.8
E00003461,C002036,2025-07-25,How-to,low,71.1
E00003462,C002037,2024-10-08,Outage,medium,28.7
E00003463,C002037,2025-01-20,Feature Request,high,11.1
E00003464,C002037,2024-11-01,Feature Request,critical,18.3
E00003465,C002037,2024-09-24,How-to,medium,8.3
E00003466,C002037,2025-02-15,Outage,medium,9.2
E00003467,C002038,2025-03-11,Outage,medium,14.4
E00003468,C002038,2023-05-11,Outage,low,14.2
E00003469,C002039,2025-12-19,Billing,low,33.0
E00003470,C002039,2025-12-23,Bug,low,8.2
E00003471,C002039,2025-12-23,Outage,low,24.4
E00003472,C002039,2025-12-10,Billing,low,11.6
E00003473,C002040,2024-01-31,Bug,low,8.9
E00003474,C002041,2025-09-27,Outage,low,6.5
E00003475,C002042,2025-11-10,How-to,medium,2.3
E00003476,C002043,2025-01-21,Bug,medium,9.7
E00003477,C002045,2025-07-26,Bug,high,11.4
E00003478,C002047,2024-10-30,Outage,low,44.9
E00003479,C002047,2024-10-21,Bug,low,9.5
E00003480,C002047,2025-06-27,How-to,medium,15.2
E00003481,C002047,2025-12-15,Billing,low,12.4
E00003482,C002048,2024-04-21,Billing,medium,29.8
E00003483,C002048,2024-04-09,Billing,high,22.1
E00003484,C002049,2025-08-11,Bug,low,6.3
E00003485,C002049,2025-08-12,Billing,high,11.5
E00003486,C002051,2024-10-29,Feature Request,high,15.4
E00003487,C002051,2025-12-15,Bug,low,6.1
E00003488,C002052,2024-08-15,How-to,low,15.9
E00003489,C002052,2025-09-22,How-to,low,9.7
E00003490,C002053,2024-11-15,How-to,low,18.1
E00003491,C002053,2023-10-09,Bug,low,26.7
E00003492,C002054,2025-09-22,How-to,low,32.8
E00003493,C002054,2025-11-10,Billing,low,10.0
E00003494,C002055,2025-08-28,How-to,high,21.2
E00003495,C002055,2025-07-03,Billing,low,2.2
E00003496,C002055,2025-01-07,Feature Request,critical,12.3
E00003497,C002056,2023-11-09,Outage,high,6.7
E00003498,C002056,2024-01-21,Bug,low,27.6
E00003499,C002056,2024-06-21,Feature Request,low,8.5
E00003500,C002056,2023-06-17,Billing,high,17.0
E00003501,C002057,2025-01-18,Billing,low,40.6
E00003502,C002057,2025-04-27,Billing,critical,8.0
E00003503,C002059,2024-09-28,Billing,high,9.1
E00003504,C002059,2023-10-13,How-to,medium,9.5
E00003505,C002059,2023-08-02,Outage,medium,7.8
E00003506,C002059,2023-08-28,How-to,low,19.3
E00003507,C002059,2023-08-27,Bug,medium,8.4
E00003508,C002059,2023-11-12,How-to,low,45.7
E00003509,C002060,2025-04-12,Bug,low,16.4
E00003510,C002060,2024-01-30,Outage,medium,14.4
E00003511,C002061,2025-11-27,Billing,high,27.9
E00003512,C002061,2025-09-03,Feature Request,high,48.2
E00003513,C002061,2025-08-16,Bug,medium,7.1
E00003514,C002061,2025-12-10,Bug,low,24.9
E00003515,C002061,2025-08-26,How-to,medium,7.8
E00003516,C002062,2025-07-29,How-to,high,29.3
E00003517,C002062,2025-12-18,Bug,medium,6.9
E00003518,C002063,2024-09-03,Billing,medium,20.0
E00003519,C002064,2025-08-25,Billing,medium,4.0
E00003520,C002064,2025-08-31,How-to,low,20.3
E00003521,C002064,2025-11-02,Outage,medium,25.6
E00003522,C002065,2024-11-16,Billing,medium,5.6
E00003523,C002066,2025-06-14,Billing,medium,54.4
E00003524,C002066,2024-09-28,How-to,low,7.0
E00003525,C002066,2025-11-02,Billing,medium,10.0
E00003526,C002067,2024-11-02,Billing,critical,25.8
E00003527,C002069,2024-08-01,Billing,high,9.3
E00003528,C002070,2024-12-05,Bug,medium,5.6
E00003529,C002071,2023-10-12,How-to,medium,9.8
E00003530,C002072,2024-11-03,Bug,low,34.9
E00003531,C002073,2023-08-11,Bug,low,5.5
E00003532,C002073,2023-09-06,How-to,low,4.3
E00003533,C002074,2025-12-03,Billing,medium,4.5
E00003534,C002076,2024-05-22,Billing,low,21.2
E00003535,C002076,2024-06-10,How-to,medium,4.6
E00003536,C002077,2024-10-07,Bug,high,5.5
E00003537,C002077,2024-09-14,Billing,medium,5.7
E00003538,C002077,2025-04-17,Outage,medium,4.3
E00003539,C002079,2023-05-31,Bug,medium,3.4
E00003540,C002079,2023-02-28,Feature Request,medium,9.8
E00003541,C002080,2024-02-03,Billing,medium,20.0
E00003542,C002082,2023-02-10,Bug,medium,10.4
E00003543,C002082,2023-08-26,Outage,medium,6.2
E00003544,C002084,2024-09-23,Feature Request,medium,18.9
E00003545,C002084,2024-12-23,Feature Request,low,10.9
E00003546,C002085,2023-05-06,Outage,low,8.4
E00003547,C002085,2023-07-04,How-to,low,16.7
E00003548,C002085,2024-07-12,Billing,high,8.8
E00003549,C002086,2025-10-28,How-to,medium,9.4
E00003550,C002087,2024-11-28,Billing,low,12.8
E00003551,C002087,2025-01-15,Billing,low,10.6
E00003552,C002088,2025-03-25,Billing,low,18.7
E00003553,C002088,2024-12-05,Bug,medium,9.5
E00003554,C002089,2024-10-20,Outage,high,3.1
E00003555,C002090,2025-09-12,How-to,high,26.3
E00003556,C002091,2025-11-16,Billing,high,81.8
E00003557,C002092,2023-08-09,Bug,medium,6.3
E00003558,C002092,2024-06-28,Bug,medium,37.0
E00003559,C002092,2023-05-11,How-to,medium,19.0
E00003560,C002092,2023-12-22,Billing,high,15.5
E00003561,C002093,2025-04-06,How-to,high,3.7
E00003562,C002094,2023-01-05,Feature Request,medium,6.1
E00003563,C002094,2025-12-10,Feature Request,low,6.4
E00003564,C002094,2025-08-13,Billing,low,15.6
E00003565,C002094,2025-12-18,Feature Request,high,16.5
E00003566,C002094,2024-12-05,Bug,medium,18.4
E00003567,C002094,2024-06-18,Billing,high,26.5
E00003568,C002094,2023-11-28,Outage,medium,13.5
E00003569,C002095,2023-09-02,Bug,low,18.6
E00003570,C002095,2024-01-19,Outage,low,9.8
E00003571,C002095,2023-12-20,Billing,low,7.6
E00003572,C002096,2025-09-01,Billing,high,11.9
E00003573,C002097,2025-11-06,Feature Request,medium,39.5
E00003574,C002097,2025-10-11,How-to,high,2.1
E00003575,C002098,2025-10-01,Bug,medium,14.7
E00003576,C002098,2025-11-10,Billing,medium,36.0
E00003577,C002099,2025-09-01,Billing,low,7.7
E00003578,C002100,2025-06-23,Billing,low,15.5
E00003579,C002100,2024-09-25,Billing,low,7.6
E00003580,C002100,2023-11-28,Outage,medium,46.9
E00003581,C002100,2023-08-17,Bug,high,3.1
E00003582,C002101,2025-09-21,Billing,high,9.7
E00003583,C002101,2025-11-30,Bug,low,4.8
E00003584,C002101,2025-10-24,Billing,low,37.4
E00003585,C002101,2025-10-25,How-to,high,6.9
E00003586,C002102,2025-07-31,How-to,high,10.6
E00003587,C002102,2024-10-25,Billing,low,7.1
E00003588,C002102,2025-10-17,Bug,low,39.7
E00003589,C002103,2023-01-10,Billing,low,8.7
E00003590,C002103,2025-12-02,How-to,medium,14.0
E00003591,C002104,2024-04-10,How-to,medium,16.8
E00003592,C002106,2025-03-21,Billing,medium,7.1
E00003593,C002107,2025-05-18,How-to,low,7.6
E00003594,C002107,2025-03-13,Bug,medium,4.0
E00003595,C002109,2025-10-29,Bug,critical,3.6
E00003596,C002109,2025-03-10,How-to,low,10.3
E00003597,C002109,2024-09-06,Feature Request,low,4.6
E00003598,C002114,2025-09-26,Billing,high,5.1
E00003599,C002115,2025-06-20,How-to,medium,6.7
E00003600,C002115,2025-12-16,How-to,low,20.0
E00003601,C002116,2025-01-10,Bug,medium,22.5
E00003602,C002116,2023-11-09,Feature Request,high,16.0
E00003603,C002116,2023-02-05,Feature Request,high,17.0
E00003604,C002117,2025-11-17,How-to,low,14.7
E00003605,C002117,2025-11-16,Billing,low,13.3
E00003606,C002118,2024-05-26,Billing,low,16.2
E00003607,C002118,2024-07-14,Outage,medium,13.5
E00003608,C002119,2024-11-04,Bug,high,5.4
E00003609,C002119,2024-06-20,Bug,low,22.6
E00003610,C002119,2024-03-25,Feature Request,high,13.4
E00003611,C002119,2024-05-31,How-to,high,32.7
E00003612,C002120,2024-11-10,How-to,low,7.8
E00003613,C002121,2025-12-18,Feature Request,low,10.2
E00003614,C002122,2025-11-24,Bug,low,3.9
E00003615,C002122,2025-11-15,Outage,critical,2.2
E00003616,C002123,2024-11-19,Feature Request,critical,3.3
E00003617,C002123,2024-08-03,Bug,high,6.0
E00003618,C002123,2024-11-13,Outage,medium,5.4
E00003619,C002124,2024-06-07,Outage,high,35.4
E00003620,C002125,2025-01-07,Outage,critical,6.6
E00003621,C002126,2024-10-19,Feature Request,low,50.2
E00003622,C002126,2023-05-05,How-to,low,5.2
E00003623,C002127,2023-12-04,Bug,high,40.9
E00003624,C002127,2024-01-15,How-to,medium,5.3
E00003625,C002128,2025-01-17,How-to,medium,3.6
E00003626,C002128,2025-09-30,How-to,medium,19.5
E00003627,C002128,2025-03-20,Bug,low,14.1
E00003628,C002128,2025-07-16,Bug,high,4.6
E00003629,C002128,2025-04-29,Billing,medium,17.9
E00003630,C002130,2024-10-06,How-to,medium,4.3
E00003631,C002131,2025-05-22,Bug,low,38.3
E00003632,C002132,2025-11-29,Feature Request,high,34.9
E00003633,C002132,2025-11-13,How-to,medium,15.2
E00003634,C002133,2024-10-14,Bug,medium,20.2
E00003635,C002133,2024-07-30,Billing,medium,7.7
E00003636,C002133,2025-05-11,How-to,low,23.4
E00003637,C002134,2025-09-07,How-to,low,5.9
E00003638,C002135,2025-05-27,Bug,high,8.0
E00003639,C002135,2024-03-28,Bug,high,12.2
E00003640,C002135,2025-07-15,How-to,low,29.5
E00003641,C002135,2024-09-08,Billing,high,11.9
E00003642,C002136,2025-09-04,Billing,high,8.8
E00003643,C002136,2025-08-22,Outage,low,11.4
E00003644,C002136,2024-09-20,Billing,high,14.0
E00003645,C002137,2025-05-05,How-to,low,14.7
E00003646,C002137,2025-12-02,Feature Request,high,9.8
E00003647,C002139,2024-04-13,Feature Request,low,10.0
E00003648,C002139,2024-12-11,Bug,high,6.7
E00003649,C002140,2024-06-16,Billing,low,11.6
E00003650,C002141,2024-09-30,Bug,medium,19.1
E00003651,C002141,2024-11-12,Feature Request,medium,9.1
E00003652,C002142,2025-12-12,Outage,low,22.4
E00003653,C002142,2025-09-10,Bug,low,12.5
E00003654,C002142,2025-12-27,How-to,low,41.2
E00003655,C002143,2025-11-03,How-to,medium,7.0
E00003656,C002144,2025-09-20,Bug,medium,11.3
E00003657,C002144,2025-01-27,Billing,medium,19.9
E00003658,C002147,2025-09-03,Outage,low,3.9
E00003659,C002148,2025-11-25,How-to,critical,5.2
E00003660,C002148,2025-10-01,Bug,low,4.5
E00003661,C002149,2025-10-21,Outage,medium,4.8
E00003662,C002150,2025-10-11,Outage,low,8.6
E00003663,C002150,2025-10-17,How-to,medium,17.6
E00003664,C002151,2023-04-19,Feature Request,critical,22.8
E00003665,C002151,2024-12-05,Billing,low,15.5
E00003666,C002151,2024-03-04,Bug,high,5.1
E00003667,C002152,2024-12-13,How-to,low,24.7
E00003668,C002152,2024-08-20,How-to,low,5.9
E00003669,C002152,2023-07-16,How-to,high,100.6
E00003670,C002152,2025-01-05,Feature Request,medium,8.8
E00003671,C002153,2025-11-19,Outage,low,21.8
E00003672,C002155,2025-02-10,How-to,low,31.8
E00003673,C002155,2024-11-12,How-to,low,5.3
E00003674,C002156,2025-09-21,How-to,high,2.9
E00003675,C002156,2025-12-28,How-to,low,34.2
E00003676,C002156,2025-08-15,Bug,medium,10.9
E00003677,C002156,2024-06-22,Bug,low,38.8
E00003678,C002157,2025-03-13,How-to,medium,7.3
E00003679,C002158,2024-08-29,How-to,high,24.6
E00003680,C002159,2025-07-03,Outage,medium,7.9
E00003681,C002159,2025-07-12,Billing,high,33.5
E00003682,C002159,2025-08-24,Outage,high,14.5
E00003683,C002161,2025-11-24,Billing,high,47.8
E00003684,C002162,2023-02-07,Billing,low,13.4
E00003685,C002163,2025-08-14,Bug,high,9.4
E00003686,C002163,2023-08-09,Outage,medium,11.5
E00003687,C002164,2025-08-01,Bug,low,5.0
E00003688,C002164,2025-09-06,Feature Request,low,26.9
E00003689,C002164,2025-09-08,How-to,medium,19.9
E00003690,C002165,2025-10-21,Billing,low,44.4
E00003691,C002165,2025-12-14,How-to,low,19.9
E00003692,C002165,2025-12-21,Billing,medium,23.9
E00003693,C002166,2025-10-07,Outage,high,19.2
E00003694,C002167,2024-02-06,How-to,low,6.5
E00003695,C002167,2024-05-02,Bug,high,11.2
E00003696,C002168,2025-07-06,Billing,medium,45.9
E00003697,C002168,2025-05-16,Billing,low,16.9
E00003698,C002168,2025-09-04,Bug,high,13.9
E00003699,C002169,2025-10-25,Billing,medium,5.2
E00003700,C002170,2025-11-23,Feature Request,low,5.1
E00003701,C002170,2025-12-09,Bug,low,3.2
E00003702,C002171,2025-05-26,Billing,low,10.1
E00003703,C002172,2025-06-13,Bug,low,7.3
E00003704,C002172,2025-03-14,Outage,low,16.9
E00003705,C002173,2025-12-01,How-to,high,3.9
E00003706,C002173,2025-12-06,Billing,medium,33.0
E00003707,C002174,2025-07-24,Bug,medium,3.6
E00003708,C002174,2025-02-27,Billing,low,43.1
E00003709,C002176,2025-11-12,Billing,critical,49.1
E00003710,C002176,2025-03-09,How-to,low,10.6
E00003711,C002176,2025-08-05,Feature Request,medium,17.8
E00003712,C002176,2025-02-10,Billing,medium,14.4
E00003713,C002177,2025-10-17,Bug,medium,8.5
E00003714,C002178,2024-05-21,Outage,critical,7.2
E00003715,C002180,2024-12-04,Billing,low,6.8
E00003716,C002181,2025-07-08,Billing,high,39.5
E00003717,C002181,2025-11-13,Billing,low,17.4
E00003718,C002183,2024-12-01,Feature Request,low,17.2
E00003719,C002184,2025-12-25,Bug,high,2.7
E00003720,C002184,2025-09-24,Billing,medium,17.4
E00003721,C002184,2025-02-02,Billing,high,10.2
E00003722,C002185,2024-09-02,Bug,medium,16.7
E00003723,C002186,2023-02-18,Bug,low,12.0
E00003724,C002186,2023-04-07,Billing,medium,18.7
E00003725,C002186,2023-03-22,Feature Request,low,15.2
E00003726,C002187,2024-12-23,How-to,medium,10.0
E00003727,C002187,2025-02-16,How-to,low,24.5
E00003728,C002188,2023-10-11,How-to,high,16.8
E00003729,C002189,2024-12-20,Billing,medium,20.7
E00003730,C002189,2025-12-31,Feature Request,medium,22.0
E00003731,C002189,2025-09-10,Outage,high,41.5
E00003732,C002189,2024-05-16,Billing,medium,6.9
E00003733,C002190,2024-08-21,Bug,low,4.4
E00003734,C002191,2025-07-01,How-to,low,3.4
E00003735,C002191,2024-07-18,Feature Request,medium,24.8
E00003736,C002191,2025-07-28,Billing,low,36.7
E00003737,C002191,2024-05-26,Billing,medium,33.0
E00003738,C002192,2024-02-07,Outage,medium,7.9
E00003739,C002193,2025-06-15,Feature Request,medium,0.7
E00003740,C002193,2025-03-20,Billing,medium,4.4
E00003741,C002194,2025-11-18,Bug,low,28.0
E00003742,C002196,2025-10-14,Bug,low,1.1
E00003743,C002196,2025-11-16,How-to,low,6.5
E00003744,C002197,2024-10-22,Outage,low,9.9
E00003745,C002197,2024-09-11,Billing,medium,7.8
E00003746,C002197,2024-06-04,How-to,high,53.7
E00003747,C002197,2024-12-04,Bug,medium,7.5
E00003748,C002198,2025-11-06,Bug,medium,5.9
E00003749,C002198,2025-07-03,Bug,medium,10.1
E00003750,C002198,2025-09-25,Billing,low,9.7
E00003751,C002198,2025-10-09,Bug,low,39.3
E00003752,C002198,2025-07-05,How-to,medium,6.1
E00003753,C002198,2025-11-22,Feature Request,high,6.3
E00003754,C002199,2024-05-16,Outage,low,6.2
E00003755,C002199,2025-01-10,Bug,low,6.1
E00003756,C002199,2024-05-18,Feature Request,high,7.1
E00003757,C002200,2022-12-18,Outage,low,15.9
E00003758,C002200,2025-05-07,Billing,high,4.0
E00003759,C002200,2023-09-10,Bug,critical,9.7
E00003760,C002200,2023-01-20,Outage,medium,3.3
E00003761,C002201,2024-05-07,Billing,medium,14.4
E00003762,C002201,2024-02-13,Feature Request,low,5.4
E00003763,C002202,2024-01-13,How-to,high,10.6
E00003764,C002202,2022-07-06,Bug,high,56.2
E00003765,C002204,2024-12-26,Feature Request,low,15.7
E00003766,C002206,2025-03-06,Bug,high,2.5
E00003767,C002206,2025-04-26,How-to,medium,10.1
E00003768,C002207,2023-12-23,How-to,low,25.5
E00003769,C002207,2025-09-08,Billing,medium,2.4
E00003770,C002209,2023-12-13,How-to,low,10.0
E00003771,C002210,2025-11-08,How-to,low,12.9
E00003772,C002210,2024-09-30,How-to,critical,9.3
E00003773,C002210,2023-01-10,How-to,low,17.6
E00003774,C002211,2025-10-06,Bug,low,86.1
E00003775,C002212,2025-02-24,Bug,high,15.2
E00003776,C002213,2025-07-14,Billing,medium,10.2
E00003777,C002213,2025-05-31,Billing,high,29.4
E00003778,C002213,2025-09-09,How-to,low,38.8
E00003779,C002214,2024-04-15,How-to,low,8.9
E00003780,C002214,2025-10-19,How-to,critical,6.7
E00003781,C002215,2025-10-19,Bug,low,33.7
E00003782,C002215,2022-10-17,Outage,high,39.1
E00003783,C002215,2025-05-13,Billing,low,14.1
E00003784,C002216,2023-12-17,Outage,medium,10.5
E00003785,C002217,2024-09-19,How-to,high,11.4
E00003786,C002217,2025-07-09,How-to,low,23.1
E00003787,C002218,2025-12-27,Bug,low,5.5
E00003788,C002218,2025-11-30,How-to,high,15.4
E00003789,C002219,2024-10-08,Bug,low,14.4
E00003790,C002220,2025-12-03,Bug,medium,17.2
E00003791,C002222,2025-07-23,How-to,low,11.1
E00003792,C002222,2023-01-30,How-to,low,3.1
E00003793,C002223,2025-01-21,Billing,low,13.9
E00003794,C002223,2023-04-15,Bug,medium,16.5
E00003795,C002223,2023-01-06,How-to,low,14.3
E00003796,C002223,2025-02-10,Bug,low,13.3
E00003797,C002223,2022-05-09,Billing,low,14.4
E00003798,C002225,2023-10-29,How-to,high,11.5
E00003799,C002225,2024-04-04,How-to,critical,7.9
E00003800,C002226,2025-03-04,Billing,low,24.5
E00003801,C002226,2025-02-11,Bug,medium,6.5
E00003802,C002227,2025-07-09,Billing,low,19.2
E00003803,C002227,2025-12-02,Feature Request,low,4.0
E00003804,C002227,2025-08-11,Billing,low,3.0
E00003805,C002228,2025-12-06,How-to,low,4.1
E00003806,C002228,2025-11-11,Bug,medium,21.6
E00003807,C002229,2024-01-20,How-to,high,16.4
E00003808,C002230,2025-11-20,Outage,low,44.4
E00003809,C002231,2025-01-15,Billing,medium,17.0
E00003810,C002232,2024-04-29,Bug,medium,8.6
E00003811,C002232,2022-04-14,Bug,medium,4.4
E00003812,C002233,2025-10-07,Feature Request,high,9.0
E00003813,C002233,2025-12-07,Billing,high,13.0
E00003814,C002234,2025-11-26,How-to,medium,3.0
E00003815,C002235,2024-10-21,How-to,medium,23.3
E00003816,C002235,2025-02-01,Billing,medium,25.2
E00003817,C002236,2025-10-19,Billing,low,11.4
E00003818,C002237,2025-07-16,How-to,high,67.4
E00003819,C002238,2025-01-04,How-to,medium,19.5
E00003820,C002239,2024-02-26,How-to,low,18.0
E00003821,C002239,2024-11-16,How-to,low,20.1
E00003822,C002240,2025-11-10,How-to,low,10.5
E00003823,C002241,2025-11-09,Outage,medium,16.2
E00003824,C002241,2024-11-28,How-to,low,7.0
E00003825,C002243,2025-10-02,Billing,medium,15.8
E00003826,C002243,2025-06-20,Outage,medium,8.4
E00003827,C002245,2025-03-10,Feature Request,high,20.7
E00003828,C002245,2025-08-23,Billing,high,5.8
E00003829,C002246,2025-09-21,Outage,medium,11.4
E00003830,C002246,2025-05-12,How-to,high,22.4
E00003831,C002246,2025-06-06,Outage,low,20.6
E00003832,C002247,2024-08-21,Feature Request,medium,7.2
E00003833,C002247,2025-02-26,How-to,medium,30.4
E00003834,C002247,2025-06-29,Bug,low,20.4
E00003835,C002248,2024-04-13,Bug,low,9.7
E00003836,C002248,2025-09-02,Outage,medium,10.6
E00003837,C002248,2022-10-14,Bug,high,20.0
E00003838,C002249,2023-05-14,Feature Request,low,31.2
E00003839,C002250,2024-03-25,How-to,low,33.0
E00003840,C002252,2024-11-09,Feature Request,low,22.6
E00003841,C002252,2025-01-23,Billing,high,25.7
E00003842,C002253,2023-01-26,Bug,low,29.9
E00003843,C002254,2025-10-18,Billing,low,7.7
E00003844,C002254,2025-02-24,Feature Request,low,20.7
E00003845,C002255,2023-05-21,How-to,medium,20.5
E00003846,C002256,2025-01-09,Billing,medium,47.0
E00003847,C002256,2025-04-22,Outage,medium,7.0
E00003848,C002258,2025-05-25,How-to,high,2.4
E00003849,C002259,2022-03-30,Outage,medium,18.3
E00003850,C002261,2023-03-16,How-to,low,46.0
E00003851,C002262,2025-12-13,Billing,medium,12.7
E00003852,C002262,2025-12-01,Feature Request,low,18.1
E00003853,C002262,2025-12-24,How-to,low,10.1
E00003854,C002263,2023-05-04,Feature Request,critical,3.3
E00003855,C002263,2025-08-23,Feature Request,low,30.4
E00003856,C002263,2023-11-15,Outage,critical,3.3
E00003857,C002263,2023-10-28,Billing,low,1.6
E00003858,C002265,2024-10-19,Bug,medium,6.3
E00003859,C002265,2025-07-12,Bug,critical,8.3
E00003860,C002266,2025-11-18,Bug,low,76.2
E00003861,C002266,2022-06-03,How-to,medium,40.5
E00003862,C002267,2025-02-15,How-to,low,19.5
E00003863,C002267,2024-10-17,Billing,low,9.5
E00003864,C002267,2024-09-22,Billing,low,10.5
E00003865,C002268,2025-11-15,Billing,high,4.9
E00003866,C002269,2024-09-02,Feature Request,high,8.8
E00003867,C002270,2025-10-30,Feature Request,medium,6.0
E00003868,C002271,2023-05-20,Feature Request,low,19.7
E00003869,C002271,2025-11-22,Billing,medium,6.4
E00003870,C002271,2024-11-05,Bug,high,12.3
E00003871,C002272,2023-05-02,Feature Request,low,4.1
E00003872,C002272,2023-07-15,Bug,low,11.3
E00003873,C002272,2023-09-06,Bug,high,20.2
E00003874,C002273,2023-06-19,Bug,critical,29.8
E00003875,C002273,2024-05-04,Bug,low,44.0
E00003876,C002274,2024-02-19,How-to,medium,9.3
E00003877,C002274,2024-10-23,Bug,low,8.5
E00003878,C002274,2024-07-07,Bug,medium,17.9
E00003879,C002274,2023-12-24,Billing,low,8.4
E00003880,C002275,2024-08-11,Billing,medium,5.9
E00003881,C002276,2025-07-08,Billing,low,47.1
E00003882,C002276,2023-10-19,Bug,medium,6.9
E00003883,C002277,2024-02-03,How-to,low,69.7
E00003884,C002278,2022-10-04,Outage,low,41.2
E00003885,C002280,2025-02-09,Bug,medium,11.0
E00003886,C002280,2025-10-14,Feature Request,high,29.4
E00003887,C002280,2025-11-15,Bug,high,19.6
E00003888,C002282,2024-09-23,How-to,low,4.3
E00003889,C002284,2025-05-17,How-to,high,13.3
E00003890,C002284,2025-04-04,Bug,low,22.2
E00003891,C002284,2025-11-18,Feature Request,low,22.7
E00003892,C002285,2025-03-18,Billing,medium,23.2
E00003893,C002285,2025-10-22,How-to,high,48.1
E00003894,C002285,2025-02-14,Billing,low,19.7
E00003895,C002287,2025-08-22,How-to,critical,2.4
E00003896,C002288,2025-09-16,Billing,high,9.8
E00003897,C002288,2025-11-20,Feature Request,low,4.4
E00003898,C002288,2025-06-16,How-to,low,8.5
E00003899,C002288,2025-10-05,Bug,medium,6.7
E00003900,C002290,2023-09-01,Billing,high,9.0
E00003901,C002291,2025-03-15,Feature Request,medium,32.2
E00003902,C002292,2023-12-08,Billing,high,4.3
E00003903,C002292,2024-02-16,Billing,high,11.3
E00003904,C002294,2025-12-31,How-to,medium,5.4
E00003905,C002294,2025-09-28,Outage,high,11.7
E00003906,C002295,2024-12-14,Billing,low,9.5
E00003907,C002295,2025-03-16,How-to,medium,4.4
E00003908,C002297,2022-12-11,How-to,low,15.3
E00003909,C002297,2023-02-21,Billing,high,21.3
E00003910,C002297,2022-10-20,Bug,high,24.9
E00003911,C002297,2022-11-11,Bug,high,17.0
E00003912,C002297,2022-09-03,How-to,medium,8.1
E00003913,C002297,2022-10-26,Feature Request,low,12.8
E00003914,C002298,2025-02-15,Bug,medium,5.1
E00003915,C002298,2025-08-31,Billing,low,12.5
E00003916,C002298,2024-06-07,Bug,medium,7.1
E00003917,C002300,2025-11-27,Feature Request,high,14.8
E00003918,C002300,2025-09-19,Billing,low,4.2
E00003919,C002300,2025-10-19,Feature Request,medium,26.3
E00003920,C002300,2025-11-18,Outage,medium,107.1
E00003921,C002300,2025-11-10,How-to,low,8.4
E00003922,C002300,2025-10-21,Feature Request,medium,16.2
E00003923,C002301,2023-03-10,Bug,low,24.3
E00003924,C002301,2023-12-24,Feature Request,critical,4.1
E00003925,C002302,2022-11-14,Feature Request,medium,4.2
E00003926,C002305,2025-12-25,Billing,medium,8.1
E00003927,C002306,2023-02-13,Billing,medium,9.3
E00003928,C002306,2022-07-21,Feature Request,high,19.4
E00003929,C002306,2023-01-16,How-to,medium,29.0
E00003930,C002306,2023-01-28,Billing,low,15.5
E00003931,C002306,2022-10-12,Feature Request,medium,41.4
E00003932,C002306,2022-08-24,Bug,low,7.7
E00003933,C002308,2025-06-23,How-to,high,2.7
E00003934,C002308,2022-09-07,Outage,low,18.8
E00003935,C002309,2025-10-31,Billing,medium,16.3
E00003936,C002310,2024-04-27,Bug,low,16.2
E00003937,C002311,2024-07-28,Billing,high,9.7
E00003938,C002311,2025-06-30,Bug,low,20.9
E00003939,C002311,2024-10-24,Outage,critical,4.4
E00003940,C002311,2025-05-25,Bug,low,1.2
E00003941,C002312,2025-01-19,Feature Request,medium,13.9
E00003942,C002313,2025-11-21,Feature Request,medium,21.4
E00003943,C002313,2025-07-04,Bug,medium,20.3
E00003944,C002313,2024-05-26,Bug,high,21.6
E00003945,C002313,2025-11-01,Billing,low,12.5
E00003946,C002314,2023-09-30,Billing,critical,42.2
E00003947,C002314,2023-02-23,How-to,high,5.2
E00003948,C002314,2022-07-26,Billing,low,4.3
E00003949,C002314,2022-11-22,How-to,medium,32.5
E00003950,C002314,2023-03-10,Billing,medium,36.1
E00003951,C002314,2022-04-22,Feature Request,medium,9.8
E00003952,C002315,2023-08-21,Feature Request,high,30.4
E00003953,C002315,2023-11-17,Outage,low,34.6
E00003954,C002318,2025-11-05,Outage,medium,19.5
E00003955,C002319,2025-11-05,Outage,medium,16.8
E00003956,C002320,2025-04-25,How-to,medium,9.4
E00003957,C002320,2025-04-12,How-to,low,10.0
E00003958,C002322,2025-05-18,Billing,medium,19.4
E00003959,C002322,2023-02-19,Billing,low,3.4
E00003960,C002322,2023-09-27,How-to,medium,16.8
E00003961,C002323,2024-10-16,Outage,low,13.7
E00003962,C002323,2023-11-15,How-to,low,20.3
E00003963,C002324,2025-12-19,Feature Request,medium,30.2
E00003964,C002325,2025-03-13,Billing,low,130.3
E00003965,C002327,2025-02-05,Bug,high,31.8
E00003966,C002327,2024-08-16,Bug,low,41.9
E00003967,C002327,2024-05-10,How-to,low,40.7
E00003968,C002328,2024-05-06,Billing,medium,11.3
E00003969,C002328,2022-09-10,How-to,medium,43.8
E00003970,C002328,2024-01-21,Bug,high,34.5
E00003971,C002329,2025-04-01,Billing,low,11.4
E00003972,C002330,2024-11-29,Outage,medium,11.9
E00003973,C002330,2025-04-08,Billing,high,1.9
E00003974,C002330,2025-02-23,How-to,medium,46.2
E00003975,C002331,2025-10-12,Billing,medium,14.0
E00003976,C002331,2023-10-04,How-to,medium,8.3
E00003977,C002333,2024-12-09,How-to,low,14.3
E00003978,C002334,2025-07-10,Billing,low,9.6
E00003979,C002334,2025-06-23,How-to,medium,3.9
E00003980,C002335,2024-06-29,How-to,medium,7.3
E00003981,C002336,2024-04-09,Bug,medium,4.8
E00003982,C002337,2025-11-05,Bug,medium,12.6
E00003983,C002337,2023-11-12,Feature Request,medium,19.8
E00003984,C002338,2025-07-25,Billing,low,31.4
E00003985,C002338,2025-04-29,How-to,medium,10.1
E00003986,C002339,2025-06-18,Billing,critical,9.1
E00003987,C002339,2023-06-27,Billing,low,47.1
E00003988,C002339,2024-06-20,Billing,low,4.8
E00003989,C002341,2025-06-23,Bug,medium,6.2
E00003990,C002341,2024-03-26,How-to,medium,27.2
E00003991,C002341,2024-04-19,How-to,high,7.5
E00003992,C002342,2025-04-20,Outage,high,67.3
E00003993,C002342,2025-07-04,Billing,medium,8.1
E00003994,C002342,2025-08-21,How-to,low,10.0
E00003995,C002343,2025-01-18,Billing,low,9.3
E00003996,C002344,2025-11-26,Billing,medium,7.7
E00003997,C002344,2025-05-17,Outage,medium,12.3
E00003998,C002345,2024-12-22,Billing,medium,30.3
E00003999,C002346,2025-02-01,Billing,low,6.1
E00004000,C002346,2023-05-24,Bug,low,7.3
E00004001,C002347,2023-08-31,Billing,high,27.5
E00004002,C002347,2023-09-18,Feature Request,low,34.9
E00004003,C002349,2024-08-22,Bug,low,12.2
E00004004,C002350,2025-05-13,How-to,low,6.7
E00004005,C002350,2025-10-16,Bug,high,16.9
E00004006,C002350,2024-01-05,Billing,high,3.9
E00004007,C002350,2024-01-07,Feature Request,high,8.4
E00004008,C002350,2025-05-03,Bug,high,8.8
E00004009,C002351,2025-05-09,Bug,low,3.5
E00004010,C002352,2025-03-17,How-to,low,6.4
E00004011,C002353,2024-11-26,Outage,critical,20.7
E00004012,C002353,2025-03-23,Feature Request,low,49.5
E00004013,C002354,2025-05-20,How-to,low,31.2
E00004014,C002354,2024-02-03,Outage,low,34.8
E00004015,C002355,2023-04-18,How-to,low,12.2
E00004016,C002355,2024-08-08,Feature Request,low,4.5
E00004017,C002355,2025-05-17,Feature Request,low,10.0
E00004018,C002356,2023-07-30,How-to,low,9.5
E00004019,C002358,2025-03-29,Bug,low,16.2
E00004020,C002358,2024-06-20,Feature Request,low,9.2
E00004021,C002359,2025-10-28,Billing,low,21.2
E00004022,C002360,2023-07-23,Bug,low,4.8
E00004023,C002360,2025-03-06,Billing,medium,7.6
E00004024,C002361,2025-12-29,Outage,medium,14.8
E00004025,C002362,2024-12-19,Feature Request,high,2.0
E00004026,C002362,2025-01-07,How-to,low,17.2
E00004027,C002362,2025-07-22,How-to,high,48.6
E00004028,C002363,2025-12-15,Bug,low,4.6
E00004029,C002363,2025-10-08,Outage,high,10.7
E00004030,C002364,2024-07-07,How-to,low,16.2
E00004031,C002364,2024-10-25,Bug,medium,7.8
E00004032,C002365,2025-07-04,Billing,low,8.3
E00004033,C002365,2025-05-12,Feature Request,low,18.6
E00004034,C002365,2024-12-27,Billing,medium,29.4
E00004035,C002366,2024-06-09,Billing,low,14.7
E00004036,C002366,2025-01-30,Feature Request,medium,29.6
E00004037,C002367,2023-06-28,Feature Request,low,5.3
E00004038,C002367,2023-07-23,Billing,low,13.0
E00004039,C002368,2023-08-10,Billing,low,24.5
E00004040,C002368,2024-06-15,Outage,high,12.2
E00004041,C002369,2025-08-21,Outage,medium,5.6
E00004042,C002369,2025-09-14,Feature Request,medium,12.4
E00004043,C002370,2024-05-16,Outage,medium,17.7
E00004044,C002370,2023-03-14,Billing,low,8.5
E00004045,C002370,2025-04-02,Outage,high,5.3
E00004046,C002371,2025-01-12,Bug,high,70.8
E00004047,C002372,2025-05-11,Feature Request,low,19.1
E00004048,C002373,2025-05-19,How-to,high,11.5
E00004049,C002374,2024-02-13,Bug,medium,6.3
E00004050,C002375,2024-12-14,Bug,low,1.5
E00004051,C002375,2024-09-27,Feature Request,high,8.2
E00004052,C002375,2025-02-23,How-to,medium,52.0
E00004053,C002376,2025-12-25,Bug,high,43.6
E00004054,C002378,2025-04-28,How-to,low,2.7
E00004055,C002379,2025-11-15,Bug,high,3.4
E00004056,C002382,2024-07-22,Bug,medium,9.9
E00004057,C002382,2025-06-09,How-to,low,18.1
E00004058,C002383,2025-09-06,Billing,low,8.4
E00004059,C002383,2025-12-10,Feature Request,medium,37.2
E00004060,C002384,2025-11-18,How-to,low,3.2
E00004061,C002385,2024-04-22,Outage,low,11.9
E00004062,C002385,2025-09-15,Feature Request,low,10.4
E00004063,C002385,2023-07-29,How-to,low,10.5
E00004064,C002386,2025-07-02,How-to,medium,9.7
E00004065,C002386,2025-10-18,How-to,medium,10.7
E00004066,C002386,2025-10-17,Feature Request,medium,32.4
E00004067,C002387,2025-12-27,How-to,critical,8.9
E00004068,C002387,2025-11-20,How-to,low,18.2
E00004069,C002387,2025-10-23,Bug,critical,14.1
E00004070,C002388,2025-12-09,Billing,high,10.5
E00004071,C002388,2025-10-29,Billing,critical,37.5
E00004072,C002390,2025-11-21,Billing,high,12.0
E00004073,C002391,2025-09-05,Bug,low,15.8
E00004074,C002391,2024-10-30,How-to,high,54.8
E00004075,C002391,2025-07-31,Bug,high,5.7
E00004076,C002392,2023-02-03,Billing,medium,12.8
E00004077,C002393,2025-08-10,Bug,medium,3.1
E00004078,C002393,2024-09-18,Feature Request,medium,15.6
E00004079,C002393,2025-11-16,Billing,high,19.5
E00004080,C002393,2024-11-11,Bug,low,10.1
E00004081,C002394,2025-05-08,Billing,low,19.2
E00004082,C002394,2023-04-10,How-to,medium,5.1
E00004083,C002394,2025-06-26,How-to,low,18.6
E00004084,C002395,2024-08-23,How-to,low,8.2
E00004085,C002398,2024-07-06,Feature Request,medium,16.4
E00004086,C002398,2023-11-29,How-to,high,7.3
E00004087,C002399,2024-03-15,Bug,low,19.7
E00004088,C002400,2025-02-03,How-to,medium,18.3
E00004089,C002401,2022-07-06,How-to,critical,2.5
E00004090,C002401,2024-03-12,Feature Request,low,10.2
E00004091,C002402,2024-12-03,Feature Request,medium,14.0
E00004092,C002402,2025-11-13,How-to,high,32.3
E00004093,C002402,2024-06-10,Bug,medium,9.6
E00004094,C002402,2025-05-14,How-to,low,18.5
E00004095,C002402,2024-05-13,Bug,high,5.3
E00004096,C002403,2025-03-08,Billing,critical,28.4
E00004097,C002403,2025-02-15,Bug,low,9.1
E00004098,C002404,2024-08-13,Billing,high,4.7
E00004099,C002405,2025-06-20,Billing,low,6.3
E00004100,C002405,2025-03-27,Billing,medium,7.1
E00004101,C002406,2025-07-12,How-to,critical,27.4
E00004102,C002406,2025-07-29,How-to,medium,31.2
E00004103,C002407,2025-03-25,Feature Request,high,6.3
E00004104,C002408,2024-12-07,Billing,low,8.8
E00004105,C002408,2025-01-09,How-to,medium,12.1
E00004106,C002409,2025-11-14,How-to,high,28.9
E00004107,C002409,2025-03-15,Billing,low,9.0
E00004108,C002409,2025-12-17,Billing,critical,51.1
E00004109,C002410,2023-08-05,Bug,low,119.3
E00004110,C002413,2025-11-23,Bug,low,5.5
E00004111,C002413,2025-12-04,How-to,medium,15.7
E00004112,C002413,2025-09-02,Bug,medium,15.7
E00004113,C002415,2025-08-24,How-to,medium,7.4
E00004114,C002415,2024-04-26,Feature Request,high,15.0
E00004115,C002416,2024-05-02,Feature Request,low,12.5
E00004116,C002416,2024-08-07,Billing,medium,23.8
E00004117,C002417,2024-11-23,Billing,high,13.2
E00004118,C002417,2024-11-04,Bug,medium,10.4
E00004119,C002417,2024-12-22,How-to,high,10.0
E00004120,C002417,2024-12-14,How-to,medium,19.9
E00004121,C002419,2025-06-21,Billing,critical,13.1
E00004122,C002419,2024-03-07,Feature Request,low,9.7
E00004123,C002419,2023-06-21,Outage,medium,16.9
E00004124,C002420,2023-09-27,Billing,low,9.2
E00004125,C002421,2024-08-06,How-to,low,39.2
E00004126,C002422,2024-12-30,Billing,medium,17.7
E00004127,C002423,2023-01-03,How-to,low,1.6
E00004128,C002423,2025-04-01,Feature Request,high,27.8
E00004129,C002423,2022-09-26,Billing,low,9.6
E00004130,C002423,2022-07-18,Bug,high,15.6
E00004131,C002423,2024-04-24,Bug,low,4.7
E00004132,C002423,2022-07-14,How-to,low,10.3
E00004133,C002423,2025-06-18,How-to,medium,12.5
E00004134,C002424,2025-10-26,How-to,high,5.9
E00004135,C002425,2023-07-21,Billing,medium,21.2
E00004136,C002426,2024-12-14,How-to,medium,77.4
E00004137,C002427,2023-01-19,Billing,low,20.2
E00004138,C002428,2025-02-01,Billing,low,23.8
E00004139,C002432,2025-05-24,Bug,medium,7.3
E00004140,C002433,2023-07-14,How-to,low,14.2
E00004141,C002433,2023-08-15,Billing,low,31.4
E00004142,C002434,2024-07-18,Feature Request,high,18.1
E00004143,C002436,2025-07-02,How-to,low,8.6
E00004144,C002436,2025-05-14,Feature Request,low,27.3
E00004145,C002437,2024-08-21,Outage,low,8.2
E00004146,C002438,2025-04-03,How-to,low,39.5
E00004147,C002440,2022-10-07,How-to,high,8.9
E00004148,C002441,2024-09-03,How-to,medium,3.8
E00004149,C002444,2025-08-31,Billing,medium,13.8
E00004150,C002444,2025-03-05,Feature Request,low,21.5
E00004151,C002444,2024-05-15,Billing,low,13.1
E00004152,C002445,2025-03-26,Billing,low,3.8
E00004153,C002447,2025-05-11,Bug,medium,36.2
E00004154,C002447,2025-09-12,Bug,low,52.8
E00004155,C002447,2025-07-17,Feature Request,high,16.7
E00004156,C002448,2025-03-12,How-to,critical,9.3
E00004157,C002448,2025-01-08,How-to,medium,25.9
E00004158,C002449,2025-09-09,How-to,critical,13.2
E00004159,C002450,2023-05-12,Bug,high,32.9
E00004160,C002450,2024-09-24,Bug,medium,4.7
E00004161,C002451,2025-12-02,How-to,low,4.9
E00004162,C002451,2025-09-02,Outage,high,5.6
E00004163,C002451,2025-08-16,Billing,low,3.0
E00004164,C002451,2025-09-07,How-to,low,4.1
E00004165,C002453,2023-11-09,Bug,medium,19.5
E00004166,C002453,2022-06-17,Feature Request,low,18.6
E00004167,C002453,2025-11-13,Outage,medium,6.7
E00004168,C002454,2024-08-08,Feature Request,low,6.3
E00004169,C002454,2024-03-01,Bug,low,18.8
E00004170,C002456,2025-10-31,How-to,low,10.7
E00004171,C002456,2025-12-13,How-to,low,5.4
E00004172,C002457,2025-08-18,How-to,high,11.7
E00004173,C002458,2025-10-03,Bug,medium,36.3
E00004174,C002459,2025-03-08,How-to,medium,2.4
E00004175,C002459,2025-05-22,Outage,low,8.3
E00004176,C002459,2025-11-02,Billing,medium,29.3
E00004177,C002460,2025-01-01,Feature Request,high,25.0
E00004178,C002461,2023-09-18,How-to,medium,4.9
E00004179,C002461,2023-07-18,Billing,medium,6.2
E00004180,C002461,2023-05-04,Billing,medium,20.0
E00004181,C002462,2023-08-16,Bug,medium,13.7
E00004182,C002463,2025-10-27,Bug,low,7.9
E00004183,C002463,2025-11-24,Bug,low,15.9
E00004184,C002463,2024-08-14,Billing,low,1.7
E00004185,C002465,2023-12-06,Outage,high,4.7
E00004186,C002465,2024-09-02,How-to,critical,5.7
E00004187,C002466,2023-12-30,Feature Request,low,3.7
E00004188,C002466,2023-11-19,Outage,medium,7.5
E00004189,C002466,2023-02-06,Billing,medium,2.8
E00004190,C002467,2024-01-14,Billing,medium,137.6
E00004191,C002467,2023-03-25,Feature Request,low,14.5
E00004192,C002467,2023-08-31,Outage,medium,6.2
E00004193,C002467,2023-11-02,Bug,critical,30.2
E00004194,C002468,2024-12-28,Billing,low,14.9
E00004195,C002469,2023-01-02,Billing,low,44.9
E00004196,C002469,2025-04-22,Feature Request,high,7.3
E00004197,C002472,2025-04-08,How-to,low,70.3
E00004198,C002472,2024-01-26,Feature Request,medium,55.5
E00004199,C002473,2025-10-09,How-to,low,7.7
E00004200,C002474,2025-03-30,Feature Request,medium,5.0
E00004201,C002474,2023-07-08,Billing,low,27.6
E00004202,C002474,2023-10-26,Bug,medium,15.4
E00004203,C002475,2025-06-08,Bug,low,18.4
E00004204,C002475,2024-02-16,How-to,low,28.7
E00004205,C002476,2024-01-09,Billing,medium,5.0
E00004206,C002476,2024-01-22,Billing,low,7.0
E00004207,C002477,2024-03-30,How-to,high,2.9
E00004208,C002478,2025-08-31,Billing,critical,26.6
E00004209,C002479,2025-05-30,How-to,low,14.8
E00004210,C002480,2022-08-01,How-to,low,24.7
E00004211,C002481,2025-07-21,How-to,low,89.2
E00004212,C002482,2025-07-05,Billing,medium,9.1
E00004213,C002483,2024-12-25,Bug,high,9.3
E00004214,C002484,2023-11-22,Outage,medium,15.9
E00004215,C002484,2025-09-11,Billing,medium,14.2
E00004216,C002484,2025-07-04,Billing,low,16.6
E00004217,C002485,2024-07-28,Billing,low,9.8
E00004218,C002485,2025-12-16,How-to,medium,6.2
E00004219,C002485,2023-09-02,How-to,medium,38.7
E00004220,C002485,2025-08-17,Feature Request,medium,5.9
E00004221,C002486,2024-06-20,How-to,low,33.3
E00004222,C002486,2024-11-22,Bug,high,40.2
E00004223,C002486,2023-10-17,Bug,critical,10.1
E00004224,C002487,2023-10-20,Feature Request,medium,11.4
E00004225,C002487,2023-07-08,Billing,low,40.5
E00004226,C002488,2023-02-22,Feature Request,low,11.7
E00004227,C002488,2025-09-02,How-to,low,9.2
E00004228,C002488,2025-02-18,How-to,medium,4.9
E00004229,C002489,2024-04-05,Billing,low,9.8
E00004230,C002489,2024-02-08,How-to,medium,51.9
E00004231,C002489,2025-01-18,Billing,high,9.1
E00004232,C002490,2023-09-15,How-to,critical,23.8
E00004233,C002491,2024-05-04,Bug,medium,5.3
E00004234,C002491,2025-01-11,Billing,low,29.8
E00004235,C002491,2023-06-13,How-to,medium,20.9
E00004236,C002491,2025-02-19,Feature Request,medium,35.7
E00004237,C002491,2024-06-14,Outage,medium,1.8
E00004238,C002492,2024-04-08,Outage,medium,6.5
E00004239,C002493,2025-11-27,Bug,medium,76.9
E00004240,C002494,2025-10-26,Billing,low,19.7
E00004241,C002494,2025-07-21,How-to,low,33.7
E00004242,C002494,2025-12-29,Billing,low,13.2
E00004243,C002495,2023-10-06,Billing,low,30.9
E00004244,C002495,2025-01-06,Outage,low,5.4
E00004245,C002496,2023-03-12,How-to,low,16.6
E00004246,C002496,2024-12-12,Outage,medium,5.8
E00004247,C002496,2023-05-04,Bug,low,29.1
E00004248,C002497,2025-04-20,Bug,low,36.6
E00004249,C002497,2025-04-03,Bug,medium,6.7
E00004250,C002497,2025-11-14,Feature Request,low,12.7
E00004251,C002498,2025-06-27,Feature Request,low,4.9
E00004252,C002498,2025-08-02,How-to,medium,15.0
E00004253,C002499,2024-02-25,Billing,low,20.3
E00004254,C002499,2024-03-07,How-to,low,28.6
E00004255,C002499,2025-05-23,Billing,low,4.1
E00004256,C002499,2024-05-20,Billing,medium,36.0
E00004257,C002500,2025-11-30,Bug,high,20.9
E00004258,C002500,2025-10-10,Outage,low,1.8
E00004259,C002502,2025-08-15,Feature Request,low,3.4
E00004260,C002503,2025-05-27,Billing,high,10.4
E00004261,C002503,2024-12-27,Outage,low,10.5
E00004262,C002504,2022-12-26,How-to,low,17.4
E00004263,C002505,2025-03-06,Billing,medium,3.5
E00004264,C002505,2022-11-25,Billing,high,8.3
E00004265,C002505,2022-08-23,Feature Request,medium,4.0
E00004266,C002506,2023-05-18,How-to,medium,5.9
E00004267,C002506,2024-09-09,Feature Request,medium,3.9
E00004268,C002506,2025-07-13,Feature Request,medium,17.1
E00004269,C002507,2024-11-08,Billing,high,10.8
E00004270,C002508,2025-10-21,Outage,medium,10.3
E00004271,C002508,2025-03-04,Feature Request,low,21.4
E00004272,C002510,2024-10-02,Feature Request,high,4.0
E00004273,C002510,2023-04-18,Bug,high,6.7
E00004274,C002512,2025-05-12,Bug,low,5.9
E00004275,C002512,2025-06-21,Bug,high,24.6
E00004276,C002513,2025-10-21,Billing,medium,17.5
E00004277,C002514,2025-02-03,Bug,medium,22.0
E00004278,C002515,2022-12-14,Feature Request,high,38.8
E00004279,C002515,2023-11-15,Feature Request,medium,4.8
E00004280,C002515,2025-06-25,How-to,medium,8.9
E00004281,C002516,2025-11-22,Outage,medium,13.7
E00004282,C002517,2025-02-07,Outage,medium,3.3
E00004283,C002518,2025-05-30,Bug,medium,5.2
E00004284,C002519,2023-01-05,Billing,low,15.6
E00004285,C002519,2022-12-24,Billing,high,32.3
E00004286,C002520,2025-12-03,How-to,low,17.6
E00004287,C002520,2025-12-19,How-to,medium,9.2
E00004288,C002520,2025-12-06,Billing,critical,11.5
E00004289,C002521,2025-10-05,Outage,medium,11.3
E00004290,C002521,2025-12-22,Outage,high,5.5
E00004291,C002521,2025-08-26,Billing,high,4.6
E00004292,C002521,2025-02-11,How-to,medium,38.7
E00004293,C002524,2024-02-25,Bug,high,4.8
E00004294,C002524,2025-11-17,How-to,medium,1.2
E00004295,C002524,2025-03-26,Feature Request,medium,14.6
E00004296,C002524,2023-10-03,Bug,medium,46.0
E00004297,C002524,2025-01-04,Outage,high,3.4
E00004298,C002526,2024-09-27,How-to,high,6.3
E00004299,C002527,2025-12-13,Billing,medium,6.1
E00004300,C002528,2025-12-12,Billing,medium,11.6
E00004301,C002529,2023-11-26,Feature Request,high,10.4
E00004302,C002530,2024-05-27,How-to,low,2.3
E00004303,C002531,2025-11-26,Billing,low,15.1
E00004304,C002531,2025-09-03,Billing,medium,10.0
E00004305,C002532,2025-12-10,Bug,critical,14.5
E00004306,C002532,2025-06-18,Billing,low,80.6
E00004307,C002533,2025-09-20,Billing,low,18.7
E00004308,C002534,2023-11-21,Outage,medium,7.6
E00004309,C002534,2025-06-23,How-to,low,5.2
E00004310,C002534,2025-04-28,Bug,low,10.8
E00004311,C002534,2023-03-29,Bug,critical,28.4
E00004312,C002535,2025-08-07,Bug,medium,7.2
E00004313,C002536,2025-12-08,Outage,critical,8.2
E00004314,C002538,2025-12-07,Feature Request,low,20.0
E00004315,C002538,2025-01-21,Billing,high,8.7
E00004316,C002539,2025-09-12,How-to,medium,9.0
E00004317,C002539,2025-05-21,Billing,medium,10.7
E00004318,C002539,2024-09-13,How-to,low,15.0
E00004319,C002540,2025-11-26,Outage,low,40.9
E00004320,C002540,2025-10-17,How-to,low,49.3
E00004321,C002540,2025-11-17,Billing,high,8.4
E00004322,C002540,2025-06-08,Bug,high,18.7
E00004323,C002540,2025-10-26,Billing,high,19.9
E00004324,C002541,2024-10-14,Feature Request,medium,11.8
E00004325,C002541,2025-01-30,How-to,medium,8.2
E00004326,C002541,2023-03-26,Feature Request,low,24.0
E00004327,C002542,2025-12-14,Bug,high,12.7
E00004328,C002543,2025-11-21,Feature Request,medium,13.5
E00004329,C002543,2025-10-02,Billing,medium,8.9
E00004330,C002543,2025-11-26,Bug,critical,8.1
E00004331,C002544,2024-07-01,Feature Request,low,7.1
E00004332,C002545,2025-08-20,Outage,low,31.8
E00004333,C002545,2025-11-16,Feature Request,low,8.2
E00004334,C002546,2025-05-24,Feature Request,medium,11.5
E00004335,C002546,2024-07-19,How-to,medium,19.3
E00004336,C002547,2025-02-20,How-to,medium,20.1
E00004337,C002547,2025-06-26,How-to,low,12.9
E00004338,C002547,2025-06-18,How-to,medium,13.1
E00004339,C002548,2025-11-26,Outage,low,43.5
E00004340,C002549,2025-02-03,Billing,low,6.1
E00004341,C002549,2025-05-17,Feature Request,medium,4.3
E00004342,C002550,2023-04-13,Bug,medium,3.3
E00004343,C002550,2024-08-01,Feature Request,low,7.3
E00004344,C002550,2023-12-05,Bug,medium,3.8
E00004345,C002551,2025-02-27,Billing,medium,2.3
E00004346,C002552,2025-06-09,Outage,low,34.1
E00004347,C002553,2025-04-27,Bug,low,2.1
E00004348,C002553,2024-05-02,Billing,low,9.6
E00004349,C002553,2025-11-24,How-to,high,34.9
E00004350,C002553,2025-01-19,How-to,low,4.7
E00004351,C002554,2023-01-19,Bug,high,3.3
E00004352,C002556,2025-02-28,Outage,medium,12.6
E00004353,C002556,2023-09-16,Outage,high,18.6
E00004354,C002556,2022-07-04,Billing,low,10.8
E00004355,C002558,2025-08-08,How-to,medium,6.9
E00004356,C002559,2022-12-11,How-to,medium,20.1
E00004357,C002559,2025-03-27,Feature Request,low,13.3
E00004358,C002560,2025-02-16,How-to,low,2.9
E00004359,C002560,2024-11-24,How-to,critical,24.5
E00004360,C002561,2025-05-24,Bug,low,20.3
E00004361,C002561,2025-03-10,Outage,low,39.7
E00004362,C002563,2025-08-13,How-to,low,6.1
E00004363,C002564,2024-03-12,How-to,high,8.5
E00004364,C002564,2024-11-17,How-to,medium,26.3
E00004365,C002565,2024-09-11,Billing,low,30.5
E00004366,C002566,2024-04-26,How-to,low,11.3
E00004367,C002567,2025-05-25,How-to,medium,13.1
E00004368,C002567,2025-11-14,Billing,medium,9.3
E00004369,C002568,2025-01-03,How-to,medium,95.9
E00004370,C002568,2024-08-04,How-to,low,1.5
E00004371,C002569,2023-11-02,How-to,medium,5.8
E00004372,C002571,2025-05-27,Billing,medium,4.4
E00004373,C002572,2025-11-06,Billing,low,11.9
E00004374,C002572,2025-09-30,How-to,low,15.3
E00004375,C002572,2025-09-21,Outage,low,13.4
E00004376,C002572,2025-10-17,Feature Request,high,5.3
E00004377,C002574,2023-10-28,Bug,medium,7.2
E00004378,C002574,2023-11-18,How-to,medium,8.5
E00004379,C002575,2025-12-01,Feature Request,low,7.5
E00004380,C002577,2025-02-01,Billing,medium,18.1
E00004381,C002578,2025-03-01,Billing,high,21.0
E00004382,C002578,2025-06-29,Feature Request,medium,21.2
E00004383,C002578,2025-03-08,Billing,high,11.7
E00004384,C002579,2025-11-12,Bug,low,7.1
E00004385,C002579,2025-10-28,Bug,low,14.3
E00004386,C002580,2025-06-14,Billing,medium,20.9
E00004387,C002581,2023-09-03,How-to,high,7.4
E00004388,C002584,2025-11-23,Feature Request,low,5.4
E00004389,C002585,2025-06-22,How-to,low,42.4
E00004390,C002586,2024-07-15,How-to,high,12.6
E00004391,C002588,2025-09-22,How-to,high,20.6
E00004392,C002588,2025-11-14,Feature Request,medium,4.0
E00004393,C002590,2024-02-29,Billing,medium,5.1
E00004394,C002591,2023-08-22,How-to,low,28.2
E00004395,C002591,2025-03-09,How-to,high,12.5
E00004396,C002591,2023-02-28,Billing,low,19.9
E00004397,C002591,2024-12-19,How-to,low,5.9
E00004398,C002592,2023-09-09,How-to,low,6.1
E00004399,C002593,2024-07-27,Billing,medium,15.7
E00004400,C002595,2023-10-30,Bug,high,3.6
E00004401,C002595,2024-04-09,How-to,high,26.2
E00004402,C002596,2022-11-08,Billing,high,4.7
E00004403,C002596,2023-03-26,Outage,low,15.3
E00004404,C002597,2024-03-02,How-to,high,41.9
E00004405,C002597,2025-07-15,How-to,low,5.0
E00004406,C002598,2025-01-01,Feature Request,medium,7.7
E00004407,C002600,2024-12-21,Bug,low,8.7
E00004408,C002600,2023-09-03,Bug,low,7.8
E00004409,C002601,2025-10-21,Billing,high,7.4
E00004410,C002601,2025-08-05,Outage,medium,7.3
E00004411,C002601,2025-08-06,Feature Request,medium,27.5
E00004412,C002601,2025-08-01,Billing,low,8.2
E00004413,C002602,2025-11-25,How-to,low,61.4
E00004414,C002604,2025-12-15,Bug,low,36.6
E00004415,C002605,2025-10-25,Bug,low,1.4
E00004416,C002606,2025-11-23,Outage,medium,12.8
E00004417,C002607,2024-06-30,Bug,medium,18.9
E00004418,C002607,2024-12-13,How-to,medium,5.2
E00004419,C002607,2024-07-23,Bug,high,17.0
E00004420,C002607,2024-08-06,How-to,low,8.2
E00004421,C002609,2024-07-15,Bug,medium,15.2
E00004422,C002609,2024-06-08,Bug,medium,5.2
E00004423,C002610,2025-06-14,Bug,high,19.5
E00004424,C002610,2025-04-18,Bug,medium,16.0
E00004425,C002610,2025-05-13,Bug,low,5.2
E00004426,C002612,2025-09-13,Bug,low,12.0
E00004427,C002612,2025-10-08,Bug,medium,3.9
E00004428,C002612,2025-09-07,Feature Request,high,8.2
E00004429,C002612,2025-10-31,How-to,medium,7.4
E00004430,C002612,2025-08-20,Billing,low,11.9
E00004431,C002613,2022-12-14,Bug,medium,13.5
E00004432,C002613,2022-12-13,Billing,low,8.3
E00004433,C002615,2025-10-30,Billing,low,9.5
E00004434,C002615,2023-05-15,Bug,low,11.7
E00004435,C002615,2023-08-13,Bug,low,8.7
E00004436,C002615,2022-08-18,Bug,low,2.4
E00004437,C002616,2025-01-18,Bug,low,4.0
E00004438,C002616,2025-09-27,How-to,low,13.0
E00004439,C002616,2025-08-22,Billing,critical,6.1
E00004440,C002616,2025-01-31,Bug,low,13.3
E00004441,C002617,2025-12-11,Feature Request,high,6.2
E00004442,C002618,2025-08-22,Outage,critical,22.3
E00004443,C002618,2024-01-21,Billing,medium,3.0
E00004444,C002618,2024-10-28,Billing,low,10.0
E00004445,C002618,2025-10-24,Feature Request,medium,6.9
E00004446,C002619,2024-09-01,How-to,medium,1.7
E00004447,C002619,2024-10-04,Billing,low,9.3
E00004448,C002620,2025-09-24,Bug,medium,100.0
E00004449,C002620,2025-09-23,How-to,low,16.4
E00004450,C002620,2025-11-05,How-to,low,41.3
E00004451,C002620,2025-09-22,How-to,low,21.7
E00004452,C002621,2025-08-09,Bug,high,8.8
E00004453,C002621,2025-07-03,Bug,medium,7.7
E00004454,C002622,2024-01-10,Feature Request,high,11.0
E00004455,C002622,2025-05-15,Feature Request,low,9.8
E00004456,C002622,2024-12-07,Billing,critical,11.8
E00004457,C002622,2025-07-20,Outage,low,14.0
E00004458,C002622,2024-05-16,How-to,medium,32.6
E00004459,C002623,2024-03-05,How-to,low,11.4
E00004460,C002623,2022-10-25,Outage,high,12.7
E00004461,C002623,2023-01-28,Feature Request,low,5.4
E00004462,C002624,2025-08-24,How-to,critical,17.8
E00004463,C002625,2025-11-12,Feature Request,high,73.4
E00004464,C002625,2025-12-11,How-to,medium,11.4
E00004465,C002625,2025-09-14,How-to,high,11.4
E00004466,C002626,2024-06-21,How-to,low,5.3
E00004467,C002626,2024-05-23,Billing,medium,4.5
E00004468,C002626,2025-05-24,Bug,low,27.0
E00004469,C002626,2024-11-04,How-to,medium,17.7
E00004470,C002627,2025-11-24,How-to,low,10.1
E00004471,C002627,2025-12-22,How-to,medium,15.4
E00004472,C002628,2023-01-09,Billing,low,5.5
E00004473,C002628,2023-05-20,How-to,medium,8.1
E00004474,C002628,2023-04-23,Outage,low,10.5
E00004475,C002629,2024-08-15,Billing,low,10.0
E00004476,C002629,2025-03-06,Feature Request,low,1.8
E00004477,C002630,2025-05-04,Feature Request,high,5.1
E00004478,C002631,2025-12-24,Outage,low,8.5
E00004479,C002632,2025-03-10,How-to,high,41.4
E00004480,C002633,2025-09-01,Bug,low,10.9
E00004481,C002633,2025-10-29,Billing,low,4.6
E00004482,C002633,2025-11-13,How-to,critical,55.0
E00004483,C002633,2025-11-26,Outage,critical,11.0
E00004484,C002634,2024-03-24,Feature Request,high,9.7
E00004485,C002634,2025-11-17,Billing,high,18.4
E00004486,C002635,2023-09-30,Billing,critical,5.4
E00004487,C002635,2024-06-15,How-to,low,5.1
E00004488,C002635,2025-11-06,How-to,critical,16.4
E00004489,C002635,2025-08-25,How-to,medium,23.8
E00004490,C002636,2024-12-08,Outage,low,6.4
E00004491,C002638,2025-05-28,Billing,low,7.9
E00004492,C002638,2025-05-17,Bug,low,6.5
E00004493,C002639,2024-10-04,Bug,low,28.9
E00004494,C002641,2023-08-28,Billing,medium,9.1
E00004495,C002642,2024-11-22,Billing,medium,3.0
E00004496,C002643,2025-06-19,Billing,medium,37.7
E00004497,C002644,2025-09-17,How-to,high,3.8
E00004498,C002645,2025-11-20,Outage,low,21.9
E00004499,C002646,2022-03-21,Bug,low,12.3
E00004500,C002646,2022-10-10,Billing,high,12.1
E00004501,C002647,2024-08-20,Billing,high,14.4
E00004502,C002648,2025-02-08,How-to,medium,10.9
E00004503,C002648,2025-02-07,How-to,high,13.7
E00004504,C002650,2024-09-15,Billing,high,23.5
E00004505,C002650,2025-02-13,Bug,low,18.7
E00004506,C002650,2025-08-02,Bug,medium,15.0
E00004507,C002651,2025-08-19,Feature Request,low,3.9
E00004508,C002651,2025-11-08,How-to,low,10.4
E00004509,C002651,2025-08-28,Billing,high,7.3
E00004510,C002651,2025-08-14,How-to,medium,11.0
E00004511,C002651,2025-06-28,Bug,medium,26.3
E00004512,C002652,2025-09-08,How-to,low,4.4
E00004513,C002653,2025-12-26,Bug,medium,4.4
E00004514,C002655,2025-08-23,Billing,high,46.0
E00004515,C002655,2025-06-20,How-to,low,29.9
E00004516,C002656,2024-12-21,Billing,medium,10.3
E00004517,C002657,2022-04-02,Feature Request,medium,15.1
E00004518,C002657,2024-11-17,How-to,medium,14.8
E00004519,C002657,2022-11-21,Outage,low,16.6
E00004520,C002658,2023-01-29,How-to,low,32.8
E00004521,C002658,2023-02-26,How-to,low,1.5
E00004522,C002658,2023-01-25,Bug,medium,13.4
E00004523,C002661,2023-12-17,How-to,low,33.0
E00004524,C002662,2025-04-02,Bug,medium,36.3
E00004525,C002663,2023-11-07,Billing,medium,11.6
E00004526,C002664,2025-04-01,Billing,low,11.0
E00004527,C002664,2023-12-16,Bug,low,2.8
E00004528,C002665,2024-11-26,How-to,critical,4.8
E00004529,C002665,2023-09-27,Bug,low,24.1
E00004530,C002665,2022-12-02,Feature Request,low,27.2
E00004531,C002666,2025-02-21,Billing,medium,6.5
E00004532,C002667,2024-08-10,Bug,low,15.2
E00004533,C002667,2023-01-06,How-to,medium,9.1
E00004534,C002667,2024-06-09,Billing,low,14.8
E00004535,C002668,2025-10-21,Feature Request,critical,14.8
E00004536,C002668,2025-10-18,Bug,low,14.5
E00004537,C002668,2025-10-29,How-to,low,3.9
E00004538,C002669,2022-06-24,Outage,critical,3.5
E00004539,C002669,2022-10-11,Billing,high,33.2
E00004540,C002670,2025-10-27,Billing,low,4.2
E00004541,C002671,2025-08-19,Billing,low,4.9
E00004542,C002671,2025-04-21,How-to,low,19.3
E00004543,C002671,2025-12-19,How-to,medium,30.0
E00004544,C002673,2025-05-03,How-to,low,9.3
E00004545,C002674,2023-09-23,Billing,low,33.2
E00004546,C002675,2025-08-29,Billing,high,4.7
E00004547,C002675,2025-12-07,Billing,low,23.5
E00004548,C002676,2025-12-18,Feature Request,high,8.4
E00004549,C002676,2024-07-09,Feature Request,medium,16.5
E00004550,C002677,2025-12-22,Outage,medium,22.0
E00004551,C002677,2025-11-21,How-to,critical,12.9
E00004552,C002678,2025-08-23,Billing,medium,17.4
E00004553,C002678,2025-06-20,Bug,low,7.8
E00004554,C002678,2025-08-16,Billing,medium,2.8
E00004555,C002678,2025-12-15,How-to,high,5.9
E00004556,C002679,2024-10-12,How-to,high,35.2
E00004557,C002680,2023-06-22,Feature Request,low,14.1
E00004558,C002680,2023-09-02,How-to,high,28.8
E00004559,C002681,2025-01-26,Billing,medium,65.2
E00004560,C002681,2022-06-19,How-to,medium,14.7
E00004561,C002681,2025-02-02,Bug,medium,6.9
E00004562,C002681,2025-09-03,Billing,medium,17.6
E00004563,C002684,2025-07-22,How-to,medium,8.8
E00004564,C002684,2025-09-12,Billing,low,10.2
E00004565,C002684,2025-10-04,Bug,medium,105.9
E00004566,C002685,2024-04-25,How-to,low,9.7
E00004567,C002686,2025-09-14,How-to,medium,33.2
E00004568,C002686,2024-04-17,Feature Request,low,7.9
E00004569,C002687,2023-05-26,Feature Request,low,15.2
E00004570,C002688,2024-04-27,Feature Request,low,24.7
E00004571,C002688,2025-01-22,How-to,low,15.8
E00004572,C002688,2025-11-03,Billing,low,3.6
E00004573,C002690,2025-11-25,How-to,low,16.9
E00004574,C002690,2025-11-12,Billing,medium,12.8
E00004575,C002690,2025-11-10,Billing,medium,23.1
E00004576,C002691,2025-11-29,Bug,medium,2.7
E00004577,C002692,2025-11-28,How-to,low,3.2
E00004578,C002693,2025-10-07,Billing,low,12.9
E00004579,C002694,2025-01-10,How-to,low,9.6
E00004580,C002694,2024-08-13,How-to,low,8.2
E00004581,C002695,2025-09-29,Feature Request,medium,55.8
E00004582,C002695,2025-10-26,Billing,low,17.1
E00004583,C002696,2024-04-27,Bug,low,8.9
E00004584,C002696,2024-03-03,How-to,high,10.0
E00004585,C002696,2025-02-26,Billing,high,7.7
E00004586,C002697,2022-07-27,Feature Request,high,4.3
E00004587,C002699,2022-11-16,Bug,medium,14.7
E00004588,C002699,2022-11-19,Billing,low,28.7
E00004589,C002701,2025-09-22,How-to,low,6.9
E00004590,C002701,2025-07-20,How-to,medium,16.3
E00004591,C002702,2025-02-21,How-to,low,13.0
E00004592,C002703,2024-11-06,Feature Request,low,2.8
E00004593,C002703,2025-09-27,How-to,low,19.9
E00004594,C002703,2025-05-30,How-to,high,9.2
E00004595,C002703,2023-11-28,Billing,low,10.4
E00004596,C002704,2025-10-29,Outage,low,17.9
E00004597,C002704,2025-06-30,Bug,high,25.6
E00004598,C002704,2025-05-20,Billing,low,67.2
E00004599,C002704,2025-04-28,Outage,high,8.5
E00004600,C002704,2025-08-04,How-to,medium,6.4
E00004601,C002704,2025-05-04,How-to,medium,11.6
E00004602,C002704,2025-08-24,Feature Request,high,7.9
E00004603,C002705,2025-06-06,How-to,high,10.7
E00004604,C002705,2024-09-07,Bug,medium,6.6
E00004605,C002707,2025-02-11,Billing,low,22.2
E00004606,C002708,2025-06-04,How-to,medium,9.7
E00004607,C002709,2025-07-01,Bug,low,28.7
E00004608,C002709,2025-09-01,How-to,high,15.0
E00004609,C002711,2025-10-25,Outage,medium,17.8
E00004610,C002711,2022-04-12,Billing,medium,8.6
E00004611,C002711,2025-04-03,Bug,medium,10.2
E00004612,C002711,2022-05-04,Feature Request,low,6.3
E00004613,C002712,2025-08-19,Bug,low,4.7
E00004614,C002712,2023-04-26,Billing,medium,22.3
E00004615,C002712,2024-03-05,Bug,critical,4.3
E00004616,C002713,2025-09-26,Bug,low,30.8
E00004617,C002713,2025-11-20,Outage,high,10.0
E00004618,C002713,2025-09-11,Billing,medium,9.7
E00004619,C002714,2024-05-21,Billing,low,7.5
E00004620,C002714,2024-07-11,Billing,low,26.5
E00004621,C002714,2025-03-29,Bug,high,2.9
E00004622,C002714,2024-03-17,Billing,low,10.9
E00004623,C002714,2024-02-09,Billing,medium,3.9
E00004624,C002717,2025-09-24,Billing,high,10.2
E00004625,C002718,2025-09-03,Feature Request,low,8.7
E00004626,C002718,2025-10-20,Billing,medium,25.3
E00004627,C002720,2023-12-20,How-to,medium,11.5
E00004628,C002720,2023-02-06,Bug,low,11.0
E00004629,C002721,2025-05-19,Billing,low,22.3
E00004630,C002721,2024-09-04,Outage,high,5.0
E00004631,C002722,2024-10-03,How-to,low,24.3
E00004632,C002723,2024-06-12,How-to,medium,29.1
E00004633,C002723,2023-06-19,Bug,medium,3.3
E00004634,C002723,2022-10-21,Bug,high,23.8
E00004635,C002724,2024-07-05,Billing,low,9.6
E00004636,C002724,2025-12-09,Billing,medium,36.8
E00004637,C002725,2025-07-03,How-to,critical,6.1
E00004638,C002725,2025-05-22,How-to,medium,59.2
E00004639,C002726,2024-06-28,Billing,low,15.7
E00004640,C002727,2024-05-14,Bug,medium,38.5
E00004641,C002727,2022-11-13,Bug,low,10.4
E00004642,C002728,2024-08-27,How-to,medium,4.0
E00004643,C002731,2025-11-17,Outage,high,31.9
E00004644,C002731,2025-12-03,Bug,high,6.9
E00004645,C002732,2025-11-30,Feature Request,high,71.9
E00004646,C002732,2024-04-02,Feature Request,critical,19.3
E00004647,C002732,2024-12-12,Bug,medium,9.4
E00004648,C002732,2024-05-14,Billing,low,6.8
E00004649,C002733,2025-11-22,Billing,medium,21.5
E00004650,C002733,2025-11-02,Outage,medium,5.4
E00004651,C002734,2024-04-23,Outage,medium,16.4
E00004652,C002735,2024-05-08,Outage,high,10.3
E00004653,C002735,2024-09-10,Billing,medium,5.1
E00004654,C002736,2024-03-08,Bug,high,10.2
E00004655,C002736,2023-09-05,Bug,medium,7.1
E00004656,C002736,2024-03-02,How-to,low,11.1
E00004657,C002737,2024-09-09,Feature Request,critical,4.2
E00004658,C002738,2024-06-22,Feature Request,low,25.6
E00004659,C002739,2025-07-10,Bug,medium,20.5
E00004660,C002739,2025-02-25,How-to,low,2.8
E00004661,C002740,2025-12-08,How-to,medium,11.0
E00004662,C002740,2025-08-19,Bug,low,17.8
E00004663,C002741,2024-11-26,How-to,medium,14.7
E00004664,C002741,2023-02-12,Billing,low,8.6
E00004665,C002741,2024-10-10,Billing,medium,5.4
E00004666,C002741,2024-01-05,Feature Request,high,33.3
E00004667,C002742,2024-05-07,How-to,low,4.8
E00004668,C002742,2024-10-19,How-to,low,13.9
E00004669,C002743,2024-04-23,Feature Request,medium,4.9
E00004670,C002743,2024-08-27,Feature Request,medium,38.7
E00004671,C002746,2024-10-22,How-to,high,8.5
E00004672,C002746,2025-01-17,Feature Request,medium,14.8
E00004673,C002746,2025-07-04,How-to,medium,2.3
E00004674,C002746,2024-06-21,How-to,medium,9.6
E00004675,C002746,2024-04-03,Feature Request,high,5.7
E00004676,C002749,2024-10-21,Outage,low,8.3
E00004677,C002749,2024-05-12,How-to,low,4.3
E00004678,C002750,2025-11-29,How-to,critical,41.0
E00004679,C002750,2025-11-29,How-to,high,8.9
E00004680,C002750,2025-11-14,Feature Request,high,5.8
E00004681,C002750,2025-11-09,Feature Request,low,14.5
E00004682,C002751,2023-12-15,Feature Request,medium,8.6
E00004683,C002752,2025-01-10,How-to,low,1.9
E00004684,C002752,2023-10-18,Outage,medium,6.0
E00004685,C002752,2023-07-09,Outage,medium,4.3
E00004686,C002753,2025-01-20,Outage,medium,7.9
E00004687,C002753,2024-05-08,Billing,high,11.2
E00004688,C002754,2025-04-26,Billing,medium,3.9
E00004689,C002755,2025-12-12,Billing,low,25.1
E00004690,C002756,2025-07-14,Bug,medium,4.9
E00004691,C002756,2025-06-20,Bug,low,8.3
E00004692,C002757,2025-09-26,Feature Request,medium,5.8
E00004693,C002757,2025-09-19,Feature Request,medium,22.8
E00004694,C002758,2025-07-22,Outage,low,12.6
E00004695,C002758,2024-06-29,How-to,low,5.7
E00004696,C002760,2024-10-03,Feature Request,medium,15.0
E00004697,C002760,2025-11-11,Billing,high,2.2
E00004698,C002763,2025-09-23,Bug,medium,8.4
E00004699,C002763,2025-12-21,How-to,low,5.2
E00004700,C002764,2024-09-03,Bug,low,19.5
E00004701,C002766,2024-09-07,Billing,low,21.5
E00004702,C002768,2025-12-19,How-to,medium,5.5
E00004703,C002768,2025-12-20,Billing,high,9.8
E00004704,C002769,2025-07-05,How-to,medium,9.7
E00004705,C002769,2023-12-13,How-to,low,15.1
E00004706,C002770,2025-10-19,Bug,low,40.8
E00004707,C002772,2023-02-02,Feature Request,medium,12.1
E00004708,C002773,2024-03-20,How-to,low,3.1
E00004709,C002774,2025-03-27,Billing,low,17.6
E00004710,C002775,2024-04-19,How-to,low,33.2
E00004711,C002775,2025-11-14,Billing,medium,12.8
E00004712,C002776,2023-10-12,Outage,low,16.2
E00004713,C002777,2025-01-07,How-to,low,7.3
E00004714,C002778,2025-08-06,Feature Request,medium,13.4
E00004715,C002779,2024-08-11,How-to,medium,35.1
E00004716,C002781,2025-10-19,Outage,low,13.0
E00004717,C002782,2025-10-24,How-to,critical,16.5
E00004718,C002782,2025-09-29,Bug,low,16.5
E00004719,C002783,2025-08-23,Feature Request,low,27.7
E00004720,C002783,2025-04-02,How-to,high,42.6
E00004721,C002783,2025-10-15,Billing,medium,16.6
E00004722,C002784,2025-07-11,Feature Request,medium,5.6
E00004723,C002784,2025-05-02,How-to,low,9.5
E00004724,C002787,2025-06-02,Bug,high,3.0
E00004725,C002787,2025-05-08,Bug,medium,6.7
E00004726,C002788,2022-05-19,How-to,medium,10.0
E00004727,C002788,2024-04-27,Billing,low,3.1
E00004728,C002788,2023-05-16,How-to,medium,20.0
E00004729,C002789,2024-03-01,How-to,high,11.5
E00004730,C002789,2024-09-25,Feature Request,high,11.7
E00004731,C002789,2022-06-06,How-to,high,7.9
E00004732,C002790,2025-11-29,Billing,medium,14.9
E00004733,C002790,2025-07-03,Outage,low,13.9
E00004734,C002791,2025-11-14,How-to,low,20.3
E00004735,C002791,2025-10-27,How-to,low,16.6
E00004736,C002792,2022-10-05,Bug,critical,1.9
E00004737,C002793,2025-10-07,Billing,critical,9.3
E00004738,C002793,2025-09-19,How-to,low,74.1
E00004739,C002794,2025-11-18,Bug,medium,8.8
E00004740,C002794,2024-10-19,Feature Request,medium,4.1
E00004741,C002795,2022-08-07,How-to,low,6.9
E00004742,C002796,2025-10-06,How-to,low,9.3
E00004743,C002797,2025-06-12,Billing,low,39.2
E00004744,C002797,2025-11-15,Feature Request,low,5.9
E00004745,C002797,2025-09-26,Billing,critical,3.5
E00004746,C002800,2023-09-18,Feature Request,medium,11.7
E00004747,C002801,2025-11-04,Billing,low,20.4
E00004748,C002803,2025-12-14,How-to,low,43.8
E00004749,C002803,2025-12-11,How-to,medium,16.9
E00004750,C002803,2025-11-17,Outage,high,5.9
E00004751,C002803,2025-12-31,Billing,high,3.3
E00004752,C002804,2023-08-17,Bug,low,17.5
E00004753,C002804,2022-08-12,How-to,medium,14.9
E00004754,C002805,2023-06-12,Feature Request,low,11.1
E00004755,C002805,2024-08-13,How-to,low,16.6
E00004756,C002805,2023-08-11,Feature Request,high,24.3
E00004757,C002806,2025-12-05,Billing,medium,139.0
E00004758,C002806,2025-12-27,Billing,low,35.9
E00004759,C002806,2025-10-17,Feature Request,medium,3.8
E00004760,C002808,2023-12-12,Bug,low,19.8
E00004761,C002808,2025-01-22,Billing,high,10.4
E00004762,C002809,2025-05-22,How-to,high,11.2
E00004763,C002811,2024-08-31,How-to,low,12.6
E00004764,C002811,2025-12-31,How-to,medium,23.2
E00004765,C002811,2024-09-15,How-to,medium,14.3
E00004766,C002811,2025-01-14,Billing,low,11.3
E00004767,C002811,2024-12-13,Bug,high,3.7
E00004768,C002811,2025-04-03,Feature Request,medium,10.0
E00004769,C002812,2023-03-09,Billing,critical,22.4
E00004770,C002813,2023-12-08,How-to,medium,8.4
E00004771,C002814,2025-10-23,Bug,high,17.8
E00004772,C002814,2025-10-31,How-to,medium,16.5
E00004773,C002815,2023-05-12,Bug,medium,7.7
E00004774,C002815,2023-06-24,Billing,medium,1.7
E00004775,C002817,2025-10-22,Billing,high,3.1
E00004776,C002817,2025-02-14,How-to,medium,13.2
E00004777,C002818,2025-06-23,Billing,high,12.2
E00004778,C002818,2025-07-29,Bug,low,7.8
E00004779,C002819,2022-09-24,Billing,low,21.6
E00004780,C002821,2025-12-30,How-to,low,4.3
E00004781,C002821,2025-12-07,Outage,low,8.8
E00004782,C002822,2025-04-26,Billing,high,29.4
E00004783,C002822,2025-06-13,Billing,low,39.6
E00004784,C002823,2023-01-27,Billing,high,6.4
E00004785,C002823,2025-03-25,Feature Request,low,35.2
E00004786,C002823,2024-01-16,How-to,medium,33.4
E00004787,C002823,2025-04-08,How-to,low,5.1
E00004788,C002824,2025-12-06,How-to,high,8.4
E00004789,C002825,2025-12-28,How-to,low,4.4
E00004790,C002827,2025-12-31,Bug,low,17.9
E00004791,C002827,2025-05-20,Billing,low,10.9
E00004792,C002828,2025-10-22,Billing,low,21.0
E00004793,C002829,2025-09-14,Bug,high,4.9
E00004794,C002829,2025-09-01,How-to,medium,21.8
E00004795,C002830,2023-05-10,Feature Request,medium,11.2
E00004796,C002830,2023-03-16,Feature Request,medium,7.7
E00004797,C002830,2023-05-18,Feature Request,high,6.8
E00004798,C002830,2023-06-15,Billing,low,15.2
E00004799,C002831,2025-08-14,Bug,high,29.8
E00004800,C002832,2025-08-03,Feature Request,medium,3.5
E00004801,C002832,2025-04-01,Outage,high,42.7
E00004802,C002832,2025-08-13,Bug,high,12.5
E00004803,C002832,2025-06-08,Bug,high,14.4
E00004804,C002833,2025-06-26,Feature Request,low,51.9
E00004805,C002833,2023-10-03,Feature Request,medium,13.5
E00004806,C002833,2025-08-21,How-to,low,36.0
E00004807,C002834,2024-04-13,Outage,low,7.5
E00004808,C002834,2025-02-26,How-to,high,18.2
E00004809,C002834,2024-05-22,Bug,medium,4.1
E00004810,C002835,2023-09-29,How-to,medium,10.3
E00004811,C002835,2024-05-04,Billing,medium,6.2
E00004812,C002835,2025-05-22,How-to,low,10.4
E00004813,C002836,2024-11-09,Billing,medium,23.7
E00004814,C002836,2025-02-03,Feature Request,medium,44.2
E00004815,C002836,2025-05-26,How-to,medium,4.4
E00004816,C002837,2025-11-03,Bug,medium,14.6
E00004817,C002840,2025-10-28,Bug,critical,9.8
E00004818,C002841,2025-05-28,Feature Request,medium,112.4
E00004819,C002843,2025-12-25,How-to,high,7.7
E00004820,C002845,2024-08-13,Outage,high,5.6
E00004821,C002845,2024-10-04,Bug,high,20.2
E00004822,C002845,2024-05-30,How-to,low,6.1
E00004823,C002846,2023-12-17,Feature Request,low,3.4
E00004824,C002846,2025-03-30,Outage,high,12.1
E00004825,C002848,2024-10-23,Feature Request,low,6.0
E00004826,C002848,2025-06-02,Bug,low,17.7
E00004827,C002848,2023-09-03,Feature Request,low,4.1
E00004828,C002849,2025-01-25,Billing,low,32.0
E00004829,C002850,2024-09-24,Feature Request,high,36.4
E00004830,C002851,2024-02-01,Feature Request,low,20.0
E00004831,C002851,2025-04-10,Outage,medium,10.7
E00004832,C002852,2024-08-21,How-to,low,16.8
E00004833,C002852,2023-12-20,Billing,high,29.0
E00004834,C002853,2025-03-28,Billing,medium,8.7
E00004835,C002853,2025-09-05,How-to,low,8.3
E00004836,C002853,2025-09-24,Bug,low,10.3
E00004837,C002853,2024-05-21,Billing,low,15.2
E00004838,C002853,2023-12-31,Bug,low,11.1
E00004839,C002854,2025-09-27,Bug,high,18.2
E00004840,C002855,2025-05-23,How-to,medium,19.5
E00004841,C002855,2025-07-30,Billing,low,42.7
E00004842,C002855,2025-10-07,Feature Request,medium,32.9
E00004843,C002855,2024-12-10,How-to,high,5.0
E00004844,C002856,2024-08-28,Outage,low,7.6
E00004845,C002856,2023-10-25,Billing,low,15.4
E00004846,C002857,2025-10-11,Feature Request,critical,8.7
E00004847,C002857,2024-08-29,How-to,low,13.2
E00004848,C002858,2025-05-17,Bug,critical,35.9
E00004849,C002860,2024-11-10,Billing,medium,4.6
E00004850,C002860,2024-06-01,Billing,low,17.9
E00004851,C002861,2024-11-01,How-to,medium,6.7
E00004852,C002861,2024-01-31,How-to,medium,15.5
E00004853,C002864,2024-06-25,Bug,medium,6.3
E00004854,C002865,2024-06-03,Outage,medium,3.0
E00004855,C002865,2023-10-16,Outage,medium,11.0
E00004856,C002865,2023-07-14,Bug,low,7.1
E00004857,C002865,2025-06-26,Feature Request,low,7.7
E00004858,C002866,2024-05-16,Billing,low,6.8
E00004859,C002866,2022-04-04,How-to,high,6.7
E00004860,C002867,2023-08-31,Feature Request,medium,6.2
E00004861,C002867,2024-04-02,Billing,medium,11.7
E00004862,C002868,2025-01-26,Outage,medium,15.3
E00004863,C002868,2025-07-15,Billing,medium,13.5
E00004864,C002868,2025-03-12,Bug,medium,27.6
E00004865,C002869,2025-05-24,Billing,high,99.1
E00004866,C002870,2025-07-13,How-to,medium,4.5
E00004867,C002870,2025-06-16,Feature Request,medium,28.3
E00004868,C002871,2024-01-29,Billing,low,3.8
E00004869,C002872,2025-12-23,How-to,critical,33.9
E00004870,C002873,2025-06-15,Outage,low,4.5
E00004871,C002873,2025-08-20,Bug,medium,49.2
E00004872,C002873,2025-04-22,Outage,high,15.4
E00004873,C002874,2023-07-04,Bug,critical,9.4
E00004874,C002875,2024-06-01,Feature Request,low,11.0
E00004875,C002876,2025-06-14,Billing,low,8.2
E00004876,C002877,2025-08-02,Feature Request,medium,18.4
E00004877,C002877,2025-07-10,How-to,high,12.5
E00004878,C002878,2025-09-20,Outage,low,14.0
E00004879,C002878,2025-09-17,Bug,critical,33.1
E00004880,C002879,2025-07-21,Feature Request,medium,5.0
E00004881,C002879,2025-07-15,Billing,low,2.0
E00004882,C002879,2025-11-25,Bug,low,17.7
E00004883,C002879,2025-09-12,Billing,medium,7.2
E00004884,C002880,2025-12-27,How-to,high,26.9
E00004885,C002881,2023-03-13,How-to,low,5.9
E00004886,C002882,2023-05-30,How-to,medium,14.2
E00004887,C002882,2025-10-09,How-to,high,69.5
E00004888,C002883,2025-09-16,Billing,medium,27.7
E00004889,C002883,2024-11-07,Feature Request,low,3.8
E00004890,C002883,2025-04-14,How-to,high,12.8
E00004891,C002884,2025-07-05,Outage,low,9.3
E00004892,C002884,2025-03-18,Billing,medium,4.4
E00004893,C002885,2025-03-29,Bug,high,7.7
E00004894,C002886,2024-05-22,How-to,low,3.3
E00004895,C002887,2025-11-10,How-to,medium,12.4
E00004896,C002888,2022-07-31,How-to,low,3.5
E00004897,C002889,2024-11-26,Bug,medium,14.8
E00004898,C002889,2023-07-19,Bug,low,10.9
E00004899,C002890,2023-06-22,Outage,low,12.0
E00004900,C002891,2023-02-09,Outage,medium,16.0
E00004901,C002892,2024-08-26,Bug,low,11.0
E00004902,C002893,2025-03-24,Bug,medium,2.3
E00004903,C002894,2025-08-02,How-to,medium,13.0
E00004904,C002894,2025-10-09,Feature Request,medium,16.7
E00004905,C002895,2023-06-21,How-to,high,15.0
E00004906,C002896,2024-11-16,Feature Request,high,15.7
E00004907,C002897,2024-08-13,How-to,low,21.0
E00004908,C002897,2025-09-29,Billing,low,42.6
E00004909,C002898,2025-07-19,Bug,medium,19.5
E00004910,C002900,2025-09-26,Bug,low,35.8
E00004911,C002900,2024-03-08,Bug,medium,32.0
E00004912,C002900,2024-06-09,Billing,low,33.1
E00004913,C002900,2022-12-20,How-to,medium,12.2
E00004914,C002900,2024-05-07,Billing,low,22.1
E00004915,C002901,2025-11-19,How-to,medium,26.4
E00004916,C002901,2025-11-24,Billing,critical,18.6
E00004917,C002901,2025-10-01,Feature Request,low,29.7
E00004918,C002902,2025-05-04,Feature Request,medium,89.0
E00004919,C002903,2025-11-17,Billing,medium,9.4
E00004920,C002903,2025-10-14,Feature Request,low,2.5
E00004921,C002903,2025-07-22,How-to,low,4.0
E00004922,C002904,2025-06-16,Billing,medium,52.3
E00004923,C002904,2024-06-17,Bug,critical,2.4
E00004924,C002904,2024-06-20,How-to,low,13.8
E00004925,C002905,2025-04-14,How-to,high,16.2
E00004926,C002905,2025-06-08,How-to,low,13.1
E00004927,C002905,2025-08-13,Billing,low,1.9
E00004928,C002906,2025-08-22,How-to,high,12.5
E00004929,C002906,2025-11-02,Billing,medium,13.6
E00004930,C002906,2025-11-01,Billing,critical,12.7
E00004931,C002906,2025-10-12,Billing,low,18.5
E00004932,C002907,2025-04-24,How-to,low,51.6
E00004933,C002908,2025-11-20,Feature Request,medium,108.5
E00004934,C002909,2025-07-03,Bug,high,6.5
E00004935,C002911,2025-10-05,How-to,low,7.2
E00004936,C002911,2024-05-18,Feature Request,low,15.2
E00004937,C002911,2025-12-22,Bug,high,28.4
E00004938,C002912,2023-01-01,Bug,low,23.9
E00004939,C002912,2024-06-14,How-to,low,25.3
E00004940,C002912,2025-05-20,Feature Request,low,12.3
E00004941,C002912,2023-12-04,Billing,medium,9.1
E00004942,C002913,2024-11-23,Billing,high,6.2
E00004943,C002913,2024-03-16,Feature Request,low,9.3
E00004944,C002913,2024-10-07,Outage,high,19.2
E00004945,C002914,2023-10-26,Feature Request,high,18.2
E00004946,C002914,2024-08-16,Billing,high,11.9
E00004947,C002916,2025-08-13,How-to,low,18.8
E00004948,C002917,2024-08-23,How-to,medium,7.6
E00004949,C002917,2025-09-30,Billing,low,25.1
E00004950,C002918,2025-10-26,Billing,low,9.1
E00004951,C002918,2025-09-14,How-to,high,20.1
E00004952,C002918,2025-12-29,How-to,low,34.3
E00004953,C002919,2025-10-25,Feature Request,high,6.8
E00004954,C002920,2025-08-06,How-to,medium,32.5
E00004955,C002921,2024-08-26,Feature Request,low,2.8
E00004956,C002922,2025-01-16,Outage,low,9.8
E00004957,C002922,2025-04-11,Feature Request,medium,16.4
E00004958,C002923,2023-12-12,How-to,low,30.9
E00004959,C002923,2023-01-20,How-to,high,10.1
E00004960,C002923,2025-05-06,How-to,high,22.0
E00004961,C002924,2025-05-08,Feature Request,medium,42.3
E00004962,C002924,2024-05-04,Outage,high,7.9
E00004963,C002924,2024-03-03,Billing,low,16.3
E00004964,C002924,2024-04-15,Outage,high,9.0
E00004965,C002925,2024-01-13,How-to,low,4.8
E00004966,C002925,2023-11-05,Bug,low,33.0
E00004967,C002926,2024-06-24,Billing,medium,53.2
E00004968,C002926,2024-08-20,Billing,high,9.3
E00004969,C002926,2023-07-02,Feature Request,low,10.1
E00004970,C002926,2024-01-15,How-to,low,20.2
E00004971,C002926,2023-03-01,How-to,high,50.7
E00004972,C002927,2025-07-07,How-to,high,5.9
E00004973,C002927,2025-10-14,Billing,high,147.6
E00004974,C002928,2023-08-17,Outage,low,7.5
E00004975,C002929,2024-04-10,Feature Request,low,4.8
E00004976,C002929,2025-03-04,How-to,critical,2.6
E00004977,C002929,2024-05-26,Feature Request,low,27.4
E00004978,C002930,2024-11-21,Billing,low,7.7
E00004979,C002931,2025-10-10,Billing,medium,16.4
E00004980,C002931,2022-09-23,Billing,low,15.6
E00004981,C002932,2024-11-20,Outage,critical,22.7
E00004982,C002932,2025-01-02,Bug,medium,25.2
E00004983,C002933,2025-06-21,Billing,medium,6.0
E00004984,C002934,2024-07-27,How-to,medium,25.4
E00004985,C002935,2025-03-03,Billing,medium,8.1
E00004986,C002936,2023-11-26,Billing,low,19.4
E00004987,C002937,2025-05-30,How-to,critical,25.4
E00004988,C002937,2025-02-21,Billing,low,4.4
E00004989,C002938,2025-08-28,Outage,critical,7.6
E00004990,C002938,2024-11-25,Bug,medium,6.3
E00004991,C002938,2025-03-24,Billing,medium,4.7
E00004992,C002939,2025-08-06,Billing,medium,14.4
E00004993,C002939,2025-09-02,Billing,low,4.6
E00004994,C002939,2025-08-12,Billing,low,4.9
E00004995,C002940,2024-09-17,Bug,high,60.8
E00004996,C002940,2024-01-26,Feature Request,low,8.3
E00004997,C002941,2025-07-29,How-to,low,6.5
E00004998,C002941,2025-01-07,Bug,medium,54.1
E00004999,C002941,2025-09-11,Bug,medium,5.9
E00005000,C002942,2025-11-24,How-to,low,23.5
E00005001,C002942,2025-11-29,Feature Request,low,5.0
E00005002,C002943,2025-06-07,Billing,medium,7.9
E00005003,C002945,2025-10-18,Outage,low,6.0
E00005004,C002945,2025-09-09,Billing,medium,30.5
E00005005,C002945,2025-10-27,Bug,low,33.6
E00005006,C002947,2024-07-08,Feature Request,low,12.7
E00005007,C002947,2024-08-03,Billing,critical,6.5
E00005008,C002948,2025-03-26,Billing,low,5.1
E00005009,C002950,2025-07-27,Billing,high,5.9
E00005010,C002951,2025-07-22,Billing,low,17.2
E00005011,C002952,2024-12-03,Outage,low,25.5
E00005012,C002952,2024-09-17,Bug,medium,4.1
E00005013,C002952,2025-06-22,How-to,medium,51.3
E00005014,C002953,2025-09-10,How-to,high,6.3
E00005015,C002953,2025-11-27,Outage,high,7.2
E00005016,C002953,2025-11-21,Feature Request,high,1.6
E00005017,C002953,2025-12-20,Billing,critical,5.6
E00005018,C002954,2024-11-30,How-to,medium,19.6
E00005019,C002955,2024-01-13,Billing,low,17.7
E00005020,C002956,2025-12-11,Billing,low,38.6
E00005021,C002956,2025-12-14,How-to,low,3.5
E00005022,C002956,2025-12-31,Outage,high,5.4
E00005023,C002957,2025-04-24,Billing,low,24.0
E00005024,C002958,2024-07-11,Bug,low,11.5
E00005025,C002959,2025-05-01,How-to,critical,69.2
E00005026,C002960,2025-11-30,Billing,medium,12.8
E00005027,C002960,2024-10-17,How-to,low,95.0
E00005028,C002961,2025-09-03,Billing,medium,8.6
E00005029,C002961,2025-09-24,Bug,medium,19.9
E00005030,C002961,2025-10-01,How-to,medium,7.7
E00005031,C002962,2023-11-28,Outage,low,1.4
E00005032,C002962,2024-07-21,Bug,medium,3.7
E00005033,C002962,2024-04-14,Feature Request,low,24.2
E00005034,C002963,2025-10-24,How-to,medium,6.2
E00005035,C002963,2025-11-03,Outage,low,6.4
E00005036,C002965,2025-09-26,How-to,low,6.5
E00005037,C002966,2025-08-14,Bug,high,26.8
E00005038,C002966,2025-03-05,How-to,medium,27.7
E00005039,C002968,2024-09-27,How-to,medium,11.6
E00005040,C002968,2022-12-10,Bug,low,20.8
E00005041,C002970,2025-04-01,Outage,medium,5.6
E00005042,C002970,2025-09-21,Bug,high,35.7
E00005043,C002971,2024-06-11,How-to,medium,3.1
E00005044,C002972,2025-05-06,Outage,medium,20.0
E00005045,C002972,2022-05-12,How-to,medium,11.4
E00005046,C002973,2025-09-18,How-to,medium,6.9
E00005047,C002973,2025-11-19,Outage,low,39.2
E00005048,C002973,2025-07-13,Billing,high,6.0
E00005049,C002973,2025-02-02,Bug,medium,3.8
E00005050,C002974,2025-11-22,Bug,high,6.2
E00005051,C002976,2025-01-16,Bug,low,22.3
E00005052,C002976,2024-11-12,Feature Request,low,62.0
E00005053,C002977,2025-01-25,How-to,low,9.7
E00005054,C002977,2025-09-14,Billing,medium,9.1
E00005055,C002980,2024-06-24,Outage,medium,6.1
E00005056,C002981,2025-05-16,Billing,medium,18.2
E00005057,C002981,2024-10-24,Billing,low,5.4
E00005058,C002982,2024-09-19,Bug,medium,4.4
E00005059,C002983,2025-12-18,Bug,high,22.7
E00005060,C002983,2025-07-29,How-to,low,14.9
E00005061,C002984,2025-05-05,Billing,medium,2.0
E00005062,C002985,2025-06-16,Bug,high,4.3
E00005063,C002987,2025-02-25,Feature Request,medium,4.5
E00005064,C002988,2025-05-31,Billing,medium,18.6
E00005065,C002988,2025-06-15,Billing,high,3.5
E00005066,C002989,2025-10-19,Outage,medium,12.4
E00005067,C002989,2025-09-21,Outage,low,23.5
E00005068,C002989,2025-08-01,Billing,high,17.8
E00005069,C002990,2025-05-02,Bug,low,6.0
E00005070,C002990,2024-09-24,Feature Request,medium,11.4
E00005071,C002992,2025-09-17,Billing,medium,11.9
E00005072,C002993,2025-01-30,Feature Request,high,59.4
E00005073,C002994,2025-05-11,How-to,low,6.6
E00005074,C002994,2025-05-15,Bug,low,43.9
E00005075,C002994,2025-07-04,Outage,high,7.1
E00005076,C002995,2025-11-24,How-to,medium,15.1
E00005077,C002995,2025-04-04,Billing,low,19.3
E00005078,C002996,2024-10-11,Feature Request,high,16.4
E00005079,C002997,2024-09-02,Bug,medium,23.4
E00005080,C002997,2023-09-03,Outage,low,6.5
E00005081,C002997,2025-02-13,How-to,low,24.5
E00005082,C002998,2025-05-23,Outage,medium,78.0
E00005083,C002999,2024-08-29,Outage,high,2.9
E00005084,C002999,2025-08-15,How-to,high,14.5
E00005085,C003000,2024-09-27,Billing,low,25.5
E00005086,C003000,2025-04-04,Billing,low,7.1
E00005087,C003000,2025-07-04,How-to,medium,8.4
E00005088,C003002,2025-03-31,Billing,low,12.3
E00005089,C003004,2025-12-29,Billing,medium,11.5
E00005090,C003005,2025-06-11,Billing,low,20.1
E00005091,C003005,2025-05-06,Bug,medium,4.4
E00005092,C003006,2024-06-23,Feature Request,low,3.5
E00005093,C003007,2024-08-20,Bug,low,44.6
E00005094,C003008,2024-02-23,Billing,medium,30.1
E00005095,C003008,2025-01-26,How-to,medium,1.3
E00005096,C003008,2023-11-21,Billing,low,21.3
E00005097,C003008,2025-08-28,How-to,low,10.1
E00005098,C003009,2024-07-09,How-to,low,2.5
E00005099,C003010,2025-12-21,Bug,medium,41.8
E00005100,C003011,2024-12-27,Outage,low,16.7
E00005101,C003011,2023-06-17,Bug,low,11.4
E00005102,C003012,2024-04-12,Bug,low,12.4
E00005103,C003012,2024-08-03,Billing,low,41.5
E00005104,C003013,2022-03-07,How-to,low,7.3
E00005105,C003013,2022-09-13,How-to,high,11.0
E00005106,C003014,2025-10-30,Outage,low,11.3
E00005107,C003016,2025-02-05,How-to,low,6.8
E00005108,C003017,2025-03-23,Feature Request,low,2.8
E00005109,C003017,2025-07-02,Billing,medium,5.8
E00005110,C003017,2025-07-06,Billing,low,6.7
E00005111,C003017,2024-06-30,Billing,high,17.3
E00005112,C003017,2025-04-23,Bug,medium,2.9
E00005113,C003018,2024-09-26,Feature Request,medium,2.2
E00005114,C003018,2023-10-20,Feature Request,low,10.8
E00005115,C003019,2025-04-24,Bug,low,10.6
E00005116,C003019,2024-05-08,Bug,high,7.5
E00005117,C003019,2024-06-29,Billing,medium,19.4
E00005118,C003020,2025-09-24,Bug,low,40.6
E00005119,C003023,2024-03-16,Feature Request,low,10.4
E00005120,C003025,2024-04-28,How-to,low,7.1
E00005121,C003025,2023-12-01,Billing,medium,5.0
E00005122,C003026,2024-12-18,How-to,low,16.2
E00005123,C003027,2023-02-03,Outage,low,20.1
E00005124,C003029,2023-04-25,How-to,low,7.3
E00005125,C003030,2025-07-12,Outage,medium,13.9
E00005126,C003030,2025-10-15,How-to,medium,4.3
E00005127,C003031,2025-11-20,How-to,low,6.5
E00005128,C003033,2025-03-04,How-to,low,1.8
E00005129,C003033,2025-09-25,How-to,low,7.4
E00005130,C003034,2024-07-31,Billing,medium,11.6
E00005131,C003034,2025-06-29,Billing,medium,11.8
E00005132,C003035,2023-11-26,How-to,medium,14.7
E00005133,C003035,2022-12-09,How-to,medium,21.5
E00005134,C003035,2023-12-30,Bug,low,5.8
E00005135,C003036,2025-11-18,Billing,medium,7.7
E00005136,C003036,2025-11-02,How-to,high,3.1
E00005137,C003037,2025-10-04,How-to,medium,5.9
E00005138,C003038,2023-10-17,How-to,medium,6.3
E00005139,C003039,2024-08-27,How-to,medium,10.3
E00005140,C003040,2024-04-02,Bug,high,18.8
E00005141,C003040,2023-05-23,Feature Request,low,4.2
E00005142,C003041,2025-03-20,Feature Request,low,7.2
E00005143,C003041,2024-12-10,Feature Request,medium,27.9
E00005144,C003041,2025-10-25,Bug,high,3.4
E00005145,C003042,2024-10-09,How-to,medium,20.8
E00005146,C003042,2023-10-24,Feature Request,medium,10.6
E00005147,C003043,2023-10-14,Billing,medium,41.6
E00005148,C003043,2025-02-17,Bug,high,23.6
E00005149,C003043,2024-07-23,Bug,low,45.0
E00005150,C003044,2025-02-23,Billing,medium,18.8
E00005151,C003045,2024-05-20,Billing,low,18.0
E00005152,C003045,2023-12-14,Bug,low,4.5
E00005153,C003046,2025-08-04,How-to,high,22.8
E00005154,C003046,2025-06-26,Feature Request,medium,17.6
E00005155,C003046,2025-09-17,Bug,high,8.4
E00005156,C003047,2025-01-15,How-to,medium,9.1
E00005157,C003047,2025-01-15,Bug,medium,6.2
E00005158,C003047,2025-03-20,How-to,low,29.4
E00005159,C003048,2024-12-23,Billing,medium,23.5
E00005160,C003049,2024-06-08,Feature Request,low,18.4
E00005161,C003050,2025-06-03,Bug,low,3.8
E00005162,C003050,2025-03-26,Feature Request,low,12.6
E00005163,C003051,2025-09-09,Feature Request,medium,5.9
E00005164,C003052,2024-10-07,Bug,low,8.2
E00005165,C003052,2024-04-21,Feature Request,medium,3.8
E00005166,C003053,2025-05-21,How-to,medium,5.6
E00005167,C003053,2025-12-23,Bug,high,26.8
E00005168,C003053,2025-11-18,How-to,low,8.6
E00005169,C003054,2024-08-01,How-to,medium,8.5
E00005170,C003055,2025-02-07,How-to,low,11.7
E00005171,C003055,2025-07-13,How-to,low,48.0
E00005172,C003055,2025-03-21,How-to,high,7.5
E00005173,C003055,2025-11-14,Bug,low,65.5
E00005174,C003056,2025-06-09,Feature Request,low,11.6
E00005175,C003056,2025-09-28,How-to,medium,22.2
E00005176,C003057,2025-09-20,Feature Request,low,6.9
E00005177,C003059,2024-07-16,Bug,low,17.9
E00005178,C003059,2024-03-10,Outage,low,10.6
E00005179,C003060,2024-03-30,Billing,low,8.9
E00005180,C003061,2023-08-28,Billing,medium,15.1
E00005181,C003061,2023-03-30,Bug,low,4.8
E00005182,C003061,2023-03-28,Bug,critical,6.7
E00005183,C003061,2023-01-29,Feature Request,medium,5.9
E00005184,C003061,2024-04-14,Bug,medium,13.4
E00005185,C003061,2025-05-09,How-to,medium,6.1
E00005186,C003062,2023-12-27,How-to,low,8.6
E00005187,C003062,2024-12-11,How-to,low,30.3
E00005188,C003063,2023-08-04,Feature Request,low,9.2
E00005189,C003063,2025-04-18,Bug,medium,12.9
E00005190,C003064,2023-06-15,How-to,low,18.5
E00005191,C003064,2023-06-27,Feature Request,high,6.3
E00005192,C003065,2025-08-14,Feature Request,medium,15.6
E00005193,C003067,2025-06-16,Billing,high,9.5
E00005194,C003067,2025-06-20,Bug,medium,21.7
E00005195,C003068,2025-10-03,Outage,low,1.0
E00005196,C003070,2023-11-01,Feature Request,low,10.1
E00005197,C003070,2022-06-21,Feature Request,low,26.1
E00005198,C003071,2024-04-20,Outage,medium,4.4
E00005199,C003071,2025-02-16,How-to,low,15.6
E00005200,C003071,2024-10-09,How-to,low,10.5
E00005201,C003072,2025-11-07,How-to,medium,16.7
E00005202,C003072,2023-12-05,How-to,low,91.3
E00005203,C003073,2023-03-05,How-to,medium,6.6
E00005204,C003073,2023-05-28,Outage,low,6.5
E00005205,C003073,2023-05-02,Billing,medium,9.3
E00005206,C003073,2023-05-03,Billing,low,43.8
E00005207,C003074,2025-09-15,Billing,low,7.4
E00005208,C003074,2025-11-20,How-to,low,11.2
E00005209,C003074,2025-08-18,Bug,medium,107.8
E00005210,C003074,2025-08-24,Feature Request,low,6.4
E00005211,C003077,2022-08-14,Feature Request,medium,7.5
E00005212,C003077,2024-08-25,Outage,low,5.8
E00005213,C003077,2023-12-30,Outage,low,4.3
E00005214,C003079,2024-10-26,How-to,medium,16.8
E00005215,C003080,2025-12-24,Outage,low,3.5
E00005216,C003083,2024-03-30,Billing,medium,19.1
E00005217,C003083,2024-02-03,Outage,high,17.7
E00005218,C003083,2024-05-14,Bug,high,2.9
E00005219,C003083,2023-04-29,How-to,low,36.8
E00005220,C003084,2023-11-14,Bug,low,9.3
E00005221,C003084,2023-12-08,How-to,low,4.8
E00005222,C003085,2025-02-13,How-to,medium,17.1
E00005223,C003086,2025-11-15,Bug,medium,21.9
E00005224,C003087,2024-07-01,How-to,critical,7.8
E00005225,C003087,2024-10-09,How-to,high,11.6
E00005226,C003088,2022-12-01,Billing,low,14.4
E00005227,C003088,2022-09-30,Feature Request,medium,19.3
E00005228,C003088,2022-10-04,Feature Request,medium,8.4
E00005229,C003089,2024-09-16,Outage,low,7.4
E00005230,C003090,2024-06-24,How-to,medium,15.0
E00005231,C003090,2024-06-14,Outage,medium,8.0
E00005232,C003091,2024-03-25,Feature Request,low,18.7
E00005233,C003091,2023-12-08,Bug,low,8.3
E00005234,C003093,2024-11-23,Bug,high,11.2
E00005235,C003093,2024-12-06,Bug,low,42.5
E00005236,C003094,2024-01-10,Outage,high,3.0
E00005237,C003095,2025-09-26,How-to,medium,6.8
E00005238,C003096,2025-11-02,Bug,medium,9.2
E00005239,C003097,2024-05-24,How-to,low,9.7
E00005240,C003098,2025-11-07,Billing,medium,9.8
E00005241,C003099,2024-09-12,How-to,low,19.1
E00005242,C003102,2023-02-25,How-to,high,11.4
E00005243,C003102,2023-06-03,Billing,low,11.3
E00005244,C003103,2024-02-22,How-to,low,16.2
E00005245,C003103,2022-08-29,How-to,high,14.3
E00005246,C003104,2025-03-15,Outage,medium,22.7
E00005247,C003104,2025-06-14,How-to,medium,74.7
E00005248,C003107,2025-07-23,Billing,medium,18.4
E00005249,C003107,2025-06-04,How-to,high,7.3
E00005250,C003108,2024-11-07,Billing,medium,22.4
E00005251,C003108,2025-07-05,Feature Request,low,13.9
E00005252,C003108,2024-11-13,How-to,high,1.9
E00005253,C003108,2024-10-20,Bug,medium,36.5
E00005254,C003108,2023-08-26,How-to,medium,17.9
E00005255,C003109,2025-08-25,Billing,high,58.9
E00005256,C003109,2025-09-23,How-to,medium,6.2
E00005257,C003109,2025-08-31,Billing,high,5.8
E00005258,C003110,2023-11-10,Bug,medium,9.0
E00005259,C003110,2025-03-03,Billing,low,6.0
E00005260,C003110,2023-02-28,Feature Request,low,3.4
E00005261,C003111,2025-03-29,How-to,high,3.3
E00005262,C003111,2024-04-05,Feature Request,high,58.7
E00005263,C003111,2024-06-27,Bug,low,3.2
E00005264,C003112,2025-01-16,How-to,low,11.3
E00005265,C003112,2025-06-21,How-to,high,3.9
E00005266,C003112,2025-04-21,How-to,low,16.2
E00005267,C003113,2024-06-04,How-to,medium,8.2
E00005268,C003113,2022-08-01,Bug,low,41.8
E00005269,C003114,2025-09-22,Bug,low,6.6
E00005270,C003114,2025-12-16,How-to,high,30.3
E00005271,C003115,2024-03-12,Feature Request,low,17.3
E00005272,C003115,2025-04-20,How-to,low,5.1
E00005273,C003115,2025-02-23,Outage,high,23.1
E00005274,C003116,2025-11-19,Billing,low,27.5
E00005275,C003116,2025-10-17,How-to,medium,50.6
E00005276,C003117,2025-06-04,How-to,low,20.1
E00005277,C003117,2024-06-21,Feature Request,medium,11.9
E00005278,C003118,2025-02-10,How-to,critical,10.4
E00005279,C003120,2025-08-27,How-to,medium,6.7
E00005280,C003121,2024-10-12,Feature Request,low,29.5
E00005281,C003122,2025-12-20,How-to,low,54.9
E00005282,C003122,2025-12-01,How-to,medium,4.3
E00005283,C003123,2024-10-17,How-to,low,8.3
E00005284,C003124,2025-11-06,Billing,low,20.7
E00005285,C003124,2024-06-27,How-to,low,7.9
E00005286,C003124,2025-10-22,Billing,medium,13.3
E00005287,C003125,2025-03-24,Bug,high,11.5
E00005288,C003125,2024-04-20,Outage,medium,26.2
E00005289,C003126,2025-12-11,How-to,high,39.9
E00005290,C003126,2025-12-03,Feature Request,high,37.8
E00005291,C003128,2025-12-09,Bug,high,19.2
E00005292,C003128,2025-09-29,Feature Request,medium,8.8
E00005293,C003129,2025-10-21,Billing,low,14.9
E00005294,C003129,2024-08-13,Billing,high,24.0
E00005295,C003130,2025-02-23,Outage,low,17.5
E00005296,C003130,2025-02-10,Outage,low,14.2
E00005297,C003131,2024-03-11,Billing,low,26.5
E00005298,C003131,2024-01-03,Billing,low,27.0
E00005299,C003132,2025-08-07,Billing,low,7.7
E00005300,C003132,2025-02-11,Billing,high,29.2
E00005301,C003132,2024-06-11,How-to,medium,13.8
E00005302,C003132,2025-02-23,Billing,medium,8.4
E00005303,C003133,2025-01-30,Outage,critical,9.6
E00005304,C003133,2025-02-03,Outage,medium,14.6
E00005305,C003135,2025-03-24,Billing,high,11.3
E00005306,C003135,2025-09-16,Billing,medium,11.8
E00005307,C003136,2023-10-22,How-to,medium,62.5
E00005308,C003137,2025-08-22,Feature Request,low,6.2
E00005309,C003137,2025-05-24,Billing,medium,14.0
E00005310,C003138,2025-06-01,Outage,high,12.7
E00005311,C003140,2025-07-20,Bug,medium,3.2
E00005312,C003142,2024-12-12,How-to,medium,5.1
E00005313,C003143,2024-07-14,Billing,critical,13.5
E00005314,C003143,2024-01-06,How-to,high,7.6
E00005315,C003143,2025-04-06,Outage,low,18.3
E00005316,C003143,2024-10-09,Billing,low,20.1
E00005317,C003144,2025-03-05,Bug,low,10.0
E00005318,C003144,2024-09-20,Billing,medium,28.7
E00005319,C003145,2025-03-26,Billing,high,32.5
E00005320,C003145,2025-01-22,Billing,high,42.5
E00005321,C003145,2025-08-14,Billing,medium,9.3
E00005322,C003146,2024-12-07,Billing,low,11.3
E00005323,C003146,2024-05-20,Outage,medium,39.2
E00005324,C003146,2025-02-15,Billing,low,6.5
E00005325,C003148,2025-10-04,Outage,medium,21.4
E00005326,C003148,2025-05-09,Billing,medium,14.9
E00005327,C003148,2025-06-14,How-to,medium,14.4
E00005328,C003148,2025-10-07,Billing,high,4.2
E00005329,C003150,2024-05-05,Billing,low,12.8
E00005330,C003150,2023-12-25,Bug,medium,27.2
E00005331,C003150,2022-06-29,Billing,low,5.3
E00005332,C003151,2025-11-29,Billing,high,13.7
E00005333,C003154,2025-10-02,How-to,medium,8.8
E00005334,C003155,2024-10-30,Feature Request,low,13.3
E00005335,C003156,2025-05-10,How-to,high,10.4
E00005336,C003156,2025-08-05,How-to,critical,4.9
E00005337,C003157,2025-09-30,How-to,high,8.4
E00005338,C003157,2025-04-17,Outage,high,21.6
E00005339,C003158,2025-12-17,How-to,high,14.5
E00005340,C003158,2025-11-30,Billing,low,4.0
E00005341,C003158,2025-12-22,Bug,high,39.7
E00005342,C003159,2025-11-09,Billing,high,13.9
E00005343,C003159,2025-04-20,How-to,high,27.0
E00005344,C003159,2024-10-08,Billing,medium,17.9
E00005345,C003160,2025-11-17,Billing,medium,20.6
E00005346,C003161,2024-05-10,How-to,medium,4.6
E00005347,C003161,2023-08-10,How-to,medium,15.7
E00005348,C003162,2025-07-10,Feature Request,medium,5.4
E00005349,C003162,2025-11-13,Bug,medium,6.4
E00005350,C003162,2025-11-13,Bug,low,9.5
E00005351,C003163,2025-07-06,How-to,high,16.9
E00005352,C003163,2025-10-01,Bug,low,11.6
E00005353,C003164,2025-11-10,Feature Request,low,1.7
E00005354,C003166,2025-03-22,Billing,low,12.3
E00005355,C003166,2025-04-05,Feature Request,low,5.8
E00005356,C003167,2025-10-22,Billing,medium,15.3
E00005357,C003167,2025-03-27,Bug,low,37.3
E00005358,C003168,2024-02-15,Billing,low,7.7
E00005359,C003168,2025-06-11,How-to,low,43.2
E00005360,C003168,2024-12-07,Billing,medium,15.0
E00005361,C003168,2023-06-16,How-to,medium,4.7
E00005362,C003169,2025-06-04,Outage,high,8.0
E00005363,C003169,2025-07-26,How-to,high,19.6
E00005364,C003169,2025-09-11,Billing,high,25.7
E00005365,C003169,2025-05-05,Outage,low,36.1
E00005366,C003170,2025-01-09,Billing,low,12.4
E00005367,C003171,2025-08-08,Billing,critical,12.7
E00005368,C003171,2024-06-21,Bug,low,7.4
E00005369,C003172,2025-12-17,Feature Request,low,22.0
E00005370,C003173,2024-11-03,How-to,medium,2.5
E00005371,C003175,2025-12-22,How-to,low,136.4
E00005372,C003176,2025-01-06,Billing,low,11.1
E00005373,C003177,2025-06-02,Outage,high,36.7
E00005374,C003177,2025-10-09,Bug,medium,13.0
E00005375,C003178,2025-01-28,Outage,low,10.6
E00005376,C003178,2024-08-07,Feature Request,low,33.8
E00005377,C003178,2023-04-11,Outage,medium,6.0
E00005378,C003178,2023-09-08,How-to,medium,18.9
E00005379,C003178,2023-05-20,Billing,low,15.7
E00005380,C003181,2022-11-28,How-to,medium,10.0
E00005381,C003181,2023-10-05,Billing,medium,61.5
E00005382,C003182,2024-11-01,Outage,low,12.1
E00005383,C003182,2023-02-27,How-to,low,1.9
E00005384,C003185,2025-07-07,Billing,high,6.7
E00005385,C003186,2025-11-16,Feature Request,low,24.4
E00005386,C003187,2025-06-08,How-to,medium,7.0
E00005387,C003188,2024-09-20,Feature Request,high,30.1
E00005388,C003189,2023-11-19,Bug,low,6.8
E00005389,C003189,2025-04-03,Bug,high,18.3
E00005390,C003190,2025-12-16,Bug,medium,26.4
E00005391,C003190,2025-11-20,Bug,low,4.3
E00005392,C003191,2024-07-28,How-to,low,13.7
E00005393,C003192,2025-01-01,Bug,low,20.2
E00005394,C003192,2025-08-27,How-to,medium,8.1
E00005395,C003193,2025-11-20,Bug,low,5.6
E00005396,C003193,2025-05-01,How-to,low,27.3
E00005397,C003194,2024-09-07,Outage,low,28.5
E00005398,C003195,2025-02-08,How-to,medium,5.0
E00005399,C003195,2024-12-25,Feature Request,low,27.2
E00005400,C003195,2025-05-19,Billing,medium,19.1
E00005401,C003196,2023-09-09,Bug,medium,5.8
E00005402,C003196,2022-11-25,Outage,medium,21.6
E00005403,C003197,2023-05-17,How-to,medium,8.7
E00005404,C003197,2025-04-12,Feature Request,high,4.7
E00005405,C003199,2025-12-10,Outage,medium,20.1
E00005406,C003199,2025-12-18,Bug,low,15.0
E00005407,C003199,2025-11-24,How-to,high,59.4
E00005408,C003200,2024-05-15,Feature Request,medium,2.3
E00005409,C003200,2025-08-09,Outage,high,73.2
E00005410,C003200,2024-11-19,Billing,medium,6.6
E00005411,C003200,2025-03-13,Outage,medium,10.8
E00005412,C003201,2025-11-21,Billing,high,6.3
E00005413,C003201,2025-10-22,How-to,high,46.9
E00005414,C003202,2025-10-19,Bug,low,6.0
E00005415,C003205,2024-04-28,Billing,high,79.8
E00005416,C003206,2025-05-13,Bug,high,28.7
E00005417,C003207,2025-12-18,Bug,medium,10.2
E00005418,C003207,2025-12-14,Billing,medium,6.8
E00005419,C003208,2025-04-11,Feature Request,high,23.5
E00005420,C003209,2024-04-24,Outage,low,10.6
E00005421,C003209,2024-04-07,Bug,medium,20.3
E00005422,C003211,2025-11-16,Feature Request,high,16.6
E00005423,C003211,2025-10-21,Bug,medium,5.3
E00005424,C003214,2025-12-01,Bug,medium,5.1
E00005425,C003214,2025-10-19,Feature Request,low,91.8
E00005426,C003214,2025-12-14,How-to,high,4.9
E00005427,C003214,2025-10-28,Billing,medium,15.5
E00005428,C003214,2025-11-10,Billing,low,20.6
E00005429,C003214,2025-11-24,Billing,low,6.4
E00005430,C003215,2024-12-24,Feature Request,high,7.6
E00005431,C003216,2023-06-02,Bug,low,6.5
E00005432,C003217,2025-03-13,How-to,low,6.8
E00005433,C003217,2023-08-08,Billing,high,4.8
E00005434,C003217,2023-04-26,Feature Request,high,20.2
E00005435,C003217,2023-03-21,How-to,low,33.3
E00005436,C003218,2023-11-01,How-to,low,44.1
E00005437,C003218,2023-11-21,Billing,low,5.2
E00005438,C003220,2025-01-02,How-to,high,21.0
E00005439,C003222,2025-07-13,Outage,medium,2.5
E00005440,C003223,2025-07-11,Bug,high,13.8
E00005441,C003223,2025-06-01,How-to,low,134.2
E00005442,C003223,2025-07-23,How-to,medium,23.6
E00005443,C003224,2025-11-29,Feature Request,high,39.3
E00005444,C003225,2025-05-15,Outage,critical,15.4
E00005445,C003225,2025-08-25,Outage,medium,7.8
E00005446,C003226,2025-03-16,How-to,low,5.8
E00005447,C003226,2025-02-04,Outage,high,7.0
E00005448,C003227,2025-08-20,Feature Request,low,4.4
E00005449,C003227,2024-08-26,Bug,high,24.3
E00005450,C003227,2025-10-14,How-to,low,13.3
E00005451,C003228,2024-05-13,How-to,low,14.1
E00005452,C003228,2025-09-03,How-to,low,8.8
E00005453,C003228,2025-03-31,Bug,low,10.6
E00005454,C003228,2023-11-20,How-to,medium,6.4
E00005455,C003229,2025-10-28,How-to,high,22.9
E00005456,C003230,2025-07-19,How-to,critical,31.4
E00005457,C003230,2025-12-19,Feature Request,low,3.7
E00005458,C003232,2023-10-17,Feature Request,high,14.8
E00005459,C003232,2025-09-13,How-to,low,27.8
E00005460,C003233,2025-06-20,Feature Request,low,7.0
E00005461,C003234,2025-04-04,Billing,low,12.9
E00005462,C003235,2025-07-09,Feature Request,medium,16.9
E00005463,C003235,2025-01-17,Bug,low,9.0
E00005464,C003236,2024-03-30,How-to,medium,12.3
E00005465,C003236,2024-04-28,Billing,low,52.7
E00005466,C003237,2024-09-19,Billing,low,1.8
E00005467,C003237,2025-01-13,Bug,low,3.1
E00005468,C003238,2025-11-28,Billing,high,12.9
E00005469,C003238,2025-11-30,Bug,medium,16.9
E00005470,C003239,2025-10-22,Bug,low,21.0
E00005471,C003240,2025-05-24,Bug,low,51.1
E00005472,C003240,2024-03-19,Bug,high,7.5
E00005473,C003241,2023-09-30,How-to,medium,8.6
E00005474,C003242,2025-04-14,Billing,high,4.6
E00005475,C003242,2024-05-17,Outage,high,9.0
E00005476,C003242,2024-12-09,Feature Request,low,18.1
E00005477,C003243,2025-08-01,How-to,critical,15.5
E00005478,C003244,2024-03-09,Feature Request,high,4.5
E00005479,C003244,2025-02-22,How-to,medium,15.5
E00005480,C003245,2025-02-17,Billing,medium,10.7
E00005481,C003245,2025-05-06,Bug,low,18.4
E00005482,C003247,2025-05-31,Bug,low,63.9
E00005483,C003247,2025-12-19,Billing,low,4.4
E00005484,C003247,2025-11-02,Feature Request,high,1.6
E00005485,C003247,2025-06-22,Feature Request,medium,13.8
E00005486,C003248,2023-08-22,How-to,critical,19.4
E00005487,C003249,2024-06-09,Billing,high,24.1
E00005488,C003249,2022-09-30,Billing,high,8.5
E00005489,C003250,2023-08-19,Bug,low,7.2
E00005490,C003250,2023-07-22,How-to,high,11.6
E00005491,C003250,2023-08-07,Billing,low,19.9
E00005492,C003252,2025-11-27,Bug,medium,16.2
E00005493,C003252,2025-04-19,How-to,high,30.3
E00005494,C003253,2022-08-18,Billing,critical,6.8
E00005495,C003256,2023-02-01,How-to,medium,10.9
E00005496,C003256,2024-06-22,Bug,high,7.1
E00005497,C003256,2024-01-19,Billing,medium,33.1
E00005498,C003258,2025-10-25,Feature Request,low,3.7
E00005499,C003258,2023-01-01,Billing,critical,8.0
E00005500,C003258,2025-03-17,Billing,high,24.4
E00005501,C003259,2025-05-23,Bug,high,52.1
E00005502,C003259,2025-03-21,Feature Request,medium,37.7
E00005503,C003259,2025-07-17,Outage,critical,13.2
E00005504,C003260,2024-06-15,How-to,low,16.5
E00005505,C003260,2024-05-27,Billing,low,8.1
E00005506,C003260,2025-04-25,Billing,medium,11.4
E00005507,C003261,2023-10-14,Bug,low,5.7
E00005508,C003262,2024-11-28,Billing,medium,17.4
E00005509,C003262,2024-01-01,Billing,low,22.1
E00005510,C003263,2025-12-12,Feature Request,medium,12.6
E00005511,C003263,2025-02-07,Bug,low,11.8
E00005512,C003267,2025-11-14,Feature Request,low,3.0
E00005513,C003268,2025-10-01,How-to,low,4.9
E00005514,C003268,2025-04-15,How-to,medium,3.2
E00005515,C003269,2025-10-25,Billing,low,12.8
E00005516,C003270,2025-11-26,Billing,medium,9.7
E00005517,C003271,2024-02-21,Feature Request,critical,6.6
E00005518,C003271,2022-09-18,Bug,low,11.9
E00005519,C003272,2024-02-28,How-to,critical,19.5
E00005520,C003274,2023-12-18,How-to,high,15.8
E00005521,C003274,2023-12-18,Billing,high,12.2
E00005522,C003275,2023-06-22,Billing,medium,26.5
E00005523,C003276,2025-09-12,Billing,medium,11.7
E00005524,C003276,2025-10-02,How-to,medium,6.6
E00005525,C003277,2024-08-20,Feature Request,low,20.5
E00005526,C003277,2025-05-20,Billing,low,63.4
E00005527,C003277,2025-06-11,How-to,high,10.3
E00005528,C003278,2023-06-21,Billing,high,18.9
E00005529,C003278,2023-02-02,How-to,low,9.8
E00005530,C003278,2023-06-04,Outage,high,10.8
E00005531,C003278,2025-09-19,How-to,low,16.2
E00005532,C003278,2024-07-20,Feature Request,medium,5.5
E00005533,C003279,2025-12-04,Billing,low,8.4
E00005534,C003280,2025-11-06,Billing,low,2.0
E00005535,C003280,2025-12-03,Feature Request,medium,7.1
E00005536,C003280,2024-11-15,Billing,low,19.3
E00005537,C003281,2025-07-08,Billing,low,5.6
E00005538,C003281,2024-04-29,How-to,low,7.9
E00005539,C003281,2023-05-05,Billing,low,3.8
E00005540,C003282,2025-06-24,How-to,critical,12.4
E00005541,C003283,2025-11-23,Feature Request,medium,18.0
E00005542,C003283,2025-10-19,Billing,medium,4.1
E00005543,C003284,2023-07-28,How-to,medium,13.7
E00005544,C003284,2023-08-13,Outage,medium,25.4
E00005545,C003286,2025-09-07,Feature Request,medium,2.0
E00005546,C003286,2024-01-13,Billing,low,6.9
E00005547,C003286,2024-03-17,Billing,medium,17.5
E00005548,C003286,2025-11-18,How-to,low,10.5
E00005549,C003286,2024-10-18,How-to,medium,3.2
E00005550,C003286,2025-03-24,How-to,low,9.4
E00005551,C003287,2025-09-17,Feature Request,high,9.3
E00005552,C003287,2023-12-26,How-to,medium,13.0
E00005553,C003287,2024-04-18,Bug,medium,5.2
E00005554,C003288,2023-11-10,Bug,low,17.2
E00005555,C003288,2025-03-23,Feature Request,critical,15.1
E00005556,C003289,2023-12-25,Feature Request,high,110.9
E00005557,C003289,2022-10-11,Bug,low,12.8
E00005558,C003291,2024-07-25,Billing,low,6.5
E00005559,C003291,2025-12-10,How-to,medium,6.4
E00005560,C003291,2024-01-12,How-to,high,14.1
E00005561,C003292,2025-02-16,How-to,low,37.5
E00005562,C003293,2024-07-22,Billing,low,12.9
E00005563,C003295,2024-12-16,How-to,medium,19.8
E00005564,C003295,2024-10-04,Bug,medium,21.4
E00005565,C003298,2025-08-02,Outage,low,3.7
E00005566,C003299,2025-03-17,Billing,high,110.7
E00005567,C003299,2024-11-08,Bug,low,27.3
E00005568,C003300,2025-09-18,Feature Request,high,16.0
E00005569,C003300,2025-06-18,Billing,low,17.7
E00005570,C003302,2024-08-19,Billing,high,6.8
E00005571,C003303,2025-09-19,Outage,low,32.0
E00005572,C003303,2024-12-03,How-to,low,10.4
E00005573,C003304,2024-11-27,How-to,high,15.2
E00005574,C003305,2023-01-14,Bug,high,15.1
E00005575,C003305,2022-12-27,Feature Request,low,15.7
E00005576,C003305,2024-01-05,How-to,medium,7.1
E00005577,C003305,2024-07-11,Billing,high,12.6
E00005578,C003306,2024-06-30,How-to,medium,28.3
E00005579,C003306,2023-01-06,How-to,low,23.6
E00005580,C003306,2025-05-21,How-to,low,3.2
E00005581,C003306,2024-02-15,Billing,low,17.1
E00005582,C003307,2025-02-12,Bug,high,7.5
E00005583,C003308,2023-07-17,Outage,low,8.8
E00005584,C003308,2024-04-15,Outage,medium,5.4
E00005585,C003309,2025-02-05,How-to,medium,8.8
E00005586,C003309,2025-11-04,Billing,medium,33.4
E00005587,C003310,2025-11-25,Feature Request,low,4.5
E00005588,C003310,2025-12-23,How-to,low,12.6
E00005589,C003311,2024-04-24,Feature Request,low,5.2
E00005590,C003311,2025-08-13,Feature Request,low,35.5
E00005591,C003312,2025-01-07,Feature Request,high,4.2
E00005592,C003313,2025-10-05,Bug,low,1.0
E00005593,C003315,2024-06-18,Billing,low,37.9
E00005594,C003317,2025-06-22,Billing,medium,2.5
E00005595,C003317,2025-12-20,Bug,low,46.6
E00005596,C003318,2024-09-02,Billing,medium,21.4
E00005597,C003318,2024-04-12,Feature Request,high,10.1
E00005598,C003318,2025-07-14,How-to,medium,57.0
E00005599,C003319,2024-07-15,Outage,medium,72.8
E00005600,C003320,2025-02-01,Feature Request,medium,5.1
E00005601,C003320,2024-09-25,How-to,high,8.2
E00005602,C003322,2022-09-17,How-to,low,10.7
E00005603,C003323,2025-07-19,Billing,low,14.4
E00005604,C003323,2025-11-17,How-to,high,6.7
E00005605,C003324,2025-12-23,Bug,critical,12.5
E00005606,C003324,2025-12-17,Bug,medium,18.6
E00005607,C003325,2024-07-30,Outage,critical,5.8
E00005608,C003325,2025-03-04,Outage,high,6.3
E00005609,C003325,2025-02-24,Outage,low,109.6
E00005610,C003327,2025-04-10,Billing,medium,17.8
E00005611,C003327,2024-12-05,Billing,medium,16.3
E00005612,C003328,2024-04-04,Outage,low,19.8
E00005613,C003329,2025-05-23,How-to,high,10.4
E00005614,C003329,2024-01-23,Bug,low,30.1
E00005615,C003329,2025-07-05,Outage,low,7.2
E00005616,C003330,2025-11-30,How-to,low,17.3
E00005617,C003330,2025-08-21,Billing,medium,21.1
E00005618,C003330,2025-08-05,How-to,medium,8.3
E00005619,C003332,2025-06-28,Billing,medium,14.0
E00005620,C003332,2025-05-14,Bug,low,19.9
E00005621,C003332,2025-05-30,Billing,low,36.1
E00005622,C003333,2025-12-13,Billing,medium,19.1
E00005623,C003334,2025-09-28,How-to,low,120.4
E00005624,C003335,2024-06-03,Bug,low,24.0
E00005625,C003335,2025-04-13,How-to,medium,5.5
E00005626,C003335,2024-07-11,Outage,low,15.7
E00005627,C003336,2025-03-15,Billing,low,34.7
E00005628,C003337,2025-02-22,How-to,medium,14.0
E00005629,C003338,2022-04-16,Bug,low,22.4
E00005630,C003338,2022-08-01,Feature Request,low,30.9
E00005631,C003339,2025-06-10,Bug,low,15.2
E00005632,C003339,2025-08-21,Feature Request,high,36.4
E00005633,C003341,2025-08-30,Billing,low,13.5
E00005634,C003341,2024-09-04,Feature Request,low,6.9
E00005635,C003342,2024-08-09,Bug,high,26.1
E00005636,C003342,2025-10-05,How-to,high,35.3
E00005637,C003344,2024-11-16,How-to,medium,7.7
E00005638,C003344,2025-10-09,Bug,medium,28.5
E00005639,C003345,2024-07-06,Billing,low,10.4
E00005640,C003345,2024-03-15,Outage,medium,44.3
E00005641,C003345,2025-01-27,How-to,medium,23.4
E00005642,C003345,2025-02-26,Billing,low,18.6
E00005643,C003346,2025-08-03,Billing,medium,5.5
E00005644,C003347,2025-01-30,Billing,high,11.0
E00005645,C003347,2025-01-29,How-to,high,18.0
E00005646,C003348,2023-10-25,Feature Request,low,8.5
E00005647,C003348,2025-02-25,Billing,medium,15.5
E00005648,C003349,2023-04-28,Outage,low,5.5
E00005649,C003349,2025-09-21,Billing,low,43.8
E00005650,C003349,2024-02-25,Feature Request,critical,2.4
E00005651,C003350,2025-02-07,How-to,low,38.7
E00005652,C003351,2024-06-21,How-to,medium,18.0
E00005653,C003352,2025-09-09,Feature Request,medium,2.5
E00005654,C003352,2025-09-17,Bug,high,41.6
E00005655,C003353,2024-01-04,Feature Request,medium,10.5
E00005656,C003353,2025-12-09,Bug,low,3.9
E00005657,C003353,2025-07-20,Feature Request,medium,7.9
E00005658,C003353,2024-01-28,How-to,medium,11.1
E00005659,C003354,2024-12-13,Bug,low,15.4
E00005660,C003354,2025-03-17,Outage,medium,11.1
E00005661,C003354,2025-04-18,Bug,medium,14.2
E00005662,C003355,2025-11-30,Feature Request,medium,13.0
E00005663,C003355,2025-12-04,How-to,high,17.5
E00005664,C003355,2025-12-05,How-to,low,15.0
E00005665,C003357,2024-10-05,Billing,low,7.6
E00005666,C003357,2023-03-21,Bug,medium,24.5
E00005667,C003357,2024-02-15,Billing,medium,4.3
E00005668,C003358,2025-11-06,How-to,medium,76.8
E00005669,C003359,2023-10-22,How-to,medium,14.3
E00005670,C003359,2023-05-31,Feature Request,medium,9.1
E00005671,C003363,2023-08-22,How-to,low,9.5
E00005672,C003364,2025-11-09,How-to,low,31.8
E00005673,C003365,2025-04-03,How-to,medium,15.7
E00005674,C003366,2024-12-10,How-to,medium,7.0
E00005675,C003366,2024-12-29,Billing,medium,6.8
E00005676,C003367,2025-08-19,Bug,low,8.9
E00005677,C003367,2025-08-30,How-to,medium,8.4
E00005678,C003368,2024-11-09,How-to,low,13.7
E00005679,C003368,2025-08-08,Outage,medium,16.1
E00005680,C003368,2025-10-21,Billing,low,4.1
E00005681,C003368,2024-07-17,How-to,low,4.1
E00005682,C003368,2025-02-11,Feature Request,medium,23.3
E00005683,C003369,2024-04-17,Bug,low,15.7
E00005684,C003369,2025-04-10,How-to,high,4.1
E00005685,C003374,2025-10-28,Billing,low,9.9
E00005686,C003375,2025-08-02,How-to,low,11.0
E00005687,C003375,2025-05-18,How-to,critical,9.3
E00005688,C003375,2025-04-16,Bug,high,3.3
E00005689,C003375,2025-02-27,Bug,low,10.9
E00005690,C003376,2024-08-16,Billing,low,8.2
E00005691,C003376,2025-10-25,Billing,high,4.0
E00005692,C003377,2024-01-22,Billing,low,9.5
E00005693,C003377,2024-03-11,How-to,low,5.8
E00005694,C003378,2024-06-12,Bug,medium,5.0
E00005695,C003378,2025-04-16,Bug,medium,14.2
E00005696,C003378,2025-09-10,Billing,critical,16.4
E00005697,C003379,2025-08-07,Feature Request,high,5.9
E00005698,C003379,2025-10-31,Billing,low,13.6
E00005699,C003380,2024-01-29,Bug,critical,19.8
E00005700,C003380,2023-08-14,Billing,medium,15.1
E00005701,C003382,2025-11-04,Bug,low,2.0
E00005702,C003382,2025-04-17,Feature Request,high,23.5
E00005703,C003382,2025-04-05,Billing,critical,7.4
E00005704,C003383,2025-11-22,How-to,low,9.3
E00005705,C003383,2025-10-28,How-to,low,7.9
E00005706,C003383,2025-12-21,Billing,low,7.9
E00005707,C003383,2025-11-01,How-to,high,2.8
E00005708,C003383,2025-10-10,How-to,high,37.2
E00005709,C003384,2025-12-29,Billing,medium,28.7
E00005710,C003385,2025-10-05,How-to,medium,30.2
E00005711,C003385,2025-10-16,Bug,critical,7.5
E00005712,C003386,2023-02-10,How-to,low,28.5
E00005713,C003386,2024-06-20,Bug,medium,10.8
E00005714,C003387,2025-05-18,Bug,high,19.9
E00005715,C003387,2025-03-13,Billing,low,27.7
E00005716,C003388,2025-04-26,Bug,medium,52.1
E00005717,C003390,2025-10-13,Bug,medium,15.0
E00005718,C003391,2023-05-15,How-to,medium,9.1
E00005719,C003392,2024-01-30,Feature Request,low,11.4
E00005720,C003393,2025-05-04,Bug,low,8.3
E00005721,C003393,2025-03-01,Feature Request,medium,3.8
E00005722,C003393,2025-05-05,Feature Request,medium,2.2
E00005723,C003394,2025-08-24,Billing,medium,38.0
E00005724,C003394,2022-10-19,How-to,high,6.5
E00005725,C003394,2024-11-13,Bug,high,8.2
E00005726,C003394,2024-01-27,Bug,medium,8.9
E00005727,C003394,2024-02-04,Billing,low,3.6
E00005728,C003394,2025-02-13,Feature Request,medium,1.8
E00005729,C003395,2025-06-29,How-to,low,7.3
E00005730,C003395,2024-10-23,Billing,low,9.1
E00005731,C003395,2023-10-07,How-to,low,15.3
E00005732,C003397,2023-12-15,Billing,low,14.2
E00005733,C003397,2024-02-22,Bug,high,17.5
E00005734,C003397,2025-08-20,Bug,low,9.4
E00005735,C003398,2025-12-23,Billing,medium,7.3
E00005736,C003398,2025-12-09,Bug,medium,20.8
E00005737,C003398,2025-11-27,Bug,low,10.5
E00005738,C003399,2022-02-17,Bug,high,5.4
E00005739,C003399,2024-05-17,How-to,medium,28.0
E00005740,C003399,2024-09-24,How-to,critical,5.8
E00005741,C003400,2025-06-07,Billing,medium,31.9
E00005742,C003400,2025-03-14,Bug,medium,18.4
E00005743,C003400,2025-01-12,Billing,high,12.6
E00005744,C003400,2025-08-31,Billing,critical,41.3
E00005745,C003400,2025-08-25,How-to,low,2.3
E00005746,C003401,2025-08-03,Feature Request,medium,10.8
E00005747,C003407,2025-08-06,Outage,high,6.6
E00005748,C003408,2025-06-30,Bug,low,11.9
E00005749,C003409,2024-10-20,Feature Request,medium,2.9
E00005750,C003409,2025-01-04,How-to,low,13.0
E00005751,C003410,2023-12-25,Feature Request,low,3.2
E00005752,C003410,2024-04-06,How-to,low,12.6
E00005753,C003410,2024-04-30,Bug,medium,4.0
E00005754,C003411,2024-03-01,Bug,high,4.7
E00005755,C003411,2024-06-10,How-to,low,11.1
E00005756,C003413,2024-10-28,Feature Request,medium,5.7
E00005757,C003413,2023-10-18,How-to,medium,40.0
E00005758,C003413,2025-08-16,How-to,critical,9.2
E00005759,C003413,2023-04-06,Bug,low,5.0
E00005760,C003413,2024-12-20,How-to,medium,31.1
E00005761,C003414,2024-04-28,Billing,high,10.7
E00005762,C003414,2025-10-30,Billing,medium,4.5
E00005763,C003414,2024-09-10,Outage,low,96.7
E00005764,C003414,2023-12-14,How-to,medium,5.7
E00005765,C003415,2025-07-23,Billing,medium,5.2
E00005766,C003416,2025-04-06,Billing,low,34.6
E00005767,C003418,2025-06-21,How-to,medium,25.3
E00005768,C003418,2025-08-25,Billing,low,4.0
E00005769,C003419,2022-08-28,Feature Request,low,12.5
E00005770,C003422,2025-02-28,How-to,high,4.5
E00005771,C003423,2024-07-23,Feature Request,high,21.7
E00005772,C003423,2024-07-24,Bug,medium,16.7
E00005773,C003423,2024-06-07,Billing,low,11.2
E00005774,C003424,2025-11-01,Outage,medium,5.1
E00005775,C003424,2024-04-19,Bug,low,11.0
E00005776,C003425,2024-11-13,Feature Request,low,16.9
E00005777,C003426,2025-11-22,Outage,medium,18.7
E00005778,C003426,2025-11-12,How-to,low,6.5
E00005779,C003426,2025-12-09,Bug,medium,4.8
E00005780,C003427,2025-11-27,Billing,critical,15.0
E00005781,C003430,2023-08-21,Bug,low,20.9
E00005782,C003430,2024-11-22,Feature Request,low,3.8
E00005783,C003431,2025-04-21,Bug,medium,87.6
E00005784,C003431,2025-07-26,How-to,high,7.3
E00005785,C003433,2023-05-29,Feature Request,medium,27.0
E00005786,C003433,2022-10-31,Billing,low,7.4
E00005787,C003435,2024-02-23,Bug,medium,22.3
E00005788,C003436,2024-08-29,Billing,high,6.7
E00005789,C003436,2025-09-12,Outage,low,17.9
E00005790,C003437,2025-05-31,How-to,low,23.8
E00005791,C003437,2023-11-29,How-to,low,13.1
E00005792,C003437,2024-10-02,How-to,medium,16.3
E00005793,C003437,2025-06-03,Bug,medium,19.0
E00005794,C003437,2024-09-14,Billing,low,14.1
E00005795,C003438,2024-09-28,Bug,medium,4.7
E00005796,C003439,2025-11-18,Bug,high,16.5
E00005797,C003439,2025-12-14,Billing,high,17.3
E00005798,C003440,2025-06-19,Billing,medium,11.0
E00005799,C003440,2025-10-16,How-to,high,3.3
E00005800,C003440,2025-04-16,Feature Request,low,8.5
E00005801,C003440,2025-09-12,Bug,medium,11.7
E00005802,C003440,2025-04-24,How-to,critical,3.3
E00005803,C003441,2025-11-11,Feature Request,medium,22.3
E00005804,C003441,2025-10-30,How-to,critical,22.5
E00005805,C003442,2023-09-13,Bug,low,9.3
E00005806,C003442,2024-07-08,Bug,low,12.4
E00005807,C003442,2025-05-11,Bug,medium,11.5
E00005808,C003443,2024-09-09,Billing,low,6.9
E00005809,C003445,2025-08-23,Bug,medium,3.4
E00005810,C003446,2025-12-15,How-to,low,3.9
E00005811,C003446,2025-01-14,How-to,medium,38.9
E00005812,C003446,2025-04-01,Outage,medium,25.2
E00005813,C003447,2025-06-15,Bug,medium,7.1
E00005814,C003447,2024-08-23,Bug,medium,18.2
E00005815,C003448,2024-07-07,Feature Request,high,31.2
E00005816,C003448,2025-03-09,How-to,high,8.0
E00005817,C003448,2025-04-27,Bug,high,40.7
E00005818,C003448,2025-12-07,Bug,low,11.6
E00005819,C003449,2025-11-23,Bug,low,75.6
E00005820,C003449,2025-01-24,Bug,high,30.0
E00005821,C003450,2023-12-10,Feature Request,low,3.9
E00005822,C003450,2025-07-18,How-to,high,12.0
E00005823,C003450,2025-08-30,How-to,low,8.0
E00005824,C003450,2024-07-18,Feature Request,low,69.6
E00005825,C003451,2024-02-26,How-to,high,10.8
E00005826,C003451,2025-03-05,Billing,low,9.7
E00005827,C003451,2023-12-16,Billing,medium,11.5
E00005828,C003451,2025-12-22,Bug,medium,21.9
E00005829,C003451,2025-06-02,Outage,low,67.1
E00005830,C003452,2022-06-03,How-to,high,22.7
E00005831,C003452,2024-12-26,Outage,critical,9.5
E00005832,C003452,2023-11-22,How-to,critical,7.1
E00005833,C003453,2025-01-20,Billing,medium,16.5
E00005834,C003454,2024-04-22,Feature Request,low,7.3
E00005835,C003454,2024-08-26,Billing,low,16.3
E00005836,C003454,2025-05-27,How-to,low,8.3
E00005837,C003456,2025-10-27,How-to,low,20.7
E00005838,C003456,2025-07-20,Billing,high,10.4
E00005839,C003456,2025-08-01,Billing,low,5.9
E00005840,C003456,2025-11-07,Billing,low,7.3
E00005841,C003457,2025-05-23,How-to,medium,2.5
E00005842,C003457,2024-12-24,Feature Request,low,48.2
E00005843,C003457,2025-06-03,Billing,medium,6.8
E00005844,C003457,2025-02-28,Outage,low,7.6
E00005845,C003457,2025-05-21,How-to,medium,27.8
E00005846,C003459,2025-06-22,Feature Request,high,17.3
E00005847,C003459,2025-11-25,Billing,medium,10.5
E00005848,C003460,2023-11-18,Bug,low,13.3
E00005849,C003460,2024-11-02,How-to,low,17.1
E00005850,C003461,2024-06-21,Bug,low,9.7
E00005851,C003461,2024-07-04,How-to,low,7.3
E00005852,C003461,2023-12-14,Bug,low,16.7
E00005853,C003462,2025-10-28,Feature Request,high,4.2
E00005854,C003462,2025-09-16,How-to,critical,4.1
E00005855,C003464,2022-05-26,Feature Request,low,11.3
E00005856,C003464,2023-05-30,Feature Request,medium,6.7
E00005857,C003465,2025-11-25,How-to,medium,18.5
E00005858,C003465,2025-11-18,Outage,medium,15.4
E00005859,C003465,2023-06-04,Outage,medium,22.5
E00005860,C003466,2025-02-20,How-to,medium,15.7
E00005861,C003466,2025-02-06,How-to,high,25.3
E00005862,C003466,2025-02-10,How-to,medium,8.2
E00005863,C003466,2025-12-03,Feature Request,low,10.0
E00005864,C003466,2025-03-14,How-to,high,8.2
E00005865,C003467,2025-11-08,How-to,medium,60.1
E00005866,C003467,2024-08-09,How-to,medium,3.6
E00005867,C003468,2025-12-12,Bug,medium,18.7
E00005868,C003468,2024-06-18,Bug,high,53.7
E00005869,C003469,2024-01-27,Bug,low,5.3
E00005870,C003469,2024-01-25,Feature Request,high,6.4
E00005871,C003469,2024-02-23,Billing,low,9.9
E00005872,C003470,2025-06-06,Billing,low,6.7
E00005873,C003471,2024-09-26,How-to,medium,10.6
E00005874,C003471,2025-07-11,Bug,high,18.4
E00005875,C003474,2025-09-05,How-to,low,36.8
E00005876,C003475,2025-07-23,Feature Request,low,4.5
E00005877,C003475,2025-02-17,Outage,high,9.1
E00005878,C003476,2025-10-30,Bug,low,3.8
E00005879,C003476,2024-11-29,Billing,high,5.1
E00005880,C003477,2025-09-21,Billing,low,6.1
E00005881,C003478,2024-08-31,How-to,medium,6.2
E00005882,C003478,2025-11-26,Feature Request,medium,5.8
E00005883,C003478,2025-09-12,How-to,low,18.9
E00005884,C003479,2024-07-10,Bug,high,6.9
E00005885,C003479,2024-09-28,Billing,low,27.9
E00005886,C003480,2025-11-13,How-to,high,16.5
E00005887,C003480,2025-04-15,Bug,medium,23.2
E00005888,C003481,2025-05-27,How-to,low,7.4
E00005889,C003481,2025-10-11,How-to,critical,11.0
E00005890,C003481,2025-04-19,Outage,low,2.8
E00005891,C003482,2024-03-01,How-to,low,6.1
E00005892,C003483,2025-05-06,How-to,low,15.2
E00005893,C003483,2025-07-16,Billing,medium,3.5
E00005894,C003484,2024-05-11,Outage,critical,24.5
E00005895,C003485,2024-02-22,How-to,medium,29.4
E00005896,C003485,2024-12-13,How-to,low,2.5
E00005897,C003487,2025-10-28,Billing,critical,26.3
E00005898,C003487,2025-10-28,How-to,low,7.0
E00005899,C003488,2025-10-18,How-to,high,8.1
E00005900,C003488,2025-10-18,Bug,medium,11.1
E00005901,C003489,2024-08-31,Bug,high,17.5
E00005902,C003489,2025-08-21,Billing,medium,5.5
E00005903,C003489,2025-03-26,How-to,low,15.0
E00005904,C003489,2024-09-04,Bug,low,5.1
E00005905,C003491,2023-04-25,Billing,low,19.5
E00005906,C003491,2023-02-16,Bug,low,28.2
E00005907,C003492,2025-10-19,Billing,low,15.5
E00005908,C003492,2025-01-29,Billing,medium,13.0
E00005909,C003493,2023-09-02,How-to,medium,30.6
E00005910,C003494,2025-05-29,How-to,high,18.9
E00005911,C003494,2025-09-27,How-to,low,13.9
E00005912,C003495,2025-10-25,Billing,low,3.9
E00005913,C003496,2025-01-23,Bug,low,5.9
E00005914,C003497,2024-02-15,Feature Request,medium,6.1
E00005915,C003497,2023-08-26,Billing,medium,11.2
E00005916,C003498,2024-02-13,How-to,low,6.5
E00005917,C003499,2023-03-31,Bug,low,42.7
E00005918,C003499,2024-03-01,How-to,high,20.9
E00005919,C003500,2025-10-05,How-to,low,17.8
E00005920,C003501,2022-11-18,Billing,medium,9.0
E00005921,C003501,2024-10-12,How-to,low,8.7
E00005922,C003501,2024-12-23,Feature Request,low,10.6
E00005923,C003502,2025-12-12,Feature Request,low,54.9
E00005924,C003502,2024-12-09,How-to,medium,25.6
E00005925,C003503,2023-12-29,Feature Request,medium,47.8
E00005926,C003503,2024-01-09,How-to,low,7.3
E00005927,C003504,2023-07-21,Outage,medium,7.6
E00005928,C003504,2024-04-25,Feature Request,medium,27.8
E00005929,C003504,2024-08-10,How-to,low,15.9
E00005930,C003506,2025-09-03,Feature Request,low,40.7
E00005931,C003506,2025-11-21,Bug,medium,5.5
E00005932,C003506,2025-07-29,Billing,low,3.0
E00005933,C003507,2025-05-25,Outage,low,11.2
E00005934,C003507,2025-06-08,Bug,high,27.4
E00005935,C003507,2025-04-12,How-to,medium,32.2
E00005936,C003507,2025-05-21,How-to,medium,12.9
E00005937,C003507,2025-06-09,Billing,high,2.7
E00005938,C003508,2025-11-26,Billing,medium,30.9
E00005939,C003508,2025-05-08,How-to,medium,8.2
E00005940,C003509,2023-07-11,Billing,critical,10.4
E00005941,C003509,2025-12-10,Feature Request,critical,7.0
E00005942,C003510,2025-02-06,Billing,low,5.8
E00005943,C003510,2025-04-15,Feature Request,low,86.9
E00005944,C003511,2025-12-06,Billing,high,27.8
E00005945,C003512,2025-07-13,Billing,high,11.2
E00005946,C003512,2025-02-07,Feature Request,low,20.3
E00005947,C003513,2025-11-24,Billing,high,11.1
E00005948,C003514,2023-11-12,How-to,low,22.9
E00005949,C003514,2025-11-14,How-to,low,30.3
E00005950,C003515,2025-04-11,Feature Request,medium,13.2
E00005951,C003515,2024-11-10,Bug,medium,51.5
E00005952,C003515,2024-12-02,Bug,low,10.9
E00005953,C003515,2024-02-23,How-to,medium,18.6
E00005954,C003515,2025-09-25,Bug,low,14.4
E00005955,C003516,2025-12-03,Billing,medium,13.0
E00005956,C003516,2025-11-08,Bug,medium,19.3
E00005957,C003517,2022-10-30,How-to,medium,14.3
E00005958,C003517,2022-11-08,Billing,low,5.5
E00005959,C003517,2023-04-19,How-to,low,15.2
E00005960,C003517,2023-07-23,Feature Request,medium,3.4
E00005961,C003518,2025-08-09,Billing,low,36.1
E00005962,C003518,2025-12-20,Billing,high,39.3
E00005963,C003519,2025-02-07,Billing,low,56.2
E00005964,C003519,2025-11-07,Bug,low,10.2
E00005965,C003521,2025-05-15,Outage,high,25.9
E00005966,C003521,2025-06-29,How-to,high,22.9
E00005967,C003522,2025-07-15,How-to,critical,3.9
E00005968,C003523,2025-12-01,Billing,medium,22.3
E00005969,C003523,2025-09-26,How-to,medium,17.0
E00005970,C003524,2025-07-13,How-to,high,10.4
E00005971,C003524,2024-04-16,Feature Request,high,4.2
E00005972,C003525,2025-11-12,Feature Request,critical,10.3
E00005973,C003525,2024-09-29,Bug,low,110.3
E00005974,C003526,2024-11-20,How-to,high,3.5
E00005975,C003527,2023-10-18,Billing,low,3.8
E00005976,C003527,2024-04-18,How-to,high,3.5
E00005977,C003527,2022-10-31,Billing,medium,23.0
E00005978,C003528,2025-10-31,Bug,low,9.6
E00005979,C003529,2023-09-02,Bug,medium,9.5
E00005980,C003530,2025-06-25,Outage,low,26.0
E00005981,C003531,2024-05-10,How-to,medium,19.4
E00005982,C003531,2023-12-18,How-to,low,0.9
E00005983,C003531,2025-10-23,How-to,low,1.4
E00005984,C003532,2022-05-02,Bug,low,11.0
E00005985,C003532,2025-01-06,Bug,medium,38.9
E00005986,C003532,2022-05-20,Bug,medium,12.7
E00005987,C003532,2023-10-06,Feature Request,medium,34.5
E00005988,C003533,2025-04-25,Billing,low,6.4
E00005989,C003535,2022-06-07,How-to,high,12.7
E00005990,C003536,2023-12-24,Feature Request,low,20.9
E00005991,C003536,2022-10-17,Outage,low,19.7
E00005992,C003536,2025-02-08,Bug,low,4.9
E00005993,C003538,2023-09-08,Bug,low,26.0
E00005994,C003538,2022-07-21,Outage,medium,24.2
E00005995,C003538,2023-07-14,Bug,low,13.8
E00005996,C003539,2024-02-07,How-to,medium,6.8
E00005997,C003540,2025-10-08,Bug,low,20.5
E00005998,C003540,2025-11-27,How-to,medium,4.1
E00005999,C003540,2025-07-16,How-to,medium,15.8
E00006000,C003540,2025-05-22,How-to,critical,8.5
E00006001,C003541,2025-11-05,How-to,high,3.1
E00006002,C003541,2025-12-02,How-to,high,10.6
E00006003,C003542,2025-06-26,Billing,critical,32.8
E00006004,C003543,2024-08-14,Outage,low,8.2
E00006005,C003543,2025-03-17,How-to,medium,3.6
E00006006,C003543,2023-08-03,Outage,medium,23.1
E00006007,C003544,2025-04-28,Feature Request,low,12.1
E00006008,C003544,2025-07-21,Billing,high,6.2
E00006009,C003545,2024-06-13,Billing,high,25.3
E00006010,C003545,2025-04-15,Outage,medium,52.2
E00006011,C003547,2024-11-12,Feature Request,critical,22.9
E00006012,C003548,2025-10-18,How-to,medium,21.4
E00006013,C003548,2025-12-29,How-to,high,37.2
E00006014,C003549,2024-06-29,How-to,low,5.7
E00006015,C003549,2025-11-21,How-to,medium,24.4
E00006016,C003551,2024-10-05,How-to,high,9.8
E00006017,C003551,2023-12-24,Feature Request,high,8.2
E00006018,C003551,2024-12-11,How-to,high,5.5
E00006019,C003551,2023-10-24,How-to,critical,5.7
E00006020,C003552,2024-11-15,How-to,low,4.1
E00006021,C003552,2024-07-20,How-to,critical,2.1
E00006022,C003552,2025-04-02,Outage,medium,35.5
E00006023,C003552,2024-02-09,Billing,medium,5.7
E00006024,C003554,2025-06-29,How-to,medium,4.7
E00006025,C003554,2025-03-23,Billing,high,5.9
E00006026,C003554,2025-05-14,How-to,low,14.0
E00006027,C003555,2023-11-27,Billing,critical,12.8
E00006028,C003556,2025-03-27,Billing,medium,4.2
E00006029,C003556,2024-10-13,How-to,low,6.3
E00006030,C003557,2024-11-09,Billing,medium,3.2
E00006031,C003557,2025-12-18,Feature Request,low,16.1
E00006032,C003559,2025-06-27,Bug,medium,30.2
E00006033,C003560,2023-10-31,How-to,low,8.8
E00006034,C003560,2024-02-23,Bug,low,2.4
E00006035,C003560,2024-02-04,How-to,high,5.3
E00006036,C003560,2024-02-16,Billing,low,7.3
E00006037,C003561,2022-08-01,Billing,low,14.6
E00006038,C003562,2025-11-16,Outage,critical,25.8
E00006039,C003563,2025-09-03,Feature Request,low,26.7
E00006040,C003563,2023-11-08,Billing,medium,45.7
E00006041,C003564,2025-03-14,Bug,medium,11.4
E00006042,C003566,2023-01-12,Billing,medium,15.4
E00006043,C003567,2025-05-06,Billing,low,103.3
E00006044,C003568,2023-11-03,Billing,high,33.2
E00006045,C003568,2023-01-06,Billing,medium,6.3
E00006046,C003570,2024-01-31,Billing,medium,7.9
E00006047,C003570,2023-04-03,How-to,low,23.6
E00006048,C003570,2023-05-25,How-to,low,3.0
E00006049,C003570,2023-01-17,Billing,critical,45.7
E00006050,C003573,2024-12-19,Feature Request,medium,27.9
E00006051,C003573,2024-12-07,Outage,medium,16.5
E00006052,C003573,2024-12-20,Billing,high,15.0
E00006053,C003573,2025-10-15,Billing,high,9.0
E00006054,C003574,2023-08-20,Billing,high,21.8
E00006055,C003575,2025-10-20,Bug,low,3.9
E00006056,C003576,2025-08-25,How-to,low,12.3
E00006057,C003576,2024-09-11,How-to,low,69.7
E00006058,C003577,2025-07-03,Billing,low,12.6
E00006059,C003577,2024-11-30,How-to,medium,1.9
E00006060,C003577,2025-12-22,Outage,high,10.8
E00006061,C003578,2025-10-13,Billing,medium,34.8
E00006062,C003578,2025-08-31,How-to,critical,11.4
E00006063,C003578,2025-08-23,Billing,medium,30.4
E00006064,C003578,2025-06-02,Billing,medium,15.7
E00006065,C003578,2025-06-15,Feature Request,low,83.8
E00006066,C003578,2025-12-07,Billing,low,26.0
E00006067,C003579,2025-11-05,Billing,low,7.3
E00006068,C003579,2025-12-18,How-to,critical,4.0
E00006069,C003580,2024-04-23,Feature Request,medium,6.4
E00006070,C003580,2024-01-04,Feature Request,high,30.2
E00006071,C003580,2024-11-24,How-to,low,2.6
E00006072,C003580,2025-05-11,Billing,low,20.2
E00006073,C003580,2025-05-04,How-to,low,14.0
E00006074,C003581,2025-10-14,Feature Request,medium,4.6
E00006075,C003582,2025-01-07,Bug,high,12.1
E00006076,C003583,2022-10-29,Bug,medium,20.6
E00006077,C003584,2024-01-17,Outage,low,44.8
E00006078,C003584,2023-12-16,Outage,medium,35.4
E00006079,C003585,2025-05-14,Bug,high,23.7
E00006080,C003585,2025-08-09,Outage,low,6.3
E00006081,C003585,2025-12-26,Feature Request,medium,4.5
E00006082,C003585,2025-09-09,Bug,medium,7.2
E00006083,C003586,2023-02-16,Billing,low,31.1
E00006084,C003587,2024-03-07,Bug,medium,21.8
E00006085,C003587,2024-01-26,Feature Request,low,5.1
E00006086,C003587,2025-03-14,How-to,medium,6.4
E00006087,C003588,2024-12-15,Billing,low,12.8
E00006088,C003588,2025-02-18,Bug,low,5.7
E00006089,C003588,2024-10-10,How-to,medium,20.6
E00006090,C003589,2025-05-10,Outage,low,37.4
E00006091,C003589,2024-11-08,How-to,low,21.7
E00006092,C003589,2025-09-03,Feature Request,high,22.9
E00006093,C003589,2025-07-19,Billing,high,98.1
E00006094,C003590,2025-08-14,How-to,low,5.0
E00006095,C003590,2025-11-10,Billing,low,7.4
E00006096,C003590,2025-12-14,Bug,medium,50.5
E00006097,C003591,2024-09-22,Outage,low,10.8
E00006098,C003591,2023-10-29,How-to,low,14.0
E00006099,C003592,2024-03-11,Bug,medium,12.4
E00006100,C003593,2025-12-12,Feature Request,medium,12.7
E00006101,C003593,2025-12-11,Bug,medium,18.1
E00006102,C003595,2025-11-25,Feature Request,medium,7.6
E00006103,C003595,2024-07-01,Billing,high,4.1
E00006104,C003596,2024-01-15,Feature Request,medium,6.5
E00006105,C003596,2023-09-06,Billing,low,25.5
E00006106,C003597,2024-02-08,Billing,high,8.6
E00006107,C003598,2025-02-27,Bug,medium,4.2
E00006108,C003599,2024-09-19,How-to,medium,7.2
E00006109,C003599,2024-05-28,How-to,high,21.4
E00006110,C003599,2024-08-18,Billing,high,1.9
E00006111,C003600,2025-06-18,Billing,low,17.4
E00006112,C003601,2025-03-12,How-to,low,18.2
E00006113,C003601,2025-12-03,How-to,medium,16.7
E00006114,C003602,2024-09-27,How-to,low,4.6
E00006115,C003606,2023-07-22,Billing,high,32.1
E00006116,C003606,2024-04-19,Bug,low,27.6
E00006117,C003607,2023-09-04,How-to,medium,17.1
E00006118,C003607,2023-12-15,Bug,high,12.9
E00006119,C003608,2025-08-16,How-to,critical,12.9
E00006120,C003608,2025-03-30,Feature Request,critical,15.5
E00006121,C003608,2025-01-03,How-to,high,9.8
E00006122,C003610,2024-11-17,How-to,high,5.6
E00006123,C003610,2024-10-01,Bug,medium,13.9
E00006124,C003610,2024-09-08,How-to,medium,4.1
E00006125,C003611,2024-03-28,Feature Request,low,11.5
E00006126,C003612,2024-11-04,Billing,medium,12.7
E00006127,C003613,2025-07-25,Feature Request,low,16.9
E00006128,C003614,2025-03-03,Billing,medium,38.9
E00006129,C003615,2025-06-28,Billing,high,16.0
E00006130,C003615,2025-07-02,Billing,medium,18.7
E00006131,C003615,2025-02-18,Feature Request,medium,9.4
E00006132,C003616,2024-05-12,Feature Request,low,13.1
E00006133,C003618,2024-01-31,Bug,low,1.8
E00006134,C003618,2024-08-04,Billing,high,26.8
E00006135,C003620,2022-12-06,Billing,medium,5.4
E00006136,C003621,2025-12-26,Feature Request,low,4.2
E00006137,C003621,2025-12-08,Bug,low,5.7
E00006138,C003621,2025-11-26,Billing,high,24.5
E00006139,C003622,2022-12-19,Bug,low,22.5
E00006140,C003622,2022-12-28,Feature Request,low,16.6
E00006141,C003622,2023-01-04,Feature Request,high,25.1
E00006142,C003623,2025-04-22,Bug,high,18.9
E00006143,C003623,2025-01-24,Bug,low,70.5
E00006144,C003624,2025-05-06,How-to,low,15.0
E00006145,C003624,2024-10-06,Feature Request,low,12.5
E00006146,C003624,2024-03-25,Bug,low,32.8
E00006147,C003625,2025-08-24,Outage,medium,35.8
E00006148,C003625,2025-05-07,Billing,high,4.6
E00006149,C003625,2025-12-09,How-to,medium,5.2
E00006150,C003625,2025-10-26,Feature Request,critical,117.2
E00006151,C003626,2025-11-04,How-to,medium,69.0
E00006152,C003626,2024-12-19,How-to,medium,24.1
E00006153,C003627,2025-02-20,Bug,medium,32.4
E00006154,C003628,2023-01-12,How-to,medium,20.1
E00006155,C003628,2024-10-17,Bug,medium,28.9
E00006156,C003629,2025-08-03,Billing,medium,22.6
E00006157,C003629,2025-10-30,Billing,medium,12.6
E00006158,C003630,2025-08-25,Bug,critical,3.5
E00006159,C003632,2025-03-05,How-to,critical,21.8
E00006160,C003632,2025-04-08,How-to,high,44.5
E00006161,C003632,2025-06-04,Outage,low,12.2
E00006162,C003633,2023-12-25,Billing,medium,16.5
E00006163,C003634,2025-05-05,How-to,low,5.1
E00006164,C003635,2025-11-03,Feature Request,medium,23.7
E00006165,C003635,2025-11-07,How-to,medium,8.3
E00006166,C003636,2025-06-10,How-to,low,6.0
E00006167,C003636,2025-08-22,Billing,critical,3.6
E00006168,C003636,2024-10-28,Bug,medium,5.9
E00006169,C003638,2024-07-10,Bug,critical,10.2
E00006170,C003638,2025-08-31,Outage,low,14.8
E00006171,C003639,2023-12-28,Bug,low,21.3
E00006172,C003639,2022-12-18,Feature Request,low,14.3
E00006173,C003640,2025-01-07,Bug,low,25.5
E00006174,C003641,2024-10-30,Feature Request,medium,17.1
E00006175,C003642,2025-11-13,Billing,medium,15.2
E00006176,C003642,2025-10-07,Bug,low,16.7
E00006177,C003642,2025-11-16,Billing,low,45.6
E00006178,C003643,2025-12-20,Billing,medium,3.2
E00006179,C003644,2025-08-17,Bug,medium,11.7
E00006180,C003644,2024-02-21,How-to,low,20.0
E00006181,C003647,2024-07-24,Billing,high,3.0
E00006182,C003647,2024-08-01,Billing,low,4.1
E00006183,C003647,2024-08-10,Feature Request,medium,43.5
E00006184,C003647,2024-07-10,Billing,low,46.1
E00006185,C003647,2024-08-14,Feature Request,medium,25.5
E00006186,C003647,2024-07-21,Billing,medium,18.7
E00006187,C003647,2024-07-28,Billing,medium,46.9
E00006188,C003649,2025-12-25,Feature Request,low,36.3
E00006189,C003649,2025-12-23,Bug,medium,12.1
E00006190,C003649,2025-12-01,Bug,low,35.5
E00006191,C003650,2025-05-10,Feature Request,medium,5.5
E00006192,C003650,2025-03-19,Bug,high,31.2
E00006193,C003651,2025-03-05,Billing,medium,19.3
E00006194,C003652,2024-09-15,Feature Request,low,4.0
E00006195,C003652,2024-04-15,Billing,low,38.5
E00006196,C003652,2025-05-23,Feature Request,low,7.6
E00006197,C003652,2025-07-06,Outage,medium,6.1
E00006198,C003653,2025-02-16,How-to,high,29.4
E00006199,C003653,2025-04-04,How-to,low,15.5
E00006200,C003653,2025-08-15,How-to,high,2.0
E00006201,C003653,2024-08-20,Bug,medium,12.2
E00006202,C003655,2024-09-20,Bug,high,9.3
E00006203,C003655,2024-08-30,How-to,high,4.2
E00006204,C003656,2025-11-30,Outage,high,15.1
E00006205,C003658,2025-11-09,Billing,high,5.9
E00006206,C003658,2025-12-28,Billing,high,13.1
E00006207,C003661,2024-09-21,How-to,medium,31.8
E00006208,C003662,2024-05-07,Feature Request,low,52.2
E00006209,C003662,2025-09-15,Bug,medium,34.3
E00006210,C003664,2025-10-16,How-to,low,17.1
E00006211,C003664,2025-11-28,Bug,medium,10.2
E00006212,C003664,2025-12-31,How-to,high,2.3
E00006213,C003664,2025-12-28,Billing,high,32.2
E00006214,C003666,2023-10-17,Outage,high,16.9
E00006215,C003666,2024-11-06,How-to,critical,20.8
E00006216,C003667,2024-07-29,Bug,high,4.2
E00006217,C003667,2025-09-13,Outage,low,9.1
E00006218,C003668,2025-01-07,Bug,low,35.0
E00006219,C003669,2024-03-22,Billing,medium,13.8
E00006220,C003669,2025-02-01,Outage,medium,15.8
E00006221,C003670,2023-03-08,Bug,low,103.9
E00006222,C003671,2022-09-25,Outage,low,6.5
E00006223,C003671,2024-08-19,Billing,medium,20.2
E00006224,C003672,2025-07-28,Bug,low,12.3
E00006225,C003672,2024-09-06,How-to,medium,20.4
E00006226,C003672,2022-07-15,How-to,low,43.2
E00006227,C003673,2025-11-15,How-to,medium,2.5
E00006228,C003673,2025-10-19,How-to,low,5.1
E00006229,C003673,2024-11-14,Feature Request,low,9.3
E00006230,C003673,2024-09-26,How-to,low,10.6
E00006231,C003674,2025-09-04,Billing,low,13.0
E00006232,C003674,2024-06-01,Bug,high,7.8
E00006233,C003675,2024-11-12,How-to,low,42.6
E00006234,C003675,2025-06-01,Feature Request,medium,2.3
E00006235,C003676,2025-10-09,Billing,high,4.8
E00006236,C003677,2024-05-15,How-to,low,8.5
E00006237,C003678,2025-09-19,How-to,low,6.7
E00006238,C003678,2025-12-08,Bug,critical,46.9
E00006239,C003679,2024-12-22,Bug,medium,15.2
E00006240,C003679,2025-08-22,Billing,critical,7.4
E00006241,C003680,2025-07-25,Billing,low,5.5
E00006242,C003680,2025-04-20,How-to,medium,12.0
E00006243,C003680,2025-03-17,Billing,medium,10.8
E00006244,C003682,2022-07-09,Feature Request,low,72.4
E00006245,C003682,2024-08-16,Billing,medium,5.1
E00006246,C003682,2023-09-01,Billing,low,17.8
E00006247,C003683,2025-10-16,Feature Request,medium,17.1
E00006248,C003683,2025-04-20,Billing,high,22.8
E00006249,C003683,2023-11-03,How-to,low,9.3
E00006250,C003683,2024-07-26,Outage,medium,10.7
E00006251,C003684,2024-09-27,Feature Request,low,4.7
E00006252,C003685,2025-11-12,Billing,critical,15.6
E00006253,C003685,2025-12-16,How-to,high,5.2
E00006254,C003686,2024-01-23,Bug,medium,8.5
E00006255,C003687,2024-08-07,How-to,medium,9.6
E00006256,C003687,2025-06-07,Billing,low,24.4
E00006257,C003689,2025-10-30,How-to,low,3.5
E00006258,C003690,2023-08-05,Bug,high,20.0
E00006259,C003690,2024-08-21,Bug,low,11.1
E00006260,C003691,2024-01-01,Billing,medium,1.9
E00006261,C003691,2023-08-10,How-to,medium,2.6
E00006262,C003693,2025-05-12,Billing,medium,3.4
E00006263,C003694,2024-06-08,How-to,medium,4.8
E00006264,C003694,2025-07-12,Billing,low,21.7
E00006265,C003694,2025-04-23,How-to,low,4.8
E00006266,C003696,2025-11-22,Bug,high,29.7
E00006267,C003697,2025-12-08,Billing,medium,8.1
E00006268,C003697,2024-04-29,How-to,critical,15.7
E00006269,C003698,2024-08-25,Billing,low,32.0
E00006270,C003698,2024-07-22,How-to,medium,26.4
E00006271,C003701,2023-09-07,Feature Request,low,14.5
E00006272,C003702,2025-09-08,Feature Request,medium,5.5
E00006273,C003703,2024-01-23,Billing,low,52.4
E00006274,C003703,2023-04-18,Billing,high,27.7
E00006275,C003706,2025-08-15,Billing,low,3.0
E00006276,C003706,2024-12-03,Billing,medium,21.8
E00006277,C003708,2025-08-26,How-to,low,29.7
E00006278,C003711,2024-11-11,Bug,medium,6.2
E00006279,C003711,2024-04-19,Billing,medium,19.4
E00006280,C003711,2025-10-30,How-to,medium,4.7
E00006281,C003711,2024-01-04,Bug,low,20.6
E00006282,C003712,2025-12-12,Feature Request,medium,3.4
E00006283,C003713,2025-07-10,Billing,high,42.9
E00006284,C003713,2025-07-10,How-to,medium,94.6
E00006285,C003713,2025-06-13,How-to,low,12.6
E00006286,C003714,2025-05-10,How-to,low,18.1
E00006287,C003714,2023-01-25,Billing,high,14.9
E00006288,C003716,2024-10-08,How-to,low,7.1
E00006289,C003717,2023-07-02,Billing,medium,3.9
E00006290,C003718,2025-10-23,Feature Request,high,29.6
E00006291,C003718,2023-01-14,How-to,low,11.1
E00006292,C003719,2025-10-17,Outage,medium,42.1
E00006293,C003719,2025-01-27,Billing,medium,19.9
E00006294,C003720,2025-03-16,Feature Request,high,4.1
E00006295,C003720,2024-05-31,How-to,medium,3.0
E00006296,C003720,2025-05-01,Billing,high,15.6
E00006297,C003721,2025-03-21,Feature Request,critical,6.7
E00006298,C003721,2025-09-24,Outage,medium,5.4
E00006299,C003721,2024-10-16,Feature Request,high,16.8
E00006300,C003722,2025-02-26,Billing,low,17.1
E00006301,C003723,2024-12-26,Feature Request,high,11.3
E00006302,C003723,2024-12-15,Bug,critical,36.5
E00006303,C003724,2025-12-09,How-to,low,71.5
E00006304,C003724,2025-12-06,Outage,low,10.6
E00006305,C003724,2025-11-27,How-to,low,15.4
E00006306,C003724,2025-12-10,Bug,medium,21.6
E00006307,C003724,2025-12-07,How-to,low,5.5
E00006308,C003725,2024-08-24,How-to,low,26.0
E00006309,C003726,2025-12-06,Billing,high,13.5
E00006310,C003726,2025-11-27,Feature Request,low,6.7
E00006311,C003726,2025-12-03,Billing,low,49.0
E00006312,C003728,2025-09-23,Billing,medium,6.9
E00006313,C003729,2024-06-20,How-to,high,5.8
E00006314,C003729,2025-12-30,Outage,medium,3.4
E00006315,C003730,2025-08-26,Bug,high,8.2
E00006316,C003730,2025-10-10,Bug,low,48.9
E00006317,C003730,2025-09-19,Feature Request,high,5.7
E00006318,C003731,2025-02-20,Bug,critical,37.2
E00006319,C003732,2025-08-20,Outage,high,12.6
E00006320,C003732,2025-06-06,Outage,low,22.5
E00006321,C003732,2025-06-28,Bug,low,50.6
E00006322,C003733,2023-10-31,How-to,low,12.0
E00006323,C003733,2023-12-10,Bug,medium,25.0
E00006324,C003733,2023-09-25,How-to,high,5.9
E00006325,C003734,2025-09-24,Bug,medium,6.4
E00006326,C003734,2025-12-24,How-to,medium,34.8
E00006327,C003736,2025-12-25,Feature Request,high,26.5
E00006328,C003736,2023-09-25,How-to,high,24.4
E00006329,C003736,2023-02-06,Feature Request,low,9.1
E00006330,C003737,2024-05-29,Billing,high,17.8
E00006331,C003738,2024-07-17,Billing,critical,46.8
E00006332,C003738,2025-06-26,Outage,medium,12.0
E00006333,C003738,2024-08-01,Billing,medium,7.0
E00006334,C003741,2024-12-16,How-to,high,35.0
E00006335,C003741,2023-11-19,Billing,medium,4.4
E00006336,C003742,2023-08-24,Feature Request,medium,8.2
E00006337,C003743,2025-10-28,How-to,low,5.9
E00006338,C003743,2025-09-26,Billing,medium,24.0
E00006339,C003743,2025-10-18,How-to,high,7.3
E00006340,C003743,2025-09-21,How-to,medium,38.8
E00006341,C003746,2025-12-14,Bug,low,9.2
E00006342,C003746,2025-11-12,How-to,high,22.1
E00006343,C003747,2025-11-23,How-to,low,10.0
E00006344,C003747,2025-02-12,Outage,high,36.2
E00006345,C003747,2025-05-19,Outage,high,10.8
E00006346,C003748,2025-11-30,Bug,medium,8.6
E00006347,C003749,2025-08-07,How-to,medium,7.7
E00006348,C003750,2025-10-05,Billing,medium,49.8
E00006349,C003750,2025-08-17,How-to,high,6.9
E00006350,C003750,2025-11-07,Feature Request,low,18.9
E00006351,C003751,2025-04-24,Outage,high,3.5
E00006352,C003751,2024-05-27,How-to,low,23.2
E00006353,C003752,2025-10-13,How-to,low,5.5
E00006354,C003752,2025-04-22,How-to,medium,57.3
E00006355,C003753,2025-12-22,How-to,medium,6.1
E00006356,C003754,2024-08-30,Billing,low,3.1
E00006357,C003756,2025-05-12,How-to,low,2.1
E00006358,C003756,2023-04-15,How-to,high,8.8
E00006359,C003757,2025-08-09,Bug,medium,0.9
E00006360,C003758,2024-05-12,How-to,medium,6.2
E00006361,C003758,2024-10-05,How-to,medium,43.5
E00006362,C003759,2023-12-01,How-to,medium,3.1
E00006363,C003759,2023-04-26,Billing,medium,79.1
E00006364,C003760,2025-10-10,Billing,critical,7.5
E00006365,C003760,2025-03-07,Bug,low,9.1
E00006366,C003760,2025-08-15,Billing,medium,13.5
E00006367,C003761,2022-11-17,Billing,medium,5.2
E00006368,C003761,2025-07-14,Billing,critical,16.9
E00006369,C003762,2025-05-02,How-to,medium,21.3
E00006370,C003763,2024-04-12,Bug,low,10.4
E00006371,C003763,2025-09-03,Outage,medium,18.4
E00006372,C003763,2025-09-29,How-to,medium,9.5
E00006373,C003763,2024-10-31,Feature Request,low,6.3
E00006374,C003764,2024-08-13,How-to,low,45.8
E00006375,C003764,2025-05-05,Feature Request,low,55.4
E00006376,C003765,2025-05-25,Billing,medium,55.9
E00006377,C003765,2025-09-05,Feature Request,low,23.1
E00006378,C003766,2025-04-10,Feature Request,medium,12.4
E00006379,C003767,2025-02-21,Outage,medium,8.2
E00006380,C003768,2025-12-12,How-to,medium,7.0
E00006381,C003768,2025-01-01,Outage,high,23.6
E00006382,C003768,2025-05-11,How-to,low,8.3
E00006383,C003768,2025-07-29,How-to,critical,4.1
E00006384,C003769,2025-12-14,Feature Request,low,5.9
E00006385,C003769,2025-04-02,Outage,low,6.5
E00006386,C003769,2025-11-13,Outage,low,12.7
E00006387,C003770,2023-09-26,Bug,medium,11.0
E00006388,C003771,2025-09-17,Billing,low,23.7
E00006389,C003771,2024-11-28,Bug,medium,23.8
E00006390,C003771,2025-03-19,How-to,medium,10.0
E00006391,C003771,2025-03-29,Billing,low,3.3
E00006392,C003771,2024-09-21,Outage,medium,5.0
E00006393,C003771,2025-08-20,Feature Request,low,15.0
E00006394,C003773,2024-08-25,How-to,medium,18.2
E00006395,C003773,2025-09-17,How-to,low,23.7
E00006396,C003773,2025-01-14,Feature Request,medium,10.6
E00006397,C003774,2024-05-23,How-to,low,9.8
E00006398,C003774,2024-06-06,Outage,high,10.1
E00006399,C003775,2023-10-06,How-to,high,27.9
E00006400,C003776,2025-03-30,Bug,medium,6.2
E00006401,C003776,2024-10-20,Billing,low,2.5
E00006402,C003777,2025-09-06,How-to,medium,10.7
E00006403,C003778,2025-11-05,Billing,medium,15.2
E00006404,C003778,2025-11-05,Feature Request,medium,9.1
E00006405,C003778,2025-11-12,Outage,medium,23.9
E00006406,C003778,2025-08-19,Bug,low,13.1
E00006407,C003778,2025-08-03,Billing,medium,29.1
E00006408,C003778,2025-07-14,Billing,low,4.3
E00006409,C003778,2025-05-15,Feature Request,medium,15.7
E00006410,C003779,2025-11-12,How-to,medium,12.7
E00006411,C003780,2024-11-09,Bug,medium,16.6
E00006412,C003781,2023-06-29,Billing,medium,19.9
E00006413,C003781,2023-12-13,Feature Request,low,33.7
E00006414,C003783,2023-06-28,Bug,critical,8.6
E00006415,C003784,2025-04-09,Feature Request,low,23.5
E00006416,C003784,2025-07-25,Bug,medium,8.7
E00006417,C003785,2025-12-14,How-to,low,13.8
E00006418,C003786,2024-12-25,Billing,medium,21.5
E00006419,C003786,2024-10-04,Billing,medium,17.8
E00006420,C003786,2025-02-11,How-to,high,10.7
E00006421,C003786,2024-07-22,Feature Request,medium,36.9
E00006422,C003787,2024-08-01,How-to,low,11.6
E00006423,C003787,2025-06-17,Billing,high,5.4
E00006424,C003787,2025-11-08,How-to,low,11.6
E00006425,C003788,2024-12-13,Bug,medium,27.6
E00006426,C003788,2024-10-28,Feature Request,critical,8.0
E00006427,C003789,2025-12-26,Billing,medium,11.6
E00006428,C003790,2024-06-18,Feature Request,critical,5.1
E00006429,C003791,2025-01-20,How-to,high,18.3
E00006430,C003793,2025-11-16,Bug,low,18.9
E00006431,C003793,2025-08-28,Billing,medium,10.4
E00006432,C003794,2024-09-01,How-to,low,24.6
E00006433,C003794,2024-12-10,Billing,medium,80.7
E00006434,C003794,2024-09-12,How-to,low,14.3
E00006435,C003795,2025-12-05,Bug,high,15.7
E00006436,C003795,2025-07-25,Bug,low,4.7
E00006437,C003796,2024-05-09,How-to,low,55.8
E00006438,C003797,2025-03-16,How-to,medium,5.4
E00006439,C003797,2025-04-20,Feature Request,high,15.9
E00006440,C003797,2025-07-06,Outage,low,15.3
E00006441,C003798,2025-07-02,Bug,medium,10.1
E00006442,C003798,2023-08-20,How-to,medium,10.1
E00006443,C003798,2025-11-28,Bug,high,14.7
E00006444,C003798,2025-06-12,Feature Request,medium,10.5
E00006445,C003799,2025-06-10,Billing,medium,6.3
E00006446,C003801,2025-09-06,Outage,low,39.5
E00006447,C003802,2024-08-27,Outage,medium,4.1
E00006448,C003803,2025-03-22,Bug,low,12.1
E00006449,C003803,2025-07-01,Billing,high,5.1
E00006450,C003803,2025-08-15,How-to,medium,26.4
E00006451,C003803,2025-08-08,Bug,medium,3.9
E00006452,C003804,2025-10-14,Billing,high,17.5
E00006453,C003804,2024-07-20,Bug,low,22.8
E00006454,C003804,2022-10-29,Billing,medium,27.5
E00006455,C003804,2024-11-25,Billing,low,96.3
E00006456,C003804,2025-02-16,Feature Request,critical,4.2
E00006457,C003805,2025-06-15,How-to,high,13.0
E00006458,C003806,2025-11-07,How-to,low,21.3
E00006459,C003806,2025-07-18,Outage,medium,17.4
E00006460,C003806,2025-09-25,Billing,medium,13.6
E00006461,C003807,2024-08-21,How-to,low,11.4
E00006462,C003808,2024-04-04,How-to,medium,21.3
E00006463,C003808,2024-01-20,Outage,high,7.7
E00006464,C003809,2024-09-22,How-to,low,31.7
E00006465,C003809,2025-04-13,Billing,low,21.2
E00006466,C003810,2024-09-18,How-to,medium,26.1
E00006467,C003811,2024-05-12,How-to,critical,14.7
E00006468,C003811,2024-07-29,Outage,medium,18.6
E00006469,C003813,2024-09-28,How-to,medium,35.7
E00006470,C003814,2025-11-05,Outage,medium,21.8
E00006471,C003816,2023-02-11,Billing,low,9.8
E00006472,C003816,2024-04-29,Bug,low,7.4
E00006473,C003817,2024-05-03,Outage,high,10.8
E00006474,C003817,2025-08-08,Billing,low,10.2
E00006475,C003817,2024-03-19,Bug,high,26.1
E00006476,C003817,2025-04-12,Billing,low,17.2
E00006477,C003817,2023-12-28,Outage,low,10.9
E00006478,C003818,2025-08-25,How-to,high,29.7
E00006479,C003818,2025-12-20,How-to,medium,32.0
E00006480,C003819,2024-12-20,Billing,low,20.9
E00006481,C003819,2025-11-07,Feature Request,high,15.3
E00006482,C003820,2025-09-09,How-to,medium,27.8
E00006483,C003820,2025-09-04,Billing,low,17.1
E00006484,C003821,2022-10-30,How-to,medium,5.5
E00006485,C003823,2025-09-22,Bug,medium,10.1
E00006486,C003824,2023-10-31,Billing,medium,3.2
E00006487,C003824,2023-09-14,Bug,low,9.0
E00006488,C003825,2024-07-18,How-to,high,17.0
E00006489,C003825,2024-09-05,Billing,medium,12.5
E00006490,C003825,2024-07-14,How-to,high,34.0
E00006491,C003828,2024-03-19,Billing,low,21.8
E00006492,C003828,2024-05-30,How-to,low,14.4
E00006493,C003829,2025-12-11,How-to,low,4.6
E00006494,C003829,2025-07-01,How-to,low,53.0
E00006495,C003830,2023-04-07,Billing,low,6.0
E00006496,C003830,2023-06-28,How-to,low,10.1
E00006497,C003830,2025-02-14,Billing,critical,33.9
E00006498,C003831,2025-10-13,Bug,critical,33.5
E00006499,C003831,2025-09-07,How-to,low,17.6
E00006500,C003832,2025-09-23,Outage,low,13.8
E00006501,C003833,2025-12-18,Bug,low,2.7
E00006502,C003836,2025-09-14,Outage,low,5.9
E00006503,C003837,2023-06-27,Outage,critical,6.1
E00006504,C003837,2025-07-05,Bug,medium,2.7
E00006505,C003838,2025-09-05,Billing,high,16.6
E00006506,C003838,2024-12-14,Feature Request,low,6.5
E00006507,C003839,2025-11-13,Outage,medium,9.9
E00006508,C003839,2025-11-08,Bug,low,25.8
E00006509,C003842,2024-06-17,Bug,medium,7.9
E00006510,C003843,2025-10-31,Bug,low,6.9
E00006511,C003845,2025-08-14,Feature Request,high,5.6
E00006512,C003845,2025-08-29,Bug,low,50.6
E00006513,C003845,2025-09-06,How-to,high,9.4
E00006514,C003846,2024-10-21,Feature Request,high,36.4
E00006515,C003847,2025-04-28,How-to,medium,7.1
E00006516,C003848,2025-12-31,Bug,medium,13.4
E00006517,C003848,2024-09-06,Outage,medium,11.3
E00006518,C003848,2024-07-05,How-to,low,11.3
E00006519,C003848,2024-10-08,How-to,low,11.1
E00006520,C003849,2025-01-17,Feature Request,low,13.7
E00006521,C003849,2024-12-31,Feature Request,medium,14.7
E00006522,C003850,2025-01-07,How-to,medium,9.2
E00006523,C003850,2023-09-26,How-to,high,10.4
E00006524,C003851,2024-11-21,How-to,low,42.1
E00006525,C003852,2024-08-14,Bug,critical,6.9
E00006526,C003852,2024-08-03,How-to,high,11.5
E00006527,C003853,2022-12-14,How-to,low,28.3
E00006528,C003854,2024-07-08,Bug,low,8.3
E00006529,C003854,2024-11-17,Feature Request,medium,4.6
E00006530,C003854,2023-11-02,Outage,low,42.2
E00006531,C003855,2024-09-14,Outage,low,20.2
E00006532,C003855,2024-10-31,Billing,high,6.4
E00006533,C003856,2025-04-10,Feature Request,low,3.2
E00006534,C003856,2025-02-14,How-to,low,9.2
E00006535,C003856,2024-12-24,How-to,critical,18.8
E00006536,C003857,2025-06-26,How-to,medium,36.7
E00006537,C003859,2024-05-15,How-to,low,16.2
E00006538,C003860,2025-06-09,Bug,medium,5.4
E00006539,C003860,2023-09-30,Feature Request,low,30.4
E00006540,C003861,2024-02-28,Billing,high,30.5
E00006541,C003862,2025-09-15,Billing,high,11.6
E00006542,C003862,2025-06-07,How-to,low,17.4
E00006543,C003862,2024-11-08,Bug,medium,6.6
E00006544,C003863,2025-02-26,Billing,high,15.8
E00006545,C003864,2025-01-17,Bug,low,5.4
E00006546,C003866,2025-03-12,Billing,high,12.3
E00006547,C003866,2025-05-19,Feature Request,medium,15.8
E00006548,C003867,2024-06-18,How-to,medium,30.4
E00006549,C003867,2024-04-06,Bug,high,5.2
E00006550,C003868,2025-07-24,How-to,high,5.8
E00006551,C003870,2025-01-27,How-to,low,8.8
E00006552,C003870,2025-09-22,Bug,low,7.1
E00006553,C003870,2025-07-21,Bug,low,108.5
E00006554,C003871,2024-09-07,How-to,low,14.0
E00006555,C003871,2022-05-14,How-to,critical,30.0
E00006556,C003872,2024-12-08,How-to,low,23.7
E00006557,C003872,2024-02-11,Billing,low,3.8
E00006558,C003872,2023-04-08,How-to,high,10.6
E00006559,C003873,2025-09-26,How-to,low,9.9
E00006560,C003874,2025-09-17,Outage,medium,2.8
E00006561,C003874,2025-02-09,Outage,low,6.3
E00006562,C003874,2024-08-12,Feature Request,low,45.7
E00006563,C003875,2025-10-21,Billing,medium,4.5
E00006564,C003875,2025-07-09,Outage,low,18.4
E00006565,C003875,2025-09-03,How-to,high,12.0
E00006566,C003876,2025-01-23,How-to,medium,23.5
E00006567,C003877,2025-07-23,Billing,high,40.6
E00006568,C003877,2025-10-31,Bug,low,29.0
E00006569,C003877,2025-10-02,Feature Request,low,69.1
E00006570,C003878,2025-03-02,Billing,medium,8.7
E00006571,C003880,2023-06-20,Feature Request,low,28.7
E00006572,C003881,2025-08-31,Bug,low,20.1
E00006573,C003881,2025-07-20,Bug,low,3.8
E00006574,C003881,2025-07-27,Bug,high,36.8
E00006575,C003881,2025-08-10,Billing,low,7.7
E00006576,C003881,2025-09-04,Bug,low,7.0
E00006577,C003882,2024-12-12,Billing,medium,16.1
E00006578,C003882,2024-01-05,How-to,low,16.1
E00006579,C003882,2025-09-09,Billing,low,11.0
E00006580,C003883,2025-03-15,Billing,low,4.4
E00006581,C003884,2024-03-17,Bug,low,65.3
E00006582,C003884,2023-11-05,Billing,low,4.4
E00006583,C003885,2023-03-15,Billing,medium,13.8
E00006584,C003886,2024-10-16,Billing,low,2.9
E00006585,C003887,2023-01-15,Feature Request,medium,14.1
E00006586,C003888,2024-05-06,Feature Request,medium,6.8
E00006587,C003888,2023-04-18,Billing,high,55.8
E00006588,C003888,2023-03-11,Bug,low,7.8
E00006589,C003888,2025-05-26,Bug,low,7.6
E00006590,C003888,2023-09-06,Billing,low,31.6
E00006591,C003890,2025-10-10,Outage,medium,46.4
E00006592,C003890,2025-09-26,How-to,low,16.5
E00006593,C003891,2024-12-12,How-to,medium,8.8
E00006594,C003892,2025-10-15,How-to,medium,18.8
E00006595,C003892,2025-12-24,Bug,high,2.0
E00006596,C003893,2024-09-14,How-to,low,6.2
E00006597,C003893,2025-01-24,Bug,high,10.2
E00006598,C003894,2023-12-03,Feature Request,medium,10.1
E00006599,C003894,2025-05-13,Feature Request,low,15.1
E00006600,C003895,2025-08-16,How-to,medium,20.0
E00006601,C003895,2025-10-13,Bug,high,22.4
E00006602,C003895,2024-12-25,Feature Request,high,22.0
E00006603,C003896,2025-12-13,Bug,medium,1.3
E00006604,C003897,2025-07-30,Bug,medium,5.2
E00006605,C003898,2025-09-13,Bug,medium,31.2
E00006606,C003898,2023-03-12,Outage,high,3.4
E00006607,C003898,2023-05-27,How-to,low,9.9
E00006608,C003898,2024-04-16,Feature Request,medium,7.7
E00006609,C003899,2023-09-13,Billing,medium,12.0
E00006610,C003900,2025-09-01,Bug,low,27.9
E00006611,C003902,2025-09-27,How-to,medium,30.0
E00006612,C003902,2025-12-30,Bug,critical,11.2
E00006613,C003902,2025-11-05,Feature Request,medium,18.8
E00006614,C003902,2025-10-12,Billing,low,18.4
E00006615,C003903,2024-03-09,How-to,high,3.9
E00006616,C003904,2025-09-16,How-to,low,69.8
E00006617,C003905,2025-08-23,Bug,high,21.6
E00006618,C003905,2025-09-22,Bug,low,46.2
E00006619,C003906,2025-10-12,Bug,medium,4.6
E00006620,C003907,2025-11-30,How-to,low,31.2
E00006621,C003908,2025-11-01,How-to,medium,22.4
E00006622,C003908,2025-10-19,How-to,medium,17.1
E00006623,C003909,2023-04-24,Bug,low,20.6
E00006624,C003911,2025-07-05,Billing,low,14.9
E00006625,C003912,2025-11-04,How-to,low,3.4
E00006626,C003912,2025-12-18,Billing,medium,3.8
E00006627,C003913,2025-08-03,Billing,medium,6.4
E00006628,C003913,2023-07-31,How-to,low,12.8
E00006629,C003914,2025-09-07,Bug,low,16.1
E00006630,C003914,2025-12-30,Bug,low,6.0
E00006631,C003915,2025-08-28,Bug,medium,6.1
E00006632,C003915,2025-12-25,Bug,high,2.5
E00006633,C003916,2023-12-29,How-to,critical,18.3
E00006634,C003917,2025-06-15,Billing,high,11.1
E00006635,C003920,2025-03-06,Outage,medium,8.3
E00006636,C003921,2025-09-05,Billing,low,110.7
E00006637,C003921,2025-12-08,Billing,medium,9.2
E00006638,C003922,2024-11-17,Billing,low,36.2
E00006639,C003922,2025-06-10,Billing,medium,16.4
E00006640,C003923,2025-12-10,Bug,medium,30.0
E00006641,C003923,2025-05-19,Billing,critical,14.6
E00006642,C003924,2025-01-08,How-to,high,39.7
E00006643,C003924,2025-04-20,Billing,low,3.3
E00006644,C003925,2025-03-30,Billing,medium,16.5
E00006645,C003925,2025-01-27,Bug,low,11.8
E00006646,C003925,2024-10-25,Feature Request,medium,18.6
E00006647,C003926,2025-04-09,How-to,low,11.2
E00006648,C003927,2024-08-05,Billing,medium,4.0
E00006649,C003928,2025-03-22,How-to,medium,16.8
E00006650,C003928,2023-11-28,Billing,high,2.3
E00006651,C003928,2023-03-30,Billing,medium,22.3
E00006652,C003928,2024-01-08,Billing,high,4.4
E00006653,C003929,2024-09-11,Feature Request,low,22.2
E00006654,C003929,2025-10-08,How-to,medium,4.9
E00006655,C003929,2025-03-09,How-to,low,18.0
E00006656,C003930,2025-12-06,Feature Request,medium,7.9
E00006657,C003931,2025-10-14,Bug,low,40.5
E00006658,C003932,2024-03-30,Feature Request,low,17.7
E00006659,C003932,2025-11-12,Billing,medium,5.3
E00006660,C003932,2022-09-17,Outage,low,10.7
E00006661,C003933,2025-03-10,Billing,medium,6.4
E00006662,C003933,2025-03-05,Billing,medium,21.1
E00006663,C003934,2025-11-15,How-to,medium,22.9
E00006664,C003934,2025-02-14,How-to,low,76.8
E00006665,C003934,2025-08-12,How-to,low,10.3
E00006666,C003935,2024-04-27,Feature Request,medium,11.2
E00006667,C003935,2025-08-13,Billing,medium,52.4
E00006668,C003936,2025-12-19,Bug,low,8.1
E00006669,C003936,2025-07-20,How-to,critical,5.3
E00006670,C003937,2025-10-12,Bug,low,5.8
E00006671,C003937,2025-08-09,How-to,low,13.6
E00006672,C003937,2025-01-03,Billing,low,9.2
E00006673,C003938,2025-10-25,Bug,high,3.6
E00006674,C003938,2023-12-28,Outage,low,4.4
E00006675,C003939,2025-10-01,Billing,medium,23.3
E00006676,C003941,2024-09-23,Bug,medium,3.9
E00006677,C003942,2024-05-24,Bug,medium,4.4
E00006678,C003942,2025-10-29,How-to,low,12.3
E00006679,C003942,2024-07-08,Feature Request,high,21.9
E00006680,C003943,2025-10-10,Feature Request,medium,33.7
E00006681,C003943,2025-10-15,Feature Request,low,12.7
E00006682,C003943,2025-10-28,Billing,medium,14.1
E00006683,C003943,2025-10-13,Billing,low,6.6
E00006684,C003943,2025-11-10,Feature Request,low,5.3
E00006685,C003944,2025-12-01,Feature Request,low,12.6
E00006686,C003944,2025-12-25,How-to,medium,18.4
E00006687,C003945,2024-06-25,Billing,low,11.1
E00006688,C003945,2023-06-14,Billing,medium,6.4
E00006689,C003945,2023-10-25,How-to,low,13.6
E00006690,C003946,2024-11-19,How-to,medium,23.2
E00006691,C003947,2024-02-16,How-to,medium,6.6
E00006692,C003947,2022-07-18,Bug,medium,13.1
E00006693,C003947,2024-06-11,Feature Request,medium,22.9
E00006694,C003947,2025-02-02,How-to,medium,6.5
E00006695,C003948,2024-05-08,How-to,high,8.2
E00006696,C003948,2025-03-26,Bug,critical,3.4
E00006697,C003949,2025-11-24,Bug,low,4.5
E00006698,C003950,2025-08-25,Bug,high,11.4
E00006699,C003950,2024-08-26,How-to,medium,5.5
E00006700,C003951,2023-12-31,How-to,high,4.1
E00006701,C003952,2024-05-11,Feature Request,medium,3.5
E00006702,C003952,2023-02-11,Billing,low,18.4
E00006703,C003953,2025-04-24,Feature Request,medium,1.2
E00006704,C003955,2025-10-23,How-to,low,21.2
E00006705,C003956,2025-11-26,Bug,low,11.2
E00006706,C003956,2025-12-29,Billing,medium,14.7
E00006707,C003956,2025-11-17,Billing,medium,6.8
E00006708,C003957,2025-04-05,How-to,medium,6.8
E00006709,C003957,2024-03-27,Bug,low,26.4
E00006710,C003958,2025-12-25,Outage,low,38.8
E00006711,C003958,2025-07-22,Bug,medium,73.3
E00006712,C003958,2025-09-02,How-to,low,20.6
E00006713,C003959,2024-08-08,Bug,medium,7.9
E00006714,C003959,2023-06-15,Billing,high,62.3
E00006715,C003959,2025-04-24,Billing,low,10.5
E00006716,C003959,2023-10-07,Billing,high,127.1
E00006717,C003959,2024-02-15,How-to,medium,20.0
E00006718,C003961,2025-09-20,Outage,high,12.9
E00006719,C003961,2025-10-27,Billing,medium,13.0
E00006720,C003961,2025-10-12,Billing,medium,13.2
E00006721,C003962,2025-10-31,How-to,low,12.8
E00006722,C003963,2025-03-06,How-to,medium,4.4
E00006723,C003963,2025-06-21,Bug,critical,13.4
E00006724,C003963,2024-08-29,Billing,low,22.3
E00006725,C003964,2025-10-29,Feature Request,low,16.5
E00006726,C003966,2025-09-06,Bug,low,13.7
E00006727,C003966,2025-07-23,Feature Request,low,25.5
E00006728,C003966,2025-09-25,How-to,low,3.8
E00006729,C003967,2025-04-04,Billing,high,3.4
E00006730,C003968,2025-06-18,Billing,medium,2.5
E00006731,C003969,2025-11-11,Feature Request,low,16.2
E00006732,C003969,2024-08-03,Billing,high,69.7
E00006733,C003969,2024-10-30,Bug,medium,38.2
E00006734,C003970,2024-07-30,Bug,medium,11.4
E00006735,C003971,2025-10-06,Feature Request,high,43.4
E00006736,C003972,2025-10-30,How-to,medium,31.1
E00006737,C003972,2025-12-11,Bug,high,9.4
E00006738,C003972,2025-09-15,Feature Request,medium,11.8
E00006739,C003974,2024-12-30,How-to,low,1.9
E00006740,C003974,2023-06-16,How-to,low,21.0
E00006741,C003974,2024-06-27,Bug,high,30.0
E00006742,C003975,2023-02-13,Bug,high,10.7
E00006743,C003976,2025-12-18,How-to,low,12.8
E00006744,C003976,2025-01-05,Bug,medium,11.8
E00006745,C003978,2025-11-17,How-to,low,8.4
E00006746,C003978,2025-12-04,Billing,high,6.9
E00006747,C003978,2025-11-25,Bug,low,7.0
E00006748,C003979,2025-08-06,Billing,medium,20.4
E00006749,C003979,2025-11-12,Outage,medium,7.5
E00006750,C003980,2025-11-30,Outage,medium,7.3
E00006751,C003980,2023-06-29,Billing,medium,7.0
E00006752,C003981,2024-02-10,Billing,critical,3.7
E00006753,C003982,2023-08-24,Feature Request,high,9.4
E00006754,C003983,2025-12-12,Billing,low,62.2
E00006755,C003984,2025-05-18,Billing,low,9.0
E00006756,C003986,2024-01-06,Bug,low,9.5
E00006757,C003987,2023-12-15,Outage,medium,11.9
E00006758,C003988,2024-06-29,How-to,low,28.6
E00006759,C003988,2022-06-05,Feature Request,high,31.2
E00006760,C003988,2023-02-04,Billing,medium,12.5
E00006761,C003988,2025-10-09,How-to,medium,7.8
E00006762,C003989,2025-01-01,Outage,medium,5.7
E00006763,C003989,2024-08-09,How-to,medium,9.1
E00006764,C003989,2024-10-07,Bug,medium,6.5
E00006765,C003989,2024-01-03,Outage,medium,9.3
E00006766,C003990,2025-02-22,Billing,low,15.4
E00006767,C003991,2025-01-24,Feature Request,medium,4.6
E00006768,C003991,2024-12-26,How-to,medium,6.8
E00006769,C003991,2025-02-27,How-to,low,3.9
E00006770,C003992,2025-10-13,Billing,low,11.7
E00006771,C003992,2025-05-23,Bug,critical,1.7
E00006772,C003993,2024-08-01,Bug,medium,10.5
E00006773,C003994,2023-05-17,Bug,medium,6.4
E00006774,C003995,2025-07-09,Feature Request,medium,34.1
E00006775,C003999,2025-05-20,How-to,low,3.4
E00006776,C003999,2024-12-23,Feature Request,low,11.4
E00006777,C004000,2024-07-04,How-to,low,6.4
E00006778,C004000,2025-03-21,Billing,low,11.9
E00006779,C004000,2024-11-15,Bug,high,14.4
E00006780,C004001,2024-01-10,Billing,medium,17.2
E00006781,C004002,2025-08-25,Outage,low,12.0
E00006782,C004002,2025-11-01,How-to,low,44.9
E00006783,C004004,2023-10-30,Bug,medium,18.4
E00006784,C004004,2025-07-29,How-to,medium,4.2
E00006785,C004006,2025-10-13,How-to,medium,7.5
E00006786,C004007,2023-09-20,How-to,high,10.0
E00006787,C004009,2024-04-16,How-to,low,9.1
E00006788,C004009,2024-12-30,Outage,critical,10.6
E00006789,C004010,2025-05-13,Billing,high,12.6
E00006790,C004010,2023-07-14,Bug,low,21.1
E00006791,C004011,2023-10-18,Outage,medium,13.0
E00006792,C004011,2023-07-25,How-to,medium,43.3
E00006793,C004012,2025-09-10,Billing,low,5.1
E00006794,C004012,2025-07-26,How-to,low,11.0
E00006795,C004013,2025-08-12,Bug,medium,3.7
E00006796,C004013,2025-08-07,Billing,medium,13.3
E00006797,C004014,2025-05-30,How-to,high,12.7
E00006798,C004015,2023-03-04,How-to,high,11.3
E00006799,C004017,2024-03-26,How-to,medium,16.6
E00006800,C004018,2024-11-03,Bug,low,6.3
E00006801,C004020,2025-02-20,Billing,medium,42.0
E00006802,C004020,2025-02-05,Bug,high,4.8
E00006803,C004021,2023-10-14,Billing,low,8.8
E00006804,C004022,2023-08-15,How-to,high,24.7
E00006805,C004022,2022-06-11,Billing,high,26.8
E00006806,C004022,2022-10-19,Bug,low,53.9
E00006807,C004023,2025-06-06,Feature Request,high,17.0
E00006808,C004024,2025-07-11,Bug,high,7.0
E00006809,C004025,2025-10-19,Bug,high,14.2
E00006810,C004026,2025-11-30,Billing,low,17.6
E00006811,C004026,2025-03-27,Feature Request,high,3.4
E00006812,C004026,2022-09-21,How-to,low,4.4
E00006813,C004026,2023-07-21,Outage,medium,13.0
E00006814,C004027,2025-01-14,How-to,medium,4.4
E00006815,C004027,2025-12-20,Billing,critical,16.9
E00006816,C004028,2024-05-03,Feature Request,high,9.0
E00006817,C004030,2024-07-04,Billing,low,33.1
E00006818,C004031,2024-09-24,How-to,medium,6.7
E00006819,C004031,2024-07-03,Feature Request,medium,5.8
E00006820,C004031,2025-04-19,Outage,medium,1.0
E00006821,C004032,2025-07-16,Feature Request,low,10.0
E00006822,C004032,2025-02-26,Outage,low,8.7
E00006823,C004033,2025-01-05,Billing,low,9.7
E00006824,C004033,2025-03-07,Outage,critical,33.3
E00006825,C004034,2025-11-17,Bug,low,7.8
E00006826,C004035,2024-03-29,Billing,low,3.0
E00006827,C004035,2024-10-15,How-to,high,4.8
E00006828,C004036,2024-08-20,How-to,medium,5.5
E00006829,C004036,2022-08-11,How-to,low,1.6
E00006830,C004037,2024-10-11,How-to,medium,14.2
E00006831,C004038,2025-07-10,Billing,low,7.4
E00006832,C004038,2024-10-28,Billing,high,1.6
E00006833,C004038,2025-12-14,Billing,critical,17.0
E00006834,C004040,2025-05-13,Outage,critical,3.5
E00006835,C004041,2023-09-21,Feature Request,low,15.8
E00006836,C004042,2024-10-12,Billing,critical,28.2
E00006837,C004042,2025-01-04,Bug,high,55.1
E00006838,C004042,2025-05-28,How-to,medium,6.2
E00006839,C004043,2025-08-28,Outage,medium,17.2
E00006840,C004044,2023-04-14,Bug,high,18.3
E00006841,C004045,2025-11-15,How-to,medium,14.0
E00006842,C004045,2025-12-11,Billing,low,41.8
E00006843,C004046,2023-07-16,Bug,medium,2.6
E00006844,C004046,2024-09-08,How-to,low,9.3
E00006845,C004047,2025-03-25,Feature Request,critical,9.3
E00006846,C004047,2025-12-04,How-to,high,7.1
E00006847,C004047,2023-11-09,Billing,medium,15.7
E00006848,C004048,2024-10-13,How-to,high,10.9
E00006849,C004048,2024-10-26,Bug,high,1.7
E00006850,C004048,2023-07-09,Billing,high,14.7
E00006851,C004050,2025-12-15,Outage,high,8.9
E00006852,C004051,2024-03-10,Feature Request,low,34.6
E00006853,C004051,2025-01-28,Outage,low,7.6
E00006854,C004051,2025-05-18,How-to,high,9.3
E00006855,C004052,2025-01-02,Billing,medium,4.7
E00006856,C004052,2024-12-29,How-to,low,4.7
E00006857,C004053,2025-01-22,Feature Request,medium,10.1
E00006858,C004053,2025-12-15,Billing,low,7.0
E00006859,C004054,2025-12-28,Feature Request,low,24.4
E00006860,C004055,2024-01-30,How-to,medium,32.7
E00006861,C004056,2025-07-25,How-to,low,8.2
E00006862,C004057,2025-09-28,Bug,high,29.0
E00006863,C004057,2025-10-17,How-to,high,5.5
E00006864,C004058,2024-11-27,Feature Request,medium,14.1
E00006865,C004059,2024-02-19,Bug,high,14.3
E00006866,C004059,2025-10-19,How-to,low,57.6
E00006867,C004060,2025-12-19,Outage,low,7.6
E00006868,C004061,2025-06-21,Bug,high,19.2
E00006869,C004061,2023-06-25,Bug,low,2.8
E00006870,C004061,2024-07-15,Billing,high,12.8
E00006871,C004061,2022-12-18,How-to,medium,2.9
E00006872,C004061,2024-05-20,Billing,critical,8.7
E00006873,C004062,2022-07-03,How-to,critical,5.0
E00006874,C004062,2025-01-02,How-to,low,27.4
E00006875,C004062,2023-12-09,Billing,low,11.5
E00006876,C004063,2025-09-03,How-to,medium,32.5
E00006877,C004063,2024-12-16,Feature Request,medium,51.4
E00006878,C004064,2024-06-24,Bug,medium,15.9
E00006879,C004064,2025-11-03,How-to,high,8.9
E00006880,C004065,2025-03-14,Billing,low,18.0
E00006881,C004067,2025-05-20,Bug,low,2.6
E00006882,C004067,2025-08-17,Feature Request,low,11.6
E00006883,C004068,2024-06-26,How-to,medium,23.2
E00006884,C004068,2024-05-06,Billing,medium,3.4
E00006885,C004069,2025-04-07,Bug,medium,35.5
E00006886,C004069,2025-07-06,Bug,low,19.8
E00006887,C004070,2023-07-04,Billing,low,27.5
E00006888,C004070,2023-11-23,Billing,medium,57.2
E00006889,C004070,2025-02-04,How-to,medium,14.6
E00006890,C004071,2023-07-29,Bug,low,4.3
E00006891,C004071,2024-07-23,Billing,high,14.4
E00006892,C004071,2024-06-03,How-to,high,11.7
E00006893,C004071,2025-02-07,Outage,high,9.6
E00006894,C004072,2025-06-01,Feature Request,medium,4.4
E00006895,C004072,2025-08-05,Feature Request,medium,35.5
E00006896,C004073,2025-11-09,Billing,high,23.4
E00006897,C004073,2025-08-30,Bug,low,7.3
E00006898,C004074,2025-09-25,Bug,medium,4.8
E00006899,C004075,2025-02-09,Billing,medium,6.2
E00006900,C004076,2024-05-19,Feature Request,low,7.8
E00006901,C004080,2025-08-24,Billing,medium,5.7
E00006902,C004081,2025-08-29,Feature Request,low,9.9
E00006903,C004082,2023-03-09,Billing,medium,44.4
E00006904,C004082,2024-03-15,Outage,medium,2.3
E00006905,C004083,2025-03-21,How-to,medium,8.8
E00006906,C004083,2025-01-30,How-to,low,7.7
E00006907,C004083,2025-04-03,Billing,medium,23.3
E00006908,C004083,2025-01-29,How-to,high,12.7
E00006909,C004083,2025-09-14,Bug,high,19.9
E00006910,C004084,2025-10-30,Bug,low,80.7
E00006911,C004086,2025-10-12,Outage,low,5.7
E00006912,C004086,2024-11-22,Feature Request,low,40.8
E00006913,C004086,2025-10-09,Bug,low,6.1
E00006914,C004086,2024-09-30,Feature Request,high,18.9
E00006915,C004087,2023-03-04,How-to,low,6.2
E00006916,C004088,2025-10-25,How-to,medium,7.2
E00006917,C004088,2025-10-05,Billing,low,22.5
E00006918,C004089,2025-12-12,Billing,low,11.7
E00006919,C004089,2025-11-16,Billing,critical,5.3
E00006920,C004092,2025-09-26,How-to,high,9.0
E00006921,C004092,2024-01-31,How-to,low,31.5
E00006922,C004092,2022-05-19,Outage,medium,4.1
E00006923,C004093,2024-10-04,How-to,low,16.5
E00006924,C004093,2023-07-04,Feature Request,medium,12.0
E00006925,C004094,2025-04-03,Billing,high,28.0
E00006926,C004095,2025-11-14,How-to,medium,4.7
E00006927,C004095,2025-10-11,Feature Request,medium,6.9
E00006928,C004096,2024-07-02,How-to,medium,13.7
E00006929,C004098,2024-04-05,Feature Request,medium,17.7
E00006930,C004098,2024-04-22,How-to,low,24.1
E00006931,C004099,2025-07-06,How-to,critical,37.6
E00006932,C004099,2025-11-06,Bug,critical,4.1
E00006933,C004100,2023-06-17,How-to,low,8.0
E00006934,C004100,2025-03-30,Billing,high,7.8
E00006935,C004100,2024-05-19,Bug,medium,89.7
E00006936,C004100,2025-02-02,How-to,high,15.8
E00006937,C004101,2023-08-21,How-to,medium,2.8
E00006938,C004101,2024-10-12,Outage,high,7.6
E00006939,C004101,2024-08-21,Billing,high,4.5
E00006940,C004102,2025-11-17,Billing,high,78.1
E00006941,C004103,2025-06-08,Billing,low,47.1
E00006942,C004103,2022-11-13,Bug,low,6.3
E00006943,C004106,2024-09-23,How-to,critical,21.8
E00006944,C004106,2025-12-03,How-to,high,3.6
E00006945,C004107,2025-08-09,Billing,critical,5.7
E00006946,C004107,2022-12-21,Bug,low,20.5
E00006947,C004108,2025-12-15,Feature Request,medium,8.0
E00006948,C004109,2024-11-29,How-to,low,13.8
E00006949,C004109,2024-06-21,Bug,medium,32.3
E00006950,C004110,2024-11-20,Outage,high,7.5
E00006951,C004112,2024-01-24,How-to,low,10.5
E00006952,C004113,2024-10-31,Billing,medium,21.5
E00006953,C004114,2025-11-15,Outage,low,7.7
E00006954,C004115,2025-10-26,Billing,low,6.8
E00006955,C004116,2024-05-14,Billing,low,17.1
E00006956,C004117,2022-06-23,How-to,high,16.2
E00006957,C004117,2023-02-27,How-to,low,3.4
E00006958,C004117,2022-07-25,Bug,low,37.9
E00006959,C004118,2024-02-10,Billing,medium,16.2
E00006960,C004118,2023-09-23,Billing,high,2.9
E00006961,C004118,2024-11-28,How-to,medium,20.9
E00006962,C004118,2025-08-15,How-to,low,4.8
E00006963,C004118,2024-12-02,Feature Request,low,24.6
E00006964,C004119,2023-09-20,Bug,medium,36.5
E00006965,C004119,2025-10-13,Outage,low,13.8
E00006966,C004121,2025-11-09,Bug,medium,11.9
E00006967,C004122,2025-09-22,Billing,low,13.6
E00006968,C004122,2025-09-18,Feature Request,low,11.8
E00006969,C004124,2025-01-29,How-to,medium,5.2
E00006970,C004125,2025-05-12,Outage,medium,9.0
E00006971,C004125,2025-06-09,Billing,medium,4.4
E00006972,C004127,2023-11-21,Billing,low,5.0
E00006973,C004128,2023-07-01,How-to,medium,5.6
E00006974,C004129,2025-03-25,How-to,medium,30.4
E00006975,C004129,2024-08-10,Outage,medium,5.4
E00006976,C004130,2025-11-19,How-to,medium,45.5
E00006977,C004130,2023-11-29,How-to,low,7.4
E00006978,C004130,2025-12-14,Feature Request,medium,1.5
E00006979,C004132,2025-10-01,How-to,high,21.6
E00006980,C004132,2025-09-03,Billing,high,28.4
E00006981,C004134,2025-06-13,Bug,low,16.8
E00006982,C004135,2025-11-24,How-to,medium,12.2
E00006983,C004136,2025-12-20,How-to,high,10.3
E00006984,C004136,2025-12-18,Feature Request,high,9.4
E00006985,C004137,2025-12-31,Billing,low,4.6
E00006986,C004137,2025-10-25,How-to,low,5.5
E00006987,C004138,2025-05-17,How-to,medium,12.2
E00006988,C004138,2024-02-10,Outage,medium,37.1
E00006989,C004138,2024-08-01,Bug,medium,11.0
E00006990,C004139,2025-06-15,How-to,medium,4.2
E00006991,C004140,2025-01-26,Feature Request,critical,14.9
E00006992,C004141,2024-12-01,How-to,low,27.5
E00006993,C004141,2024-11-20,Billing,medium,49.4
E00006994,C004141,2024-11-26,How-to,low,7.4
E00006995,C004142,2025-08-07,Billing,medium,4.9
E00006996,C004142,2025-05-20,Bug,medium,72.9
E00006997,C004143,2023-08-05,Billing,low,9.2
E00006998,C004143,2023-04-30,How-to,medium,11.9
E00006999,C004144,2024-11-07,Feature Request,medium,47.7
E00007000,C004145,2023-05-04,Bug,low,49.9
E00007001,C004146,2023-05-08,Billing,medium,11.4
E00007002,C004146,2023-03-13,Billing,low,23.1
E00007003,C004146,2023-05-20,How-to,low,13.4
E00007004,C004146,2024-11-13,How-to,medium,15.1
E00007005,C004147,2024-06-20,Bug,high,31.5
E00007006,C004147,2023-09-17,Bug,low,12.6
E00007007,C004148,2025-07-29,How-to,low,19.8
E00007008,C004150,2025-04-05,Outage,medium,45.8
E00007009,C004151,2025-11-23,How-to,medium,5.6
E00007010,C004151,2023-08-20,How-to,medium,5.5
E00007011,C004151,2025-10-04,How-to,low,3.9
E00007012,C004151,2025-12-23,Outage,medium,10.8
E00007013,C004152,2024-08-10,How-to,critical,20.7
E00007014,C004152,2025-03-03,Feature Request,high,3.3
E00007015,C004153,2025-08-09,How-to,low,10.5
E00007016,C004153,2025-08-28,Billing,medium,68.4
E00007017,C004153,2025-08-20,How-to,high,6.7
E00007018,C004154,2025-12-11,How-to,high,15.3
E00007019,C004154,2025-11-16,Billing,medium,7.3
E00007020,C004155,2023-02-23,Bug,low,13.0
E00007021,C004157,2025-06-08,Bug,medium,5.4
E00007022,C004158,2023-09-25,Bug,high,12.5
E00007023,C004159,2022-11-27,Billing,low,5.2
E00007024,C004160,2025-10-14,Bug,medium,33.8
E00007025,C004160,2025-11-10,Feature Request,high,10.4
E00007026,C004160,2025-12-08,Bug,low,16.5
E00007027,C004161,2023-10-25,Billing,low,3.2
E00007028,C004161,2023-10-31,Bug,low,6.8
E00007029,C004162,2025-04-02,How-to,medium,14.8
E00007030,C004162,2025-06-18,How-to,medium,32.8
E00007031,C004162,2023-11-26,Feature Request,low,25.6
E00007032,C004163,2025-08-04,How-to,low,8.1
E00007033,C004163,2024-04-16,Billing,medium,13.9
E00007034,C004163,2025-11-29,How-to,medium,12.2
E00007035,C004164,2023-10-09,Billing,low,17.2
E00007036,C004165,2025-02-02,Bug,low,6.5
E00007037,C004165,2025-01-24,Feature Request,low,6.8
E00007038,C004166,2025-01-13,How-to,medium,11.8
E00007039,C004166,2025-06-25,Feature Request,low,20.3
E00007040,C004166,2024-11-17,Billing,low,11.0
E00007041,C004166,2025-01-30,How-to,high,8.9
E00007042,C004166,2025-09-15,Billing,low,9.1
E00007043,C004167,2024-07-30,Billing,high,20.6
E00007044,C004169,2024-08-01,Billing,high,34.6
E00007045,C004170,2025-05-04,Billing,low,15.5
E00007046,C004170,2025-02-06,Billing,low,25.8
E00007047,C004171,2023-11-13,Feature Request,medium,41.2
E00007048,C004172,2024-06-15,Bug,medium,11.3
E00007049,C004173,2025-01-18,How-to,medium,7.4
E00007050,C004173,2025-03-14,Bug,low,5.6
E00007051,C004174,2023-06-13,Outage,low,4.1
E00007052,C004174,2025-09-25,Billing,low,16.4
E00007053,C004175,2025-08-11,Billing,medium,13.4
E00007054,C004175,2025-11-16,Feature Request,medium,20.3
E00007055,C004177,2024-01-20,How-to,low,56.6
E00007056,C004178,2025-09-03,Bug,high,21.4
E00007057,C004178,2025-07-04,Billing,medium,12.2
E00007058,C004179,2025-05-31,How-to,medium,12.4
E00007059,C004179,2025-11-16,How-to,medium,7.3
E00007060,C004180,2024-02-21,Billing,low,26.5
E00007061,C004181,2025-04-18,Feature Request,critical,12.9
E00007062,C004181,2024-10-07,How-to,medium,7.0
E00007063,C004181,2025-10-20,Billing,low,7.5
E00007064,C004183,2023-05-19,How-to,medium,4.1
E00007065,C004184,2025-11-04,Billing,medium,6.6
E00007066,C004184,2025-12-29,Billing,low,19.0
E00007067,C004185,2023-07-05,Outage,low,18.3
E00007068,C004185,2025-08-13,Bug,medium,18.9
E00007069,C004186,2025-10-10,How-to,low,9.1
E00007070,C004186,2025-01-19,Bug,medium,46.6
E00007071,C004188,2024-12-30,Outage,high,8.5
E00007072,C004188,2025-07-13,How-to,medium,44.6
E00007073,C004188,2023-05-12,Bug,low,6.6
E00007074,C004190,2025-11-28,Bug,critical,6.0
E00007075,C004191,2023-11-03,Outage,low,6.6
E00007076,C004191,2023-10-24,How-to,low,58.2
E00007077,C004192,2024-10-21,Feature Request,high,4.9
E00007078,C004192,2025-09-19,Feature Request,high,23.0
E00007079,C004192,2025-09-21,How-to,low,7.6
E00007080,C004193,2024-12-10,How-to,medium,7.4
E00007081,C004193,2025-12-07,Billing,low,8.9
E00007082,C004194,2022-10-02,How-to,low,2.8
E00007083,C004195,2024-07-02,Bug,low,7.6
E00007084,C004195,2024-04-17,How-to,medium,25.2
E00007085,C004197,2024-06-08,How-to,low,11.0
E00007086,C004199,2025-12-23,Bug,medium,22.4
E00007087,C004200,2024-01-23,Outage,medium,72.4
E00007088,C004201,2025-08-19,How-to,high,19.7
E00007089,C004201,2024-10-01,Bug,low,23.3
E00007090,C004201,2025-04-15,Outage,high,12.7
E00007091,C004201,2025-05-02,Bug,low,8.9
E00007092,C004201,2025-01-12,How-to,medium,9.3
E00007093,C004202,2025-01-10,How-to,low,4.4
E00007094,C004202,2025-02-01,How-to,medium,2.6
E00007095,C004202,2025-02-10,Outage,low,17.0
E00007096,C004203,2024-11-02,Feature Request,low,12.6
E00007097,C004203,2023-06-29,Bug,medium,19.8
E00007098,C004203,2025-06-12,Billing,high,7.4
E00007099,C004205,2024-04-18,Bug,low,10.8
E00007100,C004205,2024-11-15,How-to,low,47.8
E00007101,C004205,2025-05-05,Billing,low,18.4
E00007102,C004206,2025-05-29,Feature Request,low,5.2
E00007103,C004207,2025-09-07,Billing,medium,5.4
E00007104,C004208,2025-11-03,Billing,medium,9.0
E00007105,C004209,2025-04-07,Bug,low,13.5
E00007106,C004209,2025-06-12,Billing,high,3.4
E00007107,C004211,2023-05-23,Outage,high,18.3
E00007108,C004211,2024-12-29,How-to,medium,7.4
E00007109,C004211,2025-05-12,Billing,medium,31.5
E00007110,C004211,2024-07-11,Billing,low,3.3
E00007111,C004211,2025-07-30,Billing,medium,5.4
E00007112,C004212,2025-08-31,How-to,low,37.8
E00007113,C004212,2025-01-11,Bug,low,14.3
E00007114,C004213,2024-03-25,How-to,medium,3.9
E00007115,C004213,2025-09-19,How-to,medium,2.8
E00007116,C004215,2025-01-31,How-to,low,9.3
E00007117,C004215,2024-11-26,Outage,low,11.3
E00007118,C004216,2025-12-21,How-to,medium,7.1
E00007119,C004217,2024-08-27,Bug,low,22.1
E00007120,C004217,2023-12-11,How-to,high,6.0
E00007121,C004217,2024-09-12,Billing,low,4.3
E00007122,C004218,2023-05-10,Billing,medium,5.1
E00007123,C004220,2024-11-13,Feature Request,low,18.7
E00007124,C004220,2024-08-22,Outage,high,3.9
E00007125,C004220,2024-06-14,Billing,low,5.9
E00007126,C004221,2023-12-20,Billing,high,9.9
E00007127,C004221,2025-08-28,How-to,low,17.0
E00007128,C004223,2025-10-14,Bug,low,6.0
E00007129,C004223,2025-06-28,Bug,medium,8.7
E00007130,C004223,2025-10-12,Bug,medium,7.4
E00007131,C004224,2025-07-12,Billing,high,21.1
E00007132,C004224,2025-07-19,Feature Request,medium,5.2
E00007133,C004225,2025-04-22,Feature Request,low,5.7
E00007134,C004225,2025-09-23,Feature Request,low,2.9
E00007135,C004227,2025-11-14,Bug,medium,17.6
E00007136,C004228,2025-04-18,Bug,medium,30.6
E00007137,C004229,2023-06-26,Outage,medium,8.7
E00007138,C004230,2025-09-08,Bug,medium,27.0
E00007139,C004231,2023-02-09,Bug,low,6.5
E00007140,C004231,2022-09-18,Billing,low,8.5
E00007141,C004232,2025-08-25,How-to,low,14.4
E00007142,C004232,2025-10-13,Billing,low,2.1
E00007143,C004232,2025-10-27,How-to,high,27.1
E00007144,C004233,2025-04-28,How-to,medium,7.6
E00007145,C004233,2024-06-20,How-to,low,12.9
E00007146,C004233,2025-03-13,Bug,high,40.5
E00007147,C004233,2024-08-26,Billing,low,16.5
E00007148,C004233,2025-10-14,Billing,high,18.3
E00007149,C004235,2024-04-22,Bug,medium,19.0
E00007150,C004235,2023-05-02,Outage,medium,8.0
E00007151,C004236,2022-09-09,How-to,medium,9.1
E00007152,C004236,2024-01-30,How-to,medium,20.9
E00007153,C004238,2025-02-19,How-to,medium,8.3
E00007154,C004239,2025-02-26,Feature Request,medium,12.8
E00007155,C004239,2025-11-27,Outage,low,29.9
E00007156,C004240,2024-11-04,How-to,medium,10.1
E00007157,C004240,2025-03-09,How-to,medium,17.8
E00007158,C004242,2024-07-26,How-to,high,12.1
E00007159,C004243,2025-11-08,How-to,low,13.6
E00007160,C004243,2025-09-01,Bug,medium,14.8
E00007161,C004243,2025-07-18,How-to,medium,19.7
E00007162,C004243,2025-11-13,Feature Request,medium,13.3
E00007163,C004244,2022-10-28,How-to,low,32.7
E00007164,C004244,2025-08-19,Feature Request,medium,17.0
E00007165,C004244,2023-08-02,How-to,medium,20.1
E00007166,C004245,2023-11-16,Outage,high,9.6
E00007167,C004245,2025-11-11,Billing,critical,3.4
E00007168,C004246,2025-05-13,Billing,low,35.0
E00007169,C004246,2025-01-14,Billing,high,21.0
E00007170,C004247,2023-03-22,Outage,medium,16.7
E00007171,C004247,2025-08-04,How-to,high,26.0
E00007172,C004248,2024-01-28,Billing,low,30.1
E00007173,C004248,2024-07-28,How-to,low,8.1
E00007174,C004249,2025-09-28,Billing,critical,10.5
E00007175,C004249,2025-08-06,Bug,medium,11.4
E00007176,C004249,2025-10-13,How-to,medium,11.4
E00007177,C004251,2024-02-08,Billing,high,12.6
E00007178,C004251,2024-05-23,Feature Request,medium,3.9
E00007179,C004252,2023-09-09,Outage,high,6.3
E00007180,C004253,2025-11-18,Bug,low,36.0
E00007181,C004253,2025-11-14,Outage,medium,8.3
E00007182,C004256,2025-11-13,How-to,high,16.3
E00007183,C004258,2022-10-05,Bug,low,9.3
E00007184,C004258,2024-11-29,Outage,medium,8.3
E00007185,C004260,2023-02-19,Billing,medium,24.1
E00007186,C004260,2022-10-27,Bug,low,12.2
E00007187,C004261,2023-08-24,Feature Request,medium,21.6
E00007188,C004261,2024-09-12,How-to,medium,7.1
E00007189,C004262,2025-01-28,How-to,low,6.1
E00007190,C004262,2025-07-10,Feature Request,critical,2.9
E00007191,C004262,2024-01-29,How-to,medium,11.8
E00007192,C004262,2025-08-12,How-to,medium,27.5
E00007193,C004262,2025-11-15,Feature Request,high,14.1
E00007194,C004264,2025-03-27,Billing,low,10.5
E00007195,C004264,2025-12-07,Outage,low,34.1
E00007196,C004267,2023-08-17,Feature Request,critical,51.7
E00007197,C004267,2023-07-25,Billing,low,3.4
E00007198,C004267,2023-12-21,How-to,low,26.6
E00007199,C004267,2023-08-23,Bug,high,143.9
E00007200,C004268,2025-12-29,Bug,high,6.9
E00007201,C004268,2025-11-17,Bug,high,9.4
E00007202,C004270,2024-11-24,Billing,low,17.7
E00007203,C004270,2024-07-25,Bug,high,13.4
E00007204,C004270,2025-01-11,Feature Request,medium,3.5
E00007205,C004270,2025-06-25,Bug,critical,8.9
E00007206,C004273,2025-09-17,Outage,low,12.2
E00007207,C004274,2024-01-23,How-to,medium,3.4
E00007208,C004275,2025-11-19,Billing,low,2.5
E00007209,C004275,2024-10-03,Bug,medium,53.1
E00007210,C004276,2025-05-30,How-to,low,29.6
E00007211,C004277,2025-03-21,Bug,medium,38.0
E00007212,C004277,2025-08-03,Billing,medium,29.5
E00007213,C004278,2025-10-19,Feature Request,low,41.9
E00007214,C004278,2025-02-24,Billing,high,64.1
E00007215,C004279,2025-09-14,How-to,medium,6.7
E00007216,C004279,2025-02-14,Billing,low,12.1
E00007217,C004279,2025-11-05,Billing,low,27.7
E00007218,C004280,2025-11-12,How-to,low,4.5
E00007219,C004280,2025-11-19,How-to,low,5.4
E00007220,C004280,2025-07-11,How-to,low,10.7
E00007221,C004282,2025-08-14,Billing,medium,7.5
E00007222,C004282,2025-11-28,How-to,medium,11.5
E00007223,C004282,2025-10-21,Bug,high,15.8
E00007224,C004283,2023-03-15,Bug,medium,15.6
E00007225,C004283,2025-04-11,Billing,medium,24.4
E00007226,C004283,2024-08-29,How-to,medium,26.9
E00007227,C004284,2024-12-01,Feature Request,medium,15.7
E00007228,C004284,2025-04-14,Billing,low,8.0
E00007229,C004287,2025-10-22,Bug,medium,10.9
E00007230,C004289,2025-08-18,Billing,medium,12.6
E00007231,C004291,2024-02-04,How-to,medium,9.8
E00007232,C004292,2025-12-27,Outage,low,16.7
E00007233,C004293,2024-01-16,Feature Request,high,10.2
E00007234,C004293,2024-02-04,Outage,medium,11.9
E00007235,C004293,2023-12-19,Bug,medium,3.7
E00007236,C004293,2024-01-28,How-to,medium,9.5
E00007237,C004293,2024-02-25,How-to,medium,8.8
E00007238,C004296,2025-12-29,How-to,low,12.1
E00007239,C004296,2025-12-11,How-to,low,16.2
E00007240,C004296,2025-12-11,Feature Request,medium,12.1
E00007241,C004296,2025-11-26,Billing,medium,18.2
E00007242,C004299,2023-02-12,How-to,low,8.9
E00007243,C004300,2023-05-09,Billing,medium,29.0
E00007244,C004300,2023-05-13,Feature Request,low,56.5
E00007245,C004300,2024-07-03,Billing,low,20.6
E00007246,C004300,2022-12-07,How-to,medium,19.3
E00007247,C004302,2025-06-14,Billing,high,5.4
E00007248,C004302,2025-06-28,Billing,medium,10.5
E00007249,C004303,2024-04-15,Feature Request,high,19.2
E00007250,C004303,2024-02-26,Feature Request,critical,4.6
E00007251,C004303,2025-09-27,Billing,low,1.5
E00007252,C004304,2024-12-01,How-to,low,18.7
E00007253,C004305,2025-03-01,Billing,low,10.7
E00007254,C004306,2025-10-05,Outage,low,12.3
E00007255,C004307,2025-06-03,Feature Request,medium,12.9
E00007256,C004308,2025-12-30,Billing,medium,7.9
E00007257,C004310,2024-05-24,How-to,medium,7.7
E00007258,C004310,2024-05-31,Outage,low,7.4
E00007259,C004311,2025-08-07,Feature Request,low,51.4
E00007260,C004311,2024-08-14,Billing,high,22.7
E00007261,C004312,2025-11-27,How-to,medium,27.1
E00007262,C004312,2025-11-28,Bug,medium,17.1
E00007263,C004313,2023-11-25,Feature Request,medium,12.1
E00007264,C004314,2025-11-08,Bug,high,9.1
E00007265,C004314,2023-07-18,Billing,low,19.7
E00007266,C004314,2025-06-24,Bug,low,10.1
E00007267,C004314,2022-05-27,Outage,low,14.6
E00007268,C004315,2025-06-15,Bug,low,4.9
E00007269,C004316,2024-10-20,How-to,high,4.7
E00007270,C004316,2024-03-12,Feature Request,medium,20.2
E00007271,C004316,2023-10-22,Bug,medium,11.2
E00007272,C004317,2025-11-17,Billing,medium,35.2
E00007273,C004317,2025-12-22,Bug,high,9.2
E00007274,C004319,2025-11-10,Bug,high,21.4
E00007275,C004319,2025-05-09,Feature Request,low,3.7
E00007276,C004320,2023-05-24,How-to,medium,6.4
E00007277,C004320,2024-12-01,Bug,medium,8.3
E00007278,C004321,2025-01-16,Bug,low,8.1
E00007279,C004321,2025-11-29,Billing,low,31.7
E00007280,C004321,2025-07-23,Outage,high,4.1
E00007281,C004321,2025-11-26,How-to,medium,30.9
E00007282,C004322,2024-05-06,How-to,medium,32.6
E00007283,C004322,2024-06-07,How-to,high,43.1
E00007284,C004322,2024-05-25,Billing,medium,30.4
E00007285,C004323,2024-03-22,How-to,medium,29.0
E00007286,C004323,2025-08-18,Bug,low,5.2
E00007287,C004324,2024-01-03,Feature Request,low,10.2
E00007288,C004324,2025-01-27,How-to,high,62.9
E00007289,C004324,2025-11-18,Outage,medium,20.6
E00007290,C004325,2025-11-21,Billing,high,18.5
E00007291,C004325,2025-11-15,Feature Request,high,5.2
E00007292,C004325,2025-10-27,Feature Request,low,14.6
E00007293,C004326,2024-11-08,Bug,low,4.9
E00007294,C004328,2024-04-08,How-to,low,7.9
E00007295,C004328,2024-03-18,Bug,low,8.2
E00007296,C004329,2024-02-01,Billing,low,15.9
E00007297,C004329,2024-07-09,Feature Request,critical,11.3
E00007298,C004329,2024-12-18,Outage,high,4.9
E00007299,C004331,2022-11-12,How-to,medium,5.8
E00007300,C004331,2023-05-29,Bug,low,3.5
E00007301,C004331,2023-02-19,Feature Request,low,18.0
E00007302,C004331,2023-10-04,How-to,medium,6.1
E00007303,C004332,2025-10-19,Bug,medium,6.3
E00007304,C004333,2025-07-04,Bug,low,17.0
E00007305,C004333,2025-07-21,How-to,medium,23.1
E00007306,C004333,2025-07-30,Billing,medium,37.4
E00007307,C004333,2025-09-06,Billing,critical,20.2
E00007308,C004333,2025-11-04,Billing,medium,29.8
E00007309,C004334,2025-12-24,Bug,low,2.1
E00007310,C004334,2025-09-15,Bug,medium,18.9
E00007311,C004335,2025-08-26,Bug,high,11.2
E00007312,C004335,2025-09-06,Outage,medium,17.6
E00007313,C004335,2025-10-21,Bug,medium,28.9
E00007314,C004335,2025-12-15,Bug,low,14.3
E00007315,C004336,2024-02-19,Bug,medium,14.7
E00007316,C004336,2025-05-07,How-to,low,9.3
E00007317,C004337,2025-02-27,Bug,high,5.2
E00007318,C004337,2024-12-19,How-to,low,27.6
E00007319,C004338,2024-12-28,Bug,low,6.4
E00007320,C004338,2024-03-28,How-to,low,4.4
E00007321,C004338,2025-04-06,Billing,high,3.4
E00007322,C004339,2025-10-31,Billing,medium,9.5
E00007323,C004340,2025-12-23,How-to,low,28.7
E00007324,C004340,2024-11-22,Bug,medium,6.1
E00007325,C004342,2025-06-20,Outage,medium,8.0
E00007326,C004342,2024-07-03,Feature Request,medium,11.9
E00007327,C004342,2024-04-16,How-to,low,3.6
E00007328,C004343,2024-10-15,Feature Request,low,7.9
E00007329,C004344,2023-08-21,How-to,low,36.8
E00007330,C004344,2025-03-24,Billing,medium,21.2
E00007331,C004345,2024-02-02,Bug,medium,12.5
E00007332,C004346,2024-05-19,Billing,medium,11.3
E00007333,C004346,2024-05-30,Feature Request,high,9.5
E00007334,C004347,2024-12-18,Outage,low,38.2
E00007335,C004347,2023-10-31,How-to,low,18.5
E00007336,C004347,2024-05-22,Billing,low,2.5
E00007337,C004348,2023-05-17,Feature Request,low,16.5
E00007338,C004349,2025-01-23,How-to,low,26.3
E00007339,C004349,2025-10-06,Bug,high,8.2
E00007340,C004350,2024-07-28,Feature Request,high,10.6
E00007341,C004350,2024-05-31,How-to,low,3.3
E00007342,C004351,2024-08-28,How-to,high,6.4
E00007343,C004351,2025-05-03,Bug,critical,53.6
E00007344,C004352,2024-10-10,How-to,high,86.3
E00007345,C004352,2024-10-21,How-to,critical,10.4
E00007346,C004352,2025-08-22,Outage,high,3.6
E00007347,C004353,2024-03-13,Outage,low,6.6
E00007348,C004353,2024-07-15,How-to,medium,36.3
E00007349,C004354,2025-11-24,Feature Request,critical,8.6
E00007350,C004355,2024-06-27,How-to,low,5.5
E00007351,C004355,2025-10-27,Feature Request,high,3.2
E00007352,C004356,2025-04-16,Billing,critical,7.6
E00007353,C004359,2025-03-18,Feature Request,high,31.7
E00007354,C004360,2025-11-29,Feature Request,low,12.5
E00007355,C004360,2025-11-30,Billing,medium,2.3
E00007356,C004361,2025-02-19,Billing,medium,48.7
E00007357,C004363,2025-03-25,Billing,high,6.6
E00007358,C004363,2024-04-17,Feature Request,high,20.1
E00007359,C004363,2024-01-04,Billing,medium,6.3
E00007360,C004363,2025-10-30,Bug,medium,40.6
E00007361,C004366,2025-05-22,How-to,high,2.7
E00007362,C004366,2025-07-14,How-to,high,13.3
E00007363,C004366,2025-04-29,Outage,low,13.3
E00007364,C004367,2023-08-09,Outage,low,11.2
E00007365,C004367,2024-11-16,Bug,medium,41.1
E00007366,C004367,2025-04-29,Bug,high,12.2
E00007367,C004367,2025-01-18,How-to,medium,3.1
E00007368,C004368,2024-02-15,How-to,high,14.1
E00007369,C004369,2025-10-31,Outage,medium,8.7
E00007370,C004369,2025-08-26,Feature Request,high,19.8
E00007371,C004369,2025-10-24,Feature Request,low,28.6
E00007372,C004370,2024-03-08,Bug,medium,27.1
E00007373,C004371,2025-08-13,How-to,low,11.7
E00007374,C004371,2024-06-28,Bug,low,11.7
E00007375,C004371,2024-12-11,Feature Request,medium,10.0
E00007376,C004372,2024-05-02,Billing,critical,3.5
E00007377,C004373,2025-09-22,Outage,medium,5.2
E00007378,C004373,2022-12-13,Billing,low,24.4
E00007379,C004376,2025-11-08,Bug,low,25.6
E00007380,C004377,2025-04-30,Bug,low,5.6
E00007381,C004377,2023-06-29,How-to,medium,3.6
E00007382,C004378,2023-08-28,Feature Request,medium,11.7
E00007383,C004378,2025-12-30,How-to,critical,20.4
E00007384,C004380,2025-10-10,How-to,low,18.4
E00007385,C004380,2025-11-25,Billing,medium,23.3
E00007386,C004380,2025-11-11,Feature Request,medium,14.2
E00007387,C004380,2025-10-09,Billing,low,9.5
E00007388,C004380,2025-11-30,Billing,low,17.7
E00007389,C004381,2025-11-14,How-to,medium,22.5
E00007390,C004381,2025-10-16,Bug,medium,7.2
E00007391,C004381,2025-12-21,Bug,low,13.9
E00007392,C004382,2024-04-29,How-to,medium,14.4
E00007393,C004382,2022-07-21,Billing,low,19.9
E00007394,C004383,2024-11-18,How-to,high,3.7
E00007395,C004385,2025-12-22,How-to,medium,8.7
E00007396,C004386,2024-12-05,Bug,low,34.3
E00007397,C004386,2025-06-03,How-to,medium,18.3
E00007398,C004387,2024-03-29,Feature Request,critical,16.7
E00007399,C004387,2025-12-06,Feature Request,high,28.6
E00007400,C004388,2024-04-13,Billing,low,10.2
E00007401,C004389,2025-06-07,Outage,medium,24.8
E00007402,C004389,2023-06-27,Bug,low,18.6
E00007403,C004390,2025-08-27,How-to,medium,9.2
E00007404,C004390,2024-10-18,Bug,medium,10.8
E00007405,C004391,2025-06-05,Bug,low,15.9
E00007406,C004392,2025-03-13,Feature Request,low,11.9
E00007407,C004392,2025-10-03,Bug,medium,14.2
E00007408,C004393,2023-01-15,How-to,high,9.5
E00007409,C004393,2025-01-27,Outage,medium,22.5
E00007410,C004394,2022-06-12,How-to,high,12.0
E00007411,C004394,2024-03-11,Feature Request,medium,7.5
E00007412,C004394,2024-06-06,How-to,critical,13.2
E00007413,C004396,2024-09-23,Feature Request,medium,12.3
E00007414,C004396,2025-12-23,Outage,high,18.6
E00007415,C004396,2025-02-17,How-to,high,16.3
E00007416,C004397,2023-11-15,How-to,high,32.9
E00007417,C004398,2023-03-30,Billing,low,14.8
E00007418,C004399,2023-11-29,How-to,medium,14.6
E00007419,C004399,2024-01-04,Feature Request,critical,5.0
E00007420,C004400,2024-12-23,How-to,medium,15.2
E00007421,C004401,2025-05-05,How-to,high,11.0
E00007422,C004402,2024-12-29,Billing,medium,14.8
E00007423,C004402,2025-02-07,How-to,medium,5.1
E00007424,C004402,2022-11-07,How-to,medium,4.7
E00007425,C004403,2024-10-12,Bug,low,5.0
E00007426,C004403,2025-08-01,Feature Request,low,12.8
E00007427,C004404,2025-09-28,Bug,high,6.0
E00007428,C004404,2025-09-03,Bug,medium,3.7
E00007429,C004405,2024-03-16,Bug,high,7.2
E00007430,C004405,2025-05-11,How-to,medium,2.9
E00007431,C004405,2025-07-12,Outage,medium,23.1
E00007432,C004406,2025-09-18,Bug,low,32.0
E00007433,C004406,2025-08-28,Billing,high,12.3
E00007434,C004407,2023-10-05,How-to,medium,5.4
E00007435,C004408,2022-11-29,How-to,high,8.7
E00007436,C004409,2024-03-11,Feature Request,low,27.2
E00007437,C004409,2025-09-20,Billing,high,8.7
E00007438,C004410,2023-06-16,Billing,medium,64.0
E00007439,C004410,2024-06-20,Billing,low,15.0
E00007440,C004410,2023-12-28,How-to,low,8.7
E00007441,C004410,2025-11-08,How-to,medium,19.8
E00007442,C004410,2025-05-15,Bug,medium,43.2
E00007443,C004411,2024-03-10,Bug,medium,11.0
E00007444,C004412,2025-07-22,How-to,high,11.1
E00007445,C004412,2025-08-03,Billing,high,8.4
E00007446,C004412,2025-07-03,Outage,low,15.7
E00007447,C004415,2025-06-19,Billing,medium,8.1
E00007448,C004416,2024-03-25,Feature Request,high,22.3
E00007449,C004416,2024-03-12,How-to,low,16.3
E00007450,C004416,2024-09-10,Billing,low,29.5
E00007451,C004417,2024-05-29,How-to,medium,16.8
E00007452,C004418,2025-12-17,Billing,medium,1.9
E00007453,C004420,2024-06-10,Billing,medium,14.3
E00007454,C004421,2024-11-05,Outage,low,29.6
E00007455,C004422,2025-12-21,How-to,medium,12.7
E00007456,C004423,2025-03-23,Bug,low,19.4
E00007457,C004423,2025-11-18,Outage,medium,8.6
E00007458,C004423,2025-09-21,How-to,medium,13.7
E00007459,C004424,2024-01-22,Feature Request,low,8.2
E00007460,C004424,2025-03-10,Bug,low,7.0
E00007461,C004425,2025-04-16,Bug,low,14.1
E00007462,C004425,2023-12-09,How-to,medium,25.2
E00007463,C004426,2025-12-09,How-to,low,5.9
E00007464,C004426,2025-11-14,Billing,low,3.7
E00007465,C004427,2023-01-13,How-to,critical,26.7
E00007466,C004427,2025-06-28,How-to,medium,10.4
E00007467,C004428,2024-02-24,Billing,low,11.4
E00007468,C004428,2025-01-26,Bug,low,6.6
E00007469,C004429,2025-02-15,Billing,medium,58.9
E00007470,C004430,2025-10-22,Billing,low,11.0
E00007471,C004430,2025-10-14,How-to,high,8.8
E00007472,C004430,2025-08-31,How-to,high,113.4
E00007473,C004431,2025-10-14,Bug,low,11.8
E00007474,C004431,2025-11-02,Bug,low,35.8
E00007475,C004433,2025-07-17,How-to,low,22.3
E00007476,C004435,2025-06-15,Outage,low,24.3
E00007477,C004435,2025-02-17,Bug,medium,73.4
E00007478,C004436,2025-10-14,Outage,high,2.5
E00007479,C004437,2024-09-11,How-to,critical,8.0
E00007480,C004438,2025-11-22,How-to,medium,9.1
E00007481,C004439,2025-07-15,Feature Request,medium,28.8
E00007482,C004439,2025-02-02,How-to,low,21.5
E00007483,C004439,2023-07-22,How-to,low,20.1
E00007484,C004439,2023-07-16,Billing,medium,13.2
E00007485,C004440,2023-04-23,How-to,low,14.7
E00007486,C004441,2024-02-23,Outage,low,21.1
E00007487,C004441,2024-11-14,Feature Request,medium,30.0
E00007488,C004441,2025-12-09,How-to,low,6.2
E00007489,C004441,2023-12-26,How-to,low,10.1
E00007490,C004441,2024-04-21,Feature Request,low,5.5
E00007491,C004442,2025-10-05,Billing,low,15.2
E00007492,C004443,2025-12-22,Bug,low,22.5
E00007493,C004443,2025-08-25,Feature Request,low,9.1
E00007494,C004443,2024-09-24,Bug,low,1.5
E00007495,C004443,2024-10-01,How-to,high,1.9
E00007496,C004443,2025-09-22,How-to,medium,11.5
E00007497,C004443,2025-06-23,Billing,high,19.6
E00007498,C004444,2025-02-21,Billing,low,5.9
E00007499,C004444,2024-08-24,How-to,low,33.1
E00007500,C004445,2025-02-28,How-to,low,3.1
E00007501,C004445,2025-09-07,Bug,medium,35.0
E00007502,C004446,2024-05-14,Bug,low,39.6
E00007503,C004446,2025-06-01,How-to,low,4.4
E00007504,C004447,2023-09-18,How-to,low,3.7
E00007505,C004447,2024-03-27,Bug,medium,88.4
E00007506,C004447,2025-07-09,How-to,low,6.3
E00007507,C004447,2025-06-11,Feature Request,medium,38.2
E00007508,C004448,2024-07-29,Feature Request,low,6.3
E00007509,C004449,2024-08-13,Billing,high,4.2
E00007510,C004449,2025-08-31,How-to,low,19.5
E00007511,C004450,2025-09-20,How-to,low,16.7
E00007512,C004450,2025-10-01,Feature Request,medium,6.5
E00007513,C004451,2025-07-18,Bug,medium,4.8
E00007514,C004451,2025-08-25,Billing,high,40.2
E00007515,C004451,2025-10-02,How-to,low,10.7
E00007516,C004451,2025-07-11,How-to,low,17.7
E00007517,C004451,2025-08-11,Billing,medium,4.8
E00007518,C004452,2024-08-23,How-to,low,29.1
E00007519,C004454,2025-07-16,How-to,medium,22.6
E00007520,C004455,2025-05-19,How-to,low,23.8
E00007521,C004457,2025-08-19,Billing,low,25.9
E00007522,C004458,2025-01-11,Billing,medium,2.5
E00007523,C004459,2025-09-17,How-to,low,8.6
E00007524,C004460,2025-03-24,Billing,medium,6.9
E00007525,C004460,2024-10-04,Feature Request,low,7.3
E00007526,C004460,2024-08-09,Feature Request,low,0.6
E00007527,C004462,2023-08-19,Billing,medium,4.0
E00007528,C004463,2024-09-19,Billing,high,23.5
E00007529,C004465,2025-07-28,How-to,low,7.5
E00007530,C004469,2025-09-06,How-to,medium,13.9
E00007531,C004469,2025-12-20,Billing,high,28.2
E00007532,C004469,2025-11-03,Feature Request,low,15.3
E00007533,C004469,2025-09-08,How-to,medium,49.3
E00007534,C004471,2025-05-01,Bug,low,13.0
E00007535,C004472,2025-08-28,Billing,high,21.9
E00007536,C004472,2025-09-19,Outage,medium,28.1
E00007537,C004473,2024-03-01,Feature Request,low,31.7
E00007538,C004473,2024-01-07,How-to,medium,14.5
E00007539,C004473,2024-05-30,How-to,high,11.7
E00007540,C004475,2025-10-27,Billing,high,24.5
E00007541,C004475,2025-06-27,Bug,medium,82.1
E00007542,C004475,2025-07-18,Billing,low,13.5
E00007543,C004476,2023-05-21,Outage,medium,13.0
E00007544,C004476,2023-06-20,How-to,high,6.8
E00007545,C004477,2025-11-29,Bug,low,16.8
E00007546,C004478,2023-11-16,Bug,medium,9.0
E00007547,C004478,2024-08-30,How-to,low,68.5
E00007548,C004478,2025-03-17,Bug,medium,9.6
E00007549,C004478,2025-02-08,Feature Request,low,32.6
E00007550,C004480,2025-11-10,Billing,low,19.2
E00007551,C004481,2025-04-11,Billing,low,7.0
E00007552,C004482,2023-09-19,Billing,low,1.6
E00007553,C004482,2025-04-27,Bug,medium,11.9
E00007554,C004483,2025-07-22,Feature Request,low,30.2
E00007555,C004483,2025-07-21,Feature Request,high,33.0
E00007556,C004484,2024-09-09,Billing,low,14.4
E00007557,C004485,2024-05-29,Bug,medium,16.7
E00007558,C004485,2025-02-24,Billing,medium,4.5
E00007559,C004486,2024-10-23,Outage,medium,14.1
E00007560,C004487,2024-08-02,Billing,low,25.8
E00007561,C004487,2025-06-25,How-to,critical,116.2
E00007562,C004487,2025-12-15,Billing,low,17.4
E00007563,C004488,2023-06-02,Feature Request,medium,7.0
E00007564,C004489,2024-12-05,Billing,medium,5.0
E00007565,C004489,2025-03-08,How-to,medium,40.3
E00007566,C004489,2025-12-04,Bug,critical,7.5
E00007567,C004490,2025-12-25,Bug,medium,5.6
E00007568,C004490,2025-09-21,Bug,high,24.1
E00007569,C004490,2024-01-03,Feature Request,medium,5.5
E00007570,C004490,2025-06-03,Feature Request,medium,11.8
E00007571,C004490,2024-09-07,Outage,critical,8.1
E00007572,C004490,2024-08-02,Feature Request,low,9.2
E00007573,C004491,2025-03-13,Billing,low,6.8
E00007574,C004492,2024-11-16,Billing,low,29.8
E00007575,C004492,2022-12-23,Feature Request,critical,20.6
E00007576,C004492,2023-12-30,How-to,medium,1.5
E00007577,C004493,2025-04-03,Bug,low,18.5
E00007578,C004493,2024-11-25,Feature Request,low,7.2
E00007579,C004493,2025-11-15,Feature Request,medium,16.3
E00007580,C004494,2024-02-27,How-to,medium,8.6
E00007581,C004495,2025-08-08,Bug,low,7.0
E00007582,C004495,2024-01-25,Bug,medium,8.3
E00007583,C004495,2025-02-22,Billing,low,7.9
E00007584,C004496,2025-03-10,Feature Request,high,6.5
E00007585,C004496,2025-06-12,Billing,medium,9.9
E00007586,C004497,2025-04-24,Billing,low,25.7
E00007587,C004498,2025-12-19,Bug,low,25.4
E00007588,C004500,2023-09-27,How-to,high,2.5
E00007589,C004500,2025-10-12,Feature Request,high,14.3
E00007590,C004501,2024-11-03,Bug,low,5.9
E00007591,C004501,2024-12-24,Billing,high,26.3
E00007592,C004501,2025-04-04,Feature Request,low,13.4
E00007593,C004503,2025-12-02,Billing,critical,7.5
E00007594,C004504,2025-10-26,How-to,low,4.3
E00007595,C004504,2025-12-28,Billing,medium,11.4
E00007596,C004505,2024-10-05,How-to,critical,14.7
E00007597,C004505,2025-11-19,Billing,medium,11.3
E00007598,C004505,2024-11-23,Feature Request,medium,22.0
E00007599,C004505,2023-07-21,How-to,high,10.2
E00007600,C004506,2024-01-10,Bug,low,1.9
E00007601,C004507,2024-10-04,How-to,low,19.5
E00007602,C004507,2025-11-19,Outage,medium,3.6
E00007603,C004510,2025-10-16,Billing,medium,9.6
E00007604,C004511,2024-07-29,How-to,medium,17.4
E00007605,C004513,2025-07-24,Feature Request,low,11.6
E00007606,C004513,2022-12-11,How-to,medium,27.0
E00007607,C004514,2025-11-05,Outage,low,11.6
E00007608,C004514,2025-09-02,Outage,low,3.8
E00007609,C004514,2025-08-26,Billing,low,7.9
E00007610,C004514,2025-09-13,Bug,low,15.6
E00007611,C004514,2025-10-20,How-to,low,14.5
E00007612,C004515,2025-10-29,How-to,medium,8.2
E00007613,C004516,2025-11-13,Billing,low,48.1
E00007614,C004517,2024-03-24,Outage,low,37.8
E00007615,C004517,2023-10-30,Feature Request,medium,8.9
E00007616,C004518,2023-06-11,Feature Request,high,70.4
E00007617,C004519,2025-01-24,Feature Request,low,16.9
E00007618,C004519,2024-12-05,Feature Request,high,39.2
E00007619,C004520,2025-05-01,Bug,medium,65.5
E00007620,C004520,2024-06-22,Feature Request,medium,20.2
E00007621,C004520,2023-12-30,How-to,medium,64.3
E00007622,C004521,2025-12-16,Outage,low,7.1
E00007623,C004521,2025-11-29,How-to,low,13.8
E00007624,C004523,2024-04-01,Feature Request,low,4.8
E00007625,C004523,2024-09-27,Billing,medium,8.4
E00007626,C004523,2024-04-22,How-to,medium,28.1
E00007627,C004524,2025-12-15,Outage,medium,8.1
E00007628,C004525,2025-08-01,How-to,low,9.9
E00007629,C004526,2024-09-24,Bug,low,16.9
E00007630,C004526,2024-01-31,Feature Request,medium,11.2
E00007631,C004529,2025-06-27,How-to,high,49.7
E00007632,C004529,2025-11-20,How-to,low,4.0
E00007633,C004530,2025-01-19,Bug,low,20.4
E00007634,C004530,2024-11-23,Bug,low,14.0
E00007635,C004530,2025-10-16,Billing,medium,10.5
E00007636,C004531,2023-11-04,How-to,critical,11.3
E00007637,C004531,2022-04-17,Bug,low,10.5
E00007638,C004531,2022-08-01,Billing,high,4.6
E00007639,C004531,2024-10-24,How-to,low,5.6
E00007640,C004534,2025-10-29,How-to,medium,7.2
E00007641,C004534,2025-01-15,Bug,high,11.2
E00007642,C004534,2025-07-15,Billing,medium,16.6
E00007643,C004535,2025-06-18,Billing,medium,5.4
E00007644,C004535,2025-06-30,How-to,low,3.7
E00007645,C004536,2024-09-26,Bug,low,1.6
E00007646,C004537,2023-03-17,Outage,medium,15.6
E00007647,C004538,2025-07-02,Bug,low,9.3
E00007648,C004539,2025-06-09,Feature Request,critical,7.3
E00007649,C004540,2025-06-28,Billing,high,13.3
E00007650,C004540,2025-06-16,Feature Request,low,14.2
E00007651,C004540,2025-06-24,How-to,low,9.8
E00007652,C004541,2025-06-06,Bug,low,7.0
E00007653,C004541,2025-01-05,Billing,low,2.4
E00007654,C004542,2025-11-11,Billing,low,5.7
E00007655,C004542,2025-08-10,Feature Request,high,6.5
E00007656,C004542,2025-02-06,Outage,medium,6.4
E00007657,C004543,2025-08-21,Outage,medium,17.9
E00007658,C004544,2024-11-25,Bug,medium,9.6
E00007659,C004544,2025-09-15,Billing,low,49.9
E00007660,C004544,2025-07-22,Outage,low,8.7
E00007661,C004547,2025-10-27,Bug,high,32.4
E00007662,C004549,2024-08-15,How-to,low,26.8
E00007663,C004549,2024-05-31,Outage,medium,33.1
E00007664,C004550,2025-06-15,How-to,medium,5.9
E00007665,C004550,2025-05-28,Bug,high,23.2
E00007666,C004550,2025-06-13,How-to,medium,16.9
E00007667,C004551,2025-06-18,Bug,low,13.3
E00007668,C004551,2022-08-20,Billing,medium,13.0
E00007669,C004553,2023-09-19,Feature Request,low,43.1
E00007670,C004555,2025-05-31,Billing,high,18.1
E00007671,C004555,2025-05-11,Outage,low,10.1
E00007672,C004555,2025-11-18,Feature Request,low,13.0
E00007673,C004556,2024-01-06,Feature Request,high,11.4
E00007674,C004556,2023-02-28,How-to,low,7.6
E00007675,C004556,2025-10-30,How-to,high,5.2
E00007676,C004556,2023-08-29,Outage,low,3.5
E00007677,C004557,2025-01-07,Bug,low,59.7
E00007678,C004557,2025-05-23,Outage,medium,21.8
E00007679,C004559,2025-04-30,How-to,low,65.5
E00007680,C004559,2024-12-14,Outage,high,54.9
E00007681,C004559,2025-12-20,Billing,high,13.2
E00007682,C004559,2025-02-25,Outage,low,27.6
E00007683,C004562,2023-12-10,How-to,medium,4.9
E00007684,C004562,2024-04-05,Billing,medium,33.7
E00007685,C004562,2025-03-31,Billing,high,9.2
E00007686,C004562,2023-11-08,Bug,low,27.8
E00007687,C004563,2025-06-09,Bug,high,3.1
E00007688,C004565,2025-12-16,Outage,low,11.2
E00007689,C004565,2025-11-13,Billing,high,10.6
E00007690,C004566,2025-02-13,How-to,low,4.9
E00007691,C004566,2023-11-14,Billing,high,7.0
E00007692,C004567,2025-08-19,Billing,low,8.9
E00007693,C004567,2024-10-19,Billing,low,9.8
E00007694,C004567,2025-03-28,Outage,medium,3.7
E00007695,C004568,2025-12-03,How-to,high,16.8
E00007696,C004568,2025-02-07,Billing,medium,10.0
E00007697,C004568,2025-02-03,How-to,high,20.4
E00007698,C004569,2025-06-14,How-to,high,25.3
E00007699,C004572,2023-07-14,How-to,low,5.9
E00007700,C004572,2023-02-11,How-to,medium,7.0
E00007701,C004573,2025-11-14,How-to,medium,45.7
E00007702,C004573,2024-07-26,Feature Request,low,28.4
E00007703,C004574,2025-12-19,Billing,high,20.2
E00007704,C004574,2025-11-18,Outage,low,6.3
E00007705,C004575,2025-05-14,How-to,medium,4.6
E00007706,C004575,2024-12-10,How-to,low,3.6
E00007707,C004577,2024-09-29,Bug,medium,20.7
E00007708,C004577,2023-03-09,Bug,medium,6.0
E00007709,C004577,2022-06-10,Billing,low,1.6
E00007710,C004577,2024-05-16,Feature Request,low,12.2
E00007711,C004579,2023-04-11,Bug,low,16.1
E00007712,C004579,2025-01-17,Bug,medium,13.2
E00007713,C004579,2024-04-14,Bug,medium,7.2
E00007714,C004580,2023-11-23,Bug,critical,9.4
E00007715,C004581,2025-10-06,Billing,medium,26.3
E00007716,C004582,2025-12-15,Billing,high,23.6
E00007717,C004582,2025-11-04,How-to,medium,9.5
E00007718,C004583,2024-10-23,How-to,critical,6.9
E00007719,C004583,2024-03-27,Feature Request,medium,7.2
E00007720,C004584,2024-12-16,Billing,medium,11.5
E00007721,C004585,2025-02-15,Outage,medium,12.6
E00007722,C004585,2025-06-25,Feature Request,low,4.7
E00007723,C004586,2025-01-19,Bug,medium,3.2
E00007724,C004586,2025-10-14,How-to,high,12.6
E00007725,C004586,2025-05-18,Bug,low,4.7
E00007726,C004586,2025-03-21,How-to,low,13.5
E00007727,C004587,2025-07-07,How-to,medium,19.1
E00007728,C004588,2025-03-26,Bug,low,6.0
E00007729,C004589,2025-01-26,Bug,high,60.7
E00007730,C004589,2024-09-14,Feature Request,low,4.8
E00007731,C004589,2024-11-26,Billing,low,1.5
E00007732,C004590,2025-09-23,Feature Request,low,14.3
E00007733,C004590,2025-01-19,Bug,medium,12.7
E00007734,C004591,2025-10-18,How-to,medium,6.4
E00007735,C004591,2025-06-02,Bug,low,6.5
E00007736,C004592,2024-05-21,Outage,low,17.9
E00007737,C004592,2024-08-04,Feature Request,medium,10.0
E00007738,C004592,2022-09-10,How-to,medium,15.7
E00007739,C004593,2022-09-14,Feature Request,medium,30.3
E00007740,C004594,2025-03-11,Bug,medium,16.1
E00007741,C004594,2025-01-18,Outage,low,4.2
E00007742,C004594,2025-07-17,Bug,low,8.2
E00007743,C004595,2025-12-17,Bug,medium,13.7
E00007744,C004595,2025-08-26,How-to,low,4.5
E00007745,C004596,2024-03-31,Feature Request,medium,10.6
E00007746,C004597,2025-09-20,Billing,medium,4.7
E00007747,C004597,2025-09-05,Feature Request,medium,9.7
E00007748,C004598,2023-06-25,Outage,medium,15.9
E00007749,C004598,2023-03-12,Bug,low,10.5
E00007750,C004599,2025-12-20,Bug,medium,12.5
E00007751,C004600,2025-02-20,Feature Request,medium,29.0
E00007752,C004601,2025-11-21,Feature Request,low,6.5
E00007753,C004601,2025-12-29,Bug,low,24.5
E00007754,C004601,2025-12-19,Feature Request,high,17.8
E00007755,C004604,2025-08-15,Bug,low,8.4
E00007756,C004606,2024-02-08,How-to,medium,12.9
E00007757,C004607,2023-01-31,Bug,medium,5.2
E00007758,C004607,2024-07-15,How-to,low,16.3
E00007759,C004608,2024-10-18,Bug,medium,25.4
E00007760,C004608,2025-11-04,How-to,low,27.3
E00007761,C004609,2025-07-17,Feature Request,low,12.9
E00007762,C004609,2025-12-15,Bug,low,9.5
E00007763,C004610,2024-09-06,How-to,critical,13.3
E00007764,C004611,2022-11-07,Feature Request,medium,15.8
E00007765,C004611,2024-10-16,How-to,low,2.5
E00007766,C004612,2025-04-17,Billing,low,7.9
E00007767,C004612,2025-09-17,How-to,medium,14.4
E00007768,C004612,2025-01-16,How-to,medium,25.1
E00007769,C004612,2024-02-11,Billing,low,9.8
E00007770,C004612,2025-04-10,Feature Request,low,10.6
E00007771,C004613,2025-11-14,Billing,low,10.7
E00007772,C004615,2024-07-03,How-to,medium,1.7
E00007773,C004615,2025-05-17,Billing,low,4.4
E00007774,C004616,2024-04-10,Feature Request,medium,12.8
E00007775,C004616,2024-12-18,Billing,medium,4.9
E00007776,C004617,2024-11-27,How-to,high,6.9
E00007777,C004617,2023-05-07,Feature Request,high,11.4
E00007778,C004618,2025-03-11,Billing,low,6.5
E00007779,C004618,2025-01-05,How-to,critical,13.9
E00007780,C004618,2024-06-11,Feature Request,low,55.4
E00007781,C004618,2024-08-22,Billing,medium,22.3
E00007782,C004619,2024-07-08,How-to,high,17.6
E00007783,C004619,2025-05-28,Bug,low,21.4
E00007784,C004620,2025-07-12,Bug,high,20.8
E00007785,C004620,2025-11-09,Billing,medium,20.0
E00007786,C004621,2025-01-11,Feature Request,low,19.0
E00007787,C004621,2025-04-17,How-to,medium,19.8
E00007788,C004622,2025-12-14,Feature Request,low,9.8
E00007789,C004624,2023-07-04,Feature Request,medium,13.0
E00007790,C004624,2022-09-05,Billing,low,20.4
E00007791,C004624,2025-10-21,How-to,medium,13.8
E00007792,C004625,2025-03-12,How-to,low,9.4
E00007793,C004625,2023-08-26,How-to,medium,21.3
E00007794,C004625,2024-12-01,Billing,low,9.5
E00007795,C004625,2023-09-05,Feature Request,low,13.6
E00007796,C004626,2025-09-12,How-to,low,11.4
E00007797,C004627,2024-05-02,Bug,medium,5.7
E00007798,C004629,2025-02-12,How-to,medium,34.0
E00007799,C004629,2025-06-19,Bug,low,11.9
E00007800,C004630,2024-07-21,Bug,low,17.3
E00007801,C004630,2023-05-24,Billing,high,7.3
E00007802,C004630,2024-03-22,Feature Request,low,33.0
E00007803,C004630,2024-08-30,Billing,high,29.9
E00007804,C004631,2023-10-25,Bug,critical,6.6
E00007805,C004632,2025-02-28,Bug,high,17.1
E00007806,C004632,2023-10-21,How-to,low,12.5
E00007807,C004633,2025-03-13,Billing,low,4.3
E00007808,C004634,2024-10-05,Feature Request,medium,42.6
E00007809,C004635,2022-12-01,Bug,low,10.2
E00007810,C004635,2022-08-12,How-to,high,4.3
E00007811,C004635,2022-09-04,Bug,medium,5.0
E00007812,C004636,2025-06-19,How-to,medium,5.1
E00007813,C004636,2025-03-16,Feature Request,medium,11.5
E00007814,C004636,2025-09-25,Billing,low,5.3
E00007815,C004637,2025-09-10,Billing,high,14.1
E00007816,C004639,2025-10-28,Feature Request,medium,28.2
E00007817,C004640,2025-11-04,How-to,medium,7.8
E00007818,C004641,2025-10-19,Feature Request,high,21.1
E00007819,C004641,2025-12-21,Feature Request,medium,18.5
E00007820,C004641,2025-06-02,How-to,high,3.9
E00007821,C004643,2025-10-29,Bug,critical,35.5
E00007822,C004643,2025-10-21,How-to,high,11.2
E00007823,C004643,2025-10-06,Feature Request,low,28.9
E00007824,C004644,2025-01-06,Bug,high,12.8
E00007825,C004644,2023-10-09,Billing,medium,4.1
E00007826,C004644,2024-03-31,Bug,high,5.5
E00007827,C004646,2024-11-28,How-to,high,6.8
E00007828,C004647,2025-01-27,How-to,medium,11.3
E00007829,C004647,2024-12-06,Billing,low,5.8
E00007830,C004647,2025-02-19,How-to,medium,2.5
E00007831,C004649,2025-02-16,Bug,medium,14.7
E00007832,C004649,2023-09-22,How-to,high,40.0
E00007833,C004650,2024-06-11,How-to,low,18.8
E00007834,C004650,2025-02-01,Bug,medium,9.7
E00007835,C004651,2023-11-11,How-to,high,9.2
E00007836,C004652,2025-11-29,Bug,medium,6.3
E00007837,C004653,2024-06-06,Billing,low,23.8
E00007838,C004654,2023-04-26,Outage,medium,9.1
E00007839,C004655,2025-04-27,How-to,high,93.8
E00007840,C004656,2024-06-09,Billing,medium,4.1
E00007841,C004656,2024-03-01,Billing,critical,8.7
E00007842,C004656,2025-01-18,Feature Request,medium,25.4
E00007843,C004656,2024-11-29,Feature Request,medium,6.7
E00007844,C004657,2025-08-29,Bug,low,5.8
E00007845,C004657,2024-11-04,Billing,low,14.1
E00007846,C004657,2023-02-13,Bug,low,3.5
E00007847,C004658,2025-06-20,How-to,high,15.9
E00007848,C004658,2025-03-23,How-to,low,9.5
E00007849,C004659,2023-10-21,How-to,medium,20.1
E00007850,C004659,2024-01-11,How-to,low,9.4
E00007851,C004661,2025-06-12,Outage,critical,22.3
E00007852,C004662,2025-10-25,Bug,medium,12.4
E00007853,C004663,2023-02-05,Billing,medium,3.5
E00007854,C004663,2025-03-27,Outage,critical,1.5
E00007855,C004663,2024-09-13,Feature Request,medium,7.1
E00007856,C004665,2023-11-28,Billing,high,7.1
E00007857,C004665,2023-08-14,Billing,medium,7.9
E00007858,C004666,2025-05-09,Bug,low,4.6
E00007859,C004666,2025-10-10,Bug,medium,13.0
E00007860,C004667,2024-01-03,Billing,high,26.2
E00007861,C004668,2023-04-23,Billing,low,18.4
E00007862,C004669,2024-11-21,Feature Request,critical,5.1
E00007863,C004669,2024-12-08,Feature Request,high,4.7
E00007864,C004671,2025-02-18,Feature Request,medium,5.1
E00007865,C004671,2022-05-21,How-to,high,65.7
E00007866,C004673,2025-04-05,How-to,high,11.4
E00007867,C004673,2024-05-08,Feature Request,medium,9.5
E00007868,C004673,2025-01-10,Billing,medium,9.3
E00007869,C004673,2024-08-27,Outage,low,6.6
E00007870,C004673,2023-12-30,How-to,high,15.3
E00007871,C004674,2025-10-23,How-to,medium,42.6
E00007872,C004677,2024-11-22,Billing,low,8.7
E00007873,C004678,2025-09-07,Bug,medium,18.1
E00007874,C004679,2024-07-27,Bug,medium,23.0
E00007875,C004679,2024-11-16,Feature Request,high,14.7
E00007876,C004679,2025-05-22,Billing,medium,12.8
E00007877,C004682,2024-09-24,Bug,high,32.9
E00007878,C004682,2025-11-25,How-to,low,3.8
E00007879,C004683,2024-10-23,Billing,high,16.8
E00007880,C004684,2025-07-23,Billing,low,20.4
E00007881,C004684,2022-08-09,How-to,medium,30.0
E00007882,C004684,2024-11-08,Bug,low,38.8
E00007883,C004685,2025-07-06,How-to,medium,3.0
E00007884,C004685,2024-05-05,Outage,low,19.9
E00007885,C004686,2025-09-16,Outage,low,14.4
E00007886,C004686,2025-09-20,Feature Request,high,4.8
E00007887,C004687,2025-09-20,Bug,low,11.2
E00007888,C004687,2025-11-19,Billing,medium,62.2
E00007889,C004687,2025-11-20,Billing,low,21.1
E00007890,C004687,2025-09-24,How-to,medium,17.9
E00007891,C004688,2023-04-06,Outage,medium,8.6
E00007892,C004689,2025-01-02,How-to,low,7.2
E00007893,C004691,2022-07-23,Outage,low,14.1
E00007894,C004692,2025-12-30,Bug,low,36.0
E00007895,C004692,2024-09-21,Bug,low,5.0
E00007896,C004692,2025-02-18,How-to,medium,5.2
E00007897,C004692,2023-01-08,Bug,medium,3.1
E00007898,C004692,2022-10-15,Outage,high,18.6
E00007899,C004693,2025-12-12,Billing,low,17.6
E00007900,C004693,2025-12-24,Feature Request,medium,11.3
E00007901,C004694,2025-08-11,How-to,low,15.7
E00007902,C004695,2025-04-14,How-to,medium,12.5
E00007903,C004696,2025-04-25,How-to,high,8.3
E00007904,C004696,2025-04-16,Billing,low,11.5
E00007905,C004696,2025-07-07,Billing,medium,5.4
E00007906,C004696,2025-04-21,How-to,low,9.5
E00007907,C004697,2022-08-11,Billing,medium,11.1
E00007908,C004697,2022-05-14,Outage,low,9.4
E00007909,C004697,2024-09-10,Feature Request,medium,23.0
E00007910,C004697,2023-09-16,Feature Request,high,52.5
E00007911,C004698,2024-06-23,Feature Request,low,6.5
E00007912,C004699,2025-07-10,Bug,high,9.8
E00007913,C004701,2025-07-20,Bug,high,11.0
E00007914,C004702,2023-12-29,How-to,critical,8.2
E00007915,C004702,2024-07-10,How-to,high,61.3
E00007916,C004702,2023-07-07,Billing,medium,7.0
E00007917,C004703,2025-07-25,How-to,medium,13.5
E00007918,C004703,2024-06-19,Outage,critical,22.0
E00007919,C004703,2025-06-10,How-to,medium,13.8
E00007920,C004704,2025-12-06,Bug,high,12.6
E00007921,C004704,2025-12-30,Billing,medium,13.2
E00007922,C004704,2025-06-29,How-to,medium,2.6
E00007923,C004704,2025-12-16,Bug,high,25.5
E00007924,C004707,2024-11-04,Billing,medium,10.1
E00007925,C004708,2024-09-15,Billing,medium,14.2
E00007926,C004708,2024-08-29,Bug,high,15.5
E00007927,C004709,2025-07-07,How-to,high,34.6
E00007928,C004709,2025-01-24,Bug,low,13.5
E00007929,C004709,2025-06-15,Billing,high,3.5
E00007930,C004709,2025-08-14,Bug,medium,40.0
E00007931,C004709,2025-09-13,Feature Request,medium,13.6
E00007932,C004711,2023-10-09,Billing,high,34.0
E00007933,C004712,2025-03-29,Billing,medium,5.2
E00007934,C004712,2025-04-04,Feature Request,medium,17.4
E00007935,C004712,2025-03-31,Feature Request,low,15.5
E00007936,C004715,2024-03-10,Outage,medium,13.5
E00007937,C004716,2024-07-30,Bug,medium,2.7
E00007938,C004716,2025-11-17,Feature Request,medium,5.6
E00007939,C004717,2025-11-08,Feature Request,high,27.1
E00007940,C004718,2025-12-13,How-to,high,8.3
E00007941,C004718,2025-11-27,Billing,low,21.4
E00007942,C004719,2024-05-01,How-to,low,11.9
E00007943,C004719,2025-03-20,Bug,medium,13.8
E00007944,C004719,2023-10-24,How-to,high,41.3
E00007945,C004720,2025-04-20,How-to,low,14.1
E00007946,C004720,2023-11-16,Billing,medium,52.7
E00007947,C004721,2025-06-05,Billing,low,5.4
E00007948,C004721,2024-06-28,Billing,high,10.9
E00007949,C004721,2025-10-05,How-to,low,5.5
E00007950,C004722,2025-07-31,How-to,medium,18.8
E00007951,C004722,2025-06-16,Feature Request,medium,10.2
E00007952,C004723,2025-11-22,Feature Request,low,21.1
E00007953,C004724,2024-07-03,How-to,low,6.0
E00007954,C004724,2025-09-07,Outage,low,66.5
E00007955,C004724,2022-06-09,Bug,critical,17.8
E00007956,C004727,2023-01-28,Feature Request,medium,17.1
E00007957,C004728,2025-08-28,Feature Request,medium,10.9
E00007958,C004728,2025-06-23,Bug,low,9.4
E00007959,C004728,2025-11-13,How-to,high,5.9
E00007960,C004728,2025-08-08,Outage,high,16.2
E00007961,C004729,2022-09-30,How-to,medium,4.3
E00007962,C004729,2022-09-21,How-to,medium,13.4
E00007963,C004731,2025-08-06,How-to,high,9.2
E00007964,C004731,2025-08-08,Billing,low,59.2
E00007965,C004731,2025-11-23,Billing,low,20.5
E00007966,C004732,2025-04-15,Bug,low,6.8
E00007967,C004733,2025-05-11,How-to,medium,5.5
E00007968,C004733,2025-11-12,Bug,medium,3.2
E00007969,C004733,2025-02-04,Bug,medium,28.9
E00007970,C004734,2025-06-10,How-to,low,6.1
E00007971,C004734,2025-07-01,Billing,low,12.7
E00007972,C004734,2023-07-25,Bug,low,11.8
E00007973,C004734,2025-05-29,Billing,high,9.2
E00007974,C004735,2025-05-20,How-to,low,20.4
E00007975,C004735,2025-10-21,How-to,medium,26.7
E00007976,C004736,2025-08-04,How-to,critical,22.1
E00007977,C004736,2024-07-05,How-to,high,32.1
E00007978,C004737,2024-12-01,How-to,low,13.5
E00007979,C004737,2023-12-10,Billing,low,9.8
E00007980,C004738,2023-09-03,Feature Request,critical,3.0
E00007981,C004738,2025-06-15,Bug,low,22.6
E00007982,C004738,2025-09-17,Billing,medium,12.4
E00007983,C004738,2025-04-09,Feature Request,low,20.0
E00007984,C004740,2024-07-10,Bug,low,9.9
E00007985,C004740,2025-02-05,How-to,low,7.2
E00007986,C004740,2024-04-29,Feature Request,medium,15.0
E00007987,C004741,2023-05-14,Bug,high,39.0
E00007988,C004742,2024-10-11,Billing,high,26.1
E00007989,C004742,2025-11-25,How-to,low,23.0
E00007990,C004743,2023-10-11,Billing,low,22.3
E00007991,C004743,2023-09-22,Feature Request,medium,14.2
E00007992,C004743,2024-05-08,Billing,low,20.4
E00007993,C004744,2024-11-13,How-to,low,6.3
E00007994,C004745,2024-09-23,How-to,critical,5.7
E00007995,C004745,2025-05-27,How-to,medium,13.9
E00007996,C004746,2025-11-07,Bug,low,7.9
E00007997,C004747,2025-09-27,Billing,high,10.8
E00007998,C004748,2025-09-22,Feature Request,low,16.9
E00007999,C004748,2024-08-25,Feature Request,critical,13.7
E00008000,C004748,2025-04-12,Feature Request,low,26.7
E00008001,C004749,2025-07-23,Billing,high,4.3
E00008002,C004750,2024-04-04,How-to,high,29.9
E00008003,C004750,2024-09-16,How-to,medium,15.4
E00008004,C004751,2024-04-30,How-to,medium,104.0
E00008005,C004751,2025-12-01,Feature Request,medium,27.2
E00008006,C004751,2022-08-01,How-to,medium,2.3
E00008007,C004752,2025-02-07,Outage,medium,4.3
E00008008,C004752,2024-08-25,Outage,low,13.4
E00008009,C004752,2023-11-03,Bug,high,2.8
E00008010,C004753,2025-09-24,How-to,high,9.3
E00008011,C004753,2025-10-24,Bug,low,9.7
E00008012,C004753,2025-03-07,How-to,low,8.0
E00008013,C004755,2023-10-05,Billing,low,4.0
E00008014,C004755,2023-09-18,Bug,medium,16.4
E00008015,C004755,2024-07-30,Feature Request,high,12.0
E00008016,C004756,2024-08-03,How-to,high,23.2
E00008017,C004756,2024-11-06,How-to,low,3.6
E00008018,C004757,2025-05-22,How-to,low,4.6
E00008019,C004758,2024-11-27,How-to,low,4.8
E00008020,C004758,2023-10-30,Bug,medium,20.0
E00008021,C004758,2022-11-15,How-to,medium,28.4
E00008022,C004759,2025-02-11,Feature Request,low,28.8
E00008023,C004760,2025-03-20,Feature Request,medium,8.9
E00008024,C004761,2025-11-29,Bug,low,4.6
E00008025,C004762,2025-12-26,How-to,low,20.9
E00008026,C004764,2024-04-25,Billing,medium,35.8
E00008027,C004766,2024-12-11,Billing,high,8.5
E00008028,C004766,2024-01-03,Billing,low,18.8
E00008029,C004767,2024-04-25,How-to,low,16.5
E00008030,C004768,2023-01-20,Feature Request,low,5.5
E00008031,C004768,2024-08-15,Feature Request,high,14.3
E00008032,C004769,2025-11-14,Feature Request,low,44.9
E00008033,C004771,2024-02-23,Billing,low,14.6
E00008034,C004772,2025-09-03,Feature Request,low,39.7
E00008035,C004772,2025-01-17,Billing,medium,4.6
E00008036,C004772,2025-01-04,Billing,high,13.5
E00008037,C004773,2022-11-21,How-to,medium,24.0
E00008038,C004774,2025-11-30,Billing,high,8.9
E00008039,C004774,2025-12-29,Bug,low,2.1
E00008040,C004774,2025-12-06,Bug,medium,9.7
E00008041,C004775,2023-08-22,How-to,low,8.9
E00008042,C004775,2023-08-29,How-to,low,16.7
E00008043,C004776,2022-09-06,How-to,medium,16.3
E00008044,C004776,2022-11-10,Billing,medium,6.0
E00008045,C004778,2025-06-11,Feature Request,high,5.2
E00008046,C004779,2025-06-25,Outage,high,36.5
E00008047,C004779,2025-08-27,Bug,high,3.7
E00008048,C004779,2025-04-05,How-to,critical,5.7
E00008049,C004780,2023-04-24,How-to,low,11.4
E00008050,C004780,2022-09-27,How-to,medium,32.5
E00008051,C004780,2022-10-21,Bug,medium,5.9
E00008052,C004781,2025-05-23,How-to,low,2.9
E00008053,C004781,2025-10-24,How-to,low,2.1
E00008054,C004783,2023-07-26,How-to,medium,76.9
E00008055,C004784,2025-04-01,How-to,high,29.8
E00008056,C004784,2025-05-08,Feature Request,medium,27.5
E00008057,C004784,2025-02-22,Outage,medium,9.8
E00008058,C004785,2025-10-27,Feature Request,medium,5.9
E00008059,C004787,2024-07-26,Feature Request,high,7.8
E00008060,C004787,2024-06-10,How-to,low,36.4
E00008061,C004787,2024-04-14,Bug,low,4.9
E00008062,C004789,2024-08-24,Feature Request,high,18.9
E00008063,C004791,2025-03-12,Bug,low,3.1
E00008064,C004791,2025-03-01,Bug,low,29.8
E00008065,C004791,2023-03-06,How-to,medium,10.2
E00008066,C004792,2025-11-22,Outage,medium,31.5
E00008067,C004792,2025-11-23,How-to,medium,7.2
E00008068,C004793,2025-11-19,How-to,low,4.9
E00008069,C004794,2023-10-07,Feature Request,high,22.3
E00008070,C004794,2024-11-05,Billing,high,9.8
E00008071,C004794,2024-01-04,How-to,medium,25.0
E00008072,C004794,2024-06-18,How-to,low,1.7
E00008073,C004794,2023-09-15,Feature Request,medium,10.3
E00008074,C004794,2023-06-30,How-to,low,7.0
E00008075,C004795,2023-11-29,How-to,medium,5.8
E00008076,C004795,2025-08-05,Feature Request,high,8.0
E00008077,C004797,2024-12-14,How-to,low,4.0
E00008078,C004797,2025-05-31,Feature Request,high,20.8
E00008079,C004798,2024-03-29,Bug,medium,16.8
E00008080,C004798,2025-07-06,Feature Request,low,38.1
E00008081,C004799,2023-10-14,How-to,high,21.2
E00008082,C004799,2023-12-28,Billing,high,12.2
E00008083,C004800,2025-04-20,Feature Request,low,9.4
E00008084,C004800,2024-06-06,Feature Request,medium,14.7
E00008085,C004800,2024-03-25,Feature Request,medium,16.3
E00008086,C004801,2024-10-15,Billing,low,11.8
E00008087,C004802,2024-05-28,Billing,high,25.9
E00008088,C004802,2025-02-25,Billing,high,10.8
E00008089,C004804,2025-11-06,Bug,low,42.1
E00008090,C004804,2025-06-23,Feature Request,medium,37.5
E00008091,C004805,2025-05-08,Bug,high,13.1
E00008092,C004805,2025-04-20,Feature Request,medium,7.4
E00008093,C004805,2025-12-14,How-to,medium,3.0
E00008094,C004805,2025-01-20,Feature Request,low,7.0
E00008095,C004806,2025-11-04,Bug,medium,17.9
E00008096,C004806,2025-06-01,Billing,medium,42.4
E00008097,C004808,2025-08-30,Feature Request,low,6.6
E00008098,C004808,2025-12-17,Billing,high,12.8
E00008099,C004809,2024-03-15,Feature Request,low,5.1
E00008100,C004809,2024-08-03,Feature Request,medium,13.4
E00008101,C004809,2025-12-11,Bug,low,21.1
E00008102,C004809,2025-01-31,How-to,medium,15.8
E00008103,C004809,2024-12-14,Bug,high,10.1
E00008104,C004809,2024-05-17,Outage,medium,9.3
E00008105,C004810,2025-03-06,How-to,low,9.2
E00008106,C004810,2025-04-29,Billing,medium,21.3
E00008107,C004811,2025-11-20,Outage,medium,30.8
E00008108,C004811,2024-12-06,Billing,low,24.9
E00008109,C004812,2023-06-10,Billing,medium,10.0
E00008110,C004812,2024-03-31,Feature Request,low,6.0
E00008111,C004815,2025-09-05,Billing,low,5.0
E00008112,C004815,2025-01-25,Feature Request,low,9.1
E00008113,C004815,2025-04-07,Bug,low,11.6
E00008114,C004816,2024-07-26,How-to,high,7.9
E00008115,C004817,2025-10-20,Bug,low,131.4
E00008116,C004818,2025-04-13,Bug,low,24.9
E00008117,C004818,2025-08-04,Billing,high,5.2
E00008118,C004818,2023-11-16,Feature Request,critical,8.3
E00008119,C004818,2025-07-10,Feature Request,high,5.1
E00008120,C004818,2023-05-03,Bug,high,14.1
E00008121,C004819,2025-06-14,Bug,low,2.2
E00008122,C004819,2024-08-31,Bug,medium,9.2
E00008123,C004820,2025-11-29,Billing,high,40.3
E00008124,C004821,2024-09-23,How-to,low,3.1
E00008125,C004821,2025-08-09,How-to,medium,15.0
E00008126,C004821,2025-07-22,How-to,low,14.0
E00008127,C004821,2024-05-10,Billing,critical,7.2
E00008128,C004823,2025-10-16,Bug,high,11.7
E00008129,C004823,2025-08-05,Outage,low,17.8
E00008130,C004824,2025-11-07,Outage,critical,3.5
E00008131,C004824,2025-11-16,Billing,medium,16.6
E00008132,C004827,2024-09-17,How-to,medium,20.1
E00008133,C004827,2023-04-14,How-to,critical,22.6
E00008134,C004827,2025-04-13,How-to,low,11.9
E00008135,C004828,2024-08-29,Bug,medium,14.4
E00008136,C004829,2025-10-29,Billing,high,6.3
E00008137,C004829,2025-09-30,How-to,high,35.2
E00008138,C004830,2024-02-20,How-to,medium,24.8
E00008139,C004831,2025-06-20,Outage,low,22.4
E00008140,C004832,2023-10-22,Bug,high,12.0
E00008141,C004832,2024-09-01,Feature Request,low,6.5
E00008142,C004833,2024-02-14,How-to,medium,7.3
E00008143,C004833,2024-03-05,Feature Request,low,30.6
E00008144,C004833,2023-12-07,Bug,medium,18.3
E00008145,C004834,2025-02-14,Feature Request,medium,14.8
E00008146,C004834,2024-02-17,Bug,medium,21.1
E00008147,C004834,2024-03-03,Outage,low,34.7
E00008148,C004834,2025-01-21,How-to,low,24.9
E00008149,C004835,2025-12-13,How-to,low,20.4
E00008150,C004835,2025-12-15,Bug,high,8.4
E00008151,C004835,2025-11-01,Feature Request,low,22.2
E00008152,C004835,2025-12-30,Billing,medium,7.6
E00008153,C004836,2025-07-02,Feature Request,low,3.1
E00008154,C004836,2025-09-22,How-to,low,25.8
E00008155,C004836,2025-10-17,Billing,low,6.1
E00008156,C004836,2025-10-27,How-to,medium,45.2
E00008157,C004837,2025-11-03,Billing,medium,25.6
E00008158,C004838,2024-06-26,Billing,high,8.6
E00008159,C004839,2025-05-12,How-to,low,3.2
E00008160,C004839,2025-07-19,Outage,high,12.5
E00008161,C004839,2025-05-15,Feature Request,medium,4.3
E00008162,C004839,2025-07-10,Billing,low,8.7
E00008163,C004839,2025-05-22,How-to,high,35.4
E00008164,C004840,2025-09-08,How-to,medium,49.3
E00008165,C004840,2025-09-12,Billing,low,17.5
E00008166,C004841,2025-04-03,Feature Request,high,41.4
E00008167,C004841,2025-01-02,Bug,low,9.0
E00008168,C004841,2025-08-02,Billing,medium,15.0
E00008169,C004841,2024-12-29,Billing,high,12.3
E00008170,C004843,2023-09-17,How-to,medium,11.8
E00008171,C004844,2023-03-06,Billing,high,17.3
E00008172,C004844,2025-10-29,How-to,low,3.6
E00008173,C004844,2024-04-26,How-to,high,5.0
E00008174,C004844,2024-10-03,Bug,medium,6.8
E00008175,C004845,2025-11-10,How-to,medium,5.2
E00008176,C004846,2025-09-16,How-to,medium,22.6
E00008177,C004846,2025-06-17,How-to,low,4.7
E00008178,C004846,2025-02-11,Billing,high,18.9
E00008179,C004847,2025-06-06,How-to,medium,2.8
E00008180,C004847,2025-10-19,Feature Request,low,1.2
E00008181,C004847,2025-09-14,Billing,high,15.6
E00008182,C004847,2025-04-29,How-to,high,11.3
E00008183,C004848,2025-07-30,How-to,medium,9.0
E00008184,C004849,2022-09-01,How-to,low,8.5
E00008185,C004849,2022-08-30,Billing,low,42.5
E00008186,C004850,2025-10-20,Feature Request,medium,42.5
E00008187,C004851,2025-10-13,Feature Request,low,19.9
E00008188,C004851,2025-09-01,Bug,low,5.5
E00008189,C004851,2025-11-07,Billing,high,20.7
E00008190,C004852,2025-06-19,How-to,low,3.1
E00008191,C004853,2024-11-24,Feature Request,low,5.8
E00008192,C004853,2023-08-04,Bug,medium,4.1
E00008193,C004854,2024-04-03,Outage,medium,27.5
E00008194,C004854,2025-01-14,How-to,low,18.4
E00008195,C004855,2022-10-26,How-to,medium,12.2
E00008196,C004856,2025-12-11,How-to,low,4.8
E00008197,C004856,2024-11-29,Billing,medium,3.9
E00008198,C004856,2025-03-06,Outage,high,24.1
E00008199,C004858,2025-08-10,Billing,low,5.7
E00008200,C004858,2024-07-23,Billing,medium,25.5
E00008201,C004858,2025-10-06,Feature Request,medium,5.9
E00008202,C004859,2024-08-31,Billing,medium,7.6
E00008203,C004860,2025-08-04,How-to,high,73.8
E00008204,C004860,2025-01-01,Billing,low,14.3
E00008205,C004860,2025-07-05,How-to,low,16.3
E00008206,C004860,2025-03-05,How-to,high,8.5
E00008207,C004861,2024-12-11,Billing,critical,5.6
E00008208,C004861,2023-11-19,Bug,high,23.6
E00008209,C004862,2025-10-21,Feature Request,medium,22.1
E00008210,C004863,2025-07-30,Feature Request,low,37.4
E00008211,C004863,2025-09-25,Bug,low,3.4
E00008212,C004863,2025-11-27,How-to,high,6.8
E00008213,C004864,2025-10-30,Billing,low,7.5
E00008214,C004864,2025-08-18,How-to,low,9.7
E00008215,C004865,2025-06-28,Outage,low,30.1
E00008216,C004866,2025-10-18,How-to,low,18.4
E00008217,C004867,2025-08-15,Bug,low,37.5
E00008218,C004869,2025-12-17,Billing,medium,20.6
E00008219,C004869,2025-09-25,How-to,low,27.4
E00008220,C004869,2025-11-19,How-to,low,38.1
E00008221,C004873,2024-12-31,Bug,critical,35.9
E00008222,C004874,2025-09-07,How-to,medium,4.0
E00008223,C004874,2024-12-03,How-to,medium,13.1
E00008224,C004877,2023-12-30,Billing,medium,19.7
E00008225,C004878,2025-10-13,Billing,high,5.2
E00008226,C004878,2024-05-03,Outage,high,2.5
E00008227,C004878,2024-05-24,Feature Request,low,19.1
E00008228,C004878,2024-02-12,Billing,medium,16.1
E00008229,C004879,2025-07-09,Feature Request,medium,13.0
E00008230,C004880,2025-06-07,Bug,low,12.6
E00008231,C004881,2025-07-31,Feature Request,high,14.0
E00008232,C004882,2025-12-15,How-to,medium,19.6
E00008233,C004882,2025-12-11,Billing,medium,25.6
E00008234,C004883,2024-04-24,Bug,high,16.5
E00008235,C004883,2025-06-21,Feature Request,medium,7.2
E00008236,C004884,2025-11-19,Billing,low,12.7
E00008237,C004884,2023-03-18,How-to,low,55.4
E00008238,C004884,2024-01-09,Bug,low,39.7
E00008239,C004885,2024-09-30,Feature Request,high,7.6
E00008240,C004886,2025-01-30,Feature Request,high,2.3
E00008241,C004886,2024-01-28,How-to,low,4.6
E00008242,C004886,2025-11-22,Outage,medium,8.7
E00008243,C004887,2025-08-03,Billing,low,8.6
E00008244,C004888,2024-12-12,How-to,medium,20.4
E00008245,C004888,2024-09-11,Outage,medium,10.4
E00008246,C004888,2024-04-17,Billing,medium,7.1
E00008247,C004889,2025-01-22,Feature Request,medium,48.6
E00008248,C004889,2023-12-17,Billing,high,10.5
E00008249,C004890,2025-12-12,Bug,high,8.2
E00008250,C004890,2025-11-07,Billing,high,69.8
E00008251,C004890,2025-01-29,Feature Request,medium,3.0
E00008252,C004891,2025-06-10,Billing,low,5.8
E00008253,C004892,2024-11-13,Billing,medium,8.3
E00008254,C004892,2025-12-30,Feature Request,medium,8.3
E00008255,C004892,2025-02-19,Billing,low,9.1
E00008256,C004893,2024-02-02,How-to,high,27.7
E00008257,C004895,2025-05-10,Bug,low,39.5
E00008258,C004896,2024-06-18,Feature Request,low,5.2
E00008259,C004896,2024-06-09,Billing,low,6.0
E00008260,C004896,2023-09-05,Outage,critical,29.7
E00008261,C004898,2024-06-21,How-to,high,16.0
E00008262,C004898,2025-02-06,Feature Request,medium,26.2
E00008263,C004899,2025-05-16,Feature Request,medium,17.2
E00008264,C004900,2024-06-15,How-to,high,17.4
E00008265,C004900,2025-11-16,Feature Request,medium,41.4
E00008266,C004901,2024-09-30,Billing,low,64.0
E00008267,C004901,2025-09-03,Feature Request,low,17.0
E00008268,C004901,2025-08-26,How-to,medium,4.5
E00008269,C004902,2024-12-01,How-to,low,14.9
E00008270,C004903,2024-08-29,How-to,medium,12.8
E00008271,C004903,2025-05-26,How-to,medium,6.2
E00008272,C004903,2025-03-13,Billing,medium,6.4
E00008273,C004904,2025-05-25,Bug,low,4.8
E00008274,C004904,2025-09-02,Billing,medium,40.1
E00008275,C004904,2025-10-22,Bug,critical,16.1
E00008276,C004904,2025-03-23,Billing,high,14.1
E00008277,C004906,2024-08-13,How-to,low,17.8
E00008278,C004906,2025-01-22,How-to,low,8.1
E00008279,C004908,2025-11-20,How-to,critical,13.0
E00008280,C004908,2025-11-15,Bug,high,8.8
E00008281,C004909,2025-02-19,Feature Request,high,12.9
E00008282,C004909,2025-03-17,Outage,low,32.5
E00008283,C004909,2025-03-17,Bug,low,19.0
E00008284,C004909,2025-11-11,Bug,high,18.7
E00008285,C004910,2024-08-21,Feature Request,critical,7.3
E00008286,C004910,2024-07-16,Bug,medium,6.0
E00008287,C004911,2025-10-30,How-to,low,5.5
E00008288,C004911,2025-09-24,Feature Request,low,21.6
E00008289,C004913,2025-11-15,Bug,low,12.1
E00008290,C004914,2025-07-18,Feature Request,low,1.2
E00008291,C004917,2023-07-13,Outage,high,5.8
E00008292,C004917,2023-02-14,How-to,high,13.0
E00008293,C004918,2025-08-23,Billing,high,10.2
E00008294,C004918,2024-09-26,How-to,high,6.6
E00008295,C004919,2025-09-28,Bug,low,7.7
E00008296,C004919,2025-10-21,Bug,low,31.9
E00008297,C004919,2025-08-25,Bug,low,20.2
E00008298,C004920,2024-03-08,Outage,low,18.8
E00008299,C004920,2024-08-13,How-to,medium,31.9
E00008300,C004921,2025-12-06,Bug,high,62.8
E00008301,C004922,2025-06-24,Billing,low,9.9
E00008302,C004922,2025-10-16,How-to,low,7.1
E00008303,C004922,2025-09-19,Billing,low,5.8
E00008304,C004923,2025-11-06,Bug,medium,11.2
E00008305,C004923,2025-06-26,Billing,low,51.3
E00008306,C004924,2024-12-02,Feature Request,medium,15.2
E00008307,C004924,2024-11-11,Bug,medium,10.2
E00008308,C004924,2025-04-30,How-to,low,9.8
E00008309,C004924,2025-07-30,Billing,low,6.4
E00008310,C004924,2025-11-05,Feature Request,critical,15.3
E00008311,C004925,2024-01-17,How-to,medium,8.3
E00008312,C004925,2025-03-15,Feature Request,high,4.9
E00008313,C004925,2024-10-16,How-to,medium,15.1
E00008314,C004926,2023-07-06,How-to,high,45.3
E00008315,C004926,2025-03-08,Bug,high,23.7
E00008316,C004927,2025-01-19,Bug,medium,38.4
E00008317,C004928,2025-06-03,Feature Request,medium,16.9
E00008318,C004929,2024-07-01,How-to,low,17.5
E00008319,C004931,2022-08-04,Billing,low,7.1
E00008320,C004932,2025-07-27,Bug,medium,7.9
E00008321,C004932,2025-06-22,Feature Request,medium,12.9
E00008322,C004933,2025-07-11,Bug,medium,6.4
E00008323,C004933,2025-07-24,How-to,low,8.1
E00008324,C004933,2025-07-20,Billing,medium,9.9
E00008325,C004933,2025-07-21,Billing,low,7.7
E00008326,C004933,2025-08-04,Billing,low,15.7
E00008327,C004935,2025-12-13,How-to,low,5.5
E00008328,C004935,2025-04-11,How-to,low,5.7
E00008329,C004936,2024-05-31,Feature Request,high,8.9
E00008330,C004936,2024-06-29,Billing,medium,4.8
E00008331,C004936,2024-06-17,Bug,low,10.6
E00008332,C004937,2025-11-17,How-to,medium,8.8
E00008333,C004937,2025-11-30,How-to,medium,3.9
E00008334,C004938,2025-06-21,Outage,medium,5.9
E00008335,C004939,2025-06-09,Billing,high,8.9
E00008336,C004939,2024-08-04,How-to,low,13.0
E00008337,C004940,2023-08-17,Bug,low,75.5
E00008338,C004940,2025-08-10,Bug,high,27.9
E00008339,C004942,2024-10-23,How-to,critical,6.2
E00008340,C004943,2025-07-21,Outage,critical,12.2
E00008341,C004944,2025-08-22,Billing,medium,5.5
E00008342,C004944,2025-07-14,Billing,medium,18.4
E00008343,C004944,2025-08-19,Billing,medium,13.5
E00008344,C004946,2025-12-20,How-to,medium,16.9
E00008345,C004946,2025-12-15,How-to,low,33.4
E00008346,C004947,2024-04-05,Bug,medium,22.8
E00008347,C004947,2024-12-05,Billing,medium,6.6
E00008348,C004948,2024-04-12,Billing,low,8.7
E00008349,C004949,2023-11-11,Bug,low,41.8
E00008350,C004950,2025-01-25,Outage,high,24.6
E00008351,C004950,2023-07-17,Bug,low,3.4
E00008352,C004950,2023-10-31,How-to,high,22.5
E00008353,C004951,2023-05-20,Bug,medium,3.1
E00008354,C004951,2024-05-02,How-to,low,31.1
E00008355,C004952,2024-06-03,Outage,low,3.8
E00008356,C004953,2025-11-27,Bug,medium,6.0
E00008357,C004953,2025-08-11,Billing,high,8.4
E00008358,C004953,2025-05-23,Bug,medium,4.8
E00008359,C004953,2025-11-19,Billing,low,20.0
E00008360,C004955,2025-05-12,Feature Request,low,16.9
E00008361,C004955,2025-11-14,Bug,low,13.1
E00008362,C004956,2025-01-04,Bug,low,26.9
E00008363,C004956,2024-03-17,How-to,low,12.9
E00008364,C004957,2023-04-13,Feature Request,low,22.6
E00008365,C004957,2025-03-13,Outage,critical,11.1
E00008366,C004957,2024-04-20,How-to,medium,12.5
E00008367,C004958,2024-12-26,How-to,medium,23.6
E00008368,C004958,2023-09-23,Bug,medium,7.1
E00008369,C004961,2023-08-17,Billing,medium,28.8
E00008370,C004962,2025-12-16,Feature Request,low,19.1
E00008371,C004963,2025-12-07,Outage,high,16.3
E00008372,C004963,2025-11-12,Feature Request,critical,16.2
E00008373,C004963,2025-12-21,Feature Request,medium,16.5
E00008374,C004963,2025-12-22,Billing,high,18.0
E00008375,C004963,2025-12-20,Bug,high,15.0
E00008376,C004964,2023-01-16,Billing,low,13.2
E00008377,C004964,2023-10-31,Bug,medium,28.8
E00008378,C004964,2025-12-17,Bug,medium,11.6
E00008379,C004965,2025-09-14,Billing,high,7.6
E00008380,C004965,2025-11-02,Outage,critical,9.4
E00008381,C004965,2025-09-27,Outage,low,9.3
E00008382,C004965,2025-12-24,How-to,low,18.9
E00008383,C004966,2023-10-17,Bug,high,18.3
E00008384,C004967,2025-12-16,Feature Request,low,4.6
E00008385,C004967,2023-06-01,Feature Request,critical,23.2
E00008386,C004967,2023-03-14,How-to,high,21.4
E00008387,C004967,2024-04-02,Outage,low,40.7
E00008388,C004967,2023-01-13,Billing,high,10.5
E00008389,C004968,2023-11-12,How-to,medium,30.4
E00008390,C004968,2024-02-27,Bug,low,5.2
E00008391,C004968,2023-06-24,Feature Request,medium,8.0
E00008392,C004969,2024-11-05,Billing,low,13.8
E00008393,C004970,2025-04-14,How-to,high,12.1
E00008394,C004970,2025-03-26,Bug,medium,71.8
E00008395,C004970,2025-08-06,Bug,low,8.1
E00008396,C004970,2025-09-28,How-to,low,6.0
E00008397,C004970,2025-03-26,How-to,low,12.2
E00008398,C004970,2025-10-19,How-to,high,71.4
E00008399,C004971,2025-08-16,How-to,medium,7.1
E00008400,C004973,2025-04-20,Bug,high,30.8
E00008401,C004974,2025-02-01,Feature Request,medium,14.1
E00008402,C004975,2025-07-11,Bug,low,4.6
E00008403,C004975,2025-07-06,How-to,low,58.1
E00008404,C004975,2025-03-26,Billing,high,5.3
E00008405,C004976,2025-10-17,How-to,high,12.4
E00008406,C004976,2025-05-17,Outage,high,12.3
E00008407,C004976,2025-07-21,Billing,medium,14.7
E00008408,C004977,2025-11-08,Billing,low,4.9
E00008409,C004977,2025-01-20,Billing,low,28.3
E00008410,C004979,2025-11-22,How-to,medium,9.2
E00008411,C004979,2025-09-30,Bug,low,10.9
E00008412,C004980,2025-06-02,How-to,medium,19.8
E00008413,C004980,2025-01-15,How-to,critical,9.2
E00008414,C004981,2025-10-29,Bug,high,9.2
E00008415,C004981,2025-07-23,Outage,low,1.3
E00008416,C004981,2025-12-12,Outage,critical,17.0
E00008417,C004982,2025-10-10,Bug,low,3.4
E00008418,C004983,2024-06-17,Outage,low,12.4
E00008419,C004983,2024-01-23,How-to,medium,8.4
E00008420,C004983,2024-05-08,Bug,high,12.5
E00008421,C004983,2024-05-22,Outage,medium,15.9
E00008422,C004984,2024-07-31,Outage,medium,16.5
E00008423,C004984,2024-09-22,Outage,low,11.1
E00008424,C004984,2024-06-02,Outage,high,18.7
E00008425,C004985,2023-07-09,Bug,high,9.0
E00008426,C004985,2023-12-29,Bug,medium,13.9
E00008427,C004987,2025-11-21,How-to,medium,14.7
E00008428,C004987,2025-10-18,Billing,medium,5.0
E00008429,C004988,2025-12-14,How-to,high,23.3
E00008430,C004988,2025-10-16,Bug,medium,9.1
E00008431,C004988,2025-12-10,Feature Request,low,4.2
E00008432,C004988,2025-11-25,Billing,high,6.9
E00008433,C004989,2025-11-23,How-to,low,37.8
E00008434,C004990,2025-07-16,Billing,medium,30.2
E00008435,C004993,2025-12-05,Billing,medium,26.1
E00008436,C004995,2024-07-23,Bug,low,14.6
E00008437,C004996,2025-03-26,Billing,medium,39.8
E00008438,C004997,2025-08-13,Bug,medium,13.5
E00008439,C004997,2025-02-15,Billing,medium,16.9
E00008440,C004997,2025-08-17,Feature Request,high,64.3
E00008441,C004997,2025-07-08,Billing,critical,9.0
E00008442,C004998,2025-04-14,Billing,low,85.8
E00008443,C004998,2025-08-04,How-to,low,12.4
E00008444,C004999,2024-12-10,How-to,medium,4.2
E00008445,C004999,2025-12-15,Outage,medium,14.9
E00008446,C004999,2025-02-26,Bug,medium,52.9
E00008447,C004999,2024-12-19,Billing,critical,19.2
E00008448,C005000,2024-03-13,Billing,medium,11.6
E00008449,C005000,2024-03-11,Bug,low,10.8
