customer_id,signup_date,segment,region,plan,acquisition_channel,seats,mrr,tenure_days,monthly_active_days,support_tickets_90d,nps_score,feature_adoption_score,payment_failures_90d,is_churned,churn_date,as_of_date,lifetime_revenue,txn_count,last_txn_date,first_txn_date,avg_txn_amount,total_tickets,avg_resolve_hours,critical_tickets,days_since_last_txn,is_active,customer_health_score
C000001,2022-05-08,Enterprise,Europe,Business,Paid Search,328,174.64,1333,22.0,4,4.7,0.218,0,0,,2025-12-31,4685.29,26,2025-11-25,2022-06-23,180.2,4,22.7,1,36.0,1,55.7
C000002,2025-01-11,SMB,APAC,Free,Sales,14,0.0,354,14.0,1,30.3,0.355,1,0,,2025-12-31,20.47,8,2025-12-18,2025-03-14,2.56,2,46.2,0,13.0,0,57.7
C000003,2024-07-25,Startup,North America,Starter,Organic,4,24.69,524,22.0,3,64.1,0.658,0,0,,2025-12-31,272.28,10,2025-09-29,2024-11-25,27.23,5,59.7,0,93.0,1,76.3
C000004,2023-09-20,Startup,Europe,Business,Partner,2,223.92,833,5.0,0,88.3,0.343,0,0,,2025-12-31,5074.59,23,2025-10-27,2023-12-24,220.63,1,43.0,0,65.0,1,58.6
C000005,2023-09-12,Mid-Market,Europe,Pro,Paid Search,71,70.25,841,7.0,1,1.1,0.34,1,0,,2025-12-31,918.6999999999999,12,2025-07-25,2023-09-15,76.56,1,112.0,0,159.0,1,48.1
C000006,2025-05-12,Enterprise,APAC,Free,Partner,320,0.0,233,2.0,0,43.3,0.634,0,0,,2025-12-31,30.1,4,2025-12-12,2025-05-19,7.52,1,20.3,0,19.0,0,60.1
C000007,2022-05-03,Startup,LATAM,Pro,Partner,4,73.52,1338,18.0,2,30.2,0.201,1,1,2025-07-27,2025-12-31,1887.8899999999999,26,2025-07-18,2022-05-19,72.61,2,42.7,0,166.0,0,55.1
C000008,2024-09-24,Startup,APAC,Pro,Organic,7,75.13,463,20.0,0,32.5,0.228,0,0,,2025-12-31,805.11,11,2025-12-09,2025-01-29,73.19,0,0.0,0,22.0,1,62.9
C000009,2022-10-16,SMB,Europe,Business,Referral,14,213.05,1172,7.0,3,15.3,0.188,0,0,,2025-12-31,5012.95,24,2025-10-13,2022-11-22,208.87,4,15.2,0,79.0,1,43.9
C000010,2022-05-15,SMB,Europe,Pro,Organic,22,88.44,1326,10.0,1,53.9,0.464,0,0,,2025-12-31,3191.04,34,2025-11-19,2022-05-20,93.85,1,0.0,0,42.0,1,61.7
C000011,2024-01-23,SMB,Europe,Free,Referral,12,0.0,708,15.0,3,52.6,0.623,0,0,,2025-12-31,87.05,16,2025-12-07,2024-02-18,5.44,3,51.7,0,24.0,0,67.8
C000012,2025-10-27,SMB,Europe,Starter,Organic,14,26.84,65,21.0,0,98.1,0.283,0,0,,2025-12-31,80.16,3,2025-12-24,2025-11-02,26.72,1,65.6,0,7.0,1,72.0
C000013,2024-11-18,Enterprise,North America,Starter,Partner,103,27.09,408,8.0,1,2.0,0.42,1,0,,2025-12-31,167.14,7,2025-12-28,2024-11-24,23.88,1,58.4,0,3.0,1,51.4
C000014,2024-12-24,Enterprise,APAC,Pro,Paid Search,377,87.91,372,13.0,2,-8.7,0.814,0,0,,2025-12-31,223.12,3,2025-10-16,2025-06-23,74.37,3,23.2,1,76.0,1,67.2
C000015,2024-10-22,Mid-Market,APAC,Pro,Partner,52,68.43,435,5.0,2,86.4,0.449,0,0,,2025-12-31,618.51,10,2025-12-12,2024-10-23,61.85,2,41.6,0,19.0,1,58.6
C000016,2025-01-29,Startup,Europe,Business,Organic,4,195.09,336,22.0,0,33.7,0.615,0,0,,2025-12-31,1648.58,9,2025-11-28,2025-04-08,183.18,0,0.0,0,33.0,1,76.5
C000017,2024-01-04,Mid-Market,APAC,Pro,Partner,78,72.38,727,24.0,0,23.6,0.339,0,0,,2025-12-31,971.76,14,2025-11-29,2024-06-08,69.41,0,0.0,0,32.0,1,69.0
C000018,2022-07-03,Mid-Market,Europe,Starter,Organic,46,27.75,1277,20.0,0,39.7,0.127,0,0,,2025-12-31,801.43,29,2025-12-04,2022-07-15,27.64,0,0.0,0,27.0,1,60.6
C000019,2025-04-15,SMB,North America,Free,Paid Search,6,0.0,260,22.0,0,0.1,0.427,0,0,,2025-12-31,22.38,4,2025-12-17,2025-08-27,5.6,3,15.4,1,14.0,0,67.5
C000020,2023-10-07,Mid-Market,North America,Starter,Referral,64,31.44,816,21.0,1,44.4,0.325,1,1,2025-03-15,2025-12-31,326.78000000000003,11,2025-01-22,2023-12-08,29.71,1,17.2,0,343.0,0,64.4
C000021,2023-12-17,Mid-Market,North America,Starter,Paid Search,72,26.84,745,23.0,0,33.0,0.564,0,0,,2025-12-31,271.07,12,2025-10-19,2024-01-24,22.59,1,11.5,0,73.0,1,75.8
C000022,2023-06-15,SMB,North America,Pro,Paid Search,19,88.5,930,12.0,1,61.8,0.64,1,0,,2025-12-31,1151.01,14,2025-11-02,2023-07-16,82.22,2,35.2,0,59.0,1,67.6
C000023,2022-09-19,Mid-Market,Europe,Enterprise,Partner,35,5939.47,1199,5.0,2,56.4,0.544,0,0,,2025-12-31,191639.68,32,2025-12-10,2022-09-20,5988.74,2,15.3,1,21.0,1,58.4
C000024,2025-08-18,SMB,North America,Starter,Paid Search,19,27.2,135,26.0,2,58.5,0.295,1,0,,2025-12-31,0.0,0,,,0.0,2,88.2,0,,1,67.9
C000025,2025-01-22,Startup,North America,Pro,Referral,3,68.7,343,0.0,0,39.8,0.078,1,0,,2025-12-31,473.13,6,2025-12-05,2025-01-23,78.86,0,0.0,0,26.0,1,39.3
C000026,2024-07-09,Mid-Market,North America,Starter,Paid Search,31,26.15,540,11.0,0,75.1,0.238,1,1,2025-03-02,2025-12-31,154.67000000000002,7,2025-02-18,2024-07-29,22.1,3,11.6,0,316.0,0,57.5
C000027,2023-07-30,Startup,APAC,Pro,Sales,7,79.49,885,20.0,1,49.4,0.204,0,1,2025-04-13,2025-12-31,1107.48,14,2025-02-17,2023-08-13,79.11,2,39.4,0,317.0,0,62.4
C000028,2025-03-22,Startup,APAC,Free,Referral,4,0.0,284,22.0,1,21.7,0.307,1,0,,2025-12-31,47.5,7,2025-12-18,2025-05-04,6.79,1,15.6,0,13.0,0,62.5
C000029,2024-02-19,Startup,North America,Pro,Paid Search,1,76.25,681,19.0,0,14.8,0.085,0,0,,2025-12-31,794.85,11,2025-09-29,2024-02-28,72.26,0,0.0,0,93.0,1,56.0
C000030,2023-09-27,SMB,North America,Starter,Paid Search,17,28.13,826,13.0,2,17.6,0.257,0,0,,2025-12-31,457.62,18,2025-11-13,2023-11-09,25.42,2,0.0,0,48.0,1,53.1
C000031,2023-10-07,SMB,North America,Starter,Partner,12,32.61,816,25.0,0,49.7,0.285,1,0,,2025-12-31,424.37,12,2025-12-25,2023-10-23,35.36,0,0.0,0,6.0,1,68.8
C000032,2022-11-21,SMB,North America,Pro,Referral,13,77.26,1136,6.0,2,1.7,0.252,0,0,,2025-12-31,1704.1499999999999,22,2025-11-18,2022-12-13,77.46,2,24.8,0,43.0,1,45.1
C000033,2022-05-12,SMB,North America,Starter,Organic,16,26.13,1329,3.0,0,38.9,0.398,1,0,,2025-12-31,725.24,29,2025-12-03,2022-05-19,25.01,1,40.0,0,28.0,1,51.5
C000034,2024-03-04,Enterprise,North America,Pro,Organic,82,71.48,667,17.0,1,14.2,0.508,0,0,,2025-12-31,1045.76,14,2025-11-20,2024-04-18,74.7,1,53.4,0,41.0,1,65.3
C000035,2025-06-23,Startup,North America,Starter,Organic,5,32.05,191,8.0,0,3.7,0.418,0,0,,2025-12-31,29.78,1,2025-06-25,2025-06-25,29.78,1,31.7,0,189.0,1,55.1
C000036,2022-04-02,SMB,LATAM,Enterprise,Referral,4,635.35,1369,13.0,1,7.7,0.318,0,0,,2025-12-31,18949.36,30,2025-12-01,2022-04-14,631.65,1,20.1,0,30.0,1,55.4
C000037,2025-05-12,SMB,Europe,Starter,Referral,18,31.47,233,12.0,1,34.4,0.474,0,0,,2025-12-31,156.07,4,2025-12-10,2025-06-26,39.02,1,38.3,0,21.0,1,61.9
C000038,2025-03-29,Mid-Market,APAC,Pro,Organic,20,80.72,277,7.0,1,54.1,0.471,2,0,,2025-12-31,766.38,8,2025-11-28,2025-05-19,95.8,1,11.1,0,33.0,1,55.3
C000039,2023-01-31,Enterprise,North America,Business,Paid Search,486,181.68,1065,27.0,0,18.1,0.101,2,0,,2025-12-31,3275.58,19,2025-12-15,2023-02-10,172.4,0,0.0,0,16.0,1,59.9
C000040,2024-06-22,SMB,North America,Pro,Referral,20,73.05,557,10.0,2,-16.9,0.31,0,0,,2025-12-31,1106.43,14,2025-11-16,2024-08-08,79.03,3,55.0,0,45.0,1,48.5
C000041,2022-08-25,SMB,LATAM,Starter,Sales,22,25.84,1224,18.0,0,100.0,0.182,0,0,,2025-12-31,782.09,31,2025-11-24,2022-08-31,25.23,1,3.9,0,37.0,1,66.5
C000042,2024-12-20,SMB,North America,Pro,Organic,4,69.54,376,4.0,3,62.9,0.174,0,0,,2025-12-31,677.63,8,2025-12-13,2025-04-01,84.7,3,58.3,0,18.0,1,45.6
C000043,2024-09-28,Mid-Market,Europe,Free,Paid Search,79,0.0,459,27.0,0,58.3,0.205,0,0,,2025-12-31,10.99,7,2025-12-13,2024-11-16,1.57,0,0.0,0,18.0,0,71.1
C000044,2023-05-22,Mid-Market,LATAM,Pro,Paid Search,19,85.88,954,27.0,1,75.7,0.659,0,0,,2025-12-31,1514.46,18,2025-12-13,2023-06-13,84.14,1,33.8,0,18.0,1,84.9
C000045,2022-04-08,SMB,Europe,Starter,Partner,10,30.61,1363,1.0,0,37.3,0.749,0,0,,2025-12-31,1084.86,34,2025-12-14,2022-06-06,31.91,1,18.5,0,17.0,1,62.1
C000046,2025-10-20,Mid-Market,North America,Business,Organic,19,223.09,72,18.0,1,31.6,0.31,0,0,,2025-12-31,476.78,2,2025-12-10,2025-11-29,238.39,1,169.8,0,21.0,1,62.0
C000047,2023-09-30,Startup,Europe,Business,Organic,6,223.27,823,16.0,1,68.9,0.289,0,0,,2025-12-31,3389.2200000000003,15,2025-12-05,2023-10-10,225.95,1,67.0,0,26.0,1,63.3
C000048,2025-07-01,Mid-Market,North America,Starter,Referral,54,32.88,183,4.0,3,68.7,0.658,0,0,,2025-12-31,149.78,4,2025-09-07,2025-07-06,37.44,4,28.1,0,115.0,1,60.7
C000049,2024-08-27,Mid-Market,North America,Free,Paid Search,53,0.0,491,21.0,1,50.4,0.661,1,1,2025-01-30,2025-12-31,0.0,5,2025-01-08,2024-10-08,0.0,1,5.9,1,357.0,0,75.1
C000050,2025-01-18,Mid-Market,North America,Starter,Organic,49,28.81,347,21.0,1,57.1,0.374,1,0,,2025-12-31,275.17,10,2025-10-26,2025-01-26,27.52,1,32.3,0,66.0,1,67.2
C000051,2024-12-22,SMB,APAC,Pro,Paid Search,4,75.39,374,23.0,0,4.0,0.413,0,0,,2025-12-31,1001.67,14,2025-12-12,2025-01-11,71.55,0,0.0,0,19.0,1,68.3
C000052,2022-10-06,SMB,Europe,Starter,Organic,21,25.34,1182,16.0,0,28.6,0.6,0,0,,2025-12-31,725.02,29,2025-12-12,2022-10-15,25.0,0,0.0,0,19.0,1,70.1
C000053,2023-06-05,SMB,North America,Pro,Paid Search,13,89.33,940,19.0,1,77.6,0.685,2,0,,2025-12-31,1377.32,16,2025-11-22,2023-08-06,86.08,2,30.8,0,39.0,1,74.8
C000054,2023-10-30,Startup,North America,Pro,Paid Search,4,73.92,793,20.0,3,55.1,0.559,0,0,,2025-12-31,750.08,10,2025-12-22,2024-04-12,75.01,3,151.5,0,9.0,1,70.6
C000055,2023-12-13,Mid-Market,APAC,Enterprise,Organic,72,10311.26,749,21.0,1,-1.6,0.197,0,0,,2025-12-31,197293.91999999998,18,2025-07-14,2023-12-29,10960.77,2,97.6,0,170.0,1,58.0
C000056,2022-03-04,SMB,LATAM,Starter,Organic,20,25.39,1398,16.0,2,21.7,0.7,0,0,,2025-12-31,699.75,28,2025-12-30,2022-03-13,24.99,3,65.4,0,1.0,1,69.5
C000057,2024-02-21,Enterprise,North America,Free,Sales,171,0.0,679,20.0,0,73.5,0.141,0,0,,2025-12-31,26.909999999999997,12,2025-10-16,2024-02-28,2.24,0,0.0,0,76.0,0,64.4
C000058,2022-08-09,Mid-Market,North America,Starter,Sales,43,32.08,1240,1.0,1,46.4,0.622,0,0,,2025-12-31,734.81,23,2025-12-15,2022-10-04,31.95,2,36.4,0,16.0,1,57.7
C000059,2024-11-29,SMB,APAC,Pro,Organic,9,89.64,397,17.0,0,39.5,0.336,0,0,,2025-12-31,728.35,7,2025-10-08,2024-12-07,104.05,1,49.1,0,84.0,1,64.2
C000060,2024-09-03,Enterprise,APAC,Starter,Partner,265,26.83,484,5.0,0,40.3,0.199,0,0,,2025-12-31,102.41,4,2025-11-13,2024-09-10,25.6,2,3.0,0,48.0,1,49.5
C000061,2025-08-12,SMB,LATAM,Starter,Organic,9,31.95,141,11.0,0,32.9,0.39,1,1,2025-11-08,2025-12-31,0.0,0,,,0.0,0,0.0,0,,0,57.8
C000062,2024-12-01,SMB,North America,Starter,Referral,7,29.77,395,21.0,4,21.9,0.486,0,1,2025-10-14,2025-12-31,242.72,8,2025-08-13,2024-12-01,30.34,6,15.0,1,140.0,0,64.5
C000063,2023-06-09,SMB,North America,Business,Referral,22,186.43,936,3.0,0,14.2,0.346,0,0,,2025-12-31,2493.57,13,2025-12-24,2023-10-23,191.81,1,25.0,0,7.0,1,49.5
C000064,2025-10-15,SMB,Europe,Enterprise,Partner,4,599.68,77,21.0,1,60.3,0.71,0,0,,2025-12-31,925.72,2,2025-10-30,2025-10-21,462.86,2,80.0,0,62.0,1,79.6
C000065,2023-08-11,SMB,North America,Starter,Partner,12,28.12,873,7.0,1,40.9,0.886,0,0,,2025-12-31,763.58,27,2025-09-22,2023-08-18,28.28,2,41.2,0,100.0,1,70.4
C000066,2023-04-11,Mid-Market,APAC,Starter,Paid Search,52,25.89,995,21.0,1,52.7,0.469,2,0,,2025-12-31,601.01,25,2025-12-04,2023-05-03,24.04,1,0.0,0,27.0,1,67.6
C000067,2025-07-18,Enterprise,North America,Starter,Organic,433,30.3,166,21.0,2,48.7,0.229,0,0,,2025-12-31,62.42,2,2025-12-27,2025-07-24,31.21,2,86.4,0,4.0,1,62.5
C000068,2023-06-14,Enterprise,Europe,Starter,Paid Search,214,24.94,931,0.0,4,70.2,0.319,0,0,,2025-12-31,632.1999999999999,25,2025-12-13,2023-07-17,25.29,4,12.4,0,18.0,1,45.6
C000069,2022-04-20,SMB,LATAM,Enterprise,Organic,11,1963.72,1351,6.0,1,46.4,0.117,0,0,,2025-12-31,52689.33,25,2025-09-12,2022-05-11,2107.57,1,29.1,0,110.0,1,47.0
C000070,2023-11-03,Startup,LATAM,Pro,Partner,1,85.1,789,22.0,2,55.6,0.569,1,0,,2025-12-31,1266.91,16,2025-12-02,2023-11-06,79.18,3,24.7,0,29.0,1,72.3
C000071,2025-02-11,Enterprise,Europe,Pro,Paid Search,461,75.29,323,9.0,0,39.2,0.151,0,0,,2025-12-31,253.8,3,2025-07-26,2025-04-03,84.6,0,0.0,0,158.0,1,51.5
C000072,2022-09-28,SMB,LATAM,Enterprise,Organic,10,1595.55,1190,12.0,2,11.3,0.116,0,0,,2025-12-31,43216.28,29,2025-09-02,2022-11-02,1490.22,3,52.0,0,120.0,1,47.3
C000073,2023-10-25,SMB,North America,Pro,Partner,9,76.98,798,0.0,0,29.4,0.307,0,0,,2025-12-31,1083.35,16,2025-12-07,2023-10-30,67.71,0,0.0,0,24.0,1,47.2
C000074,2022-07-05,Startup,North America,Starter,Referral,7,32.93,1275,19.0,0,49.7,0.25,0,0,,2025-12-31,993.4,30,2025-11-27,2022-10-07,33.11,2,43.8,0,34.0,1,64.4
C000075,2024-09-08,SMB,North America,Pro,Partner,17,78.78,479,2.0,1,51.9,0.123,0,0,,2025-12-31,596.54,7,2025-12-26,2024-10-19,85.22,1,4.7,0,5.0,1,44.2
C000076,2023-11-12,SMB,LATAM,Starter,Paid Search,22,32.89,780,7.0,1,71.3,0.473,0,0,,2025-12-31,416.56,13,2025-08-03,2023-12-13,32.04,1,6.8,0,150.0,1,61.1
C000077,2023-04-18,SMB,LATAM,Starter,Referral,24,31.44,988,13.0,0,23.5,0.364,0,0,,2025-12-31,659.01,21,2025-12-04,2023-07-17,31.38,3,31.0,0,27.0,1,59.9
C000078,2022-11-21,Startup,North America,Enterprise,Organic,7,1211.18,1136,21.0,0,40.6,0.393,0,0,,2025-12-31,28401.08,23,2025-12-24,2022-11-27,1234.83,0,0.0,0,7.0,1,69.6
C000079,2024-03-18,Mid-Market,North America,Starter,Partner,39,30.82,653,13.0,0,31.8,0.589,1,0,,2025-12-31,283.51,9,2025-10-13,2024-04-07,31.5,3,12.3,0,79.0,1,65.5
C000080,2024-08-15,Startup,North America,Pro,Paid Search,5,83.18,503,27.0,4,75.6,0.307,0,0,,2025-12-31,609.17,8,2025-11-21,2024-09-21,76.15,7,35.7,0,40.0,1,69.9
C000081,2025-09-06,Enterprise,North America,Starter,Organic,337,28.1,116,14.0,3,44.4,0.401,0,1,2025-12-10,2025-12-31,27.99,1,2025-12-03,2025-12-03,27.99,3,13.4,0,28.0,0,59.5
C000082,2023-09-18,Startup,APAC,Starter,Sales,7,25.54,835,7.0,1,44.9,0.344,1,0,,2025-12-31,590.98,23,2025-12-02,2023-12-27,25.69,1,13.7,0,29.0,1,52.6
C000083,2022-08-18,Enterprise,North America,Pro,Paid Search,143,79.08,1231,5.0,0,34.1,0.2,1,1,2025-02-14,2025-12-31,1561.03,19,2024-11-12,2022-09-25,82.16,0,0.0,0,414.0,0,46.9
C000084,2025-04-05,Mid-Market,APAC,Business,Paid Search,32,215.9,270,21.0,1,29.4,0.473,0,0,,2025-12-31,420.58,2,2025-12-06,2025-07-23,210.29,3,26.0,1,25.0,1,69.4
C000085,2024-06-19,Enterprise,Europe,Pro,Organic,144,70.07,560,12.0,1,-1.2,0.664,1,0,,2025-12-31,538.23,7,2025-12-22,2024-07-04,76.89,1,10.1,0,9.0,1,62.0
C000086,2024-09-28,SMB,North America,Starter,Sales,19,28.77,459,16.0,2,3.5,0.487,0,0,,2025-12-31,460.65,16,2025-12-28,2024-10-22,28.79,2,27.0,0,3.0,1,61.2
C000087,2022-05-20,Mid-Market,North America,Free,Referral,46,0.0,1321,10.0,1,39.5,0.649,1,0,,2025-12-31,132.53,25,2025-10-22,2022-05-22,5.3,1,39.4,0,70.0,0,63.8
C000088,2023-03-23,Mid-Market,LATAM,Pro,Organic,38,77.88,1014,7.0,1,36.4,0.2,0,0,,2025-12-31,1152.66,14,2025-08-24,2023-04-02,82.33,1,5.4,1,129.0,1,49.4
C000089,2025-01-03,SMB,Europe,Pro,Partner,21,71.97,362,16.0,0,39.6,0.376,0,0,,2025-12-31,655.53,9,2025-08-06,2025-01-05,72.84,1,27.9,0,147.0,1,64.5
C000090,2025-04-05,SMB,Europe,Business,Organic,19,209.59,270,8.0,0,58.5,0.305,0,0,,2025-12-31,316.86,2,2025-10-18,2025-08-14,158.43,0,0.0,0,74.0,1,57.1
C000091,2023-09-15,SMB,North America,Pro,Referral,13,82.45,838,27.0,2,37.3,0.815,0,0,,2025-12-31,1716.38,21,2025-10-16,2023-09-21,81.73,2,9.6,0,76.0,1,84.3
C000092,2025-02-24,Startup,LATAM,Business,Paid Search,5,194.79,310,20.0,2,26.3,0.295,1,0,,2025-12-31,499.93,2,2025-12-21,2025-12-05,249.96,2,142.8,0,10.0,1,59.3
C000093,2025-04-18,SMB,APAC,Business,Organic,3,184.17,257,22.0,0,29.8,0.381,0,0,,2025-12-31,1403.23,7,2025-12-07,2025-06-19,200.46,0,0.0,0,24.0,1,69.1
C000094,2023-07-09,Mid-Market,APAC,Starter,Partner,57,27.08,906,7.0,0,41.1,0.578,0,0,,2025-12-31,505.65,20,2025-12-12,2023-09-15,25.28,0,0.0,0,19.0,1,62.7
C000095,2025-07-08,Mid-Market,Europe,Pro,Sales,60,71.83,176,0.0,0,25.5,0.435,1,1,2025-10-04,2025-12-31,243.46,3,2025-10-03,2025-08-09,81.15,0,0.0,0,89.0,0,48.6
C000096,2023-02-17,Startup,APAC,Business,Paid Search,7,226.85,1048,1.0,3,61.6,0.292,0,0,,2025-12-31,4300.95,22,2025-12-28,2023-02-22,195.5,3,27.1,0,3.0,1,46.3
C000097,2022-12-09,Enterprise,North America,Enterprise,Organic,182,26727.8,1118,24.0,1,34.7,0.354,1,0,,2025-12-31,624685.76,22,2025-11-27,2023-07-26,28394.81,2,3.4,1,34.0,1,67.0
C000098,2024-09-02,SMB,APAC,Starter,Sales,11,28.35,485,24.0,0,41.3,0.142,0,0,,2025-12-31,342.58,12,2025-11-19,2024-09-26,28.55,0,0.0,0,42.0,1,64.8
C000099,2024-06-29,Startup,Europe,Pro,Organic,2,79.04,550,19.0,0,14.6,0.046,0,0,,2025-12-31,694.7,8,2025-11-29,2024-07-31,86.84,0,0.0,0,32.0,1,54.8
C000100,2022-07-19,Startup,Europe,Starter,Paid Search,6,30.49,1261,16.0,3,61.6,0.297,2,1,2025-12-09,2025-12-31,882.87,28,2025-11-18,2022-07-30,31.53,3,12.0,0,43.0,0,55.9
C000101,2025-04-05,SMB,LATAM,Business,Paid Search,18,214.0,270,5.0,0,71.0,0.363,1,0,,2025-12-31,396.59,2,2025-10-11,2025-04-07,198.3,1,28.9,0,81.0,1,55.5
C000102,2022-10-13,SMB,LATAM,Enterprise,Organic,24,3703.33,1175,21.0,2,0.9,0.217,1,0,,2025-12-31,66955.55,17,2025-12-24,2022-10-15,3938.56,2,6.8,0,7.0,1,55.4
C000103,2025-02-25,SMB,Europe,Enterprise,Organic,16,2569.98,309,14.0,1,45.0,0.647,2,0,,2025-12-31,16203.5,7,2025-08-04,2025-03-08,2314.79,1,24.9,0,149.0,1,65.9
C000104,2022-01-11,SMB,Europe,Starter,Organic,8,32.48,1450,16.0,2,32.3,0.374,1,0,,2025-12-31,1253.85,37,2025-12-25,2022-01-16,33.89,3,39.8,0,6.0,1,58.7
C000105,2025-02-13,Enterprise,APAC,Starter,Organic,422,25.65,321,0.0,0,42.1,0.097,1,0,,2025-12-31,314.09000000000003,13,2025-12-20,2025-02-22,24.16,0,0.0,0,11.0,1,40.1
C000106,2025-01-30,Mid-Market,LATAM,Business,Paid Search,58,195.53,335,14.0,0,46.3,0.296,0,0,,2025-12-31,890.57,4,2025-12-24,2025-02-09,222.64,0,0.0,0,7.0,1,61.0
C000107,2025-01-20,SMB,APAC,Pro,Referral,6,71.64,345,19.0,2,-20.9,0.161,0,0,,2025-12-31,428.98,7,2025-11-25,2025-01-23,61.28,3,52.6,0,36.0,1,51.7
C000108,2024-08-08,Mid-Market,North America,Enterprise,Organic,74,10214.99,510,21.0,0,54.0,0.483,0,0,,2025-12-31,67699.41,7,2025-10-18,2025-02-14,9671.34,0,0.0,0,74.0,1,73.6
C000109,2023-11-06,SMB,North America,Starter,Referral,19,26.0,786,4.0,1,62.8,0.653,0,0,,2025-12-31,282.75,12,2025-10-15,2023-11-21,23.56,2,62.7,0,77.0,1,62.9
C000110,2024-10-05,Mid-Market,APAC,Business,Paid Search,73,184.02,452,0.0,1,65.6,0.226,0,0,,2025-12-31,1785.37,9,2025-12-25,2024-10-23,198.37,1,64.8,0,6.0,1,46.8
C000111,2023-02-01,Startup,APAC,Pro,Organic,5,80.51,1064,23.0,2,11.4,0.336,1,0,,2025-12-31,2000.23,23,2025-12-10,2023-02-01,86.97,2,5.8,0,21.0,1,61.8
C000112,2025-01-21,Startup,APAC,Starter,Paid Search,5,31.32,344,8.0,2,34.2,0.376,0,1,2025-09-18,2025-12-31,175.73,5,2025-08-07,2025-03-15,35.15,2,42.0,0,146.0,0,53.8
C000113,2024-03-05,SMB,Europe,Free,Organic,4,0.0,666,13.0,2,21.5,0.572,0,0,,2025-12-31,99.91,13,2025-11-27,2024-03-18,7.69,2,31.2,0,34.0,0,62.9
C000114,2023-10-19,SMB,Europe,Pro,Partner,19,89.86,804,17.0,1,-12.9,0.46,0,0,,2025-12-31,1923.93,22,2025-12-15,2023-10-22,87.45,1,38.0,0,16.0,1,61.2
C000115,2023-12-25,Mid-Market,Europe,Starter,Paid Search,32,32.3,737,13.0,2,19.5,0.373,0,0,,2025-12-31,373.52,11,2025-10-24,2024-04-05,33.96,2,73.3,0,68.0,1,56.7
C000116,2024-03-24,SMB,APAC,Business,Partner,3,199.9,647,26.0,3,7.9,0.266,0,0,,2025-12-31,2643.5,13,2025-12-21,2024-04-14,203.35,3,40.8,0,10.0,1,62.5
C000117,2022-02-23,Mid-Market,North America,Pro,Sales,57,77.2,1407,23.0,0,43.4,0.29,0,0,,2025-12-31,2079.02,29,2025-11-28,2022-05-27,71.69,0,0.0,0,33.0,1,68.6
C000118,2022-07-19,Startup,APAC,Pro,Organic,4,77.82,1261,11.0,1,-5.8,0.21,1,0,,2025-12-31,2517.21,35,2025-10-29,2022-07-27,71.92,2,14.4,0,63.0,1,47.0
C000119,2022-12-18,Startup,APAC,Starter,Sales,7,33.05,1109,5.0,3,10.5,0.169,0,0,,2025-12-31,960.26,29,2025-12-10,2022-12-30,33.11,3,97.0,0,21.0,1,41.1
C000120,2022-06-13,Startup,APAC,Enterprise,Organic,4,656.34,1297,27.0,4,22.0,0.355,0,0,,2025-12-31,14764.82,22,2025-10-19,2022-11-04,671.13,4,93.5,0,73.0,1,66.0
C000121,2023-09-21,Startup,North America,Pro,Organic,4,84.81,832,19.0,1,54.3,0.828,0,0,,2025-12-31,1260.02,15,2025-12-23,2023-11-18,84.0,4,27.2,0,8.0,1,80.7
C000122,2024-08-13,Startup,APAC,Business,Organic,1,173.03,505,21.0,0,100.0,0.851,1,0,,2025-12-31,1657.27,9,2025-10-25,2024-09-12,184.14,0,0.0,0,67.0,1,87.3
C000123,2024-07-24,Mid-Market,North America,Business,Referral,56,227.29,525,12.0,0,42.6,0.392,0,0,,2025-12-31,2760.2,12,2025-12-09,2024-12-24,230.02,2,14.7,0,22.0,1,61.7
C000124,2023-11-05,Startup,North America,Pro,Partner,1,79.49,787,13.0,1,9.2,0.549,1,0,,2025-12-31,1231.25,15,2025-10-12,2024-02-21,82.08,2,41.6,0,80.0,1,60.5
C000125,2025-05-07,SMB,Europe,Enterprise,Sales,7,1153.05,238,5.0,0,18.0,0.429,0,0,,2025-12-31,5019.64,5,2025-11-29,2025-05-28,1003.93,2,32.4,0,32.0,1,54.1
C000126,2024-03-19,SMB,North America,Pro,Referral,22,86.3,652,12.0,0,51.5,0.687,1,0,,2025-12-31,952.19,12,2025-12-30,2024-12-02,79.35,2,25.5,0,1.0,1,69.5
C000127,2022-04-24,SMB,LATAM,Pro,Paid Search,10,69.15,1347,15.0,2,1.3,0.464,0,0,,2025-12-31,1818.17,26,2025-11-07,2022-08-15,69.93,2,36.0,0,54.0,1,59.4
C000128,2024-12-29,Mid-Market,LATAM,Starter,Sales,76,24.76,367,3.0,4,62.4,0.211,0,0,,2025-12-31,194.61,8,2025-08-06,2025-01-04,24.33,5,35.6,0,147.0,1,44.2
C000129,2024-04-01,Mid-Market,North America,Starter,Sales,77,32.96,639,17.0,1,41.8,0.276,0,0,,2025-12-31,393.40999999999997,12,2025-10-23,2024-04-20,32.78,2,32.8,0,69.0,1,61.1
C000130,2024-06-26,Mid-Market,APAC,Business,Referral,53,181.89,553,17.0,2,31.9,0.212,0,0,,2025-12-31,1061.87,6,2025-10-03,2024-11-30,176.98,2,33.8,0,89.0,1,56.7
C000131,2024-03-19,Enterprise,Europe,Starter,Partner,355,25.57,652,23.0,5,-7.1,0.289,1,1,2025-08-11,2025-12-31,173.43,6,2025-07-26,2024-03-21,28.9,5,101.2,0,158.0,0,54.0
C000132,2024-03-02,SMB,APAC,Pro,Referral,10,89.33,669,1.0,1,58.0,0.652,0,0,,2025-12-31,1470.82,18,2025-11-05,2024-03-03,81.71,1,55.3,0,56.0,1,59.8
C000133,2022-05-10,Startup,APAC,Enterprise,Organic,6,922.94,1331,6.0,0,16.0,0.327,0,0,,2025-12-31,25259.72,29,2025-10-27,2022-05-21,871.02,0,0.0,0,65.0,1,51.8
C000134,2024-03-10,SMB,Europe,Starter,Sales,9,32.08,661,12.0,1,38.8,0.737,0,0,,2025-12-31,416.93,15,2025-12-26,2024-03-12,27.8,2,67.9,1,5.0,1,70.2
C000135,2025-02-10,SMB,North America,Free,Sales,17,0.0,324,24.0,2,31.1,0.188,0,0,,2025-12-31,31.42,8,2025-11-24,2025-05-05,3.93,2,42.2,0,37.0,0,62.2
C000136,2023-03-11,SMB,North America,Pro,Partner,15,71.81,1026,6.0,3,-4.6,0.279,0,0,,2025-12-31,1482.82,21,2025-12-17,2023-05-02,70.61,3,68.3,0,14.0,1,43.8
C000137,2024-05-12,SMB,Europe,Free,Organic,9,0.0,598,27.0,2,29.2,0.389,0,0,,2025-12-31,55.129999999999995,13,2025-08-27,2024-07-04,4.24,2,2.9,1,126.0,0,70.7
C000138,2022-02-14,Mid-Market,LATAM,Business,Organic,56,171.49,1416,26.0,0,4.7,0.644,1,0,,2025-12-31,5490.82,31,2025-11-10,2022-03-03,177.12,1,60.1,0,51.0,1,76.0
C000139,2023-05-12,Startup,Europe,Pro,Sales,1,73.7,964,2.0,0,18.7,0.211,0,0,,2025-12-31,1500.99,21,2025-12-28,2023-06-11,71.48,0,0.0,0,3.0,1,45.0
C000140,2023-09-17,Mid-Market,North America,Pro,Referral,32,71.37,836,10.0,0,45.8,0.219,1,0,,2025-12-31,1178.43,16,2025-12-22,2023-10-05,73.65,1,44.7,0,9.0,1,53.1
C000141,2025-11-06,SMB,North America,Pro,Referral,21,88.52,55,7.0,2,52.6,0.594,1,0,,2025-12-31,116.52,1,2025-11-13,2025-11-13,116.52,2,34.4,0,48.0,1,59.3
C000142,2022-11-03,SMB,LATAM,Pro,Sales,20,89.16,1154,13.0,1,34.5,0.345,0,0,,2025-12-31,1730.1,21,2025-07-24,2022-12-18,82.39,2,35.6,0,160.0,1,58.9
C000143,2023-01-31,SMB,North America,Starter,Paid Search,24,28.5,1065,25.0,0,12.9,0.413,0,0,,2025-12-31,378.40999999999997,15,2025-10-14,2023-03-29,25.23,0,0.0,0,78.0,1,71.0
C000144,2023-08-08,Startup,APAC,Starter,Sales,4,27.72,876,10.0,4,18.8,0.406,0,0,,2025-12-31,565.98,19,2025-12-19,2023-09-19,29.79,4,22.6,0,12.0,1,52.0
C000145,2025-11-20,Mid-Market,APAC,Starter,Organic,55,28.2,41,18.0,2,18.4,0.598,1,0,,2025-12-31,88.07000000000001,3,2025-12-22,2025-11-21,29.36,5,37.0,0,9.0,1,65.9
C000146,2025-05-05,Startup,North America,Business,Organic,6,218.92,240,3.0,0,-18.4,0.517,0,1,2025-08-12,2025-12-31,141.83,1,2025-05-27,2025-05-27,141.83,0,0.0,0,218.0,0,51.3
C000147,2022-02-19,SMB,North America,Free,Paid Search,22,0.0,1411,15.0,1,36.8,0.507,0,0,,2025-12-31,266.59,28,2025-08-12,2022-06-01,9.52,1,106.2,0,141.0,0,65.8
C000148,2022-12-01,SMB,North America,Starter,Paid Search,24,25.96,1126,9.0,0,-6.7,0.632,0,0,,2025-12-31,559.01,21,2025-10-06,2023-01-09,26.62,0,0.0,0,86.0,1,61.3
C000149,2025-03-20,SMB,North America,Starter,Paid Search,13,27.09,286,25.0,0,36.9,0.5,0,0,,2025-12-31,296.18,12,2025-10-31,2025-03-21,24.68,0,0.0,0,61.0,1,76.0
C000150,2022-03-25,Startup,APAC,Starter,Referral,1,29.72,1377,21.0,1,-1.5,0.573,0,0,,2025-12-31,858.8,28,2025-11-11,2022-06-04,30.67,1,0.4,0,50.0,1,69.3
C000151,2025-05-08,Startup,APAC,Free,Organic,6,0.0,237,6.0,3,4.8,0.346,1,1,2025-07-31,2025-12-31,33.7,2,2025-06-05,2025-05-14,16.85,3,34.4,0,209.0,0,44.7
C000152,2023-02-07,SMB,North America,Business,Referral,18,228.28,1058,17.0,2,51.7,0.19,0,0,,2025-12-31,5825.54,26,2025-12-10,2023-02-20,224.06,2,52.2,0,21.0,1,58.0
C000153,2025-08-05,Startup,Europe,Free,Organic,3,0.0,148,9.0,1,35.6,0.216,0,1,2025-12-25,2025-12-31,0.0,5,2025-12-04,2025-08-05,0.0,1,12.1,0,27.0,0,51.6
C000154,2023-02-24,SMB,North America,Pro,Referral,16,75.61,1041,12.0,4,-12.1,0.284,0,0,,2025-12-31,1835.71,22,2025-12-02,2023-03-28,83.44,5,16.0,0,29.0,1,47.0
C000155,2023-09-14,SMB,North America,Starter,Organic,13,27.33,839,12.0,2,21.0,0.481,1,0,,2025-12-31,551.2,19,2025-11-24,2024-01-25,29.01,3,43.6,1,37.0,1,57.2
C000156,2024-08-04,Startup,APAC,Pro,Referral,1,68.15,514,22.0,2,41.5,0.279,0,0,,2025-12-31,855.9300000000001,12,2025-09-25,2024-09-26,71.33,4,5.9,1,97.0,1,64.2
C000157,2022-06-30,Mid-Market,APAC,Starter,Partner,48,31.54,1280,8.0,1,19.5,0.284,0,0,,2025-12-31,595.8199999999999,19,2025-12-01,2022-08-04,31.36,3,35.0,0,30.0,1,51.1
C000158,2024-03-07,SMB,APAC,Business,Paid Search,20,194.58,664,0.0,0,26.4,0.058,0,0,,2025-12-31,2051.26,10,2025-12-31,2024-03-13,205.13,0,0.0,0,0.0,1,39.4
C000159,2023-12-24,Enterprise,North America,Enterprise,Organic,341,56358.01,738,5.0,0,41.1,0.281,0,0,,2025-12-31,745345.11,15,2025-11-16,2024-01-03,49689.67,2,30.4,0,45.0,1,52.0
C000160,2025-01-25,Mid-Market,Europe,Starter,Organic,75,28.58,340,23.0,1,36.1,0.403,0,0,,2025-12-31,315.54,10,2025-12-24,2025-04-19,31.55,1,18.0,0,7.0,1,69.7
C000161,2025-11-25,Startup,Europe,Enterprise,Paid Search,6,920.29,36,8.0,0,10.2,0.523,0,0,,2025-12-31,1260.99,1,2025-12-08,2025-12-08,1260.99,0,0.0,0,23.0,1,58.9
C000162,2024-08-07,Mid-Market,LATAM,Starter,Organic,74,25.85,511,1.0,3,35.6,0.426,0,1,2025-11-02,2025-12-31,269.24,10,2025-10-18,2024-08-14,26.92,3,22.0,0,74.0,0,47.7
C000163,2023-08-09,Mid-Market,Europe,Pro,Organic,68,88.27,875,11.0,0,27.8,0.289,0,0,,2025-12-31,1796.69,20,2025-12-26,2023-09-04,89.83,2,32.2,1,5.0,1,56.3
C000164,2023-08-05,Mid-Market,LATAM,Pro,Referral,68,69.98,879,24.0,1,78.1,0.638,0,0,,2025-12-31,1498.81,20,2025-12-28,2023-09-11,74.94,1,44.8,0,3.0,1,81.9
C000165,2023-08-21,SMB,North America,Starter,Organic,11,29.68,863,24.0,2,32.4,0.891,0,0,,2025-12-31,399.43,13,2025-12-04,2023-08-21,30.73,2,70.0,0,27.0,1,83.4
C000166,2025-03-10,Startup,Europe,Starter,Organic,6,33.14,296,26.0,1,38.4,0.617,0,0,,2025-12-31,226.61,6,2025-12-06,2025-05-10,37.77,1,25.9,0,25.0,1,79.1
C000167,2023-04-05,Startup,APAC,Free,Paid Search,5,0.0,1001,19.0,0,41.5,0.63,0,0,,2025-12-31,81.97,21,2025-11-18,2023-04-25,3.9,0,0.0,0,43.0,0,75.0
C000168,2022-08-27,Enterprise,North America,Pro,Paid Search,480,78.46,1222,22.0,2,26.9,0.097,1,0,,2025-12-31,1623.33,24,2025-12-01,2022-09-25,67.64,2,11.6,0,30.0,1,55.2
C000169,2023-04-24,SMB,Europe,Starter,Paid Search,22,31.14,982,21.0,1,17.0,0.607,0,0,,2025-12-31,583.23,21,2025-10-11,2023-06-17,27.77,1,28.1,0,81.0,1,72.2
C000170,2022-02-02,SMB,Europe,Business,Partner,18,184.48,1428,0.0,3,46.5,0.344,0,0,,2025-12-31,5689.7,33,2025-11-12,2022-02-02,172.42,4,59.0,0,49.0,1,45.5
C000171,2022-06-01,SMB,LATAM,Starter,Partner,15,26.61,1309,11.0,2,46.7,0.441,0,1,2025-04-24,2025-12-31,663.37,23,2025-03-04,2022-06-22,28.84,4,5.4,0,302.0,0,59.7
C000172,2022-05-09,SMB,North America,Enterprise,Paid Search,8,1129.1,1332,14.0,0,87.1,0.362,1,0,,2025-12-31,40365.31,36,2025-10-06,2022-06-13,1121.26,1,17.0,0,86.0,1,65.1
C000173,2025-01-08,Mid-Market,LATAM,Free,Paid Search,52,0.0,357,12.0,0,53.6,0.582,0,1,2025-06-02,2025-12-31,26.46,3,2025-05-30,2025-02-20,8.82,2,29.7,0,215.0,0,68.5
C000174,2024-10-29,SMB,Europe,Pro,Organic,9,73.85,428,23.0,0,54.0,0.541,0,0,,2025-12-31,517.3,8,2025-11-21,2025-01-22,64.66,0,0.0,0,40.0,1,77.2
C000175,2024-09-23,SMB,Europe,Starter,Referral,4,30.56,464,27.0,1,52.9,0.608,0,0,,2025-12-31,466.0,14,2025-10-03,2024-09-29,33.29,3,20.8,0,89.0,1,81.1
C000176,2023-10-23,SMB,Europe,Starter,Paid Search,21,25.3,800,15.0,2,17.7,0.093,0,0,,2025-12-31,274.6,11,2025-12-26,2023-10-24,24.96,2,40.6,0,5.0,1,50.0
C000177,2024-10-22,SMB,North America,Free,Referral,23,0.0,435,2.0,2,3.6,0.416,0,1,2025-04-29,2025-12-31,11.79,7,2025-04-26,2024-11-09,1.68,3,20.6,1,249.0,0,46.6
C000178,2022-08-19,Startup,LATAM,Pro,Partner,1,77.28,1230,10.0,0,9.9,0.314,0,0,,2025-12-31,2035.16,26,2025-12-29,2022-09-23,78.28,0,0.0,0,2.0,1,54.3
C000179,2025-07-11,SMB,LATAM,Starter,Partner,9,29.47,173,5.0,2,52.2,0.438,0,0,,2025-12-31,77.14,3,2025-09-22,2025-08-23,25.71,3,23.4,0,100.0,1,54.8
C000180,2023-12-18,Mid-Market,LATAM,Pro,Paid Search,70,74.55,744,13.0,4,70.5,0.49,2,0,,2025-12-31,1076.68,14,2025-12-08,2024-06-09,76.91,5,39.6,0,23.0,1,58.4
C000181,2025-09-03,Startup,LATAM,Enterprise,Sales,6,1004.61,119,6.0,0,53.4,0.382,0,0,,2025-12-31,1441.8899999999999,2,2025-12-10,2025-10-11,720.94,0,0.0,0,21.0,1,57.2
C000182,2022-08-06,Startup,Europe,Starter,Paid Search,1,31.23,1243,2.0,1,30.8,0.233,0,0,,2025-12-31,765.76,23,2025-11-30,2022-09-05,33.29,2,154.8,0,31.0,1,45.4
C000183,2023-12-13,Mid-Market,Europe,Free,Paid Search,31,0.0,749,4.0,1,76.9,0.252,1,1,2025-03-17,2025-12-31,85.89,13,2025-01-12,2024-03-19,6.61,2,44.9,0,353.0,0,50.3
C000184,2024-09-22,SMB,APAC,Free,Sales,11,0.0,465,13.0,1,23.9,0.501,0,0,,2025-12-31,10.45,6,2025-11-26,2024-12-23,1.74,2,23.2,0,35.0,0,62.5
C000185,2023-12-10,Mid-Market,North America,Free,Partner,48,0.0,752,3.0,1,6.3,0.719,0,0,,2025-12-31,36.99,11,2025-11-16,2024-02-19,3.36,3,139.2,0,45.0,0,58.4
C000186,2023-10-01,SMB,APAC,Pro,Paid Search,16,82.54,822,0.0,2,41.3,0.62,0,0,,2025-12-31,1258.1299999999999,14,2025-12-02,2024-02-26,89.87,4,72.1,0,29.0,1,54.7
C000187,2022-08-26,Mid-Market,Europe,Business,Organic,33,200.59,1223,7.0,1,67.3,0.499,0,0,,2025-12-31,4096.79,20,2025-10-20,2022-10-23,204.84,1,66.4,0,72.0,1,61.4
C000188,2023-06-29,SMB,Europe,Starter,Organic,15,25.46,916,18.0,4,13.9,0.691,0,0,,2025-12-31,530.4300000000001,20,2025-12-10,2023-08-25,26.52,5,24.8,0,21.0,1,67.2
C000189,2022-12-08,Mid-Market,North America,Free,Referral,30,0.0,1119,17.0,5,-7.6,0.209,0,0,,2025-12-31,105.11,20,2025-11-14,2023-02-17,5.26,5,69.4,0,47.0,0,48.2
C000190,2023-03-08,SMB,North America,Pro,Organic,9,71.34,1029,10.0,1,35.9,0.043,0,0,,2025-12-31,1169.19,16,2025-11-23,2023-03-11,73.07,2,69.4,0,38.0,1,47.3
C000191,2024-09-04,Startup,North America,Starter,Organic,5,29.09,483,18.0,1,54.3,0.233,1,0,,2025-12-31,291.95,10,2025-12-11,2024-09-06,29.2,1,25.9,0,20.0,1,60.0
C000192,2024-06-20,Mid-Market,Europe,Pro,Organic,26,88.51,559,5.0,2,-39.1,0.181,0,0,,2025-12-31,778.4,9,2025-10-10,2024-09-09,86.49,2,6.4,0,82.0,1,38.0
C000193,2024-05-18,Startup,Europe,Enterprise,Sales,5,792.1,592,20.0,0,59.4,0.655,0,0,,2025-12-31,6971.06,9,2025-10-03,2024-07-02,774.56,0,0.0,0,89.0,1,78.4
C000194,2023-06-02,Startup,North America,Starter,Partner,2,26.47,943,0.0,0,0.8,0.635,0,0,,2025-12-31,324.51,12,2025-12-01,2024-01-22,27.04,0,0.0,0,30.0,1,54.1
C000195,2025-10-04,Startup,North America,Pro,Paid Search,1,79.12,88,3.0,1,53.1,0.489,0,0,,2025-12-31,191.28,2,2025-11-09,2025-11-08,95.64,3,40.6,0,52.0,1,56.2
C000196,2022-05-06,Mid-Market,Europe,Business,Sales,25,189.31,1335,25.0,0,-14.9,0.502,0,0,,2025-12-31,5600.5199999999995,31,2025-11-21,2022-08-16,180.66,0,0.0,0,40.0,1,70.9
C000197,2023-05-05,Startup,North America,Pro,Paid Search,3,89.16,971,13.0,1,-1.9,0.421,0,0,,2025-12-31,1828.9,21,2025-12-07,2023-05-26,87.09,1,6.7,0,24.0,1,57.5
C000198,2022-06-18,Enterprise,APAC,Business,Referral,166,194.59,1292,15.0,0,50.5,0.565,1,0,,2025-12-31,4746.2,25,2025-12-29,2022-07-18,189.85,0,0.0,0,2.0,1,68.4
C000199,2023-04-30,Mid-Market,North America,Business,Referral,76,216.73,976,11.0,0,65.4,0.654,0,0,,2025-12-31,2332.88,11,2025-05-31,2023-06-14,212.08,0,0.0,0,214.0,1,71.0
C000200,2025-10-07,Startup,Europe,Pro,Paid Search,2,78.57,85,18.0,3,34.8,0.47,1,0,,2025-12-31,140.18,2,2025-12-18,2025-11-23,70.09,4,39.3,0,13.0,1,62.2
C000201,2023-06-08,SMB,North America,Pro,Referral,4,72.75,937,20.0,1,94.9,0.339,1,0,,2025-12-31,1674.18,23,2025-11-10,2023-08-31,72.79,1,145.2,0,51.0,1,69.0
C000202,2025-07-23,SMB,Europe,Pro,Sales,21,82.87,161,21.0,1,9.4,0.358,0,1,2025-09-12,2025-12-31,284.82,3,2025-08-26,2025-08-01,94.94,2,48.0,0,127.0,0,63.9
C000203,2023-12-09,Mid-Market,Europe,Pro,Organic,33,67.6,753,6.0,0,9.1,0.301,1,0,,2025-12-31,765.04,11,2025-11-28,2023-12-15,69.55,0,0.0,0,33.0,1,48.3
C000204,2024-09-27,Startup,Europe,Pro,Organic,7,86.5,460,17.0,1,27.4,0.337,0,0,,2025-12-31,784.61,10,2025-12-23,2024-11-22,78.46,2,14.5,0,8.0,1,61.5
C000205,2023-10-17,SMB,Europe,Starter,Referral,8,32.41,806,21.0,2,26.3,0.683,2,0,,2025-12-31,765.34,24,2025-09-26,2023-11-12,31.89,2,9.5,0,96.0,1,69.9
C000206,2023-01-16,SMB,Europe,Business,Paid Search,15,201.84,1080,11.0,1,42.1,0.711,1,0,,2025-12-31,3655.34,19,2025-12-03,2023-02-06,192.39,1,11.8,0,28.0,1,66.9
C000207,2024-12-28,Startup,North America,Starter,Paid Search,1,26.8,368,10.0,1,16.4,0.75,0,0,,2025-12-31,426.99,16,2025-12-23,2025-01-13,26.69,2,39.3,0,8.0,1,66.6
C000208,2025-10-17,Mid-Market,Europe,Starter,Organic,60,26.17,75,17.0,0,49.2,0.56,0,1,2025-12-01,2025-12-31,15.97,1,2025-10-24,2025-10-24,15.97,1,3.9,0,68.0,0,71.9
C000209,2023-01-12,Mid-Market,North America,Starter,Referral,44,30.93,1084,16.0,1,48.6,0.282,0,0,,2025-12-31,820.87,26,2025-09-18,2023-01-12,31.57,1,20.8,0,104.0,1,61.1
C000210,2025-01-18,SMB,Europe,Starter,Referral,7,26.52,347,7.0,0,75.3,0.229,0,0,,2025-12-31,105.67,5,2025-12-20,2025-04-05,21.13,0,0.0,0,11.0,1,55.6
C000211,2023-01-09,Startup,Europe,Pro,Sales,3,79.26,1087,26.0,2,22.7,0.368,1,0,,2025-12-31,1441.31,17,2025-09-02,2023-03-25,84.78,3,27.7,0,120.0,1,66.5
C000212,2024-10-22,Mid-Market,APAC,Starter,Paid Search,75,32.16,435,15.0,2,43.4,0.397,0,0,,2025-12-31,354.67,10,2025-12-17,2024-10-31,35.47,2,9.2,0,14.0,1,61.6
C000213,2025-02-02,Mid-Market,Europe,Pro,Sales,27,85.26,332,15.0,1,50.1,0.69,0,0,,2025-12-31,281.89,3,2025-08-28,2025-02-19,93.96,1,55.0,0,125.0,1,72.6
C000214,2023-10-05,Mid-Market,North America,Pro,Paid Search,61,67.5,818,5.0,1,34.8,0.471,0,0,,2025-12-31,755.04,11,2025-12-10,2024-03-30,68.64,2,30.0,0,21.0,1,55.6
C000215,2024-11-19,Startup,North America,Starter,Partner,4,30.77,407,18.0,0,29.7,0.311,0,0,,2025-12-31,191.82,6,2025-10-26,2025-06-01,31.97,1,20.9,0,66.0,1,63.4
C000216,2023-01-25,Mid-Market,North America,Starter,Partner,55,24.75,1071,25.0,2,-16.6,0.683,0,0,,2025-12-31,638.53,26,2025-08-15,2023-06-26,24.56,3,42.1,0,138.0,1,73.2
C000217,2022-04-24,SMB,Europe,Pro,Paid Search,23,74.83,1347,20.0,3,37.1,0.218,0,0,,2025-12-31,2268.9,31,2025-12-29,2022-07-10,73.19,3,20.4,0,2.0,1,58.6
C000218,2022-05-18,Startup,APAC,Business,Partner,2,191.5,1323,14.0,0,49.9,0.699,0,0,,2025-12-31,4414.59,24,2025-12-27,2022-05-30,183.94,2,30.9,0,4.0,1,73.5
C000219,2023-10-02,Enterprise,APAC,Starter,Organic,88,28.76,821,17.0,1,33.6,0.363,1,0,,2025-12-31,404.66,14,2025-12-18,2024-03-10,28.9,2,60.4,0,13.0,1,60.9
C000220,2025-07-14,SMB,Europe,Starter,Paid Search,14,30.35,170,6.0,1,15.4,0.797,0,0,,2025-12-31,49.47,2,2025-09-05,2025-07-27,24.74,2,7.4,1,117.0,1,64.3
C000221,2022-07-02,SMB,North America,Starter,Referral,9,33.27,1278,1.0,0,-7.0,0.222,2,0,,2025-12-31,882.34,26,2025-10-18,2022-07-12,33.94,0,0.0,0,74.0,1,37.9
C000222,2023-10-14,Startup,APAC,Free,Organic,3,0.0,809,17.0,1,46.3,0.302,0,0,,2025-12-31,131.49,18,2025-09-01,2024-02-01,7.31,1,18.5,0,121.0,0,62.4
C000223,2024-10-03,Mid-Market,North America,Free,Referral,35,0.0,454,5.0,0,35.8,0.483,0,0,,2025-12-31,15.93,11,2025-12-16,2024-12-19,1.45,0,0.0,0,15.0,0,57.5
C000224,2022-10-17,SMB,North America,Enterprise,Paid Search,22,3179.72,1171,2.0,0,69.7,0.672,0,0,,2025-12-31,45223.81,15,2025-12-03,2023-01-18,3014.92,0,0.0,0,28.0,1,63.9
C000225,2024-10-28,Mid-Market,APAC,Free,Organic,65,0.0,429,21.0,0,-1.2,0.269,0,0,,2025-12-31,28.990000000000002,5,2025-12-26,2025-03-20,5.8,1,95.5,0,5.0,0,61.7
C000226,2023-03-14,SMB,North America,Free,Partner,5,0.0,1023,12.0,0,23.2,0.143,0,1,2024-03-31,2025-12-31,68.08,7,2024-03-24,2023-04-14,9.73,0,0.0,0,647.0,0,52.3
C000227,2025-03-02,SMB,North America,Business,Organic,21,173.43,304,23.0,0,2.0,0.479,0,0,,2025-12-31,582.04,3,2025-10-12,2025-06-22,194.01,0,0.0,0,80.0,1,70.1
C000228,2024-04-08,Mid-Market,North America,Pro,Sales,79,67.62,632,24.0,1,60.6,0.131,0,0,,2025-12-31,465.51,7,2025-12-24,2024-06-17,66.5,1,29.3,0,7.0,1,64.9
C000229,2024-02-22,Mid-Market,Europe,Starter,Sales,56,27.79,678,3.0,1,66.0,0.188,0,0,,2025-12-31,443.44,15,2025-12-01,2024-05-25,29.56,3,23.8,0,30.0,1,48.4
C000230,2022-09-10,Startup,North America,Pro,Paid Search,1,77.57,1208,21.0,3,83.1,0.667,1,0,,2025-12-31,2599.58,34,2025-12-29,2022-09-28,76.46,3,5.6,0,2.0,1,75.6
C000231,2023-10-25,Enterprise,Europe,Enterprise,Paid Search,458,71252.23,798,9.0,0,48.0,0.705,0,0,,2025-12-31,1023409.7,15,2025-10-24,2023-11-18,68227.31,0,0.0,0,68.0,1,69.0
C000232,2025-05-09,Mid-Market,Europe,Free,Organic,76,0.0,236,19.0,0,54.7,0.224,0,1,2025-11-11,2025-12-31,36.980000000000004,4,2025-10-16,2025-06-10,9.25,0,0.0,0,76.0,0,64.2
C000233,2022-01-28,SMB,North America,Starter,Referral,18,31.04,1433,1.0,0,45.9,0.222,0,0,,2025-12-31,1041.33,33,2025-12-23,2022-02-04,31.56,0,0.0,0,8.0,1,47.1
C000234,2024-12-20,Mid-Market,North America,Business,Organic,62,207.52,376,13.0,5,49.3,0.262,0,0,,2025-12-31,1875.79,9,2025-11-23,2025-01-10,208.42,5,36.6,0,38.0,1,51.9
C000235,2023-12-06,Mid-Market,APAC,Business,Sales,79,213.22,756,17.0,2,36.2,0.759,0,0,,2025-12-31,4071.88,19,2025-12-30,2024-01-05,214.31,2,23.7,0,1.0,1,73.6
C000236,2024-10-25,SMB,North America,Enterprise,Sales,5,803.79,432,12.0,3,50.5,0.536,2,0,,2025-12-31,9169.89,11,2025-12-10,2024-10-25,833.63,4,17.5,0,21.0,1,58.3
C000237,2024-08-06,Mid-Market,APAC,Starter,Organic,38,28.49,512,15.0,2,88.5,0.332,0,0,,2025-12-31,231.95,8,2025-11-23,2024-09-08,28.99,3,53.0,0,38.0,1,64.2
C000238,2023-09-10,SMB,Europe,Enterprise,Partner,16,2273.69,843,0.0,1,40.5,0.7,1,0,,2025-12-31,53736.24,23,2025-11-11,2023-09-25,2336.36,1,50.7,0,50.0,1,56.6
C000239,2023-03-18,SMB,North America,Starter,Paid Search,22,33.23,1019,0.0,1,35.6,0.65,1,0,,2025-12-31,516.79,15,2025-11-04,2023-04-11,34.45,1,114.8,0,57.0,1,54.6
C000240,2024-06-16,SMB,Europe,Pro,Paid Search,14,82.71,563,16.0,1,40.0,0.288,0,0,,2025-12-31,1038.53,13,2025-11-10,2024-07-05,79.89,1,32.8,0,51.0,1,60.4
C000241,2022-07-20,Enterprise,Europe,Business,Organic,335,182.89,1260,11.0,0,31.3,0.879,0,0,,2025-12-31,4726.85,26,2025-12-05,2022-09-29,181.8,0,0.0,0,26.0,1,74.3
C000242,2024-04-15,Startup,Europe,Starter,Referral,2,30.63,625,16.0,0,41.2,0.26,0,0,,2025-12-31,364.15999999999997,13,2025-09-25,2024-07-28,28.01,0,0.0,0,97.0,1,61.2
C000243,2022-05-16,Mid-Market,APAC,Starter,Organic,20,29.33,1325,10.0,2,30.4,0.422,0,0,,2025-12-31,1025.02,34,2025-10-16,2022-07-11,30.15,3,100.1,0,76.0,1,56.6
C000244,2024-07-18,SMB,LATAM,Pro,Sales,24,76.72,531,0.0,0,63.6,0.379,0,0,,2025-12-31,1046.92,13,2025-09-21,2024-07-18,80.53,0,0.0,0,101.0,1,52.7
C000245,2024-06-18,Mid-Market,APAC,Business,Paid Search,19,205.87,561,19.0,0,61.1,0.671,0,0,,2025-12-31,3440.79,16,2025-10-24,2024-07-24,215.05,0,0.0,0,68.0,1,78.2
C000246,2022-05-01,SMB,Europe,Free,Partner,20,0.0,1340,3.0,2,89.1,0.28,0,0,,2025-12-31,226.23000000000002,36,2025-12-16,2022-07-15,6.28,2,92.7,0,15.0,0,52.0
C000247,2024-12-19,Mid-Market,Europe,Business,Sales,64,227.16,377,21.0,0,34.4,0.744,0,0,,2025-12-31,1278.36,6,2025-11-03,2025-01-09,213.06,0,0.0,0,58.0,1,79.5
C000248,2023-08-18,Mid-Market,Europe,Starter,Referral,21,28.46,866,0.0,0,42.2,0.068,0,0,,2025-12-31,456.91,15,2025-12-31,2023-12-25,30.46,1,14.5,0,0.0,1,41.3
C000249,2025-01-30,SMB,North America,Starter,Paid Search,18,29.62,335,26.0,0,41.2,0.481,0,0,,2025-12-31,449.68,15,2025-12-13,2025-02-07,29.98,0,0.0,0,18.0,1,76.8
C000250,2022-03-01,Enterprise,APAC,Starter,Paid Search,251,25.54,1401,7.0,0,40.0,0.581,0,0,,2025-12-31,940.6,37,2025-12-29,2022-03-25,25.42,0,0.0,0,2.0,1,62.7
C000251,2022-09-14,Mid-Market,APAC,Enterprise,Paid Search,43,7653.77,1204,24.0,1,63.2,0.548,1,0,,2025-12-31,161051.02000000002,22,2025-10-10,2022-12-05,7320.5,1,38.4,0,82.0,1,75.7
C000252,2023-12-08,SMB,North America,Free,Paid Search,19,0.0,754,0.0,1,-5.6,0.304,0,1,2024-09-05,2025-12-31,21.97,5,2024-07-01,2023-12-24,4.39,1,8.5,0,548.0,0,42.1
C000253,2022-09-27,Startup,LATAM,Pro,Sales,3,69.51,1191,12.0,1,46.5,0.244,0,1,2023-08-23,2025-12-31,488.61,7,2023-07-14,2022-11-05,69.8,2,10.7,0,901.0,0,56.2
C000254,2023-04-17,Enterprise,APAC,Free,Organic,464,0.0,989,11.0,1,84.9,0.35,0,0,,2025-12-31,77.71000000000001,20,2025-12-31,2023-04-30,3.89,1,57.0,0,0.0,0,62.3
C000255,2024-08-02,Startup,Europe,Enterprise,Paid Search,4,593.32,516,4.0,1,69.1,0.611,1,0,,2025-12-31,4080.24,7,2025-05-18,2024-08-02,582.89,1,0.0,0,227.0,1,60.3
C000256,2022-07-26,SMB,LATAM,Business,Referral,24,198.05,1254,13.0,0,66.2,0.458,0,0,,2025-12-31,4006.2,21,2025-12-22,2022-08-27,190.77,1,41.4,0,9.0,1,67.0
C000257,2024-08-27,Startup,North America,Starter,Paid Search,6,28.27,491,6.0,0,56.1,0.563,0,0,,2025-12-31,193.75,7,2025-12-17,2024-11-21,27.68,0,0.0,0,14.0,1,62.9
C000258,2022-05-28,SMB,North America,Starter,Sales,17,31.41,1313,12.0,1,20.1,0.361,0,0,,2025-12-31,628.16,21,2025-11-27,2022-06-22,29.91,1,0.0,0,34.0,1,57.1
C000259,2022-09-08,SMB,North America,Starter,Organic,19,29.59,1210,10.0,1,16.3,0.355,0,1,2025-04-09,2025-12-31,547.66,20,2025-03-12,2022-10-13,27.38,2,28.4,0,294.0,0,54.7
C000260,2024-04-20,SMB,Europe,Starter,Organic,6,28.49,620,5.0,1,16.4,0.198,0,0,,2025-12-31,472.85,16,2025-10-17,2024-05-09,29.55,2,88.2,0,75.0,1,45.5
C000261,2025-02-08,SMB,North America,Business,Partner,21,179.54,326,22.0,0,6.5,0.737,0,0,,2025-12-31,1324.81,8,2025-12-07,2025-04-17,165.6,0,0.0,0,24.0,1,77.4
C000262,2022-09-01,Startup,LATAM,Pro,Paid Search,5,89.56,1217,14.0,1,58.7,0.718,2,0,,2025-12-31,2243.64,26,2025-12-19,2022-09-13,86.29,1,4.7,0,12.0,1,69.4
C000263,2023-03-05,Enterprise,North America,Starter,Sales,438,27.29,1032,23.0,1,71.7,0.867,0,0,,2025-12-31,469.46000000000004,16,2025-10-28,2023-03-18,29.34,1,13.4,0,64.0,1,87.2
C000264,2025-08-15,Mid-Market,North America,Pro,Paid Search,52,68.62,138,22.0,2,45.9,0.678,0,1,2025-11-20,2025-12-31,64.12,1,2025-08-30,2025-08-30,64.12,2,71.9,0,123.0,0,76.6
C000265,2025-11-16,Enterprise,Europe,Pro,Organic,411,74.18,45,7.0,0,55.1,0.332,0,0,,2025-12-31,59.07,1,2025-12-19,2025-12-19,59.07,0,0.0,0,12.0,1,56.7
C000266,2024-04-10,Startup,North America,Free,Paid Search,1,0.0,630,8.0,1,42.3,0.5,1,0,,2025-12-31,23.650000000000002,14,2025-09-15,2024-06-10,1.69,1,43.2,0,107.0,0,57.9
C000267,2023-10-02,SMB,APAC,Free,Paid Search,22,0.0,821,26.0,1,49.2,0.384,0,0,,2025-12-31,121.91,19,2025-12-09,2023-11-20,6.42,1,22.4,0,22.0,0,73.2
C000268,2023-05-12,SMB,North America,Starter,Partner,3,31.76,964,8.0,1,-17.9,0.639,0,0,,2025-12-31,667.47,21,2025-10-09,2023-07-08,31.78,2,47.3,0,83.0,1,58.0
C000269,2024-05-25,Startup,LATAM,Pro,Organic,7,76.11,585,2.0,0,42.9,0.227,0,0,,2025-12-31,919.66,13,2025-11-14,2024-06-08,70.74,1,17.7,0,47.0,1,47.9
C000270,2024-04-25,Startup,APAC,Free,Partner,7,0.0,615,15.0,0,24.4,0.859,1,0,,2025-12-31,62.97,16,2025-12-22,2024-06-14,3.94,0,0.0,0,9.0,0,74.6
C000271,2023-02-26,Mid-Market,North America,Pro,Sales,65,86.0,1039,27.0,0,34.0,0.734,1,0,,2025-12-31,1522.96,18,2025-12-21,2023-04-06,84.61,0,0.0,0,10.0,1,82.5
C000272,2022-02-02,SMB,North America,Starter,Paid Search,12,29.08,1428,6.0,0,40.6,0.492,0,0,,2025-12-31,937.52,30,2025-11-16,2022-03-31,31.25,0,0.0,0,45.0,1,59.2
C000273,2022-08-05,Startup,North America,Pro,Partner,1,84.33,1244,17.0,1,17.1,0.484,0,0,,2025-12-31,2513.09,29,2025-10-16,2022-10-12,86.66,1,41.5,0,76.0,1,64.9
C000274,2025-10-02,Enterprise,LATAM,Free,Organic,426,0.0,90,9.0,0,8.1,0.382,0,0,,2025-12-31,0.0,1,2025-12-31,2025-12-31,0.0,0,0.0,0,0.0,0,55.3
C000275,2023-08-21,SMB,APAC,Pro,Referral,3,75.32,863,10.0,2,16.4,0.529,0,0,,2025-12-31,1405.26,18,2025-12-05,2023-10-20,78.07,2,57.2,0,26.0,1,58.4
C000276,2023-11-21,Mid-Market,Europe,Free,Organic,39,0.0,771,12.0,4,-1.2,0.555,0,1,2024-06-05,2025-12-31,18.37,4,2024-04-30,2024-02-07,4.59,5,81.6,0,610.0,0,56.2
C000277,2023-10-30,SMB,North America,Starter,Partner,8,33.16,793,4.0,0,6.1,0.342,0,0,,2025-12-31,669.59,20,2025-12-29,2023-11-16,33.48,1,40.4,0,2.0,1,49.4
C000278,2025-01-24,SMB,APAC,Free,Paid Search,12,0.0,341,10.0,1,9.6,0.236,0,1,2025-10-05,2025-12-31,20.990000000000002,7,2025-07-10,2025-03-01,3.0,1,0.0,0,174.0,0,50.5
C000279,2022-04-03,Mid-Market,North America,Pro,Organic,60,88.15,1368,7.0,2,-0.9,0.399,0,0,,2025-12-31,2233.55,26,2025-10-26,2022-04-29,85.91,2,0.0,0,66.0,1,50.1
C000280,2022-04-29,Mid-Market,APAC,Business,Paid Search,64,206.5,1342,22.0,2,48.2,0.501,0,0,,2025-12-31,4029.1,18,2025-12-12,2022-07-20,223.84,3,32.5,0,19.0,1,71.5
C000281,2023-01-30,Enterprise,APAC,Free,Organic,354,0.0,1066,6.0,2,12.5,0.387,1,1,2024-05-19,2025-12-31,19.47,6,2024-04-21,2023-07-08,3.24,2,28.9,0,619.0,0,48.2
C000282,2023-11-27,Enterprise,North America,Business,Sales,487,184.06,765,23.0,1,-11.6,0.425,0,0,,2025-12-31,3013.25,17,2025-12-14,2024-01-21,177.25,2,112.2,0,17.0,1,65.6
C000283,2024-08-17,SMB,Europe,Pro,Organic,4,76.19,501,0.0,0,25.0,0.327,0,0,,2025-12-31,989.21,14,2025-12-29,2024-09-15,70.66,1,91.9,0,2.0,1,47.3
C000284,2023-12-03,Mid-Market,North America,Pro,Sales,35,69.75,759,11.0,4,7.2,0.161,0,0,,2025-12-31,1035.3799999999999,15,2025-12-21,2023-12-17,69.03,5,57.2,0,10.0,1,44.4
C000285,2023-09-23,Mid-Market,North America,Pro,Paid Search,74,68.39,830,7.0,0,71.5,0.279,0,0,,2025-12-31,1208.72,18,2025-12-17,2023-10-15,67.15,0,0.0,0,14.0,1,56.8
C000286,2025-09-03,SMB,LATAM,Starter,Organic,21,28.69,119,12.0,2,38.3,0.335,0,0,,2025-12-31,106.02000000000001,4,2025-11-23,2025-09-18,26.51,2,29.5,0,38.0,1,56.6
C000287,2022-08-19,SMB,APAC,Pro,Paid Search,17,69.27,1230,21.0,3,-1.8,0.504,1,0,,2025-12-31,1590.58,23,2025-11-19,2022-09-27,69.16,3,16.8,0,42.0,1,62.2
C000288,2024-03-28,SMB,APAC,Business,Organic,12,205.12,643,26.0,2,49.2,0.305,1,0,,2025-12-31,1761.46,9,2025-12-16,2024-07-12,195.72,2,55.7,0,15.0,1,67.3
C000289,2024-02-15,Startup,Europe,Business,Referral,6,202.81,685,20.0,4,37.1,0.379,0,0,,2025-12-31,1826.24,9,2025-12-21,2024-05-21,202.92,4,46.7,0,10.0,1,61.9
C000290,2023-11-09,Mid-Market,North America,Starter,Organic,28,32.87,783,14.0,2,29.0,0.681,0,0,,2025-12-31,747.82,21,2025-10-16,2024-03-05,35.61,2,9.6,0,76.0,1,67.8
C000291,2025-02-28,Startup,APAC,Pro,Referral,2,88.75,306,14.0,0,74.4,0.719,0,0,,2025-12-31,478.02,5,2025-10-28,2025-05-23,95.6,0,0.0,0,64.0,1,76.5
C000292,2023-01-17,Enterprise,Europe,Free,Organic,183,0.0,1079,27.0,1,10.6,0.646,0,0,,2025-12-31,146.82,18,2025-12-21,2023-02-11,8.16,2,36.1,0,10.0,0,78.0
C000293,2025-09-25,SMB,North America,Pro,Organic,19,89.05,97,27.0,0,60.9,0.378,0,0,,2025-12-31,98.51,1,2025-12-29,2025-12-29,98.51,0,0.0,0,2.0,1,76.5
C000294,2023-04-20,Startup,Europe,Free,Organic,1,0.0,986,21.0,1,24.8,0.23,1,0,,2025-12-31,97.85,22,2025-12-17,2023-05-06,4.45,1,45.3,0,14.0,0,59.6
C000295,2024-02-19,Startup,Europe,Starter,Partner,4,31.03,681,4.0,2,34.5,0.577,0,0,,2025-12-31,273.85,9,2025-10-16,2024-03-14,30.43,2,4.4,0,76.0,1,56.3
C000296,2024-01-15,SMB,APAC,Pro,Paid Search,4,80.91,716,7.0,1,16.3,0.136,1,1,2025-12-29,2025-12-31,1262.43,16,2025-11-04,2024-03-02,78.9,1,9.3,0,57.0,0,43.5
C000297,2025-04-30,SMB,North America,Business,Sales,21,190.34,245,7.0,2,17.8,0.707,0,0,,2025-12-31,942.7,5,2025-10-23,2025-05-26,188.54,2,21.6,0,69.0,1,61.2
C000298,2023-09-20,Mid-Market,APAC,Free,Paid Search,64,0.0,833,6.0,3,24.1,0.427,1,1,2024-12-22,2025-12-31,11.57,8,2024-09-04,2023-11-03,1.45,3,39.6,0,483.0,0,49.1
C000299,2023-02-11,SMB,North America,Pro,Organic,16,75.53,1054,27.0,0,-12.5,0.692,0,0,,2025-12-31,2041.09,27,2025-11-23,2023-07-30,75.6,1,12.8,0,38.0,1,78.6
C000300,2022-01-31,SMB,North America,Pro,Referral,17,79.72,1430,4.0,1,43.7,0.201,0,0,,2025-12-31,2324.82,31,2025-12-07,2022-03-01,74.99,1,38.2,0,24.0,1,47.5
C000301,2023-06-05,Startup,North America,Enterprise,Partner,1,168.68,940,23.0,1,37.9,0.44,0,0,,2025-12-31,1945.44,13,2025-12-06,2023-07-28,149.65,1,8.1,0,25.0,1,71.0
C000302,2025-03-27,SMB,APAC,Pro,Referral,6,73.5,279,22.0,1,-2.4,0.609,0,0,,2025-12-31,607.96,8,2025-11-10,2025-05-01,76.0,1,34.0,0,51.0,1,71.2
C000303,2022-01-15,Enterprise,North America,Free,Paid Search,284,0.0,1446,14.0,2,51.5,0.218,0,0,,2025-12-31,113.82,26,2025-12-04,2022-06-06,4.38,2,19.4,0,27.0,0,56.2
C000304,2025-07-05,SMB,Europe,Free,Referral,9,0.0,179,8.0,1,71.4,0.58,1,1,2025-09-11,2025-12-31,0.0,5,2025-09-04,2025-07-08,0.0,1,24.4,0,118.0,0,63.2
C000305,2024-02-16,Enterprise,North America,Pro,Organic,219,71.55,684,7.0,2,18.4,0.2,2,0,,2025-12-31,978.75,13,2025-11-24,2024-03-25,75.29,2,43.4,0,37.0,1,42.1
C000306,2022-07-20,Mid-Market,APAC,Starter,Sales,31,26.5,1260,18.0,0,15.4,0.509,0,0,,2025-12-31,763.04,29,2025-12-23,2022-08-21,26.31,2,79.4,0,8.0,1,67.9
C000307,2023-03-09,Mid-Market,APAC,Enterprise,Organic,45,6543.8,1028,18.0,2,62.8,0.117,0,0,,2025-12-31,125281.75,19,2025-11-27,2024-01-03,6593.78,2,29.2,0,34.0,1,57.9
C000308,2024-03-03,SMB,North America,Enterprise,Referral,5,858.3,668,15.0,1,45.1,0.573,1,0,,2025-12-31,7895.4400000000005,9,2025-12-02,2024-06-01,877.27,1,64.7,0,29.0,1,66.6
C000309,2023-03-28,Mid-Market,LATAM,Enterprise,Organic,33,4980.09,1009,15.0,1,31.6,0.576,0,0,,2025-12-31,103934.0,20,2025-06-17,2023-03-30,5196.7,2,67.4,0,197.0,1,67.3
C000310,2022-06-05,Mid-Market,North America,Starter,Referral,52,31.09,1305,23.0,4,55.4,0.273,0,0,,2025-12-31,1029.04,33,2025-11-08,2022-07-24,31.18,5,27.8,0,53.0,1,63.3
C000311,2024-08-10,Enterprise,North America,Pro,Referral,455,80.6,508,21.0,3,41.9,0.378,0,1,2024-12-25,2025-12-31,355.2,4,2024-12-19,2024-09-12,88.8,5,36.8,0,377.0,0,64.8
C000312,2024-08-19,Startup,Europe,Pro,Referral,1,79.17,499,21.0,0,70.7,0.304,0,0,,2025-12-31,726.54,10,2025-12-22,2024-10-01,72.65,0,0.0,0,9.0,1,69.9
C000313,2022-06-19,SMB,APAC,Free,Paid Search,15,0.0,1291,7.0,1,34.6,0.461,0,0,,2025-12-31,41.61,19,2025-12-20,2022-06-26,2.19,2,39.0,0,11.0,0,57.0
C000314,2023-02-07,Enterprise,North America,Starter,Paid Search,380,29.68,1058,1.0,1,45.7,0.244,0,0,,2025-12-31,851.07,28,2025-12-29,2023-03-11,30.4,1,39.8,0,2.0,1,46.3
C000315,2022-12-15,Enterprise,Europe,Starter,Referral,495,26.71,1112,12.0,3,62.5,0.603,0,0,,2025-12-31,480.18,18,2025-11-25,2022-12-22,26.68,4,18.6,0,36.0,1,65.6
C000316,2024-07-31,SMB,North America,Starter,Partner,17,33.21,518,9.0,1,-26.2,0.494,0,1,2025-01-20,2025-12-31,137.41,5,2025-01-13,2024-09-23,27.48,1,0.0,0,352.0,0,53.7
C000317,2024-11-10,Mid-Market,Europe,Enterprise,Partner,51,7685.85,416,9.0,0,63.4,0.679,0,0,,2025-12-31,32138.16,5,2025-10-14,2024-12-29,6427.63,0,0.0,0,78.0,1,69.7
C000318,2024-11-05,SMB,Europe,Business,Organic,24,197.44,421,14.0,1,22.4,0.241,0,0,,2025-12-31,1312.4,7,2025-11-20,2025-01-03,187.49,1,17.2,0,41.0,1,55.5
C000319,2025-09-04,SMB,LATAM,Starter,Paid Search,4,27.93,118,25.0,0,47.5,0.609,0,0,,2025-12-31,134.09,5,2025-12-27,2025-09-07,26.82,1,36.7,0,4.0,1,80.3
C000320,2025-01-04,Startup,Europe,Pro,Paid Search,3,84.67,361,22.0,3,76.6,0.41,0,0,,2025-12-31,1166.61,13,2025-12-04,2025-03-27,89.74,3,37.3,1,27.0,1,70.1
C000321,2023-04-04,Mid-Market,Europe,Starter,Partner,30,28.69,1002,18.0,2,27.4,0.564,0,0,,2025-12-31,421.82,14,2025-10-24,2023-04-20,30.13,3,10.5,1,68.0,1,67.7
C000322,2022-06-04,SMB,Europe,Starter,Organic,10,27.7,1306,19.0,2,23.6,0.859,1,0,,2025-12-31,844.84,29,2025-11-21,2022-08-06,29.13,3,35.2,0,40.0,1,75.1
C000323,2024-05-28,Enterprise,North America,Free,Paid Search,256,0.0,582,11.0,0,33.6,0.616,1,0,,2025-12-31,42.17,7,2025-11-15,2024-06-22,6.02,1,56.4,0,46.0,0,64.7
C000324,2025-08-02,Startup,North America,Pro,Referral,4,78.82,151,15.0,4,-1.3,0.125,1,0,,2025-12-31,193.0,2,2025-12-17,2025-10-18,96.5,4,43.0,0,14.0,1,44.0
C000325,2025-10-26,Startup,LATAM,Pro,Paid Search,1,67.57,66,12.0,0,90.0,0.069,1,0,,2025-12-31,72.37,1,2025-10-26,2025-10-26,72.37,1,29.4,0,66.0,1,54.8
C000326,2022-11-26,SMB,North America,Business,Sales,23,207.65,1131,22.0,1,33.9,0.496,1,0,,2025-12-31,4687.5,25,2025-12-01,2023-01-07,187.5,2,18.1,0,30.0,1,69.4
C000327,2022-12-05,SMB,APAC,Business,Organic,10,178.65,1122,27.0,0,76.1,0.317,0,0,,2025-12-31,4939.78,28,2025-12-08,2022-12-28,176.42,0,0.0,0,23.0,1,76.2
C000328,2022-02-23,Mid-Market,North America,Starter,Paid Search,64,33.01,1407,12.0,1,26.7,0.17,0,0,,2025-12-31,769.2,24,2025-10-23,2022-02-27,32.05,2,29.7,0,69.0,1,52.0
C000329,2022-07-22,Startup,APAC,Business,Paid Search,5,213.59,1258,20.0,0,35.9,0.711,0,0,,2025-12-31,5400.07,23,2025-12-11,2022-08-10,234.79,0,0.0,0,20.0,1,77.8
C000330,2024-03-04,SMB,North America,Free,Paid Search,12,0.0,667,1.0,1,58.6,0.464,1,0,,2025-12-31,19.09,13,2025-12-28,2024-03-17,1.47,4,104.8,0,3.0,0,52.2
C000331,2024-02-21,Mid-Market,LATAM,Starter,Partner,69,25.17,679,11.0,1,7.4,0.361,1,0,,2025-12-31,432.34000000000003,17,2025-11-30,2024-04-19,25.43,2,42.5,0,31.0,1,52.9
C000332,2023-06-15,SMB,APAC,Pro,Organic,15,74.92,930,24.0,1,32.4,0.313,1,0,,2025-12-31,886.4200000000001,13,2025-10-29,2023-10-28,68.19,1,28.2,0,63.0,1,65.6
C000333,2023-03-20,SMB,North America,Free,Paid Search,7,0.0,1017,19.0,1,57.7,0.191,0,0,,2025-12-31,82.32,15,2025-06-07,2023-04-02,5.49,2,61.2,0,207.0,0,62.0
C000334,2025-04-01,Startup,APAC,Starter,Organic,6,32.47,274,14.0,1,29.7,0.415,2,0,,2025-12-31,65.23,2,2025-10-21,2025-04-05,32.62,1,19.9,0,71.0,1,57.4
C000335,2023-10-20,SMB,Europe,Starter,Partner,13,31.15,803,5.0,0,22.9,0.402,0,0,,2025-12-31,694.75,22,2025-12-01,2023-11-28,31.58,0,0.0,0,30.0,1,53.8
C000336,2025-03-01,SMB,North America,Free,Referral,5,0.0,305,22.0,1,62.9,0.665,0,0,,2025-12-31,42.379999999999995,5,2025-07-03,2025-05-05,8.48,3,36.3,0,181.0,0,79.4
C000337,2025-10-09,SMB,North America,Enterprise,Organic,24,3409.89,83,27.0,3,70.0,0.53,0,0,,2025-12-31,2632.69,1,2025-10-18,2025-10-18,2632.69,4,12.7,1,74.0,1,77.5
C000338,2023-03-30,Mid-Market,APAC,Starter,Paid Search,40,26.65,1007,10.0,0,74.0,0.65,0,0,,2025-12-31,635.21,25,2025-12-11,2023-06-06,25.41,1,25.0,0,20.0,1,70.8
C000339,2022-10-17,Mid-Market,APAC,Pro,Paid Search,77,85.88,1171,22.0,0,18.1,0.398,0,0,,2025-12-31,2040.07,25,2025-12-12,2022-10-20,81.6,2,45.4,0,19.0,1,68.4
C000340,2025-09-24,Enterprise,North America,Enterprise,Referral,135,20772.86,98,16.0,3,20.5,0.433,0,0,,2025-12-31,104748.49,5,2025-12-29,2025-11-07,20949.7,3,27.0,1,2.0,1,59.8
C000341,2024-06-26,SMB,APAC,Pro,Organic,15,87.49,553,11.0,1,23.2,0.322,0,0,,2025-12-31,1034.34,13,2025-11-25,2024-07-11,79.56,1,7.2,0,36.0,1,55.3
C000342,2023-02-21,SMB,North America,Starter,Paid Search,22,25.0,1044,9.0,0,53.0,0.232,1,0,,2025-12-31,490.44,20,2025-12-17,2023-04-15,24.52,0,0.0,0,14.0,1,53.3
C000343,2024-06-08,SMB,North America,Enterprise,Referral,6,992.45,571,14.0,0,5.1,0.173,2,1,2025-02-13,2025-12-31,11986.14,11,2025-02-05,2024-06-18,1089.65,0,0.0,0,329.0,0,49.2
C000344,2024-01-07,Mid-Market,Europe,Starter,Paid Search,15,29.08,724,11.0,2,6.5,0.558,2,1,2025-01-27,2025-12-31,272.81,10,2025-01-20,2024-02-29,27.28,3,12.2,0,345.0,0,55.2
C000345,2025-07-18,Mid-Market,North America,Starter,Referral,33,31.65,166,17.0,1,17.1,0.556,0,0,,2025-12-31,62.21,2,2025-10-18,2025-08-31,31.1,1,23.5,0,74.0,1,67.1
C000346,2023-01-02,SMB,North America,Pro,Paid Search,9,71.17,1094,4.0,0,11.5,0.632,0,0,,2025-12-31,1560.87,20,2025-09-06,2023-04-18,78.04,0,0.0,0,116.0,1,58.7
C000347,2025-11-18,Mid-Market,Europe,Starter,Sales,77,26.37,43,13.0,0,57.1,0.377,0,0,,2025-12-31,73.43,3,2025-12-25,2025-11-20,24.48,0,0.0,0,6.0,1,63.6
C000348,2025-08-31,Enterprise,North America,Business,Organic,99,198.56,122,20.0,0,55.4,0.549,1,0,,2025-12-31,362.11,2,2025-11-18,2025-11-11,181.06,0,0.0,0,43.0,1,72.9
C000349,2022-09-16,SMB,North America,Free,Organic,12,0.0,1202,23.0,1,23.0,0.645,0,0,,2025-12-31,107.52,20,2025-05-14,2022-11-05,5.38,1,28.2,0,231.0,0,75.7
C000350,2022-08-24,Mid-Market,APAC,Pro,Paid Search,74,71.0,1225,7.0,3,30.2,0.264,1,0,,2025-12-31,2585.15,35,2025-12-28,2022-09-21,73.86,4,18.2,0,3.0,1,45.7
C000351,2024-02-02,Mid-Market,Europe,Pro,Paid Search,52,88.63,698,16.0,1,-28.5,0.621,0,0,,2025-12-31,773.54,9,2025-12-22,2024-04-01,85.95,3,17.4,0,9.0,1,63.6
C000352,2022-03-06,SMB,APAC,Enterprise,Partner,6,1057.49,1396,8.0,0,23.6,0.243,0,0,,2025-12-31,23886.89,23,2025-12-27,2022-05-12,1038.56,0,0.0,0,4.0,1,51.8
C000353,2023-03-04,Startup,Europe,Free,Organic,5,0.0,1033,22.0,1,66.1,0.275,0,0,,2025-12-31,87.26,24,2025-10-10,2023-05-02,3.64,3,4.6,1,82.0,0,68.0
C000354,2023-09-15,Mid-Market,Europe,Starter,Organic,43,32.04,838,9.0,2,22.2,0.617,0,0,,2025-12-31,627.59,19,2025-11-06,2023-09-28,33.03,2,24.0,0,55.0,1,60.8
C000355,2025-10-18,SMB,North America,Enterprise,Referral,10,1796.7,74,18.0,1,7.7,0.543,1,0,,2025-12-31,4564.969999999999,2,2025-12-12,2025-11-10,2282.48,2,22.0,0,19.0,1,64.6
C000356,2025-11-20,Startup,APAC,Pro,Organic,3,72.94,41,12.0,2,69.4,0.324,1,0,,2025-12-31,54.6,1,2025-12-30,2025-12-30,54.6,2,114.4,0,1.0,1,57.4
C000357,2022-08-05,SMB,North America,Free,Referral,19,0.0,1244,7.0,1,7.1,0.161,0,0,,2025-12-31,223.79,29,2025-10-05,2022-09-27,7.72,1,12.6,0,87.0,0,45.3
C000358,2025-06-29,SMB,North America,Free,Partner,18,0.0,185,16.0,1,73.7,0.124,0,0,,2025-12-31,45.32,3,2025-10-18,2025-08-03,15.11,1,42.7,0,74.0,0,58.9
C000359,2022-05-11,SMB,APAC,Business,Organic,16,217.05,1330,17.0,1,100.0,0.497,0,0,,2025-12-31,4940.58,23,2025-12-16,2022-06-11,214.81,1,36.0,0,15.0,1,73.6
C000360,2024-12-06,SMB,APAC,Pro,Referral,22,81.43,390,19.0,1,32.3,0.248,1,0,,2025-12-31,172.09,2,2025-11-30,2025-08-25,86.04,1,22.8,0,31.0,1,59.1
C000361,2025-04-24,SMB,Europe,Pro,Referral,16,74.21,251,22.0,2,66.1,0.353,1,1,2025-11-20,2025-12-31,79.38,1,2025-09-18,2025-09-18,79.38,2,21.1,0,104.0,0,66.8
C000362,2025-06-27,SMB,North America,Business,Referral,14,210.48,187,18.0,0,-6.7,0.9,3,0,,2025-12-31,355.28,2,2025-09-05,2025-07-19,177.64,1,40.8,0,117.0,1,71.4
C000363,2022-11-16,Mid-Market,North America,Starter,Organic,62,30.74,1141,23.0,3,-7.8,0.142,0,0,,2025-12-31,843.58,29,2025-12-07,2022-12-17,29.09,4,63.8,0,24.0,1,54.5
C000364,2025-07-01,Enterprise,Europe,Starter,Paid Search,262,30.92,183,11.0,3,15.1,0.275,0,0,,2025-12-31,140.6,5,2025-12-18,2025-09-15,28.12,4,6.4,1,13.0,1,50.1
C000365,2022-06-15,SMB,APAC,Pro,Sales,13,85.16,1295,14.0,0,55.6,0.52,0,0,,2025-12-31,2608.42,31,2025-11-03,2022-07-22,84.14,1,120.4,0,58.0,1,68.7
C000366,2024-01-12,Mid-Market,Europe,Business,Partner,42,207.74,719,13.0,4,35.0,0.512,0,0,,2025-12-31,2849.17,13,2025-11-23,2024-03-16,219.17,4,34.1,0,38.0,1,59.5
C000367,2023-11-03,SMB,North America,Starter,Organic,13,28.43,789,16.0,4,30.3,0.348,0,0,,2025-12-31,646.15,22,2025-12-24,2024-06-08,29.37,4,22.7,0,7.0,1,56.8
C000368,2023-03-28,SMB,North America,Pro,Organic,9,75.03,1009,3.0,0,2.7,0.113,0,0,,2025-12-31,1290.16,18,2025-10-12,2023-07-01,71.68,0,0.0,0,80.0,1,41.3
C000369,2022-02-01,Startup,Europe,Starter,Partner,5,32.56,1429,23.0,2,31.8,0.385,0,0,,2025-12-31,759.85,24,2025-12-08,2022-03-28,31.66,2,8.5,1,23.0,1,67.3
C000370,2025-01-08,Enterprise,APAC,Starter,Referral,496,31.73,357,14.0,2,18.9,0.674,1,0,,2025-12-31,336.61,9,2025-12-27,2025-01-09,37.4,2,54.8,0,4.0,1,64.6
C000371,2023-04-25,SMB,North America,Enterprise,Sales,5,879.35,981,15.0,4,11.9,0.41,0,0,,2025-12-31,18676.93,21,2025-12-28,2023-05-12,889.38,4,26.9,0,3.0,1,55.9
C000372,2024-08-04,SMB,North America,Free,Sales,16,0.0,514,24.0,0,9.8,0.165,0,0,,2025-12-31,66.37,15,2025-11-18,2024-08-22,4.42,0,0.0,0,43.0,0,62.4
C000373,2023-08-10,Enterprise,North America,Free,Paid Search,254,0.0,874,13.0,2,39.8,0.274,1,1,2024-12-28,2025-12-31,36.01,9,2024-11-26,2023-10-09,4.0,2,95.6,0,400.0,0,53.8
C000374,2023-06-19,Mid-Market,North America,Business,Partner,50,190.3,926,12.0,1,17.0,0.668,0,0,,2025-12-31,2993.29,16,2025-10-26,2023-11-17,187.08,1,17.4,0,66.0,1,66.0
C000375,2025-06-21,Enterprise,Europe,Starter,Organic,353,32.27,193,15.0,0,34.8,0.782,0,0,,2025-12-31,102.92,3,2025-10-21,2025-07-19,34.31,1,157.8,0,71.0,1,75.3
C000376,2022-05-16,Mid-Market,North America,Starter,Organic,48,27.53,1325,26.0,2,-9.2,0.511,0,0,,2025-12-31,695.3100000000001,26,2025-12-23,2022-05-25,26.74,3,69.1,0,8.0,1,69.6
C000377,2024-11-19,Mid-Market,Europe,Business,Organic,27,225.29,407,7.0,0,47.6,0.393,0,0,,2025-12-31,2836.45,13,2025-12-09,2024-11-27,218.19,0,0.0,0,22.0,1,57.8
C000378,2024-12-03,SMB,APAC,Starter,Sales,10,31.69,393,4.0,2,41.0,0.596,0,0,,2025-12-31,301.98,10,2025-10-24,2024-12-19,30.2,4,21.6,0,68.0,1,57.6
C000379,2023-06-28,SMB,LATAM,Pro,Organic,15,87.74,917,3.0,2,29.2,0.289,1,0,,2025-12-31,2184.46,26,2025-12-20,2023-08-08,84.02,2,12.2,0,11.0,1,44.3
C000380,2023-01-11,Enterprise,LATAM,Starter,Paid Search,87,25.58,1085,20.0,2,39.0,0.565,1,0,,2025-12-31,627.22,27,2025-12-02,2023-01-14,23.23,3,60.8,0,29.0,1,68.7
C000381,2022-01-08,Mid-Market,North America,Free,Paid Search,69,0.0,1453,0.0,0,58.4,0.262,0,0,,2025-12-31,227.85,38,2025-11-11,2022-01-26,6.0,2,17.0,0,50.0,0,48.7
C000382,2025-09-01,Enterprise,North America,Pro,Paid Search,87,75.92,121,19.0,0,-1.2,0.25,0,0,,2025-12-31,257.77,3,2025-09-26,2025-09-05,85.92,0,0.0,0,96.0,1,59.3
C000383,2025-09-17,SMB,North America,Starter,Paid Search,20,25.35,105,24.0,5,36.7,0.113,0,1,2025-12-20,2025-12-31,58.93,3,2025-12-11,2025-10-23,19.64,6,71.1,0,20.0,0,56.0
C000384,2022-12-11,Mid-Market,APAC,Business,Organic,36,206.37,1116,19.0,0,2.4,0.582,0,0,,2025-12-31,5531.98,27,2025-10-02,2022-12-11,204.89,2,162.8,0,90.0,1,69.7
C000385,2022-02-15,SMB,North America,Enterprise,Paid Search,5,886.39,1415,4.0,2,37.2,0.394,0,0,,2025-12-31,25112.18,27,2025-11-08,2022-02-18,930.08,3,15.1,0,53.0,1,51.1
C000386,2022-06-25,Mid-Market,North America,Business,Paid Search,44,212.61,1285,18.0,1,28.5,0.453,0,0,,2025-12-31,5406.36,26,2025-12-22,2022-12-19,207.94,2,17.5,0,9.0,1,66.0
C000387,2022-04-07,Enterprise,North America,Starter,Referral,347,30.79,1364,12.0,1,34.4,0.647,0,0,,2025-12-31,586.64,19,2025-12-29,2023-01-11,30.88,1,0.0,0,2.0,1,67.1
C000388,2025-04-03,Startup,North America,Starter,Referral,6,32.84,272,0.0,2,56.2,0.22,0,1,2025-08-21,2025-12-31,100.95,3,2025-07-05,2025-06-15,33.65,3,22.4,0,179.0,0,44.2
C000389,2025-06-29,Enterprise,APAC,Business,Referral,324,226.89,185,5.0,1,55.5,0.171,0,0,,2025-12-31,1088.83,4,2025-11-24,2025-07-29,272.21,1,70.7,0,37.0,1,48.6
C000390,2022-08-08,Mid-Market,Europe,Pro,Paid Search,34,86.68,1241,20.0,1,62.2,0.788,0,0,,2025-12-31,1910.47,23,2025-12-21,2022-08-19,83.06,2,4.2,0,10.0,1,81.2
C000391,2024-12-03,Mid-Market,Europe,Pro,Organic,69,85.73,393,15.0,2,25.1,0.374,0,0,,2025-12-31,904.67,10,2025-12-30,2025-02-23,90.47,3,51.3,0,1.0,1,59.1
C000392,2022-09-14,Startup,LATAM,Business,Paid Search,6,190.07,1204,13.0,0,52.6,0.442,0,0,,2025-12-31,4992.53,24,2025-11-02,2022-12-14,208.02,0,0.0,0,59.0,1,65.1
C000393,2023-06-10,SMB,North America,Starter,Sales,15,28.68,935,21.0,3,47.7,0.481,0,0,,2025-12-31,440.45,15,2025-10-10,2024-01-01,29.36,4,11.3,1,82.0,1,68.4
C000394,2024-05-07,SMB,North America,Free,Organic,20,0.0,603,14.0,1,25.7,0.103,0,1,2025-05-03,2025-12-31,26.37,6,2025-04-16,2024-07-25,4.4,2,81.2,0,259.0,0,51.7
C000395,2024-10-26,Startup,North America,Pro,Organic,5,78.5,431,27.0,0,37.9,0.582,0,0,,2025-12-31,318.3,4,2025-12-30,2025-02-15,79.58,0,0.0,0,1.0,1,80.4
C000396,2025-06-04,Enterprise,Europe,Pro,Sales,142,86.28,210,1.0,1,31.7,0.621,0,0,,2025-12-31,606.19,6,2025-11-07,2025-06-04,101.03,1,3.3,0,54.0,1,56.2
C000397,2022-03-06,Startup,Europe,Starter,Sales,1,33.29,1396,8.0,2,69.9,0.276,0,0,,2025-12-31,715.54,21,2025-10-26,2022-05-28,34.07,3,60.1,0,66.0,1,54.4
C000398,2022-10-08,Mid-Market,North America,Pro,Organic,43,72.03,1180,5.0,2,55.3,0.379,0,1,2025-10-14,2025-12-31,1377.28,18,2025-07-17,2023-01-25,76.52,8,19.3,2,167.0,0,53.4
C000399,2023-02-06,SMB,LATAM,Business,Referral,23,216.24,1059,11.0,2,26.6,0.506,1,0,,2025-12-31,4362.45,21,2025-10-10,2023-03-11,207.74,3,22.8,0,82.0,1,57.7
C000400,2023-03-20,SMB,North America,Starter,Paid Search,13,29.97,1017,25.0,1,24.9,0.441,1,0,,2025-12-31,609.96,20,2025-12-29,2023-03-31,30.5,1,34.1,0,2.0,1,69.5
C000401,2025-11-28,Mid-Market,North America,Starter,Paid Search,40,30.97,33,11.0,0,58.9,0.566,1,0,,2025-12-31,60.349999999999994,2,2025-12-20,2025-12-16,30.17,0,0.0,0,11.0,1,65.7
C000402,2025-01-16,Startup,Europe,Pro,Paid Search,4,79.01,349,8.0,2,68.5,0.414,0,0,,2025-12-31,946.51,10,2025-12-05,2025-03-01,94.65,2,10.0,0,26.0,1,58.4
C000403,2023-04-04,Mid-Market,LATAM,Business,Sales,47,210.71,1002,2.0,1,42.9,0.312,0,0,,2025-12-31,4513.43,21,2025-12-21,2023-06-13,214.93,1,15.0,0,10.0,1,48.9
C000404,2025-10-21,Startup,Europe,Enterprise,Organic,2,331.62,71,11.0,3,51.5,0.363,0,0,,2025-12-31,1038.84,3,2025-12-16,2025-11-15,346.28,3,111.2,0,15.0,1,56.4
C000405,2023-12-16,Mid-Market,LATAM,Free,Referral,79,0.0,746,6.0,0,67.6,0.454,0,0,,2025-12-31,43.370000000000005,15,2025-11-26,2024-05-27,2.89,0,0.0,0,35.0,0,60.7
C000406,2023-12-18,SMB,North America,Business,Organic,9,225.92,744,5.0,2,30.6,0.411,3,0,,2025-12-31,4769.41,22,2025-12-20,2023-12-24,216.79,2,4.0,0,11.0,1,45.9
C000407,2023-09-13,Startup,Europe,Business,Partner,3,171.88,840,3.0,1,37.1,0.363,0,1,2025-07-04,2025-12-31,1615.15,10,2025-05-09,2023-09-26,161.52,2,65.3,0,236.0,0,50.8
C000408,2022-07-25,Enterprise,APAC,Pro,Partner,338,74.17,1255,17.0,0,47.2,0.636,1,0,,2025-12-31,2514.19,34,2025-12-25,2022-08-01,73.95,0,0.0,0,6.0,1,72.0
C000409,2025-08-29,Startup,Europe,Starter,Referral,7,30.26,124,19.0,2,24.3,0.107,0,1,2025-12-29,2025-12-31,58.42,2,2025-11-14,2025-10-14,29.21,4,48.8,1,47.0,0,54.6
C000410,2022-01-20,SMB,North America,Free,Sales,12,0.0,1441,20.0,4,77.5,0.359,0,0,,2025-12-31,241.97000000000003,43,2025-12-13,2022-02-24,5.63,4,40.1,0,18.0,0,65.4
C000411,2022-09-07,SMB,LATAM,Pro,Referral,23,77.81,1211,1.0,1,24.0,0.33,0,0,,2025-12-31,1714.06,21,2025-07-05,2023-01-22,81.62,1,0.0,0,179.0,1,46.7
C000412,2022-11-25,Mid-Market,North America,Starter,Referral,79,28.36,1132,25.0,1,36.5,0.465,1,0,,2025-12-31,799.0699999999999,28,2025-10-17,2022-12-18,28.54,2,0.0,0,75.0,1,71.4
C000413,2023-02-04,SMB,Europe,Starter,Organic,24,31.42,1061,14.0,0,82.9,0.29,0,0,,2025-12-31,584.62,19,2025-12-28,2023-04-18,30.77,0,0.0,0,3.0,1,64.5
C000414,2022-07-08,SMB,APAC,Enterprise,Sales,7,969.93,1272,15.0,2,-11.5,0.272,0,0,,2025-12-31,19110.67,21,2025-09-11,2022-08-21,910.03,3,55.4,0,111.0,1,52.4
C000415,2022-01-26,SMB,LATAM,Starter,Paid Search,3,28.56,1435,24.0,1,40.4,0.33,0,0,,2025-12-31,1053.46,37,2025-11-03,2022-02-26,28.47,1,2.3,1,58.0,1,68.9
C000416,2024-08-27,Mid-Market,LATAM,Enterprise,Paid Search,38,6376.51,491,7.0,0,18.5,0.336,0,0,,2025-12-31,45309.14,7,2025-12-19,2024-10-23,6472.73,0,0.0,0,12.0,1,53.2
C000417,2025-10-18,Mid-Market,APAC,Pro,Paid Search,67,76.85,74,14.0,0,35.0,0.452,0,0,,2025-12-31,106.89,1,2025-10-21,2025-10-21,106.89,0,0.0,0,71.0,1,64.6
C000418,2022-06-24,Startup,North America,Business,Paid Search,2,173.03,1286,1.0,3,4.9,0.328,0,0,,2025-12-31,3026.16,17,2025-12-30,2022-09-05,178.01,3,15.6,0,1.0,1,41.7
C000419,2023-03-01,Enterprise,LATAM,Starter,Partner,228,32.91,1036,13.0,1,25.7,0.4,0,0,,2025-12-31,821.08,24,2025-12-13,2023-05-15,34.21,1,2.3,1,18.0,1,59.7
C000420,2023-12-26,SMB,Europe,Pro,Paid Search,17,76.13,736,7.0,0,35.6,0.385,1,0,,2025-12-31,1131.0700000000002,15,2025-11-22,2024-02-27,75.4,1,128.0,0,39.0,1,54.4
C000421,2025-08-19,Startup,Europe,Pro,Organic,5,89.44,134,5.0,1,41.0,0.798,0,1,2025-12-16,2025-12-31,173.14,2,2025-11-17,2025-10-04,86.57,1,23.6,0,44.0,0,66.0
C000422,2024-09-19,Enterprise,North America,Enterprise,Sales,430,77400.89,468,17.0,1,57.4,0.313,1,0,,2025-12-31,1040955.2,13,2025-11-22,2024-10-15,80073.48,1,31.8,0,39.0,1,61.8
C000423,2024-12-31,Mid-Market,APAC,Starter,Sales,25,25.84,365,3.0,1,-23.1,0.376,1,0,,2025-12-31,371.62,15,2025-12-26,2025-02-07,24.77,2,126.8,1,5.0,1,43.1
C000424,2024-04-10,SMB,Europe,Starter,Paid Search,20,30.2,630,27.0,2,31.9,0.264,0,0,,2025-12-31,262.04,8,2025-12-04,2024-08-17,32.76,3,71.7,0,27.0,1,67.2
C000425,2023-08-20,Enterprise,APAC,Enterprise,Sales,403,60281.39,864,6.0,0,30.6,0.099,1,1,2024-05-06,2025-12-31,283927.99,5,2023-12-05,2023-09-07,56785.6,2,29.9,0,757.0,0,44.4
C000426,2022-10-13,SMB,North America,Free,Paid Search,5,0.0,1175,2.0,1,33.4,0.089,0,0,,2025-12-31,79.45,21,2025-12-30,2022-10-17,3.78,1,1.1,0,1.0,0,41.3
C000427,2025-05-20,SMB,North America,Pro,Paid Search,7,80.46,225,12.0,0,35.8,0.41,0,0,,2025-12-31,739.58,8,2025-12-02,2025-06-03,92.45,1,38.9,0,29.0,1,61.6
C000428,2025-02-23,SMB,Europe,Free,Sales,22,0.0,311,10.0,1,14.2,0.351,0,1,2025-05-30,2025-12-31,8.39,1,2025-05-09,2025-05-09,8.39,2,23.5,1,236.0,0,54.4
C000429,2022-02-05,Mid-Market,North America,Free,Partner,35,0.0,1425,18.0,0,-3.7,0.71,0,0,,2025-12-31,212.72,33,2025-12-21,2022-05-17,6.45,1,15.2,1,10.0,0,72.0
C000430,2024-10-20,SMB,APAC,Pro,Referral,14,83.2,437,18.0,1,40.4,0.219,0,0,,2025-12-31,653.77,9,2025-11-28,2024-11-01,72.64,1,65.0,0,33.0,1,60.2
C000431,2022-05-01,SMB,North America,Pro,Paid Search,18,84.53,1340,16.0,1,10.1,0.488,0,0,,2025-12-31,2482.41,30,2025-11-23,2022-06-15,82.75,1,41.0,0,38.0,1,63.4
C000432,2024-11-22,Mid-Market,Europe,Pro,Paid Search,68,85.89,404,16.0,1,45.1,0.34,0,0,,2025-12-31,326.29,4,2025-12-20,2025-01-22,81.57,3,63.0,0,11.0,1,62.5
C000433,2025-03-27,SMB,North America,Pro,Organic,9,68.75,279,21.0,1,11.6,0.238,1,0,,2025-12-31,393.6,6,2025-11-12,2025-05-30,65.6,1,34.1,0,49.0,1,58.6
C000434,2022-07-07,Startup,North America,Business,Sales,6,190.8,1273,18.0,2,52.3,0.278,2,0,,2025-12-31,4233.5,24,2025-12-11,2022-09-02,176.4,2,145.2,0,20.0,1,57.6
C000435,2023-09-13,SMB,Europe,Enterprise,Organic,5,825.69,840,3.0,0,33.6,0.651,0,1,2024-05-03,2025-12-31,4172.34,5,2024-03-18,2023-10-06,834.47,0,0.0,0,653.0,0,60.6
C000436,2022-06-26,SMB,North America,Starter,Paid Search,14,31.4,1284,12.0,1,35.4,0.286,0,1,2025-07-01,2025-12-31,564.89,18,2024-12-11,2022-09-01,31.38,2,33.8,0,385.0,0,56.3
C000437,2024-03-22,Mid-Market,North America,Starter,Organic,51,31.66,649,19.0,1,28.8,0.831,1,0,,2025-12-31,392.53000000000003,13,2025-12-29,2024-04-20,30.19,1,125.3,0,2.0,1,76.3
C000438,2025-08-19,Enterprise,North America,Starter,Partner,167,32.23,134,7.0,0,24.8,0.596,1,0,,2025-12-31,34.75,1,2025-08-31,2025-08-31,34.75,0,0.0,0,122.0,1,59.6
C000439,2022-04-26,Mid-Market,North America,Business,Paid Search,34,209.44,1345,24.0,0,29.2,0.478,1,0,,2025-12-31,5957.83,32,2025-11-27,2022-07-20,186.18,0,0.0,0,34.0,1,71.7
C000440,2023-07-23,Enterprise,Europe,Starter,Referral,439,25.88,892,13.0,3,64.5,0.781,0,0,,2025-12-31,365.48,14,2025-12-21,2023-07-30,26.11,3,120.1,0,10.0,1,72.0
C000441,2025-10-23,Startup,North America,Pro,Paid Search,3,73.73,69,8.0,1,-3.4,0.738,0,1,2025-12-17,2025-12-31,209.89,3,2025-11-15,2025-10-29,69.96,1,39.4,0,46.0,0,62.4
C000442,2023-03-07,Mid-Market,North America,Starter,Organic,20,29.93,1030,10.0,2,18.8,0.218,1,0,,2025-12-31,634.49,21,2025-11-20,2023-05-12,30.21,2,15.3,0,41.0,1,47.3
C000443,2022-07-09,Startup,APAC,Pro,Organic,2,82.11,1271,17.0,0,61.4,0.511,0,0,,2025-12-31,2268.83,26,2025-11-12,2022-07-15,87.26,2,25.4,0,49.0,1,71.6
C000444,2023-11-30,Mid-Market,Europe,Business,Organic,21,169.49,762,19.0,0,55.5,0.169,1,0,,2025-12-31,3384.39,20,2025-12-04,2024-02-02,169.22,0,0.0,0,27.0,1,60.6
C000445,2023-12-28,Mid-Market,Europe,Pro,Referral,59,78.9,734,7.0,2,68.6,0.189,2,0,,2025-12-31,1061.95,12,2025-08-28,2024-01-06,88.5,2,37.9,0,125.0,1,46.8
C000446,2024-08-05,SMB,North America,Pro,Referral,7,90.33,513,4.0,3,33.5,0.24,1,0,,2025-12-31,613.88,6,2025-08-29,2025-02-06,102.31,3,18.0,0,124.0,1,42.6
C000447,2023-03-25,Mid-Market,LATAM,Starter,Paid Search,41,25.16,1012,2.0,0,2.0,0.175,0,1,2025-08-30,2025-12-31,508.25,19,2025-08-27,2023-04-09,26.75,0,0.0,0,126.0,0,42.2
C000448,2025-09-28,SMB,Europe,Pro,Paid Search,13,75.89,94,13.0,1,7.3,0.135,0,0,,2025-12-31,125.81,2,2025-12-23,2025-09-28,62.9,2,5.2,1,8.0,1,49.9
C000449,2024-01-16,Startup,North America,Starter,Organic,1,29.76,715,25.0,0,27.5,0.27,0,0,,2025-12-31,693.52,23,2025-10-26,2024-04-10,30.15,1,16.0,0,66.0,1,68.2
C000450,2023-02-14,Startup,LATAM,Business,Sales,7,225.09,1051,26.0,0,54.0,0.439,0,0,,2025-12-31,4628.61,20,2025-12-06,2023-05-19,231.43,1,0.0,0,25.0,1,76.8
C000451,2025-10-05,Mid-Market,Europe,Starter,Sales,57,25.3,87,15.0,1,28.6,0.563,0,1,2025-12-17,2025-12-31,50.16,2,2025-10-19,2025-10-19,25.08,1,0.0,0,73.0,0,66.6
C000452,2025-08-15,SMB,Europe,Free,Referral,10,0.0,138,14.0,2,26.7,0.222,0,1,2025-12-02,2025-12-31,39.839999999999996,5,2025-11-27,2025-08-25,7.97,4,110.6,0,34.0,0,53.8
C000453,2023-12-15,Mid-Market,APAC,Starter,Organic,32,27.33,747,14.0,5,44.9,0.277,0,1,2024-08-04,2025-12-31,184.33,7,2024-07-10,2023-12-16,26.33,5,27.5,0,539.0,0,52.8
C000454,2022-02-05,Startup,North America,Pro,Paid Search,4,74.23,1425,6.0,0,35.7,0.578,1,0,,2025-12-31,3003.04,41,2025-12-27,2022-03-24,73.24,1,95.4,0,4.0,1,59.3
C000455,2024-05-03,SMB,APAC,Enterprise,Sales,19,2828.53,607,11.0,3,24.0,0.446,0,0,,2025-12-31,44533.3,15,2025-10-20,2024-05-09,2968.89,3,7.3,1,72.0,1,56.1
C000456,2024-03-04,Mid-Market,Europe,Starter,Organic,35,32.36,667,26.0,1,10.0,0.325,2,0,,2025-12-31,468.84000000000003,14,2025-11-11,2024-03-19,33.49,1,21.6,0,50.0,1,63.5
C000457,2022-07-31,Mid-Market,North America,Starter,Partner,66,26.09,1249,17.0,1,58.7,0.139,1,0,,2025-12-31,749.44,31,2025-12-16,2022-09-05,24.18,1,66.0,0,15.0,1,56.7
C000458,2024-06-25,Enterprise,North America,Starter,Sales,105,25.28,554,6.0,2,61.2,0.222,1,0,,2025-12-31,293.58,12,2025-09-28,2024-07-01,24.46,2,53.6,0,94.0,1,48.1
C000459,2025-04-17,Mid-Market,North America,Enterprise,Referral,44,7655.78,258,2.0,1,8.6,0.306,0,0,,2025-12-31,21012.54,3,2025-10-13,2025-06-05,7004.18,1,0.0,0,79.0,1,45.3
C000460,2022-06-01,Startup,LATAM,Business,Partner,6,221.25,1309,21.0,1,24.9,0.146,1,0,,2025-12-31,6430.96,27,2025-10-30,2022-07-03,238.18,1,5.9,0,62.0,1,57.1
C000461,2024-10-31,SMB,North America,Free,Paid Search,17,0.0,426,25.0,0,51.7,0.458,1,0,,2025-12-31,45.260000000000005,9,2025-11-21,2024-11-16,5.03,1,0.0,0,40.0,0,74.2
C000462,2022-07-20,Startup,North America,Pro,Sales,3,90.21,1260,3.0,1,6.6,0.065,0,0,,2025-12-31,1953.3,24,2025-12-09,2022-09-07,81.39,1,7.6,0,22.0,1,38.8
C000463,2024-12-06,Enterprise,APAC,Business,Paid Search,263,224.83,390,10.0,2,44.1,0.072,0,0,,2025-12-31,2407.37,10,2025-10-27,2024-12-29,240.74,2,209.3,0,65.0,1,47.5
C000464,2023-08-23,SMB,APAC,Business,Sales,17,176.39,861,23.0,1,26.8,0.833,0,0,,2025-12-31,3536.64,19,2025-11-24,2023-10-14,186.14,1,0.0,0,37.0,1,81.7
C000465,2022-01-10,Mid-Market,North America,Pro,Paid Search,36,70.84,1451,7.0,3,4.6,0.422,1,0,,2025-12-31,2544.36,35,2025-12-18,2022-02-14,72.7,3,23.0,0,13.0,1,47.9
C000466,2025-10-13,SMB,APAC,Business,Referral,15,191.81,79,5.0,3,79.4,0.366,0,0,,2025-12-31,127.77,1,2025-11-14,2025-11-14,127.77,3,25.2,0,47.0,1,53.9
C000467,2022-08-26,Mid-Market,Europe,Pro,Sales,39,83.08,1223,11.0,1,26.5,0.769,0,0,,2025-12-31,2276.25,28,2025-11-07,2022-09-02,81.29,3,68.5,0,54.0,1,69.0
C000468,2024-05-02,Mid-Market,APAC,Starter,Partner,75,24.71,608,11.0,1,48.1,0.458,0,0,,2025-12-31,371.81,15,2025-11-27,2024-07-01,24.79,3,20.8,1,34.0,1,61.9
C000469,2022-09-17,SMB,North America,Free,Paid Search,12,0.0,1201,13.0,1,7.0,0.304,0,0,,2025-12-31,83.6,18,2025-12-09,2022-09-29,4.64,3,16.4,0,22.0,0,54.9
C000470,2025-08-27,Mid-Market,North America,Starter,Organic,30,32.1,126,27.0,0,73.8,0.785,0,0,,2025-12-31,235.54,7,2025-12-31,2025-10-11,33.65,0,0.0,0,0.0,1,90.0
C000471,2024-11-21,SMB,Europe,Free,Referral,6,0.0,405,27.0,1,83.7,0.776,0,0,,2025-12-31,95.75,13,2025-12-27,2025-06-11,7.37,1,196.6,0,4.0,0,89.3
C000472,2025-02-24,SMB,North America,Starter,Partner,16,25.35,310,16.0,1,-2.6,0.561,1,1,2025-08-15,2025-12-31,191.26,7,2025-08-11,2025-03-26,27.32,1,6.2,0,142.0,0,62.4
C000473,2023-09-10,Mid-Market,Europe,Business,Organic,67,180.49,843,2.0,0,30.9,0.593,0,0,,2025-12-31,2294.01,15,2025-11-07,2023-10-04,152.93,0,0.0,0,54.0,1,57.7
C000474,2023-10-31,Startup,North America,Business,Referral,6,205.9,792,7.0,0,68.2,0.474,0,0,,2025-12-31,5125.39,24,2025-12-28,2023-11-08,213.56,0,0.0,0,3.0,1,62.3
C000475,2024-06-26,SMB,APAC,Free,Sales,16,0.0,553,5.0,0,23.3,0.39,0,0,,2025-12-31,83.66,14,2025-12-10,2024-09-14,5.98,0,0.0,0,21.0,0,53.5
C000476,2025-01-27,Startup,APAC,Free,Sales,6,0.0,338,0.0,1,45.2,0.471,1,1,2025-12-23,2025-12-31,33.3,11,2025-11-29,2025-03-31,3.03,2,185.5,0,32.0,0,50.2
C000477,2025-04-26,SMB,APAC,Pro,Partner,6,81.96,249,10.0,2,-7.0,0.561,1,1,2025-10-01,2025-12-31,499.39,6,2025-09-07,2025-05-17,83.23,3,63.2,0,115.0,0,55.1
C000478,2022-01-26,SMB,LATAM,Pro,Sales,21,74.44,1435,0.0,0,15.3,0.447,0,0,,2025-12-31,1760.04,25,2025-11-14,2022-02-17,70.4,0,0.0,0,47.0,1,49.9
C000479,2024-08-06,SMB,LATAM,Free,Referral,14,0.0,512,16.0,1,42.6,0.492,0,0,,2025-12-31,53.809999999999995,7,2025-11-22,2024-08-29,7.69,1,118.6,0,39.0,0,66.8
C000480,2022-06-06,Startup,Europe,Business,Organic,4,202.31,1304,7.0,2,20.3,0.035,0,0,,2025-12-31,5401.13,25,2025-12-21,2022-09-21,216.05,2,4.8,0,10.0,1,41.3
C000481,2023-02-16,SMB,North America,Starter,Sales,6,30.6,1049,20.0,0,26.0,0.318,0,0,,2025-12-31,867.75,28,2025-10-29,2023-04-13,30.99,1,18.4,0,63.0,1,65.0
C000482,2025-04-01,Mid-Market,APAC,Free,Paid Search,51,0.0,274,14.0,3,-2.9,0.655,0,0,,2025-12-31,45.599999999999994,8,2025-11-28,2025-04-05,5.7,4,33.2,0,33.0,0,62.4
C000483,2022-12-25,Enterprise,LATAM,Business,Sales,61,215.48,1102,26.0,0,51.4,0.113,0,0,,2025-12-31,4026.58,18,2025-12-19,2023-01-08,223.7,0,0.0,0,12.0,1,66.7
C000484,2025-02-13,SMB,LATAM,Pro,Referral,15,68.67,321,13.0,2,1.5,0.466,1,1,2025-05-14,2025-12-31,97.82,2,2025-03-02,2025-02-20,48.91,3,24.6,0,304.0,0,55.7
C000485,2023-10-25,Enterprise,APAC,Starter,Partner,466,26.99,798,4.0,1,73.5,0.226,1,1,2024-08-11,2025-12-31,243.3,9,2024-08-10,2023-10-26,27.03,1,39.1,0,508.0,0,49.2
C000486,2022-11-29,Mid-Market,North America,Pro,Paid Search,28,77.7,1128,25.0,1,17.9,0.341,2,0,,2025-12-31,1924.47,25,2025-10-20,2023-02-04,76.98,3,60.0,0,72.0,1,63.8
C000487,2023-04-23,Enterprise,LATAM,Enterprise,Organic,65,10333.61,983,8.0,1,55.0,0.371,1,0,,2025-12-31,169268.4,18,2025-12-16,2023-07-05,9403.8,1,20.4,0,15.0,1,55.3
C000488,2024-01-30,SMB,LATAM,Free,Organic,5,0.0,701,21.0,1,52.6,0.398,0,0,,2025-12-31,65.68,11,2025-12-05,2024-02-29,5.97,1,0.0,1,26.0,0,69.4
C000489,2024-12-30,Mid-Market,Europe,Pro,Partner,23,74.57,366,21.0,2,10.4,0.425,0,0,,2025-12-31,392.99,6,2025-12-19,2024-12-31,65.5,2,64.7,0,12.0,1,64.5
C000490,2024-05-16,SMB,APAC,Starter,Referral,6,26.06,594,25.0,1,20.6,0.283,0,0,,2025-12-31,338.2,12,2025-12-25,2024-08-15,28.18,1,0.0,0,6.0,1,66.4
C000491,2025-08-27,SMB,Europe,Pro,Organic,5,90.09,126,17.0,1,23.6,0.406,2,0,,2025-12-31,147.89999999999998,2,2025-12-14,2025-11-24,73.95,3,35.0,0,17.0,1,59.2
C000492,2025-05-25,Startup,LATAM,Starter,Organic,4,25.66,220,14.0,0,25.3,0.559,0,0,,2025-12-31,99.86,4,2025-10-28,2025-07-24,24.96,0,0.0,0,64.0,1,66.8
C000493,2024-12-13,Mid-Market,North America,Starter,Partner,53,24.7,383,10.0,1,2.6,0.132,1,0,,2025-12-31,267.43,11,2025-12-15,2025-01-16,24.31,1,47.5,0,16.0,1,44.6
C000494,2024-05-12,SMB,APAC,Starter,Organic,13,29.37,598,12.0,0,48.3,0.668,1,0,,2025-12-31,291.86,9,2025-10-30,2024-05-27,32.43,0,0.0,0,62.0,1,68.6
C000495,2023-02-19,SMB,North America,Business,Organic,5,178.28,1046,21.0,3,17.8,0.399,0,0,,2025-12-31,5175.16,28,2025-12-26,2023-05-03,184.83,3,25.2,1,5.0,1,63.0
C000496,2023-08-13,SMB,North America,Starter,Organic,5,30.4,871,15.0,2,32.1,0.665,0,0,,2025-12-31,513.26,17,2025-12-13,2023-08-27,30.19,3,27.0,0,18.0,1,68.6
C000497,2022-06-20,SMB,North America,Business,Partner,17,208.4,1290,1.0,0,60.2,0.535,0,0,,2025-12-31,6774.21,36,2025-12-15,2022-07-15,188.17,1,33.6,0,16.0,1,58.0
C000498,2023-06-20,Mid-Market,Europe,Starter,Partner,57,29.03,925,10.0,1,49.3,0.539,1,0,,2025-12-31,460.94,18,2025-12-17,2023-08-20,25.61,1,11.2,0,14.0,1,61.5
C000499,2025-08-17,Startup,North America,Business,Referral,6,189.26,136,25.0,0,19.5,0.089,0,0,,2025-12-31,694.23,4,2025-12-06,2025-09-08,173.56,0,0.0,0,25.0,1,61.9
C000500,2023-09-02,Enterprise,LATAM,Pro,Paid Search,129,83.48,851,5.0,0,61.0,0.569,0,0,,2025-12-31,1926.04,23,2025-11-27,2023-10-12,83.74,1,102.4,0,34.0,1,62.6
C000501,2022-06-12,Startup,Europe,Starter,Organic,5,29.8,1298,13.0,2,51.6,0.28,0,0,,2025-12-31,814.48,28,2025-09-22,2022-06-24,29.09,2,70.8,0,100.0,1,57.2
C000502,2024-07-21,SMB,APAC,Pro,Referral,24,73.75,528,23.0,1,17.4,0.498,0,0,,2025-12-31,1203.16,17,2025-11-25,2024-08-16,70.77,1,210.5,0,36.0,1,70.7
C000503,2025-10-08,Mid-Market,North America,Business,Sales,32,175.97,84,8.0,0,22.1,0.171,0,0,,2025-12-31,244.14,1,2025-12-23,2025-12-23,244.14,0,0.0,0,8.0,1,49.5
C000504,2025-05-25,SMB,North America,Pro,Paid Search,9,70.29,220,19.0,0,60.0,0.293,1,0,,2025-12-31,197.26,3,2025-10-20,2025-09-24,65.75,0,0.0,0,72.0,1,64.8
C000505,2023-01-27,Enterprise,APAC,Starter,Referral,339,29.62,1069,21.0,0,54.5,0.59,1,0,,2025-12-31,675.9,22,2025-11-28,2023-02-07,30.72,0,0.0,0,33.0,1,74.9
C000506,2023-10-12,SMB,APAC,Pro,Referral,7,77.91,811,9.0,1,-2.6,0.28,0,1,2024-12-26,2025-12-31,741.33,9,2024-12-04,2023-12-01,82.37,1,0.0,0,392.0,0,49.7
C000507,2024-01-30,SMB,Europe,Pro,Sales,20,83.18,701,25.0,2,9.9,0.619,0,0,,2025-12-31,1599.3899999999999,20,2025-10-14,2024-03-30,79.97,2,80.6,0,78.0,1,73.9
C000508,2022-12-21,Enterprise,APAC,Starter,Paid Search,58,25.04,1106,12.0,3,52.4,0.526,0,0,,2025-12-31,409.05,17,2025-11-12,2023-01-12,24.06,5,38.5,0,49.0,1,62.2
C000509,2023-01-20,Enterprise,APAC,Business,Organic,432,227.14,1076,8.0,1,5.6,0.194,2,0,,2025-12-31,3888.02,17,2025-12-26,2023-04-04,228.71,2,11.6,0,5.0,1,43.0
C000510,2022-12-05,SMB,Europe,Starter,Organic,19,29.5,1122,6.0,0,55.1,0.359,2,0,,2025-12-31,712.88,26,2025-12-25,2022-12-30,27.42,0,0.0,0,6.0,1,52.6
C000511,2025-11-23,Mid-Market,LATAM,Pro,Referral,76,72.18,38,7.0,1,83.4,0.68,0,0,,2025-12-31,143.10000000000002,2,2025-12-21,2025-12-19,71.55,1,31.3,0,10.0,1,68.5
C000512,2024-12-02,Startup,APAC,Pro,Referral,3,71.97,394,15.0,1,44.3,0.115,0,0,,2025-12-31,462.43,6,2025-12-06,2025-01-08,77.07,1,16.6,0,25.0,1,54.8
C000513,2025-04-17,SMB,Europe,Enterprise,Paid Search,5,888.99,258,6.0,2,11.9,0.6,0,1,2025-11-13,2025-12-31,10959.61,11,2025-11-05,2025-05-02,996.33,2,12.1,0,56.0,0,56.5
C000514,2025-03-13,SMB,North America,Starter,Organic,10,25.38,293,10.0,1,39.4,0.547,1,1,2025-11-18,2025-12-31,164.82,8,2025-10-18,2025-03-22,20.6,1,22.2,0,74.0,0,60.8
C000515,2025-10-03,Mid-Market,North America,Starter,Organic,40,25.58,89,19.0,0,60.9,0.849,1,0,,2025-12-31,39.89,2,2025-11-12,2025-11-05,19.94,3,10.3,0,49.0,1,81.5
C000516,2022-05-31,SMB,North America,Starter,Partner,10,31.45,1310,24.0,3,37.5,0.361,1,0,,2025-12-31,678.72,22,2025-11-04,2022-06-20,30.85,3,49.6,0,57.0,1,64.5
C000517,2025-06-14,Startup,APAC,Pro,Sales,3,89.6,200,19.0,1,47.1,0.266,0,1,2025-11-19,2025-12-31,166.25,2,2025-09-15,2025-06-23,83.12,2,36.3,0,107.0,0,63.2
C000518,2022-04-06,Enterprise,APAC,Starter,Paid Search,259,28.49,1365,14.0,0,15.0,0.723,0,1,2025-01-02,2025-12-31,510.95,18,2024-12-01,2022-05-06,28.39,1,19.5,0,395.0,0,70.7
C000519,2023-11-11,Mid-Market,North America,Starter,Partner,63,25.49,781,19.0,3,16.9,0.376,0,0,,2025-12-31,516.67,20,2025-12-27,2024-02-08,25.83,3,77.7,0,4.0,1,60.4
C000520,2024-04-30,Mid-Market,Europe,Starter,Paid Search,23,30.65,610,11.0,2,57.7,0.54,0,0,,2025-12-31,264.32,8,2025-08-14,2024-07-31,33.04,2,27.0,0,139.0,1,63.8
C000521,2023-05-27,Mid-Market,North America,Business,Sales,34,185.39,949,7.0,0,17.2,0.189,0,0,,2025-12-31,2496.7599999999998,15,2025-11-21,2023-07-03,166.45,0,0.0,0,40.0,1,48.6
C000522,2022-07-29,SMB,North America,Starter,Referral,4,32.91,1251,20.0,1,-29.7,0.867,0,0,,2025-12-31,937.34,28,2025-11-20,2022-08-20,33.48,1,3.4,0,41.0,1,74.4
C000523,2022-10-02,SMB,LATAM,Pro,Organic,4,88.51,1186,3.0,0,27.3,0.258,0,0,,2025-12-31,2664.77,30,2025-11-19,2022-11-10,88.83,2,23.4,0,42.0,1,48.1
C000524,2025-03-25,SMB,Europe,Free,Partner,21,0.0,281,25.0,1,42.9,0.587,1,0,,2025-12-31,8.12,5,2025-08-07,2025-05-08,1.62,1,66.3,0,146.0,0,75.7
C000525,2023-04-01,Mid-Market,North America,Free,Referral,68,0.0,1005,12.0,3,61.5,0.391,0,0,,2025-12-31,125.28,18,2025-08-31,2023-07-14,6.96,3,116.4,0,122.0,0,59.1
C000526,2023-03-20,Mid-Market,Europe,Free,Sales,51,0.0,1017,22.0,0,76.1,0.36,0,0,,2025-12-31,82.23,16,2025-12-13,2023-05-09,5.14,0,0.0,0,18.0,0,73.1
C000527,2025-08-13,Mid-Market,North America,Starter,Partner,48,30.61,140,2.0,1,37.1,0.586,0,0,,2025-12-31,34.74,1,2025-08-30,2025-08-30,34.74,1,16.7,0,123.0,1,56.6
C000528,2022-07-25,Startup,APAC,Pro,Organic,7,68.3,1255,13.0,2,51.5,0.109,0,0,,2025-12-31,1140.72,16,2025-09-28,2022-07-27,71.3,2,14.3,0,94.0,1,52.0
C000529,2025-08-01,SMB,LATAM,Starter,Partner,24,30.9,152,11.0,0,38.0,0.745,0,0,,2025-12-31,30.52,1,2025-08-13,2025-08-13,30.52,0,0.0,0,140.0,1,71.0
C000530,2025-08-09,Mid-Market,Europe,Starter,Partner,74,32.65,144,9.0,0,43.9,0.162,2,1,2025-11-20,2025-12-31,114.92,3,2025-10-24,2025-08-23,38.31,0,0.0,0,68.0,0,48.3
C000531,2024-05-05,SMB,Europe,Free,Organic,24,0.0,605,14.0,1,30.3,0.756,1,0,,2025-12-31,115.83,9,2025-08-31,2024-06-03,12.87,1,32.3,0,122.0,0,69.7
C000532,2022-08-25,Enterprise,North America,Starter,Sales,259,30.56,1224,18.0,1,44.7,0.183,0,0,,2025-12-31,601.15,19,2025-12-16,2022-10-08,31.64,2,41.2,0,15.0,1,59.5
C000533,2022-08-11,Mid-Market,Europe,Free,Organic,55,0.0,1238,26.0,0,16.8,0.531,0,0,,2025-12-31,159.52,24,2025-12-16,2022-09-04,6.65,0,0.0,0,15.0,0,75.8
C000534,2023-02-12,Mid-Market,North America,Free,Sales,77,0.0,1053,22.0,2,84.5,0.659,0,0,,2025-12-31,28.7,14,2025-09-26,2023-06-16,2.05,3,6.8,0,96.0,0,79.9
C000535,2024-04-05,Startup,North America,Free,Paid Search,1,0.0,635,6.0,0,-24.8,0.468,0,0,,2025-12-31,66.49000000000001,15,2025-12-04,2024-04-09,4.43,0,0.0,0,27.0,0,51.9
C000536,2022-08-08,SMB,APAC,Pro,Organic,6,70.21,1241,27.0,0,49.3,0.575,0,0,,2025-12-31,1701.5,25,2025-12-06,2022-11-04,68.06,0,0.0,0,25.0,1,81.3
C000537,2023-10-14,SMB,Europe,Enterprise,Paid Search,19,2587.58,809,13.0,2,43.0,0.333,0,0,,2025-12-31,37634.3,15,2025-11-25,2023-11-29,2508.95,2,14.2,0,36.0,1,57.9
C000538,2022-06-15,Enterprise,Europe,Pro,Partner,478,85.26,1295,12.0,2,44.3,0.405,0,0,,2025-12-31,3093.56,36,2025-12-30,2022-06-27,85.93,3,39.8,0,1.0,1,59.3
C000539,2024-02-12,Mid-Market,North America,Free,Referral,33,0.0,688,0.0,0,5.4,0.421,0,1,2025-05-20,2025-12-31,48.26,16,2025-04-30,2024-02-16,3.02,0,0.0,0,245.0,0,48.2
C000540,2022-01-31,SMB,APAC,Enterprise,Paid Search,11,1709.93,1430,18.0,1,-7.0,0.533,0,0,,2025-12-31,49935.38,30,2025-12-03,2022-04-23,1664.51,2,48.7,0,28.0,1,64.9
C000541,2024-10-10,Mid-Market,North America,Enterprise,Organic,32,5717.68,447,24.0,0,50.1,0.568,0,0,,2025-12-31,42983.81,7,2025-11-05,2024-10-25,6140.54,0,0.0,0,56.0,1,78.5
C000542,2022-03-21,Startup,Europe,Pro,Sales,7,87.21,1381,8.0,4,68.5,0.671,0,0,,2025-12-31,2454.69,27,2025-12-11,2022-06-12,90.91,4,125.6,0,20.0,1,63.1
C000543,2022-10-06,SMB,APAC,Free,Partner,11,0.0,1182,24.0,2,40.5,0.835,0,0,,2025-12-31,98.91,19,2025-07-09,2022-11-10,5.21,5,60.6,0,175.0,0,82.5
C000544,2022-09-07,SMB,Europe,Pro,Organic,3,73.71,1211,2.0,4,55.1,0.631,2,0,,2025-12-31,1994.24,26,2025-12-10,2022-12-08,76.7,4,49.3,0,21.0,1,51.2
C000545,2025-04-03,SMB,LATAM,Enterprise,Sales,9,1276.22,272,27.0,2,23.5,0.345,2,0,,2025-12-31,8704.52,6,2025-10-10,2025-06-10,1450.75,3,6.8,0,82.0,1,64.8
C000546,2022-03-18,Startup,North America,Business,Organic,1,179.83,1384,7.0,2,43.3,0.577,1,0,,2025-12-31,4809.21,27,2025-12-10,2022-04-29,178.12,2,57.4,0,21.0,1,57.9
C000547,2023-09-06,SMB,APAC,Pro,Organic,19,89.64,847,13.0,1,65.6,0.241,0,0,,2025-12-31,1197.98,14,2025-12-20,2024-01-01,85.57,2,47.2,0,11.0,1,58.9
C000548,2024-04-25,SMB,LATAM,Pro,Paid Search,14,82.1,615,0.0,0,27.2,0.674,0,0,,2025-12-31,1081.35,15,2025-11-29,2024-05-09,72.09,1,54.1,0,32.0,1,57.9
C000549,2024-01-08,Startup,Europe,Enterprise,Partner,5,778.25,723,25.0,0,64.6,0.164,0,0,,2025-12-31,9686.66,13,2025-11-10,2024-05-11,745.13,1,4.5,0,51.0,1,68.7
C000550,2024-08-31,Mid-Market,APAC,Free,Paid Search,37,0.0,487,14.0,1,-5.9,0.174,0,0,,2025-12-31,54.010000000000005,12,2025-12-12,2024-09-08,4.5,1,5.6,0,19.0,0,50.6
C000551,2025-02-22,Startup,North America,Free,Sales,7,0.0,312,27.0,2,19.7,0.431,0,1,2025-11-22,2025-12-31,39.52,6,2025-10-30,2025-04-20,6.59,2,38.8,0,62.0,0,71.0
C000552,2023-07-17,Enterprise,APAC,Business,Organic,443,193.19,898,10.0,2,48.6,0.656,0,0,,2025-12-31,3949.9900000000002,21,2025-11-09,2023-07-23,188.09,2,82.2,0,52.0,1,65.5
C000553,2025-03-30,SMB,LATAM,Free,Sales,13,0.0,276,1.0,1,82.6,0.021,0,1,2025-11-01,2025-12-31,0.0,1,2025-09-25,2025-09-25,0.0,1,42.1,0,97.0,0,43.3
C000554,2023-03-31,SMB,APAC,Starter,Organic,4,25.39,1006,18.0,1,35.4,0.475,0,0,,2025-12-31,716.15,28,2025-11-23,2023-05-30,25.58,1,49.7,0,38.0,1,67.4
C000555,2025-11-08,SMB,LATAM,Starter,Organic,17,30.48,53,4.0,3,9.2,0.637,0,1,2025-11-24,2025-12-31,52.16,2,2025-11-15,2025-11-12,26.08,3,47.4,0,46.0,0,54.1
C000556,2023-12-23,SMB,Europe,Starter,Organic,12,25.13,739,17.0,1,82.0,0.264,0,0,,2025-12-31,478.18,17,2025-11-16,2024-02-11,28.13,2,11.2,0,45.0,1,64.8
C000557,2024-11-18,SMB,Europe,Free,Organic,21,0.0,408,0.0,1,31.8,0.441,0,0,,2025-12-31,35.74,11,2025-11-09,2024-11-26,3.25,1,118.8,0,52.0,0,49.9
C000558,2025-06-05,Mid-Market,North America,Pro,Paid Search,60,89.94,209,4.0,1,51.6,0.196,0,0,,2025-12-31,267.41999999999996,3,2025-11-20,2025-06-29,89.14,2,14.6,0,41.0,1,48.1
C000559,2025-02-07,Mid-Market,APAC,Starter,Referral,20,29.81,327,17.0,2,26.6,0.242,0,0,,2025-12-31,253.43,8,2025-12-31,2025-04-16,31.68,2,45.2,0,0.0,1,57.1
C000560,2025-05-02,Mid-Market,APAC,Pro,Referral,54,88.34,243,18.0,0,38.6,0.701,1,0,,2025-12-31,451.84000000000003,5,2025-11-27,2025-06-03,90.37,2,34.3,0,34.0,1,74.0
C000561,2024-02-07,SMB,Europe,Starter,Referral,8,26.12,693,4.0,2,20.9,0.57,0,0,,2025-12-31,343.7,13,2025-11-15,2024-03-09,26.44,2,9.0,0,46.0,1,54.8
C000562,2022-03-04,SMB,North America,Enterprise,Organic,8,1451.04,1398,5.0,0,91.4,0.404,0,0,,2025-12-31,38559.520000000004,28,2025-12-24,2022-05-06,1377.13,0,0.0,0,7.0,1,60.7
C000563,2023-12-07,Mid-Market,Europe,Pro,Referral,27,83.9,755,24.0,3,64.8,0.186,1,0,,2025-12-31,915.16,11,2025-12-22,2024-04-14,83.2,4,52.5,0,9.0,1,62.0
C000564,2022-09-17,Startup,APAC,Enterprise,Paid Search,2,301.92,1201,0.0,1,79.2,0.365,1,0,,2025-12-31,9003.41,29,2025-10-21,2022-12-06,310.46,1,20.3,0,71.0,1,50.4
C000565,2025-06-25,Mid-Market,LATAM,Starter,Referral,54,32.53,189,6.0,1,15.3,0.433,0,1,2025-12-23,2025-12-31,333.96999999999997,9,2025-12-06,2025-07-17,37.11,1,5.8,0,25.0,0,53.4
C000566,2022-12-05,SMB,North America,Free,Referral,18,0.0,1122,27.0,1,-10.6,0.281,0,0,,2025-12-31,85.87,16,2025-12-15,2023-02-08,5.37,1,41.8,0,16.0,0,65.0
C000567,2022-11-23,SMB,North America,Business,Organic,10,222.57,1134,15.0,1,27.7,0.414,0,0,,2025-12-31,5766.68,27,2025-12-19,2023-01-06,213.58,2,78.1,0,12.0,1,62.1
C000568,2022-12-23,Mid-Market,Europe,Business,Paid Search,61,208.61,1104,0.0,0,97.9,0.022,1,0,,2025-12-31,6252.47,29,2025-11-15,2023-02-06,215.6,1,9.0,0,46.0,1,43.4
C000569,2024-07-07,SMB,North America,Free,Sales,22,0.0,542,24.0,1,27.0,0.36,0,0,,2025-12-31,33.87,6,2025-11-27,2024-09-13,5.64,2,75.0,0,34.0,0,68.4
C000570,2024-03-27,SMB,LATAM,Pro,Organic,12,88.02,644,9.0,0,61.3,0.382,1,0,,2025-12-31,1481.45,17,2025-12-10,2024-05-01,87.14,0,0.0,0,21.0,1,58.6
C000571,2025-09-18,Enterprise,Europe,Pro,Referral,425,67.47,104,20.0,2,9.4,0.633,0,0,,2025-12-31,165.79,2,2025-12-29,2025-10-02,82.9,2,45.8,0,2.0,1,69.8
C000572,2023-08-19,Startup,Europe,Free,Sales,4,0.0,865,17.0,1,14.3,0.273,0,0,,2025-12-31,113.91,20,2025-12-29,2024-01-05,5.7,2,71.3,0,2.0,0,58.3
C000573,2023-02-08,Startup,North America,Pro,Paid Search,3,79.19,1057,10.0,1,33.0,0.545,1,0,,2025-12-31,2261.66,28,2025-11-05,2023-02-09,80.77,1,0.0,0,56.0,1,60.1
C000574,2022-03-12,SMB,Europe,Starter,Paid Search,7,26.0,1390,10.0,1,87.7,0.574,0,0,,2025-12-31,567.69,22,2025-09-22,2022-06-30,25.8,1,0.0,0,100.0,1,68.4
C000575,2022-01-11,Startup,LATAM,Free,Paid Search,3,0.0,1450,15.0,3,62.5,0.523,0,0,,2025-12-31,155.99,29,2025-12-19,2022-04-23,5.38,5,93.2,0,12.0,0,65.8
C000576,2023-06-19,Startup,Europe,Business,Referral,7,180.14,926,10.0,1,-16.3,0.498,1,0,,2025-12-31,3591.92,21,2025-12-09,2023-07-12,171.04,1,89.5,0,22.0,1,53.7
C000577,2025-08-16,Mid-Market,North America,Pro,Paid Search,24,72.99,137,4.0,1,51.7,0.418,0,0,,2025-12-31,179.54000000000002,2,2025-12-12,2025-10-16,89.77,1,0.0,0,19.0,1,54.8
C000578,2024-01-19,SMB,North America,Business,Paid Search,8,211.17,712,20.0,0,6.3,0.53,0,0,,2025-12-31,4148.22,22,2025-12-11,2024-01-27,188.56,0,0.0,0,20.0,1,69.4
C000579,2025-07-01,SMB,LATAM,Pro,Organic,6,90.02,183,18.0,1,18.0,0.346,0,0,,2025-12-31,523.44,6,2025-12-24,2025-09-19,87.24,1,16.9,0,7.0,1,61.8
C000580,2022-05-26,Mid-Market,LATAM,Enterprise,Sales,43,7180.37,1315,16.0,0,47.8,0.457,0,0,,2025-12-31,151926.91,22,2025-10-23,2022-06-12,6905.77,0,0.0,0,69.0,1,67.8
C000581,2022-05-14,Mid-Market,North America,Starter,Sales,78,29.45,1327,20.0,2,70.0,0.347,0,0,,2025-12-31,631.0699999999999,22,2025-11-07,2022-06-05,28.68,2,55.6,1,54.0,1,67.3
C000582,2025-04-06,Enterprise,Europe,Starter,Partner,197,28.93,269,14.0,1,68.7,0.662,1,1,2025-09-26,2025-12-31,110.08,4,2025-08-05,2025-04-14,27.52,1,21.4,1,148.0,0,70.7
C000583,2022-06-02,SMB,North America,Starter,Sales,3,25.87,1308,25.0,2,43.3,0.637,1,0,,2025-12-31,644.2,26,2025-12-14,2022-06-05,24.78,2,50.0,0,17.0,1,75.8
C000584,2022-03-16,SMB,Europe,Pro,Partner,11,84.93,1386,24.0,2,43.6,0.235,1,0,,2025-12-31,2241.23,28,2025-12-03,2022-03-27,80.04,3,124.4,1,28.0,1,62.8
C000585,2023-08-01,SMB,North America,Pro,Sales,11,88.76,883,27.0,3,68.7,0.423,0,0,,2025-12-31,1212.68,12,2025-03-10,2023-08-20,101.06,3,49.0,0,296.0,1,74.2
C000586,2025-08-15,Mid-Market,APAC,Pro,Organic,24,76.0,138,3.0,1,-4.4,0.548,0,1,2025-10-05,2025-12-31,130.22,2,2025-09-13,2025-08-15,65.11,1,9.9,0,109.0,0,52.2
C000587,2024-09-12,Mid-Market,LATAM,Starter,Organic,64,25.66,475,2.0,1,80.7,0.671,0,0,,2025-12-31,270.26,11,2025-10-22,2024-10-02,24.57,2,52.4,0,70.0,1,63.5
C000588,2022-05-22,SMB,North America,Free,Sales,10,0.0,1319,13.0,1,16.6,0.589,0,0,,2025-12-31,81.88,17,2025-12-09,2022-07-27,4.82,3,25.6,1,22.0,0,64.4
C000589,2025-04-12,SMB,Europe,Business,Paid Search,10,213.68,263,19.0,3,41.5,0.435,0,0,,2025-12-31,1284.35,7,2025-10-12,2025-05-09,183.48,3,25.7,0,80.0,1,64.7
C000590,2025-04-21,Startup,North America,Business,Paid Search,7,177.62,254,6.0,1,22.6,0.215,0,0,,2025-12-31,686.58,4,2025-09-12,2025-05-01,171.64,1,3.9,1,110.0,1,47.6
C000591,2025-02-18,Startup,North America,Starter,Referral,3,26.75,316,3.0,1,6.1,0.468,0,0,,2025-12-31,130.24,4,2025-08-25,2025-03-05,32.56,1,14.0,0,128.0,1,50.8
C000592,2025-07-14,Startup,North America,Pro,Partner,7,75.21,170,1.0,2,46.5,0.413,1,1,2025-10-04,2025-12-31,218.78,3,2025-09-30,2025-08-04,72.93,2,8.2,0,92.0,0,47.9
C000593,2022-12-10,Startup,North America,Pro,Paid Search,7,74.82,1117,15.0,0,40.9,0.415,0,0,,2025-12-31,1254.26,16,2025-09-08,2022-12-12,78.39,1,1.7,0,114.0,1,64.9
C000594,2025-11-01,Startup,LATAM,Business,Paid Search,2,185.61,60,27.0,1,32.4,0.642,0,0,,2025-12-31,0.0,0,,,0.0,1,65.5,0,,1,80.1
C000595,2023-04-04,SMB,North America,Starter,Paid Search,23,29.75,1002,13.0,1,31.2,0.557,1,0,,2025-12-31,498.38,16,2025-12-12,2023-04-27,31.15,3,42.6,0,19.0,1,62.9
C000596,2025-02-20,Enterprise,APAC,Pro,Organic,98,87.32,314,20.0,1,73.1,0.607,1,0,,2025-12-31,655.79,8,2025-12-26,2025-04-07,81.97,2,5.2,1,5.0,1,74.9
C000597,2024-04-08,Enterprise,North America,Free,Organic,465,0.0,632,1.0,0,89.8,0.699,1,0,,2025-12-31,28.94,8,2025-09-26,2024-07-15,3.62,0,0.0,0,96.0,0,63.8
C000598,2025-01-19,Mid-Market,Europe,Starter,Paid Search,24,26.05,346,6.0,0,66.3,0.448,0,0,,2025-12-31,114.78999999999999,4,2025-11-22,2025-09-21,28.7,1,9.3,0,39.0,1,60.4
C000599,2024-06-16,Mid-Market,Europe,Business,Referral,56,177.59,563,19.0,3,41.9,0.43,0,0,,2025-12-31,2947.55,17,2025-12-20,2024-09-13,173.39,4,43.8,0,11.0,1,64.6
C000600,2024-07-07,Mid-Market,LATAM,Starter,Paid Search,75,33.06,542,11.0,0,-5.9,0.499,1,0,,2025-12-31,564.4,17,2025-12-22,2024-07-25,33.2,2,18.9,0,9.0,1,57.2
C000601,2024-05-31,Startup,North America,Free,Paid Search,3,0.0,579,0.0,0,50.7,0.103,0,0,,2025-12-31,132.32,19,2025-12-15,2024-07-07,6.96,1,19.3,0,16.0,0,43.2
C000602,2025-01-18,Mid-Market,North America,Starter,Partner,53,32.78,347,6.0,1,51.8,0.482,0,0,,2025-12-31,272.35,8,2025-12-26,2025-03-18,34.04,1,20.5,0,5.0,1,58.5
C000603,2024-11-22,Startup,APAC,Starter,Organic,1,28.7,404,22.0,0,54.3,0.321,1,0,,2025-12-31,137.89,5,2025-11-28,2025-03-16,27.58,0,0.0,0,33.0,1,67.7
C000604,2022-07-12,SMB,APAC,Pro,Paid Search,5,67.29,1268,19.0,1,6.5,0.553,0,0,,2025-12-31,2269.42,34,2025-12-21,2022-09-20,66.75,1,51.4,0,10.0,1,67.7
C000605,2025-03-27,SMB,APAC,Starter,Organic,21,26.78,279,22.0,2,56.3,0.665,1,0,,2025-12-31,139.63,4,2025-09-22,2025-04-06,34.91,4,15.8,1,100.0,1,75.2
C000606,2024-02-06,SMB,North America,Business,Partner,19,205.93,694,9.0,1,74.0,0.473,0,0,,2025-12-31,1579.49,8,2025-06-12,2024-03-14,197.44,2,37.8,0,202.0,1,63.1
C000607,2023-04-08,Mid-Market,North America,Business,Organic,76,181.53,998,26.0,1,10.4,0.088,0,0,,2025-12-31,4169.52,22,2025-10-10,2023-05-03,189.52,3,6.7,0,82.0,1,60.4
C000608,2024-01-06,SMB,APAC,Starter,Paid Search,24,32.68,725,25.0,1,52.1,0.88,1,0,,2025-12-31,345.63,10,2025-12-13,2024-01-12,34.56,1,25.1,0,18.0,1,85.4
C000609,2025-10-14,Mid-Market,Europe,Business,Partner,58,170.99,78,10.0,2,14.7,0.4,0,0,,2025-12-31,0.0,0,,,0.0,2,63.7,0,,1,54.4
C000610,2025-05-11,Startup,Europe,Free,Referral,2,0.0,234,5.0,0,32.4,0.632,0,0,,2025-12-31,44.19,7,2025-11-13,2025-06-11,6.31,0,0.0,0,48.0,0,61.7
C000611,2025-04-07,Mid-Market,North America,Starter,Referral,58,27.66,268,26.0,0,11.3,0.639,0,0,,2025-12-31,84.63,4,2025-08-29,2025-04-15,21.16,0,0.0,0,124.0,1,78.5
C000612,2023-10-24,Mid-Market,North America,Free,Sales,33,0.0,799,9.0,0,26.2,0.853,2,0,,2025-12-31,118.92,17,2025-12-30,2023-11-08,7.0,0,0.0,0,1.0,0,67.2
C000613,2025-01-26,SMB,LATAM,Free,Partner,22,0.0,339,13.0,2,26.4,0.526,0,0,,2025-12-31,67.38,6,2025-11-22,2025-04-23,11.23,2,22.4,1,39.0,0,62.0
C000614,2023-07-05,SMB,APAC,Free,Paid Search,11,0.0,910,26.0,0,45.3,0.815,0,0,,2025-12-31,168.43,22,2025-11-08,2023-10-06,7.66,1,31.9,0,53.0,0,87.2
C000615,2024-09-08,SMB,North America,Free,Organic,18,0.0,479,7.0,2,57.3,0.424,0,0,,2025-12-31,26.81,11,2025-11-22,2024-09-08,2.44,2,8.4,1,39.0,0,56.7
C000616,2024-07-03,SMB,LATAM,Business,Organic,10,207.19,546,24.0,2,65.4,0.079,0,0,,2025-12-31,1633.3899999999999,8,2025-12-24,2024-07-05,204.17,2,30.9,0,7.0,1,62.3
C000617,2022-12-24,Mid-Market,Europe,Pro,Organic,68,88.92,1103,4.0,5,18.7,0.584,0,1,2025-07-31,2025-12-31,1590.21,17,2025-03-22,2023-01-04,93.54,7,62.3,0,284.0,0,50.5
C000618,2023-01-17,SMB,North America,Enterprise,Organic,17,2920.37,1079,8.0,2,44.0,0.863,0,1,2025-02-06,2025-12-31,26355.88,10,2024-12-27,2023-05-07,2635.59,2,15.2,1,369.0,0,69.4
C000619,2022-03-29,Mid-Market,North America,Pro,Paid Search,62,70.74,1373,10.0,3,7.5,0.071,1,0,,2025-12-31,2166.59,32,2025-12-23,2022-04-23,67.71,5,61.6,1,8.0,1,40.3
C000620,2022-07-19,Mid-Market,APAC,Pro,Referral,20,88.94,1261,13.0,3,32.2,0.252,0,0,,2025-12-31,1802.64,21,2025-12-10,2022-10-13,85.84,3,86.3,0,21.0,1,52.9
C000621,2023-09-13,Mid-Market,North America,Starter,Partner,53,28.56,840,6.0,0,36.1,0.795,1,0,,2025-12-31,475.4,18,2025-11-21,2023-09-24,26.41,1,8.8,0,40.0,1,65.8
C000622,2023-11-15,Mid-Market,Europe,Pro,Paid Search,55,77.19,777,24.0,0,11.9,0.772,0,0,,2025-12-31,869.69,13,2025-10-04,2023-11-30,66.9,0,0.0,0,88.0,1,80.8
C000623,2022-08-25,Mid-Market,APAC,Starter,Paid Search,19,25.24,1224,18.0,0,49.0,0.198,0,1,2025-09-07,2025-12-31,585.87,24,2025-09-02,2022-11-19,24.41,1,62.2,0,120.0,0,61.9
C000624,2023-08-20,SMB,North America,Enterprise,Organic,5,885.19,864,18.0,0,31.1,0.662,1,0,,2025-12-31,14727.539999999999,16,2025-11-12,2023-11-04,920.47,0,0.0,0,49.0,1,72.0
C000625,2024-05-13,Mid-Market,LATAM,Enterprise,Paid Search,20,3593.37,597,20.0,1,38.9,0.55,0,0,,2025-12-31,66622.73,18,2025-11-09,2024-05-31,3701.26,1,39.4,0,52.0,1,71.7
C000626,2022-11-29,Mid-Market,North America,Starter,Paid Search,40,32.44,1128,17.0,2,65.6,0.374,0,0,,2025-12-31,570.33,18,2025-12-29,2023-02-13,31.68,2,11.0,0,2.0,1,65.0
C000627,2023-04-29,SMB,Europe,Pro,Paid Search,24,71.74,977,18.0,1,24.3,0.484,0,0,,2025-12-31,1428.57,19,2025-11-27,2023-05-08,75.19,3,34.5,1,34.0,1,66.5
C000628,2023-06-10,Mid-Market,APAC,Pro,Organic,42,69.74,935,18.0,2,56.3,0.401,0,0,,2025-12-31,1367.14,18,2025-12-23,2023-10-01,75.95,3,94.4,0,8.0,1,65.7
C000629,2023-12-24,SMB,Europe,Pro,Sales,10,72.42,738,20.0,1,71.1,0.445,0,0,,2025-12-31,1166.88,16,2025-12-21,2023-12-29,72.93,1,26.8,0,10.0,1,71.8
C000630,2023-06-08,Startup,Europe,Free,Paid Search,4,0.0,937,25.0,1,69.5,0.282,0,0,,2025-12-31,64.33,16,2025-12-22,2023-08-29,4.02,1,65.7,0,9.0,0,71.2
C000631,2024-11-19,SMB,Europe,Pro,Partner,6,75.11,407,5.0,1,30.3,0.444,1,0,,2025-12-31,602.3,7,2025-12-03,2025-03-28,86.04,2,40.7,0,28.0,1,52.3
C000632,2023-04-14,Startup,LATAM,Business,Organic,4,199.62,992,14.0,1,10.7,0.657,0,0,,2025-12-31,4794.4,25,2025-10-30,2023-05-12,191.78,1,20.2,1,62.0,1,66.8
C000633,2023-09-13,Enterprise,APAC,Starter,Organic,450,33.23,840,5.0,0,17.3,0.162,0,0,,2025-12-31,679.38,20,2025-10-30,2023-10-01,33.97,0,0.0,0,62.0,1,46.1
C000634,2023-06-27,Enterprise,APAC,Pro,Paid Search,119,75.88,918,5.0,1,-4.7,0.298,0,0,,2025-12-31,1658.93,21,2025-11-30,2023-07-11,79.0,1,109.8,0,31.0,1,46.4
C000635,2022-09-19,SMB,North America,Free,Sales,3,0.0,1199,26.0,3,52.2,0.189,0,0,,2025-12-31,91.68,18,2025-11-10,2022-12-03,5.09,3,14.8,0,51.0,0,64.6
C000636,2024-09-07,SMB,Europe,Enterprise,Organic,15,2185.86,480,13.0,1,53.7,0.406,0,0,,2025-12-31,18995.28,9,2025-12-30,2024-10-24,2110.59,1,97.3,0,1.0,1,62.7
C000637,2022-12-03,Startup,Europe,Free,Paid Search,2,0.0,1124,19.0,3,37.9,0.194,0,0,,2025-12-31,212.32,27,2025-10-25,2023-05-14,7.86,4,26.8,0,67.0,0,57.1
C000638,2023-03-01,Enterprise,North America,Starter,Sales,358,30.64,1036,20.0,2,0.6,0.12,1,0,,2025-12-31,772.29,26,2025-12-05,2023-05-04,29.7,3,55.8,1,26.0,1,51.5
C000639,2025-02-07,SMB,APAC,Starter,Paid Search,9,28.65,327,0.0,4,25.9,0.192,1,0,,2025-12-31,138.26,5,2025-12-20,2025-05-17,27.65,7,75.8,1,11.0,1,35.4
C000640,2025-09-18,Mid-Market,North America,Business,Paid Search,21,217.8,104,13.0,4,69.5,0.623,1,1,2025-10-14,2025-12-31,154.14,1,2025-09-27,2025-09-27,154.14,4,17.1,0,95.0,0,64.2
C000641,2024-08-17,Mid-Market,North America,Pro,Partner,67,67.51,501,5.0,3,50.2,0.707,1,1,2025-07-07,2025-12-31,566.95,9,2025-05-28,2024-10-17,62.99,4,30.0,0,217.0,0,59.2
C000642,2025-08-03,Mid-Market,North America,Free,Paid Search,19,0.0,150,8.0,2,54.6,0.357,1,1,2025-10-11,2025-12-31,0.0,1,2025-08-11,2025-08-11,0.0,2,124.6,0,142.0,0,53.3
C000643,2025-05-06,Startup,North America,Starter,Sales,2,29.92,239,5.0,1,100.0,0.607,0,0,,2025-12-31,255.26999999999998,8,2025-12-15,2025-05-09,31.91,1,0.0,0,16.0,1,66.2
C000644,2023-11-19,Enterprise,North America,Business,Organic,392,222.81,773,18.0,3,43.2,0.102,0,0,,2025-12-31,3691.16,17,2025-12-02,2023-12-14,217.13,4,21.6,1,29.0,1,54.0
C000645,2025-01-06,Startup,Europe,Starter,Referral,4,26.43,359,3.0,2,-19.0,0.24,0,0,,2025-12-31,267.64,11,2025-12-30,2025-02-09,24.33,3,24.1,0,1.0,1,40.0
C000646,2023-04-15,SMB,Europe,Free,Organic,24,0.0,991,12.0,0,7.5,0.605,0,0,,2025-12-31,156.6,23,2025-09-08,2023-04-17,6.81,1,2.0,0,114.0,0,64.6
C000647,2023-10-21,SMB,North America,Enterprise,Referral,14,2232.99,802,8.0,4,42.6,0.231,1,0,,2025-12-31,45029.44,21,2025-12-05,2023-11-01,2144.26,4,21.8,0,26.0,1,45.3
C000648,2024-02-05,SMB,North America,Starter,Referral,17,29.21,695,26.0,0,35.5,0.399,0,0,,2025-12-31,363.77,12,2025-12-28,2024-03-02,30.31,3,31.1,0,3.0,1,73.7
C000649,2025-10-05,Startup,APAC,Pro,Referral,1,73.85,87,22.0,1,30.7,0.341,3,1,2025-12-14,2025-12-31,252.72,4,2025-12-04,2025-11-08,63.18,1,14.7,0,27.0,0,60.4
C000650,2025-04-28,Mid-Market,North America,Starter,Referral,28,29.09,247,9.0,0,31.1,0.452,1,0,,2025-12-31,156.73000000000002,5,2025-12-07,2025-08-15,31.35,1,26.2,0,24.0,1,57.7
C000651,2023-12-01,Enterprise,Europe,Business,Referral,494,178.87,761,8.0,2,15.4,0.234,1,0,,2025-12-31,2537.17,15,2025-12-05,2023-12-19,169.14,3,119.0,0,26.0,1,45.7
C000652,2024-07-22,SMB,Europe,Business,Organic,21,191.3,527,20.0,1,44.3,0.205,0,0,,2025-12-31,2378.54,13,2025-11-07,2024-07-22,182.96,1,116.5,0,54.0,1,61.9
C000653,2022-10-17,Mid-Market,Europe,Starter,Organic,64,32.87,1171,17.0,1,69.9,0.466,0,0,,2025-12-31,1117.56,35,2025-11-23,2022-10-17,31.93,3,12.8,0,38.0,1,69.6
C000654,2025-02-24,Mid-Market,APAC,Pro,Paid Search,16,71.54,310,15.0,1,78.3,0.533,0,0,,2025-12-31,198.76999999999998,3,2025-09-19,2025-06-07,66.26,1,4.8,1,103.0,1,70.7
C000655,2024-03-01,Mid-Market,Europe,Enterprise,Paid Search,37,5268.94,670,2.0,2,77.6,0.7,0,0,,2025-12-31,72095.7,13,2025-11-09,2024-03-28,5545.82,3,8.0,0,52.0,1,62.5
C000656,2024-02-01,Mid-Market,LATAM,Business,Paid Search,25,170.94,699,2.0,2,11.1,0.274,0,0,,2025-12-31,3569.74,20,2025-12-25,2024-02-10,178.49,3,45.8,0,6.0,1,43.1
C000657,2024-12-31,Enterprise,APAC,Starter,Referral,173,31.02,365,17.0,0,34.5,0.339,0,0,,2025-12-31,203.17,6,2025-10-19,2025-01-05,33.86,2,22.0,0,73.0,1,63.8
C000658,2024-06-24,Enterprise,North America,Starter,Referral,213,30.04,555,13.0,2,27.2,0.5,0,0,,2025-12-31,357.25,13,2025-11-13,2024-10-14,27.48,3,8.9,0,48.0,1,61.3
C000659,2022-04-14,Startup,North America,Business,Sales,3,181.19,1357,23.0,0,49.8,0.762,0,0,,2025-12-31,4972.03,26,2025-12-18,2022-05-11,191.23,0,0.0,0,13.0,1,83.4
C000660,2023-02-17,Mid-Market,North America,Free,Paid Search,62,0.0,1048,0.0,2,32.9,0.405,0,0,,2025-12-31,131.01,21,2025-10-29,2023-02-23,6.24,2,22.8,0,63.0,0,47.4
C000661,2022-09-10,Startup,North America,Free,Referral,5,0.0,1208,5.0,1,29.4,0.487,0,1,2023-09-25,2025-12-31,15.91,7,2023-08-13,2022-12-01,2.27,1,0.0,0,871.0,0,55.5
C000662,2024-11-16,Startup,Europe,Starter,Referral,4,30.73,410,22.0,3,71.4,0.425,0,0,,2025-12-31,159.8,6,2025-11-29,2024-12-09,26.63,4,33.2,0,32.0,1,70.0
C000663,2022-02-20,Mid-Market,North America,Business,Sales,57,177.38,1410,27.0,2,37.5,0.197,1,0,,2025-12-31,5869.34,32,2025-11-03,2022-03-14,183.42,3,25.9,0,58.0,1,63.8
C000664,2022-10-17,SMB,North America,Starter,Referral,9,31.22,1171,20.0,0,38.1,0.313,0,0,,2025-12-31,742.25,25,2025-12-30,2022-11-23,29.69,1,19.1,0,1.0,1,66.1
C000665,2024-05-04,SMB,North America,Starter,Organic,14,27.61,606,0.0,1,45.3,0.608,0,0,,2025-12-31,445.83,17,2025-12-19,2024-05-04,26.23,2,48.4,0,12.0,1,56.3
C000666,2024-09-20,SMB,Europe,Pro,Organic,23,78.42,467,1.0,2,51.9,0.531,1,0,,2025-12-31,687.94,9,2025-10-30,2024-11-09,76.44,2,59.2,0,62.0,1,52.0
C000667,2023-12-21,Enterprise,APAC,Starter,Sales,151,31.67,741,24.0,2,52.0,0.617,1,0,,2025-12-31,655.75,20,2025-12-22,2024-01-29,32.79,3,21.4,0,9.0,1,75.1
C000668,2025-05-15,Mid-Market,LATAM,Starter,Referral,27,29.28,230,13.0,0,73.8,0.709,0,0,,2025-12-31,168.44,6,2025-12-30,2025-05-31,28.07,0,0.0,0,1.0,1,75.3
C000669,2025-08-07,Enterprise,North America,Pro,Referral,364,76.3,146,13.0,4,2.9,0.439,1,0,,2025-12-31,195.64,3,2025-11-24,2025-08-21,65.21,4,79.6,0,37.0,1,52.1
C000670,2022-07-08,SMB,North America,Starter,Referral,6,27.98,1272,26.0,0,43.1,0.35,1,0,,2025-12-31,617.66,22,2025-11-07,2022-07-25,28.08,0,0.0,0,54.0,1,71.0
C000671,2025-09-24,Startup,LATAM,Enterprise,Referral,5,804.48,98,6.0,1,32.4,0.297,0,0,,2025-12-31,1767.21,2,2025-11-27,2025-11-10,883.6,2,82.9,0,34.0,1,51.0
C000672,2024-05-28,SMB,APAC,Starter,Referral,11,26.08,582,7.0,1,27.5,0.73,0,0,,2025-12-31,197.67000000000002,7,2025-11-06,2024-08-04,28.24,2,76.0,0,55.0,1,64.4
C000673,2024-06-28,SMB,Europe,Business,Sales,14,185.72,551,19.0,1,53.9,0.282,0,1,2024-12-17,2025-12-31,1031.9,5,2024-12-03,2024-08-29,206.38,1,0.0,0,393.0,0,64.3
C000674,2022-05-16,Startup,Europe,Pro,Sales,2,80.35,1325,25.0,2,67.4,0.319,1,1,2024-06-19,2025-12-31,988.78,12,2024-05-12,2022-06-07,82.4,3,20.2,0,598.0,0,68.6
C000675,2024-06-08,SMB,North America,Free,Paid Search,3,0.0,571,10.0,3,20.2,0.681,0,0,,2025-12-31,92.89,15,2025-12-19,2024-07-01,6.19,4,19.4,0,12.0,0,61.9
C000676,2024-11-03,Enterprise,APAC,Free,Organic,469,0.0,423,4.0,1,77.2,0.46,1,0,,2025-12-31,66.72,8,2025-09-21,2024-12-13,8.34,1,6.6,0,101.0,0,56.6
C000677,2024-04-10,Startup,Europe,Pro,Organic,5,73.25,630,1.0,0,-0.8,0.6,1,0,,2025-12-31,712.19,10,2025-12-27,2024-07-08,71.22,0,0.0,0,4.0,1,51.8
C000678,2022-05-01,Mid-Market,Europe,Starter,Paid Search,61,30.19,1340,0.0,0,49.8,0.499,1,0,,2025-12-31,637.75,22,2025-12-16,2022-09-22,28.99,1,139.4,0,15.0,1,53.0
C000679,2024-01-19,Enterprise,Europe,Starter,Referral,275,25.72,712,10.0,2,12.7,0.15,1,1,2025-11-06,2025-12-31,346.40999999999997,14,2025-11-04,2024-01-26,24.74,3,25.8,0,57.0,0,44.7
C000680,2025-08-31,SMB,North America,Enterprise,Referral,7,1119.35,122,14.0,0,19.0,0.366,0,0,,2025-12-31,3353.57,3,2025-11-06,2025-09-02,1117.86,0,0.0,0,55.0,1,60.4
C000681,2024-10-31,Startup,North America,Pro,Paid Search,2,84.93,426,13.0,0,36.5,0.213,1,0,,2025-12-31,819.88,8,2025-10-10,2025-02-21,102.48,1,87.2,0,82.0,1,54.6
C000682,2022-07-16,Mid-Market,APAC,Enterprise,Paid Search,50,7547.51,1264,6.0,1,25.0,0.281,0,0,,2025-12-31,269547.35,34,2025-12-07,2022-09-16,7927.86,1,8.4,0,24.0,1,49.8
C000683,2025-10-04,SMB,Europe,Starter,Paid Search,6,31.29,88,18.0,6,-36.6,0.269,0,1,2025-12-26,2025-12-31,42.2,1,2025-12-22,2025-12-22,42.2,6,15.4,0,9.0,0,46.5
C000684,2025-10-03,Mid-Market,North America,Starter,Referral,34,27.52,89,24.0,2,50.3,0.195,0,0,,2025-12-31,23.89,1,2025-12-22,2025-12-22,23.89,2,128.6,0,9.0,1,64.3
C000685,2022-08-31,Enterprise,North America,Pro,Partner,177,85.46,1218,6.0,0,54.5,0.771,0,0,,2025-12-31,2777.13,33,2025-12-05,2022-11-11,84.16,0,0.0,0,26.0,1,68.9
C000686,2025-02-19,Enterprise,LATAM,Starter,Organic,94,32.19,315,18.0,3,31.0,0.4,1,1,2025-08-02,2025-12-31,110.44999999999999,3,2025-07-16,2025-04-25,36.82,3,20.3,1,168.0,0,59.7
C000687,2023-08-05,SMB,North America,Starter,Paid Search,6,25.07,879,15.0,3,29.0,0.744,0,0,,2025-12-31,570.19,21,2025-12-21,2023-08-14,27.15,3,9.9,0,10.0,1,69.1
C000688,2024-04-28,Startup,Europe,Free,Partner,4,0.0,612,19.0,1,25.7,0.364,0,0,,2025-12-31,34.379999999999995,9,2025-11-13,2024-06-20,3.82,3,30.2,0,48.0,0,64.0
C000689,2023-09-29,Mid-Market,Europe,Free,Paid Search,54,0.0,824,0.0,1,-7.8,0.659,0,1,2024-05-20,2025-12-31,21.1,5,2024-05-20,2024-02-13,4.22,1,26.3,0,590.0,0,52.5
C000690,2025-01-24,Mid-Market,APAC,Business,Referral,27,174.74,341,18.0,1,-10.4,0.095,0,0,,2025-12-31,819.28,5,2025-08-14,2025-02-04,163.86,2,6.0,1,139.0,1,51.4
C000691,2025-11-26,Mid-Market,Europe,Starter,Sales,51,25.78,35,20.0,3,55.1,0.118,1,0,,2025-12-31,23.16,1,2025-12-17,2025-12-17,23.16,3,22.5,0,14.0,1,55.4
C000692,2025-02-11,Enterprise,APAC,Enterprise,Organic,389,53123.03,323,19.0,2,61.6,0.378,1,0,,2025-12-31,301823.04,5,2025-10-28,2025-03-16,60364.61,2,31.4,0,64.0,1,64.5
C000693,2025-08-24,SMB,North America,Starter,Organic,14,26.96,129,23.0,0,49.9,0.476,1,0,,2025-12-31,77.82,3,2025-12-08,2025-09-12,25.94,1,22.2,0,23.0,1,72.8
C000694,2025-09-14,SMB,LATAM,Starter,Paid Search,5,29.78,108,20.0,0,44.5,0.651,1,0,,2025-12-31,37.6,1,2025-11-09,2025-11-09,37.6,1,34.2,0,52.0,1,74.8
C000695,2022-05-09,SMB,LATAM,Starter,Organic,19,26.87,1332,27.0,2,54.6,0.445,0,0,,2025-12-31,616.6,24,2025-12-28,2022-06-01,25.69,2,36.6,0,3.0,1,74.9
C000696,2022-12-29,Mid-Market,Europe,Pro,Paid Search,67,90.11,1098,18.0,1,52.9,0.378,1,0,,2025-12-31,2149.63,23,2025-08-31,2022-12-29,93.46,1,43.2,0,122.0,1,64.2
C000697,2024-10-29,SMB,Europe,Business,Organic,8,196.66,428,12.0,1,15.4,0.384,0,0,,2025-12-31,1432.57,8,2025-12-17,2024-10-29,179.07,1,0.0,0,14.0,1,57.3
C000698,2024-04-23,Enterprise,North America,Business,Organic,182,205.7,617,23.0,1,40.6,0.425,1,0,,2025-12-31,2490.38,11,2025-10-09,2024-08-08,226.4,2,7.7,0,83.0,1,68.8
C000699,2022-03-13,Mid-Market,Europe,Free,Referral,51,0.0,1389,19.0,3,27.6,0.128,0,0,,2025-12-31,82.37,36,2025-12-04,2022-03-15,2.29,4,30.2,0,27.0,0,54.1
C000700,2022-05-16,Startup,North America,Starter,Organic,3,30.14,1325,15.0,3,27.9,0.58,0,0,,2025-12-31,684.6800000000001,23,2025-10-06,2022-08-14,29.77,3,11.4,1,86.0,1,64.1
C000701,2024-01-15,SMB,North America,Business,Referral,9,185.4,716,16.0,1,63.5,0.727,2,1,2024-10-31,2025-12-31,518.89,3,2024-09-02,2024-04-24,172.96,1,9.6,0,485.0,0,71.9
C000702,2024-05-31,Startup,LATAM,Free,Paid Search,4,0.0,579,9.0,1,74.4,0.256,0,0,,2025-12-31,104.53,12,2025-12-05,2024-08-06,8.71,1,109.8,0,26.0,0,56.7
C000703,2022-08-28,Startup,North America,Pro,Paid Search,3,86.6,1221,17.0,1,-23.7,0.474,0,0,,2025-12-31,2270.32,25,2025-12-24,2022-11-24,90.81,1,14.8,0,7.0,1,60.5
C000704,2022-09-02,SMB,Europe,Starter,Organic,3,24.75,1216,13.0,1,28.6,0.273,1,0,,2025-12-31,567.97,20,2025-11-27,2022-09-20,28.4,2,29.0,0,34.0,1,54.2
C000705,2022-07-04,Startup,North America,Starter,Organic,7,28.23,1276,3.0,2,27.3,0.445,0,1,2025-10-16,2025-12-31,692.2,25,2025-08-13,2022-09-23,27.69,3,30.3,0,140.0,0,50.8
C000706,2024-03-18,SMB,North America,Starter,Paid Search,12,28.26,653,12.0,1,64.0,0.534,1,1,2025-06-21,2025-12-31,280.96,10,2025-04-24,2024-06-03,28.1,2,9.2,0,251.0,0,64.6
C000707,2022-01-12,Enterprise,North America,Starter,Referral,357,29.39,1449,26.0,4,-1.3,0.568,0,0,,2025-12-31,714.17,24,2025-10-15,2022-02-07,29.76,5,70.6,0,77.0,1,69.1
C000708,2024-03-29,Enterprise,North America,Business,Sales,408,217.15,642,9.0,0,-39.7,0.748,1,0,,2025-12-31,2655.43,13,2025-10-14,2024-06-10,204.26,0,0.0,0,78.0,1,59.5
C000709,2023-11-12,Enterprise,Europe,Pro,Organic,147,87.77,780,18.0,0,55.5,0.41,0,0,,2025-12-31,687.36,8,2025-12-21,2023-12-28,85.92,0,0.0,0,10.0,1,68.9
C000710,2023-10-29,Enterprise,LATAM,Enterprise,Organic,77,12594.35,794,11.0,1,59.1,0.33,1,0,,2025-12-31,167202.23,14,2025-12-23,2024-03-04,11943.02,3,13.1,0,8.0,1,57.1
C000711,2024-08-29,Mid-Market,Europe,Pro,Organic,65,83.67,489,7.0,0,-9.6,0.435,1,1,2025-09-12,2025-12-31,533.54,7,2025-08-30,2024-09-01,76.22,0,0.0,0,123.0,0,51.3
C000712,2024-01-18,SMB,LATAM,Starter,Referral,15,27.13,713,10.0,2,31.9,0.41,0,0,,2025-12-31,349.0,14,2025-12-31,2024-02-06,24.93,3,43.3,0,0.0,1,56.4
C000713,2024-11-06,SMB,Europe,Pro,Organic,8,69.21,420,26.0,1,73.3,0.39,0,0,,2025-12-31,984.74,13,2025-11-19,2024-12-08,75.75,2,36.3,0,42.0,1,75.7
C000714,2024-12-28,SMB,Europe,Starter,Organic,24,24.71,368,3.0,0,8.0,0.414,0,1,2025-05-18,2025-12-31,118.0,5,2025-05-12,2024-12-29,23.6,0,0.0,0,233.0,0,50.9
C000715,2025-08-08,Mid-Market,North America,Business,Sales,51,170.52,145,18.0,1,37.5,0.112,0,0,,2025-12-31,774.65,4,2025-10-17,2025-10-03,193.66,2,27.6,0,75.0,1,56.7
C000716,2025-02-16,SMB,North America,Starter,Referral,19,30.99,318,23.0,2,47.7,0.21,0,0,,2025-12-31,160.93,5,2025-11-23,2025-03-05,32.19,2,11.5,0,38.0,1,63.6
C000717,2024-01-11,Mid-Market,APAC,Enterprise,Partner,18,2624.01,720,5.0,3,-0.7,0.352,1,0,,2025-12-31,13419.91,6,2025-12-21,2024-03-05,2236.65,5,27.6,1,10.0,1,43.5
C000718,2023-12-05,Enterprise,Europe,Pro,Organic,248,83.93,757,21.0,0,20.9,0.28,1,0,,2025-12-31,978.63,11,2025-12-16,2024-03-24,88.97,1,65.4,0,15.0,1,62.2
C000719,2022-12-04,Mid-Market,Europe,Pro,Paid Search,54,69.33,1123,17.0,0,-7.3,0.8,0,0,,2025-12-31,1358.35,20,2025-10-11,2023-01-18,67.92,1,46.4,0,81.0,1,73.4
C000720,2024-05-07,Mid-Market,APAC,Pro,Organic,30,86.39,603,9.0,0,30.9,0.506,0,0,,2025-12-31,1174.16,13,2025-12-26,2024-10-23,90.32,0,0.0,0,5.0,1,61.3
C000721,2022-07-18,Mid-Market,North America,Pro,Partner,21,81.97,1262,4.0,2,15.2,0.598,0,0,,2025-12-31,1891.91,25,2025-10-01,2022-07-27,75.68,3,32.6,0,91.0,1,55.0
C000722,2025-08-24,Startup,APAC,Pro,Referral,2,76.14,129,26.0,0,40.2,0.349,0,0,,2025-12-31,335.29,4,2025-12-07,2025-09-14,83.82,1,53.1,0,24.0,1,72.7
C000723,2025-04-23,SMB,North America,Pro,Organic,6,86.65,252,5.0,2,50.9,0.456,1,0,,2025-12-31,518.71,6,2025-12-19,2025-08-03,86.45,4,13.6,1,12.0,1,53.2
C000724,2022-06-21,SMB,LATAM,Starter,Sales,4,30.7,1289,26.0,3,69.7,0.56,0,0,,2025-12-31,983.23,33,2025-12-14,2022-07-06,29.79,3,19.1,1,17.0,1,77.5
C000725,2025-01-28,Mid-Market,North America,Pro,Paid Search,71,86.93,337,18.0,1,93.3,0.523,0,0,,2025-12-31,629.81,7,2025-12-21,2025-03-07,89.97,2,12.8,0,10.0,1,74.6
C000726,2022-06-17,Startup,North America,Starter,Referral,5,30.83,1293,23.0,5,40.2,0.028,0,0,,2025-12-31,840.5699999999999,28,2025-12-24,2022-06-22,30.02,5,28.2,0,7.0,1,52.9
C000727,2024-10-28,SMB,APAC,Pro,Organic,22,68.33,429,8.0,0,27.1,0.199,0,0,,2025-12-31,745.0,11,2025-12-23,2024-12-09,67.73,1,41.3,0,8.0,1,50.8
C000728,2022-05-06,Mid-Market,North America,Pro,Paid Search,40,80.62,1335,0.0,1,25.6,0.599,1,0,,2025-12-31,2592.56,32,2025-11-22,2022-06-03,81.02,1,20.3,0,39.0,1,52.0
C000729,2023-11-30,SMB,LATAM,Starter,Organic,16,29.38,762,18.0,2,10.9,0.695,0,0,,2025-12-31,456.27,15,2025-12-02,2023-12-01,30.42,2,25.3,0,29.0,1,70.0
C000730,2024-07-29,SMB,Europe,Business,Referral,11,218.22,520,10.0,0,46.2,0.274,0,0,,2025-12-31,1502.6,9,2025-12-13,2024-09-08,166.96,0,0.0,0,18.0,1,56.8
C000731,2024-11-08,SMB,North America,Pro,Organic,23,71.39,418,15.0,1,22.6,0.649,0,0,,2025-12-31,555.57,7,2025-09-15,2025-01-12,79.37,3,22.3,0,107.0,1,68.6
C000732,2023-08-22,Enterprise,North America,Pro,Paid Search,394,72.49,862,12.0,0,48.0,0.269,1,0,,2025-12-31,1398.59,20,2025-08-09,2023-10-03,69.93,0,0.0,0,144.0,1,56.6
C000733,2025-08-10,SMB,LATAM,Pro,Referral,19,69.41,143,9.0,1,11.7,0.313,0,0,,2025-12-31,123.19,2,2025-11-23,2025-09-23,61.6,1,9.2,0,38.0,1,52.1
C000734,2025-01-12,Enterprise,Europe,Pro,Referral,397,77.85,353,20.0,3,23.3,0.069,0,1,2025-11-30,2025-12-31,697.1700000000001,9,2025-11-18,2025-01-18,77.46,5,71.7,0,43.0,0,52.8
C000735,2022-10-25,Mid-Market,APAC,Business,Partner,21,169.45,1163,14.0,3,45.8,0.805,0,0,,2025-12-31,3051.7,19,2025-11-20,2022-10-25,160.62,3,20.6,0,41.0,1,71.7
C000736,2024-08-17,Mid-Market,North America,Starter,Partner,63,30.04,501,17.0,0,31.9,0.251,0,0,,2025-12-31,462.65999999999997,16,2025-12-24,2024-08-23,28.92,1,21.2,0,7.0,1,60.9
C000737,2024-11-10,Startup,LATAM,Free,Partner,3,0.0,416,18.0,0,-13.0,0.188,0,0,,2025-12-31,19.47,7,2025-09-07,2024-11-10,2.78,1,19.8,0,115.0,0,55.4
C000738,2023-04-23,Mid-Market,Europe,Pro,Partner,74,70.73,983,18.0,0,34.6,0.217,0,0,,2025-12-31,1488.69,21,2025-11-29,2023-07-04,70.89,0,0.0,0,32.0,1,61.0
C000739,2024-11-21,Mid-Market,Europe,Starter,Paid Search,65,25.51,405,9.0,0,15.0,0.303,0,0,,2025-12-31,126.33,5,2025-08-11,2024-11-25,25.27,1,14.3,0,142.0,1,53.6
C000740,2025-07-08,Mid-Market,North America,Free,Organic,53,0.0,176,21.0,0,64.5,0.283,1,1,2025-11-16,2025-12-31,16.26,4,2025-11-05,2025-07-08,4.07,0,0.0,0,56.0,0,66.7
C000741,2025-03-14,Startup,North America,Free,Paid Search,5,0.0,292,6.0,1,59.3,0.704,0,0,,2025-12-31,0.0,5,2025-11-28,2025-03-26,0.0,1,32.2,0,33.0,0,65.9
C000742,2024-12-26,SMB,LATAM,Starter,Organic,13,24.96,370,26.0,0,-22.1,0.393,0,0,,2025-12-31,203.62,8,2025-10-08,2025-01-10,25.45,0,0.0,0,84.0,1,67.8
C000743,2024-06-26,Startup,LATAM,Enterprise,Paid Search,7,1025.03,553,22.0,2,55.0,0.283,0,0,,2025-12-31,13006.16,12,2025-12-15,2024-07-18,1083.85,2,50.6,0,16.0,1,65.6
C000744,2023-01-22,Mid-Market,North America,Starter,Paid Search,42,30.96,1074,15.0,0,44.7,0.567,0,0,,2025-12-31,670.12,20,2025-12-03,2023-01-29,33.51,0,0.0,0,28.0,1,69.9
C000745,2025-02-11,Enterprise,LATAM,Starter,Organic,496,24.7,323,5.0,3,-2.1,0.419,0,1,2025-11-11,2025-12-31,94.77,4,2025-11-01,2025-08-02,23.69,3,20.9,1,60.0,0,47.3
C000746,2023-06-05,SMB,North America,Enterprise,Referral,12,1775.13,940,25.0,2,57.0,0.609,0,0,,2025-12-31,40198.03,22,2025-11-27,2023-07-13,1827.18,2,59.2,0,34.0,1,78.3
C000747,2024-02-01,Mid-Market,North America,Enterprise,Referral,25,3667.86,699,15.0,2,3.0,0.768,0,0,,2025-12-31,61919.66,16,2025-11-14,2024-02-06,3869.98,2,7.2,1,47.0,1,68.7
C000748,2023-03-26,Startup,North America,Starter,Partner,2,26.9,1011,22.0,0,63.6,0.179,0,0,,2025-12-31,302.25,11,2025-06-08,2023-09-05,27.48,1,39.6,0,206.0,1,66.4
C000749,2023-03-24,Startup,North America,Business,Sales,3,182.31,1013,0.0,2,18.8,0.136,1,0,,2025-12-31,4840.11,24,2025-12-14,2023-06-01,201.67,2,29.4,0,17.0,1,36.0
C000750,2022-08-14,SMB,North America,Free,Organic,22,0.0,1235,9.0,1,-3.0,0.287,0,1,2024-05-23,2025-12-31,34.379999999999995,15,2024-04-17,2022-09-08,2.29,1,8.0,0,623.0,0,49.8
C000751,2025-10-06,Startup,North America,Business,Organic,4,214.99,86,8.0,1,88.0,0.263,0,0,,2025-12-31,251.07,1,2025-10-30,2025-10-30,251.07,3,70.4,1,62.0,1,57.3
C000752,2022-07-31,SMB,North America,Free,Organic,7,0.0,1249,22.0,6,-3.7,0.578,1,0,,2025-12-31,162.79,32,2025-11-27,2022-08-03,5.09,7,69.6,0,34.0,0,60.6
C000753,2022-05-04,Mid-Market,APAC,Starter,Paid Search,46,27.51,1337,13.0,0,14.8,0.466,1,0,,2025-12-31,749.87,27,2025-12-17,2022-05-06,27.77,1,90.9,0,14.0,1,60.1
C000754,2025-08-31,SMB,APAC,Starter,Organic,10,30.88,122,3.0,1,19.8,0.447,0,0,,2025-12-31,23.61,1,2025-12-19,2025-12-19,23.61,2,43.4,0,12.0,1,51.6
C000755,2024-03-04,Enterprise,APAC,Pro,Referral,156,75.05,667,17.0,1,23.6,0.14,0,0,,2025-12-31,1583.35,21,2025-10-14,2024-03-20,75.4,1,15.6,0,78.0,1,55.2
C000756,2023-09-19,Startup,North America,Free,Paid Search,2,0.0,834,4.0,0,52.5,0.14,0,0,,2025-12-31,92.14,19,2025-09-26,2023-09-22,4.85,1,19.8,0,96.0,0,48.0
C000757,2024-11-20,Enterprise,APAC,Pro,Paid Search,70,81.38,406,12.0,1,36.4,0.501,0,0,,2025-12-31,1087.75,13,2025-12-21,2024-12-22,83.67,3,16.0,0,10.0,1,62.9
C000758,2023-07-03,Mid-Market,North America,Pro,Paid Search,74,80.35,912,27.0,1,60.1,0.431,0,0,,2025-12-31,1485.6499999999999,18,2025-12-27,2023-08-06,82.54,1,0.0,0,4.0,1,76.5
C000759,2022-07-02,SMB,APAC,Free,Paid Search,17,0.0,1278,12.0,3,44.3,0.205,0,1,2024-06-29,2025-12-31,0.0,12,2024-05-13,2022-07-31,0.0,6,28.4,2,597.0,0,51.8
C000760,2024-11-09,Enterprise,Europe,Business,Referral,359,184.91,417,12.0,1,-6.8,0.405,0,0,,2025-12-31,2585.11,13,2025-12-11,2024-11-27,198.85,1,68.5,0,20.0,1,55.7
C000761,2022-09-09,Enterprise,North America,Starter,Partner,382,30.35,1209,1.0,1,48.7,0.219,0,0,,2025-12-31,816.71,27,2025-12-21,2022-09-15,30.25,2,56.9,0,10.0,1,45.8
C000762,2024-03-01,SMB,North America,Starter,Referral,18,28.1,670,12.0,2,40.8,0.078,1,1,2024-08-22,2025-12-31,87.39,3,2024-08-22,2024-06-27,29.13,3,38.2,0,496.0,0,47.1
C000763,2025-09-19,Enterprise,APAC,Starter,Partner,219,29.7,103,26.0,2,19.4,0.268,2,0,,2025-12-31,40.98,1,2025-12-10,2025-12-10,40.98,2,35.0,0,21.0,1,61.2
C000764,2025-08-31,SMB,LATAM,Starter,Paid Search,22,28.24,122,26.0,1,86.8,0.344,0,0,,2025-12-31,160.06,5,2025-11-26,2025-09-06,32.01,1,33.0,0,35.0,1,75.7
C000765,2023-05-31,Mid-Market,Europe,Starter,Paid Search,34,31.54,945,26.0,1,50.2,0.429,0,0,,2025-12-31,651.97,21,2025-10-24,2023-06-05,31.05,2,0.0,0,68.0,1,74.6
C000766,2025-01-20,Mid-Market,LATAM,Pro,Referral,46,89.42,345,10.0,1,58.5,0.536,1,0,,2025-12-31,770.15,9,2025-11-25,2025-02-23,85.57,1,53.2,0,36.0,1,62.4
C000767,2024-05-26,Mid-Market,LATAM,Pro,Paid Search,64,89.51,584,1.0,0,59.4,0.21,0,0,,2025-12-31,751.88,8,2025-08-13,2024-08-22,93.98,2,34.6,0,140.0,1,48.1
C000768,2023-11-17,SMB,North America,Starter,Paid Search,8,24.96,775,6.0,4,24.5,0.625,0,0,,2025-12-31,526.88,21,2025-10-25,2023-12-06,25.09,4,9.9,0,67.0,1,55.6
C000769,2022-07-20,Startup,APAC,Starter,Organic,4,28.77,1260,5.0,1,50.8,0.492,0,0,,2025-12-31,901.97,31,2025-12-31,2022-08-11,29.1,1,157.8,0,0.0,1,57.8
C000770,2023-06-23,Mid-Market,North America,Business,Partner,41,190.89,922,2.0,1,42.9,0.589,0,0,,2025-12-31,3277.2,18,2025-12-26,2023-11-06,182.07,1,17.5,0,5.0,1,57.2
C000771,2024-07-21,Startup,Europe,Starter,Organic,6,25.44,528,19.0,0,21.1,0.621,1,0,,2025-12-31,462.51,18,2025-12-03,2024-08-07,25.7,0,0.0,0,28.0,1,70.7
C000772,2025-11-11,SMB,North America,Pro,Sales,16,87.02,50,14.0,1,4.5,0.115,3,0,,2025-12-31,0.0,0,,,0.0,1,143.6,0,,1,43.9
C000773,2022-01-07,SMB,LATAM,Business,Organic,19,209.02,1454,20.0,3,35.6,0.636,0,0,,2025-12-31,7776.71,36,2025-10-21,2022-01-31,216.02,4,55.1,0,71.0,1,71.0
C000774,2024-10-23,SMB,APAC,Starter,Paid Search,19,29.6,434,5.0,2,49.7,0.58,0,1,2025-07-04,2025-12-31,110.48,4,2025-06-28,2025-03-02,27.62,3,14.1,0,186.0,0,58.8
C000775,2025-04-25,SMB,North America,Pro,Organic,20,88.95,250,19.0,3,35.4,0.372,0,0,,2025-12-31,520.94,6,2025-09-14,2025-05-25,86.82,3,63.0,0,108.0,1,62.2
C000776,2025-09-22,Startup,North America,Enterprise,Organic,1,166.66,100,1.0,0,30.4,0.552,0,0,,2025-12-31,339.93,2,2025-12-17,2025-11-07,169.96,0,0.0,0,14.0,1,55.5
C000777,2023-08-30,SMB,Europe,Pro,Paid Search,18,88.96,854,20.0,1,35.7,0.711,0,0,,2025-12-31,1277.97,15,2025-08-30,2023-11-05,85.2,1,8.1,0,123.0,1,76.3
C000778,2022-06-19,SMB,APAC,Enterprise,Referral,8,1343.69,1291,22.0,3,27.8,0.393,0,0,,2025-12-31,30503.77,22,2025-08-12,2022-09-20,1386.54,3,31.3,0,141.0,1,64.7
C000779,2023-01-23,Mid-Market,LATAM,Starter,Organic,20,25.33,1073,7.0,1,73.7,0.314,0,1,2025-06-19,2025-12-31,398.79,15,2025-04-09,2023-02-02,26.59,1,9.5,0,266.0,0,56.5
C000780,2025-05-01,Enterprise,North America,Pro,Organic,254,67.57,244,9.0,1,41.8,0.396,0,1,2025-07-04,2025-12-31,143.82,2,2025-06-15,2025-06-11,71.91,2,18.6,0,199.0,0,57.6
C000781,2025-06-09,SMB,Europe,Starter,Organic,5,32.27,205,12.0,1,22.8,0.51,0,0,,2025-12-31,119.2,4,2025-11-25,2025-08-30,29.8,3,5.8,0,36.0,1,61.8
C000782,2024-06-30,Enterprise,Europe,Free,Paid Search,168,0.0,549,16.0,1,-10.2,0.382,0,0,,2025-12-31,111.79,18,2025-11-29,2024-07-07,6.21,1,26.2,0,32.0,0,58.2
C000783,2022-06-25,Mid-Market,North America,Enterprise,Sales,72,10923.88,1285,14.0,1,30.1,0.377,1,0,,2025-12-31,386144.94,36,2025-11-30,2022-09-25,10726.25,1,164.4,0,31.0,1,58.3
C000784,2022-06-24,Enterprise,Europe,Starter,Paid Search,171,29.87,1286,2.0,0,20.6,0.258,0,0,,2025-12-31,972.94,32,2025-10-30,2023-01-30,30.4,1,2.7,0,62.0,1,46.6
C000785,2023-11-15,Mid-Market,North America,Enterprise,Referral,26,4076.08,777,10.0,3,19.7,0.365,1,0,,2025-12-31,55843.009999999995,14,2025-11-02,2023-12-07,3988.79,4,31.1,1,59.0,1,50.3
C000786,2024-04-21,SMB,North America,Pro,Paid Search,18,74.15,619,14.0,2,58.6,0.138,0,0,,2025-12-31,890.4,13,2025-11-25,2024-04-26,68.49,2,21.6,0,36.0,1,54.5
C000787,2022-02-16,SMB,Europe,Enterprise,Paid Search,11,1678.99,1414,17.0,2,37.0,0.35,1,0,,2025-12-31,76109.82,45,2025-10-20,2022-03-15,1691.33,3,55.6,0,72.0,1,59.4
C000788,2024-09-08,SMB,LATAM,Enterprise,Referral,9,1491.56,479,17.0,2,-7.1,0.413,1,0,,2025-12-31,7790.15,5,2025-12-29,2025-07-27,1558.03,2,39.7,0,2.0,1,56.9
C000789,2024-02-18,Enterprise,North America,Pro,Organic,233,82.28,682,18.0,2,50.5,0.542,0,0,,2025-12-31,1251.75,15,2025-12-28,2024-02-18,83.45,4,23.6,0,3.0,1,69.4
C000790,2022-01-18,SMB,North America,Enterprise,Referral,3,541.67,1443,12.0,0,-4.6,0.517,0,0,,2025-12-31,13319.08,23,2025-12-05,2022-01-29,579.09,0,0.0,0,26.0,1,60.8
C000791,2022-05-17,Mid-Market,APAC,Business,Paid Search,77,216.67,1324,14.0,3,52.3,0.413,1,0,,2025-12-31,4269.54,21,2025-12-23,2022-09-15,203.31,4,19.7,0,8.0,1,58.6
C000792,2023-10-12,SMB,LATAM,Pro,Paid Search,12,84.86,811,9.0,0,23.1,0.052,1,1,2025-10-21,2025-12-31,1414.8899999999999,17,2025-09-23,2023-11-08,83.23,1,4.5,1,99.0,0,44.9
C000793,2024-10-30,SMB,Europe,Pro,Sales,6,85.94,427,7.0,1,37.2,0.294,1,0,,2025-12-31,725.68,8,2025-11-11,2024-12-29,90.71,2,53.2,0,50.0,1,50.3
C000794,2025-03-26,SMB,North America,Starter,Paid Search,10,24.8,280,8.0,2,34.4,0.641,0,0,,2025-12-31,239.13,11,2025-10-31,2025-04-09,21.74,2,53.4,0,61.0,1,61.8
C000795,2023-09-09,SMB,APAC,Free,Sales,5,0.0,844,12.0,4,31.3,0.173,0,0,,2025-12-31,52.449999999999996,17,2025-09-14,2023-10-17,3.09,5,54.0,0,108.0,0,48.0
C000796,2023-02-27,Startup,Europe,Starter,Sales,2,32.98,1038,3.0,2,40.2,0.547,0,0,,2025-12-31,1028.82,30,2025-09-18,2023-04-26,34.29,2,6.9,0,104.0,1,55.1
C000797,2025-10-16,SMB,Europe,Starter,Organic,17,26.67,76,6.0,0,37.0,0.426,0,0,,2025-12-31,113.27,5,2025-12-22,2025-10-16,22.65,0,0.0,0,9.0,1,56.8
C000798,2023-10-18,SMB,North America,Starter,Paid Search,10,31.97,805,3.0,2,81.7,0.093,0,1,2025-03-05,2025-12-31,282.15999999999997,8,2025-02-06,2023-11-09,35.27,3,34.4,0,328.0,0,45.6
C000799,2023-03-28,SMB,North America,Pro,Referral,7,76.14,1009,11.0,0,40.6,0.078,0,0,,2025-12-31,1376.23,18,2025-12-20,2023-04-01,76.46,0,0.0,0,11.0,1,51.2
C000800,2023-09-25,Enterprise,North America,Pro,Organic,421,84.13,828,13.0,0,41.2,0.647,3,0,,2025-12-31,1907.62,21,2025-12-25,2023-10-16,90.84,3,31.1,0,6.0,1,64.1
C000801,2022-01-18,Startup,APAC,Pro,Referral,2,73.42,1443,4.0,1,17.3,0.224,0,0,,2025-12-31,2570.77,35,2025-12-31,2022-03-03,73.45,1,202.9,0,0.0,1,45.5
C000802,2023-03-08,Mid-Market,North America,Business,Organic,41,225.36,1029,3.0,1,44.5,0.25,1,0,,2025-12-31,5286.38,22,2025-12-24,2023-03-14,240.29,1,97.0,0,7.0,1,46.1
C000803,2024-01-08,Mid-Market,North America,Enterprise,Organic,55,9834.05,723,14.0,0,9.4,0.299,0,0,,2025-12-31,140526.06,14,2025-11-28,2024-01-18,10037.58,2,40.4,0,33.0,1,57.4
C000804,2025-08-06,Startup,Europe,Business,Paid Search,1,217.87,147,6.0,0,63.8,0.371,0,0,,2025-12-31,575.8199999999999,3,2025-12-29,2025-08-13,191.94,2,59.2,0,2.0,1,57.9
C000805,2024-11-21,SMB,APAC,Pro,Referral,21,68.54,405,24.0,1,-2.1,0.353,0,0,,2025-12-31,686.48,11,2025-12-18,2024-12-09,62.41,1,42.2,0,13.0,1,65.3
C000806,2025-01-22,Enterprise,North America,Starter,Referral,141,25.25,343,4.0,1,13.9,0.478,0,0,,2025-12-31,175.94,7,2025-12-16,2025-03-10,25.13,1,21.7,0,15.0,1,52.8
C000807,2024-02-19,Enterprise,APAC,Enterprise,Partner,394,63495.67,681,13.0,2,-5.7,0.423,0,0,,2025-12-31,623432.29,12,2025-12-21,2024-06-02,51952.69,2,30.1,0,10.0,1,55.7
C000808,2022-06-08,Enterprise,Europe,Starter,Organic,292,32.3,1302,22.0,1,45.5,0.742,0,0,,2025-12-31,1021.14,32,2025-12-15,2022-06-26,31.91,1,0.0,0,16.0,1,80.0
C000809,2023-07-14,SMB,North America,Starter,Paid Search,9,26.56,901,2.0,1,24.4,0.302,0,0,,2025-12-31,487.24,18,2025-10-20,2023-07-19,27.07,1,30.5,0,72.0,1,46.8
C000810,2025-11-26,Enterprise,LATAM,Starter,Organic,64,25.78,35,12.0,2,52.1,0.429,0,0,,2025-12-31,18.66,1,2025-11-30,2025-11-30,18.66,3,35.1,0,31.0,1,60.8
C000811,2022-03-05,Startup,APAC,Pro,Organic,7,78.01,1397,13.0,0,10.6,0.714,2,0,,2025-12-31,2576.34,32,2025-09-21,2022-07-22,80.51,0,0.0,0,101.0,1,65.1
C000812,2025-06-11,Startup,North America,Pro,Paid Search,1,89.28,203,15.0,1,48.3,0.56,0,0,,2025-12-31,418.48,5,2025-10-29,2025-06-13,83.7,1,0.0,0,63.0,1,68.5
C000813,2024-09-05,SMB,North America,Free,Partner,11,0.0,482,24.0,0,49.5,0.357,2,0,,2025-12-31,26.22,5,2025-10-08,2024-09-05,5.24,0,0.0,0,84.0,0,68.1
C000814,2023-02-10,SMB,North America,Business,Organic,6,224.73,1055,16.0,0,40.3,0.302,2,0,,2025-12-31,4062.06,18,2025-10-11,2023-04-28,225.67,2,28.6,0,81.0,1,58.4
C000815,2025-01-17,Mid-Market,North America,Starter,Organic,34,29.08,348,10.0,2,35.8,0.531,0,0,,2025-12-31,442.47,14,2025-12-28,2025-02-01,31.6,2,19.1,0,3.0,1,60.4
C000816,2025-04-11,Enterprise,Europe,Starter,Partner,340,32.81,264,11.0,0,38.4,0.614,0,0,,2025-12-31,88.71000000000001,3,2025-12-01,2025-08-02,29.57,1,44.9,0,30.0,1,67.1
C000817,2022-03-03,SMB,LATAM,Starter,Organic,5,33.19,1399,17.0,1,12.2,0.772,1,0,,2025-12-31,999.75,30,2025-11-19,2022-04-10,33.33,2,68.2,0,42.0,1,71.1
C000818,2022-06-02,Enterprise,APAC,Starter,Sales,235,32.57,1308,8.0,0,8.1,0.141,0,0,,2025-12-31,635.6899999999999,22,2025-10-18,2022-07-13,28.89,1,58.5,0,74.0,1,47.2
C000819,2024-08-10,Enterprise,North America,Business,Paid Search,408,195.25,508,19.0,1,48.6,0.138,0,0,,2025-12-31,1525.51,8,2025-11-20,2024-12-05,190.69,2,6.7,0,41.0,1,59.5
C000820,2025-11-29,Mid-Market,Europe,Free,Organic,50,0.0,32,10.0,1,25.8,0.509,0,0,,2025-12-31,0.0,1,2025-12-06,2025-12-06,0.0,1,0.0,0,25.0,0,60.3
C000821,2022-02-04,Enterprise,North America,Starter,Sales,236,31.19,1426,1.0,2,46.3,0.573,0,0,,2025-12-31,990.66,33,2025-11-07,2022-02-04,30.02,2,92.8,0,54.0,1,54.7
C000822,2024-08-09,SMB,Europe,Free,Partner,22,0.0,509,14.0,0,73.8,0.851,0,0,,2025-12-31,121.21000000000001,11,2025-09-24,2024-08-22,11.02,1,0.0,0,98.0,0,80.4
C000823,2022-07-15,SMB,North America,Business,Referral,18,190.24,1265,7.0,1,23.6,0.676,1,0,,2025-12-31,6884.42,35,2025-11-08,2022-08-13,196.7,2,131.2,0,53.0,1,60.4
C000824,2024-07-18,Startup,LATAM,Enterprise,Paid Search,2,323.15,531,10.0,1,20.0,0.409,1,0,,2025-12-31,4345.67,13,2025-12-04,2024-07-23,334.28,2,24.4,0,27.0,1,54.7
C000825,2024-06-10,SMB,APAC,Pro,Paid Search,10,87.58,569,9.0,0,26.9,0.38,0,1,2025-09-21,2025-12-31,1150.55,13,2025-09-20,2024-07-19,88.5,1,0.0,0,102.0,0,57.1
C000826,2022-05-10,Startup,North America,Pro,Partner,6,78.53,1331,3.0,1,36.0,0.257,0,0,,2025-12-31,2107.8,25,2025-12-28,2022-06-02,84.31,3,15.6,0,3.0,1,47.5
C000827,2024-08-31,SMB,APAC,Enterprise,Paid Search,21,2931.53,487,8.0,1,50.4,0.71,1,1,2025-07-02,2025-12-31,30379.559999999998,11,2025-05-30,2024-09-13,2761.78,1,61.7,0,215.0,0,65.0
C000828,2025-07-06,Startup,Europe,Starter,Partner,5,29.69,178,25.0,2,34.3,0.409,1,0,,2025-12-31,80.22,2,2025-08-30,2025-07-21,40.11,2,67.2,0,123.0,1,68.0
C000829,2025-05-19,SMB,APAC,Free,Organic,8,0.0,226,8.0,2,87.0,0.337,0,0,,2025-12-31,25.3,6,2025-12-30,2025-06-21,4.22,2,27.1,1,1.0,0,58.0
C000830,2022-02-11,Mid-Market,Europe,Pro,Paid Search,78,72.78,1419,20.0,2,45.5,0.425,0,0,,2025-12-31,1907.1200000000001,29,2025-09-10,2022-03-23,65.76,3,8.4,1,112.0,1,67.2
C000831,2022-12-18,Startup,North America,Starter,Organic,6,25.62,1109,11.0,0,54.5,0.287,0,0,,2025-12-31,584.47,24,2025-12-16,2023-04-13,24.35,1,0.0,0,15.0,1,58.9
C000832,2022-12-11,Mid-Market,Europe,Pro,Referral,17,80.89,1116,1.0,0,34.1,0.224,0,0,,2025-12-31,2193.37,28,2025-11-24,2022-12-18,78.33,1,34.5,0,37.0,1,46.0
C000833,2023-10-11,Enterprise,North America,Pro,Paid Search,379,72.98,812,23.0,0,60.3,0.551,1,0,,2025-12-31,1433.73,21,2025-11-27,2023-11-06,68.27,0,0.0,0,34.0,1,76.1
C000834,2022-07-24,Mid-Market,Europe,Starter,Sales,31,30.0,1256,25.0,0,29.9,0.469,0,0,,2025-12-31,513.87,17,2025-12-30,2022-11-06,30.23,0,0.0,0,1.0,1,74.4
C000835,2025-05-06,Mid-Market,North America,Pro,Organic,65,82.84,239,6.0,2,18.9,0.347,0,0,,2025-12-31,512.66,7,2025-11-17,2025-06-07,73.24,3,24.2,0,44.0,1,49.7
C000836,2025-01-15,Mid-Market,APAC,Starter,Paid Search,28,28.79,350,4.0,1,57.6,0.498,1,0,,2025-12-31,177.33,6,2025-12-21,2025-02-26,29.56,1,1.4,0,10.0,1,55.8
C000837,2025-03-01,SMB,APAC,Free,Paid Search,10,0.0,305,26.0,2,33.6,0.241,0,0,,2025-12-31,27.54,4,2025-10-19,2025-06-01,6.88,2,37.2,0,73.0,0,65.8
C000838,2022-10-11,Startup,North America,Business,Partner,1,170.99,1177,2.0,1,41.1,0.377,1,0,,2025-12-31,4057.19,23,2025-12-13,2022-10-13,176.4,1,8.5,0,18.0,1,48.7
C000839,2022-01-21,Mid-Market,Europe,Pro,Referral,30,78.57,1440,24.0,0,59.5,0.346,2,0,,2025-12-31,2482.27,31,2025-10-09,2022-03-13,80.07,2,20.1,0,83.0,1,68.8
C000840,2025-07-26,SMB,APAC,Free,Paid Search,7,0.0,158,4.0,2,38.5,0.266,1,1,2025-11-25,2025-12-31,0.0,3,2025-11-21,2025-09-22,0.0,2,18.8,0,40.0,0,45.4
C000841,2023-02-18,Mid-Market,North America,Free,Paid Search,56,0.0,1047,24.0,1,31.3,0.22,2,0,,2025-12-31,39.43,20,2025-12-07,2023-02-23,1.97,3,78.6,0,24.0,0,60.7
C000842,2024-07-27,Startup,Europe,Free,Referral,2,0.0,522,26.0,2,21.6,0.426,0,1,2025-09-28,2025-12-31,5.96,10,2025-08-03,2024-07-29,0.6,2,15.9,0,150.0,0,70.2
C000843,2025-07-24,Mid-Market,Europe,Free,Organic,19,0.0,160,6.0,0,61.5,0.451,0,0,,2025-12-31,7.42,5,2025-11-21,2025-08-09,1.48,0,0.0,0,40.0,0,60.0
C000844,2022-02-21,Enterprise,North America,Free,Partner,350,0.0,1409,6.0,0,26.5,0.512,0,0,,2025-12-31,221.14,36,2025-12-05,2022-06-23,6.14,1,21.0,0,26.0,0,58.4
C000845,2022-01-08,SMB,APAC,Starter,Referral,14,33.06,1453,2.0,0,33.7,0.598,0,0,,2025-12-31,985.22,29,2025-11-05,2022-01-11,33.97,1,20.2,0,56.0,1,58.1
C000846,2022-01-08,SMB,Europe,Business,Organic,15,206.9,1453,22.0,5,42.2,0.187,1,0,,2025-12-31,6632.18,31,2025-12-14,2022-01-25,213.94,5,53.9,0,17.0,1,55.0
C000847,2022-08-12,SMB,Europe,Business,Partner,19,180.89,1237,9.0,2,42.1,0.61,0,0,,2025-12-31,4528.92,28,2025-12-10,2022-08-17,161.75,2,17.2,0,21.0,1,62.5
C000848,2022-03-15,SMB,North America,Business,Referral,23,178.83,1387,18.0,1,60.3,0.55,0,0,,2025-12-31,5473.92,31,2025-12-20,2022-04-04,176.58,1,83.7,0,11.0,1,72.1
C000849,2025-03-18,SMB,North America,Pro,Organic,24,89.69,288,17.0,1,33.3,0.23,1,0,,2025-12-31,659.46,6,2025-12-14,2025-05-05,109.91,2,101.3,0,17.0,1,56.9
C000850,2024-05-16,Mid-Market,North America,Pro,Paid Search,15,90.39,594,14.0,1,69.4,0.614,1,0,,2025-12-31,1832.62,19,2025-12-13,2024-05-19,96.45,2,110.2,0,18.0,1,69.4
C000851,2025-11-02,Enterprise,LATAM,Business,Paid Search,199,196.51,59,6.0,1,28.8,0.699,0,0,,2025-12-31,233.28,1,2025-11-20,2025-11-20,233.28,1,33.2,0,41.0,1,62.7
C000852,2025-02-20,Enterprise,APAC,Business,Referral,172,220.58,314,10.0,2,44.3,0.291,2,0,,2025-12-31,1435.6399999999999,6,2025-10-18,2025-07-05,239.27,2,31.2,0,74.0,1,50.1
C000853,2025-10-09,Enterprise,APAC,Business,Partner,228,207.2,83,14.0,1,30.4,0.506,0,0,,2025-12-31,272.69,1,2025-12-26,2025-12-26,272.69,2,22.2,0,5.0,1,64.2
C000854,2022-12-08,Mid-Market,North America,Business,Paid Search,60,171.79,1119,2.0,0,87.3,0.578,0,0,,2025-12-31,3781.79,20,2025-09-19,2022-12-09,189.09,0,0.0,0,103.0,1,62.9
C000855,2023-02-16,SMB,Europe,Business,Paid Search,16,215.3,1049,11.0,0,26.2,0.592,0,0,,2025-12-31,5989.2,25,2025-09-24,2023-03-05,239.57,0,0.0,0,98.0,1,65.2
C000856,2025-04-29,Mid-Market,APAC,Pro,Organic,74,75.9,246,19.0,2,28.5,0.717,1,0,,2025-12-31,409.31,6,2025-12-29,2025-07-29,68.22,3,45.7,0,2.0,1,71.3
C000857,2022-12-17,SMB,Europe,Starter,Organic,20,29.67,1110,11.0,2,37.9,0.677,1,0,,2025-12-31,551.88,19,2025-10-18,2023-01-26,29.05,3,14.4,2,74.0,1,63.9
C000858,2022-03-23,SMB,North America,Free,Organic,13,0.0,1379,11.0,2,28.3,0.473,0,0,,2025-12-31,141.46,28,2025-08-16,2022-03-30,5.05,2,57.6,0,137.0,0,58.8
C000859,2024-08-14,SMB,APAC,Starter,Organic,18,29.23,504,23.0,0,42.9,0.795,0,0,,2025-12-31,324.45,11,2025-11-28,2024-09-11,29.5,1,5.7,0,33.0,1,83.7
C000860,2025-02-19,SMB,North America,Free,Organic,19,0.0,315,14.0,0,65.7,0.732,0,0,,2025-12-31,85.63,11,2025-11-20,2025-04-16,7.78,0,0.0,0,41.0,0,76.0
C000861,2025-10-16,Mid-Market,North America,Starter,Partner,23,31.68,76,20.0,4,38.7,0.715,0,0,,2025-12-31,101.3,3,2025-12-19,2025-10-16,33.77,4,16.5,0,12.0,1,72.2
C000862,2025-08-19,Mid-Market,LATAM,Free,Partner,62,0.0,134,1.0,2,39.6,0.502,0,1,2025-11-20,2025-12-31,20.69,2,2025-10-17,2025-10-09,10.34,2,28.1,0,75.0,0,51.9
C000863,2022-06-21,SMB,Europe,Starter,Organic,12,30.12,1289,25.0,1,29.3,0.811,0,0,,2025-12-31,1096.21,36,2025-10-25,2022-07-03,30.45,1,168.6,0,67.0,1,83.1
C000864,2025-01-09,SMB,North America,Enterprise,Partner,22,3028.05,356,21.0,0,22.4,0.143,1,1,2025-09-07,2025-12-31,6311.99,2,2025-04-02,2025-03-01,3156.0,0,0.0,0,273.0,0,58.3
C000865,2025-04-24,Mid-Market,Europe,Starter,Organic,31,32.26,251,23.0,0,37.4,0.25,0,0,,2025-12-31,245.66,7,2025-12-21,2025-07-08,35.09,2,23.0,0,10.0,1,66.8
C000866,2024-09-25,Mid-Market,LATAM,Starter,Paid Search,69,30.08,462,19.0,2,35.2,0.327,0,0,,2025-12-31,386.28000000000003,12,2025-12-03,2024-11-08,32.19,2,61.9,0,28.0,1,62.3
C000867,2025-03-18,SMB,North America,Starter,Sales,6,29.39,288,15.0,5,64.3,0.156,2,1,2025-07-24,2025-12-31,132.31,4,2025-07-08,2025-05-05,33.08,7,47.7,0,176.0,0,48.0
C000868,2025-04-13,SMB,APAC,Starter,Paid Search,20,32.03,262,14.0,2,11.0,0.293,1,0,,2025-12-31,182.17000000000002,5,2025-12-22,2025-07-19,36.43,2,3.0,0,9.0,1,52.4
C000869,2023-10-01,Mid-Market,North America,Pro,Organic,19,76.08,822,17.0,0,71.4,0.503,2,0,,2025-12-31,1691.3,21,2025-11-18,2023-10-31,80.54,2,24.5,1,43.0,1,68.4
C000870,2022-02-27,SMB,North America,Pro,Paid Search,13,69.49,1403,13.0,2,31.3,0.035,0,0,,2025-12-31,1658.97,26,2025-11-23,2022-07-06,63.81,3,75.9,0,38.0,1,47.8
C000871,2023-10-15,Startup,Europe,Free,Partner,5,0.0,808,20.0,1,38.7,0.334,1,0,,2025-12-31,92.17,19,2025-11-25,2023-12-19,4.85,1,28.6,0,36.0,0,63.2
C000872,2022-10-16,Enterprise,Europe,Pro,Organic,338,88.78,1172,9.0,1,8.4,0.911,0,0,,2025-12-31,2494.61,28,2025-12-19,2022-11-17,89.09,3,65.5,0,12.0,1,69.7
C000873,2022-06-12,Startup,North America,Free,Sales,1,0.0,1298,21.0,2,49.0,0.336,0,0,,2025-12-31,184.91,23,2025-12-20,2022-08-26,8.04,2,44.8,0,11.0,0,65.7
C000874,2022-06-28,Mid-Market,Europe,Pro,Paid Search,71,78.77,1282,9.0,4,11.0,0.491,0,0,,2025-12-31,1587.76,22,2025-12-18,2022-07-07,72.17,4,15.7,1,13.0,1,52.9
C000875,2024-09-24,SMB,Europe,Enterprise,Organic,18,3153.4,463,13.0,0,44.3,0.837,0,0,,2025-12-31,39894.63,13,2025-12-31,2024-10-06,3068.82,1,0.0,0,0.0,1,76.1
C000876,2023-12-23,SMB,Europe,Enterprise,Paid Search,12,2131.28,739,1.0,0,41.9,0.477,0,0,,2025-12-31,37122.95,18,2025-12-04,2024-02-14,2062.39,1,18.1,0,27.0,1,54.4
C000877,2024-02-11,Enterprise,APAC,Starter,Partner,403,31.61,689,25.0,2,26.9,0.207,0,0,,2025-12-31,398.32,12,2025-11-14,2024-03-31,33.19,3,32.8,0,47.0,1,63.2
C000878,2024-12-01,Startup,APAC,Business,Paid Search,1,228.62,395,19.0,2,-16.6,0.759,0,0,,2025-12-31,1054.93,4,2025-12-16,2025-06-21,263.73,3,60.0,1,15.0,1,70.1
C000879,2024-02-24,SMB,Europe,Business,Sales,6,226.41,676,6.0,0,89.0,0.449,1,0,,2025-12-31,3424.41,16,2025-10-10,2024-02-28,214.03,0,0.0,0,82.0,1,60.7
C000880,2024-06-19,Startup,Europe,Business,Sales,7,202.7,560,1.0,0,8.6,0.171,1,0,,2025-12-31,1278.38,7,2025-11-11,2025-01-29,182.63,0,0.0,0,50.0,1,39.9
C000881,2022-05-04,Mid-Market,Europe,Starter,Organic,46,30.46,1337,23.0,2,41.8,0.454,1,0,,2025-12-31,689.79,25,2025-10-31,2022-05-07,27.59,3,18.4,0,61.0,1,68.3
C000882,2025-05-02,Startup,Europe,Pro,Organic,6,90.62,243,0.0,1,16.8,0.112,0,1,2025-08-22,2025-12-31,548.7,6,2025-08-17,2025-05-19,91.45,1,19.9,0,136.0,0,38.5
C000883,2023-10-04,Startup,North America,Starter,Paid Search,4,32.55,819,13.0,0,61.2,0.082,0,0,,2025-12-31,801.06,25,2025-11-19,2023-10-11,32.04,2,8.5,0,42.0,1,55.2
C000884,2022-08-10,SMB,North America,Free,Partner,13,0.0,1239,0.0,2,25.5,0.529,1,0,,2025-12-31,201.6,34,2025-12-22,2022-08-30,5.93,2,44.4,0,9.0,0,48.4
C000885,2025-03-09,Mid-Market,North America,Pro,Partner,25,72.46,297,19.0,1,16.2,0.214,0,0,,2025-12-31,321.52,4,2025-10-27,2025-03-17,80.38,1,17.9,0,65.0,1,58.5
C000886,2024-11-16,SMB,North America,Starter,Organic,12,26.1,410,5.0,1,49.9,0.746,0,0,,2025-12-31,248.17000000000002,9,2025-12-02,2024-12-02,27.57,1,38.4,0,29.0,1,65.3
C000887,2022-03-17,SMB,LATAM,Starter,Sales,21,25.86,1385,11.0,4,3.2,0.432,0,0,,2025-12-31,911.9399999999999,33,2025-12-08,2022-03-19,27.63,4,12.4,0,23.0,1,52.1
C000888,2022-10-04,Startup,Europe,Business,Paid Search,5,170.32,1184,15.0,1,24.7,0.305,0,0,,2025-12-31,5600.08,34,2025-12-08,2022-10-06,164.71,1,49.8,0,23.0,1,58.5
C000889,2022-01-23,SMB,Europe,Pro,Referral,18,84.97,1438,10.0,2,52.3,0.693,0,0,,2025-12-31,3027.22,36,2025-08-30,2022-02-14,84.09,2,27.6,0,123.0,1,66.9
C000890,2023-01-23,Mid-Market,Europe,Enterprise,Referral,53,8552.76,1073,19.0,1,72.7,0.249,0,0,,2025-12-31,233635.37,25,2025-12-06,2023-02-01,9345.41,1,4.1,0,25.0,1,65.2
C000891,2022-05-23,Mid-Market,Europe,Business,Organic,57,196.26,1318,14.0,0,10.9,0.371,0,0,,2025-12-31,5647.68,29,2025-09-05,2022-06-20,194.75,2,78.5,0,117.0,1,59.7
C000892,2024-10-12,SMB,Europe,Business,Organic,23,169.23,445,11.0,2,19.7,0.564,0,0,,2025-12-31,1482.49,8,2025-11-12,2024-10-14,185.31,3,23.2,0,49.0,1,60.7
C000893,2024-01-18,Startup,Europe,Business,Organic,1,197.45,713,9.0,2,43.8,0.645,2,0,,2025-12-31,2684.7,14,2025-11-23,2024-02-21,191.76,2,62.1,0,38.0,1,59.8
C000894,2025-11-02,Enterprise,APAC,Free,Sales,318,0.0,59,11.0,3,-14.9,0.736,0,0,,2025-12-31,0.0,1,2025-11-26,2025-11-26,0.0,3,31.2,0,35.0,0,60.9
C000895,2024-12-07,SMB,North America,Free,Paid Search,6,0.0,389,8.0,1,68.9,0.684,1,0,,2025-12-31,0.0,6,2025-12-08,2025-04-19,0.0,1,43.7,0,23.0,0,66.1
C000896,2024-05-24,Startup,Europe,Enterprise,Referral,6,1098.69,586,16.0,0,10.0,0.218,0,0,,2025-12-31,5366.38,5,2025-12-05,2024-06-03,1073.28,1,44.0,0,26.0,1,56.8
C000897,2023-12-30,Enterprise,Europe,Free,Paid Search,341,0.0,732,21.0,0,24.1,0.304,0,0,,2025-12-31,160.77,25,2025-12-18,2024-01-08,6.43,0,0.0,0,13.0,0,65.3
C000898,2022-03-19,Enterprise,APAC,Starter,Paid Search,244,26.33,1383,16.0,2,41.5,0.312,2,0,,2025-12-31,822.81,32,2025-12-29,2022-04-06,25.71,2,26.5,0,2.0,1,55.8
C000899,2022-04-11,SMB,LATAM,Pro,Sales,16,82.32,1360,0.0,0,36.3,0.759,0,0,,2025-12-31,1796.32,23,2025-12-23,2022-07-21,78.1,0,0.0,0,8.0,1,61.4
C000900,2024-05-31,SMB,APAC,Starter,Paid Search,12,26.97,579,23.0,3,10.9,0.652,0,0,,2025-12-31,433.65,16,2025-10-10,2024-06-12,27.1,3,11.3,0,82.0,1,71.7
C000901,2022-01-07,Enterprise,Europe,Starter,Referral,400,29.36,1454,22.0,1,78.0,0.481,0,0,,2025-12-31,1097.63,38,2025-12-27,2022-03-20,28.88,1,39.3,0,4.0,1,75.4
C000902,2022-03-02,Startup,North America,Pro,Paid Search,7,78.03,1400,22.0,1,-29.4,0.109,1,0,,2025-12-31,2210.5,26,2025-12-12,2022-04-15,85.02,2,21.6,1,19.0,1,51.5
C000903,2022-11-10,SMB,Europe,Starter,Organic,19,26.89,1147,1.0,3,6.9,0.299,0,0,,2025-12-31,562.61,20,2025-09-05,2022-11-24,28.13,3,22.4,0,117.0,1,41.1
C000904,2025-06-18,Startup,APAC,Pro,Organic,2,79.94,196,23.0,2,19.1,0.851,2,0,,2025-12-31,336.32,4,2025-11-22,2025-07-28,84.08,2,52.0,0,39.0,1,76.0
C000905,2023-10-19,Startup,LATAM,Free,Organic,4,0.0,804,13.0,1,11.3,0.679,0,0,,2025-12-31,113.78999999999999,19,2025-11-17,2023-11-22,5.99,1,21.8,0,44.0,0,66.6
C000906,2024-10-11,Startup,APAC,Pro,Referral,7,83.41,446,23.0,0,65.5,0.288,0,0,,2025-12-31,741.52,8,2025-10-31,2024-11-22,92.69,0,0.0,0,61.0,1,70.7
C000907,2023-08-12,SMB,North America,Starter,Paid Search,13,26.24,872,21.0,0,-6.5,0.076,1,0,,2025-12-31,456.57,18,2025-10-23,2023-10-25,25.36,0,0.0,0,69.0,1,53.4
C000908,2022-09-05,Mid-Market,APAC,Pro,Paid Search,56,67.64,1213,24.0,0,73.9,0.276,0,0,,2025-12-31,1558.61,22,2025-07-14,2022-09-08,70.85,0,0.0,0,170.0,1,72.1
C000909,2023-06-15,SMB,APAC,Free,Organic,17,0.0,930,3.0,2,28.0,0.164,2,1,2025-07-26,2025-12-31,104.53999999999999,15,2025-07-23,2023-07-21,6.97,3,10.6,1,161.0,0,38.4
C000910,2022-05-12,Enterprise,APAC,Starter,Partner,324,30.39,1329,15.0,1,1.0,0.397,1,0,,2025-12-31,700.4300000000001,23,2025-12-03,2022-06-18,30.45,2,14.4,0,28.0,1,56.9
C000911,2025-01-06,SMB,APAC,Business,Referral,9,196.26,359,20.0,1,-17.5,0.41,0,0,,2025-12-31,895.05,5,2025-09-29,2025-04-07,179.01,2,16.5,0,93.0,1,61.9
C000912,2022-09-20,Mid-Market,Europe,Starter,Partner,17,30.16,1198,16.0,1,29.6,0.365,1,0,,2025-12-31,619.76,20,2025-12-07,2023-10-08,30.99,1,4.5,0,24.0,1,59.7
C000913,2023-06-23,SMB,Europe,Business,Sales,24,222.02,922,22.0,4,17.5,0.507,1,0,,2025-12-31,5746.89,24,2025-12-19,2023-07-13,239.45,4,65.8,0,12.0,1,63.6
C000914,2025-11-02,Enterprise,North America,Starter,Organic,397,27.83,59,20.0,6,40.9,0.231,0,0,,2025-12-31,25.76,1,2025-12-31,2025-12-31,25.76,7,33.0,1,0.0,1,54.9
C000915,2024-04-26,Mid-Market,North America,Starter,Organic,51,28.53,614,1.0,2,23.7,0.552,2,1,2025-01-08,2025-12-31,208.03,7,2024-12-11,2024-05-21,29.72,2,36.8,0,385.0,0,47.8
C000916,2023-10-18,Mid-Market,APAC,Starter,Paid Search,72,29.2,805,5.0,1,58.9,0.487,0,1,2025-05-07,2025-12-31,510.52,16,2025-04-27,2023-10-21,31.91,1,14.7,0,248.0,0,58.5
C000917,2024-02-16,SMB,LATAM,Business,Organic,14,210.14,684,17.0,2,31.4,0.36,1,0,,2025-12-31,2100.91,10,2025-12-04,2024-06-03,210.09,3,34.6,0,27.0,1,59.1
C000918,2025-01-26,SMB,APAC,Starter,Partner,12,28.93,339,10.0,1,24.4,0.863,0,0,,2025-12-31,136.43,5,2025-12-08,2025-04-09,27.29,3,18.7,0,23.0,1,70.8
C000919,2022-12-30,Enterprise,North America,Starter,Referral,159,30.86,1097,9.0,0,59.3,0.221,0,0,,2025-12-31,537.6,16,2025-12-30,2023-03-31,33.6,1,0.0,0,1.0,1,55.6
C000920,2024-06-29,Startup,North America,Pro,Organic,3,73.64,550,25.0,2,40.7,0.675,1,0,,2025-12-31,987.1600000000001,13,2025-10-28,2024-08-30,75.94,2,36.5,0,64.0,1,76.6
C000921,2025-06-01,Startup,North America,Starter,Sales,2,25.71,213,2.0,1,54.4,0.251,0,0,,2025-12-31,123.14000000000001,5,2025-12-31,2025-06-22,24.63,1,0.0,0,0.0,1,48.3
C000922,2024-03-29,Mid-Market,APAC,Business,Organic,50,172.91,642,14.0,1,63.7,0.282,1,0,,2025-12-31,2893.39,16,2025-12-29,2024-06-01,180.84,1,54.3,0,2.0,1,58.8
C000923,2023-10-01,SMB,Europe,Enterprise,Partner,7,978.62,822,8.0,1,27.7,0.273,1,0,,2025-12-31,13668.43,14,2025-08-17,2023-10-11,976.32,1,65.4,0,136.0,1,49.6
C000924,2022-07-27,SMB,LATAM,Pro,Paid Search,17,67.66,1253,1.0,2,36.0,0.468,1,0,,2025-12-31,1344.72,19,2025-11-05,2022-08-02,70.77,2,37.7,0,56.0,1,48.5
C000925,2022-12-22,Mid-Market,North America,Pro,Partner,33,90.42,1105,10.0,1,56.1,0.478,0,0,,2025-12-31,1764.35,20,2025-10-31,2023-05-04,88.22,1,49.7,0,61.0,1,62.4
C000926,2025-09-14,SMB,Europe,Starter,Organic,11,31.25,108,11.0,1,-26.3,0.588,0,0,,2025-12-31,37.56,1,2025-11-10,2025-11-10,37.56,2,2.2,0,51.0,1,58.3
C000927,2024-02-14,Enterprise,APAC,Enterprise,Sales,241,38949.38,686,12.0,0,32.5,0.193,0,1,2025-09-05,2025-12-31,581858.56,15,2025-07-31,2024-03-09,38790.57,1,8.4,0,153.0,0,54.8
C000928,2023-03-07,Startup,North America,Pro,Sales,7,73.36,1030,4.0,0,29.4,0.477,0,0,,2025-12-31,1474.19,20,2025-10-26,2023-03-29,73.71,1,33.2,0,66.0,1,55.8
C000929,2023-08-22,Startup,LATAM,Starter,Paid Search,5,31.0,862,20.0,0,44.4,0.228,0,0,,2025-12-31,452.51,15,2025-11-24,2023-10-03,30.17,0,0.0,0,37.0,1,64.1
C000930,2024-04-06,Startup,Europe,Enterprise,Paid Search,4,734.34,634,9.0,4,15.0,0.029,0,0,,2025-12-31,14865.01,19,2025-07-20,2024-04-16,782.37,4,73.0,0,164.0,1,39.4
C000931,2024-02-08,SMB,North America,Enterprise,Partner,11,1684.82,692,16.0,2,62.4,0.416,0,0,,2025-12-31,30053.9,17,2025-12-31,2024-02-23,1767.88,2,35.8,0,0.0,1,65.0
C000932,2024-09-27,SMB,North America,Starter,Partner,14,27.97,460,15.0,3,16.6,0.58,0,0,,2025-12-31,410.66,14,2025-12-15,2024-09-29,29.33,3,27.8,0,16.0,1,63.0
C000933,2023-01-04,Startup,APAC,Starter,Paid Search,3,32.05,1092,15.0,2,23.5,0.487,0,0,,2025-12-31,365.28,13,2025-08-01,2023-05-19,28.1,3,106.5,0,152.0,1,62.4
C000934,2024-07-17,Mid-Market,Europe,Pro,Partner,26,76.3,532,14.0,2,18.4,0.863,0,0,,2025-12-31,930.17,12,2025-12-02,2024-08-21,77.51,2,41.8,0,29.0,1,72.2
C000935,2023-09-26,Enterprise,APAC,Business,Referral,308,221.64,827,8.0,3,65.7,0.537,0,0,,2025-12-31,4654.96,22,2025-11-24,2024-01-17,211.59,3,25.4,0,37.0,1,60.3
C000936,2025-09-07,SMB,APAC,Pro,Partner,16,71.19,115,13.0,1,-17.1,0.223,0,0,,2025-12-31,156.82,2,2025-12-15,2025-10-16,78.41,2,36.0,0,16.0,1,50.1
C000937,2022-08-14,Mid-Market,Europe,Starter,Organic,16,32.6,1235,14.0,1,79.7,0.324,0,0,,2025-12-31,603.34,19,2025-05-09,2022-08-18,31.75,1,39.6,0,236.0,1,63.7
C000938,2022-08-01,Mid-Market,APAC,Starter,Sales,63,25.83,1248,0.0,1,71.8,0.212,0,0,,2025-12-31,585.15,23,2025-11-25,2022-08-02,25.44,2,115.2,0,36.0,1,47.0
C000939,2023-10-23,Enterprise,LATAM,Starter,Organic,394,31.05,800,20.0,1,20.9,0.287,0,1,2025-04-27,2025-12-31,327.53000000000003,11,2025-04-19,2023-11-17,29.78,2,20.2,0,256.0,0,62.1
C000940,2023-12-28,SMB,North America,Free,Organic,3,0.0,734,12.0,0,60.7,0.215,1,1,2025-04-03,2025-12-31,129.42000000000002,16,2025-03-17,2024-02-06,8.09,2,57.8,0,289.0,0,56.2
C000941,2024-09-14,Mid-Market,APAC,Business,Sales,21,217.5,473,8.0,2,38.3,0.246,0,0,,2025-12-31,2580.95,13,2025-11-14,2024-12-03,198.53,2,23.0,0,47.0,1,50.4
C000942,2023-08-01,Mid-Market,North America,Free,Organic,63,0.0,883,0.0,1,76.3,0.556,0,0,,2025-12-31,118.81,21,2025-11-22,2023-08-19,5.66,2,41.2,0,39.0,0,57.8
C000943,2025-07-30,Enterprise,North America,Starter,Organic,108,30.17,154,8.0,2,58.8,0.281,0,0,,2025-12-31,161.29,7,2025-12-29,2025-08-18,23.04,2,23.9,0,2.0,1,53.5
C000944,2023-11-10,Mid-Market,Europe,Business,Partner,63,199.4,782,11.0,2,89.8,0.181,1,0,,2025-12-31,2553.9,12,2025-12-01,2023-12-28,212.82,2,42.2,0,30.0,1,54.2
C000945,2022-07-04,Startup,APAC,Starter,Referral,4,27.15,1276,23.0,0,-4.1,0.637,1,0,,2025-12-31,637.27,23,2025-12-06,2022-08-25,27.71,1,43.6,0,25.0,1,72.2
C000946,2022-06-20,Mid-Market,North America,Starter,Organic,50,28.88,1290,18.0,0,39.8,0.207,0,0,,2025-12-31,577.78,20,2025-10-29,2022-07-20,28.89,0,0.0,0,63.0,1,61.3
C000947,2025-10-23,SMB,Europe,Enterprise,Paid Search,12,2182.1,69,11.0,2,-8.1,0.827,0,0,,2025-12-31,4276.86,2,2025-12-18,2025-12-07,2138.43,2,9.4,0,13.0,1,65.8
C000948,2022-07-11,SMB,APAC,Free,Organic,8,0.0,1269,3.0,1,22.0,0.638,0,0,,2025-12-31,95.5,22,2025-12-05,2022-10-29,4.34,1,2.7,0,26.0,0,57.5
C000949,2025-09-17,Mid-Market,North America,Business,Paid Search,29,172.62,105,7.0,0,91.2,0.279,0,0,,2025-12-31,419.91,2,2025-10-15,2025-09-25,209.96,2,8.4,0,77.0,1,58.7
C000950,2023-02-02,Startup,APAC,Free,Paid Search,3,0.0,1063,25.0,3,46.7,0.588,0,0,,2025-12-31,195.45,26,2025-12-30,2023-03-08,7.52,3,38.6,0,1.0,0,75.1
C000951,2022-05-14,SMB,LATAM,Starter,Organic,9,30.92,1327,3.0,0,59.6,0.293,0,0,,2025-12-31,785.67,23,2025-11-30,2022-06-16,34.16,2,17.8,0,31.0,1,52.4
C000952,2023-03-12,SMB,North America,Pro,Sales,22,73.14,1025,17.0,2,47.8,0.289,0,0,,2025-12-31,1171.67,16,2025-08-21,2023-08-02,73.23,2,68.8,0,132.0,1,60.6
C000953,2024-05-29,Enterprise,North America,Starter,Partner,278,33.0,581,14.0,0,46.3,0.329,0,0,,2025-12-31,550.6,16,2025-12-27,2024-05-30,34.41,0,0.0,0,4.0,1,62.0
C000954,2023-09-04,Enterprise,LATAM,Pro,Referral,304,78.89,849,6.0,3,21.9,0.431,1,0,,2025-12-31,994.78,13,2025-09-15,2023-11-13,76.52,4,54.7,0,107.0,1,49.0
C000955,2025-01-28,Startup,North America,Starter,Sales,7,29.38,337,24.0,2,17.3,0.449,0,0,,2025-12-31,323.48,12,2025-12-27,2025-01-29,26.96,3,60.2,0,4.0,1,68.6
C000956,2024-05-23,SMB,North America,Pro,Sales,17,73.03,587,11.0,0,21.3,0.278,1,0,,2025-12-31,839.24,13,2025-09-03,2024-05-29,64.56,0,0.0,0,119.0,1,53.3
C000957,2023-07-28,Startup,LATAM,Free,Referral,7,0.0,887,18.0,2,-33.3,0.494,0,0,,2025-12-31,93.25,17,2025-11-30,2023-09-10,5.49,2,21.3,0,31.0,0,59.6
C000958,2024-06-26,Startup,APAC,Business,Paid Search,6,187.31,553,2.0,1,32.9,0.086,1,1,2025-03-21,2025-12-31,1042.49,6,2025-03-01,2024-07-26,173.75,1,38.5,0,305.0,0,39.2
C000959,2025-10-21,Enterprise,Europe,Pro,Referral,84,82.37,71,27.0,1,41.0,0.368,0,0,,2025-12-31,157.05,2,2025-11-15,2025-10-28,78.53,1,24.2,0,46.0,1,72.7
C000960,2023-08-12,SMB,Europe,Pro,Paid Search,16,80.98,872,0.0,2,19.5,0.48,0,0,,2025-12-31,1622.76,20,2025-11-27,2023-09-04,81.14,2,7.8,0,34.0,1,48.4
C000961,2022-08-08,SMB,LATAM,Free,Organic,6,0.0,1241,8.0,1,31.7,0.318,0,1,2023-09-15,2025-12-31,9.46,4,2023-07-26,2023-04-01,2.37,2,106.4,0,889.0,0,53.4
C000962,2023-08-08,SMB,Europe,Pro,Paid Search,18,68.9,876,25.0,0,48.1,0.604,0,0,,2025-12-31,771.79,11,2025-11-28,2023-12-24,70.16,2,19.2,0,33.0,1,80.3
C000963,2025-04-16,Enterprise,Europe,Pro,Paid Search,468,78.92,259,17.0,0,57.1,0.753,0,0,,2025-12-31,873.25,11,2025-12-10,2025-04-22,79.39,0,0.0,0,21.0,1,78.5
C000964,2022-11-08,Mid-Market,APAC,Starter,Paid Search,21,26.65,1149,18.0,2,5.1,0.783,0,0,,2025-12-31,456.55,16,2025-12-12,2023-05-31,28.53,3,21.9,0,19.0,1,72.1
C000965,2025-09-19,SMB,Europe,Pro,Referral,18,70.05,103,8.0,3,15.1,0.368,0,1,2025-10-26,2025-12-31,44.78,1,2025-10-20,2025-10-20,44.78,3,64.2,0,72.0,0,50.2
C000966,2024-04-21,SMB,Europe,Free,Paid Search,21,0.0,619,21.0,4,53.8,0.664,0,0,,2025-12-31,47.77,14,2025-12-08,2024-04-28,3.41,5,45.8,0,23.0,0,73.1
C000967,2024-05-10,SMB,North America,Starter,Organic,24,28.59,600,26.0,2,49.7,0.487,1,0,,2025-12-31,230.08,10,2025-12-14,2024-06-02,23.01,2,0.4,1,17.0,1,72.8
C000968,2023-03-30,Mid-Market,Europe,Business,Organic,42,196.27,1007,17.0,3,68.6,0.343,0,0,,2025-12-31,5489.26,26,2025-11-20,2023-04-23,211.13,3,17.2,0,41.0,1,62.8
C000969,2025-08-09,Mid-Market,Europe,Free,Referral,74,0.0,144,6.0,2,67.6,0.174,0,0,,2025-12-31,17.87,4,2025-11-30,2025-09-04,4.47,4,26.1,0,31.0,0,49.3
C000970,2022-02-21,Startup,North America,Starter,Paid Search,6,27.37,1409,25.0,0,95.4,0.281,0,0,,2025-12-31,793.31,28,2025-11-06,2022-06-05,28.33,0,0.0,0,55.0,1,75.3
C000971,2023-03-04,SMB,Europe,Pro,Paid Search,3,67.83,1033,0.0,0,27.7,0.647,2,0,,2025-12-31,1661.17,23,2025-10-30,2023-03-24,72.22,0,0.0,0,62.0,1,53.2
C000972,2023-08-22,SMB,APAC,Pro,Referral,21,81.21,862,25.0,1,74.5,0.407,0,0,,2025-12-31,1385.22,18,2025-12-08,2023-09-21,76.96,2,29.6,1,23.0,1,75.5
C000973,2023-11-14,SMB,Europe,Free,Referral,22,0.0,778,0.0,0,12.0,0.251,0,0,,2025-12-31,65.81,18,2025-12-16,2023-11-25,3.66,1,30.5,0,15.0,0,43.7
C000974,2023-11-10,SMB,North America,Free,Paid Search,4,0.0,782,1.0,2,94.9,0.334,0,0,,2025-12-31,97.24,15,2025-12-17,2024-01-18,6.48,2,0.0,0,14.0,0,52.4
C000975,2022-07-31,SMB,North America,Starter,Partner,13,27.21,1249,1.0,2,46.4,0.478,0,0,,2025-12-31,619.3100000000001,21,2025-12-28,2022-08-01,29.49,2,10.6,1,3.0,1,51.9
C000976,2022-11-19,SMB,North America,Pro,Organic,24,74.45,1138,5.0,1,48.6,0.491,1,0,,2025-12-31,1612.25,21,2025-08-03,2022-11-27,76.77,1,27.8,0,150.0,1,55.6
C000977,2022-05-17,Startup,APAC,Pro,Sales,2,73.33,1324,20.0,0,59.7,0.337,0,0,,2025-12-31,1820.97,25,2025-12-27,2022-06-06,72.84,1,67.3,0,4.0,1,68.9
C000978,2024-03-29,Startup,Europe,Pro,Partner,7,77.54,642,11.0,1,1.1,0.759,1,0,,2025-12-31,1172.85,16,2025-11-21,2024-03-31,73.3,2,131.3,0,40.0,1,64.2
C000979,2023-05-17,Startup,North America,Business,Referral,2,172.36,959,2.0,0,8.1,0.351,0,0,,2025-12-31,4163.37,24,2025-11-07,2023-06-11,173.47,1,33.6,0,54.0,1,48.1
C000980,2024-03-20,SMB,APAC,Enterprise,Organic,10,1471.67,651,9.0,1,37.9,0.385,0,0,,2025-12-31,14318.55,9,2025-11-21,2024-07-31,1590.95,1,32.8,0,40.0,1,56.9
C000981,2024-04-23,SMB,North America,Starter,Partner,9,32.85,617,27.0,0,43.6,0.685,0,0,,2025-12-31,184.57999999999998,5,2025-07-11,2024-11-04,36.92,0,0.0,0,173.0,1,84.0
C000982,2024-09-30,SMB,North America,Starter,Paid Search,12,28.61,457,14.0,3,87.1,0.094,0,0,,2025-12-31,334.75,10,2025-09-09,2024-10-05,33.48,4,80.8,0,113.0,1,54.5
C000983,2024-02-22,Startup,APAC,Starter,Paid Search,1,25.06,678,20.0,3,11.3,0.236,1,0,,2025-12-31,235.11,9,2025-12-11,2024-08-17,26.12,3,32.9,0,20.0,1,54.6
C000984,2024-07-15,SMB,Europe,Free,Partner,9,0.0,534,7.0,1,73.5,0.531,1,0,,2025-12-31,61.74,16,2025-12-14,2024-08-03,3.86,1,3.8,0,17.0,0,61.0
C000985,2024-04-19,SMB,APAC,Starter,Referral,16,33.17,621,14.0,2,28.4,0.525,1,0,,2025-12-31,554.84,15,2025-10-31,2024-05-02,36.99,2,32.4,0,61.0,1,61.1
C000986,2024-07-21,SMB,APAC,Business,Paid Search,21,215.77,528,22.0,0,28.0,0.176,0,1,2025-10-13,2025-12-31,1308.87,7,2025-06-10,2024-09-05,186.98,1,21.6,0,204.0,0,62.7
C000987,2024-05-31,SMB,LATAM,Starter,Referral,3,26.95,579,18.0,2,30.9,0.342,0,0,,2025-12-31,405.01,15,2025-12-02,2024-06-17,27.0,2,40.2,0,29.0,1,61.4
C000988,2023-03-29,SMB,North America,Free,Organic,16,0.0,1008,0.0,1,27.4,0.201,0,0,,2025-12-31,156.31,28,2025-10-07,2023-04-13,5.58,2,62.4,0,85.0,0,42.3
C000989,2022-12-19,Mid-Market,APAC,Pro,Partner,58,85.05,1108,16.0,2,47.2,0.812,0,0,,2025-12-31,2009.43,22,2025-11-24,2023-01-15,91.34,3,16.7,0,37.0,1,75.4
C000990,2025-01-31,SMB,APAC,Enterprise,Organic,9,1499.07,334,22.0,1,25.1,0.145,0,0,,2025-12-31,12612.92,9,2025-12-15,2025-02-08,1401.44,1,129.1,0,16.0,1,60.0
C000991,2023-05-06,SMB,North America,Starter,Organic,6,30.39,970,3.0,0,-0.3,0.47,0,0,,2025-12-31,414.07,14,2025-07-30,2023-08-16,29.58,1,106.3,0,154.0,1,51.7
C000992,2024-02-25,Enterprise,LATAM,Business,Sales,321,191.45,675,11.0,0,28.3,0.653,1,0,,2025-12-31,2688.98,13,2025-12-25,2024-03-02,206.84,0,0.0,0,6.0,1,65.2
C000993,2022-10-09,Startup,Europe,Business,Organic,6,219.16,1179,18.0,2,46.4,0.49,0,0,,2025-12-31,4987.59,23,2025-12-17,2022-11-12,216.85,2,2.0,0,14.0,1,67.4
C000994,2023-09-09,SMB,APAC,Starter,Sales,18,30.81,844,0.0,0,-0.1,0.772,0,0,,2025-12-31,402.43,13,2025-10-07,2023-10-14,30.96,0,0.0,0,85.0,1,58.2
C000995,2024-01-28,Mid-Market,Europe,Pro,Paid Search,48,84.38,703,19.0,1,49.5,0.478,0,0,,2025-12-31,1048.57,13,2025-12-07,2024-02-05,80.66,1,60.1,0,24.0,1,69.8
C000996,2024-06-14,Startup,Europe,Starter,Partner,7,26.36,565,23.0,2,64.5,0.724,0,0,,2025-12-31,305.40999999999997,11,2025-12-08,2024-06-29,27.76,2,15.0,0,23.0,1,80.7
C000997,2024-01-23,SMB,North America,Starter,Organic,11,27.29,708,14.0,3,72.0,0.518,0,0,,2025-12-31,372.87,13,2025-10-24,2024-02-09,28.68,4,65.2,0,68.0,1,65.7
C000998,2023-05-31,SMB,LATAM,Starter,Partner,12,27.8,945,12.0,0,43.4,0.624,0,0,,2025-12-31,465.92,17,2025-06-02,2023-06-24,27.41,0,0.0,0,212.0,1,68.8
C000999,2025-10-07,Mid-Market,Europe,Free,Sales,44,0.0,85,2.0,2,-10.1,0.444,0,0,,2025-12-31,8.04,1,2025-12-26,2025-12-26,8.04,2,19.4,0,5.0,0,46.1
C001000,2024-01-04,Startup,North America,Pro,Partner,2,71.93,727,20.0,0,51.2,0.525,0,0,,2025-12-31,808.65,12,2025-11-18,2024-04-22,67.39,0,0.0,0,43.0,1,73.7
C001001,2025-03-01,SMB,North America,Business,Paid Search,10,209.38,305,26.0,0,59.2,0.358,0,0,,2025-12-31,1167.61,5,2025-12-30,2025-06-18,233.52,1,22.9,0,1.0,1,74.9
C001002,2024-11-19,SMB,APAC,Starter,Referral,7,30.3,407,24.0,0,17.6,0.702,0,0,,2025-12-31,361.48,11,2025-12-24,2024-12-08,32.86,0,0.0,0,7.0,1,79.2
C001003,2024-03-09,Enterprise,North America,Pro,Referral,126,80.18,662,15.0,0,33.2,0.308,2,0,,2025-12-31,768.22,9,2025-12-01,2024-05-06,85.36,0,0.0,0,30.0,1,57.0
C001004,2025-06-21,SMB,Europe,Starter,Organic,22,29.98,193,0.0,0,47.1,0.154,0,0,,2025-12-31,75.09,3,2025-11-26,2025-06-30,25.03,2,60.4,0,35.0,1,44.3
C001005,2022-07-03,SMB,APAC,Free,Partner,18,0.0,1277,8.0,0,79.7,0.727,1,0,,2025-12-31,118.06,26,2025-11-28,2022-08-06,4.54,1,29.2,0,33.0,0,69.9
C001006,2025-08-10,SMB,North America,Pro,Partner,16,68.77,143,7.0,0,28.6,0.495,0,0,,2025-12-31,155.04000000000002,2,2025-11-07,2025-08-11,77.52,0,0.0,0,54.0,1,59.0
C001007,2025-04-30,SMB,Europe,Free,Referral,14,0.0,245,0.0,0,57.3,0.352,1,0,,2025-12-31,27.23,3,2025-10-03,2025-07-15,9.08,1,129.3,0,89.0,0,49.3
C001008,2023-12-22,Startup,North America,Business,Paid Search,3,217.49,740,3.0,2,42.9,0.251,0,0,,2025-12-31,3244.6,15,2025-12-15,2024-02-22,216.31,4,30.5,0,16.0,1,46.5
C001009,2024-11-14,SMB,LATAM,Starter,Paid Search,18,28.45,412,16.0,2,40.0,0.358,1,0,,2025-12-31,464.63,16,2025-11-18,2024-11-24,29.04,2,50.2,0,43.0,1,59.0
C001010,2024-01-14,Mid-Market,APAC,Business,Sales,70,187.63,717,2.0,1,68.3,0.536,0,0,,2025-12-31,3328.93,19,2025-11-16,2024-02-12,175.21,1,179.0,0,45.0,1,58.2
C001011,2023-01-20,Startup,North America,Starter,Partner,7,29.42,1076,1.0,1,14.2,0.61,0,0,,2025-12-31,518.02,18,2025-07-17,2023-02-19,28.78,2,55.3,0,167.0,1,54.1
C001012,2025-02-17,SMB,Europe,Starter,Paid Search,4,31.28,317,26.0,1,40.8,0.681,1,1,2025-06-08,2025-12-31,52.61,2,2025-05-03,2025-03-04,26.3,1,18.5,0,242.0,0,79.2
C001013,2022-12-18,Startup,Europe,Business,Sales,5,220.82,1109,16.0,0,35.7,0.236,0,0,,2025-12-31,5010.0199999999995,23,2025-10-07,2023-02-13,217.83,0,0.0,0,85.0,1,59.9
C001014,2023-03-26,Startup,LATAM,Pro,Organic,6,82.85,1011,22.0,1,-2.7,0.477,0,0,,2025-12-31,1277.51,17,2025-12-08,2023-04-13,75.15,1,3.2,0,23.0,1,67.2
C001015,2024-01-13,Startup,North America,Starter,Paid Search,6,30.25,718,6.0,1,65.8,0.125,0,0,,2025-12-31,471.27,15,2025-11-10,2024-03-27,31.42,1,49.0,0,51.0,1,49.2
C001016,2025-04-12,SMB,Europe,Business,Referral,17,222.61,263,10.0,3,55.7,0.343,0,0,,2025-12-31,2293.35,9,2025-11-20,2025-05-09,254.82,4,61.3,1,41.0,1,55.3
C001017,2023-07-04,SMB,LATAM,Starter,Referral,7,29.28,911,17.0,1,35.8,0.495,1,0,,2025-12-31,322.19,13,2025-08-12,2023-09-04,24.78,1,5.2,0,141.0,1,65.1
C001018,2023-12-08,Mid-Market,North America,Free,Sales,34,0.0,754,19.0,2,28.5,0.293,1,0,,2025-12-31,119.53999999999999,25,2025-11-05,2023-12-09,4.78,2,15.4,0,56.0,0,58.6
C001019,2022-03-01,SMB,Europe,Starter,Partner,12,26.29,1401,10.0,3,35.0,0.948,2,0,,2025-12-31,525.36,20,2025-07-27,2022-04-01,26.27,5,25.3,0,157.0,1,67.4
C001020,2022-06-15,SMB,North America,Pro,Paid Search,15,70.32,1295,25.0,1,52.7,0.117,0,0,,2025-12-31,1235.75,18,2025-11-14,2022-09-11,68.65,1,0.0,0,47.0,1,64.6
C001021,2022-03-22,SMB,Europe,Pro,Paid Search,12,75.96,1380,19.0,1,36.3,0.28,0,0,,2025-12-31,1810.77,24,2025-11-19,2022-06-08,75.45,1,0.0,0,42.0,1,62.5
C001022,2022-04-14,Startup,North America,Business,Organic,6,170.83,1357,6.0,0,18.3,0.521,0,0,,2025-12-31,3047.01,19,2025-12-08,2022-05-09,160.37,0,0.0,0,23.0,1,57.8
C001023,2025-05-26,Enterprise,LATAM,Pro,Sales,423,82.28,219,2.0,0,22.1,0.541,0,0,,2025-12-31,192.43,2,2025-12-28,2025-08-29,96.22,0,0.0,0,3.0,1,55.2
C001024,2025-04-19,Mid-Market,Europe,Starter,Organic,76,32.26,256,0.0,1,34.7,0.108,1,0,,2025-12-31,232.47,7,2025-12-22,2025-06-10,33.21,1,51.1,0,9.0,1,38.2
C001025,2025-03-21,SMB,North America,Starter,Paid Search,23,30.23,285,23.0,1,11.7,0.418,2,0,,2025-12-31,199.75,7,2025-12-22,2025-05-12,28.54,2,40.4,0,9.0,1,63.7
C001026,2022-03-21,SMB,APAC,Free,Paid Search,7,0.0,1381,23.0,1,43.3,0.568,0,0,,2025-12-31,132.03,21,2025-11-19,2022-05-19,6.29,2,21.5,0,42.0,0,75.4
C001027,2022-04-22,Enterprise,APAC,Business,Organic,492,224.34,1349,13.0,1,15.2,0.549,1,0,,2025-12-31,5970.49,26,2025-12-16,2022-05-29,229.63,1,36.3,0,15.0,1,61.1
C001028,2023-02-06,Mid-Market,APAC,Free,Organic,40,0.0,1059,20.0,0,11.1,0.312,0,0,,2025-12-31,52.66,14,2025-11-18,2023-03-24,3.76,1,24.3,0,43.0,0,63.3
C001029,2024-03-19,Startup,APAC,Pro,Partner,6,70.24,652,24.0,0,100.0,0.621,0,0,,2025-12-31,1062.49,15,2025-12-05,2024-06-08,70.83,0,0.0,0,26.0,1,85.1
C001030,2023-04-23,SMB,North America,Pro,Organic,13,71.8,983,4.0,0,83.5,0.869,1,0,,2025-12-31,1272.28,18,2025-12-14,2023-08-26,70.68,1,14.9,0,17.0,1,71.0
C001031,2023-11-29,Enterprise,Europe,Business,Sales,68,190.35,763,27.0,1,38.6,0.617,1,0,,2025-12-31,2579.75,14,2025-12-28,2024-03-10,184.27,1,25.3,0,3.0,1,78.0
C001032,2022-09-05,Enterprise,North America,Free,Sales,100,0.0,1213,13.0,1,56.3,0.338,0,0,,2025-12-31,177.56,20,2025-12-12,2022-12-15,8.88,1,5.3,0,19.0,0,60.9
C001033,2024-11-11,SMB,North America,Starter,Organic,16,28.25,415,12.0,0,60.5,0.948,0,0,,2025-12-31,327.52,11,2025-12-24,2025-04-02,29.77,0,0.0,0,7.0,1,80.2
C001034,2023-03-25,Mid-Market,LATAM,Enterprise,Referral,51,9359.0,1012,4.0,0,33.1,0.179,0,0,,2025-12-31,193148.56,20,2025-12-21,2023-05-15,9657.43,2,57.4,0,10.0,1,47.3
C001035,2022-04-06,SMB,APAC,Pro,Paid Search,14,90.77,1365,18.0,1,42.1,0.641,0,0,,2025-12-31,2056.0,21,2025-10-05,2022-04-23,97.9,2,38.0,0,87.0,1,73.0
C001036,2024-11-28,SMB,North America,Pro,Organic,3,84.98,398,16.0,2,28.4,0.167,0,0,,2025-12-31,801.41,9,2025-09-30,2025-02-16,89.05,3,75.5,0,92.0,1,54.1
C001037,2025-07-14,Mid-Market,North America,Business,Paid Search,24,205.76,170,0.0,1,66.4,0.172,0,0,,2025-12-31,1022.8699999999999,4,2025-12-30,2025-08-08,255.72,1,58.9,0,1.0,1,45.3
C001038,2022-01-21,SMB,LATAM,Enterprise,Referral,17,3003.69,1440,18.0,0,66.7,0.41,0,0,,2025-12-31,81644.24,28,2025-11-05,2022-03-05,2915.87,0,0.0,0,56.0,1,70.0
C001039,2023-09-17,Mid-Market,North America,Starter,Partner,62,33.02,836,3.0,1,74.0,0.354,0,0,,2025-12-31,420.04,12,2025-12-28,2023-11-07,35.0,1,120.5,0,3.0,1,54.2
C001040,2025-03-28,Mid-Market,North America,Enterprise,Organic,55,9709.53,278,7.0,2,41.6,0.278,0,0,,2025-12-31,42315.99,4,2025-11-04,2025-06-11,10579.0,2,69.8,0,57.0,1,50.8
C001041,2024-10-06,Startup,North America,Free,Referral,3,0.0,451,17.0,2,89.2,0.609,0,0,,2025-12-31,33.24,9,2025-12-30,2024-10-17,3.69,4,57.0,0,1.0,0,74.4
C001042,2025-05-09,SMB,North America,Enterprise,Referral,23,3660.88,236,21.0,2,33.1,0.326,0,0,,2025-12-31,11973.7,4,2025-12-22,2025-08-02,2993.42,2,9.6,0,9.0,1,63.8
C001043,2023-08-17,Startup,North America,Starter,Referral,1,27.91,867,3.0,0,86.2,0.679,0,0,,2025-12-31,649.39,23,2025-11-01,2023-09-24,28.23,1,17.5,0,60.0,1,66.7
C001044,2023-06-17,Mid-Market,LATAM,Starter,Paid Search,53,28.46,928,13.0,2,23.4,0.567,1,0,,2025-12-31,592.94,21,2025-12-03,2023-07-21,28.24,2,30.6,0,28.0,1,61.0
C001045,2024-10-11,Mid-Market,North America,Free,Referral,75,0.0,446,7.0,0,2.6,0.098,0,1,2025-06-11,2025-12-31,31.419999999999998,9,2025-05-18,2024-11-02,3.49,0,0.0,0,227.0,0,44.4
C001046,2022-08-08,SMB,Europe,Business,Partner,20,184.83,1241,19.0,0,85.7,0.235,0,0,,2025-12-31,5063.43,27,2025-12-30,2022-11-07,187.53,0,0.0,0,1.0,1,67.6
C001047,2022-12-09,SMB,APAC,Enterprise,Organic,3,517.52,1118,23.0,1,51.5,0.464,1,0,,2025-12-31,10170.13,22,2025-12-31,2023-01-06,462.28,2,71.0,1,0.0,1,71.1
C001048,2024-05-09,Startup,Europe,Starter,Referral,3,30.22,601,17.0,3,48.0,0.672,0,0,,2025-12-31,299.07,12,2025-07-31,2024-06-14,24.92,4,19.1,0,153.0,1,70.6
C001049,2024-08-13,Enterprise,APAC,Starter,Paid Search,367,27.4,505,22.0,3,26.0,0.562,0,0,,2025-12-31,274.23,10,2025-12-20,2024-08-26,27.42,3,88.6,0,11.0,1,69.6
C001050,2022-06-21,Startup,Europe,Starter,Referral,7,29.12,1289,12.0,5,13.9,0.283,0,0,,2025-12-31,883.62,29,2025-12-18,2022-07-31,30.47,5,89.7,0,13.0,1,48.1
C001051,2023-12-28,Startup,Europe,Starter,Partner,5,27.89,734,16.0,0,16.2,0.359,1,0,,2025-12-31,559.51,19,2025-11-06,2023-12-31,29.45,1,14.2,0,55.0,1,59.7
C001052,2023-06-06,SMB,Europe,Business,Paid Search,3,183.43,939,8.0,2,38.5,0.278,0,0,,2025-12-31,3416.27,19,2025-12-24,2023-07-07,179.8,3,84.3,0,7.0,1,51.3
C001053,2023-12-19,Mid-Market,APAC,Free,Organic,42,0.0,743,27.0,1,31.2,0.784,0,0,,2025-12-31,25.96,16,2025-12-03,2024-02-16,1.62,1,15.7,0,28.0,0,84.2
C001054,2025-10-02,SMB,APAC,Enterprise,Partner,23,3709.74,90,5.0,3,-13.5,0.251,0,1,2025-12-25,2025-12-31,11115.0,3,2025-10-13,2025-10-11,3705.0,6,14.8,0,79.0,0,41.1
C001055,2022-04-20,Mid-Market,APAC,Enterprise,Referral,31,5145.66,1351,25.0,2,77.3,0.376,1,0,,2025-12-31,197208.37,38,2025-10-07,2022-06-16,5189.69,3,19.3,1,85.0,1,71.3
C001056,2025-11-24,SMB,North America,Free,Referral,24,0.0,37,20.0,0,24.5,0.316,0,1,2025-12-11,2025-12-31,10.84,4,2025-12-10,2025-11-27,2.71,0,0.0,0,21.0,0,64.8
C001057,2023-10-05,SMB,Europe,Pro,Partner,23,68.05,818,27.0,2,66.0,0.282,0,0,,2025-12-31,883.08,14,2025-12-18,2023-12-15,63.08,2,111.6,0,13.0,1,71.2
C001058,2025-01-09,Startup,APAC,Enterprise,Organic,1,144.78,356,17.0,5,17.4,0.395,1,0,,2025-12-31,1050.55,8,2025-12-20,2025-01-10,131.32,5,27.5,0,11.0,1,54.3
C001059,2023-08-30,SMB,North America,Business,Paid Search,15,213.93,854,9.0,2,38.9,0.351,0,0,,2025-12-31,3193.74,17,2025-10-14,2023-10-27,187.87,2,63.6,0,78.0,1,54.5
C001060,2023-03-21,SMB,APAC,Pro,Referral,13,84.54,1016,7.0,0,59.3,0.284,0,0,,2025-12-31,2130.61,25,2025-11-23,2023-03-22,85.22,1,28.1,0,38.0,1,55.7
C001061,2025-01-06,SMB,North America,Free,Paid Search,23,0.0,359,5.0,2,55.9,0.184,1,0,,2025-12-31,69.17,7,2025-12-31,2025-02-26,9.88,2,120.6,0,0.0,0,45.6
C001062,2024-09-10,SMB,North America,Free,Referral,15,0.0,477,27.0,2,28.3,0.231,1,1,2025-05-13,2025-12-31,6.02,3,2025-03-20,2024-10-29,2.01,2,14.2,1,286.0,0,63.9
C001063,2022-07-26,Startup,APAC,Business,Paid Search,7,199.34,1254,2.0,0,47.7,0.554,0,0,,2025-12-31,5735.56,28,2025-12-06,2022-08-07,204.84,0,0.0,0,25.0,1,58.2
C001064,2024-10-05,Mid-Market,North America,Starter,Organic,79,30.37,452,22.0,1,51.9,0.465,1,0,,2025-12-31,265.48,9,2025-09-16,2024-10-29,29.5,1,4.5,0,106.0,1,70.3
C001065,2024-12-12,Startup,Europe,Pro,Partner,6,79.83,384,19.0,3,31.3,0.195,1,0,,2025-12-31,730.67,10,2025-12-31,2024-12-26,73.07,3,62.0,0,0.0,1,54.4
C001066,2023-07-09,Startup,North America,Business,Partner,7,224.74,906,3.0,4,7.2,0.457,0,0,,2025-12-31,3332.42,16,2025-09-04,2023-08-01,208.28,6,77.8,0,118.0,1,46.1
C001067,2025-08-16,Startup,APAC,Starter,Partner,6,25.77,137,25.0,0,19.4,0.464,0,0,,2025-12-31,43.629999999999995,2,2025-12-03,2025-10-11,21.82,0,0.0,0,28.0,1,73.2
C001068,2024-07-05,SMB,Europe,Free,Organic,16,0.0,544,4.0,3,25.5,0.281,0,0,,2025-12-31,59.839999999999996,10,2025-08-16,2024-09-06,5.98,3,13.4,0,137.0,0,45.1
C001069,2023-04-23,Startup,APAC,Starter,Referral,6,29.44,983,4.0,1,35.7,0.319,0,0,,2025-12-31,813.94,26,2025-11-23,2023-04-26,31.31,1,43.8,0,38.0,1,50.2
C001070,2022-01-16,Mid-Market,APAC,Business,Paid Search,65,208.25,1445,15.0,2,74.8,0.233,0,0,,2025-12-31,6498.0,30,2025-11-25,2022-03-23,216.6,2,11.0,0,36.0,1,59.9
C001071,2024-08-23,SMB,Europe,Starter,Referral,10,31.94,495,2.0,4,57.7,0.481,0,1,2025-02-04,2025-12-31,91.29,3,2025-01-09,2024-09-29,30.43,6,21.0,2,356.0,0,51.0
C001072,2022-10-26,Mid-Market,LATAM,Free,Partner,38,0.0,1162,2.0,3,14.6,0.166,1,0,,2025-12-31,104.7,26,2025-10-12,2022-11-07,4.03,4,71.3,0,80.0,0,36.7
C001073,2024-12-17,Mid-Market,APAC,Enterprise,Paid Search,65,9353.02,379,17.0,1,80.9,0.676,0,0,,2025-12-31,72670.61,7,2025-08-26,2025-01-02,10381.52,1,6.6,1,127.0,1,77.0
C001074,2024-01-21,SMB,Europe,Pro,Partner,4,75.73,710,27.0,0,33.0,0.195,0,0,,2025-12-31,626.21,9,2025-12-09,2024-01-30,69.58,1,51.1,0,22.0,1,68.3
C001075,2023-10-30,Mid-Market,LATAM,Pro,Partner,20,85.66,793,1.0,2,51.8,0.278,1,0,,2025-12-31,1715.58,20,2025-12-04,2023-11-20,85.78,2,99.7,0,27.0,1,44.4
C001076,2022-08-23,Mid-Market,Europe,Business,Paid Search,44,186.31,1226,17.0,2,11.5,0.401,0,0,,2025-12-31,3739.15,21,2025-10-17,2022-08-23,178.05,4,33.9,0,75.0,1,60.4
C001077,2024-10-14,Startup,North America,Starter,Partner,2,32.12,443,16.0,2,23.7,0.303,1,0,,2025-12-31,379.55,12,2025-12-06,2024-11-14,31.63,2,15.4,0,25.0,1,55.7
C001078,2022-08-26,Mid-Market,North America,Enterprise,Organic,36,5096.82,1223,1.0,2,60.9,0.236,1,0,,2025-12-31,117032.43000000001,23,2025-12-26,2022-09-04,5088.37,2,49.1,0,5.0,1,44.1
C001079,2023-08-21,SMB,Europe,Business,Sales,8,194.48,863,4.0,1,13.0,0.594,0,0,,2025-12-31,1665.04,9,2025-10-02,2023-11-23,185.0,1,169.2,0,90.0,1,56.2
C001080,2025-04-10,Enterprise,North America,Starter,Paid Search,296,30.84,265,12.0,0,36.4,0.135,0,0,,2025-12-31,168.69,6,2025-12-21,2025-07-24,28.12,0,0.0,0,10.0,1,53.4
C001081,2025-08-09,SMB,Europe,Starter,Organic,3,27.75,144,19.0,1,46.8,0.4,0,0,,2025-12-31,54.44,2,2025-12-29,2025-10-14,27.22,1,55.1,0,2.0,1,67.1
C001082,2025-11-15,SMB,North America,Starter,Referral,14,30.42,46,6.0,0,9.4,0.371,1,0,,2025-12-31,35.11,1,2025-11-26,2025-11-26,35.11,1,17.7,0,35.0,1,50.4
C001083,2025-10-01,SMB,Europe,Pro,Organic,17,90.46,91,12.0,0,-9.4,0.418,0,0,,2025-12-31,463.74,6,2025-12-28,2025-10-24,77.29,0,0.0,0,3.0,1,57.3
C001084,2024-03-06,SMB,North America,Pro,Sales,6,68.17,665,13.0,3,57.7,0.45,0,0,,2025-12-31,837.85,11,2025-10-11,2024-06-16,76.17,3,24.6,0,81.0,1,61.4
C001085,2022-10-14,Startup,APAC,Pro,Paid Search,5,67.92,1174,19.0,1,100.0,0.147,0,0,,2025-12-31,1555.69,24,2025-12-06,2022-11-21,64.82,1,3.2,0,25.0,1,64.9
C001086,2025-04-14,Startup,North America,Enterprise,Organic,3,494.07,261,6.0,0,46.5,0.262,0,0,,2025-12-31,3430.83,7,2025-12-01,2025-05-07,490.12,0,0.0,0,30.0,1,52.9
C001087,2025-02-20,Mid-Market,North America,Pro,Organic,32,89.72,314,19.0,0,51.3,0.358,0,0,,2025-12-31,954.67,9,2025-12-29,2025-02-27,106.07,0,0.0,0,2.0,1,67.8
C001088,2025-11-17,SMB,Europe,Business,Organic,23,198.43,44,23.0,0,12.9,0.371,1,0,,2025-12-31,262.67,1,2025-12-27,2025-12-27,262.67,2,0.0,0,4.0,1,66.0
C001089,2024-07-19,SMB,Europe,Pro,Organic,17,78.18,530,16.0,1,71.7,0.698,0,0,,2025-12-31,632.39,9,2025-12-07,2024-11-23,70.27,1,16.1,0,24.0,1,75.9
C001090,2022-07-22,Mid-Market,Europe,Pro,Organic,37,72.51,1258,20.0,1,25.6,0.505,0,0,,2025-12-31,1586.71,23,2025-11-27,2022-11-22,68.99,2,33.2,0,34.0,1,69.1
C001091,2023-12-21,Startup,Europe,Free,Paid Search,4,0.0,741,4.0,1,64.1,0.387,1,0,,2025-12-31,115.55,18,2025-12-02,2024-02-10,6.42,2,32.7,0,29.0,0,53.1
C001092,2023-10-03,Mid-Market,North America,Pro,Paid Search,74,67.25,820,25.0,0,50.2,0.516,0,0,,2025-12-31,1211.59,17,2025-12-21,2023-10-20,71.27,1,16.7,0,10.0,1,77.8
C001093,2025-04-20,Startup,APAC,Pro,Paid Search,1,79.58,255,8.0,2,50.8,0.824,1,0,,2025-12-31,1261.29,14,2025-12-29,2025-05-21,90.09,2,0.0,1,2.0,1,66.9
C001094,2023-07-16,Enterprise,Europe,Free,Organic,455,0.0,899,5.0,1,49.8,0.403,0,0,,2025-12-31,183.49,20,2025-09-25,2023-09-06,9.17,1,0.0,0,97.0,0,55.0
C001095,2023-04-15,Enterprise,North America,Business,Organic,220,215.77,991,15.0,2,49.0,0.212,0,0,,2025-12-31,4364.59,22,2025-10-13,2023-05-16,198.39,3,55.7,0,79.0,1,56.7
C001096,2022-04-25,Startup,APAC,Pro,Organic,4,77.59,1346,10.0,0,42.1,0.777,0,0,,2025-12-31,1939.7,23,2025-12-15,2022-06-16,84.33,0,0.0,0,16.0,1,71.4
C001097,2025-04-09,Startup,Europe,Starter,Organic,1,28.45,266,12.0,1,59.2,0.274,0,0,,2025-12-31,72.67,3,2025-10-11,2025-05-22,24.22,2,80.0,0,81.0,1,58.4
C001098,2024-12-16,Startup,Europe,Business,Paid Search,6,209.6,380,22.0,0,16.8,0.053,1,0,,2025-12-31,1840.42,9,2025-10-26,2025-02-22,204.49,0,0.0,0,66.0,1,55.9
C001099,2022-02-28,Startup,Europe,Starter,Organic,5,32.79,1402,15.0,2,29.0,0.639,0,0,,2025-12-31,983.62,30,2025-11-02,2022-03-29,32.79,2,66.5,0,59.0,1,67.5
C001100,2023-09-13,SMB,Europe,Pro,Paid Search,23,84.74,840,10.0,1,71.7,0.956,0,0,,2025-12-31,968.6400000000001,13,2025-11-24,2023-10-01,74.51,1,60.0,0,37.0,1,78.3
C001101,2023-11-17,Mid-Market,Europe,Pro,Sales,43,78.97,775,22.0,2,39.3,0.357,1,0,,2025-12-31,1398.55,18,2025-11-30,2023-12-04,77.7,2,2.3,0,31.0,1,64.3
C001102,2023-11-03,Mid-Market,North America,Free,Organic,30,0.0,789,10.0,0,26.9,0.397,1,0,,2025-12-31,62.23,17,2025-12-04,2024-01-17,3.66,0,0.0,0,27.0,0,56.5
C001103,2025-08-07,SMB,North America,Starter,Organic,17,33.24,146,26.0,3,60.9,0.475,0,0,,2025-12-31,41.15,1,2025-10-14,2025-10-14,41.15,4,56.3,0,78.0,1,74.1
C001104,2022-08-04,Mid-Market,LATAM,Starter,Partner,64,30.89,1245,27.0,0,55.9,0.569,0,0,,2025-12-31,583.02,18,2025-07-31,2022-08-04,32.39,0,0.0,0,153.0,1,81.8
C001105,2023-03-15,Startup,Europe,Starter,Paid Search,4,32.51,1022,13.0,2,2.5,0.538,0,0,,2025-12-31,663.48,20,2025-10-13,2023-04-18,33.17,3,99.2,0,79.0,1,60.0
C001106,2022-09-16,Enterprise,Europe,Pro,Organic,88,89.45,1202,21.0,2,53.2,0.263,0,0,,2025-12-31,2072.79,23,2025-10-11,2022-09-26,90.12,2,20.0,0,81.0,1,64.0
C001107,2022-12-16,Mid-Market,North America,Free,Referral,66,0.0,1111,19.0,1,38.4,0.749,0,0,,2025-12-31,137.35,26,2025-12-30,2023-01-13,5.28,2,33.9,0,1.0,0,76.8
C001108,2025-07-21,Mid-Market,APAC,Enterprise,Referral,36,5397.38,163,24.0,0,52.8,0.329,0,1,2025-10-28,2025-12-31,29662.37,6,2025-10-15,2025-08-23,4943.73,0,0.0,0,77.0,0,71.6
C001109,2025-09-07,Mid-Market,North America,Starter,Sales,18,31.03,115,12.0,3,35.3,0.089,1,1,2025-10-22,2025-12-31,21.56,1,2025-10-09,2025-10-09,21.56,4,30.0,0,83.0,0,45.4
C001110,2022-03-05,Mid-Market,North America,Starter,Sales,25,26.09,1397,11.0,0,46.6,0.794,1,0,,2025-12-31,546.59,20,2025-11-11,2022-06-10,27.33,0,0.0,0,50.0,1,71.3
C001111,2024-06-22,SMB,North America,Enterprise,Partner,8,1214.78,557,7.0,2,-10.8,0.272,1,0,,2025-12-31,16116.01,12,2025-10-28,2024-08-14,1343.0,2,8.2,0,64.0,1,43.3
C001112,2022-11-29,Mid-Market,APAC,Pro,Partner,64,76.59,1128,16.0,0,12.6,0.463,0,0,,2025-12-31,1534.85,21,2025-12-09,2023-01-29,73.09,1,65.6,0,22.0,1,64.4
C001113,2022-10-03,SMB,Europe,Pro,Paid Search,16,87.24,1185,17.0,1,53.5,0.813,0,0,,2025-12-31,1224.5,14,2025-11-27,2022-11-29,87.46,1,40.1,0,34.0,1,78.4
C001114,2023-02-22,Startup,North America,Pro,Sales,2,77.43,1043,12.0,2,100.0,0.282,1,0,,2025-12-31,950.47,13,2025-12-15,2023-10-09,73.11,2,49.1,0,16.0,1,59.2
C001115,2022-10-05,SMB,North America,Business,Partner,16,206.32,1183,8.0,1,44.2,0.673,0,0,,2025-12-31,6037.34,27,2025-10-07,2022-10-24,223.61,2,8.6,0,85.0,1,65.3
C001116,2023-12-02,SMB,Europe,Free,Paid Search,23,0.0,760,12.0,2,17.7,0.584,1,1,2025-06-02,2025-12-31,32.59,13,2025-05-27,2023-12-16,2.51,2,36.8,0,218.0,0,60.0
C001117,2025-11-24,Mid-Market,Europe,Free,Organic,41,0.0,37,14.0,0,38.4,0.541,2,1,2025-12-04,2025-12-31,0.0,2,2025-12-02,2025-11-29,0.0,0,0.0,0,29.0,0,63.6
C001118,2024-04-18,Mid-Market,APAC,Enterprise,Partner,23,3870.36,622,3.0,0,12.7,0.244,1,1,2025-03-24,2025-12-31,33578.76,9,2024-12-16,2024-05-20,3730.97,0,0.0,0,380.0,0,44.3
C001119,2024-10-31,Mid-Market,North America,Free,Paid Search,23,0.0,426,18.0,0,66.2,0.391,1,0,,2025-12-31,34.410000000000004,13,2025-12-26,2025-01-04,2.65,1,30.1,0,5.0,0,67.4
C001120,2023-12-07,Startup,APAC,Pro,Referral,1,80.19,755,23.0,3,36.2,0.429,1,0,,2025-12-31,1033.17,12,2025-10-20,2024-02-23,86.1,3,11.7,0,72.0,1,65.5
C001121,2022-01-20,SMB,LATAM,Pro,Organic,16,88.64,1441,9.0,2,61.3,0.355,0,0,,2025-12-31,1754.33,20,2025-12-26,2022-05-14,87.72,2,57.7,0,5.0,1,56.8
C001122,2022-05-01,Mid-Market,Europe,Pro,Referral,71,79.7,1340,10.0,1,31.2,0.357,1,0,,2025-12-31,1342.97,17,2025-08-06,2022-06-17,79.0,1,28.9,0,147.0,1,54.3
C001123,2023-01-20,SMB,North America,Business,Organic,8,178.57,1076,2.0,1,63.5,0.472,0,0,,2025-12-31,5760.27,30,2025-11-10,2023-04-06,192.01,2,35.0,0,51.0,1,55.8
C001124,2022-12-15,Startup,Europe,Enterprise,Partner,7,1176.03,1112,16.0,0,-5.6,0.261,2,0,,2025-12-31,26479.97,24,2025-11-18,2023-01-20,1103.33,1,55.5,0,43.0,1,52.6
C001125,2025-04-17,SMB,North America,Free,Paid Search,14,0.0,258,11.0,2,35.6,0.295,0,0,,2025-12-31,21.39,3,2025-09-04,2025-05-18,7.13,3,24.2,0,118.0,0,54.2
C001126,2025-04-21,SMB,North America,Pro,Paid Search,4,90.64,254,23.0,1,48.5,0.534,0,0,,2025-12-31,539.93,6,2025-11-17,2025-04-25,89.99,2,47.1,0,44.0,1,74.9
C001127,2025-05-06,Startup,North America,Pro,Paid Search,2,86.43,239,25.0,2,28.3,0.5,0,0,,2025-12-31,522.1,6,2025-12-29,2025-06-05,87.02,2,12.0,0,2.0,1,72.2
C001128,2024-06-30,SMB,LATAM,Starter,Organic,13,25.84,549,21.0,3,44.0,0.703,1,0,,2025-12-31,270.35,11,2025-12-21,2024-06-30,24.58,3,31.3,0,10.0,1,72.7
C001129,2024-03-06,SMB,Europe,Business,Organic,21,191.44,665,5.0,0,43.6,0.085,0,0,,2025-12-31,2599.92,15,2025-12-31,2024-03-22,173.33,1,10.7,1,0.0,1,46.4
C001130,2024-07-17,Mid-Market,APAC,Pro,Referral,50,70.87,532,5.0,4,61.2,0.498,0,1,2025-09-11,2025-12-31,350.19,5,2025-08-02,2024-09-07,70.04,5,32.2,1,151.0,0,54.5
C001131,2023-08-05,Enterprise,Europe,Starter,Organic,304,32.52,879,13.0,0,50.5,0.416,0,0,,2025-12-31,606.31,20,2025-10-21,2023-08-06,30.32,1,19.4,0,71.0,1,64.1
C001132,2024-08-16,Startup,Europe,Business,Referral,1,170.98,502,17.0,1,44.8,0.543,0,0,,2025-12-31,1628.59,9,2025-11-05,2024-08-29,180.95,2,56.2,0,56.0,1,69.4
C001133,2025-02-10,SMB,North America,Enterprise,Referral,7,1086.15,324,0.0,3,57.0,0.149,0,0,,2025-12-31,4659.41,4,2025-12-31,2025-06-22,1164.85,3,67.0,0,0.0,1,40.7
C001134,2024-12-26,SMB,Europe,Free,Organic,23,0.0,370,13.0,0,1.2,0.774,0,0,,2025-12-31,83.58,11,2025-12-11,2024-12-31,7.6,2,15.4,0,20.0,0,69.9
C001135,2024-05-27,SMB,North America,Business,Sales,13,196.23,583,2.0,2,16.2,0.373,0,0,,2025-12-31,2641.58,14,2025-12-13,2024-06-07,188.68,2,14.8,0,18.0,1,46.6
C001136,2022-03-25,Enterprise,Europe,Starter,Referral,336,31.54,1377,7.0,2,0.4,0.47,1,0,,2025-12-31,878.28,27,2025-11-30,2022-07-02,32.53,3,20.5,1,31.0,1,50.4
C001137,2024-11-02,Startup,North America,Free,Referral,3,0.0,424,10.0,2,48.7,0.14,0,0,,2025-12-31,51.56,8,2025-10-23,2024-11-03,6.44,2,66.0,0,69.0,0,50.0
C001138,2023-06-09,Mid-Market,North America,Starter,Referral,26,26.94,936,1.0,1,45.3,0.097,1,1,2024-12-23,2025-12-31,404.45,14,2024-12-19,2023-10-20,28.89,1,43.3,0,377.0,0,39.8
C001139,2024-11-29,Startup,Europe,Business,Partner,3,219.1,397,7.0,1,69.6,0.422,1,1,2025-09-08,2025-12-31,1577.31,6,2025-09-01,2024-12-12,262.88,2,31.5,0,121.0,0,57.4
C001140,2024-02-11,SMB,North America,Free,Sales,24,0.0,689,17.0,0,43.8,0.503,0,0,,2025-12-31,68.45,12,2025-09-27,2024-02-29,5.7,1,42.4,0,95.0,0,69.6
C001141,2025-06-14,Mid-Market,North America,Free,Organic,69,0.0,200,27.0,1,19.2,0.134,0,1,2025-09-20,2025-12-31,0.0,2,2025-08-12,2025-07-26,0.0,1,6.1,0,141.0,0,63.5
C001142,2023-04-29,Enterprise,LATAM,Business,Organic,104,186.06,977,21.0,0,38.4,0.232,1,0,,2025-12-31,5138.04,31,2025-12-17,2023-06-30,165.74,0,0.0,0,14.0,1,62.6
C001143,2025-08-24,Startup,North America,Starter,Referral,1,30.59,129,8.0,1,-11.9,0.715,0,0,,2025-12-31,39.52,1,2025-10-23,2025-10-23,39.52,1,0.4,0,69.0,1,60.9
C001144,2025-04-22,Mid-Market,North America,Free,Organic,58,0.0,253,26.0,2,24.8,0.332,0,0,,2025-12-31,47.410000000000004,6,2025-12-28,2025-06-04,7.9,2,9.0,0,3.0,0,67.7
C001145,2023-04-19,Enterprise,North America,Starter,Partner,305,27.92,987,12.0,2,-23.7,0.361,1,0,,2025-12-31,687.3000000000001,26,2025-12-22,2023-09-05,26.43,2,37.2,0,9.0,1,49.2
C001146,2023-11-22,SMB,North America,Business,Paid Search,18,227.18,770,9.0,1,43.2,0.642,0,0,,2025-12-31,3276.08,16,2025-12-03,2024-03-04,204.76,1,35.9,0,28.0,1,65.1
C001147,2024-01-30,Mid-Market,APAC,Pro,Paid Search,69,70.78,701,23.0,0,28.0,0.582,0,1,2025-12-12,2025-12-31,1302.43,17,2025-10-31,2024-03-19,76.61,0,0.0,0,61.0,0,75.8
C001148,2025-01-04,Mid-Market,North America,Business,Sales,27,221.18,361,11.0,0,31.7,0.379,0,0,,2025-12-31,1629.76,8,2025-11-06,2025-01-29,203.72,0,0.0,0,55.0,1,59.4
C001149,2024-09-12,Mid-Market,Europe,Free,Organic,37,0.0,475,20.0,2,11.7,0.323,1,1,2025-10-09,2025-12-31,5.86,5,2025-08-24,2024-11-07,1.17,3,28.7,0,129.0,0,58.7
C001150,2025-05-03,Startup,Europe,Pro,Organic,2,71.16,242,4.0,1,18.3,0.568,0,0,,2025-12-31,607.62,9,2025-12-13,2025-05-23,67.51,1,35.8,0,18.0,1,55.9
C001151,2023-06-13,Mid-Market,North America,Business,Partner,23,209.68,932,9.0,0,52.3,0.469,1,0,,2025-12-31,4919.06,23,2025-12-14,2023-07-14,213.87,0,0.0,0,17.0,1,60.3
C001152,2023-12-23,Mid-Market,LATAM,Starter,Referral,34,26.84,739,27.0,1,-0.9,0.309,1,0,,2025-12-31,395.53000000000003,14,2025-10-22,2024-01-30,28.25,1,0.0,0,70.0,1,64.8
C001153,2023-09-09,Mid-Market,LATAM,Starter,Referral,26,25.87,844,6.0,0,47.6,0.589,0,1,2024-07-21,2025-12-31,198.76999999999998,8,2024-04-29,2023-09-26,24.85,0,0.0,0,611.0,0,62.8
C001154,2025-07-24,Mid-Market,North America,Starter,Organic,50,28.91,160,23.0,0,14.7,0.249,1,0,,2025-12-31,36.29,1,2025-09-05,2025-09-05,36.29,1,12.1,0,117.0,1,62.5
C001155,2023-03-13,Mid-Market,North America,Starter,Sales,29,26.19,1024,13.0,2,-7.0,0.487,0,1,2025-09-21,2025-12-31,575.54,24,2025-08-17,2023-05-04,23.98,3,44.3,0,136.0,0,57.5
C001156,2024-04-19,Enterprise,North America,Starter,Partner,469,29.19,621,26.0,2,65.7,0.338,1,1,2025-02-11,2025-12-31,117.81,4,2025-02-11,2024-06-23,29.45,2,67.4,0,323.0,0,69.9
C001157,2022-06-21,Mid-Market,North America,Enterprise,Referral,76,13728.57,1289,11.0,1,68.2,0.154,1,0,,2025-12-31,336159.85,25,2025-10-15,2022-08-30,13446.39,1,29.3,0,77.0,1,52.8
C001158,2025-04-30,SMB,Europe,Pro,Organic,13,67.24,245,13.0,1,21.5,0.688,0,0,,2025-12-31,157.63,3,2025-12-28,2025-07-10,52.54,1,116.9,0,3.0,1,67.9
C001159,2023-07-04,Startup,Europe,Pro,Paid Search,3,75.85,911,11.0,1,21.3,0.368,1,0,,2025-12-31,1597.99,21,2025-12-31,2023-08-14,76.09,3,34.6,0,0.0,1,54.5
C001160,2023-05-03,Enterprise,Europe,Free,Paid Search,298,0.0,973,5.0,2,28.7,0.72,1,1,2024-09-03,2025-12-31,68.39,15,2024-08-26,2023-06-15,4.56,3,24.8,0,492.0,0,58.9
C001161,2024-04-13,Mid-Market,North America,Pro,Partner,75,78.73,627,23.0,0,14.7,0.092,0,0,,2025-12-31,826.07,10,2025-12-28,2024-04-22,82.61,2,78.1,1,3.0,1,59.8
C001162,2023-12-15,Startup,North America,Pro,Organic,5,81.13,747,16.0,3,19.2,0.398,0,0,,2025-12-31,1810.55,21,2025-12-26,2024-02-10,86.22,3,36.1,0,5.0,1,58.6
C001163,2025-04-27,Startup,LATAM,Enterprise,Paid Search,6,821.71,248,14.0,1,46.3,0.498,1,0,,2025-12-31,3175.89,4,2025-09-15,2025-05-09,793.97,1,14.8,0,107.0,1,63.6
C001164,2024-01-30,SMB,LATAM,Starter,Partner,15,29.29,701,10.0,2,86.8,0.407,0,0,,2025-12-31,565.0600000000001,19,2025-12-21,2024-02-26,29.74,2,154.5,0,10.0,1,61.8
C001165,2024-01-10,Mid-Market,North America,Business,Paid Search,75,208.56,721,21.0,1,26.1,0.511,0,0,,2025-12-31,4493.06,22,2025-12-24,2024-01-17,204.23,2,61.8,0,7.0,1,70.2
C001166,2022-05-31,SMB,Europe,Starter,Paid Search,11,29.86,1310,9.0,0,60.6,0.377,0,1,2025-01-11,2025-12-31,717.49,25,2024-11-03,2022-07-04,28.7,1,18.9,0,423.0,0,60.4
C001167,2022-02-01,Mid-Market,Europe,Pro,Organic,40,68.16,1429,6.0,2,43.8,0.258,2,0,,2025-12-31,1916.74,26,2025-09-22,2022-03-16,73.72,3,80.1,0,100.0,1,45.5
C001168,2023-07-24,Mid-Market,APAC,Enterprise,Referral,24,3380.78,891,2.0,2,-6.8,0.377,0,0,,2025-12-31,69980.81,20,2025-12-18,2023-08-30,3499.04,2,8.6,0,13.0,1,44.4
C001169,2025-11-28,Mid-Market,Europe,Pro,Partner,54,83.47,33,24.0,2,34.4,0.549,1,0,,2025-12-31,76.5,1,2025-12-07,2025-12-07,76.5,2,51.0,0,24.0,1,71.3
C001170,2025-08-04,SMB,APAC,Pro,Partner,6,70.59,149,2.0,1,31.2,0.703,0,0,,2025-12-31,306.67,5,2025-12-30,2025-09-15,61.33,1,36.9,0,1.0,1,59.5
C001171,2024-06-18,Mid-Market,North America,Business,Sales,67,187.65,561,23.0,2,71.6,0.549,0,0,,2025-12-31,1219.52,6,2025-10-17,2024-11-11,203.25,2,30.2,0,75.0,1,76.2
C001172,2024-06-21,SMB,North America,Enterprise,Partner,15,2357.65,558,10.0,1,72.6,0.27,0,0,,2025-12-31,21523.760000000002,9,2025-11-28,2024-07-15,2391.53,2,38.6,0,33.0,1,57.8
C001173,2023-07-14,Mid-Market,LATAM,Starter,Organic,32,28.48,901,0.0,0,44.4,0.48,0,0,,2025-12-31,634.88,22,2025-12-02,2023-09-17,28.86,0,0.0,0,29.0,1,53.8
C001174,2022-09-11,Mid-Market,North America,Starter,Partner,16,25.13,1207,25.0,0,65.4,0.74,0,0,,2025-12-31,622.49,26,2025-12-09,2022-10-12,23.94,2,67.4,0,22.0,1,86.1
C001175,2022-01-13,SMB,North America,Pro,Sales,7,77.85,1448,20.0,0,31.3,0.289,0,0,,2025-12-31,3077.69,41,2025-12-06,2022-01-21,75.07,0,0.0,0,25.0,1,64.7
C001176,2023-04-30,Startup,APAC,Enterprise,Organic,7,1092.38,976,20.0,0,63.0,0.601,0,0,,2025-12-31,24155.56,21,2025-12-17,2023-05-14,1150.26,0,0.0,0,14.0,1,77.2
C001177,2023-03-29,Mid-Market,APAC,Pro,Partner,30,73.82,1008,15.0,1,37.5,0.358,0,0,,2025-12-31,1203.91,17,2025-10-27,2023-04-06,70.82,1,33.6,0,65.0,1,61.4
C001178,2022-10-01,SMB,Europe,Starter,Organic,6,29.15,1187,21.0,0,62.4,0.411,0,0,,2025-12-31,902.05,31,2025-11-28,2022-10-19,29.1,0,0.0,0,33.0,1,72.3
C001179,2023-01-06,Mid-Market,APAC,Pro,Referral,22,84.46,1090,3.0,0,65.0,0.474,0,0,,2025-12-31,1965.38,25,2025-12-25,2023-03-07,78.62,1,205.8,0,6.0,1,58.4
C001180,2022-02-05,Enterprise,APAC,Free,Partner,385,0.0,1425,6.0,1,52.9,0.233,1,0,,2025-12-31,84.64,20,2025-11-23,2022-05-02,4.23,1,41.8,0,38.0,0,49.1
C001181,2024-05-19,SMB,North America,Starter,Sales,20,33.08,591,15.0,1,16.5,0.906,2,0,,2025-12-31,287.43,8,2025-10-18,2024-08-18,35.93,1,6.5,0,74.0,1,71.7
C001182,2025-08-19,Mid-Market,Europe,Free,Partner,76,0.0,134,20.0,0,24.5,0.575,1,0,,2025-12-31,16.97,2,2025-09-16,2025-09-15,8.48,1,120.5,0,106.0,0,70.6
C001183,2024-09-14,SMB,APAC,Free,Organic,17,0.0,473,16.0,1,53.8,0.481,0,0,,2025-12-31,36.480000000000004,5,2025-06-21,2024-10-08,7.3,1,4.2,1,193.0,0,67.6
C001184,2023-10-03,SMB,APAC,Pro,Paid Search,17,86.81,820,11.0,2,57.3,0.392,0,0,,2025-12-31,1250.49,16,2025-10-17,2023-10-18,78.16,3,30.4,0,75.0,1,59.3
C001185,2023-08-24,Mid-Market,North America,Starter,Sales,60,27.55,860,18.0,0,39.0,0.648,1,0,,2025-12-31,399.27,14,2025-11-28,2023-09-25,28.52,1,74.6,0,33.0,1,72.4
C001186,2023-03-16,Enterprise,North America,Starter,Organic,108,26.32,1021,1.0,1,27.2,0.35,2,0,,2025-12-31,440.09,15,2025-12-23,2023-08-13,29.34,1,26.1,0,8.0,1,43.6
C001187,2022-07-23,Mid-Market,APAC,Pro,Organic,63,74.86,1257,14.0,2,39.8,0.445,0,0,,2025-12-31,1451.17,20,2025-12-08,2022-08-26,72.56,2,4.0,1,23.0,1,61.8
C001188,2024-05-05,Startup,North America,Starter,Referral,5,25.14,605,11.0,1,28.0,0.353,0,1,2025-05-05,2025-12-31,171.66,6,2025-04-10,2024-07-09,28.61,1,10.9,0,265.0,0,56.7
C001189,2024-03-21,SMB,North America,Starter,Paid Search,17,28.09,650,13.0,2,28.2,0.133,0,0,,2025-12-31,323.21,12,2025-09-03,2024-04-15,26.93,3,35.2,1,119.0,1,50.4
C001190,2022-01-11,Mid-Market,APAC,Starter,Organic,76,31.62,1450,3.0,1,84.0,0.447,0,0,,2025-12-31,1000.67,32,2025-12-13,2022-04-22,31.27,4,57.2,0,18.0,1,58.0
C001191,2023-08-18,Enterprise,Europe,Free,Organic,158,0.0,866,25.0,0,23.1,0.45,0,0,,2025-12-31,42.589999999999996,16,2025-12-09,2023-09-07,2.66,0,0.0,0,22.0,0,73.1
C001192,2023-02-02,SMB,North America,Pro,Paid Search,21,67.15,1063,23.0,2,47.7,0.522,0,0,,2025-12-31,1438.6,22,2025-12-08,2023-02-20,65.39,3,20.8,0,23.0,1,73.0
C001193,2022-09-01,Enterprise,North America,Free,Partner,91,0.0,1217,26.0,3,38.8,0.341,2,0,,2025-12-31,70.56,22,2025-08-25,2022-11-30,3.21,3,97.0,0,128.0,0,63.8
C001194,2024-10-02,SMB,North America,Starter,Paid Search,11,26.36,455,23.0,2,4.3,0.102,0,1,2025-08-01,2025-12-31,287.49,11,2025-06-11,2024-10-28,26.14,2,23.8,0,203.0,0,56.0
C001195,2024-01-22,SMB,APAC,Starter,Paid Search,14,30.25,709,18.0,2,3.5,0.224,0,0,,2025-12-31,469.34000000000003,16,2025-11-29,2024-03-24,29.33,3,22.1,0,32.0,1,55.1
C001196,2024-06-25,SMB,Europe,Starter,Referral,15,26.04,554,8.0,3,33.0,0.497,0,0,,2025-12-31,183.48,7,2025-12-25,2024-08-21,26.21,4,75.4,0,6.0,1,55.9
C001197,2024-10-17,Mid-Market,North America,Starter,Organic,22,28.12,440,3.0,1,-13.8,0.366,1,1,2025-09-12,2025-12-31,188.3,7,2025-08-24,2024-11-11,26.9,2,20.5,0,129.0,0,43.8
C001198,2025-11-04,Enterprise,North America,Starter,Partner,293,30.2,57,17.0,0,80.8,0.433,0,0,,2025-12-31,26.75,1,2025-12-19,2025-12-19,26.75,0,0.0,0,12.0,1,71.2
C001199,2025-02-21,Enterprise,North America,Starter,Paid Search,75,26.76,313,26.0,3,26.0,0.628,0,0,,2025-12-31,243.35999999999999,9,2025-12-26,2025-02-21,27.04,3,6.0,0,5.0,1,75.2
C001200,2024-06-06,SMB,North America,Free,Paid Search,13,0.0,573,10.0,2,23.9,0.582,0,0,,2025-12-31,79.22,14,2025-12-13,2024-06-09,5.66,2,151.2,0,18.0,0,60.8
C001201,2025-06-11,Startup,North America,Business,Partner,5,222.12,203,27.0,4,65.6,0.153,2,0,,2025-12-31,1625.21,7,2025-11-25,2025-06-19,232.17,4,21.8,0,36.0,1,60.3
C001202,2023-11-14,Mid-Market,Europe,Starter,Partner,26,26.56,778,4.0,2,31.5,0.785,0,0,,2025-12-31,355.38,13,2025-12-15,2023-12-03,27.34,4,24.5,1,16.0,1,62.3
C001203,2025-11-09,SMB,North America,Free,Sales,14,0.0,52,7.0,1,51.3,0.849,0,0,,2025-12-31,0.0,1,2025-12-05,2025-12-05,0.0,1,21.7,0,26.0,0,70.4
C001204,2024-12-24,SMB,North America,Pro,Organic,3,89.6,372,18.0,3,20.7,0.186,0,0,,2025-12-31,706.4,8,2025-12-29,2025-01-13,88.3,3,22.6,1,2.0,1,54.2
C001205,2024-07-19,Enterprise,Europe,Free,Organic,271,0.0,530,13.0,0,36.1,0.11,0,0,,2025-12-31,41.0,10,2025-12-15,2024-08-31,4.1,2,74.9,0,16.0,0,53.5
C001206,2025-07-15,Mid-Market,Europe,Business,Paid Search,63,197.94,169,21.0,0,59.2,0.745,0,0,,2025-12-31,904.38,4,2025-12-09,2025-08-12,226.1,1,46.9,0,22.0,1,82.0
C001207,2024-01-07,Mid-Market,North America,Free,Paid Search,68,0.0,724,9.0,0,13.5,0.52,4,1,2025-04-28,2025-12-31,41.16,7,2025-04-07,2024-01-23,5.88,0,0.0,0,268.0,0,52.0
C001208,2024-10-27,SMB,North America,Pro,Organic,14,73.0,430,21.0,2,48.2,0.207,0,0,,2025-12-31,445.84,5,2025-12-25,2024-12-30,89.17,2,12.8,1,6.0,1,61.8
C001209,2023-02-12,SMB,North America,Enterprise,Sales,7,972.39,1053,8.0,2,-25.4,0.474,1,0,,2025-12-31,17683.47,19,2025-11-19,2023-04-22,930.71,2,14.6,0,42.0,1,48.8
C001210,2025-10-09,SMB,North America,Starter,Referral,16,29.17,83,4.0,2,66.6,0.265,1,0,,2025-12-31,55.87,2,2025-11-27,2025-11-14,27.94,2,98.2,0,34.0,1,48.2
C001211,2024-06-10,Startup,APAC,Starter,Paid Search,7,25.54,569,15.0,1,21.1,0.127,0,0,,2025-12-31,443.67,17,2025-11-14,2024-06-24,26.1,1,15.6,0,47.0,1,52.8
C001212,2025-01-23,SMB,North America,Pro,Paid Search,13,85.61,342,14.0,3,32.9,0.398,0,0,,2025-12-31,786.21,10,2025-11-20,2025-03-25,78.62,3,26.4,1,41.0,1,58.2
C001213,2023-10-21,Startup,APAC,Enterprise,Organic,7,1120.84,802,15.0,2,32.6,0.926,0,1,2024-08-08,2025-12-31,2843.6800000000003,3,2024-02-16,2023-11-10,947.89,3,35.2,0,684.0,0,76.4
C001214,2025-05-24,SMB,APAC,Starter,Paid Search,8,25.2,221,0.0,1,10.6,0.612,0,0,,2025-12-31,59.93,2,2025-11-22,2025-10-03,29.96,1,6.9,0,39.0,1,52.9
C001215,2022-04-17,Startup,North America,Pro,Partner,7,84.21,1354,11.0,1,8.7,0.551,0,0,,2025-12-31,2789.23,33,2025-12-03,2022-06-16,84.52,2,26.8,1,28.0,1,60.7
C001216,2022-06-13,Startup,North America,Starter,Sales,6,28.88,1297,2.0,1,48.0,0.227,1,0,,2025-12-31,578.48,21,2025-10-04,2022-10-30,27.55,1,0.0,0,88.0,1,44.9
C001217,2023-12-27,SMB,North America,Pro,Paid Search,3,78.12,735,22.0,2,49.2,0.374,0,0,,2025-12-31,864.01,10,2025-07-22,2024-04-19,86.4,3,19.1,0,162.0,1,67.8
C001218,2024-11-13,Startup,North America,Starter,Organic,6,29.55,413,2.0,2,12.9,0.751,1,0,,2025-12-31,309.6,9,2025-11-21,2024-12-06,34.4,3,131.3,0,40.0,1,55.6
C001219,2025-03-03,Startup,Europe,Pro,Organic,4,85.84,303,26.0,2,48.5,0.065,0,0,,2025-12-31,858.21,9,2025-11-28,2025-04-20,95.36,2,8.2,0,33.0,1,62.0
C001220,2023-09-22,SMB,North America,Free,Organic,12,0.0,831,1.0,3,48.9,0.496,0,1,2024-06-13,2025-12-31,26.689999999999998,6,2024-05-05,2023-10-14,4.45,4,21.8,0,605.0,0,51.2
C001221,2024-07-18,SMB,APAC,Pro,Sales,20,69.84,531,17.0,2,25.5,0.308,0,0,,2025-12-31,658.89,9,2025-10-08,2024-08-28,73.21,2,13.0,0,84.0,1,59.0
C001222,2024-03-01,SMB,Europe,Starter,Referral,15,26.14,670,9.0,0,2.7,0.408,0,0,,2025-12-31,324.23,12,2025-11-11,2024-03-24,27.02,1,0.0,0,50.0,1,55.5
C001223,2025-10-06,Startup,APAC,Pro,Referral,6,74.38,86,3.0,0,34.1,0.421,1,0,,2025-12-31,111.65,2,2025-10-23,2025-10-11,55.82,0,0.0,0,69.0,1,51.7
C001224,2024-07-24,SMB,APAC,Business,Referral,3,213.93,525,10.0,3,44.1,0.691,2,0,,2025-12-31,1843.94,9,2025-11-19,2024-08-25,204.88,3,44.4,0,42.0,1,60.6
C001225,2023-08-20,Startup,Europe,Business,Organic,7,204.6,864,1.0,1,33.5,0.088,0,0,,2025-12-31,3341.0,16,2025-12-28,2023-09-28,208.81,1,0.8,1,3.0,1,40.4
C001226,2025-10-18,SMB,LATAM,Enterprise,Referral,18,2498.85,74,19.0,2,20.2,0.138,1,0,,2025-12-31,6180.74,3,2025-12-16,2025-10-23,2060.25,2,20.0,0,15.0,1,53.1
C001227,2022-06-03,Startup,LATAM,Pro,Referral,1,86.6,1307,24.0,1,46.7,0.554,0,0,,2025-12-31,2864.53,32,2025-12-18,2022-07-30,89.52,1,10.8,0,13.0,1,76.2
C001228,2025-11-08,Mid-Market,North America,Pro,Organic,22,68.23,53,9.0,2,66.6,0.057,0,0,,2025-12-31,52.41,1,2025-12-07,2025-12-07,52.41,3,16.5,1,24.0,1,48.4
C001229,2022-08-09,SMB,North America,Free,Paid Search,11,0.0,1240,12.0,2,15.7,0.426,0,0,,2025-12-31,174.61,31,2025-11-26,2022-10-08,5.63,2,55.4,0,35.0,0,57.1
C001230,2023-02-17,SMB,North America,Enterprise,Partner,23,4103.15,1048,3.0,1,27.5,0.496,0,0,,2025-12-31,72230.27,17,2025-10-22,2023-03-20,4248.84,1,88.9,0,70.0,1,53.8
C001231,2025-03-20,Startup,North America,Pro,Sales,2,75.44,286,13.0,2,100.0,0.662,0,0,,2025-12-31,668.65,9,2025-12-01,2025-04-20,74.29,2,17.6,0,30.0,1,73.5
C001232,2024-11-15,Startup,Europe,Starter,Organic,7,27.61,411,26.0,1,42.3,0.21,0,1,2025-08-23,2025-12-31,112.47,5,2025-08-14,2025-02-23,22.49,1,27.6,0,139.0,0,67.2
C001233,2025-10-19,SMB,North America,Starter,Sales,24,26.3,73,15.0,0,3.3,0.635,0,0,,2025-12-31,32.03,1,2025-11-28,2025-11-28,32.03,1,77.6,0,33.0,1,67.8
C001234,2024-12-08,SMB,Europe,Business,Sales,3,179.82,388,24.0,3,23.1,0.511,0,0,,2025-12-31,895.23,5,2025-11-27,2025-01-18,179.05,3,20.0,1,34.0,1,69.6
C001235,2024-06-29,Mid-Market,APAC,Business,Sales,38,170.96,550,21.0,0,16.1,0.281,0,0,,2025-12-31,2828.73,18,2025-12-25,2024-08-17,157.15,0,0.0,0,6.0,1,63.8
C001236,2023-05-11,Startup,North America,Business,Organic,6,219.79,965,3.0,1,44.5,0.391,0,0,,2025-12-31,4371.55,20,2025-12-30,2023-06-21,218.58,1,33.4,0,1.0,1,52.4
C001237,2022-01-07,Mid-Market,Europe,Pro,Organic,34,84.47,1454,1.0,2,42.7,0.828,1,0,,2025-12-31,1797.18,22,2025-12-26,2022-01-07,81.69,3,18.8,0,5.0,1,60.0
C001238,2022-06-27,SMB,North America,Starter,Partner,23,27.92,1283,10.0,1,19.1,0.476,0,0,,2025-12-31,851.22,30,2025-12-24,2022-07-07,28.37,1,62.0,0,7.0,1,58.6
C001239,2023-03-02,SMB,APAC,Enterprise,Paid Search,6,1032.23,1035,26.0,1,81.4,0.467,0,0,,2025-12-31,15829.12,16,2025-11-16,2023-03-13,989.32,1,59.5,0,45.0,1,78.9
C001240,2022-02-28,SMB,Europe,Pro,Organic,16,73.85,1402,4.0,3,37.1,0.521,0,0,,2025-12-31,2541.36,37,2025-12-10,2022-05-22,68.69,3,72.6,0,21.0,1,53.4
C001241,2023-12-28,Mid-Market,North America,Pro,Referral,34,75.26,734,1.0,1,23.6,0.283,1,0,,2025-12-31,1259.37,17,2025-11-08,2024-01-16,74.08,2,19.1,0,53.0,1,43.2
C001242,2025-01-16,Mid-Market,Europe,Pro,Organic,38,88.1,349,26.0,0,4.5,0.375,0,0,,2025-12-31,759.38,9,2025-12-21,2025-02-08,84.38,2,24.3,0,10.0,1,69.9
C001243,2025-10-09,Startup,North America,Pro,Paid Search,4,72.47,83,5.0,1,12.6,0.435,0,0,,2025-12-31,99.65,1,2025-12-27,2025-12-27,99.65,2,15.2,0,4.0,1,52.3
C001244,2023-12-02,SMB,APAC,Pro,Sales,15,87.4,760,9.0,0,3.8,0.297,0,1,2024-06-20,2025-12-31,377.49,5,2024-05-07,2024-03-16,75.5,0,0.0,0,603.0,0,52.3
C001245,2025-06-05,Enterprise,Europe,Pro,Paid Search,53,72.99,209,21.0,0,30.2,0.247,0,0,,2025-12-31,233.75,3,2025-12-03,2025-07-03,77.92,0,0.0,0,28.0,1,64.2
C001246,2025-11-10,SMB,Europe,Business,Sales,22,223.59,51,2.0,1,12.9,0.436,1,0,,2025-12-31,408.36,2,2025-12-11,2025-12-05,204.18,1,7.7,0,20.0,1,47.7
C001247,2025-05-14,Mid-Market,APAC,Business,Paid Search,20,182.76,231,4.0,1,54.6,0.357,0,0,,2025-12-31,725.04,5,2025-09-28,2025-07-24,145.01,1,202.3,0,94.0,1,53.2
C001248,2023-10-27,Startup,APAC,Starter,Paid Search,6,27.19,796,20.0,0,20.4,0.49,1,0,,2025-12-31,510.63,18,2025-08-04,2023-11-23,28.37,1,10.0,0,149.0,1,67.6
C001249,2023-04-11,Mid-Market,APAC,Starter,Organic,30,29.46,995,0.0,1,56.0,0.509,0,0,,2025-12-31,609.93,20,2025-11-14,2023-04-17,30.5,1,59.6,0,47.0,1,54.4
C001250,2025-10-30,Mid-Market,Europe,Pro,Paid Search,42,71.9,62,19.0,1,47.3,0.427,0,0,,2025-12-31,121.98,2,2025-12-18,2025-11-24,60.99,2,13.1,0,13.0,1,68.0
C001251,2022-12-12,Enterprise,APAC,Pro,Paid Search,419,67.75,1115,15.0,1,51.1,0.505,0,0,,2025-12-31,1702.48,26,2025-12-26,2022-12-13,65.48,2,68.9,0,5.0,1,67.2
C001252,2023-08-12,SMB,Europe,Pro,Referral,21,74.29,872,6.0,2,57.4,0.48,0,0,,2025-12-31,1436.13,21,2025-09-07,2023-08-20,68.39,2,44.6,0,115.0,1,57.5
C001253,2022-04-16,SMB,APAC,Business,Sales,19,194.91,1355,17.0,1,84.8,0.306,1,0,,2025-12-31,5558.62,27,2025-12-03,2022-08-24,205.87,3,71.9,1,28.0,1,64.3
C001254,2025-02-08,SMB,APAC,Free,Organic,6,0.0,326,9.0,2,13.8,0.214,0,0,,2025-12-31,27.33,6,2025-09-16,2025-02-18,4.56,2,0.0,0,106.0,0,47.8
C001255,2024-07-18,SMB,North America,Starter,Organic,5,31.48,531,26.0,1,56.1,0.621,0,0,,2025-12-31,439.62,15,2025-12-25,2024-09-03,29.31,1,24.6,0,6.0,1,81.0
C001256,2022-05-02,Mid-Market,North America,Business,Partner,67,185.81,1339,11.0,2,45.0,0.54,0,0,,2025-12-31,6103.59,33,2025-11-17,2022-05-30,184.96,3,10.4,1,44.0,1,62.5
C001257,2022-11-14,Mid-Market,North America,Enterprise,Paid Search,17,2452.25,1143,20.0,2,61.6,0.476,1,1,2025-07-31,2025-12-31,54164.020000000004,23,2025-06-30,2022-12-10,2354.96,3,35.8,0,184.0,0,68.3
C001258,2024-03-05,Mid-Market,North America,Starter,Organic,63,30.1,666,7.0,1,37.8,0.284,0,0,,2025-12-31,449.87,17,2025-12-26,2024-04-27,26.46,2,32.2,0,5.0,1,52.0
C001259,2024-02-12,Startup,North America,Starter,Organic,5,32.29,688,23.0,1,64.4,0.611,0,0,,2025-12-31,278.19,10,2025-11-28,2024-02-19,27.82,2,12.4,0,33.0,1,78.8
C001260,2025-02-20,Mid-Market,North America,Starter,Organic,70,28.58,314,8.0,2,2.7,0.467,1,1,2025-10-27,2025-12-31,244.92000000000002,8,2025-10-07,2025-02-25,30.62,2,28.7,0,85.0,0,51.4
C001261,2023-01-16,Startup,Europe,Pro,Paid Search,7,77.24,1080,14.0,2,9.9,0.422,0,0,,2025-12-31,2319.33,28,2025-10-18,2023-03-05,82.83,2,70.8,0,74.0,1,58.2
C001262,2025-08-15,Mid-Market,North America,Pro,Organic,27,78.93,138,22.0,0,20.8,0.126,0,0,,2025-12-31,265.3,3,2025-12-25,2025-10-15,88.43,1,15.4,0,6.0,1,60.5
C001263,2023-09-28,Enterprise,North America,Starter,Referral,442,26.03,825,25.0,1,33.1,0.268,0,0,,2025-12-31,463.87,17,2025-10-17,2023-11-18,27.29,1,17.8,0,75.0,1,67.2
C001264,2025-03-22,Mid-Market,Europe,Starter,Paid Search,70,27.35,284,21.0,1,36.2,0.43,0,0,,2025-12-31,223.33,8,2025-12-31,2025-05-03,27.92,2,35.7,0,0.0,1,68.8
C001265,2022-12-07,Enterprise,North America,Pro,Paid Search,217,77.93,1120,18.0,1,16.5,0.65,0,0,,2025-12-31,1585.4,21,2025-12-28,2023-01-20,75.5,2,41.3,1,3.0,1,70.7
C001266,2022-02-22,SMB,Europe,Pro,Paid Search,18,90.73,1408,19.0,1,10.2,0.527,0,0,,2025-12-31,2540.98,29,2025-12-29,2022-03-12,87.62,1,7.9,0,2.0,1,67.3
C001267,2022-03-20,SMB,APAC,Pro,Organic,16,76.39,1382,11.0,5,18.6,0.421,0,0,,2025-12-31,2049.46,29,2025-12-14,2022-04-12,70.67,5,53.6,0,17.0,1,51.8
C001268,2023-06-17,Mid-Market,LATAM,Starter,Sales,69,25.09,928,19.0,0,-7.7,0.271,0,0,,2025-12-31,468.93,19,2025-10-21,2023-06-23,24.68,1,45.0,0,71.0,1,59.3
C001269,2025-09-25,SMB,Europe,Starter,Partner,17,26.88,97,16.0,0,27.8,0.234,0,1,2025-12-03,2025-12-31,24.2,1,2025-09-29,2025-09-29,24.2,1,15.5,0,93.0,0,59.1
C001270,2022-03-11,SMB,North America,Starter,Referral,7,32.73,1391,14.0,0,33.5,0.837,0,0,,2025-12-31,1024.63,32,2025-11-30,2022-03-28,32.02,0,0.0,0,31.0,1,76.0
C001271,2023-06-12,Startup,North America,Enterprise,Paid Search,5,880.59,933,8.0,4,46.0,0.252,1,0,,2025-12-31,11754.26,14,2025-10-12,2023-07-04,839.59,5,23.8,0,80.0,1,46.3
C001272,2022-06-06,Startup,LATAM,Starter,Paid Search,3,30.06,1304,9.0,1,39.2,0.44,0,0,,2025-12-31,943.92,32,2025-12-31,2022-06-29,29.5,1,4.5,1,0.0,1,58.7
C001273,2025-08-25,SMB,Europe,Pro,Organic,7,79.82,128,3.0,2,79.8,0.387,1,0,,2025-12-31,274.44,3,2025-12-18,2025-09-06,91.48,3,48.9,0,13.0,1,52.3
C001274,2024-08-23,Startup,APAC,Pro,Paid Search,7,82.33,495,20.0,0,55.3,0.52,1,0,,2025-12-31,969.05,11,2025-11-24,2024-09-15,88.1,0,0.0,0,37.0,1,72.0
C001275,2024-12-26,SMB,Europe,Business,Partner,19,226.59,370,0.0,4,53.4,0.048,1,0,,2025-12-31,1127.38,5,2025-08-20,2025-02-28,225.48,4,22.0,0,133.0,1,33.8
C001276,2024-10-16,SMB,North America,Starter,Paid Search,12,28.48,441,3.0,5,44.1,0.635,0,0,,2025-12-31,204.46,7,2025-12-28,2025-02-27,29.21,6,60.6,0,3.0,1,53.6
C001277,2024-07-28,SMB,Europe,Starter,Organic,20,31.61,521,8.0,2,48.4,0.243,0,0,,2025-12-31,236.78,7,2025-12-21,2024-11-09,33.83,2,22.2,0,10.0,1,51.3
C001278,2025-01-11,Enterprise,APAC,Business,Organic,389,221.51,354,3.0,2,29.5,0.668,0,0,,2025-12-31,1024.15,5,2025-12-19,2025-04-20,204.83,2,49.1,0,12.0,1,57.7
C001279,2022-01-12,SMB,APAC,Starter,Organic,23,26.47,1449,20.0,1,37.5,0.38,0,0,,2025-12-31,813.44,29,2025-11-28,2022-04-10,28.05,2,0.0,0,33.0,1,66.5
C001280,2025-05-22,Startup,North America,Pro,Paid Search,3,76.31,223,3.0,0,83.0,0.599,0,0,,2025-12-31,304.0,4,2025-11-29,2025-06-06,76.0,0,0.0,0,32.0,1,63.9
C001281,2024-11-24,Enterprise,Europe,Starter,Partner,462,30.92,402,12.0,1,33.2,0.676,0,0,,2025-12-31,249.4,8,2025-12-03,2024-11-27,31.18,2,45.6,0,28.0,1,67.8
C001282,2024-11-23,Startup,North America,Enterprise,Sales,4,588.28,403,20.0,2,1.7,0.251,0,0,,2025-12-31,3741.8599999999997,6,2025-12-21,2025-01-08,623.64,2,20.4,1,10.0,1,57.6
C001283,2023-07-17,Startup,LATAM,Pro,Organic,4,74.71,898,16.0,0,52.4,0.287,0,0,,2025-12-31,1564.41,20,2025-12-14,2023-09-20,78.22,0,0.0,0,17.0,1,63.1
C001284,2025-02-19,Mid-Market,North America,Free,Organic,39,0.0,315,16.0,3,56.9,0.819,0,1,2025-10-23,2025-12-31,55.57,6,2025-10-05,2025-04-17,9.26,3,33.7,0,87.0,0,75.0
C001285,2023-07-01,SMB,APAC,Business,Organic,7,227.28,914,9.0,0,38.9,0.59,1,1,2024-11-12,2025-12-31,1695.04,7,2024-09-11,2023-10-12,242.15,1,17.5,0,476.0,0,62.6
C001286,2022-03-12,Startup,North America,Pro,Organic,4,83.63,1390,12.0,1,-12.0,0.495,1,0,,2025-12-31,1916.4,23,2025-12-12,2022-04-17,83.32,1,64.2,0,19.0,1,55.9
C001287,2025-07-22,Startup,Europe,Pro,Partner,4,79.51,162,21.0,1,67.2,0.233,0,0,,2025-12-31,59.56,1,2025-12-28,2025-12-28,59.56,1,28.3,0,3.0,1,66.0
C001288,2022-12-02,Mid-Market,Europe,Starter,Organic,24,28.54,1125,13.0,1,40.7,0.474,0,0,,2025-12-31,491.66,17,2025-10-17,2022-12-17,28.92,1,6.5,0,75.0,1,63.4
C001289,2022-05-26,Mid-Market,North America,Free,Sales,53,0.0,1315,19.0,2,27.2,0.666,0,0,,2025-12-31,71.81,22,2025-07-08,2022-06-03,3.26,2,64.2,0,176.0,0,71.7
C001290,2024-06-08,SMB,APAC,Pro,Referral,10,88.31,571,23.0,2,64.7,0.525,0,0,,2025-12-31,754.52,8,2025-12-19,2024-10-15,94.32,2,44.1,0,12.0,1,74.8
C001291,2022-12-01,Mid-Market,APAC,Starter,Paid Search,18,26.66,1126,6.0,0,-15.6,0.583,0,0,,2025-12-31,601.94,22,2025-08-04,2023-01-13,27.36,0,0.0,0,149.0,1,56.3
C001292,2025-05-12,Mid-Market,APAC,Business,Sales,72,213.42,233,3.0,2,37.8,0.508,0,0,,2025-12-31,2373.17,11,2025-12-11,2025-05-26,215.74,3,28.0,0,20.0,1,53.7
C001293,2023-09-27,Enterprise,North America,Starter,Partner,418,26.78,826,12.0,0,21.5,0.806,1,0,,2025-12-31,580.1899999999999,21,2025-10-26,2023-10-15,27.63,1,1.0,1,66.0,1,70.0
C001294,2022-01-07,Mid-Market,APAC,Pro,Sales,71,85.56,1454,10.0,0,72.3,0.426,1,0,,2025-12-31,2594.81,31,2025-11-02,2022-01-28,83.7,0,0.0,0,59.0,1,61.9
C001295,2025-09-22,SMB,Europe,Starter,Organic,5,31.08,100,4.0,1,41.1,0.308,0,0,,2025-12-31,77.21,3,2025-10-15,2025-09-28,25.74,1,6.0,1,77.0,1,50.4
C001296,2024-01-06,SMB,Europe,Pro,Sales,5,83.55,725,21.0,1,13.4,0.387,0,0,,2025-12-31,1709.92,19,2025-11-14,2024-02-24,90.0,2,8.4,0,47.0,1,65.2
C001297,2023-01-12,SMB,Europe,Free,Organic,8,0.0,1084,17.0,2,63.5,0.53,1,0,,2025-12-31,149.51,20,2025-11-14,2023-08-01,7.48,2,10.9,0,47.0,0,67.4
C001298,2024-08-26,SMB,Europe,Starter,Paid Search,15,33.28,492,18.0,1,-26.5,0.196,0,0,,2025-12-31,479.36,14,2025-12-23,2024-09-15,34.24,1,52.2,0,8.0,1,52.8
C001299,2024-01-29,SMB,North America,Starter,Sales,22,27.55,702,19.0,1,47.7,0.148,0,0,,2025-12-31,491.93,16,2025-12-29,2024-04-13,30.75,1,1.2,0,2.0,1,59.7
C001300,2022-02-12,Mid-Market,Europe,Pro,Paid Search,52,88.02,1418,12.0,2,3.4,0.317,0,0,,2025-12-31,2027.09,21,2025-10-11,2022-02-19,96.53,2,18.9,1,81.0,1,52.6
C001301,2024-12-22,Enterprise,North America,Starter,Organic,157,26.21,374,14.0,2,23.4,0.587,0,0,,2025-12-31,169.55,6,2025-12-27,2025-01-17,28.26,2,37.0,0,4.0,1,64.4
C001302,2023-07-28,Mid-Market,North America,Business,Organic,35,191.65,887,6.0,2,29.0,0.67,1,0,,2025-12-31,3342.29,17,2025-10-24,2023-08-30,196.61,2,17.6,0,68.0,1,58.4
C001303,2024-09-27,Mid-Market,North America,Free,Organic,56,0.0,460,20.0,0,57.8,0.338,0,0,,2025-12-31,7.75,6,2025-10-07,2024-10-21,1.29,1,65.3,0,85.0,0,68.8
C001304,2025-07-04,Mid-Market,North America,Pro,Paid Search,78,69.53,180,26.0,1,90.1,0.656,0,0,,2025-12-31,297.93,4,2025-11-24,2025-09-14,74.48,2,12.8,0,37.0,1,85.4
C001305,2024-05-23,Enterprise,APAC,Pro,Paid Search,187,77.72,587,24.0,3,-9.5,0.496,0,1,2024-10-28,2025-12-31,207.94,3,2024-10-14,2024-07-30,69.31,3,7.6,1,443.0,0,65.9
C001306,2024-08-18,Mid-Market,Europe,Free,Paid Search,52,0.0,500,11.0,1,46.2,0.693,0,0,,2025-12-31,101.55000000000001,8,2025-10-30,2024-11-13,12.69,1,20.0,0,62.0,0,68.7
C001307,2022-12-31,SMB,North America,Free,Referral,15,0.0,1096,1.0,1,90.1,0.429,1,0,,2025-12-31,58.73,19,2025-11-02,2023-02-04,3.09,3,75.6,0,59.0,0,54.3
C001308,2022-12-06,SMB,APAC,Starter,Organic,3,29.64,1121,24.0,1,20.7,0.381,0,0,,2025-12-31,993.54,34,2025-10-26,2023-02-16,29.22,2,60.2,0,66.0,1,68.4
C001309,2023-08-17,Startup,LATAM,Pro,Referral,4,67.46,867,16.0,3,19.1,0.42,1,0,,2025-12-31,848.53,12,2025-10-19,2023-08-21,70.71,6,32.6,0,73.0,1,57.3
C001310,2025-05-04,SMB,APAC,Enterprise,Partner,14,2460.14,241,21.0,0,40.9,0.612,1,0,,2025-12-31,7599.39,3,2025-08-08,2025-06-21,2533.13,0,0.0,0,145.0,1,74.2
C001311,2024-01-20,SMB,APAC,Free,Referral,16,0.0,711,8.0,0,55.7,0.191,2,1,2025-10-03,2025-12-31,74.8,10,2025-08-10,2024-03-17,7.48,1,16.9,0,143.0,0,49.4
C001312,2023-05-13,Mid-Market,LATAM,Pro,Referral,68,80.21,963,24.0,1,51.4,0.242,0,0,,2025-12-31,1414.76,19,2025-12-25,2023-05-26,74.46,1,37.0,0,6.0,1,67.3
C001313,2025-01-19,SMB,Europe,Pro,Sales,12,86.63,346,23.0,1,26.0,0.358,0,0,,2025-12-31,1101.6399999999999,12,2025-12-24,2025-02-19,91.8,1,5.9,0,7.0,1,67.4
C001314,2025-05-05,Enterprise,LATAM,Pro,Organic,230,68.4,240,0.0,0,14.9,0.436,0,0,,2025-12-31,291.61,5,2025-12-01,2025-06-05,58.32,0,0.0,0,30.0,1,49.6
C001315,2025-07-14,SMB,LATAM,Pro,Partner,3,74.65,170,15.0,0,67.9,0.467,0,0,,2025-12-31,426.32,5,2025-11-27,2025-07-16,85.26,0,0.0,0,34.0,1,69.2
C001316,2023-03-04,Mid-Market,North America,Enterprise,Sales,46,8353.7,1033,13.0,1,15.6,0.482,0,0,,2025-12-31,161549.6,18,2025-12-06,2023-04-11,8974.98,2,20.8,0,25.0,1,61.1
C001317,2024-10-11,SMB,APAC,Pro,Referral,5,69.44,446,18.0,0,-12.9,0.336,0,0,,2025-12-31,260.26,4,2025-04-16,2024-10-12,65.06,0,0.0,0,259.0,1,59.9
C001318,2024-04-24,Mid-Market,APAC,Business,Organic,68,190.92,616,7.0,1,-1.3,0.639,0,0,,2025-12-31,1958.57,10,2025-12-31,2024-05-23,195.86,2,57.3,0,0.0,1,58.8
C001319,2023-10-05,SMB,APAC,Starter,Partner,17,32.47,818,2.0,2,20.6,0.188,0,1,2025-09-19,2025-12-31,484.84,14,2025-08-26,2023-11-05,34.63,3,17.2,0,127.0,0,41.5
C001320,2023-07-22,Startup,APAC,Business,Referral,5,176.34,893,7.0,0,72.3,0.501,0,0,,2025-12-31,2568.04,15,2025-08-23,2023-08-03,171.2,0,0.0,0,130.0,1,63.5
C001321,2022-06-13,SMB,North America,Enterprise,Organic,18,3034.99,1297,14.0,0,5.3,0.456,0,0,,2025-12-31,105110.68,34,2025-11-30,2022-07-01,3091.49,1,34.3,0,31.0,1,61.7
C001322,2023-01-28,SMB,Europe,Enterprise,Partner,5,844.29,1068,7.0,0,73.0,0.219,1,0,,2025-12-31,19188.55,23,2025-12-17,2023-09-05,834.28,0,0.0,0,14.0,1,53.1
C001323,2024-02-26,SMB,Europe,Starter,Referral,11,26.77,674,12.0,2,67.7,0.564,2,1,2025-06-24,2025-12-31,222.74,9,2025-06-15,2024-02-27,24.75,6,21.4,0,199.0,0,62.4
C001324,2025-06-21,Enterprise,APAC,Business,Paid Search,241,177.81,193,10.0,1,40.6,0.29,0,1,2025-11-27,2025-12-31,610.15,3,2025-11-14,2025-06-26,203.38,1,141.9,0,47.0,0,55.2
C001325,2025-05-23,SMB,APAC,Free,Organic,15,0.0,222,19.0,1,-28.7,0.424,0,1,2025-07-29,2025-12-31,19.28,2,2025-07-24,2025-07-22,9.64,2,53.4,0,160.0,0,60.3
C001326,2022-09-26,SMB,APAC,Pro,Paid Search,13,72.57,1192,11.0,2,5.4,0.623,0,0,,2025-12-31,2194.85,29,2025-08-26,2023-03-06,75.68,2,15.4,0,127.0,1,61.1
C001327,2024-08-29,Mid-Market,APAC,Starter,Partner,48,31.41,489,4.0,1,19.2,0.496,0,0,,2025-12-31,235.74,8,2025-09-20,2024-11-26,29.47,2,18.7,0,102.0,1,53.9
C001328,2022-05-02,Mid-Market,LATAM,Pro,Paid Search,60,88.65,1339,17.0,0,78.3,0.712,1,0,,2025-12-31,2846.53,31,2025-11-25,2022-06-16,91.82,3,76.5,0,36.0,1,77.4
C001329,2024-08-23,Startup,North America,Starter,Partner,3,25.06,495,5.0,0,20.8,0.178,0,0,,2025-12-31,200.2,9,2025-12-12,2024-08-24,22.24,2,43.5,0,19.0,1,46.9
C001330,2023-05-04,SMB,LATAM,Free,Paid Search,19,0.0,972,8.0,0,15.7,0.328,0,1,2024-06-08,2025-12-31,33.43000000000001,8,2024-02-04,2023-07-04,4.18,1,4.2,0,696.0,0,53.6
C001331,2023-10-06,SMB,North America,Starter,Referral,20,30.98,817,19.0,0,39.7,0.083,0,0,,2025-12-31,404.96,14,2025-12-12,2023-12-10,28.93,0,0.0,0,19.0,1,58.4
C001332,2024-10-23,SMB,Europe,Free,Referral,21,0.0,434,7.0,1,-0.2,0.459,0,0,,2025-12-31,39.41,10,2025-12-28,2024-12-02,3.94,1,0.0,0,3.0,0,53.5
C001333,2023-08-31,SMB,North America,Starter,Referral,14,29.14,853,1.0,1,34.4,0.662,0,0,,2025-12-31,372.52,14,2025-12-23,2023-10-27,26.61,1,44.7,0,8.0,1,57.7
C001334,2025-02-28,SMB,Europe,Business,Paid Search,12,197.1,306,10.0,0,15.0,0.434,0,0,,2025-12-31,1361.97,7,2025-11-20,2025-04-04,194.57,1,2.8,0,41.0,1,58.4
C001335,2024-02-03,Mid-Market,North America,Business,Organic,74,226.28,697,10.0,0,100.0,0.444,2,0,,2025-12-31,1691.1399999999999,7,2025-07-13,2024-04-07,241.59,0,0.0,0,171.0,1,63.2
C001336,2025-11-29,SMB,North America,Business,Referral,22,215.54,32,19.0,0,12.1,0.633,0,0,,2025-12-31,263.05,1,2025-12-23,2025-12-23,263.05,0,0.0,0,8.0,1,72.2
C001337,2024-07-01,SMB,Europe,Business,Organic,18,202.17,548,19.0,1,83.2,0.407,0,0,,2025-12-31,1781.6,8,2025-10-02,2024-10-07,222.7,2,65.4,0,90.0,1,71.0
C001338,2023-02-28,Enterprise,APAC,Starter,Paid Search,459,27.5,1037,0.0,0,6.5,0.389,2,0,,2025-12-31,379.92,13,2025-10-23,2023-04-12,29.22,0,0.0,0,69.0,1,43.3
C001339,2025-01-13,SMB,North America,Pro,Organic,11,67.71,352,21.0,2,41.6,0.417,0,0,,2025-12-31,328.03,5,2025-12-16,2025-01-16,65.61,2,52.9,0,15.0,1,67.4
C001340,2023-08-07,Mid-Market,APAC,Pro,Paid Search,43,83.21,877,20.0,2,47.5,0.402,0,0,,2025-12-31,1282.52,15,2025-12-27,2023-11-21,85.5,3,21.8,0,4.0,1,66.7
C001341,2024-02-03,SMB,North America,Free,Partner,7,0.0,697,4.0,3,38.5,0.435,0,0,,2025-12-31,128.94,14,2025-12-26,2024-08-18,9.21,3,76.9,1,5.0,0,51.0
C001342,2022-07-15,SMB,North America,Pro,Paid Search,10,70.87,1265,9.0,2,37.0,0.041,0,0,,2025-12-31,1378.82,19,2025-08-30,2022-09-27,72.57,3,46.8,0,123.0,1,45.0
C001343,2022-06-20,SMB,North America,Pro,Paid Search,16,69.63,1290,21.0,3,56.5,0.091,0,0,,2025-12-31,1613.8899999999999,24,2025-12-01,2022-07-15,67.25,4,11.0,0,30.0,1,57.6
C001344,2024-04-02,SMB,Europe,Pro,Organic,22,88.03,638,16.0,3,45.4,0.165,1,0,,2025-12-31,920.1800000000001,10,2025-12-28,2024-08-29,92.02,4,39.1,1,3.0,1,52.3
C001345,2022-09-24,Startup,APAC,Business,Paid Search,3,203.64,1194,9.0,0,30.7,0.451,0,0,,2025-12-31,4493.67,22,2025-12-17,2023-01-17,204.26,0,0.0,0,14.0,1,59.6
C001346,2025-11-27,SMB,Europe,Free,Paid Search,12,0.0,34,21.0,3,18.1,0.27,0,0,,2025-12-31,0.0,4,2025-12-25,2025-12-05,0.0,3,66.3,0,6.0,0,59.2
C001347,2025-05-08,SMB,APAC,Business,Referral,14,170.05,237,17.0,0,30.9,0.655,0,0,,2025-12-31,888.35,5,2025-11-10,2025-06-06,177.67,1,0.0,0,51.0,1,72.9
C001348,2024-09-29,SMB,Europe,Starter,Sales,7,28.79,458,14.0,0,30.5,0.436,0,0,,2025-12-31,334.6,11,2025-11-17,2025-02-03,30.42,0,0.0,0,44.0,1,63.6
C001349,2024-11-16,Mid-Market,APAC,Business,Sales,74,206.43,410,0.0,0,30.1,0.418,0,0,,2025-12-31,1959.02,9,2025-12-10,2025-02-25,217.67,1,46.0,0,21.0,1,50.6
C001350,2024-05-01,Mid-Market,LATAM,Starter,Organic,71,32.62,609,18.0,3,36.9,0.202,1,1,2025-01-05,2025-12-31,21.89,1,2024-05-24,2024-05-24,21.89,3,64.0,0,586.0,0,54.3
C001351,2022-03-28,SMB,North America,Pro,Organic,3,81.35,1374,5.0,3,-0.2,0.519,0,0,,2025-12-31,2907.09,33,2025-12-31,2022-04-02,88.09,4,87.6,0,0.0,1,50.5
C001352,2023-07-16,Mid-Market,North America,Pro,Paid Search,62,70.27,899,25.0,1,9.3,0.741,1,0,,2025-12-31,1577.76,20,2025-11-30,2023-08-21,78.89,1,63.4,0,31.0,1,77.0
C001353,2023-12-10,Mid-Market,North America,Starter,Partner,64,30.83,752,5.0,0,55.8,0.258,1,0,,2025-12-31,348.78000000000003,12,2025-12-13,2024-02-17,29.06,0,0.0,0,18.0,1,50.8
C001354,2025-08-01,Mid-Market,Europe,Starter,Referral,57,27.75,152,0.0,2,-21.3,0.648,0,1,2025-11-12,2025-12-31,129.46,5,2025-11-08,2025-08-23,25.89,2,28.9,0,53.0,0,49.3
C001355,2022-11-10,SMB,Europe,Starter,Referral,19,26.76,1147,10.0,3,64.9,0.446,0,0,,2025-12-31,810.57,31,2025-12-09,2022-11-15,26.15,4,33.0,0,22.0,1,59.3
C001356,2023-12-12,Mid-Market,North America,Pro,Paid Search,38,87.27,750,9.0,0,21.0,0.812,0,0,,2025-12-31,688.73,9,2025-02-02,2023-12-13,76.53,0,0.0,0,332.0,1,69.5
C001357,2023-05-08,Startup,APAC,Enterprise,Partner,4,650.58,968,9.0,2,76.7,0.161,1,0,,2025-12-31,16370.98,25,2025-12-11,2023-07-04,654.84,2,33.6,0,20.0,1,50.5
C001358,2022-07-12,SMB,LATAM,Starter,Sales,14,28.94,1268,25.0,0,65.7,0.76,1,0,,2025-12-31,850.23,30,2025-11-29,2023-02-06,28.34,0,0.0,0,32.0,1,84.7
C001359,2022-05-28,SMB,North America,Pro,Organic,11,87.08,1313,7.0,0,26.8,0.347,2,0,,2025-12-31,1845.42,23,2025-12-27,2022-11-22,80.24,0,0.0,0,4.0,1,50.3
C001360,2023-06-07,Enterprise,North America,Business,Referral,218,225.32,938,23.0,0,29.4,0.659,1,0,,2025-12-31,4065.24,18,2025-12-07,2023-06-10,225.85,1,0.0,0,24.0,1,76.2
C001361,2022-04-28,SMB,North America,Pro,Referral,15,82.29,1343,4.0,2,74.8,0.528,0,0,,2025-12-31,1794.3,23,2025-09-15,2022-08-08,78.01,2,31.4,1,107.0,1,58.9
C001362,2022-04-07,Enterprise,North America,Business,Organic,176,219.6,1364,17.0,2,66.8,0.379,0,0,,2025-12-31,5273.5599999999995,26,2025-12-07,2022-05-29,202.83,3,82.1,0,24.0,1,65.2
C001363,2023-05-17,SMB,APAC,Starter,Sales,9,28.32,959,3.0,0,59.3,0.567,0,0,,2025-12-31,426.12,15,2025-10-13,2023-05-31,28.41,0,0.0,0,79.0,1,60.6
C001364,2022-10-16,Mid-Market,Europe,Starter,Referral,40,32.51,1172,6.0,2,63.6,0.371,0,0,,2025-12-31,802.6800000000001,26,2025-12-21,2022-11-14,30.87,3,4.4,0,10.0,1,54.8
C001365,2024-03-04,Startup,North America,Starter,Referral,4,30.91,667,4.0,0,7.8,0.413,2,0,,2025-12-31,482.33,16,2025-12-02,2024-03-16,30.15,0,0.0,0,29.0,1,47.7
C001366,2022-01-26,Mid-Market,Europe,Free,Organic,22,0.0,1435,9.0,1,40.1,0.632,1,0,,2025-12-31,154.53,29,2025-12-22,2022-02-08,5.33,2,35.7,0,9.0,0,62.5
C001367,2023-03-08,SMB,North America,Pro,Organic,16,87.63,1029,12.0,2,15.7,0.453,0,0,,2025-12-31,1848.77,21,2025-12-13,2023-04-07,88.04,3,58.3,0,18.0,1,57.9
C001368,2023-10-11,Mid-Market,Europe,Business,Partner,52,190.37,812,24.0,2,7.2,0.531,1,0,,2025-12-31,1993.17,11,2025-10-17,2023-12-09,181.2,2,28.0,0,75.0,1,68.1
C001369,2025-10-09,SMB,Europe,Free,Organic,21,0.0,83,21.0,0,39.1,0.69,1,0,,2025-12-31,0.0,1,2025-11-16,2025-11-16,0.0,0,0.0,0,45.0,0,76.4
C001370,2024-06-26,SMB,Europe,Enterprise,Organic,8,1295.7,553,19.0,2,24.7,0.849,0,0,,2025-12-31,11390.81,11,2025-12-21,2024-07-23,1035.53,3,29.7,0,10.0,1,76.9
C001371,2025-06-13,Mid-Market,Europe,Starter,Paid Search,22,31.57,201,13.0,2,30.8,0.374,0,1,2025-11-14,2025-12-31,125.99000000000001,4,2025-10-23,2025-07-19,31.5,2,25.2,0,69.0,0,57.9
C001372,2023-05-06,Mid-Market,APAC,Starter,Organic,56,30.82,970,7.0,0,22.5,0.246,0,0,,2025-12-31,486.1,15,2025-06-28,2023-05-26,32.41,1,0.0,0,186.0,1,50.9
C001373,2023-10-06,Enterprise,North America,Business,Referral,185,224.33,817,8.0,0,3.6,0.31,1,0,,2025-12-31,4009.13,18,2025-12-24,2023-11-26,222.73,0,0.0,0,7.0,1,49.8
C001374,2023-08-25,Enterprise,APAC,Business,Paid Search,120,211.18,859,3.0,2,77.4,0.682,1,0,,2025-12-31,3500.76,16,2025-09-15,2023-08-26,218.8,2,0.0,0,107.0,1,60.9
C001375,2025-06-22,Startup,North America,Pro,Organic,4,84.23,192,18.0,0,38.9,0.185,0,0,,2025-12-31,439.44,6,2025-12-15,2025-06-25,73.24,0,0.0,0,16.0,1,60.5
C001376,2025-10-03,SMB,North America,Starter,Paid Search,14,33.32,89,21.0,2,-1.1,0.333,1,1,2025-11-11,2025-12-31,63.68,2,2025-10-31,2025-10-30,31.84,3,17.0,1,61.0,0,58.6
C001377,2025-10-08,Enterprise,APAC,Starter,Organic,96,32.21,84,15.0,1,39.5,0.293,0,1,2025-11-26,2025-12-31,38.22,1,2025-10-08,2025-10-08,38.22,1,29.0,0,84.0,0,59.6
C001378,2024-12-11,Startup,APAC,Starter,Organic,4,29.98,385,16.0,0,73.0,0.787,0,0,,2025-12-31,221.39,7,2025-11-20,2025-03-13,31.63,0,0.0,0,41.0,1,80.2
C001379,2023-12-21,Enterprise,North America,Business,Paid Search,316,213.96,741,10.0,0,59.0,0.349,1,0,,2025-12-31,3862.34,17,2025-12-18,2024-04-06,227.2,0,0.0,0,13.0,1,58.3
C001380,2024-02-13,SMB,Europe,Starter,Paid Search,22,26.87,687,26.0,2,22.0,0.58,0,0,,2025-12-31,187.51000000000002,7,2025-03-14,2024-02-19,26.79,2,14.9,0,292.0,1,74.8
C001381,2025-11-03,SMB,APAC,Pro,Paid Search,8,80.15,58,24.0,5,22.6,0.11,0,0,,2025-12-31,230.43,3,2025-12-12,2025-11-06,76.81,5,26.0,0,19.0,1,54.5
C001382,2023-02-11,Startup,LATAM,Starter,Partner,1,33.19,1054,11.0,0,11.1,0.261,1,0,,2025-12-31,886.94,25,2025-10-23,2023-02-13,35.48,0,0.0,0,69.0,1,51.8
C001383,2023-05-11,SMB,Europe,Pro,Paid Search,18,71.22,965,21.0,1,16.4,0.709,0,0,,2025-12-31,1406.02,19,2025-12-11,2023-06-05,74.0,1,0.0,0,20.0,1,75.2
C001384,2025-07-06,SMB,North America,Starter,Partner,11,32.45,178,9.0,1,18.5,0.516,0,0,,2025-12-31,189.38,6,2025-09-11,2025-07-18,31.56,2,30.0,0,111.0,1,58.9
C001385,2023-07-07,Startup,Europe,Pro,Paid Search,5,84.77,908,3.0,2,-1.7,0.32,0,0,,2025-12-31,1718.28,22,2025-11-16,2023-08-10,78.1,3,30.9,0,45.0,1,44.1
C001386,2022-12-03,Enterprise,North America,Pro,Referral,177,74.01,1124,8.0,2,23.9,0.41,0,0,,2025-12-31,1534.26,22,2025-12-25,2022-12-20,69.74,2,1.9,1,6.0,1,53.8
C001387,2024-03-12,Startup,North America,Enterprise,Partner,3,543.6,659,23.0,2,43.6,0.454,0,0,,2025-12-31,6554.35,12,2025-12-09,2024-03-27,546.2,2,39.8,0,22.0,1,70.5
C001388,2023-04-11,Startup,Europe,Business,Organic,1,194.54,995,13.0,1,24.7,0.576,1,0,,2025-12-31,4392.83,24,2025-08-21,2023-04-11,183.03,2,47.1,0,132.0,1,62.9
C001389,2025-06-27,Startup,APAC,Pro,Partner,1,78.34,187,24.0,0,40.4,0.35,2,0,,2025-12-31,248.73,3,2025-12-18,2025-08-10,82.91,2,40.4,0,13.0,1,67.0
C001390,2025-07-23,Mid-Market,North America,Starter,Referral,29,28.85,161,9.0,2,75.5,0.411,0,0,,2025-12-31,77.1,3,2025-12-10,2025-10-14,25.7,2,13.7,0,21.0,1,59.9
C001391,2023-03-14,Mid-Market,APAC,Enterprise,Organic,73,10598.86,1023,12.0,1,80.9,0.403,0,0,,2025-12-31,164584.09,15,2025-12-09,2023-03-24,10972.27,1,159.8,0,22.0,1,64.4
C001392,2024-01-28,SMB,APAC,Business,Partner,20,207.24,703,2.0,1,33.3,0.771,0,0,,2025-12-31,2253.58,11,2025-10-18,2024-02-26,204.87,1,12.2,0,74.0,1,61.7
C001393,2025-11-08,SMB,APAC,Business,Referral,8,200.29,53,21.0,1,57.0,0.561,0,0,,2025-12-31,275.4,1,2025-12-21,2025-12-21,275.4,1,23.3,0,10.0,1,74.8
C001394,2024-11-27,SMB,North America,Pro,Organic,3,90.44,399,8.0,4,30.8,0.41,0,1,2025-11-12,2025-12-31,571.0,6,2025-10-30,2024-12-16,95.17,4,59.9,0,62.0,0,51.5
C001395,2022-11-05,Startup,North America,Starter,Sales,2,31.39,1152,2.0,0,22.8,0.297,0,0,,2025-12-31,710.51,22,2025-11-22,2022-11-06,32.3,1,60.7,0,39.0,1,48.0
C001396,2024-04-24,SMB,North America,Business,Paid Search,22,195.31,616,6.0,0,7.1,0.518,0,1,2025-03-15,2025-12-31,1717.73,9,2025-01-30,2024-04-27,190.86,1,31.3,0,335.0,0,56.6
C001397,2024-06-05,Mid-Market,North America,Starter,Referral,15,32.39,574,18.0,1,37.2,0.692,0,0,,2025-12-31,298.9,9,2025-12-27,2024-07-30,33.21,2,59.1,0,4.0,1,74.1
C001398,2024-07-23,SMB,North America,Starter,Sales,20,32.7,526,22.0,1,62.1,0.346,0,1,2025-02-08,2025-12-31,123.06,4,2024-11-21,2024-08-21,30.76,1,9.8,0,405.0,0,69.7
C001399,2022-02-05,Mid-Market,North America,Starter,Sales,50,29.63,1425,26.0,0,3.1,0.437,0,0,,2025-12-31,857.0,31,2025-09-16,2022-02-09,27.65,0,0.0,0,106.0,1,71.6
C001400,2023-03-05,Mid-Market,North America,Pro,Partner,77,89.9,1032,6.0,1,27.8,0.158,0,0,,2025-12-31,2374.47,27,2025-12-28,2023-04-27,87.94,2,33.4,0,3.0,1,46.4
C001401,2025-05-07,Mid-Market,North America,Starter,Referral,44,29.17,238,16.0,1,26.6,0.643,0,0,,2025-12-31,199.18,7,2025-11-23,2025-05-08,28.45,1,43.2,0,38.0,1,69.7
C001402,2022-12-12,Startup,LATAM,Pro,Organic,3,72.35,1115,12.0,0,41.2,0.609,1,0,,2025-12-31,1615.25,23,2025-11-26,2023-01-28,70.23,1,2.1,0,35.0,1,66.1
C001403,2023-03-05,SMB,APAC,Pro,Organic,8,79.6,1032,20.0,0,41.6,0.719,0,0,,2025-12-31,1955.69,25,2025-12-19,2023-03-30,78.23,0,0.0,0,12.0,1,78.6
C001404,2023-04-07,SMB,North America,Pro,Referral,8,78.7,999,18.0,1,48.4,0.647,0,0,,2025-12-31,2070.13,26,2025-12-06,2023-04-25,79.62,2,14.3,0,25.0,1,73.8
C001405,2022-09-11,Mid-Market,LATAM,Free,Paid Search,48,0.0,1207,1.0,2,82.4,0.402,0,0,,2025-12-31,138.03,31,2025-12-14,2022-09-23,4.45,2,3.4,0,17.0,0,53.2
C001406,2022-08-11,SMB,North America,Enterprise,Referral,3,432.73,1238,4.0,0,13.2,0.757,0,0,,2025-12-31,15176.08,34,2025-12-12,2023-02-01,446.36,1,42.4,0,19.0,1,62.6
C001407,2023-05-12,Startup,Europe,Starter,Organic,7,26.43,964,16.0,1,11.9,0.538,0,0,,2025-12-31,604.39,23,2025-12-08,2023-06-06,26.28,2,30.8,0,23.0,1,65.1
C001408,2025-06-04,Startup,APAC,Starter,Organic,7,28.08,210,14.0,2,41.2,0.835,0,0,,2025-12-31,53.989999999999995,2,2025-09-16,2025-06-06,26.99,2,25.8,0,106.0,1,73.7
C001409,2022-01-03,SMB,Europe,Pro,Organic,4,85.06,1458,24.0,0,71.3,0.459,0,0,,2025-12-31,2022.19,23,2025-02-06,2022-01-07,87.92,1,59.8,0,328.0,1,77.3
C001410,2023-02-10,Startup,North America,Starter,Paid Search,7,26.67,1055,23.0,2,-1.6,0.412,0,0,,2025-12-31,586.21,21,2025-07-13,2023-03-04,27.91,2,43.1,0,171.0,1,64.7
C001411,2022-03-28,SMB,North America,Pro,Organic,20,69.08,1374,1.0,1,43.3,0.709,1,0,,2025-12-31,2102.37,31,2025-12-05,2022-05-03,67.82,1,16.5,0,26.0,1,58.0
C001412,2024-03-13,SMB,Europe,Free,Paid Search,7,0.0,658,16.0,2,30.0,0.662,0,0,,2025-12-31,90.56,18,2025-12-23,2024-03-13,5.03,3,52.2,0,8.0,0,69.1
C001413,2022-12-25,Startup,Europe,Business,Sales,3,192.85,1102,11.0,0,56.4,0.139,1,0,,2025-12-31,4546.06,23,2025-12-08,2023-02-18,197.65,0,0.0,0,23.0,1,52.6
C001414,2025-02-06,Mid-Market,Europe,Free,Referral,68,0.0,328,13.0,2,50.7,0.58,0,0,,2025-12-31,65.68,9,2025-12-21,2025-04-07,7.3,2,6.6,0,10.0,0,66.1
C001415,2024-04-16,Mid-Market,Europe,Enterprise,Referral,17,2643.27,624,1.0,1,36.2,0.348,0,0,,2025-12-31,32968.36,12,2025-11-11,2024-08-26,2747.36,1,0.0,0,50.0,1,48.5
C001416,2025-01-25,Mid-Market,North America,Pro,Organic,48,81.06,340,23.0,0,47.2,0.533,2,0,,2025-12-31,903.48,9,2025-11-29,2025-02-04,100.39,0,0.0,0,32.0,1,72.2
C001417,2024-06-26,SMB,Europe,Free,Paid Search,8,0.0,553,4.0,0,18.5,0.557,1,0,,2025-12-31,45.77,8,2025-12-09,2024-09-15,5.72,1,52.6,0,22.0,0,55.1
C001418,2023-09-19,SMB,North America,Pro,Partner,4,78.63,834,26.0,2,55.0,0.189,0,0,,2025-12-31,1577.41,18,2025-11-20,2023-12-11,87.63,2,17.4,0,41.0,1,66.4
C001419,2025-05-16,SMB,APAC,Starter,Organic,23,31.01,229,26.0,0,69.7,0.768,0,0,,2025-12-31,136.31,4,2025-12-05,2025-07-01,34.08,0,0.0,0,26.0,1,88.2
C001420,2023-11-13,SMB,APAC,Enterprise,Paid Search,9,1514.92,779,22.0,1,37.5,0.508,1,0,,2025-12-31,20697.58,14,2025-12-20,2023-12-17,1478.4,1,24.0,0,11.0,1,70.1
C001421,2025-09-20,Mid-Market,Europe,Business,Sales,20,201.41,102,3.0,2,24.8,0.466,0,0,,2025-12-31,380.38,2,2025-09-29,2025-09-29,190.19,3,27.4,0,93.0,1,51.1
C001422,2025-11-23,Startup,APAC,Pro,Organic,5,80.42,38,11.0,2,31.4,0.245,0,0,,2025-12-31,90.31,1,2025-12-03,2025-12-03,90.31,3,6.7,0,28.0,1,52.3
C001423,2024-04-22,Mid-Market,North America,Starter,Sales,21,27.17,618,0.0,2,54.7,0.383,0,0,,2025-12-31,313.13,13,2025-10-15,2024-05-19,24.09,2,76.4,0,77.0,1,49.0
C001424,2024-08-22,Startup,North America,Enterprise,Organic,4,571.42,496,17.0,0,34.0,0.697,0,0,,2025-12-31,6219.179999999999,11,2025-12-28,2024-09-27,565.38,0,0.0,0,3.0,1,74.5
C001425,2023-01-01,Mid-Market,Europe,Pro,Organic,35,79.71,1095,24.0,1,5.0,0.418,1,0,,2025-12-31,1583.68,20,2025-11-03,2023-02-24,79.18,1,11.9,0,58.0,1,66.0
C001426,2025-03-10,SMB,Europe,Pro,Organic,5,73.56,296,14.0,2,58.8,0.774,0,0,,2025-12-31,511.03999999999996,7,2025-11-04,2025-05-11,73.01,2,41.0,0,57.0,1,73.6
C001427,2024-08-18,SMB,APAC,Starter,Sales,19,27.87,500,0.0,1,10.4,0.394,0,0,,2025-12-31,286.57,9,2025-12-06,2024-10-11,31.84,2,27.6,1,25.0,1,46.4
C001428,2025-07-14,Startup,LATAM,Starter,Partner,4,31.17,170,8.0,0,45.6,0.162,0,0,,2025-12-31,126.44,5,2025-10-17,2025-08-06,25.29,1,5.1,0,75.0,1,51.6
C001429,2023-01-17,Mid-Market,North America,Pro,Referral,77,83.04,1079,4.0,0,-11.7,0.527,0,0,,2025-12-31,1592.55,19,2025-11-22,2023-04-03,83.82,0,0.0,0,39.0,1,53.2
C001430,2025-01-31,Startup,North America,Pro,Paid Search,2,70.65,334,12.0,1,37.7,0.446,1,0,,2025-12-31,833.64,12,2025-12-26,2025-06-10,69.47,1,0.0,0,5.0,1,59.4
C001431,2023-11-04,SMB,Europe,Business,Referral,13,176.91,788,10.0,1,33.3,0.191,0,0,,2025-12-31,2319.49,13,2025-12-12,2023-11-05,178.42,2,74.8,0,19.0,1,51.5
C001432,2022-09-22,SMB,North America,Pro,Partner,6,87.45,1196,23.0,0,-14.2,0.122,0,0,,2025-12-31,1824.85,21,2025-11-12,2022-11-20,86.9,0,0.0,0,49.0,1,57.8
C001433,2022-09-02,SMB,North America,Pro,Partner,4,76.36,1216,6.0,0,43.3,0.147,2,0,,2025-12-31,2479.42,31,2025-12-18,2022-10-01,79.98,0,0.0,0,13.0,1,45.1
C001434,2024-03-14,Enterprise,LATAM,Pro,Referral,59,71.47,657,8.0,2,7.5,0.385,0,1,2025-12-15,2025-12-31,669.87,10,2025-11-08,2024-04-05,66.99,2,28.5,0,53.0,0,51.4
C001435,2023-04-02,SMB,APAC,Business,Referral,15,205.75,1004,6.0,2,37.1,0.432,0,0,,2025-12-31,3829.63,19,2025-09-25,2023-04-22,201.56,3,76.3,0,97.0,1,54.0
C001436,2022-05-26,Mid-Market,LATAM,Starter,Partner,78,33.07,1315,24.0,0,24.7,0.49,0,0,,2025-12-31,1029.7,32,2025-10-15,2022-07-27,32.18,0,0.0,0,77.0,1,73.6
C001437,2023-09-03,Mid-Market,North America,Business,Organic,45,205.22,850,8.0,2,-2.0,0.167,0,0,,2025-12-31,3642.64,19,2025-10-14,2023-11-01,191.72,2,40.3,0,78.0,1,44.0
C001438,2024-07-22,SMB,North America,Starter,Referral,22,29.89,527,27.0,1,8.9,0.478,0,0,,2025-12-31,376.66,12,2025-12-24,2024-08-03,31.39,1,60.4,0,7.0,1,72.8
C001439,2023-04-02,SMB,Europe,Pro,Organic,15,88.21,1004,18.0,4,10.9,0.112,1,0,,2025-12-31,1475.3,16,2025-10-09,2023-07-28,92.21,4,54.1,0,83.0,1,47.5
C001440,2025-09-28,Enterprise,LATAM,Business,Sales,166,181.04,94,8.0,1,59.6,0.279,0,0,,2025-12-31,609.54,3,2025-11-19,2025-10-03,203.18,2,20.0,0,42.0,1,55.0
C001441,2025-01-19,Enterprise,North America,Business,Paid Search,424,202.69,346,16.0,0,55.9,0.48,0,0,,2025-12-31,1663.22,8,2025-11-15,2025-01-19,207.9,0,0.0,0,46.0,1,69.3
C001442,2024-01-04,Mid-Market,North America,Starter,Organic,77,26.74,727,3.0,0,89.9,0.559,0,0,,2025-12-31,380.17,14,2025-11-26,2024-07-27,27.16,0,0.0,0,35.0,1,63.4
C001443,2025-08-29,Mid-Market,North America,Pro,Paid Search,78,83.34,124,25.0,3,22.2,0.14,0,0,,2025-12-31,263.9,3,2025-12-11,2025-09-15,87.97,4,14.2,0,20.0,1,59.2
C001444,2023-09-12,SMB,APAC,Starter,Partner,22,29.59,841,26.0,0,21.4,0.436,0,0,,2025-12-31,572.51,19,2025-11-05,2023-12-05,30.13,2,46.9,0,56.0,1,73.4
C001445,2022-07-19,Mid-Market,APAC,Free,Paid Search,23,0.0,1261,8.0,1,38.4,0.311,0,0,,2025-12-31,100.0,21,2025-11-20,2022-08-12,4.76,1,18.2,0,41.0,0,53.8
C001446,2022-02-21,Startup,APAC,Business,Referral,5,203.87,1409,4.0,1,26.1,0.253,0,0,,2025-12-31,5688.32,26,2025-12-26,2022-03-22,218.78,2,129.3,0,5.0,1,47.3
C001447,2025-09-03,Mid-Market,North America,Business,Partner,40,204.96,119,11.0,4,20.4,0.226,0,0,,2025-12-31,236.1,1,2025-11-12,2025-11-12,236.1,5,86.4,1,49.0,1,47.6
C001448,2025-10-04,Enterprise,APAC,Free,Organic,246,0.0,88,21.0,0,36.4,0.487,0,0,,2025-12-31,26.39,3,2025-12-24,2025-10-26,8.8,1,21.9,0,7.0,0,72.0
C001449,2024-11-23,Startup,Europe,Enterprise,Paid Search,6,830.82,403,17.0,1,52.6,0.349,1,0,,2025-12-31,9764.33,11,2025-11-01,2024-12-09,887.67,2,166.3,0,60.0,1,62.4
C001450,2022-05-28,Mid-Market,North America,Starter,Referral,48,28.75,1313,1.0,1,-17.8,0.523,1,0,,2025-12-31,866.31,30,2025-10-25,2022-06-25,28.88,1,40.8,0,67.0,1,46.3
C001451,2023-02-24,SMB,North America,Enterprise,Sales,22,3034.01,1041,0.0,2,20.7,0.483,0,0,,2025-12-31,55052.35,17,2025-12-27,2023-03-29,3238.37,2,44.9,0,4.0,1,48.6
C001452,2022-02-28,Startup,Europe,Business,Paid Search,2,205.8,1402,6.0,2,-0.1,0.523,0,0,,2025-12-31,5070.1,24,2025-11-01,2022-07-11,211.25,2,55.0,0,60.0,1,53.0
C001453,2022-03-15,Startup,North America,Enterprise,Sales,5,735.5,1387,21.0,2,31.2,0.383,1,0,,2025-12-31,18259.2,24,2025-12-10,2022-05-01,760.8,2,143.4,0,21.0,1,63.4
C001454,2022-12-18,SMB,LATAM,Business,Organic,6,169.94,1109,7.0,2,45.8,0.458,0,0,,2025-12-31,3316.53,19,2025-09-13,2023-01-23,174.55,2,57.0,0,109.0,1,56.6
C001455,2024-03-29,Enterprise,Europe,Enterprise,Partner,472,81350.91,642,25.0,1,62.9,0.517,0,0,,2025-12-31,489704.86,7,2025-11-27,2025-01-02,69957.84,1,10.2,0,34.0,1,77.6
C001456,2022-04-04,SMB,North America,Pro,Referral,14,74.94,1367,8.0,2,24.2,0.473,1,0,,2025-12-31,1831.99,25,2025-11-30,2022-04-24,73.28,3,22.0,0,31.0,1,53.8
C001457,2025-11-08,Startup,Europe,Starter,Paid Search,1,30.32,53,24.0,2,37.7,0.57,0,0,,2025-12-31,18.59,1,2025-11-18,2025-11-18,18.59,3,29.4,0,43.0,1,74.3
C001458,2023-10-13,Startup,Europe,Starter,Organic,5,30.63,810,25.0,4,-7.1,0.354,1,0,,2025-12-31,718.18,25,2025-11-19,2023-11-27,28.73,4,27.6,0,42.0,1,59.2
C001459,2023-01-13,Enterprise,North America,Business,Partner,105,198.96,1083,20.0,0,13.5,0.439,1,0,,2025-12-31,3787.94,21,2025-11-16,2023-10-30,180.38,1,9.0,0,45.0,1,65.4
C001460,2024-01-09,Mid-Market,Europe,Starter,Paid Search,44,24.66,722,4.0,0,40.2,0.034,1,1,2025-09-30,2025-12-31,284.47,11,2025-09-29,2024-04-06,25.86,0,0.0,0,93.0,0,41.6
C001461,2025-02-03,Mid-Market,North America,Enterprise,Organic,36,6270.4,331,2.0,1,1.0,0.231,0,0,,2025-12-31,50022.61,8,2025-12-24,2025-02-13,6252.83,1,21.8,0,7.0,1,42.3
C001462,2023-03-23,Mid-Market,North America,Starter,Organic,34,27.9,1014,4.0,2,65.9,0.217,0,0,,2025-12-31,575.11,21,2025-12-27,2023-04-30,27.39,2,22.9,0,4.0,1,48.7
C001463,2022-03-09,SMB,APAC,Business,Referral,22,184.32,1393,17.0,1,48.1,0.514,0,0,,2025-12-31,5091.49,28,2025-10-29,2022-03-21,181.84,4,30.7,1,63.0,1,68.9
C001464,2022-03-14,Mid-Market,Europe,Pro,Organic,22,84.76,1388,19.0,0,12.4,0.479,1,0,,2025-12-31,2969.1,35,2025-12-27,2022-04-18,84.83,0,0.0,0,4.0,1,65.6
C001465,2025-05-03,Mid-Market,North America,Business,Paid Search,22,216.27,242,27.0,1,-2.1,0.623,0,1,2025-12-24,2025-12-31,664.88,3,2025-10-19,2025-07-25,221.63,1,11.9,0,73.0,0,76.1
C001466,2022-06-09,Enterprise,North America,Enterprise,Sales,196,34258.56,1301,26.0,0,17.0,0.512,0,0,,2025-12-31,916236.17,28,2025-09-10,2022-08-31,32722.72,0,0.0,0,112.0,1,75.3
C001467,2024-06-27,SMB,Europe,Starter,Referral,4,31.34,552,8.0,3,12.5,0.427,1,0,,2025-12-31,517.25,16,2025-12-18,2024-07-11,32.33,4,22.7,0,13.0,1,49.7
C001468,2023-07-04,Mid-Market,North America,Pro,Paid Search,38,71.55,911,10.0,0,4.6,0.475,0,0,,2025-12-31,1566.05,23,2025-12-29,2023-07-13,68.09,0,0.0,0,2.0,1,58.6
C001469,2025-01-16,SMB,LATAM,Starter,Paid Search,18,31.41,349,21.0,0,-0.2,0.4,1,1,2025-10-03,2025-12-31,151.18,5,2025-09-16,2025-01-18,30.24,1,0.0,0,106.0,0,63.7
C001470,2022-03-28,Mid-Market,Europe,Business,Organic,47,183.73,1374,21.0,0,29.2,0.266,0,0,,2025-12-31,3263.8,19,2025-08-27,2022-06-13,171.78,0,0.0,0,126.0,1,64.6
C001471,2025-07-07,Startup,APAC,Business,Paid Search,2,187.45,177,8.0,1,53.3,0.135,0,0,,2025-12-31,708.84,4,2025-12-21,2025-08-24,177.21,3,21.7,1,10.0,1,50.0
C001472,2024-09-25,Mid-Market,North America,Starter,Organic,49,26.91,462,0.0,1,17.2,0.401,0,1,2025-09-13,2025-12-31,305.84,11,2025-08-14,2024-10-14,27.8,2,17.0,0,139.0,0,47.2
C001473,2023-10-05,SMB,APAC,Free,Organic,18,0.0,818,2.0,1,46.1,0.69,0,0,,2025-12-31,98.65,22,2025-12-26,2023-10-06,4.48,1,87.9,0,5.0,0,60.6
C001474,2022-10-24,Mid-Market,North America,Starter,Organic,25,29.68,1164,23.0,0,26.8,0.543,1,0,,2025-12-31,539.09,17,2025-10-29,2022-11-11,31.71,0,0.0,0,63.0,1,72.5
C001475,2025-10-29,Enterprise,North America,Starter,Partner,333,30.02,63,9.0,0,50.3,0.457,0,0,,2025-12-31,41.65,1,2025-11-28,2025-11-28,41.65,1,8.6,0,33.0,1,61.8
C001476,2023-03-08,Mid-Market,North America,Business,Organic,51,213.78,1029,20.0,3,15.3,0.747,0,0,,2025-12-31,5612.76,26,2025-10-19,2023-03-11,215.88,3,31.7,0,73.0,1,72.3
C001477,2023-12-03,Enterprise,North America,Starter,Organic,478,26.37,759,22.0,2,42.0,0.478,0,0,,2025-12-31,323.82,12,2025-12-12,2024-01-07,26.98,2,20.7,0,19.0,1,70.2
C001478,2023-07-18,Mid-Market,LATAM,Enterprise,Referral,30,4755.1,897,25.0,4,38.0,0.369,0,0,,2025-12-31,108804.92,21,2025-12-12,2023-07-26,5181.19,5,26.1,0,19.0,1,66.2
C001479,2022-11-26,SMB,APAC,Enterprise,Organic,11,1808.37,1131,13.0,0,69.1,0.616,0,0,,2025-12-31,37683.96,20,2025-10-20,2022-12-10,1884.2,0,0.0,0,72.0,1,72.0
C001480,2023-08-19,SMB,Europe,Enterprise,Referral,13,1994.2,865,17.0,0,49.0,0.358,0,0,,2025-12-31,40437.72,20,2025-12-29,2023-09-25,2021.89,1,3.1,1,2.0,1,65.8
C001481,2022-08-05,Enterprise,Europe,Pro,Paid Search,404,72.4,1244,5.0,0,41.4,0.253,0,0,,2025-12-31,1941.34,28,2025-10-29,2022-09-26,69.33,0,0.0,0,63.0,1,51.2
C001482,2022-01-03,SMB,Europe,Starter,Partner,3,25.33,1458,26.0,0,-1.7,0.335,0,0,,2025-12-31,728.37,30,2025-11-18,2022-02-14,24.28,0,0.0,0,43.0,1,68.1
C001483,2023-02-19,SMB,Europe,Business,Organic,6,185.76,1046,24.0,1,21.9,0.224,0,0,,2025-12-31,3713.47,21,2025-12-03,2023-05-12,176.83,1,28.9,0,28.0,1,63.8
C001484,2022-06-10,Mid-Market,APAC,Pro,Organic,66,79.52,1300,10.0,3,15.0,0.518,0,0,,2025-12-31,3221.33,40,2025-12-19,2022-06-30,80.53,4,17.8,0,12.0,1,56.5
C001485,2023-08-17,Mid-Market,Europe,Enterprise,Referral,21,3021.99,867,10.0,0,14.4,0.156,0,0,,2025-12-31,84717.04000000001,26,2025-12-26,2023-08-25,3258.35,0,0.0,0,5.0,1,50.0
C001486,2025-05-18,Enterprise,APAC,Starter,Paid Search,193,32.27,227,20.0,2,35.4,0.52,0,0,,2025-12-31,60.68,2,2025-08-30,2025-08-24,30.34,4,21.4,0,123.0,1,69.0
C001487,2022-08-21,Mid-Market,North America,Free,Organic,24,0.0,1228,11.0,1,41.0,0.556,0,0,,2025-12-31,159.73,25,2025-12-12,2022-08-25,6.39,1,21.3,0,19.0,0,64.1
C001488,2022-01-02,SMB,LATAM,Enterprise,Paid Search,8,1125.72,1459,20.0,2,42.0,0.505,0,0,,2025-12-31,28971.17,26,2025-11-22,2022-02-12,1114.28,2,43.4,0,39.0,1,69.2
C001489,2022-06-08,Startup,North America,Business,Paid Search,5,181.24,1302,2.0,1,66.5,0.622,1,0,,2025-12-31,4652.7300000000005,26,2025-12-30,2022-07-10,178.95,1,0.0,0,1.0,1,58.6
C001490,2023-12-28,Startup,North America,Starter,Organic,7,25.1,734,7.0,1,47.1,0.523,1,0,,2025-12-31,317.82,12,2025-09-19,2024-01-31,26.48,2,53.1,0,103.0,1,58.2
C001491,2023-01-29,Startup,APAC,Pro,Paid Search,3,87.44,1067,21.0,3,4.3,0.163,1,0,,2025-12-31,2568.46,29,2025-12-26,2023-02-26,88.57,3,62.5,0,5.0,1,52.6
C001492,2023-12-01,SMB,North America,Free,Paid Search,10,0.0,761,25.0,0,40.1,0.678,0,0,,2025-12-31,73.78999999999999,15,2025-12-04,2024-02-23,4.92,0,0.0,0,27.0,0,81.7
C001493,2022-02-11,Enterprise,North America,Pro,Partner,306,90.07,1419,0.0,1,49.6,0.33,0,0,,2025-12-31,2846.21,31,2025-10-15,2022-02-14,91.81,1,56.0,0,77.0,1,48.4
C001494,2023-04-22,Mid-Market,North America,Starter,Referral,24,33.15,984,21.0,1,66.6,0.659,2,0,,2025-12-31,557.7,18,2025-11-28,2023-07-26,30.98,1,9.2,0,33.0,1,74.7
C001495,2023-08-10,Mid-Market,Europe,Starter,Paid Search,62,26.77,874,1.0,2,31.1,0.436,0,0,,2025-12-31,454.98,16,2025-12-26,2023-09-04,28.44,3,91.0,0,5.0,1,49.1
C001496,2023-09-09,Enterprise,LATAM,Starter,Sales,83,32.7,844,24.0,1,31.4,0.786,0,0,,2025-12-31,437.81,14,2025-11-28,2024-06-29,31.27,1,16.2,0,33.0,1,81.6
C001497,2024-02-28,Enterprise,APAC,Starter,Paid Search,302,27.72,672,7.0,0,62.0,0.499,2,0,,2025-12-31,269.68,10,2025-12-20,2024-03-28,26.97,1,10.2,0,11.0,1,58.4
C001498,2025-01-21,SMB,Europe,Pro,Paid Search,14,75.03,344,10.0,1,39.5,0.401,0,0,,2025-12-31,424.62,5,2025-08-10,2025-04-17,84.92,2,86.6,0,143.0,1,58.4
C001499,2023-10-31,Mid-Market,LATAM,Starter,Partner,48,32.56,792,20.0,0,-5.0,0.186,1,0,,2025-12-31,600.5600000000001,18,2025-12-29,2023-12-09,33.36,1,205.9,0,2.0,1,55.9
C001500,2025-04-17,Mid-Market,Europe,Pro,Partner,69,81.23,258,23.0,0,-10.3,0.163,0,0,,2025-12-31,592.2,7,2025-12-24,2025-08-10,84.6,0,0.0,0,7.0,1,59.4
C001501,2024-01-28,SMB,APAC,Pro,Organic,21,83.38,703,11.0,2,81.0,0.717,1,0,,2025-12-31,1123.41,15,2025-12-02,2024-03-22,74.89,2,8.8,0,29.0,1,69.4
C001502,2023-01-08,Mid-Market,North America,Pro,Sales,64,76.99,1088,8.0,4,-7.8,0.483,2,0,,2025-12-31,1459.33,19,2025-07-11,2023-02-22,76.81,4,34.6,0,173.0,1,45.9
C001503,2022-11-24,Startup,Europe,Pro,Sales,2,79.53,1133,27.0,0,30.8,0.335,0,0,,2025-12-31,1138.24,14,2025-07-16,2022-12-03,81.3,1,1.1,1,168.0,1,72.2
C001504,2023-04-07,Mid-Market,North America,Starter,Organic,29,31.38,999,27.0,4,57.1,0.293,0,0,,2025-12-31,529.01,16,2025-10-04,2023-04-07,33.06,5,33.8,0,88.0,1,67.6
C001505,2024-05-04,SMB,North America,Free,Partner,23,0.0,606,14.0,1,-9.1,0.751,0,1,2024-12-25,2025-12-31,50.04,4,2024-12-13,2024-05-30,12.51,2,42.6,1,383.0,0,67.6
C001506,2022-12-13,Mid-Market,APAC,Business,Referral,30,228.11,1114,0.0,2,8.0,0.595,1,1,2025-04-08,2025-12-31,5151.24,22,2025-03-27,2023-01-17,234.15,2,28.4,0,279.0,0,48.6
C001507,2025-07-31,SMB,North America,Business,Sales,5,216.94,153,27.0,2,3.8,0.618,1,0,,2025-12-31,992.6700000000001,4,2025-11-19,2025-08-13,248.17,2,4.6,1,42.0,1,73.0
C001508,2023-11-18,Mid-Market,Europe,Enterprise,Partner,21,3122.17,774,17.0,0,80.0,0.175,0,0,,2025-12-31,58913.16,18,2025-11-30,2024-01-09,3272.95,1,38.5,0,31.0,1,63.4
C001509,2025-05-19,Mid-Market,APAC,Enterprise,Organic,24,4065.35,226,15.0,0,85.5,0.193,0,0,,2025-12-31,36383.27,8,2025-12-16,2025-05-29,4547.91,0,0.0,0,15.0,1,62.7
C001510,2024-09-04,SMB,North America,Pro,Partner,17,67.46,483,3.0,1,16.6,0.103,0,0,,2025-12-31,443.0,6,2025-11-01,2024-10-11,73.83,2,84.2,0,60.0,1,40.9
C001511,2023-04-22,Mid-Market,Europe,Business,Organic,42,213.99,984,27.0,1,49.5,0.599,0,0,,2025-12-31,4000.2200000000003,19,2025-12-06,2023-08-08,210.54,2,14.1,0,25.0,1,80.5
C001512,2022-11-23,Mid-Market,APAC,Starter,Partner,31,31.59,1134,20.0,1,42.7,0.657,1,0,,2025-12-31,813.2,25,2025-12-31,2022-11-28,32.53,3,65.3,0,0.0,1,73.3
C001513,2024-11-29,Startup,APAC,Business,Partner,7,177.51,397,6.0,1,28.0,0.502,0,0,,2025-12-31,1413.36,8,2025-09-28,2024-12-12,176.67,1,1.0,0,94.0,1,56.7
C001514,2023-04-18,Enterprise,North America,Enterprise,Partner,332,49952.6,988,10.0,1,-5.7,0.287,0,0,,2025-12-31,1407280.6,30,2025-12-14,2023-04-26,46909.35,1,0.0,1,17.0,1,50.5
C001515,2022-12-20,SMB,LATAM,Business,Organic,9,207.89,1107,9.0,0,92.7,0.649,1,0,,2025-12-31,3512.39,18,2025-11-14,2022-12-20,195.13,0,0.0,0,47.0,1,69.8
C001516,2025-08-23,SMB,APAC,Starter,Paid Search,11,30.8,130,24.0,2,-10.4,0.196,0,0,,2025-12-31,30.28,1,2025-11-23,2025-11-23,30.28,2,19.0,0,38.0,1,58.3
C001517,2023-11-22,Mid-Market,Europe,Starter,Partner,32,25.25,770,13.0,1,40.3,0.379,0,0,,2025-12-31,284.3,12,2025-08-13,2024-01-01,23.69,3,41.5,0,140.0,1,60.5
C001518,2022-03-11,SMB,North America,Starter,Paid Search,22,28.36,1391,24.0,0,18.8,0.604,0,0,,2025-12-31,848.51,29,2025-10-03,2022-03-20,29.26,1,1.2,1,89.0,1,76.4
C001519,2023-12-09,Enterprise,APAC,Starter,Organic,221,28.83,753,19.0,4,60.2,0.575,0,0,,2025-12-31,468.97,18,2025-11-25,2024-03-18,26.05,4,13.0,0,36.0,1,69.2
C001520,2023-10-21,SMB,APAC,Business,Organic,23,209.88,802,10.0,0,56.1,0.304,0,0,,2025-12-31,2434.4,13,2025-12-29,2024-01-25,187.26,0,0.0,0,2.0,1,58.7
C001521,2025-05-20,Mid-Market,North America,Pro,Referral,77,75.44,225,11.0,2,10.5,0.138,0,0,,2025-12-31,320.65999999999997,4,2025-11-29,2025-07-03,80.16,2,42.8,0,32.0,1,47.0
C001522,2024-10-14,Mid-Market,LATAM,Starter,Paid Search,28,27.78,443,22.0,1,15.2,0.48,1,0,,2025-12-31,121.66,5,2025-12-26,2024-10-16,24.33,2,56.2,0,5.0,1,67.1
C001523,2022-10-01,Mid-Market,LATAM,Pro,Partner,28,72.3,1187,13.0,1,-3.8,0.456,1,0,,2025-12-31,1787.32,26,2025-12-27,2022-10-07,68.74,2,114.2,0,4.0,1,56.4
C001524,2022-08-04,Startup,Europe,Starter,Paid Search,6,32.56,1245,19.0,0,39.9,0.361,0,0,,2025-12-31,666.7,22,2025-12-07,2022-12-25,30.3,1,32.0,0,24.0,1,66.8
C001525,2024-05-13,SMB,APAC,Pro,Referral,21,69.4,597,3.0,1,52.8,0.208,0,0,,2025-12-31,936.44,13,2025-12-25,2024-07-16,72.03,1,15.8,0,6.0,1,47.7
C001526,2022-03-09,Startup,Europe,Starter,Paid Search,4,28.91,1393,11.0,3,24.0,0.329,0,0,,2025-12-31,779.23,27,2025-10-25,2022-06-20,28.86,6,20.2,0,67.0,1,52.6
C001527,2023-04-02,SMB,APAC,Pro,Organic,15,70.54,1004,16.0,0,28.9,0.4,0,0,,2025-12-31,1601.45,22,2025-12-06,2023-05-25,72.79,0,0.0,0,25.0,1,64.2
C001528,2022-07-17,SMB,APAC,Pro,Organic,18,67.86,1263,9.0,1,82.7,0.435,0,0,,2025-12-31,1581.9,23,2025-10-28,2022-11-23,68.78,2,14.4,1,64.0,1,62.9
C001529,2022-01-30,SMB,North America,Business,Organic,20,210.62,1431,23.0,2,58.4,0.742,0,0,,2025-12-31,6548.5199999999995,31,2025-09-26,2022-02-01,211.24,2,43.0,0,96.0,1,80.6
C001530,2025-08-06,Startup,North America,Business,Referral,4,179.04,147,5.0,2,68.7,0.494,1,0,,2025-12-31,751.48,4,2025-11-18,2025-08-30,187.87,2,36.9,0,43.0,1,56.2
C001531,2022-05-09,SMB,North America,Starter,Partner,4,29.72,1332,23.0,2,-21.1,0.106,0,0,,2025-12-31,863.9499999999999,29,2025-12-13,2022-07-13,29.79,2,109.4,0,18.0,1,53.6
C001532,2022-01-14,Mid-Market,LATAM,Pro,Referral,49,81.95,1447,1.0,0,48.7,0.527,0,0,,2025-12-31,2637.7,33,2025-09-23,2022-02-15,79.93,0,0.0,0,99.0,1,56.6
C001533,2025-08-27,SMB,North America,Starter,Referral,9,33.14,126,11.0,2,41.3,0.485,0,1,2025-12-19,2025-12-31,111.46000000000001,3,2025-12-14,2025-10-06,37.15,3,92.9,0,17.0,0,60.5
C001534,2022-09-27,SMB,APAC,Pro,Referral,12,77.36,1191,14.0,1,3.7,0.14,0,0,,2025-12-31,1785.74,25,2025-11-17,2022-12-02,71.43,2,18.5,0,44.0,1,50.6
C001535,2025-03-13,Mid-Market,Europe,Pro,Sales,74,68.94,293,7.0,2,8.9,0.377,0,0,,2025-12-31,763.76,12,2025-12-07,2025-03-15,63.65,4,45.6,0,24.0,1,50.4
C001536,2022-02-14,Mid-Market,North America,Pro,Partner,60,78.06,1416,15.0,0,29.5,0.23,1,0,,2025-12-31,1777.19,25,2025-11-28,2022-02-25,71.09,1,14.2,0,33.0,1,56.2
C001537,2022-08-08,Mid-Market,LATAM,Enterprise,Organic,55,7823.14,1241,25.0,5,1.5,0.505,1,0,,2025-12-31,178624.16,22,2025-12-18,2022-08-23,8119.28,5,41.0,0,13.0,1,63.1
C001538,2022-06-08,Startup,Europe,Starter,Organic,2,29.16,1302,12.0,0,15.0,0.547,0,0,,2025-12-31,550.51,19,2025-12-07,2022-08-31,28.97,0,0.0,0,24.0,1,63.6
C001539,2024-10-06,Mid-Market,North America,Business,Partner,56,197.77,451,15.0,2,23.5,0.214,0,0,,2025-12-31,2195.46,11,2025-12-30,2024-10-21,199.59,4,51.7,1,1.0,1,54.2
C001540,2024-06-05,Startup,North America,Starter,Referral,5,28.6,574,26.0,1,49.3,0.723,0,0,,2025-12-31,431.75,14,2025-12-11,2024-08-06,30.84,1,0.0,0,20.0,1,83.3
C001541,2023-11-11,SMB,North America,Pro,Partner,23,85.93,781,25.0,1,17.3,0.399,0,0,,2025-12-31,1009.03,11,2025-12-18,2024-02-14,91.73,2,6.7,1,13.0,1,69.5
C001542,2022-12-12,SMB,North America,Business,Paid Search,5,191.42,1115,0.0,1,23.8,0.354,0,0,,2025-12-31,3885.09,19,2025-09-14,2023-01-10,204.48,2,15.0,1,108.0,1,46.5
C001543,2022-05-08,Mid-Market,North America,Pro,Referral,26,85.17,1333,20.0,0,60.6,0.158,1,0,,2025-12-31,2141.31,23,2025-09-15,2022-06-19,93.1,2,21.0,0,107.0,1,61.7
C001544,2024-03-24,Startup,Europe,Business,Paid Search,3,215.83,647,23.0,1,-9.1,0.234,1,0,,2025-12-31,2695.03,12,2025-10-21,2024-04-30,224.59,1,0.0,0,71.0,1,58.1
C001545,2022-11-26,SMB,North America,Business,Organic,23,190.92,1131,26.0,0,40.7,0.276,0,0,,2025-12-31,4117.37,24,2025-11-15,2022-12-18,171.56,1,54.0,0,46.0,1,70.6
C001546,2024-04-23,Mid-Market,North America,Starter,Referral,73,27.39,617,22.0,3,44.7,0.013,0,0,,2025-12-31,175.76,6,2024-12-01,2024-05-17,29.29,3,21.6,0,395.0,1,55.0
C001547,2024-09-10,Mid-Market,North America,Enterprise,Partner,17,2325.24,477,2.0,0,45.4,0.539,0,0,,2025-12-31,24758.59,10,2025-11-28,2025-01-04,2475.86,0,0.0,0,33.0,1,57.5
C001548,2025-04-29,Mid-Market,Europe,Enterprise,Organic,59,10215.3,246,21.0,3,22.5,0.14,0,0,,2025-12-31,80561.23,8,2025-12-24,2025-05-21,10070.15,3,20.6,0,7.0,1,55.7
C001549,2023-12-08,Mid-Market,LATAM,Starter,Paid Search,72,31.05,754,23.0,2,8.4,0.215,0,0,,2025-12-31,545.36,18,2025-12-28,2024-03-14,30.3,4,57.7,0,3.0,1,59.8
C001550,2022-01-07,SMB,North America,Free,Partner,16,0.0,1454,14.0,3,73.0,0.629,0,0,,2025-12-31,159.45,36,2025-12-19,2022-03-12,4.43,3,40.2,1,12.0,0,69.2
C001551,2023-02-06,Startup,North America,Starter,Paid Search,6,26.01,1059,0.0,2,13.6,0.585,1,0,,2025-12-31,361.88,14,2025-12-14,2023-04-06,25.85,2,31.0,0,17.0,1,48.9
C001552,2025-05-05,SMB,Europe,Business,Organic,11,214.98,240,5.0,1,7.1,0.058,0,0,,2025-12-31,1878.95,9,2025-10-19,2025-06-07,208.77,3,28.0,0,73.0,1,40.4
C001553,2024-02-02,SMB,LATAM,Enterprise,Partner,22,3123.35,698,7.0,0,35.5,0.569,1,0,,2025-12-31,49414.05,14,2025-12-29,2024-03-13,3529.58,0,0.0,0,2.0,1,59.9
C001554,2024-06-04,SMB,APAC,Business,Partner,13,216.71,575,24.0,2,16.5,0.202,0,0,,2025-12-31,4545.09,21,2025-12-25,2024-06-25,216.43,3,17.7,0,6.0,1,61.1
C001555,2023-10-17,Startup,APAC,Starter,Organic,1,26.57,806,3.0,0,61.3,0.525,0,1,2025-06-28,2025-12-31,280.48,10,2025-06-27,2024-03-22,28.05,0,0.0,0,187.0,0,59.6
C001556,2022-08-21,Startup,LATAM,Free,Paid Search,4,0.0,1228,20.0,0,28.4,0.221,0,0,,2025-12-31,136.49,26,2025-11-23,2022-10-05,5.25,0,0.0,0,38.0,0,62.3
C001557,2025-07-06,Mid-Market,Europe,Pro,Partner,65,71.63,178,5.0,0,64.5,0.245,1,0,,2025-12-31,340.12,5,2025-12-02,2025-07-18,68.02,0,0.0,0,29.0,1,51.3
C001558,2025-01-10,Startup,LATAM,Starter,Paid Search,6,26.87,355,23.0,0,46.2,0.4,0,0,,2025-12-31,195.82999999999998,6,2025-11-08,2025-02-08,32.64,0,0.0,0,53.0,1,72.2
C001559,2025-11-24,Mid-Market,North America,Free,Paid Search,35,0.0,37,0.0,0,25.3,0.369,0,1,2025-12-27,2025-12-31,30.33,2,2025-12-22,2025-12-15,15.16,1,1.1,0,9.0,0,48.6
C001560,2025-05-08,Startup,APAC,Free,Paid Search,2,0.0,237,6.0,1,62.9,0.25,1,0,,2025-12-31,43.47,5,2025-12-27,2025-05-20,8.69,2,37.5,0,4.0,0,50.6
C001561,2023-02-21,Startup,APAC,Starter,Paid Search,4,29.8,1044,2.0,1,18.7,0.484,0,1,2023-12-07,2025-12-31,19.51,1,2023-11-19,2023-11-19,19.51,1,23.5,1,773.0,0,51.7
C001562,2022-12-30,SMB,LATAM,Starter,Referral,19,26.49,1097,15.0,1,27.0,0.404,0,0,,2025-12-31,772.24,29,2025-12-21,2023-01-06,26.63,1,18.8,0,10.0,1,61.7
C001563,2022-12-22,Mid-Market,Europe,Business,Paid Search,37,202.18,1105,21.0,0,48.2,0.631,0,1,2025-03-04,2025-12-31,4655.61,22,2025-02-09,2023-04-01,211.62,0,0.0,0,325.0,0,77.5
C001564,2025-08-06,SMB,APAC,Starter,Sales,5,26.17,147,11.0,1,40.7,0.587,0,0,,2025-12-31,124.28,5,2025-12-30,2025-09-21,24.86,1,0.0,0,1.0,1,65.0
C001565,2024-03-07,Enterprise,North America,Starter,Paid Search,453,29.14,664,14.0,1,18.2,0.071,0,0,,2025-12-31,344.63,11,2025-08-29,2024-07-05,31.33,1,35.6,0,124.0,1,50.0
C001566,2023-10-12,SMB,Europe,Pro,Partner,10,72.39,811,17.0,2,-3.4,0.603,0,0,,2025-12-31,1195.73,16,2025-10-08,2023-10-27,74.73,2,83.9,0,84.0,1,64.9
C001567,2025-10-16,Mid-Market,North America,Enterprise,Paid Search,68,11786.98,76,12.0,0,34.5,0.034,0,0,,2025-12-31,17254.3,2,2025-12-01,2025-10-29,8627.15,0,0.0,0,30.0,1,50.2
C001568,2024-05-12,SMB,Europe,Business,Referral,23,220.08,598,21.0,2,16.8,0.455,0,1,2024-11-26,2025-12-31,649.81,3,2024-08-16,2024-05-21,216.6,3,24.3,0,502.0,0,66.1
C001569,2025-07-24,Startup,Europe,Pro,Sales,5,81.95,160,7.0,1,35.7,0.745,0,0,,2025-12-31,433.57,5,2025-09-30,2025-07-27,86.71,2,105.4,0,92.0,1,65.7
C001570,2025-11-09,Mid-Market,North America,Business,Paid Search,22,192.72,52,4.0,1,24.5,0.987,0,0,,2025-12-31,124.39,1,2025-11-23,2025-11-23,124.39,1,14.5,0,38.0,1,69.1
C001571,2022-04-24,Mid-Market,North America,Pro,Paid Search,40,87.02,1347,5.0,2,17.1,0.361,0,0,,2025-12-31,2190.47,24,2025-11-07,2022-07-28,91.27,2,29.2,0,54.0,1,49.0
C001572,2023-06-01,SMB,North America,Pro,Sales,21,75.76,944,4.0,2,28.3,0.311,1,0,,2025-12-31,1538.97,21,2025-12-29,2023-06-01,73.28,3,56.2,0,2.0,1,45.7
C001573,2024-11-15,SMB,Europe,Pro,Sales,20,75.49,411,1.0,0,33.2,0.73,0,0,,2025-12-31,809.03,10,2025-12-10,2024-11-28,80.9,0,0.0,0,21.0,1,61.1
C001574,2025-03-08,Mid-Market,Europe,Pro,Sales,78,70.11,298,1.0,1,52.4,0.098,0,0,,2025-12-31,319.26,4,2025-12-14,2025-08-16,79.82,1,64.2,0,17.0,1,42.6
C001575,2022-08-01,Enterprise,APAC,Pro,Organic,250,87.73,1248,1.0,3,45.6,0.455,0,0,,2025-12-31,1961.61,24,2025-11-05,2022-11-05,81.73,3,23.8,1,56.0,1,49.6
C001576,2023-04-01,SMB,North America,Starter,Organic,20,25.86,1005,4.0,1,87.4,0.538,0,1,2024-12-18,2025-12-31,333.2,12,2024-12-17,2023-06-15,27.77,3,32.4,0,379.0,0,62.0
C001577,2024-02-23,SMB,APAC,Starter,Paid Search,4,32.89,677,17.0,1,38.5,0.694,0,0,,2025-12-31,699.23,21,2025-11-23,2024-04-13,33.3,1,0.0,0,38.0,1,73.3
C001578,2025-02-16,SMB,APAC,Starter,Referral,6,31.02,318,6.0,1,18.2,0.565,0,0,,2025-12-31,100.55,3,2025-11-11,2025-07-17,33.52,2,42.2,0,50.0,1,57.6
C001579,2022-06-11,Mid-Market,North America,Starter,Organic,20,31.97,1299,16.0,1,30.8,0.423,0,0,,2025-12-31,979.83,33,2025-12-08,2022-08-17,29.69,1,13.8,0,23.0,1,63.6
C001580,2024-05-09,SMB,North America,Pro,Paid Search,11,78.64,601,2.0,1,49.2,0.476,0,0,,2025-12-31,1083.31,14,2025-11-14,2024-05-16,77.38,1,175.1,0,47.0,1,54.5
C001581,2023-02-28,Mid-Market,Europe,Pro,Partner,78,73.11,1037,22.0,3,60.1,0.436,0,0,,2025-12-31,1813.32,28,2025-11-22,2023-03-05,64.76,3,43.6,0,39.0,1,69.2
C001582,2022-11-06,Mid-Market,North America,Free,Organic,31,0.0,1151,9.0,1,68.5,0.498,0,0,,2025-12-31,85.02,14,2025-11-24,2022-11-16,6.07,1,47.3,0,37.0,0,63.3
C001583,2024-01-08,SMB,North America,Starter,Referral,22,31.63,723,12.0,2,9.6,0.525,0,0,,2025-12-31,351.39,12,2025-12-24,2024-01-27,29.28,2,25.2,0,7.0,1,59.4
C001584,2023-08-16,Mid-Market,North America,Starter,Organic,47,28.75,868,18.0,1,67.0,0.261,0,0,,2025-12-31,385.0,15,2025-11-29,2023-10-13,25.67,1,12.2,0,32.0,1,64.1
C001585,2024-06-28,SMB,North America,Pro,Referral,12,73.66,551,27.0,1,33.8,0.177,0,0,,2025-12-31,913.58,12,2025-12-20,2024-07-18,76.13,2,20.3,0,11.0,1,66.3
C001586,2023-03-31,Startup,North America,Starter,Paid Search,6,29.52,1006,22.0,1,11.8,0.587,0,0,,2025-12-31,880.29,30,2025-11-12,2023-05-19,29.34,1,14.9,0,49.0,1,71.9
C001587,2025-03-23,SMB,North America,Free,Partner,22,0.0,283,11.0,3,29.9,0.423,1,0,,2025-12-31,16.509999999999998,4,2025-12-06,2025-08-03,4.13,4,37.4,0,25.0,0,54.0
C001588,2022-04-22,SMB,APAC,Free,Paid Search,16,0.0,1349,9.0,2,65.3,0.548,0,0,,2025-12-31,185.45,34,2025-11-07,2022-05-28,5.45,2,23.2,0,54.0,0,63.0
C001589,2025-05-17,Enterprise,Europe,Pro,Organic,468,82.9,228,9.0,1,46.4,0.433,0,0,,2025-12-31,405.28999999999996,5,2025-11-14,2025-06-01,81.06,2,14.1,1,47.0,1,59.2
C001590,2022-02-12,Mid-Market,Europe,Starter,Paid Search,20,26.6,1418,2.0,1,4.7,0.448,1,0,,2025-12-31,785.16,28,2025-08-19,2022-06-08,28.04,1,59.3,0,134.0,1,47.2
C001591,2024-11-18,Enterprise,Europe,Pro,Referral,333,72.3,408,9.0,1,4.9,0.262,0,0,,2025-12-31,722.7,10,2025-10-11,2024-12-10,72.27,1,16.3,0,81.0,1,49.9
C001592,2023-05-11,SMB,Europe,Pro,Paid Search,19,85.49,965,21.0,0,4.2,0.27,0,0,,2025-12-31,1795.62,22,2025-12-21,2023-06-15,81.62,0,0.0,0,10.0,1,62.3
C001593,2023-07-03,Startup,North America,Enterprise,Organic,3,449.81,912,7.0,2,16.7,0.765,0,0,,2025-12-31,6369.73,13,2025-09-15,2023-09-25,489.98,2,30.4,0,107.0,1,62.9
C001594,2022-01-28,Mid-Market,North America,Pro,Referral,44,80.54,1433,10.0,2,36.9,0.566,0,0,,2025-12-31,2209.51,29,2025-10-19,2022-08-08,76.19,2,106.8,0,73.0,1,61.6
C001595,2024-10-01,Mid-Market,North America,Free,Organic,71,0.0,456,1.0,0,6.8,0.714,0,0,,2025-12-31,49.629999999999995,11,2025-12-03,2024-10-24,4.51,0,0.0,0,28.0,0,58.0
C001596,2022-08-25,Mid-Market,Europe,Starter,Paid Search,29,29.93,1224,7.0,2,24.3,0.259,1,1,2023-09-22,2025-12-31,193.98000000000002,7,2023-09-03,2022-09-05,27.71,2,22.0,0,850.0,0,46.4
C001597,2024-07-31,SMB,Europe,Business,Paid Search,4,171.42,518,1.0,0,70.1,0.235,0,0,,2025-12-31,1811.29,11,2025-11-14,2024-09-02,164.66,1,2.4,1,47.0,1,50.0
C001598,2024-11-03,SMB,North America,Starter,Paid Search,23,28.66,423,13.0,0,75.4,0.38,0,0,,2025-12-31,320.94,11,2025-12-15,2024-11-28,29.18,2,15.8,0,16.0,1,65.5
C001599,2025-04-23,SMB,Europe,Enterprise,Organic,8,1383.19,252,8.0,4,73.8,0.301,1,0,,2025-12-31,10615.39,7,2025-12-21,2025-04-24,1516.48,4,49.0,0,10.0,1,50.6
C001600,2024-10-09,Startup,LATAM,Pro,Organic,6,84.91,448,27.0,3,-9.9,0.406,0,0,,2025-12-31,983.04,11,2025-11-29,2024-11-15,89.37,4,64.0,0,32.0,1,65.8
C001601,2023-03-08,Mid-Market,North America,Free,Organic,33,0.0,1029,16.0,0,76.8,0.719,0,0,,2025-12-31,84.94,26,2025-12-28,2023-04-05,3.27,0,0.0,0,3.0,0,78.5
C001602,2024-11-22,SMB,Europe,Starter,Paid Search,20,25.64,404,10.0,2,37.3,0.292,0,1,2025-09-10,2025-12-31,165.24,7,2025-08-31,2025-01-02,23.61,2,34.0,1,122.0,0,53.4
C001603,2025-03-27,SMB,Europe,Enterprise,Partner,9,1452.06,279,15.0,1,36.9,0.378,0,0,,2025-12-31,6603.41,5,2025-12-11,2025-06-06,1320.68,4,54.3,1,20.0,1,61.9
C001604,2023-03-30,Mid-Market,APAC,Enterprise,Partner,64,10559.02,1007,26.0,3,60.7,0.577,0,0,,2025-12-31,340261.04,34,2025-12-10,2023-04-22,10007.68,4,9.7,1,21.0,1,77.1
C001605,2022-06-27,Startup,APAC,Business,Organic,6,217.97,1283,5.0,2,52.6,0.559,2,0,,2025-12-31,6677.01,29,2025-11-18,2022-07-01,230.24,2,21.3,0,43.0,1,54.5
C001606,2025-06-26,Enterprise,APAC,Starter,Organic,198,31.33,188,7.0,1,-11.7,0.74,0,1,2025-10-22,2025-12-31,56.629999999999995,2,2025-10-11,2025-08-30,28.32,1,11.3,0,81.0,0,60.8
C001607,2022-07-31,SMB,North America,Business,Partner,20,191.34,1249,15.0,2,19.7,0.532,0,0,,2025-12-31,3817.11,21,2025-08-27,2023-03-26,181.77,2,46.4,0,126.0,1,63.3
C001608,2024-04-29,SMB,Europe,Starter,Paid Search,14,30.09,611,2.0,2,25.8,0.305,0,0,,2025-12-31,589.9,18,2025-11-20,2024-05-09,32.77,3,128.2,0,41.0,1,45.5
C001609,2022-12-04,Startup,APAC,Starter,Referral,4,29.23,1123,14.0,2,1.7,0.416,0,0,,2025-12-31,680.91,25,2025-12-28,2023-01-02,27.24,3,26.2,0,3.0,1,57.2
C001610,2022-06-30,SMB,North America,Pro,Organic,19,72.36,1280,4.0,2,59.9,0.279,0,0,,2025-12-31,2239.05,31,2025-11-27,2022-10-20,72.23,4,41.8,0,34.0,1,49.9
C001611,2025-01-15,Mid-Market,LATAM,Enterprise,Organic,58,8615.0,350,24.0,1,71.0,0.428,0,0,,2025-12-31,62989.79,7,2025-12-27,2025-02-13,8998.54,2,49.0,0,4.0,1,74.9
C001612,2022-07-25,Startup,North America,Starter,Paid Search,1,30.83,1255,21.0,2,34.7,0.41,2,0,,2025-12-31,628.56,21,2025-12-09,2022-09-21,29.93,4,25.1,1,22.0,1,62.5
C001613,2024-08-16,SMB,Europe,Pro,Partner,21,84.3,502,1.0,2,42.5,0.249,0,0,,2025-12-31,1018.6,12,2025-11-22,2024-08-19,84.88,2,3.6,0,39.0,1,44.6
C001614,2024-09-18,SMB,Europe,Starter,Paid Search,9,30.9,469,15.0,1,34.7,0.341,2,0,,2025-12-31,348.78999999999996,11,2025-12-22,2024-11-22,31.71,3,24.1,0,9.0,1,56.6
C001615,2022-03-28,SMB,Europe,Starter,Organic,9,27.59,1374,5.0,2,37.5,0.216,0,0,,2025-12-31,686.05,26,2025-12-19,2022-05-04,26.39,2,11.6,0,12.0,1,46.7
C001616,2022-09-05,Mid-Market,APAC,Free,Organic,29,0.0,1213,16.0,3,62.9,0.409,0,0,,2025-12-31,47.59,20,2025-11-12,2022-11-03,2.38,3,46.3,0,49.0,0,63.3
C001617,2025-02-09,SMB,North America,Business,Partner,19,180.9,325,15.0,1,-9.1,0.711,0,0,,2025-12-31,1195.06,7,2025-08-04,2025-02-09,170.72,1,28.4,0,149.0,1,67.3
C001618,2023-12-27,Startup,Europe,Free,Organic,2,0.0,735,27.0,1,47.2,0.439,0,0,,2025-12-31,146.67000000000002,19,2025-12-15,2024-01-15,7.72,2,11.8,0,16.0,0,75.5
C001619,2022-06-23,Mid-Market,Europe,Pro,Partner,24,75.59,1287,4.0,1,35.3,0.636,1,0,,2025-12-31,1929.35,24,2025-12-05,2022-08-16,80.39,3,57.3,0,26.0,1,57.7
C001620,2025-11-19,SMB,APAC,Starter,Organic,4,27.47,42,14.0,2,17.2,0.661,1,1,2025-12-21,2025-12-31,52.550000000000004,2,2025-11-29,2025-11-19,26.28,2,22.4,0,32.0,0,64.1
C001621,2023-01-14,Startup,Europe,Pro,Paid Search,2,75.4,1082,27.0,0,22.4,0.381,1,0,,2025-12-31,1882.31,24,2025-05-10,2023-01-22,78.43,0,0.0,0,235.0,1,70.8
C001622,2022-01-06,SMB,LATAM,Starter,Organic,5,25.07,1455,3.0,2,80.8,0.381,0,0,,2025-12-31,514.4,21,2025-10-10,2022-03-30,24.5,2,71.2,0,82.0,1,54.2
C001623,2025-08-14,Startup,APAC,Starter,Sales,6,28.48,139,7.0,2,1.8,0.374,1,0,,2025-12-31,93.46000000000001,3,2025-11-26,2025-09-24,31.15,3,0.6,1,35.0,1,47.6
C001624,2022-01-24,Mid-Market,North America,Pro,Organic,40,79.75,1437,20.0,1,30.8,0.14,0,0,,2025-12-31,3362.47,42,2025-12-24,2022-01-29,80.06,1,44.9,0,7.0,1,58.6
C001625,2024-03-02,Startup,APAC,Pro,Organic,5,68.8,669,3.0,1,75.7,0.243,2,0,,2025-12-31,804.77,12,2025-09-18,2024-06-23,67.06,2,4.1,1,104.0,1,47.0
C001626,2025-11-21,Mid-Market,LATAM,Enterprise,Referral,36,5531.09,40,5.0,1,3.2,0.535,0,0,,2025-12-31,4198.41,1,2025-11-28,2025-11-28,4198.41,1,126.8,0,33.0,1,54.3
C001627,2024-04-06,SMB,North America,Starter,Organic,5,33.23,634,26.0,0,23.6,0.237,0,0,,2025-12-31,495.55,14,2025-12-13,2024-04-13,35.4,0,0.0,0,18.0,1,67.7
C001628,2024-04-16,SMB,Europe,Pro,Organic,6,78.02,624,16.0,1,36.1,0.395,0,0,,2025-12-31,1231.1399999999999,16,2025-10-12,2024-04-17,76.95,2,23.0,0,80.0,1,63.2
C001629,2023-07-10,SMB,North America,Enterprise,Organic,7,1085.16,905,1.0,1,45.3,0.496,0,0,,2025-12-31,25921.57,23,2025-10-13,2023-07-27,1127.02,2,0.0,0,79.0,1,53.8
C001630,2022-07-01,Startup,Europe,Starter,Partner,4,29.75,1279,23.0,1,33.0,0.535,0,0,,2025-12-31,919.39,30,2025-12-11,2022-09-19,30.65,1,43.1,0,20.0,1,73.4
C001631,2024-03-29,SMB,North America,Business,Paid Search,24,190.97,642,14.0,1,12.6,0.583,1,0,,2025-12-31,2201.57,12,2025-12-22,2024-04-17,183.46,1,8.3,0,9.0,1,62.8
C001632,2025-07-07,SMB,APAC,Enterprise,Referral,21,2974.96,177,13.0,2,46.2,0.404,1,0,,2025-12-31,14581.41,5,2025-11-07,2025-07-27,2916.28,2,8.2,1,54.0,1,58.3
C001633,2022-05-11,SMB,Europe,Business,Referral,17,216.84,1330,27.0,1,32.5,0.562,0,0,,2025-12-31,5076.27,23,2025-11-18,2022-06-11,220.71,1,0.0,0,43.0,1,77.7
C001634,2025-06-12,SMB,Europe,Pro,Paid Search,6,86.03,202,8.0,1,50.7,0.203,0,0,,2025-12-31,291.15999999999997,3,2025-12-14,2025-06-25,97.05,3,74.6,0,17.0,1,51.8
C001635,2023-08-17,SMB,North America,Pro,Organic,12,84.46,867,10.0,4,58.1,0.181,1,0,,2025-12-31,1462.09,17,2025-10-07,2023-10-12,86.01,4,27.4,0,85.0,1,47.2
C001636,2024-02-06,Enterprise,APAC,Pro,Referral,266,73.61,694,16.0,0,-2.2,0.3,0,0,,2025-12-31,1112.66,15,2025-10-30,2024-02-26,74.18,0,0.0,0,62.0,1,58.1
C001637,2022-08-25,SMB,Europe,Pro,Referral,5,80.51,1224,6.0,0,60.8,0.536,0,0,,2025-12-31,2489.92,31,2025-10-24,2022-09-06,80.32,1,152.4,0,68.0,1,62.5
C001638,2024-06-08,Startup,Europe,Enterprise,Referral,5,791.85,571,3.0,1,28.6,0.531,0,0,,2025-12-31,3156.73,5,2025-12-26,2025-01-13,631.35,2,171.2,0,5.0,1,55.0
C001639,2022-09-18,SMB,North America,Starter,Organic,19,30.56,1200,3.0,2,55.6,0.319,0,0,,2025-12-31,606.15,20,2025-12-22,2022-11-01,30.31,4,82.6,0,9.0,1,49.8
C001640,2023-01-26,SMB,North America,Business,Partner,20,212.01,1070,8.0,0,47.3,0.505,0,0,,2025-12-31,3408.0,16,2025-10-15,2023-03-29,213.0,1,44.7,0,77.0,1,62.0
C001641,2024-10-28,Mid-Market,Europe,Pro,Referral,55,76.48,429,2.0,1,81.4,0.508,0,0,,2025-12-31,880.8199999999999,12,2025-11-24,2024-11-10,73.4,1,12.1,0,37.0,1,58.7
C001642,2022-03-14,SMB,LATAM,Starter,Sales,13,31.41,1388,14.0,1,35.2,0.587,0,0,,2025-12-31,1031.13,35,2025-12-22,2022-03-23,29.46,1,124.4,0,9.0,1,67.1
C001643,2023-10-02,Enterprise,North America,Pro,Organic,498,81.94,821,27.0,2,24.9,0.204,0,0,,2025-12-31,1514.78,18,2025-10-23,2023-10-26,84.15,3,70.4,0,69.0,1,64.7
C001644,2024-04-30,Mid-Market,Europe,Business,Referral,42,213.18,610,7.0,0,22.2,0.189,0,0,,2025-12-31,2942.2,16,2025-12-13,2024-07-28,183.89,1,0.0,0,18.0,1,49.1
C001645,2022-07-08,SMB,North America,Pro,Partner,20,84.01,1272,1.0,1,9.1,0.242,1,0,,2025-12-31,2245.27,26,2025-11-07,2022-07-17,86.36,1,0.0,0,54.0,1,40.6
C001646,2023-02-26,Mid-Market,APAC,Business,Referral,67,215.26,1039,1.0,4,55.2,0.189,0,0,,2025-12-31,3312.19,15,2025-12-31,2023-03-10,220.81,4,60.1,0,0.0,1,41.1
C001647,2023-05-07,Enterprise,North America,Starter,Partner,316,29.61,969,4.0,2,7.5,0.316,2,1,2025-04-15,2025-12-31,532.03,18,2025-03-01,2023-05-29,29.56,2,77.8,0,305.0,0,41.8
C001648,2024-08-06,SMB,Europe,Enterprise,Referral,8,1322.26,512,16.0,2,55.0,0.17,1,0,,2025-12-31,7134.77,6,2025-12-03,2024-11-13,1189.13,3,25.1,0,28.0,1,54.9
C001649,2025-10-28,SMB,North America,Pro,Paid Search,22,69.71,64,13.0,1,29.4,0.636,2,0,,2025-12-31,92.93,1,2025-11-11,2025-11-11,92.93,1,0.0,0,50.0,1,63.1
C001650,2025-04-10,SMB,North America,Business,Organic,19,200.81,265,11.0,1,-9.1,0.386,0,0,,2025-12-31,1248.39,6,2025-12-14,2025-05-17,208.07,2,42.4,0,17.0,1,54.0
C001651,2022-09-29,Mid-Market,North America,Starter,Paid Search,20,32.54,1189,21.0,1,72.2,0.673,0,0,,2025-12-31,962.49,30,2025-12-18,2022-10-18,32.08,1,4.2,0,13.0,1,79.7
C001652,2022-01-26,SMB,North America,Starter,Referral,14,27.13,1435,10.0,4,-49.4,0.306,0,0,,2025-12-31,707.12,27,2025-11-17,2022-03-14,26.19,5,36.1,0,44.0,1,42.2
C001653,2022-03-16,SMB,Europe,Enterprise,Organic,3,464.79,1386,17.0,1,33.0,0.712,0,0,,2025-12-31,17149.07,37,2025-12-27,2022-04-29,463.49,4,76.2,0,4.0,1,73.3
C001654,2024-05-01,SMB,LATAM,Free,Partner,12,0.0,609,27.0,2,40.8,0.638,0,0,,2025-12-31,54.96,10,2025-11-30,2024-09-13,5.5,2,25.0,0,31.0,0,79.3
C001655,2022-08-12,SMB,Europe,Starter,Sales,15,27.24,1237,4.0,0,-22.7,0.161,0,0,,2025-12-31,791.04,29,2025-10-28,2022-08-31,27.28,0,0.0,0,64.0,1,41.1
C001656,2022-11-27,Enterprise,LATAM,Business,Sales,59,181.71,1130,3.0,1,46.0,0.578,2,0,,2025-12-31,4416.97,25,2025-07-19,2023-01-25,176.68,1,45.5,0,165.0,1,54.1
C001657,2025-04-26,Startup,Europe,Business,Partner,3,223.2,249,6.0,2,18.3,0.7,1,0,,2025-12-31,1203.88,5,2025-09-02,2025-04-29,240.78,2,40.0,0,120.0,1,58.2
C001658,2025-06-03,Enterprise,North America,Business,Referral,380,172.9,211,4.0,2,28.8,0.853,1,1,2025-08-10,2025-12-31,0.0,0,,,0.0,3,17.4,0,,0,62.0
C001659,2025-04-14,SMB,North America,Business,Organic,4,183.66,261,23.0,0,68.6,0.201,1,1,2025-12-17,2025-12-31,1467.47,8,2025-12-04,2025-04-28,183.43,0,0.0,0,27.0,0,66.4
C001660,2022-12-29,Mid-Market,Europe,Enterprise,Paid Search,42,6981.53,1098,24.0,0,38.6,0.197,1,1,2024-08-24,2025-12-31,129512.51000000001,17,2024-07-28,2023-01-16,7618.38,0,0.0,0,521.0,0,64.2
C001661,2024-06-05,SMB,North America,Pro,Paid Search,23,87.07,574,15.0,2,26.2,0.443,0,0,,2025-12-31,1063.74,12,2025-12-27,2024-06-09,88.64,4,59.2,0,4.0,1,61.3
C001662,2024-05-23,Mid-Market,APAC,Pro,Referral,21,70.32,587,3.0,1,30.7,0.567,1,0,,2025-12-31,750.31,11,2025-10-09,2024-07-13,68.21,3,15.4,0,83.0,1,54.3
C001663,2022-09-22,Startup,Europe,Business,Organic,3,187.74,1196,23.0,0,79.4,0.585,2,0,,2025-12-31,4723.75,24,2025-12-15,2022-10-09,196.82,0,0.0,0,16.0,1,77.0
C001664,2024-03-02,Mid-Market,Europe,Pro,Organic,15,86.47,669,25.0,0,45.1,0.145,0,0,,2025-12-31,1355.8799999999999,17,2025-12-25,2024-03-14,79.76,0,0.0,0,6.0,1,66.2
C001665,2024-01-22,SMB,Europe,Free,Partner,3,0.0,709,11.0,2,12.9,0.155,0,1,2024-07-27,2025-12-31,30.11,4,2024-06-06,2024-01-26,7.53,3,15.1,0,573.0,0,47.8
C001666,2023-07-21,Mid-Market,North America,Starter,Paid Search,78,25.19,894,18.0,0,22.8,0.206,1,0,,2025-12-31,321.77,12,2025-12-27,2023-10-26,26.81,0,0.0,0,4.0,1,57.5
C001667,2024-12-10,Enterprise,Europe,Pro,Referral,167,68.13,386,17.0,2,5.2,0.094,0,0,,2025-12-31,506.19,8,2025-11-29,2025-02-24,63.27,2,15.4,0,32.0,1,50.5
C001668,2024-08-26,SMB,North America,Business,Paid Search,12,222.7,492,14.0,0,23.7,0.095,0,0,,2025-12-31,1536.64,7,2025-11-29,2024-10-10,219.52,1,31.0,0,32.0,1,52.7
C001669,2024-02-01,SMB,North America,Pro,Referral,19,86.52,699,9.0,1,75.2,0.287,0,0,,2025-12-31,2116.32,25,2025-12-25,2024-02-16,84.65,1,0.0,0,6.0,1,57.7
C001670,2024-11-03,SMB,North America,Business,Paid Search,4,197.05,423,7.0,0,30.8,0.472,0,0,,2025-12-31,1235.2,7,2025-08-24,2024-11-29,176.46,1,13.9,0,129.0,1,58.5
C001671,2024-12-27,Startup,North America,Business,Referral,6,223.3,369,7.0,2,1.6,0.408,0,0,,2025-12-31,1175.3899999999999,5,2025-10-24,2025-01-14,235.08,2,30.8,0,68.0,1,50.6
C001672,2024-03-21,SMB,Europe,Starter,Referral,7,25.47,650,10.0,0,45.8,0.296,0,0,,2025-12-31,226.01,9,2025-12-02,2024-05-22,25.11,0,0.0,0,29.0,1,57.4
C001673,2023-01-18,Startup,North America,Pro,Organic,2,68.03,1078,21.0,0,25.2,0.087,1,0,,2025-12-31,1419.59,21,2025-10-12,2023-03-15,67.6,0,0.0,0,80.0,1,56.9
C001674,2024-12-20,Mid-Market,North America,Pro,Paid Search,37,78.74,376,23.0,2,49.0,0.641,0,0,,2025-12-31,518.37,7,2025-11-30,2025-02-27,74.05,3,6.0,1,31.0,1,76.7
C001675,2024-10-23,SMB,LATAM,Starter,Sales,7,31.39,434,3.0,1,28.9,0.655,0,0,,2025-12-31,288.36,11,2025-10-13,2024-11-28,26.21,1,10.2,0,79.0,1,58.7
C001676,2025-11-07,SMB,LATAM,Pro,Organic,14,68.88,54,1.0,2,71.1,0.24,0,0,,2025-12-31,195.67000000000002,3,2025-12-29,2025-11-15,65.22,2,21.1,0,2.0,1,47.2
C001677,2022-08-03,SMB,Europe,Pro,Partner,4,75.4,1246,13.0,1,12.2,0.641,1,0,,2025-12-31,1586.25,22,2025-12-10,2022-08-09,72.1,3,66.8,0,21.0,1,63.6
C001678,2023-08-23,Startup,Europe,Business,Organic,6,177.48,861,21.0,1,5.9,0.728,0,0,,2025-12-31,2531.93,15,2025-08-10,2023-09-08,168.8,1,67.1,0,143.0,1,74.7
C001679,2025-08-14,SMB,APAC,Pro,Referral,20,84.17,139,15.0,1,58.4,0.576,0,0,,2025-12-31,287.11,4,2025-12-19,2025-10-30,71.78,1,0.0,0,12.0,1,70.0
C001680,2024-01-06,Startup,North America,Free,Organic,3,0.0,725,23.0,1,-15.1,0.456,1,0,,2025-12-31,113.1,18,2025-12-05,2024-02-21,6.28,2,64.3,0,26.0,0,64.2
C001681,2025-09-09,SMB,Europe,Pro,Partner,9,80.08,113,19.0,1,30.7,0.514,1,0,,2025-12-31,54.77,1,2025-10-29,2025-10-29,54.77,1,29.8,0,63.0,1,67.0
C001682,2022-01-18,Mid-Market,North America,Business,Partner,30,169.61,1443,19.0,0,55.0,0.192,0,0,,2025-12-31,4939.35,29,2025-12-20,2022-04-20,170.32,0,0.0,0,11.0,1,63.2
C001683,2022-02-20,SMB,Europe,Pro,Organic,19,77.3,1410,15.0,1,-19.9,0.262,0,0,,2025-12-31,2092.4,26,2025-12-11,2022-05-02,80.48,1,4.4,1,20.0,1,52.8
C001684,2025-02-12,SMB,LATAM,Starter,Paid Search,11,25.36,322,1.0,1,36.6,0.241,1,0,,2025-12-31,138.57,6,2025-08-28,2025-04-06,23.1,2,18.1,0,125.0,1,43.3
C001685,2023-05-28,Startup,APAC,Enterprise,Referral,7,1253.12,948,5.0,1,-2.4,0.782,2,0,,2025-12-31,22352.399999999998,17,2025-10-07,2023-05-31,1314.85,1,4.7,0,85.0,1,57.2
C001686,2024-01-14,Startup,LATAM,Starter,Partner,4,30.3,717,20.0,0,-11.1,0.239,0,0,,2025-12-31,594.89,18,2025-12-13,2024-01-17,33.05,1,38.7,0,18.0,1,58.9
C001687,2023-09-05,Enterprise,APAC,Starter,Sales,65,29.45,848,8.0,0,8.4,0.85,0,1,2025-11-21,2025-12-31,493.11,18,2025-10-11,2023-12-27,27.4,5,46.6,0,81.0,0,68.5
C001688,2023-08-07,Mid-Market,Europe,Starter,Referral,17,27.52,877,20.0,1,30.4,0.726,0,0,,2025-12-31,557.5,19,2025-11-06,2024-04-17,29.34,2,0.0,0,55.0,1,76.2
C001689,2025-09-05,Enterprise,APAC,Business,Partner,404,170.7,117,9.0,3,17.4,0.64,0,0,,2025-12-31,190.33,1,2025-12-19,2025-12-19,190.33,3,31.9,0,12.0,1,59.5
C001690,2022-05-15,SMB,Europe,Business,Partner,12,192.15,1326,0.0,1,62.7,0.714,0,0,,2025-12-31,6196.01,30,2025-10-25,2022-05-21,206.53,1,0.0,0,67.0,1,61.2
C001691,2025-01-09,Enterprise,Europe,Free,Sales,320,0.0,356,18.0,1,37.1,0.525,0,0,,2025-12-31,11.85,4,2025-09-20,2025-01-25,2.96,2,43.9,0,102.0,0,69.0
C001692,2025-06-26,SMB,North America,Business,Paid Search,7,198.96,188,24.0,3,22.8,0.256,0,1,2025-12-11,2025-12-31,669.95,3,2025-11-26,2025-10-14,223.32,3,43.7,0,35.0,0,61.9
C001693,2024-07-29,SMB,Europe,Pro,Paid Search,8,69.62,520,12.0,2,2.3,0.128,1,1,2025-10-04,2025-12-31,416.77,6,2025-06-30,2024-08-07,69.46,2,5.4,1,184.0,0,44.8
C001694,2023-07-19,Startup,North America,Business,Referral,2,202.45,896,3.0,3,40.6,0.286,0,0,,2025-12-31,2709.99,14,2025-12-13,2023-09-26,193.57,4,31.3,1,18.0,1,45.8
C001695,2022-08-17,Mid-Market,Europe,Enterprise,Sales,35,6140.77,1232,11.0,0,86.5,0.163,1,0,,2025-12-31,200914.93,33,2025-12-19,2022-09-09,6088.33,0,0.0,0,12.0,1,56.4
C001696,2024-09-03,SMB,North America,Business,Paid Search,8,193.91,484,26.0,0,17.4,0.718,2,0,,2025-12-31,2636.13,13,2025-12-20,2024-09-28,202.78,0,0.0,0,11.0,1,77.5
C001697,2023-11-02,Enterprise,Europe,Starter,Organic,253,25.09,790,8.0,0,20.4,0.338,2,1,2025-07-29,2025-12-31,229.24,9,2025-06-02,2024-03-25,25.47,1,23.4,0,212.0,0,50.3
C001698,2022-08-02,Startup,North America,Starter,Partner,5,29.71,1247,1.0,1,8.5,0.291,1,0,,2025-12-31,570.44,20,2025-10-12,2022-08-06,28.52,2,69.7,0,80.0,1,42.0
C001699,2023-05-30,Mid-Market,North America,Enterprise,Referral,50,9033.42,946,21.0,2,64.6,0.307,1,0,,2025-12-31,190406.36,20,2025-10-01,2023-06-13,9520.32,2,48.1,0,91.0,1,64.4
C001700,2025-10-07,Enterprise,Europe,Pro,Paid Search,161,89.42,85,6.0,1,58.2,0.697,1,0,,2025-12-31,88.38,1,2025-11-19,2025-11-19,88.38,2,27.9,0,42.0,1,63.6
C001701,2023-01-15,Mid-Market,North America,Pro,Referral,55,76.15,1081,1.0,0,23.8,0.06,0,0,,2025-12-31,2628.59,31,2025-12-27,2023-03-06,84.79,0,0.0,0,4.0,1,40.1
C001702,2022-09-13,Startup,LATAM,Enterprise,Paid Search,6,938.71,1205,19.0,1,20.0,0.487,0,0,,2025-12-31,25005.3,28,2025-11-16,2022-11-15,893.05,1,44.0,0,45.0,1,67.1
C001703,2024-09-02,Enterprise,Europe,Business,Paid Search,242,186.41,485,9.0,0,11.4,0.528,2,0,,2025-12-31,1469.73,8,2025-12-15,2024-11-21,183.72,1,17.0,0,16.0,1,56.0
C001704,2022-10-13,SMB,North America,Pro,Partner,14,88.67,1175,3.0,2,27.8,0.148,0,0,,2025-12-31,1791.78,20,2025-12-31,2022-12-03,89.59,3,85.6,0,0.0,1,41.9
C001705,2025-08-08,SMB,North America,Business,Paid Search,13,181.68,145,1.0,1,60.5,0.363,0,0,,2025-12-31,1005.4399999999999,5,2025-12-27,2025-08-21,201.09,1,13.1,1,4.0,1,51.3
C001706,2025-05-13,SMB,APAC,Free,Referral,20,0.0,232,5.0,1,36.0,0.212,1,0,,2025-12-31,11.57,8,2025-12-26,2025-06-01,1.45,2,43.8,0,5.0,0,45.9
C001707,2025-11-07,Mid-Market,Europe,Business,Organic,40,198.43,54,4.0,0,67.2,0.374,0,0,,2025-12-31,329.23,2,2025-12-26,2025-11-22,164.62,1,7.2,1,5.0,1,56.5
C001708,2025-07-28,Enterprise,Europe,Enterprise,Referral,401,56152.15,156,0.0,1,17.0,0.652,1,0,,2025-12-31,292449.07,5,2025-10-04,2025-08-06,58489.81,2,29.1,0,88.0,1,52.8
C001709,2022-12-15,SMB,North America,Free,Paid Search,24,0.0,1112,10.0,0,-22.8,0.337,0,1,2023-11-22,2025-12-31,26.159999999999997,9,2023-11-02,2023-01-08,2.91,0,0.0,0,790.0,0,51.8
C001710,2022-10-31,Mid-Market,APAC,Starter,Sales,24,29.55,1157,23.0,3,100.0,0.427,0,0,,2025-12-31,693.97,22,2025-09-27,2022-12-01,31.54,3,17.4,0,95.0,1,73.8
C001711,2023-05-05,SMB,LATAM,Business,Referral,6,185.6,971,11.0,1,40.4,0.065,0,0,,2025-12-31,3623.5299999999997,21,2025-10-20,2023-06-20,172.55,1,59.5,0,72.0,1,49.3
C001712,2023-11-03,Mid-Market,North America,Pro,Organic,53,71.27,789,1.0,1,54.5,0.147,2,0,,2025-12-31,960.84,13,2025-12-27,2023-12-09,73.91,1,17.5,0,4.0,1,40.3
C001713,2025-06-12,SMB,North America,Free,Sales,6,0.0,202,24.0,2,15.3,0.309,0,0,,2025-12-31,21.33,1,2025-09-14,2025-09-14,21.33,3,49.3,0,108.0,0,64.2
C001714,2024-11-14,Enterprise,North America,Starter,Paid Search,163,33.05,412,17.0,0,0.9,0.116,0,0,,2025-12-31,336.83,11,2025-11-13,2024-11-15,30.62,1,8.8,0,48.0,1,53.7
C001715,2024-07-10,SMB,North America,Starter,Paid Search,16,32.98,539,27.0,0,38.9,0.379,0,0,,2025-12-31,322.08,9,2025-12-28,2024-08-05,35.79,0,0.0,0,3.0,1,74.4
C001716,2025-06-10,Mid-Market,APAC,Starter,Sales,53,28.04,204,16.0,1,-14.8,0.341,1,1,2025-09-19,2025-12-31,25.14,1,2025-07-11,2025-07-11,25.14,3,68.0,0,173.0,0,54.5
C001717,2024-07-12,SMB,LATAM,Business,Sales,4,216.65,537,13.0,1,28.3,0.832,0,0,,2025-12-31,3119.98,16,2025-12-11,2024-07-19,195.0,1,22.9,0,20.0,1,72.9
C001718,2023-06-27,Enterprise,LATAM,Pro,Partner,486,85.55,918,14.0,1,60.6,0.175,0,0,,2025-12-31,1853.14,21,2025-07-17,2023-08-18,88.24,1,0.0,0,167.0,1,57.3
C001719,2023-08-14,Startup,APAC,Business,Sales,7,225.34,870,0.0,0,46.2,0.371,0,0,,2025-12-31,4387.93,20,2025-12-30,2023-11-12,219.4,0,0.0,0,1.0,1,50.8
C001720,2024-01-10,SMB,North America,Free,Paid Search,18,0.0,721,10.0,0,41.4,0.023,0,0,,2025-12-31,32.849999999999994,16,2025-11-09,2024-01-22,2.05,2,19.4,0,52.0,0,48.8
C001721,2022-05-07,Mid-Market,LATAM,Starter,Organic,70,27.22,1334,12.0,0,78.6,0.268,0,0,,2025-12-31,751.47,28,2025-11-17,2022-09-07,26.84,1,39.2,0,44.0,1,61.6
C001722,2024-11-26,Enterprise,North America,Starter,Organic,170,33.21,400,8.0,0,44.4,0.656,2,1,2025-11-19,2025-12-31,186.38,5,2025-10-10,2025-01-14,37.28,0,0.0,0,82.0,0,62.3
C001723,2024-07-22,Mid-Market,North America,Business,Paid Search,78,189.66,527,23.0,0,-12.6,0.056,0,0,,2025-12-31,1251.92,6,2025-11-17,2024-11-12,208.65,0,0.0,0,44.0,1,56.0
C001724,2024-11-11,Mid-Market,APAC,Enterprise,Partner,76,10810.36,415,26.0,2,31.3,0.543,0,0,,2025-12-31,124796.76,11,2025-12-28,2024-11-11,11345.16,2,20.8,1,3.0,1,74.6
C001725,2024-02-03,Mid-Market,North America,Starter,Paid Search,18,28.84,697,13.0,3,83.1,0.367,0,0,,2025-12-31,458.27,15,2025-12-28,2024-03-26,30.55,3,77.2,0,3.0,1,61.4
C001726,2025-01-24,Startup,APAC,Enterprise,Partner,3,545.87,341,21.0,4,27.3,0.588,0,0,,2025-12-31,4749.01,9,2025-12-31,2025-03-07,527.67,4,38.4,0,0.0,1,68.1
C001727,2025-09-20,SMB,LATAM,Free,Organic,17,0.0,102,6.0,2,81.6,0.634,1,1,2025-10-22,2025-12-31,0.0,1,2025-10-05,2025-10-05,0.0,2,26.2,0,87.0,0,62.5
C001728,2024-03-26,Mid-Market,APAC,Starter,Paid Search,25,29.99,645,25.0,0,60.6,0.741,0,0,,2025-12-31,308.85,10,2025-11-13,2024-04-13,30.88,1,10.8,0,48.0,1,85.6
C001729,2023-09-28,SMB,APAC,Business,Referral,8,188.93,825,19.0,2,24.8,0.537,0,0,,2025-12-31,2816.06,14,2025-05-11,2023-10-14,201.15,2,28.8,0,234.0,1,67.6
C001730,2022-05-30,Mid-Market,North America,Starter,Organic,31,31.03,1311,20.0,0,8.0,0.682,0,0,,2025-12-31,1189.6299999999999,37,2025-12-05,2022-08-09,32.15,0,0.0,0,26.0,1,74.1
C001731,2025-01-18,Startup,North America,Enterprise,Referral,7,1011.39,347,16.0,1,43.5,0.466,0,0,,2025-12-31,7583.96,7,2025-07-24,2025-03-06,1083.42,2,57.0,0,160.0,1,66.1
C001732,2025-07-16,Enterprise,APAC,Starter,Referral,101,25.49,168,23.0,1,66.8,0.264,0,0,,2025-12-31,29.65,1,2025-09-10,2025-09-10,29.65,1,30.1,0,112.0,1,68.6
C001733,2024-09-27,SMB,Europe,Business,Partner,14,221.31,460,14.0,0,-4.5,0.155,0,0,,2025-12-31,1219.62,5,2025-10-21,2025-04-01,243.92,2,75.4,1,71.0,1,51.7
C001734,2025-05-22,SMB,LATAM,Starter,Sales,15,29.16,223,26.0,3,38.0,0.331,0,0,,2025-12-31,156.72,5,2025-12-09,2025-06-04,31.34,3,12.2,0,22.0,1,67.4
C001735,2025-05-16,Enterprise,North America,Starter,Sales,181,32.36,229,18.0,0,-16.0,0.438,0,0,,2025-12-31,223.95,8,2025-12-23,2025-07-21,27.99,0,0.0,0,8.0,1,62.6
C001736,2025-02-15,Mid-Market,North America,Starter,Organic,52,24.96,319,12.0,0,26.5,0.227,2,1,2025-05-20,2025-12-31,57.75,2,2025-05-02,2025-04-27,28.88,0,0.0,0,243.0,0,51.2
C001737,2023-12-21,Mid-Market,North America,Enterprise,Partner,32,5426.87,741,5.0,4,-6.4,0.7,1,0,,2025-12-31,89391.81,18,2025-12-20,2024-03-22,4966.21,4,106.2,0,11.0,1,51.8
C001738,2022-05-23,Startup,APAC,Pro,Organic,6,70.15,1318,25.0,0,49.1,0.165,1,1,2023-07-24,2025-12-31,286.53,4,2023-06-08,2022-08-22,71.63,1,32.4,0,937.0,0,65.2
C001739,2022-01-05,SMB,APAC,Pro,Paid Search,4,70.67,1456,1.0,1,17.8,0.365,0,0,,2025-12-31,1895.07,27,2025-12-18,2022-01-06,70.19,1,102.6,0,13.0,1,47.1
C001740,2022-10-20,SMB,LATAM,Free,Partner,21,0.0,1168,1.0,2,64.0,0.653,0,0,,2025-12-31,97.47,21,2025-12-23,2023-01-29,4.64,3,28.2,1,8.0,0,58.9
C001741,2023-09-09,SMB,North America,Free,Referral,23,0.0,844,0.0,1,21.5,0.169,0,1,2025-06-14,2025-12-31,101.95,14,2025-05-25,2023-09-22,7.28,2,17.9,1,220.0,0,40.7
C001742,2024-11-29,Startup,Europe,Free,Referral,2,0.0,397,3.0,2,19.2,0.734,0,0,,2025-12-31,26.17,5,2025-12-03,2024-12-27,5.23,2,36.1,0,28.0,0,58.6
C001743,2023-10-14,SMB,North America,Business,Referral,23,207.99,809,6.0,1,-5.4,0.457,1,0,,2025-12-31,4169.88,20,2025-10-13,2023-12-19,208.49,1,37.5,0,79.0,1,50.0
C001744,2022-02-03,SMB,North America,Starter,Referral,12,32.51,1427,13.0,4,44.8,0.437,2,1,2025-05-30,2025-12-31,692.36,23,2025-05-03,2022-03-19,30.1,4,33.6,1,242.0,0,54.2
C001745,2022-10-28,SMB,North America,Starter,Partner,6,25.91,1160,7.0,0,47.3,0.104,1,0,,2025-12-31,785.26,30,2025-12-24,2022-11-12,26.18,1,27.5,0,7.0,1,47.1
C001746,2025-11-01,Mid-Market,Europe,Pro,Organic,65,86.0,60,12.0,0,58.5,0.413,0,0,,2025-12-31,234.98,3,2025-12-07,2025-11-02,78.33,0,0.0,0,24.0,1,64.0
C001747,2025-11-13,Startup,Europe,Pro,Organic,4,69.33,48,12.0,2,51.4,0.232,0,0,,2025-12-31,143.56,2,2025-12-25,2025-11-30,71.78,2,22.8,0,6.0,1,54.8
C001748,2023-06-24,Enterprise,North America,Starter,Paid Search,318,25.83,921,12.0,1,45.0,0.72,0,0,,2025-12-31,689.56,27,2025-12-08,2023-09-07,25.54,1,13.1,0,23.0,1,70.3
C001749,2025-02-25,Mid-Market,Europe,Free,Referral,16,0.0,309,1.0,2,49.9,0.685,0,0,,2025-12-31,31.58,15,2025-12-10,2025-03-19,2.11,3,14.2,1,21.0,0,58.4
C001750,2024-10-25,Startup,APAC,Starter,Organic,1,26.2,432,15.0,2,52.4,0.501,0,0,,2025-12-31,212.65,8,2025-11-15,2024-11-11,26.58,2,78.9,0,46.0,1,65.7
C001751,2025-08-24,Mid-Market,North America,Business,Paid Search,33,217.18,129,8.0,1,57.7,0.363,2,0,,2025-12-31,419.99,2,2025-10-16,2025-10-14,210.0,1,60.0,0,76.0,1,53.3
C001752,2025-06-23,Mid-Market,North America,Starter,Organic,35,32.59,191,15.0,1,-3.2,0.04,0,0,,2025-12-31,199.95,6,2025-12-28,2025-08-12,33.32,2,32.6,0,3.0,1,47.8
C001753,2024-06-18,Mid-Market,APAC,Pro,Partner,67,68.05,561,1.0,1,23.5,0.103,1,0,,2025-12-31,558.28,9,2025-07-24,2024-08-04,62.03,3,38.8,0,160.0,1,37.8
C001754,2023-07-19,SMB,APAC,Free,Paid Search,8,0.0,896,24.0,0,-5.6,0.658,1,0,,2025-12-31,108.72,14,2025-10-13,2023-12-31,7.77,1,120.2,0,79.0,0,73.6
C001755,2024-06-15,Startup,APAC,Enterprise,Organic,1,162.19,564,20.0,1,43.3,0.549,0,0,,2025-12-31,1773.8,11,2025-09-11,2024-07-22,161.25,1,63.8,0,111.0,1,72.2
C001756,2023-04-02,Enterprise,North America,Enterprise,Organic,254,41993.91,1004,9.0,2,75.7,0.539,0,0,,2025-12-31,509171.58999999997,11,2025-12-21,2024-01-24,46288.33,3,88.6,0,10.0,1,63.8
C001757,2023-05-13,Enterprise,Europe,Free,Paid Search,218,0.0,963,10.0,0,57.4,0.643,0,0,,2025-12-31,132.47,19,2025-12-18,2023-05-23,6.97,1,41.7,0,13.0,0,69.0
C001758,2024-05-20,SMB,LATAM,Pro,Paid Search,18,83.06,590,8.0,2,19.8,0.28,1,0,,2025-12-31,824.75,9,2025-10-19,2024-05-24,91.64,2,0.0,0,73.0,1,47.5
C001759,2024-03-28,Startup,North America,Starter,Sales,2,33.04,643,27.0,0,47.6,0.638,1,0,,2025-12-31,820.59,23,2025-11-02,2024-03-29,35.68,2,78.1,0,59.0,1,81.0
C001760,2024-04-10,Mid-Market,Europe,Business,Organic,68,223.98,630,19.0,1,43.7,0.446,1,0,,2025-12-31,2604.03,11,2025-10-27,2024-04-11,236.73,1,18.2,0,65.0,1,66.2
C001761,2023-07-05,Startup,LATAM,Pro,Paid Search,3,73.1,910,12.0,2,40.8,0.759,0,0,,2025-12-31,1404.0,21,2025-11-20,2023-09-25,66.86,3,8.9,0,41.0,1,69.6
C001762,2023-08-09,Startup,North America,Pro,Partner,2,84.69,875,18.0,2,2.4,0.437,2,0,,2025-12-31,2078.84,23,2025-11-17,2023-09-05,90.38,3,28.9,1,44.0,1,57.4
C001763,2022-01-15,Mid-Market,APAC,Starter,Partner,63,28.01,1446,1.0,0,67.9,0.557,0,0,,2025-12-31,870.66,32,2025-10-25,2022-05-03,27.21,0,0.0,0,67.0,1,59.4
C001764,2024-05-10,Startup,APAC,Free,Paid Search,1,0.0,600,23.0,1,5.5,0.29,1,0,,2025-12-31,19.07,9,2025-08-15,2024-09-18,2.12,1,67.7,0,138.0,0,61.3
C001765,2024-04-03,SMB,North America,Pro,Organic,17,74.34,637,16.0,0,25.8,0.202,0,0,,2025-12-31,889.6,12,2025-09-25,2024-04-05,74.13,1,70.2,0,97.0,1,57.9
C001766,2025-08-30,SMB,APAC,Pro,Sales,20,68.34,123,8.0,0,59.0,0.339,1,0,,2025-12-31,624.6,9,2025-12-26,2025-09-10,69.4,0,0.0,0,5.0,1,56.2
C001767,2023-12-23,SMB,Europe,Business,Sales,8,200.45,739,19.0,0,25.7,0.25,1,1,2024-12-28,2025-12-31,1076.56,5,2024-08-06,2024-01-27,215.31,1,1.0,0,512.0,0,60.0
C001768,2023-10-31,Startup,APAC,Business,Paid Search,1,169.37,792,0.0,0,37.0,0.2,0,0,,2025-12-31,2039.08,12,2025-10-27,2023-11-12,169.92,0,0.0,0,65.0,1,44.7
C001769,2022-04-07,SMB,LATAM,Pro,Partner,11,71.29,1364,13.0,0,38.0,0.539,0,0,,2025-12-31,2236.72,31,2025-09-05,2022-04-16,72.15,1,205.1,0,117.0,1,66.6
C001770,2022-10-09,SMB,APAC,Pro,Organic,10,90.75,1179,26.0,0,36.6,0.395,0,0,,2025-12-31,2030.97,23,2025-12-31,2022-10-25,88.3,0,0.0,0,0.0,1,73.7
C001771,2023-04-29,Startup,North America,Enterprise,Organic,1,180.91,977,21.0,0,37.9,0.734,0,0,,2025-12-31,3230.66,18,2025-08-22,2023-08-22,179.48,1,72.3,0,131.0,1,79.6
C001772,2023-06-24,SMB,APAC,Business,Organic,10,205.08,921,1.0,0,40.3,0.731,0,0,,2025-12-31,3249.79,16,2025-12-07,2023-08-22,203.11,1,2.0,0,24.0,1,61.9
C001773,2023-06-03,Startup,LATAM,Business,Referral,3,227.9,942,16.0,1,36.9,0.111,0,0,,2025-12-31,4432.71,20,2025-12-12,2023-07-27,221.64,1,0.0,0,19.0,1,54.8
C001774,2023-07-18,Startup,Europe,Enterprise,Organic,2,316.11,897,19.0,1,12.6,0.685,0,0,,2025-12-31,6266.77,20,2025-11-25,2023-09-03,313.34,2,18.4,0,36.0,1,72.3
C001775,2025-01-04,Mid-Market,Europe,Starter,Organic,24,28.85,361,14.0,1,-3.8,0.709,0,0,,2025-12-31,237.97,8,2025-10-28,2025-01-17,29.75,2,38.9,0,64.0,1,66.9
C001776,2022-07-07,Enterprise,North America,Pro,Organic,133,77.66,1273,9.0,0,60.0,0.344,0,0,,2025-12-31,2129.61,28,2025-12-25,2022-07-15,76.06,0,0.0,0,6.0,1,59.4
C001777,2023-04-21,SMB,APAC,Pro,Organic,11,68.0,985,19.0,1,61.1,0.539,0,0,,2025-12-31,981.46,15,2025-12-19,2023-05-09,65.43,1,14.3,0,12.0,1,72.7
C001778,2022-08-21,Startup,North America,Starter,Paid Search,4,27.63,1228,11.0,2,43.4,0.544,0,0,,2025-12-31,395.88,15,2025-11-14,2022-09-09,26.39,3,42.8,0,47.0,1,62.5
C001779,2023-03-17,Mid-Market,North America,Pro,Paid Search,19,79.61,1020,26.0,0,43.2,0.479,0,0,,2025-12-31,1485.91,17,2025-12-31,2023-05-01,87.41,1,28.6,0,0.0,1,76.9
C001780,2024-09-05,SMB,LATAM,Starter,Partner,7,29.12,482,23.0,0,12.1,0.06,0,0,,2025-12-31,513.71,17,2025-11-14,2024-11-14,30.22,0,0.0,0,47.0,1,58.5
C001781,2022-03-08,Enterprise,LATAM,Pro,Paid Search,304,79.19,1394,25.0,4,-26.0,0.46,0,0,,2025-12-31,2154.85,26,2025-12-22,2022-08-11,82.88,6,89.6,0,9.0,1,62.5
C001782,2023-05-01,Mid-Market,LATAM,Starter,Paid Search,15,27.75,975,11.0,0,28.8,0.148,0,0,,2025-12-31,452.36,17,2025-12-19,2023-07-03,26.61,0,0.0,0,12.0,1,52.1
C001783,2022-02-03,SMB,Europe,Business,Referral,7,211.9,1427,18.0,1,-12.4,0.693,0,0,,2025-12-31,8095.44,37,2025-09-21,2022-02-04,218.8,1,75.9,0,101.0,1,69.1
C001784,2025-09-27,Mid-Market,North America,Pro,Organic,38,89.68,95,4.0,1,39.6,0.59,0,0,,2025-12-31,55.4,1,2025-11-14,2025-11-14,55.4,1,59.7,0,47.0,1,58.7
C001785,2024-11-05,Startup,Europe,Pro,Organic,7,86.12,421,21.0,0,67.6,0.662,1,0,,2025-12-31,426.59000000000003,5,2025-11-18,2024-12-07,85.32,0,0.0,0,43.0,1,78.4
C001786,2022-12-15,Mid-Market,North America,Starter,Referral,60,27.46,1112,21.0,0,19.6,0.448,0,0,,2025-12-31,482.03,19,2025-10-23,2023-03-06,25.37,2,15.0,0,69.0,1,69.2
C001787,2022-10-11,Startup,APAC,Pro,Partner,5,73.93,1177,21.0,1,21.0,0.614,2,1,2025-10-10,2025-12-31,1931.42,24,2025-09-18,2022-11-22,80.48,1,67.9,0,104.0,0,68.8
C001788,2022-05-22,Mid-Market,Europe,Free,Paid Search,18,0.0,1319,0.0,0,9.9,0.389,0,1,2024-01-09,2025-12-31,15.940000000000001,12,2023-09-27,2022-07-11,1.33,1,5.0,0,826.0,0,47.7
C001789,2023-11-08,Startup,Europe,Starter,Organic,1,26.54,784,12.0,0,36.1,0.293,1,0,,2025-12-31,355.71,15,2025-07-23,2023-11-22,23.71,1,10.6,0,161.0,1,56.1
C001790,2024-12-13,SMB,North America,Starter,Organic,3,25.67,383,7.0,2,34.2,0.255,0,1,2025-06-22,2025-12-31,130.76999999999998,6,2025-05-16,2025-01-26,21.8,2,31.0,0,229.0,0,49.3
C001791,2024-04-15,Enterprise,Europe,Business,Organic,101,185.02,625,25.0,1,9.5,0.29,0,0,,2025-12-31,1947.15,11,2025-12-02,2024-09-01,177.01,1,17.6,0,29.0,1,65.5
C001792,2025-06-13,Enterprise,APAC,Starter,Referral,326,29.33,201,15.0,1,57.8,0.186,0,0,,2025-12-31,297.84,10,2025-12-16,2025-07-09,29.78,2,13.2,0,15.0,1,58.3
C001793,2023-05-07,Enterprise,APAC,Pro,Partner,131,67.33,969,17.0,0,100.0,0.694,1,0,,2025-12-31,824.91,12,2025-08-13,2023-05-09,68.74,0,0.0,0,140.0,1,79.0
C001794,2023-02-02,SMB,North America,Business,Organic,8,180.86,1063,12.0,0,64.7,0.304,1,0,,2025-12-31,4674.82,25,2025-12-28,2023-02-13,186.99,0,0.0,0,3.0,1,59.3
C001795,2023-11-15,Startup,North America,Starter,Organic,3,26.88,777,3.0,2,32.2,0.32,0,0,,2025-12-31,333.71,12,2025-10-07,2024-05-06,27.81,2,17.0,0,85.0,1,47.5
C001796,2022-10-16,SMB,North America,Business,Organic,11,202.47,1172,17.0,1,31.9,0.406,1,0,,2025-12-31,3615.21,20,2025-11-17,2023-03-03,180.76,1,2.9,1,44.0,1,62.0
C001797,2025-10-27,SMB,North America,Free,Organic,10,0.0,65,17.0,1,22.2,0.203,1,0,,2025-12-31,14.78,1,2025-11-02,2025-11-02,14.78,2,17.2,0,59.0,0,55.0
C001798,2022-09-23,SMB,LATAM,Starter,Paid Search,10,33.2,1195,10.0,3,21.6,0.833,0,0,,2025-12-31,1307.84,40,2025-12-07,2022-09-30,32.7,3,73.4,0,24.0,1,66.6
C001799,2023-11-16,SMB,Europe,Free,Paid Search,13,0.0,776,17.0,2,59.0,0.431,0,0,,2025-12-31,59.059999999999995,13,2025-10-21,2023-12-26,4.54,2,21.7,0,71.0,0,66.0
C001800,2024-01-17,SMB,North America,Pro,Sales,13,83.67,714,10.0,3,60.0,0.683,0,0,,2025-12-31,1006.98,13,2025-11-22,2024-01-18,77.46,4,7.0,0,39.0,1,65.9
C001801,2022-03-23,SMB,APAC,Enterprise,Referral,6,880.69,1379,18.0,0,5.8,0.637,1,0,,2025-12-31,19896.96,22,2025-10-08,2022-07-14,904.41,0,0.0,0,84.0,1,68.8
C001802,2023-11-01,SMB,North America,Pro,Sales,17,81.32,791,9.0,2,44.2,0.302,0,0,,2025-12-31,2210.89,28,2025-12-16,2023-11-03,78.96,2,0.0,0,15.0,1,53.5
C001803,2023-10-13,Startup,North America,Pro,Referral,3,73.2,810,21.0,1,62.8,0.19,1,0,,2025-12-31,1606.04,22,2025-11-02,2023-10-13,73.0,1,0.0,0,59.0,1,62.2
C001804,2023-01-06,Mid-Market,Europe,Starter,Sales,75,28.69,1090,24.0,2,26.2,0.412,0,0,,2025-12-31,676.6,24,2025-09-19,2023-01-10,28.19,2,25.9,0,103.0,1,68.4
C001805,2022-07-02,Enterprise,North America,Enterprise,Sales,298,47306.06,1278,13.0,2,29.7,0.61,0,0,,2025-12-31,1574231.51,32,2025-10-19,2022-07-03,49194.73,3,23.0,0,73.0,1,64.9
C001806,2022-03-06,Mid-Market,Europe,Pro,Paid Search,61,89.83,1396,0.0,1,52.4,0.093,0,0,,2025-12-31,2250.26,24,2025-11-20,2022-06-07,93.76,2,9.8,1,41.0,1,41.5
C001807,2022-01-13,SMB,APAC,Starter,Organic,15,26.9,1448,19.0,0,53.1,0.269,0,0,,2025-12-31,967.1,38,2025-11-14,2022-05-25,25.45,0,0.0,0,47.0,1,65.3
C001808,2023-11-20,Mid-Market,LATAM,Enterprise,Organic,56,9821.07,772,26.0,2,45.7,0.503,0,0,,2025-12-31,103682.95,11,2025-12-29,2024-01-09,9425.72,2,62.2,0,2.0,1,74.9
C001809,2022-05-09,Startup,North America,Starter,Partner,3,31.0,1332,19.0,1,41.4,0.671,1,0,,2025-12-31,776.83,26,2025-10-11,2022-05-17,29.88,1,9.5,0,81.0,1,72.7
C001810,2025-10-03,SMB,Europe,Starter,Partner,19,29.41,89,10.0,0,44.7,0.252,0,0,,2025-12-31,77.97,2,2025-12-07,2025-10-12,38.98,1,38.6,0,24.0,1,56.0
C001811,2022-12-16,SMB,North America,Free,Organic,17,0.0,1111,15.0,1,28.1,0.658,0,0,,2025-12-31,66.08,14,2025-05-28,2023-05-28,4.72,1,2.9,0,217.0,0,69.4
C001812,2024-07-22,SMB,Europe,Starter,Referral,5,27.76,527,10.0,3,7.1,0.347,0,1,2025-06-08,2025-12-31,363.31,13,2025-05-13,2024-08-01,27.95,4,15.9,0,232.0,0,50.5
C001813,2024-08-21,Mid-Market,North America,Business,Referral,70,206.74,497,21.0,1,-3.9,0.63,0,0,,2025-12-31,2335.28,12,2025-12-03,2024-08-22,194.61,1,51.4,0,28.0,1,70.8
C001814,2023-12-10,Startup,Europe,Pro,Partner,7,70.61,752,20.0,0,49.9,0.045,2,0,,2025-12-31,479.4,7,2025-09-21,2023-12-15,68.49,1,32.0,0,101.0,1,55.2
C001815,2025-06-17,Enterprise,North America,Enterprise,Paid Search,202,35075.86,197,17.0,5,37.7,0.619,0,0,,2025-12-31,141027.66999999998,4,2025-12-06,2025-07-17,35256.92,5,46.4,0,25.0,1,65.0
C001816,2022-06-08,SMB,LATAM,Free,Organic,18,0.0,1302,10.0,1,46.4,0.34,0,0,,2025-12-31,80.68,27,2025-11-24,2022-08-27,2.99,2,39.4,0,37.0,0,57.3
C001817,2022-12-01,Startup,APAC,Pro,Paid Search,5,90.51,1126,4.0,3,14.3,0.528,0,0,,2025-12-31,1406.91,17,2025-12-02,2023-01-22,82.76,3,64.6,0,29.0,1,51.3
C001818,2022-12-27,SMB,North America,Pro,Organic,5,77.45,1100,17.0,2,37.6,0.598,0,0,,2025-12-31,2297.06,28,2025-10-06,2023-01-14,82.04,3,21.8,0,86.0,1,68.9
C001819,2022-07-13,Startup,APAC,Pro,Partner,3,89.2,1267,9.0,1,37.0,0.349,1,0,,2025-12-31,2224.72,24,2025-12-10,2022-10-05,92.7,1,37.9,0,21.0,1,53.7
C001820,2023-02-26,Mid-Market,North America,Pro,Paid Search,65,73.31,1039,25.0,3,67.0,0.302,0,0,,2025-12-31,2087.78,28,2025-12-12,2023-06-20,74.56,3,50.1,0,19.0,1,68.6
C001821,2023-03-24,Startup,APAC,Pro,Organic,1,74.07,1013,1.0,2,56.3,0.314,1,0,,2025-12-31,1659.57,23,2025-12-17,2023-03-30,72.16,2,17.8,0,14.0,1,45.9
C001822,2024-12-29,SMB,North America,Pro,Paid Search,4,86.17,367,23.0,1,16.5,0.437,2,0,,2025-12-31,940.34,10,2025-12-09,2025-02-19,94.03,1,195.2,0,22.0,1,64.8
C001823,2023-03-08,SMB,North America,Business,Partner,22,221.79,1029,21.0,1,47.6,0.792,0,0,,2025-12-31,4444.16,21,2025-09-19,2023-04-02,211.63,1,32.6,0,103.0,1,80.8
C001824,2025-06-07,Enterprise,Europe,Starter,Paid Search,385,28.9,207,14.0,2,16.3,0.43,0,0,,2025-12-31,18.58,1,2025-09-26,2025-09-26,18.58,2,14.2,0,96.0,1,59.0
C001825,2025-01-09,Mid-Market,Europe,Pro,Sales,45,68.67,356,27.0,2,-30.3,0.644,0,0,,2025-12-31,296.21,5,2025-10-31,2025-02-01,59.24,3,36.9,0,61.0,1,72.4
C001826,2025-07-13,SMB,Europe,Pro,Organic,7,75.43,171,20.0,0,78.1,0.504,1,0,,2025-12-31,64.54,1,2025-07-19,2025-07-19,64.54,0,0.0,0,165.0,1,73.8
C001827,2022-05-31,Enterprise,Europe,Starter,Sales,384,31.65,1310,1.0,2,25.6,0.195,1,1,2024-05-18,2025-12-31,413.75,14,2024-05-08,2022-06-21,29.55,2,27.6,0,602.0,0,39.3
C001828,2025-11-08,SMB,North America,Starter,Organic,7,28.82,53,10.0,1,61.0,0.121,0,0,,2025-12-31,0.0,0,,,0.0,1,37.8,0,,1,52.2
C001829,2024-05-27,Startup,North America,Enterprise,Organic,4,681.09,583,23.0,0,18.5,0.787,0,0,,2025-12-31,7846.87,11,2025-11-09,2024-08-17,713.35,0,0.0,0,52.0,1,81.0
C001830,2025-11-05,Startup,Europe,Starter,Sales,5,27.94,56,21.0,2,14.8,0.89,0,0,,2025-12-31,57.04,3,2025-12-05,2025-11-09,19.01,3,43.3,0,26.0,1,78.9
C001831,2023-05-23,Enterprise,Europe,Starter,Referral,119,24.94,953,4.0,2,21.3,0.176,0,0,,2025-12-31,633.35,27,2025-11-27,2023-05-28,23.46,3,42.4,0,34.0,1,43.0
C001832,2025-09-24,Startup,North America,Pro,Partner,6,83.18,98,4.0,0,41.3,0.288,0,0,,2025-12-31,408.74,5,2025-12-30,2025-10-04,81.75,0,0.0,0,1.0,1,51.3
C001833,2024-04-21,Enterprise,North America,Free,Referral,299,0.0,619,25.0,0,39.4,0.395,0,0,,2025-12-31,44.22,12,2025-11-26,2024-05-06,3.68,0,0.0,0,35.0,0,73.1
C001834,2022-04-13,SMB,Europe,Free,Paid Search,6,0.0,1358,1.0,3,47.4,0.284,0,0,,2025-12-31,160.81,27,2025-12-01,2022-05-18,5.96,3,31.9,0,30.0,0,44.7
C001835,2023-08-10,Startup,Europe,Free,Referral,2,0.0,874,26.0,0,22.6,0.703,0,0,,2025-12-31,51.3,12,2025-11-23,2023-09-17,4.27,2,53.8,0,38.0,0,81.6
C001836,2022-07-17,Enterprise,APAC,Free,Organic,82,0.0,1263,15.0,0,36.0,0.351,0,0,,2025-12-31,160.48,31,2025-11-21,2022-08-07,5.18,0,0.0,0,40.0,0,62.5
C001837,2025-09-08,Enterprise,Europe,Starter,Referral,72,27.69,114,22.0,0,13.9,0.371,0,0,,2025-12-31,133.82,5,2025-12-24,2025-10-09,26.76,0,0.0,0,7.0,1,67.2
C001838,2023-03-12,Enterprise,Europe,Business,Sales,107,178.49,1025,6.0,1,71.7,0.199,0,0,,2025-12-31,3744.17,21,2025-12-25,2023-03-26,178.29,2,81.3,0,6.0,1,52.0
C001839,2022-11-14,SMB,Europe,Starter,Referral,5,24.97,1143,9.0,0,2.1,0.032,0,1,2023-11-01,2025-12-31,221.82,11,2023-11-01,2022-11-18,20.17,0,0.0,0,791.0,0,44.2
C001840,2024-03-01,Startup,North America,Starter,Referral,5,28.24,670,20.0,0,14.5,0.788,0,0,,2025-12-31,420.74,15,2025-12-20,2024-04-28,28.05,0,0.0,0,11.0,1,77.9
C001841,2023-08-31,Mid-Market,North America,Pro,Partner,24,69.49,853,4.0,1,24.4,0.3,1,1,2025-04-11,2025-12-31,1006.48,14,2025-01-14,2023-09-03,71.89,2,26.6,0,351.0,0,46.5
C001842,2022-05-19,Mid-Market,North America,Starter,Paid Search,37,27.26,1322,2.0,0,94.7,0.775,0,0,,2025-12-31,762.59,30,2025-12-19,2022-06-23,25.42,0,0.0,0,12.0,1,69.5
C001843,2025-03-13,SMB,APAC,Starter,Paid Search,15,32.04,293,17.0,2,54.2,0.254,0,0,,2025-12-31,71.86,2,2025-08-07,2025-04-26,35.93,3,21.4,0,146.0,1,60.2
C001844,2025-04-24,Mid-Market,North America,Starter,Referral,51,25.02,251,0.0,3,13.7,0.204,1,0,,2025-12-31,62.28,3,2025-12-28,2025-05-25,20.76,4,18.0,0,3.0,1,36.0
C001845,2024-11-28,SMB,Europe,Starter,Partner,15,30.16,398,26.0,2,55.6,0.588,0,0,,2025-12-31,123.71000000000001,4,2025-12-27,2025-01-19,30.93,2,32.6,1,4.0,1,78.4
C001846,2024-05-31,Startup,Europe,Starter,Paid Search,5,28.03,579,18.0,1,47.9,0.4,1,0,,2025-12-31,343.36,12,2025-11-19,2024-06-10,28.61,1,22.6,0,42.0,1,64.4
C001847,2023-07-30,SMB,North America,Free,Referral,18,0.0,885,19.0,2,41.8,0.564,1,1,2025-12-09,2025-12-31,129.65,17,2025-11-28,2023-08-12,7.63,2,46.6,0,33.0,0,68.1
C001848,2024-02-15,Startup,APAC,Business,Organic,6,199.05,685,14.0,0,52.4,0.107,1,0,,2025-12-31,2756.33,13,2025-11-27,2024-04-28,212.03,2,36.8,0,34.0,1,54.0
C001849,2024-01-16,SMB,APAC,Enterprise,Referral,13,1980.69,715,17.0,1,36.5,0.549,0,0,,2025-12-31,25062.22,12,2025-10-23,2024-02-08,2088.52,1,35.3,0,69.0,1,68.8
C001850,2022-08-25,Startup,North America,Business,Referral,3,174.02,1224,26.0,2,39.3,0.455,1,0,,2025-12-31,4947.23,30,2025-11-20,2022-12-08,164.91,2,9.7,0,41.0,1,70.8
C001851,2022-04-27,Mid-Market,APAC,Free,Organic,43,0.0,1344,0.0,3,-3.8,0.676,0,0,,2025-12-31,112.23,19,2025-10-24,2022-09-21,5.91,3,33.1,0,68.0,0,50.4
C001852,2022-12-29,Enterprise,Europe,Business,Organic,84,180.64,1098,6.0,0,71.1,0.779,0,0,,2025-12-31,5047.88,28,2025-12-25,2023-03-25,180.28,0,0.0,0,6.0,1,70.8
C001853,2023-10-12,SMB,North America,Pro,Referral,13,83.37,811,19.0,0,23.8,0.761,0,0,,2025-12-31,981.76,12,2025-12-30,2023-11-11,81.81,2,32.1,0,1.0,1,77.2
C001854,2022-08-18,Enterprise,APAC,Free,Organic,65,0.0,1231,3.0,1,4.1,0.694,0,1,2024-05-28,2025-12-31,42.05,11,2024-03-07,2022-08-19,3.82,1,13.5,0,664.0,0,57.4
C001855,2022-06-02,Startup,APAC,Enterprise,Sales,7,1020.23,1308,6.0,0,22.4,0.2,1,0,,2025-12-31,23538.22,26,2025-11-08,2022-07-11,905.32,0,0.0,0,53.0,1,46.6
C001856,2025-05-03,SMB,North America,Business,Organic,5,178.65,242,0.0,2,23.4,0.093,1,0,,2025-12-31,1557.97,9,2025-12-02,2025-05-13,173.11,3,20.4,1,29.0,1,35.1
C001857,2023-06-21,Startup,LATAM,Free,Organic,4,0.0,924,1.0,1,15.0,0.432,1,0,,2025-12-31,117.88,26,2025-09-28,2023-07-07,4.53,1,33.2,0,94.0,0,46.9
C001858,2024-04-15,Mid-Market,Europe,Enterprise,Organic,73,10005.5,625,12.0,3,54.4,0.341,0,0,,2025-12-31,187468.99,17,2025-12-25,2024-06-04,11027.59,4,17.8,1,6.0,1,56.9
C001859,2024-01-20,SMB,Europe,Free,Referral,6,0.0,711,18.0,0,59.4,0.568,0,0,,2025-12-31,126.46000000000001,17,2025-12-22,2024-03-24,7.44,1,36.0,0,9.0,0,74.1
C001860,2024-11-17,SMB,North America,Pro,Partner,3,68.8,409,2.0,1,-14.0,0.521,1,1,2025-12-18,2025-12-31,246.14999999999998,3,2025-05-09,2024-12-20,82.05,1,76.0,0,236.0,0,47.5
C001861,2024-11-23,Mid-Market,North America,Starter,Referral,26,28.35,403,27.0,0,22.1,0.619,0,0,,2025-12-31,222.42000000000002,7,2025-12-23,2025-01-27,31.77,0,0.0,0,8.0,1,79.9
C001862,2023-02-28,SMB,Europe,Starter,Sales,24,26.31,1037,21.0,3,23.9,0.701,0,0,,2025-12-31,686.36,25,2025-12-02,2023-04-28,27.45,4,35.2,0,29.0,1,72.7
C001863,2025-04-27,SMB,Europe,Enterprise,Partner,24,4316.57,248,18.0,3,30.7,0.403,0,0,,2025-12-31,13212.48,4,2025-11-16,2025-07-12,3303.12,3,18.2,0,45.0,1,61.7
C001864,2023-06-15,Startup,Europe,Pro,Organic,3,74.6,930,2.0,2,77.7,0.51,1,0,,2025-12-31,1298.95,18,2025-11-11,2023-07-08,72.16,2,0.0,0,50.0,1,54.9
C001865,2025-04-09,SMB,APAC,Starter,Organic,23,31.59,266,14.0,2,14.7,0.242,0,0,,2025-12-31,122.47,5,2025-10-21,2025-06-28,24.49,2,9.2,0,71.0,1,53.2
C001866,2023-08-02,Enterprise,North America,Business,Referral,219,191.48,882,25.0,1,74.1,0.254,1,0,,2025-12-31,3036.23,17,2025-07-09,2023-08-16,178.6,1,30.0,0,175.0,1,68.9
C001867,2022-06-08,SMB,APAC,Business,Organic,18,200.82,1302,6.0,3,31.3,0.398,0,0,,2025-12-31,5299.54,27,2025-11-25,2022-07-16,196.28,3,4.4,1,36.0,1,50.9
C001868,2024-12-22,SMB,APAC,Enterprise,Sales,20,3365.47,374,15.0,1,74.3,0.68,0,0,,2025-12-31,23437.4,8,2025-12-29,2025-01-01,2929.68,2,22.6,1,2.0,1,74.7
C001869,2022-02-13,Mid-Market,APAC,Enterprise,Referral,53,8906.48,1417,15.0,2,27.2,0.274,2,0,,2025-12-31,178251.43,21,2025-04-06,2022-02-26,8488.16,2,20.5,0,269.0,1,52.3
C001870,2025-01-09,SMB,APAC,Enterprise,Partner,12,2118.96,356,19.0,0,24.3,0.803,2,0,,2025-12-31,15822.32,8,2025-10-05,2025-01-20,1977.79,0,0.0,0,87.0,1,74.5
C001871,2022-03-03,Mid-Market,APAC,Pro,Partner,73,74.68,1399,25.0,2,34.4,0.51,1,0,,2025-12-31,2151.7799999999997,30,2025-11-14,2022-03-18,71.73,2,11.7,0,47.0,1,71.1
C001872,2022-10-23,Enterprise,North America,Starter,Sales,295,28.89,1165,3.0,3,67.3,0.352,0,0,,2025-12-31,596.06,22,2025-12-04,2022-10-26,27.09,4,22.5,0,27.0,1,50.5
C001873,2024-05-12,SMB,APAC,Enterprise,Referral,18,3165.61,598,1.0,1,39.0,0.396,0,0,,2025-12-31,43373.83,15,2025-12-21,2024-05-15,2891.59,1,20.4,0,10.0,1,50.2
C001874,2025-09-08,Mid-Market,LATAM,Free,Partner,17,0.0,114,2.0,1,40.2,0.239,0,0,,2025-12-31,14.91,3,2025-12-15,2025-10-06,4.97,1,20.1,0,16.0,0,46.5
C001875,2023-08-08,SMB,Europe,Starter,Paid Search,13,26.48,876,7.0,0,50.9,0.414,0,0,,2025-12-31,677.8,25,2025-12-29,2023-10-16,27.11,0,0.0,0,2.0,1,58.8
C001876,2022-06-22,Mid-Market,North America,Starter,Paid Search,77,27.07,1288,9.0,1,13.0,0.197,0,1,2025-07-24,2025-12-31,655.6899999999999,25,2025-07-06,2022-08-29,26.23,1,14.3,0,178.0,0,48.7
C001877,2022-11-30,SMB,LATAM,Starter,Paid Search,18,27.51,1127,24.0,2,43.4,0.72,0,1,2024-01-29,2025-12-31,285.9,11,2024-01-29,2023-01-05,25.99,3,41.2,0,702.0,0,79.4
C001878,2025-07-05,Mid-Market,North America,Pro,Sales,56,70.89,179,14.0,1,19.3,0.127,0,0,,2025-12-31,285.92,4,2025-12-01,2025-07-20,71.48,2,14.0,0,30.0,1,51.7
C001879,2024-11-05,Startup,North America,Enterprise,Partner,2,289.12,421,20.0,1,71.8,0.727,0,0,,2025-12-31,3515.14,12,2025-12-24,2024-11-09,292.93,1,47.0,0,7.0,1,80.3
C001880,2022-05-24,Enterprise,North America,Pro,Referral,270,68.39,1317,16.0,4,45.5,0.68,0,0,,2025-12-31,1551.66,23,2025-11-19,2022-06-09,67.46,4,72.1,1,42.0,1,68.2
C001881,2023-07-05,SMB,Europe,Pro,Organic,12,72.43,910,26.0,2,52.3,0.372,0,0,,2025-12-31,1226.35,18,2025-11-18,2023-07-14,68.13,4,34.8,0,43.0,1,71.6
C001882,2023-01-14,Mid-Market,Europe,Starter,Referral,46,32.54,1082,9.0,0,-16.0,0.658,0,0,,2025-12-31,441.59000000000003,13,2025-08-11,2023-09-01,33.97,0,0.0,0,142.0,1,61.2
C001883,2022-09-12,Mid-Market,Europe,Pro,Paid Search,44,81.64,1206,18.0,0,52.7,0.244,1,0,,2025-12-31,2100.15,27,2025-10-21,2022-10-27,77.78,0,0.0,0,71.0,1,61.7
C001884,2025-04-25,SMB,LATAM,Free,Referral,10,0.0,250,7.0,4,30.6,0.182,2,1,2025-12-30,2025-12-31,0.0,11,2025-12-09,2025-05-04,0.0,6,47.7,1,22.0,0,39.8
C001885,2024-06-02,Startup,Europe,Free,Organic,3,0.0,577,6.0,1,-0.9,0.622,0,0,,2025-12-31,43.01,10,2025-11-30,2024-08-22,4.3,1,14.3,0,31.0,0,57.4
C001886,2022-09-14,Startup,Europe,Pro,Sales,2,81.35,1204,27.0,1,37.4,0.305,0,0,,2025-12-31,1483.06,18,2025-11-25,2022-10-03,82.39,1,56.3,0,36.0,1,70.5
C001887,2024-07-19,Mid-Market,APAC,Pro,Partner,34,71.57,530,0.0,0,-3.0,0.163,0,0,,2025-12-31,1018.83,13,2025-12-11,2024-08-03,78.37,0,0.0,0,20.0,1,39.6
C001888,2023-08-15,Mid-Market,APAC,Starter,Paid Search,31,30.06,869,7.0,2,50.3,0.531,0,0,,2025-12-31,574.31,18,2025-10-15,2024-04-14,31.91,3,18.8,0,77.0,1,59.2
C001889,2022-03-29,SMB,North America,Starter,Paid Search,16,32.79,1373,10.0,0,70.8,0.757,0,0,,2025-12-31,784.68,24,2025-11-15,2022-05-11,32.7,0,0.0,0,46.0,1,73.7
C001890,2023-10-06,SMB,North America,Free,Paid Search,22,0.0,817,3.0,1,-9.8,0.416,0,0,,2025-12-31,34.370000000000005,10,2025-11-10,2024-02-14,3.44,1,16.1,0,51.0,0,47.7
C001891,2022-09-22,Mid-Market,Europe,Pro,Paid Search,71,90.62,1196,21.0,2,34.3,0.329,0,0,,2025-12-31,2946.9,35,2025-12-30,2022-10-25,84.2,2,32.2,1,1.0,1,64.0
C001892,2022-12-17,SMB,APAC,Starter,Organic,10,28.34,1110,10.0,1,30.9,0.384,0,0,,2025-12-31,635.44,20,2025-10-19,2022-12-22,31.77,1,12.9,0,73.0,1,57.0
C001893,2025-06-10,SMB,Europe,Starter,Paid Search,16,28.9,204,12.0,0,-14.7,0.389,1,0,,2025-12-31,62.23,2,2025-11-21,2025-10-12,31.12,0,0.0,0,40.0,1,53.9
C001894,2024-10-12,SMB,North America,Business,Paid Search,4,170.51,445,8.0,1,57.9,0.213,0,0,,2025-12-31,1714.9,9,2025-10-23,2024-10-13,190.54,1,17.0,0,69.0,1,52.8
C001895,2022-07-11,Mid-Market,APAC,Business,Paid Search,23,184.92,1269,24.0,0,50.6,0.134,0,0,,2025-12-31,4677.96,25,2025-10-04,2022-07-15,187.12,1,13.9,0,88.0,1,65.5
C001896,2025-05-02,SMB,Europe,Starter,Referral,14,27.93,243,11.0,4,85.7,0.453,0,0,,2025-12-31,135.53,5,2025-11-28,2025-10-16,27.11,5,63.6,0,33.0,1,61.0
C001897,2024-04-01,Mid-Market,Europe,Pro,Paid Search,25,90.09,639,22.0,1,47.4,0.032,0,0,,2025-12-31,1228.67,13,2025-10-19,2024-04-24,94.51,1,40.9,0,73.0,1,58.8
C001898,2025-06-04,SMB,APAC,Free,Organic,3,0.0,210,17.0,3,13.0,0.399,0,1,2025-12-25,2025-12-31,28.24,5,2025-10-25,2025-06-16,5.65,4,42.1,0,67.0,0,58.9
C001899,2024-12-04,Mid-Market,APAC,Starter,Referral,46,32.82,392,26.0,1,47.9,0.631,0,0,,2025-12-31,232.72,7,2025-12-31,2025-01-14,33.25,2,8.2,0,0.0,1,80.4
C001900,2023-05-01,SMB,Europe,Pro,Paid Search,11,84.51,975,16.0,0,67.1,0.347,1,0,,2025-12-31,2024.22,23,2025-12-04,2023-05-11,88.01,0,0.0,0,27.0,1,64.4
C001901,2024-02-04,SMB,Europe,Free,Partner,5,0.0,696,27.0,2,23.4,0.388,0,0,,2025-12-31,48.63,14,2025-12-29,2024-02-28,3.47,3,14.6,2,2.0,0,70.1
C001902,2024-01-30,SMB,Europe,Starter,Sales,11,24.93,701,19.0,1,56.3,0.558,0,0,,2025-12-31,355.52,15,2025-10-18,2024-02-29,23.7,1,0.0,1,74.0,1,72.8
C001903,2024-10-26,Enterprise,Europe,Business,Referral,370,220.75,431,1.0,1,-23.9,0.104,1,0,,2025-12-31,1042.79,4,2025-12-29,2025-03-14,260.7,1,27.9,0,2.0,1,33.1
C001904,2022-12-22,Mid-Market,Europe,Business,Paid Search,74,217.7,1105,4.0,1,71.9,0.755,1,0,,2025-12-31,5732.71,26,2025-08-28,2022-12-30,220.49,1,6.2,0,125.0,1,64.9
C001905,2023-04-22,SMB,APAC,Enterprise,Paid Search,19,3121.66,984,22.0,2,55.0,0.344,2,0,,2025-12-31,56434.67,19,2025-12-22,2023-07-15,2970.25,2,12.4,0,9.0,1,63.5
C001906,2022-12-17,SMB,Europe,Business,Referral,11,211.04,1110,1.0,2,-28.6,0.352,0,0,,2025-12-31,4108.16,20,2025-08-03,2022-12-23,205.41,3,13.7,0,150.0,1,40.6
C001907,2023-02-28,Startup,Europe,Starter,Referral,6,31.37,1037,5.0,1,44.6,0.479,1,0,,2025-12-31,795.27,25,2025-10-16,2023-04-04,31.81,1,57.8,0,76.0,1,54.8
C001908,2022-08-19,Mid-Market,North America,Pro,Organic,28,68.36,1230,22.0,3,-14.7,0.52,0,0,,2025-12-31,1328.1100000000001,19,2025-11-28,2022-11-26,69.9,6,44.6,0,33.0,1,64.3
C001909,2022-02-22,Startup,APAC,Starter,Partner,6,26.82,1408,9.0,2,19.7,0.687,0,0,,2025-12-31,908.55,34,2025-12-10,2022-03-09,26.72,2,23.8,0,21.0,1,62.6
C001910,2025-09-06,Mid-Market,Europe,Pro,Referral,73,89.39,116,6.0,2,52.0,0.327,2,0,,2025-12-31,106.73,1,2025-11-29,2025-11-29,106.73,3,64.8,0,32.0,1,48.4
C001911,2022-04-17,Mid-Market,North America,Starter,Referral,33,27.26,1354,5.0,0,31.6,0.19,0,0,,2025-12-31,737.23,28,2025-11-17,2022-06-15,26.33,0,0.0,0,44.0,1,48.3
C001912,2025-06-23,Enterprise,North America,Free,Organic,228,0.0,191,8.0,0,66.4,0.462,0,0,,2025-12-31,39.85,3,2025-09-30,2025-09-01,13.28,0,0.0,0,92.0,0,62.6
C001913,2022-01-05,SMB,North America,Free,Paid Search,8,0.0,1456,23.0,0,36.6,0.706,0,0,,2025-12-31,205.55,40,2025-12-25,2022-04-02,5.14,1,4.8,0,6.0,0,80.4
C001914,2025-01-16,Mid-Market,LATAM,Business,Paid Search,49,191.81,349,12.0,0,34.1,0.557,0,0,,2025-12-31,1125.6100000000001,6,2025-07-21,2025-03-06,187.6,1,206.7,0,163.0,1,65.8
C001915,2023-04-15,Mid-Market,APAC,Free,Organic,58,0.0,991,26.0,2,62.5,0.108,0,0,,2025-12-31,82.63,18,2025-11-08,2023-06-26,4.59,4,49.5,0,53.0,0,64.7
C001916,2024-01-11,SMB,Europe,Pro,Partner,16,80.87,720,20.0,0,26.6,0.105,0,0,,2025-12-31,1335.61,16,2025-12-03,2024-02-03,83.48,2,19.1,0,28.0,1,58.7
C001917,2023-02-08,SMB,Europe,Business,Paid Search,5,228.37,1057,7.0,1,34.4,0.704,0,0,,2025-12-31,5491.18,23,2025-12-23,2023-05-15,238.75,1,2.5,1,8.0,1,64.3
C001918,2023-12-03,Enterprise,APAC,Business,Organic,495,211.9,759,4.0,0,37.7,0.58,0,0,,2025-12-31,3164.93,14,2025-11-16,2024-01-25,226.07,0,0.0,0,45.0,1,59.7
C001919,2023-10-08,Enterprise,Europe,Starter,Paid Search,473,30.3,815,26.0,1,33.3,0.634,0,0,,2025-12-31,238.1,7,2025-08-24,2024-04-09,34.01,3,68.7,0,129.0,1,79.1
C001920,2024-01-28,SMB,LATAM,Starter,Referral,7,28.95,703,25.0,1,64.0,0.615,1,0,,2025-12-31,434.18,15,2025-10-19,2024-03-21,28.95,1,27.1,0,73.0,1,78.7
C001921,2023-07-17,Mid-Market,North America,Enterprise,Referral,41,5695.08,898,3.0,1,18.3,0.383,0,0,,2025-12-31,63064.55,12,2025-06-21,2023-09-09,5255.38,1,1.3,1,193.0,1,49.5
C001922,2024-02-07,Mid-Market,North America,Pro,Referral,48,67.93,693,9.0,1,14.2,0.275,0,0,,2025-12-31,1241.98,19,2025-08-20,2024-02-19,65.37,1,20.2,0,133.0,1,51.2
C001923,2025-03-26,SMB,Europe,Starter,Sales,18,31.16,280,20.0,2,8.5,0.318,0,0,,2025-12-31,352.96,11,2025-11-27,2025-04-10,32.09,3,25.4,0,34.0,1,60.2
C001924,2023-09-14,Mid-Market,North America,Enterprise,Sales,48,8270.67,839,27.0,1,-18.5,0.604,0,0,,2025-12-31,118011.73000000001,15,2025-12-26,2023-12-12,7867.45,2,15.5,0,5.0,1,73.9
C001925,2023-06-01,SMB,Europe,Starter,Paid Search,10,26.48,944,25.0,2,72.1,0.178,0,0,,2025-12-31,510.81,19,2025-11-05,2023-07-15,26.88,3,47.4,0,56.0,1,66.9
C001926,2022-07-08,Mid-Market,APAC,Starter,Organic,55,29.45,1272,7.0,0,12.5,0.563,0,0,,2025-12-31,1087.92,35,2025-12-22,2022-07-25,31.08,2,20.2,0,9.0,1,59.4
C001927,2023-05-30,Mid-Market,North America,Free,Referral,77,0.0,946,25.0,3,29.0,0.831,0,0,,2025-12-31,113.94,19,2025-08-30,2023-06-28,6.0,4,22.7,0,123.0,0,80.7
C001928,2022-06-29,Mid-Market,Europe,Free,Partner,19,0.0,1281,20.0,1,73.9,0.423,0,0,,2025-12-31,175.69,28,2025-12-02,2022-07-19,6.27,2,37.9,0,29.0,0,71.4
C001929,2022-09-18,Mid-Market,APAC,Starter,Paid Search,74,31.78,1200,12.0,5,31.5,0.379,1,1,2025-04-01,2025-12-31,1028.82,30,2025-01-27,2022-10-02,34.29,7,55.8,0,338.0,0,50.7
C001930,2025-09-23,Enterprise,APAC,Pro,Sales,148,77.62,99,10.0,1,47.9,0.285,0,0,,2025-12-31,172.73000000000002,2,2025-12-23,2025-10-19,86.36,1,25.5,0,8.0,1,55.8
C001931,2022-05-08,Mid-Market,Europe,Starter,Paid Search,25,30.65,1333,22.0,1,-0.5,0.603,1,0,,2025-12-31,623.88,20,2025-08-24,2022-05-20,31.19,1,27.5,0,129.0,1,69.2
C001932,2023-11-21,Startup,North America,Pro,Sales,3,75.71,771,23.0,0,70.0,0.521,0,0,,2025-12-31,1780.22,23,2025-12-15,2023-11-24,77.4,0,0.0,0,16.0,1,78.2
C001933,2025-04-08,Startup,Europe,Business,Partner,6,200.33,267,25.0,1,32.0,0.191,0,0,,2025-12-31,1626.86,8,2025-11-08,2025-05-19,203.36,2,33.0,0,53.0,1,64.8
C001934,2025-09-25,Mid-Market,Europe,Business,Organic,24,213.33,97,12.0,0,9.5,0.418,0,0,,2025-12-31,455.57,2,2025-12-22,2025-11-21,227.78,0,0.0,0,9.0,1,59.2
C001935,2022-07-29,SMB,APAC,Free,Referral,24,0.0,1251,7.0,1,9.5,0.437,0,0,,2025-12-31,84.21000000000001,21,2025-11-29,2022-09-08,4.01,2,11.4,0,32.0,0,53.8
C001936,2022-08-22,SMB,Europe,Business,Referral,5,170.24,1227,24.0,2,77.2,0.201,0,0,,2025-12-31,3162.85,19,2025-12-19,2022-09-09,166.47,2,31.6,1,12.0,1,67.2
C001937,2023-06-17,Startup,North America,Free,Partner,7,0.0,928,8.0,2,20.3,0.286,0,0,,2025-12-31,96.0,27,2025-11-23,2023-06-24,3.56,4,48.0,0,38.0,0,49.8
C001938,2024-03-03,Mid-Market,APAC,Pro,Partner,54,85.85,668,21.0,1,10.1,0.193,0,0,,2025-12-31,1281.29,15,2025-12-21,2024-03-14,85.42,1,34.6,0,10.0,1,59.0
C001939,2025-10-04,Mid-Market,Europe,Starter,Organic,29,30.11,88,14.0,0,24.2,0.164,1,1,2025-12-29,2025-12-31,35.62,1,2025-10-04,2025-10-04,35.62,0,0.0,0,88.0,0,52.8
C001940,2022-10-25,Mid-Market,North America,Pro,Organic,23,71.48,1163,16.0,1,36.1,0.491,0,0,,2025-12-31,1790.76,27,2025-12-27,2022-11-11,66.32,1,164.1,0,4.0,1,66.1
C001941,2022-08-24,Enterprise,Europe,Starter,Organic,108,29.04,1225,5.0,1,38.8,0.431,0,0,,2025-12-31,638.51,25,2025-10-10,2022-09-18,25.54,1,18.4,0,82.0,1,54.8
C001942,2022-12-29,Mid-Market,LATAM,Pro,Organic,63,76.77,1098,6.0,1,46.1,0.041,0,0,,2025-12-31,1803.31,24,2025-12-10,2023-02-16,75.14,2,22.4,0,21.0,1,44.7
C001943,2025-06-04,Startup,APAC,Free,Paid Search,4,0.0,210,18.0,2,40.9,0.472,0,0,,2025-12-31,23.11,6,2025-12-25,2025-06-10,3.85,2,12.2,0,6.0,0,66.3
C001944,2022-02-12,Startup,North America,Starter,Paid Search,3,30.67,1418,7.0,0,51.2,0.542,0,0,,2025-12-31,1018.79,32,2025-12-18,2022-04-27,31.84,2,29.2,0,13.0,1,62.6
C001945,2023-06-28,Enterprise,APAC,Pro,Organic,440,79.46,917,18.0,1,28.2,0.137,0,0,,2025-12-31,1762.65,22,2025-12-13,2023-11-03,80.12,1,0.0,0,18.0,1,56.5
C001946,2022-06-20,SMB,North America,Starter,Partner,3,28.11,1290,27.0,0,86.8,0.461,0,0,,2025-12-31,619.38,23,2025-12-05,2022-07-01,26.93,0,0.0,0,26.0,1,81.6
C001947,2022-08-13,Mid-Market,Europe,Pro,Organic,36,75.18,1236,2.0,2,22.8,0.92,1,0,,2025-12-31,1784.9,23,2025-12-14,2022-11-16,77.6,2,11.0,0,17.0,1,61.7
C001948,2025-08-04,SMB,Europe,Pro,Organic,10,70.34,149,25.0,1,68.8,0.737,0,0,,2025-12-31,209.88,3,2025-11-02,2025-08-24,69.96,3,16.1,0,59.0,1,84.8
C001949,2022-01-03,SMB,North America,Pro,Sales,11,83.81,1458,4.0,1,20.0,0.414,1,1,2023-12-30,2025-12-31,1608.36,19,2023-11-18,2022-01-24,84.65,1,3.8,1,774.0,0,49.5
C001950,2023-04-05,Enterprise,North America,Business,Sales,82,201.35,1001,3.0,1,-0.7,0.255,0,1,2024-03-11,2025-12-31,1212.4,6,2024-02-26,2023-05-01,202.07,1,5.9,0,674.0,0,43.8
C001951,2025-08-02,Startup,LATAM,Business,Referral,3,173.78,151,23.0,1,-6.7,0.39,0,1,2025-09-24,2025-12-31,190.77,1,2025-08-18,2025-08-18,190.77,2,4.5,0,135.0,0,65.1
C001952,2024-05-19,Startup,North America,Enterprise,Organic,4,621.8,591,5.0,2,42.6,0.17,0,0,,2025-12-31,6660.16,11,2025-11-19,2024-05-21,605.47,2,69.9,0,42.0,1,45.8
C001953,2022-04-13,SMB,APAC,Free,Referral,14,0.0,1358,18.0,0,64.0,0.742,0,0,,2025-12-31,234.39,34,2025-11-27,2022-04-20,6.89,0,0.0,0,34.0,0,79.7
C001954,2023-10-27,SMB,Europe,Pro,Organic,4,70.59,796,2.0,2,6.2,0.297,0,0,,2025-12-31,1111.17,15,2025-08-19,2024-01-10,74.08,4,26.4,0,134.0,1,43.3
C001955,2025-10-20,SMB,Europe,Business,Partner,10,215.55,72,2.0,0,13.1,0.517,0,0,,2025-12-31,146.0,1,2025-11-15,2025-11-15,146.0,1,22.1,0,46.0,1,53.6
C001956,2023-07-27,Mid-Market,North America,Starter,Sales,37,28.63,888,5.0,3,44.7,0.303,1,0,,2025-12-31,807.68,29,2025-11-15,2023-08-16,27.85,4,41.9,1,46.0,1,46.5
C001957,2024-01-26,Mid-Market,North America,Starter,Paid Search,66,25.25,705,14.0,1,34.9,0.549,0,0,,2025-12-31,312.7,13,2025-12-08,2024-02-12,24.05,1,19.4,0,23.0,1,66.0
C001958,2024-01-31,SMB,North America,Starter,Sales,12,32.83,700,8.0,1,20.4,0.634,2,0,,2025-12-31,785.5,23,2025-12-25,2024-03-26,34.15,2,37.5,0,6.0,1,57.7
C001959,2024-08-02,Enterprise,Europe,Pro,Referral,95,71.55,516,6.0,2,3.0,0.441,0,0,,2025-12-31,764.97,10,2025-10-02,2024-08-23,76.5,2,46.4,0,90.0,1,50.9
C001960,2022-09-25,Startup,LATAM,Starter,Paid Search,4,25.02,1193,23.0,1,42.7,0.543,0,0,,2025-12-31,790.36,31,2025-12-16,2022-11-29,25.5,1,1.6,0,15.0,1,74.6
C001961,2025-04-15,SMB,APAC,Pro,Organic,15,79.72,260,4.0,1,51.3,0.418,0,0,,2025-12-31,704.6700000000001,8,2025-11-05,2025-05-23,88.08,2,27.0,0,56.0,1,54.7
C001962,2025-11-14,SMB,North America,Pro,Referral,6,70.68,47,2.0,0,47.3,0.655,0,0,,2025-12-31,178.15,2,2025-11-19,2025-11-17,89.08,1,27.6,0,42.0,1,61.2
C001963,2022-07-23,Mid-Market,North America,Pro,Paid Search,34,68.31,1257,3.0,1,35.7,0.438,1,0,,2025-12-31,1076.63,15,2025-11-11,2022-08-11,71.78,2,24.5,0,50.0,1,50.9
C001964,2025-03-16,Startup,North America,Starter,Organic,1,30.5,290,24.0,1,8.6,0.286,0,0,,2025-12-31,170.25,6,2025-12-02,2025-03-27,28.38,1,29.6,0,29.0,1,64.4
C001965,2025-03-14,Mid-Market,LATAM,Business,Organic,16,175.6,292,13.0,2,42.9,0.334,0,0,,2025-12-31,853.62,6,2025-10-11,2025-04-23,142.27,2,98.2,0,81.0,1,57.9
C001966,2024-11-26,Mid-Market,North America,Pro,Sales,38,90.04,400,27.0,0,41.0,0.747,0,0,,2025-12-31,617.06,7,2025-12-29,2024-11-28,88.15,0,0.0,0,2.0,1,85.6
C001967,2023-06-15,Mid-Market,North America,Free,Organic,57,0.0,930,22.0,1,2.2,0.692,0,0,,2025-12-31,82.84,11,2025-09-11,2023-09-15,7.53,1,64.5,0,111.0,0,74.1
C001968,2023-11-02,SMB,Europe,Starter,Sales,21,32.23,790,7.0,1,27.4,0.496,0,0,,2025-12-31,306.92,10,2025-09-05,2024-02-05,30.69,2,22.4,0,117.0,1,57.4
C001969,2025-04-15,Startup,Europe,Starter,Partner,2,30.47,260,22.0,2,44.2,0.152,0,0,,2025-12-31,243.95,8,2025-12-26,2025-07-30,30.49,2,89.6,1,5.0,1,60.6
C001970,2022-08-07,Mid-Market,North America,Enterprise,Paid Search,76,12309.66,1242,12.0,0,33.0,0.409,1,0,,2025-12-31,225935.22,19,2025-10-08,2022-08-28,11891.33,0,0.0,0,84.0,1,59.3
C001971,2025-03-31,Startup,Europe,Starter,Paid Search,5,30.61,275,15.0,4,-14.0,0.351,0,0,,2025-12-31,239.11,7,2025-12-16,2025-04-02,34.16,4,34.8,0,15.0,1,51.5
C001972,2025-08-09,Mid-Market,North America,Free,Referral,30,0.0,144,14.0,1,19.0,0.384,0,0,,2025-12-31,0.0,0,,,0.0,1,30.7,0,,0,59.4
C001973,2024-09-02,SMB,North America,Free,Paid Search,8,0.0,485,21.0,2,17.3,0.33,1,1,2025-01-05,2025-12-31,0.0,2,2025-01-05,2024-10-11,0.0,2,34.6,0,360.0,0,60.4
C001974,2023-05-04,Enterprise,North America,Free,Organic,93,0.0,972,5.0,1,49.0,0.359,0,0,,2025-12-31,137.6,18,2025-12-01,2023-07-08,7.64,1,0.0,0,30.0,0,53.6
C001975,2024-03-10,SMB,North America,Starter,Organic,17,25.8,661,1.0,1,100.0,0.578,0,0,,2025-12-31,316.15,12,2025-09-14,2024-04-04,26.35,2,7.0,0,108.0,1,61.7
C001976,2022-03-13,SMB,LATAM,Business,Referral,11,209.62,1389,20.0,1,38.3,0.387,0,0,,2025-12-31,6333.54,33,2025-12-08,2022-04-04,191.93,1,0.0,0,23.0,1,66.8
C001977,2025-08-25,SMB,Europe,Pro,Partner,19,71.88,128,26.0,2,5.1,0.196,0,0,,2025-12-31,351.8,4,2025-11-28,2025-10-02,87.95,2,36.0,0,33.0,1,61.6
C001978,2023-05-05,Mid-Market,APAC,Business,Paid Search,25,227.65,971,16.0,1,31.0,0.743,0,0,,2025-12-31,7564.31,33,2025-12-13,2023-05-07,229.22,1,39.1,0,18.0,1,73.2
C001979,2022-03-23,Startup,North America,Free,Organic,7,0.0,1379,3.0,2,35.3,0.232,0,0,,2025-12-31,137.56,43,2025-12-25,2022-04-19,3.2,2,91.1,0,6.0,0,45.2
C001980,2025-02-10,Startup,APAC,Pro,Paid Search,7,82.83,324,3.0,3,53.9,0.296,1,0,,2025-12-31,355.84000000000003,4,2025-10-10,2025-04-24,88.96,3,69.9,0,82.0,1,45.4
C001981,2024-07-29,SMB,LATAM,Business,Referral,22,216.78,520,15.0,2,66.1,0.38,0,0,,2025-12-31,2284.69,11,2025-11-26,2024-08-20,207.7,3,122.4,0,35.0,1,63.4
C001982,2024-06-09,SMB,North America,Pro,Organic,3,73.88,570,25.0,0,69.8,0.313,0,0,,2025-12-31,737.19,10,2025-09-20,2024-08-09,73.72,1,46.0,0,102.0,1,73.7
C001983,2022-03-19,SMB,LATAM,Business,Sales,9,209.2,1383,17.0,1,48.4,0.393,1,0,,2025-12-31,7404.01,35,2025-12-03,2022-06-11,211.54,2,115.2,0,28.0,1,63.3
C001984,2024-12-09,Mid-Market,Europe,Starter,Referral,15,32.98,387,8.0,5,35.0,0.216,0,1,2025-11-20,2025-12-31,191.57,6,2025-11-13,2025-04-14,31.93,6,32.9,1,48.0,0,44.6
C001985,2024-06-30,Startup,APAC,Pro,Paid Search,3,89.75,549,17.0,3,72.1,0.173,0,0,,2025-12-31,1180.51,13,2025-12-15,2024-11-20,90.81,3,35.7,0,16.0,1,58.1
C001986,2025-02-08,Mid-Market,North America,Pro,Referral,65,70.66,326,4.0,0,26.3,0.095,0,0,,2025-12-31,310.7,4,2025-09-09,2025-04-08,77.68,3,43.7,0,113.0,1,44.1
C001987,2025-03-29,SMB,Europe,Starter,Partner,24,25.64,277,13.0,0,36.4,0.149,0,0,,2025-12-31,132.91,5,2025-10-16,2025-04-12,26.58,1,25.5,0,76.0,1,54.7
C001988,2022-10-31,Enterprise,Europe,Business,Partner,293,187.34,1157,27.0,5,28.9,0.216,1,0,,2025-12-31,5177.79,29,2025-09-25,2023-06-13,178.54,5,36.8,0,97.0,1,59.0
C001989,2022-10-29,Mid-Market,LATAM,Starter,Organic,19,25.16,1159,17.0,1,-18.3,0.323,0,0,,2025-12-31,588.46,22,2025-12-27,2022-11-01,26.75,1,49.1,0,4.0,1,56.5
C001990,2025-08-14,SMB,LATAM,Free,Sales,20,0.0,139,2.0,0,66.8,0.127,1,0,,2025-12-31,0.0,1,2025-10-17,2025-10-17,0.0,1,54.1,0,75.0,0,45.3
C001991,2024-01-30,SMB,North America,Business,Paid Search,19,192.07,701,5.0,2,51.9,0.62,2,0,,2025-12-31,4285.41,22,2025-12-22,2024-03-03,194.79,2,35.0,0,9.0,1,56.3
C001992,2023-09-19,Startup,LATAM,Pro,Referral,2,67.45,834,1.0,2,-24.3,0.522,2,1,2025-02-02,2025-12-31,543.54,8,2024-10-25,2023-10-09,67.94,2,0.6,0,432.0,0,42.1
C001993,2023-02-15,Startup,APAC,Business,Organic,3,173.32,1050,11.0,1,60.0,0.143,0,0,,2025-12-31,2948.69,17,2025-10-27,2023-06-17,173.45,2,34.6,0,65.0,1,53.6
C001994,2024-07-02,Enterprise,Europe,Business,Paid Search,464,226.76,547,6.0,1,27.4,0.387,0,1,2025-06-08,2025-12-31,1454.06,6,2025-05-22,2024-09-13,242.34,1,7.5,0,223.0,0,53.2
C001995,2024-12-14,Mid-Market,North America,Starter,Sales,58,30.91,382,27.0,1,59.7,0.412,1,0,,2025-12-31,129.87,4,2025-11-22,2025-04-05,32.47,2,37.2,0,39.0,1,73.9
C001996,2022-01-04,Mid-Market,North America,Pro,Paid Search,63,74.55,1457,8.0,2,36.9,0.394,0,0,,2025-12-31,2048.75,30,2025-12-02,2022-01-08,68.29,2,22.7,0,29.0,1,54.7
C001997,2024-03-01,SMB,North America,Enterprise,Organic,6,849.58,670,0.0,3,1.1,0.251,0,1,2025-02-01,2025-12-31,4082.77,5,2024-06-28,2024-04-04,816.55,3,27.3,0,551.0,0,38.1
C001998,2025-11-21,SMB,North America,Starter,Referral,23,28.82,40,12.0,0,35.7,0.718,0,0,,2025-12-31,24.59,1,2025-12-27,2025-12-27,24.59,0,0.0,0,4.0,1,70.8
C001999,2023-02-06,Startup,LATAM,Pro,Organic,6,81.3,1059,20.0,2,12.5,0.461,0,0,,2025-12-31,1937.88,23,2025-08-30,2023-03-09,84.26,3,59.1,0,123.0,1,64.9
C002000,2023-02-06,SMB,North America,Enterprise,Referral,16,2383.22,1059,19.0,2,4.4,0.129,0,0,,2025-12-31,52035.92,23,2025-12-24,2023-05-14,2262.43,3,35.7,0,7.0,1,53.3
C002001,2025-06-09,Enterprise,APAC,Free,Sales,491,0.0,205,27.0,2,56.7,0.307,1,0,,2025-12-31,6.08,4,2025-10-03,2025-06-18,1.52,2,84.8,0,89.0,0,69.0
C002002,2022-03-30,SMB,Europe,Enterprise,Organic,18,2835.67,1372,10.0,0,44.8,0.852,1,0,,2025-12-31,87488.29000000001,32,2025-10-08,2022-04-10,2734.01,1,15.2,0,84.0,1,72.0
C002003,2023-07-23,SMB,Europe,Pro,Partner,14,82.24,892,14.0,0,72.4,0.619,0,0,,2025-12-31,2112.46,27,2025-10-23,2023-09-18,78.24,1,4.2,1,69.0,1,73.3
C002004,2023-10-18,SMB,North America,Business,Sales,11,194.18,805,15.0,1,25.1,0.517,1,0,,2025-12-31,3180.9900000000002,15,2025-11-28,2023-12-12,212.07,1,53.5,0,33.0,1,62.9
C002005,2025-02-14,Mid-Market,Europe,Pro,Sales,22,79.06,320,0.0,0,10.9,0.021,0,0,,2025-12-31,571.05,8,2025-11-17,2025-03-11,71.38,0,0.0,0,44.0,1,36.7
C002006,2022-07-04,Mid-Market,Europe,Pro,Paid Search,33,70.05,1276,0.0,0,51.0,0.657,0,0,,2025-12-31,1716.37,25,2025-10-17,2022-10-06,68.65,0,0.0,0,75.0,1,59.8
C002007,2023-09-13,SMB,Europe,Business,Partner,11,181.91,840,22.0,2,14.2,0.14,0,0,,2025-12-31,4653.81,26,2025-12-12,2023-09-19,178.99,2,67.0,0,19.0,1,57.3
C002008,2022-08-06,Mid-Market,North America,Free,Partner,56,0.0,1243,10.0,4,27.2,0.277,0,0,,2025-12-31,144.51,22,2025-11-08,2022-08-11,6.57,4,40.6,1,53.0,0,49.0
C002009,2025-01-31,SMB,APAC,Pro,Organic,3,79.71,334,19.0,1,48.1,0.707,1,0,,2025-12-31,817.27,11,2025-10-31,2025-03-15,74.3,2,29.8,0,61.0,1,74.5
C002010,2024-06-23,Mid-Market,North America,Enterprise,Partner,19,3285.25,556,26.0,2,31.9,0.602,1,0,,2025-12-31,32785.83,9,2025-12-22,2024-09-20,3642.87,3,14.0,0,9.0,1,74.5
C002011,2023-12-12,SMB,Europe,Enterprise,Paid Search,13,1879.48,750,6.0,0,22.8,0.277,0,0,,2025-12-31,29474.15,16,2025-12-02,2024-01-10,1842.13,2,37.8,0,29.0,1,50.9
C002012,2023-07-16,SMB,Europe,Enterprise,Paid Search,5,846.21,899,21.0,3,-0.1,0.265,1,1,2025-02-14,2025-12-31,16785.63,19,2024-12-21,2023-07-27,883.45,3,17.5,0,375.0,0,55.2
C002013,2022-08-08,Startup,North America,Pro,Paid Search,4,77.96,1241,5.0,1,58.4,0.275,0,0,,2025-12-31,1572.13,20,2025-11-07,2022-09-09,78.61,1,42.0,0,54.0,1,52.1
C002014,2025-08-11,Mid-Market,APAC,Pro,Referral,27,67.85,142,20.0,3,25.8,0.539,0,0,,2025-12-31,159.82999999999998,3,2025-10-10,2025-08-24,53.28,3,31.7,1,82.0,1,67.1
C002015,2024-07-15,Enterprise,North America,Pro,Organic,237,68.37,534,4.0,1,50.5,0.497,0,0,,2025-12-31,909.27,14,2025-12-25,2024-08-03,64.95,1,13.1,0,6.0,1,57.0
C002016,2023-04-02,Mid-Market,LATAM,Pro,Organic,66,79.48,1004,8.0,0,47.1,0.105,1,0,,2025-12-31,1422.69,17,2025-07-15,2023-04-09,83.69,0,0.0,0,169.0,1,48.0
C002017,2023-08-15,SMB,APAC,Pro,Organic,6,83.15,869,13.0,2,62.3,0.604,1,0,,2025-12-31,1393.8899999999999,18,2025-12-15,2023-10-23,77.44,2,29.9,0,16.0,1,66.0
C002018,2024-11-04,Mid-Market,North America,Free,Organic,63,0.0,422,13.0,1,29.1,0.479,0,0,,2025-12-31,28.869999999999997,10,2025-11-30,2024-11-08,2.89,1,0.0,1,31.0,0,62.4
C002019,2024-10-25,SMB,North America,Free,Sales,5,0.0,432,0.0,0,26.3,0.794,0,0,,2025-12-31,23.63,11,2025-09-01,2024-12-03,2.15,0,0.0,0,121.0,0,61.4
C002020,2023-10-22,Mid-Market,North America,Pro,Paid Search,53,86.52,801,23.0,1,7.3,0.33,1,0,,2025-12-31,1581.58,18,2025-12-28,2023-12-06,87.87,2,2.5,1,3.0,1,62.7
C002021,2023-03-10,Enterprise,LATAM,Starter,Organic,437,26.18,1027,0.0,5,21.4,0.52,0,0,,2025-12-31,601.69,21,2025-10-29,2023-03-26,28.65,5,19.0,2,63.0,1,45.2
C002022,2024-08-01,SMB,Europe,Starter,Sales,14,30.31,517,24.0,2,43.5,0.706,0,0,,2025-12-31,323.7,10,2025-10-11,2024-09-26,32.37,3,68.5,0,81.0,1,79.0
C002023,2024-07-30,SMB,North America,Starter,Organic,3,26.13,519,5.0,1,14.6,0.32,1,1,2025-06-12,2025-12-31,192.48,7,2025-05-14,2024-08-29,27.5,1,11.8,0,231.0,0,47.0
C002024,2024-05-07,Startup,Europe,Business,Paid Search,4,206.53,603,19.0,3,42.9,0.64,2,0,,2025-12-31,2972.2599999999998,14,2025-12-19,2024-08-16,212.3,6,41.4,1,12.0,1,67.0
C002025,2022-04-15,SMB,North America,Enterprise,Referral,18,2680.24,1356,19.0,0,71.7,0.572,0,0,,2025-12-31,57863.67,21,2025-03-15,2022-05-22,2755.41,0,0.0,0,291.0,1,76.3
C002026,2023-11-08,SMB,Europe,Pro,Referral,4,76.12,784,12.0,1,23.9,0.456,0,0,,2025-12-31,825.41,11,2025-11-30,2023-11-09,75.04,4,26.8,1,31.0,1,60.3
C002027,2024-05-27,SMB,Europe,Enterprise,Organic,22,3670.17,583,15.0,2,2.1,0.509,0,0,,2025-12-31,41057.08,10,2025-11-12,2024-08-06,4105.71,4,43.1,0,49.0,1,60.9
C002028,2025-09-20,SMB,North America,Business,Referral,3,200.82,102,2.0,1,24.7,0.458,0,0,,2025-12-31,837.6800000000001,4,2025-11-26,2025-09-23,209.42,1,60.6,0,35.0,1,51.5
C002029,2024-01-22,Mid-Market,APAC,Starter,Partner,53,25.42,709,25.0,0,-0.6,0.243,0,0,,2025-12-31,361.72,15,2025-11-11,2024-03-13,24.11,0,0.0,0,50.0,1,64.6
C002030,2023-05-06,SMB,North America,Starter,Partner,18,30.02,970,3.0,1,68.4,0.288,0,0,,2025-12-31,679.99,23,2025-11-06,2023-05-14,29.56,4,11.0,1,55.0,1,51.7
C002031,2024-03-05,SMB,Europe,Starter,Organic,21,29.54,666,18.0,1,37.1,0.542,0,0,,2025-12-31,455.08,16,2025-12-10,2024-04-01,28.44,1,39.6,0,21.0,1,69.5
C002032,2022-09-11,Mid-Market,Europe,Free,Referral,45,0.0,1207,0.0,1,16.8,0.374,2,1,2024-08-20,2025-12-31,181.41,18,2024-07-04,2022-09-12,10.08,1,21.9,0,545.0,0,42.4
C002033,2022-05-10,SMB,LATAM,Pro,Partner,4,87.35,1331,20.0,1,21.0,0.117,2,0,,2025-12-31,1912.3600000000001,23,2025-07-25,2022-10-04,83.15,1,41.8,0,159.0,1,53.0
C002034,2024-08-27,SMB,Europe,Starter,Referral,15,26.36,491,10.0,1,5.4,0.293,0,0,,2025-12-31,411.38,15,2025-10-26,2024-09-02,27.43,1,0.0,0,66.0,1,51.8
C002035,2025-11-11,SMB,LATAM,Enterprise,Sales,23,3867.12,50,13.0,2,60.3,0.168,0,0,,2025-12-31,7572.84,2,2025-12-09,2025-12-01,3786.42,2,105.5,0,22.0,1,54.7
C002036,2025-04-24,Enterprise,North America,Pro,Referral,393,75.52,251,0.0,0,80.9,0.55,1,0,,2025-12-31,561.09,8,2025-12-05,2025-04-24,70.14,2,1.3,0,26.0,1,57.6
C002037,2024-04-14,SMB,APAC,Starter,Referral,17,26.7,626,6.0,4,-2.4,0.069,0,1,2025-05-17,2025-12-31,394.66,14,2025-02-16,2024-05-22,28.19,4,28.6,0,318.0,0,36.2
C002038,2022-02-27,Startup,North America,Enterprise,Organic,3,510.05,1403,12.0,2,61.1,0.278,0,0,,2025-12-31,16019.02,31,2025-11-20,2022-10-12,516.74,2,80.2,0,41.0,1,57.2
C002039,2025-11-13,Mid-Market,APAC,Enterprise,Organic,59,9467.62,48,20.0,2,28.9,0.569,0,0,,2025-12-31,13155.84,1,2025-12-05,2025-12-05,13155.84,3,22.9,0,26.0,1,69.8
C002040,2023-10-05,Mid-Market,North America,Business,Partner,69,222.52,818,16.0,1,66.7,0.414,0,0,,2025-12-31,4897.88,21,2025-11-14,2023-12-02,233.23,1,22.0,0,47.0,1,66.9
C002041,2023-02-19,Enterprise,LATAM,Business,Organic,413,183.51,1046,7.0,1,-10.8,0.685,0,0,,2025-12-31,3695.03,20,2025-12-17,2023-02-24,184.75,1,141.4,0,14.0,1,59.2
C002042,2025-06-30,Enterprise,LATAM,Enterprise,Referral,316,45551.95,184,16.0,1,40.6,0.376,0,0,,2025-12-31,158931.21000000002,4,2025-11-25,2025-09-14,39732.8,2,7.2,0,36.0,1,63.1
C002043,2024-12-03,Startup,Europe,Pro,Referral,6,79.09,393,6.0,1,24.8,0.375,0,0,,2025-12-31,461.49,6,2025-10-05,2025-01-17,76.92,3,78.1,0,87.0,1,52.6
C002044,2024-12-07,SMB,Europe,Business,Partner,17,216.18,389,15.0,0,51.5,0.251,1,0,,2025-12-31,1205.06,5,2025-12-21,2024-12-29,241.01,2,22.6,0,10.0,1,59.1
C002045,2023-02-02,Mid-Market,Europe,Free,Organic,27,0.0,1063,15.0,1,36.5,0.035,1,0,,2025-12-31,153.51,20,2025-12-02,2023-02-11,7.68,1,9.2,0,29.0,0,49.6
C002046,2025-11-19,Mid-Market,North America,Pro,Referral,19,77.27,42,6.0,0,35.6,0.148,0,0,,2025-12-31,201.29000000000002,2,2025-12-27,2025-12-15,100.65,1,57.6,0,4.0,1,48.4
C002047,2023-10-10,Startup,Europe,Pro,Partner,3,82.43,813,5.0,4,32.4,0.231,0,0,,2025-12-31,987.4,12,2025-12-01,2023-11-04,82.28,4,56.6,0,30.0,1,43.6
C002048,2024-01-30,Mid-Market,APAC,Free,Paid Search,62,0.0,701,14.0,1,74.1,0.256,1,0,,2025-12-31,64.75,17,2025-11-15,2024-03-25,3.81,1,43.2,0,46.0,0,59.1
C002049,2024-12-09,SMB,Europe,Free,Partner,4,0.0,387,16.0,2,30.6,0.393,0,0,,2025-12-31,96.43,9,2025-11-10,2025-01-01,10.71,2,31.2,0,51.0,0,61.1
C002050,2024-08-01,Mid-Market,North America,Free,Organic,28,0.0,517,27.0,0,56.6,0.79,0,0,,2025-12-31,70.07,11,2025-11-20,2024-08-02,6.37,1,6.6,0,41.0,0,88.5
C002051,2022-09-04,Enterprise,LATAM,Starter,Referral,314,33.19,1214,13.0,2,50.7,0.119,0,0,,2025-12-31,892.39,26,2025-12-23,2022-11-03,34.32,2,26.6,0,8.0,1,52.2
C002052,2023-03-09,SMB,North America,Free,Organic,20,0.0,1028,12.0,1,57.2,0.416,0,0,,2025-12-31,27.580000000000002,14,2025-12-05,2023-04-11,1.97,2,14.4,0,26.0,0,62.4
C002053,2023-06-01,Enterprise,Europe,Starter,Partner,284,29.89,944,13.0,2,9.6,0.451,0,0,,2025-12-31,644.62,24,2025-12-15,2023-08-13,26.86,3,35.5,0,16.0,1,58.1
C002054,2025-09-16,SMB,North America,Business,Organic,18,205.07,106,24.0,2,52.7,0.713,0,0,,2025-12-31,278.98,1,2025-11-29,2025-11-29,278.98,4,34.4,0,32.0,1,80.1
C002055,2024-10-18,Mid-Market,North America,Pro,Organic,22,72.59,439,8.0,0,43.4,0.253,1,0,,2025-12-31,455.76,6,2025-12-22,2025-01-05,75.96,0,0.0,0,9.0,1,52.1
C002056,2023-06-08,SMB,North America,Pro,Organic,8,89.95,937,10.0,4,5.3,0.732,0,1,2024-07-25,2025-12-31,681.71,8,2024-03-10,2023-06-23,85.21,4,47.5,1,661.0,0,60.4
C002057,2024-11-16,SMB,North America,Free,Organic,12,0.0,410,10.0,1,29.7,0.168,1,1,2025-10-16,2025-12-31,39.57,7,2025-09-30,2025-02-12,5.65,1,24.6,0,92.0,0,48.4
C002058,2024-11-22,SMB,Europe,Business,Sales,19,182.49,404,17.0,0,92.4,0.294,0,0,,2025-12-31,2315.65,13,2025-12-15,2024-11-27,178.13,2,23.8,1,16.0,1,68.2
C002059,2023-07-18,Enterprise,Europe,Free,Referral,256,0.0,897,19.0,5,25.2,0.452,0,1,2024-03-05,2025-12-31,0.0,2,2023-11-03,2023-09-07,0.0,6,36.3,0,789.0,0,60.5
C002060,2023-07-31,SMB,Europe,Starter,Organic,15,26.61,884,13.0,1,25.8,0.669,0,0,,2025-12-31,469.11,19,2025-12-24,2023-10-25,24.69,1,23.9,0,7.0,1,67.8
C002061,2025-07-02,Startup,Europe,Pro,Organic,5,73.14,182,7.0,4,46.3,0.19,0,0,,2025-12-31,196.53,2,2025-12-03,2025-07-20,98.26,4,87.6,0,28.0,1,45.6
C002062,2024-03-14,Mid-Market,North America,Enterprise,Referral,75,10234.7,657,19.0,1,21.5,0.656,0,0,,2025-12-31,178920.68,19,2025-11-22,2024-05-02,9416.88,2,26.2,0,39.0,1,72.3
C002063,2022-08-02,Mid-Market,North America,Enterprise,Organic,26,3671.85,1247,7.0,1,38.5,0.602,0,0,,2025-12-31,68428.29,20,2025-11-05,2022-08-02,3421.41,2,14.6,0,56.0,1,61.7
C002064,2024-10-26,Startup,Europe,Business,Paid Search,2,173.88,431,25.0,2,23.8,0.336,0,0,,2025-12-31,1515.3,9,2025-11-05,2024-10-30,168.37,2,26.1,0,56.0,1,66.8
C002065,2024-04-23,Mid-Market,Europe,Pro,Organic,19,89.28,617,17.0,1,45.1,0.539,0,0,,2025-12-31,982.39,12,2025-12-18,2024-06-20,81.87,1,53.6,0,13.0,1,69.4
C002066,2023-12-29,SMB,Europe,Pro,Partner,5,87.45,733,12.0,3,33.5,0.577,1,0,,2025-12-31,1004.49,11,2025-11-06,2024-03-02,91.32,3,2.5,0,55.0,1,59.9
C002067,2024-11-02,SMB,North America,Pro,Sales,20,83.29,424,6.0,1,83.8,0.671,1,1,2025-09-05,2025-12-31,833.8100000000001,10,2025-07-13,2024-11-22,83.38,1,0.0,0,171.0,0,65.4
C002068,2025-07-21,Enterprise,APAC,Free,Organic,379,0.0,163,21.0,0,36.2,0.203,1,1,2025-09-15,2025-12-31,0.0,1,2025-09-08,2025-09-08,0.0,1,0.0,0,114.0,0,61.5
C002069,2023-04-18,SMB,North America,Starter,Sales,20,31.19,988,17.0,0,29.4,0.401,0,0,,2025-12-31,617.34,19,2025-11-04,2023-04-20,32.49,0,0.0,0,57.0,1,65.1
C002070,2023-08-23,SMB,Europe,Enterprise,Referral,20,3179.86,861,24.0,1,60.7,0.349,1,0,,2025-12-31,78185.86,24,2025-10-19,2023-09-22,3257.74,2,98.9,0,73.0,1,69.5
C002071,2022-09-28,Mid-Market,North America,Enterprise,Sales,59,10732.52,1190,19.0,1,0.2,0.132,0,0,,2025-12-31,213139.56,20,2025-11-09,2022-12-19,10656.98,1,1.2,0,52.0,1,54.4
C002072,2024-07-14,Startup,Europe,Starter,Referral,7,24.94,535,22.0,0,77.3,0.522,0,0,,2025-12-31,274.92,11,2025-12-22,2024-10-29,24.99,0,0.0,0,9.0,1,78.0
C002073,2023-07-30,Mid-Market,Europe,Starter,Referral,76,24.71,885,2.0,1,10.3,0.504,0,1,2025-02-09,2025-12-31,257.69,10,2025-02-09,2023-09-03,25.77,2,8.2,1,325.0,0,51.4
C002074,2023-05-05,Mid-Market,APAC,Starter,Partner,16,27.96,971,0.0,0,64.8,0.519,0,0,,2025-12-31,811.1,26,2025-12-23,2023-06-15,31.2,1,118.9,0,8.0,1,57.0
C002075,2024-09-23,Startup,North America,Pro,Referral,5,87.09,464,18.0,0,71.4,0.74,1,0,,2025-12-31,714.38,7,2025-06-10,2024-10-17,102.05,0,0.0,0,204.0,1,78.4
C002076,2023-08-07,Mid-Market,Europe,Starter,Organic,72,30.58,877,0.0,1,21.9,0.746,1,1,2025-04-30,2025-12-31,258.44,10,2025-04-02,2024-01-10,25.84,2,118.3,0,273.0,0,56.1
C002077,2023-10-27,Startup,North America,Pro,Referral,3,74.83,796,24.0,2,24.3,0.031,1,0,,2025-12-31,1199.77,17,2025-12-13,2024-01-13,70.57,3,30.8,0,18.0,1,54.8
C002078,2023-09-22,Enterprise,APAC,Free,Partner,118,0.0,831,24.0,0,32.3,0.474,0,0,,2025-12-31,31.74,16,2025-12-20,2023-10-03,1.98,1,7.6,0,11.0,0,73.9
C002079,2023-01-05,SMB,North America,Free,Organic,18,0.0,1091,16.0,1,50.5,0.365,1,1,2024-11-18,2025-12-31,59.76,15,2024-11-11,2023-04-07,3.98,1,56.7,0,415.0,0,61.8
C002080,2022-06-29,Enterprise,North America,Starter,Organic,367,29.53,1281,20.0,0,10.0,0.443,0,0,,2025-12-31,1030.41,33,2025-12-31,2022-07-22,31.22,1,36.8,0,0.0,1,67.1
C002081,2025-03-28,SMB,APAC,Business,Organic,10,171.02,278,11.0,0,32.3,0.204,0,0,,2025-12-31,1540.48,9,2025-12-28,2025-05-13,171.16,0,0.0,0,3.0,1,54.2
C002082,2022-05-12,SMB,North America,Starter,Paid Search,20,31.87,1329,26.0,2,27.2,0.49,1,0,,2025-12-31,872.48,28,2025-11-22,2022-06-20,31.16,2,43.8,0,39.0,1,70.6
C002083,2023-04-10,Startup,North America,Pro,Organic,7,85.09,996,1.0,0,6.2,0.694,0,1,2025-12-12,2025-12-31,1799.16,21,2025-11-14,2023-05-21,85.67,0,0.0,0,47.0,0,57.3
C002084,2024-08-12,Startup,APAC,Pro,Organic,7,78.91,506,8.0,1,8.9,0.355,0,1,2025-12-08,2025-12-31,608.9200000000001,9,2025-10-13,2024-08-31,67.66,1,114.3,0,79.0,0,52.2
C002085,2022-07-07,SMB,APAC,Business,Organic,12,179.47,1273,19.0,2,38.2,0.473,1,0,,2025-12-31,3379.32,18,2025-12-06,2022-11-21,187.74,4,49.0,1,25.0,1,65.0
C002086,2024-07-26,SMB,APAC,Starter,Partner,8,29.28,523,22.0,1,37.8,0.271,0,0,,2025-12-31,228.07,8,2025-12-30,2024-11-05,28.51,1,19.0,0,1.0,1,65.1
C002087,2024-11-14,SMB,North America,Business,Organic,10,206.76,412,6.0,2,15.9,0.226,1,0,,2025-12-31,1158.44,6,2025-12-17,2024-12-14,193.07,2,98.7,0,14.0,1,43.7
C002088,2024-08-05,Startup,Europe,Starter,Organic,3,32.58,513,22.0,1,37.0,0.281,1,1,2025-12-14,2025-12-31,309.41999999999996,9,2025-12-03,2024-08-11,34.38,2,34.8,0,28.0,0,63.3
C002089,2023-03-13,SMB,APAC,Pro,Paid Search,17,72.73,1024,12.0,1,18.8,0.3,0,0,,2025-12-31,2321.13,31,2025-12-06,2023-03-24,74.88,2,28.8,0,25.0,1,55.1
C002090,2022-01-29,Startup,North America,Pro,Paid Search,6,85.7,1432,24.0,1,67.7,0.372,0,0,,2025-12-31,2734.1,32,2025-12-29,2022-02-11,85.44,2,12.8,0,2.0,1,72.9
C002091,2025-06-22,Mid-Market,APAC,Enterprise,Organic,64,10237.83,192,7.0,1,32.4,0.63,1,0,,2025-12-31,65714.99,7,2025-12-29,2025-07-29,9387.86,1,1.9,1,2.0,1,59.9
C002092,2023-04-12,SMB,North America,Enterprise,Sales,8,1107.21,994,19.0,3,62.4,0.596,0,0,,2025-12-31,28132.58,25,2025-12-21,2023-05-12,1125.3,4,7.1,1,10.0,1,71.6
C002093,2025-02-25,SMB,LATAM,Business,Paid Search,20,216.97,309,5.0,0,-7.3,0.598,1,1,2025-07-21,2025-12-31,460.95,2,2025-04-10,2025-03-25,230.48,0,0.0,0,265.0,0,54.7
C002094,2022-10-10,Mid-Market,Europe,Enterprise,Organic,28,4580.0,1178,3.0,4,43.1,0.212,1,0,,2025-12-31,140212.94,31,2025-12-16,2022-11-10,4523.0,5,20.6,0,15.0,1,40.3
C002095,2022-08-21,Mid-Market,Europe,Free,Partner,28,0.0,1228,19.0,3,49.9,0.461,1,0,,2025-12-31,81.66999999999999,19,2025-11-17,2022-10-23,4.3,3,67.9,0,44.0,0,64.3
C002096,2025-01-17,Startup,Europe,Pro,Referral,1,83.32,348,19.0,1,31.6,0.325,0,0,,2025-12-31,200.32,2,2025-11-11,2025-11-08,100.16,2,10.4,0,50.0,1,63.4
C002097,2025-09-05,SMB,North America,Starter,Paid Search,7,29.5,117,8.0,0,21.5,0.366,0,0,,2025-12-31,82.03999999999999,3,2025-12-29,2025-09-17,27.35,0,0.0,0,2.0,1,55.3
C002098,2025-05-15,Mid-Market,North America,Starter,Organic,32,28.15,230,16.0,1,31.2,0.526,0,1,2025-12-31,2025-12-31,76.76,3,2025-12-30,2025-07-05,25.59,1,27.7,0,1.0,0,66.7
C002099,2024-12-10,Mid-Market,APAC,Pro,Partner,55,69.3,386,26.0,0,53.6,0.511,0,0,,2025-12-31,891.2,13,2025-11-09,2024-12-10,68.55,0,0.0,0,52.0,1,78.9
C002100,2022-12-19,Mid-Market,Europe,Business,Paid Search,60,222.32,1108,9.0,4,4.7,0.613,0,0,,2025-12-31,4127.29,19,2025-11-08,2022-12-27,217.23,5,52.2,1,53.0,1,55.9
C002101,2025-07-29,SMB,Europe,Pro,Paid Search,14,89.19,155,14.0,3,52.5,0.269,0,1,2025-09-27,2025-12-31,105.4,1,2025-08-25,2025-08-25,105.4,3,8.9,0,128.0,0,56.3
C002102,2024-08-13,Startup,North America,Business,Sales,1,225.05,505,5.0,3,43.0,0.345,0,0,,2025-12-31,2925.39,13,2025-10-30,2024-10-27,225.03,3,41.7,0,62.0,1,49.6
C002103,2022-09-04,Startup,APAC,Pro,Sales,2,82.13,1214,14.0,2,28.5,0.304,0,0,,2025-12-31,1360.15,16,2025-09-08,2023-02-26,85.01,3,57.5,0,114.0,1,56.5
C002104,2022-07-04,SMB,North America,Enterprise,Partner,20,2777.2,1276,24.0,0,29.5,0.341,2,0,,2025-12-31,56180.66,19,2025-11-03,2022-08-01,2956.88,1,6.7,0,58.0,1,65.6
C002105,2025-05-30,SMB,North America,Business,Organic,8,207.2,215,17.0,0,36.5,0.62,1,0,,2025-12-31,1122.46,5,2025-11-20,2025-06-27,224.49,3,57.0,0,41.0,1,70.4
C002106,2023-01-29,Mid-Market,LATAM,Business,Partner,31,218.95,1067,3.0,1,76.5,0.481,0,0,,2025-12-31,5483.51,23,2025-12-23,2023-04-01,238.41,1,166.4,0,8.0,1,58.3
C002107,2024-12-31,Startup,Europe,Starter,Sales,7,33.29,365,20.0,1,43.7,0.187,1,0,,2025-12-31,274.14,8,2025-12-27,2025-02-03,34.27,2,0.0,0,4.0,1,59.3
C002108,2022-07-18,Mid-Market,Europe,Pro,Sales,67,80.46,1262,11.0,0,11.4,0.371,0,0,,2025-12-31,2114.63,25,2025-12-10,2022-09-04,84.59,0,0.0,0,21.0,1,57.1
C002109,2023-02-06,Enterprise,LATAM,Business,Organic,301,190.41,1059,0.0,3,24.1,0.361,1,0,,2025-12-31,2390.92,13,2025-09-18,2023-04-06,183.92,3,36.4,0,104.0,1,41.7
C002110,2023-02-10,Startup,North America,Enterprise,Organic,2,314.87,1055,17.0,0,6.4,0.76,0,0,,2025-12-31,3892.21,13,2025-12-01,2023-02-27,299.4,1,36.9,0,30.0,1,73.6
C002111,2023-02-06,Startup,LATAM,Free,Organic,5,0.0,1059,8.0,0,-12.2,0.363,0,0,,2025-12-31,114.37,20,2025-11-02,2023-03-05,5.72,1,149.0,0,59.0,0,51.8
C002112,2024-08-22,Mid-Market,APAC,Starter,Referral,30,31.83,496,27.0,0,5.9,0.695,2,0,,2025-12-31,229.04,8,2025-12-24,2024-12-11,28.63,0,0.0,0,7.0,1,76.5
C002113,2025-07-31,SMB,Europe,Starter,Paid Search,18,32.87,153,27.0,0,38.0,0.27,0,0,,2025-12-31,129.51999999999998,4,2025-12-16,2025-10-02,32.38,1,4.6,0,15.0,1,71.0
C002114,2025-07-25,SMB,North America,Starter,Paid Search,20,26.6,159,18.0,1,66.8,0.633,0,0,,2025-12-31,89.36,3,2025-09-28,2025-08-27,29.79,1,24.5,0,94.0,1,75.2
C002115,2024-11-26,Mid-Market,North America,Business,Paid Search,60,184.05,400,17.0,2,59.9,0.501,0,0,,2025-12-31,1462.01,8,2025-11-15,2025-01-07,182.75,3,48.6,0,46.0,1,68.2
C002116,2022-10-17,Mid-Market,Europe,Free,Organic,50,0.0,1171,8.0,2,6.1,0.128,1,0,,2025-12-31,177.08,26,2025-12-25,2022-11-28,6.81,2,32.8,0,6.0,0,41.6
C002117,2025-10-05,Mid-Market,North America,Starter,Sales,22,28.66,87,1.0,2,15.1,0.454,1,1,2025-11-19,2025-12-31,34.46,1,2025-10-25,2025-10-25,34.46,2,13.7,0,67.0,0,46.0
C002118,2024-02-15,SMB,North America,Pro,Paid Search,24,73.67,685,1.0,2,11.5,0.398,0,1,2025-01-12,2025-12-31,362.45,5,2025-01-04,2024-05-08,72.49,2,44.2,0,361.0,0,46.0
C002119,2024-02-20,SMB,Europe,Starter,Organic,7,25.7,680,12.0,4,-29.5,0.473,0,0,,2025-12-31,319.13,12,2025-12-24,2024-02-22,26.59,5,46.5,0,7.0,1,51.0
C002120,2024-09-29,SMB,APAC,Free,Referral,7,0.0,458,8.0,1,30.8,0.435,1,1,2025-03-31,2025-12-31,30.37,7,2025-03-31,2024-10-11,4.34,1,0.0,0,275.0,0,54.8
C002121,2025-01-04,Mid-Market,North America,Pro,Partner,24,75.03,361,26.0,0,55.1,0.162,1,0,,2025-12-31,629.3199999999999,8,2025-12-28,2025-04-26,78.66,1,28.5,0,3.0,1,66.6
C002122,2025-09-24,Startup,APAC,Pro,Referral,5,67.84,98,8.0,1,28.7,0.257,1,0,,2025-12-31,286.25,4,2025-12-24,2025-11-08,71.56,1,44.2,0,7.0,1,49.2
C002123,2024-04-12,SMB,LATAM,Enterprise,Referral,5,911.99,628,6.0,3,3.3,0.665,1,1,2025-09-22,2025-12-31,13038.859999999999,14,2025-07-19,2024-04-12,931.35,3,29.0,0,165.0,0,54.1
C002124,2024-05-22,Startup,APAC,Business,Organic,2,201.79,588,22.0,1,13.9,0.224,1,0,,2025-12-31,969.36,5,2025-08-16,2024-07-14,193.87,3,57.8,0,137.0,1,59.3
C002125,2024-12-02,Enterprise,APAC,Enterprise,Organic,366,64160.51,394,23.0,1,26.8,0.886,0,0,,2025-12-31,413237.66000000003,7,2025-11-10,2024-12-07,59033.95,2,67.4,0,51.0,1,83.3
C002126,2022-12-31,SMB,APAC,Starter,Organic,24,28.48,1096,10.0,2,54.3,0.555,0,0,,2025-12-31,689.68,24,2025-12-25,2023-01-15,28.74,3,97.7,0,6.0,1,63.0
C002127,2023-03-17,Startup,North America,Business,Referral,3,226.33,1020,2.0,1,30.4,0.618,0,0,,2025-12-31,2574.34,12,2025-07-24,2023-04-08,214.53,1,7.1,0,160.0,1,56.9
C002128,2024-06-13,Mid-Market,North America,Pro,Sales,38,77.19,566,2.0,2,50.9,0.485,0,0,,2025-12-31,720.61,9,2025-12-28,2024-10-31,80.07,3,24.0,0,3.0,1,53.4
C002129,2022-04-02,Mid-Market,LATAM,Pro,Paid Search,71,76.59,1369,14.0,0,33.0,0.605,1,0,,2025-12-31,1926.83,26,2025-12-15,2022-04-04,74.11,2,37.7,0,16.0,1,67.0
C002130,2023-04-04,Mid-Market,Europe,Pro,Referral,50,84.39,1002,24.0,1,40.9,0.494,0,0,,2025-12-31,1960.24,25,2025-12-11,2023-04-20,78.41,1,31.2,0,20.0,1,73.8
C002131,2024-10-23,Mid-Market,APAC,Starter,Referral,64,29.54,434,10.0,1,11.5,0.361,0,0,,2025-12-31,192.66,7,2025-11-10,2025-02-03,27.52,1,133.3,0,51.0,1,54.4
C002132,2025-10-27,SMB,LATAM,Free,Sales,17,0.0,65,0.0,2,17.9,0.243,1,1,2025-12-19,2025-12-31,0.0,1,2025-12-08,2025-12-08,0.0,2,2.2,0,23.0,0,39.1
C002133,2024-01-13,Mid-Market,North America,Business,Paid Search,36,169.21,718,10.0,2,3.6,0.688,0,0,,2025-12-31,1644.97,10,2025-12-06,2024-02-28,164.5,2,19.0,0,25.0,1,61.9
C002134,2023-07-26,Mid-Market,North America,Business,Organic,24,176.53,889,0.0,1,50.0,0.257,0,0,,2025-12-31,2362.78,13,2025-09-21,2023-09-10,181.75,1,4.9,0,101.0,1,46.2
C002135,2023-09-22,SMB,Europe,Starter,Referral,15,26.91,831,11.0,3,27.7,0.248,0,0,,2025-12-31,468.42,18,2025-11-03,2023-10-14,26.02,3,19.7,2,58.0,1,50.5
C002136,2024-09-07,Enterprise,North America,Pro,Referral,116,69.69,480,13.0,2,-54.9,0.736,0,0,,2025-12-31,832.01,14,2025-12-29,2024-10-15,59.43,2,13.6,0,2.0,1,60.2
C002137,2024-02-18,Mid-Market,Europe,Business,Referral,67,200.02,682,20.0,1,47.0,0.701,0,0,,2025-12-31,1847.93,10,2025-09-27,2024-03-12,184.79,1,6.0,0,95.0,1,77.1
C002138,2022-02-03,SMB,APAC,Pro,Referral,8,75.17,1427,1.0,0,59.4,0.21,1,0,,2025-12-31,2028.77,27,2025-09-20,2022-02-05,75.14,0,0.0,0,102.0,1,46.1
C002139,2024-02-11,Mid-Market,Europe,Starter,Paid Search,32,30.74,689,13.0,2,14.7,0.205,1,0,,2025-12-31,438.6,14,2025-10-11,2024-04-02,31.33,2,32.6,0,81.0,1,49.2
C002140,2023-07-27,Mid-Market,North America,Business,Partner,46,197.48,888,4.0,0,47.0,0.5,0,0,,2025-12-31,3826.34,20,2025-11-23,2023-08-31,191.32,1,18.0,0,38.0,1,58.3
C002141,2024-09-29,Mid-Market,APAC,Pro,Organic,34,72.15,458,13.0,1,29.8,0.136,2,1,2025-05-03,2025-12-31,57.23,1,2024-11-08,2024-11-08,57.23,3,61.6,0,418.0,0,48.2
C002142,2025-06-05,Enterprise,North America,Pro,Paid Search,275,77.56,209,27.0,2,-17.9,0.622,0,0,,2025-12-31,476.9,6,2025-12-30,2025-06-12,79.48,2,14.2,1,1.0,1,73.0
C002143,2025-10-08,SMB,APAC,Pro,Organic,6,84.42,84,20.0,1,83.8,0.133,0,0,,2025-12-31,56.18,1,2025-11-15,2025-11-15,56.18,2,12.2,0,46.0,1,63.7
C002144,2024-05-22,Enterprise,North America,Pro,Organic,234,79.48,588,23.0,1,29.9,0.683,0,0,,2025-12-31,639.16,7,2025-12-31,2024-06-27,91.31,2,28.0,0,0.0,1,77.5
C002145,2023-06-03,Mid-Market,APAC,Free,Organic,60,0.0,942,1.0,0,40.0,0.466,2,1,2025-05-27,2025-12-31,11.32,9,2025-04-29,2023-11-22,1.26,0,0.0,0,246.0,0,49.9
C002146,2023-09-27,Startup,Europe,Enterprise,Partner,2,306.1,826,21.0,0,19.4,0.433,0,0,,2025-12-31,3169.7799999999997,11,2025-12-22,2023-11-09,288.16,0,0.0,0,9.0,1,68.7
C002147,2022-09-10,Startup,Europe,Starter,Referral,1,30.68,1208,24.0,1,27.6,0.49,2,0,,2025-12-31,730.3,23,2025-12-25,2022-10-06,31.75,2,19.8,1,6.0,1,68.4
C002148,2025-08-31,Mid-Market,Europe,Business,Paid Search,44,211.81,122,18.0,2,39.0,0.245,1,0,,2025-12-31,1189.3,5,2025-11-25,2025-09-18,237.86,2,29.4,0,36.0,1,57.3
C002149,2025-04-26,Mid-Market,North America,Business,Paid Search,62,206.72,249,21.0,1,8.9,0.207,0,0,,2025-12-31,2203.65,10,2025-12-16,2025-04-28,220.36,1,33.0,0,15.0,1,59.4
C002150,2025-05-06,SMB,Europe,Pro,Organic,18,80.65,239,1.0,1,77.3,0.518,0,1,2025-10-29,2025-12-31,707.59,9,2025-10-16,2025-05-20,78.62,2,15.1,0,76.0,0,57.7
C002151,2023-04-15,Startup,APAC,Pro,Paid Search,2,75.65,991,20.0,1,56.0,0.259,0,0,,2025-12-31,1391.49,19,2025-11-19,2023-05-25,73.24,1,35.2,0,42.0,1,64.7
C002152,2023-04-06,Startup,APAC,Free,Organic,3,0.0,1000,23.0,4,47.9,0.416,0,0,,2025-12-31,96.96,20,2025-09-15,2023-06-26,4.85,6,63.6,0,107.0,0,66.8
C002153,2025-05-09,Mid-Market,North America,Starter,Partner,69,32.28,236,6.0,1,31.5,0.242,0,0,,2025-12-31,75.16,3,2025-12-03,2025-07-22,25.05,1,32.7,0,28.0,1,49.3
C002154,2024-02-18,Mid-Market,Europe,Pro,Sales,69,70.14,682,13.0,0,16.0,0.434,0,0,,2025-12-31,871.37,13,2025-10-20,2024-04-09,67.03,0,0.0,0,72.0,1,61.2
C002155,2024-10-04,SMB,APAC,Free,Paid Search,8,0.0,453,11.0,2,60.8,0.556,1,1,2025-12-13,2025-12-31,5.77,8,2025-11-03,2024-10-04,0.72,2,5.6,0,58.0,0,62.6
C002156,2023-12-02,Startup,APAC,Free,Partner,3,0.0,760,2.0,3,50.3,0.44,0,0,,2025-12-31,172.19,23,2025-12-09,2024-01-02,7.49,4,77.6,0,22.0,0,50.5
C002157,2023-09-26,Startup,Europe,Enterprise,Referral,7,995.93,827,3.0,1,25.0,0.225,0,1,2024-12-10,2025-12-31,7834.099999999999,8,2024-09-21,2023-10-18,979.26,1,1.9,0,466.0,0,45.4
C002158,2024-06-23,Enterprise,North America,Starter,Organic,286,30.45,556,8.0,0,7.9,0.246,4,1,2025-01-26,2025-12-31,145.95,5,2024-11-21,2024-08-29,29.19,0,0.0,0,405.0,0,42.3
C002159,2025-03-08,SMB,LATAM,Starter,Paid Search,21,28.46,298,3.0,2,-4.4,0.448,1,1,2025-08-18,2025-12-31,151.81,5,2025-06-12,2025-03-24,30.36,2,16.8,0,202.0,0,45.7
C002160,2023-04-23,Mid-Market,North America,Starter,Organic,38,33.17,983,14.0,0,35.7,0.437,0,0,,2025-12-31,638.92,20,2025-12-15,2023-05-31,31.95,0,0.0,0,16.0,1,64.2
C002161,2025-03-03,SMB,North America,Pro,Paid Search,22,76.97,303,1.0,0,28.8,0.484,0,0,,2025-12-31,588.12,8,2025-08-21,2025-03-08,73.52,2,55.8,0,132.0,1,53.3
C002162,2022-12-16,Startup,APAC,Pro,Sales,6,82.65,1111,0.0,1,64.6,0.305,1,0,,2025-12-31,1944.54,23,2025-12-12,2023-07-25,84.55,1,39.8,0,19.0,1,47.1
C002163,2023-07-31,SMB,North America,Business,Paid Search,10,178.03,884,17.0,2,59.8,0.37,0,0,,2025-12-31,3017.44,17,2025-11-28,2023-08-29,177.5,3,18.6,0,33.0,1,64.3
C002164,2025-07-29,Enterprise,APAC,Pro,Paid Search,111,77.09,155,7.0,2,36.0,0.357,1,1,2025-09-10,2025-12-31,165.31,2,2025-08-26,2025-08-01,82.66,4,17.9,0,127.0,0,50.6
C002165,2025-09-26,SMB,North America,Free,Organic,8,0.0,96,10.0,3,33.0,0.704,1,0,,2025-12-31,0.0,2,2025-12-15,2025-10-23,0.0,3,14.9,1,16.0,0,61.8
C002166,2025-08-14,SMB,APAC,Pro,Paid Search,3,70.02,139,9.0,1,6.2,0.272,0,0,,2025-12-31,82.46,1,2025-10-12,2025-10-12,82.46,2,28.4,0,80.0,1,50.3
C002167,2023-03-28,Startup,LATAM,Free,Sales,6,0.0,1009,13.0,2,61.5,0.769,0,0,,2025-12-31,102.36,30,2025-11-04,2023-04-20,3.41,2,73.3,0,57.0,0,72.8
C002168,2025-04-20,Mid-Market,LATAM,Business,Paid Search,62,226.16,255,12.0,1,33.6,0.401,0,0,,2025-12-31,1134.93,6,2025-12-01,2025-05-07,189.16,2,34.8,0,30.0,1,59.6
C002169,2025-08-31,Startup,LATAM,Free,Referral,5,0.0,122,3.0,1,50.1,0.139,1,0,,2025-12-31,0.0,1,2025-09-28,2025-09-28,0.0,1,62.3,0,94.0,0,43.4
C002170,2025-10-30,Mid-Market,APAC,Starter,Organic,37,29.89,62,0.0,2,64.4,0.084,0,0,,2025-12-31,58.26,2,2025-12-14,2025-11-15,29.13,6,29.9,0,17.0,1,41.0
C002171,2022-01-30,Mid-Market,North America,Pro,Organic,79,82.05,1431,12.0,1,20.9,0.832,0,0,,2025-12-31,2640.81,31,2025-12-08,2022-03-15,85.19,1,0.0,0,23.0,1,71.3
C002172,2024-12-01,Mid-Market,LATAM,Starter,Paid Search,38,31.92,395,15.0,1,14.3,0.894,0,0,,2025-12-31,346.43,11,2025-12-20,2025-03-02,31.49,1,14.9,0,11.0,1,75.1
C002173,2025-11-26,Enterprise,LATAM,Pro,Sales,351,70.76,35,21.0,1,96.7,0.094,0,0,,2025-12-31,54.67,1,2025-12-14,2025-12-14,54.67,1,19.1,0,17.0,1,64.7
C002174,2024-12-29,Mid-Market,Europe,Pro,Organic,68,84.1,367,5.0,2,49.9,0.148,0,0,,2025-12-31,708.66,8,2025-12-15,2025-01-04,88.58,3,81.4,0,16.0,1,45.9
C002175,2022-11-30,SMB,Europe,Enterprise,Referral,6,974.14,1127,2.0,0,28.0,0.524,1,0,,2025-12-31,23360.47,24,2025-10-19,2022-12-05,973.35,0,0.0,0,73.0,1,53.3
C002176,2024-12-26,Mid-Market,North America,Free,Organic,53,0.0,370,16.0,3,66.0,0.307,0,0,,2025-12-31,28.16,9,2025-12-01,2025-02-12,3.13,5,76.0,1,30.0,0,60.6
C002177,2022-05-31,Enterprise,Europe,Pro,Partner,290,82.24,1310,25.0,1,27.3,0.593,0,0,,2025-12-31,2770.29,31,2025-10-06,2022-11-23,89.36,1,47.9,0,86.0,1,76.3
C002178,2023-11-19,Mid-Market,APAC,Pro,Partner,55,85.94,773,6.0,1,43.1,0.861,0,0,,2025-12-31,706.81,9,2025-10-14,2024-03-21,78.53,2,32.3,0,78.0,1,69.0
C002179,2024-06-14,Enterprise,Europe,Free,Partner,444,0.0,565,2.0,0,20.8,0.73,0,1,2025-09-13,2025-12-31,82.45,11,2025-08-11,2024-06-23,7.5,2,157.4,0,142.0,0,60.8
C002180,2023-10-15,Startup,Europe,Pro,Organic,4,68.45,808,11.0,0,34.6,0.592,0,0,,2025-12-31,1113.57,16,2025-09-13,2024-02-17,69.6,2,21.4,0,109.0,1,66.0
C002181,2024-09-27,Startup,Europe,Business,Organic,4,197.76,460,15.0,0,28.1,0.211,0,0,,2025-12-31,2338.88,11,2025-08-30,2024-12-05,212.63,2,5.0,1,123.0,1,57.5
C002182,2022-12-10,Enterprise,North America,Business,Sales,111,209.21,1117,17.0,0,16.2,0.162,1,0,,2025-12-31,4480.67,21,2025-12-21,2022-12-26,213.37,0,0.0,0,10.0,1,54.7
C002183,2024-05-16,SMB,LATAM,Enterprise,Partner,4,544.92,594,3.0,1,41.1,0.364,1,0,,2025-12-31,5382.55,9,2025-11-08,2024-06-26,598.06,1,13.8,0,53.0,1,49.2
C002184,2024-07-11,SMB,North America,Pro,Organic,23,74.27,538,18.0,3,19.0,0.687,0,0,,2025-12-31,761.63,11,2025-12-03,2024-08-31,69.24,3,26.1,0,28.0,1,69.1
C002185,2024-06-25,Startup,North America,Starter,Paid Search,1,25.64,554,9.0,1,49.4,0.389,0,1,2025-12-26,2025-12-31,409.61,16,2025-11-10,2024-11-01,25.6,1,28.6,0,51.0,0,58.1
C002186,2023-02-18,Mid-Market,North America,Enterprise,Organic,27,4077.21,1047,0.0,2,27.4,0.339,1,1,2024-03-31,2025-12-31,26770.269999999997,6,2024-03-29,2023-08-07,4461.71,3,27.4,0,642.0,0,42.9
C002187,2023-03-13,Mid-Market,APAC,Starter,Paid Search,32,31.26,1024,25.0,2,-8.0,0.267,0,0,,2025-12-31,482.51,16,2025-11-30,2023-05-02,30.16,3,13.1,0,31.0,1,61.5
C002188,2023-01-04,SMB,APAC,Pro,Paid Search,22,85.75,1092,14.0,0,50.5,0.626,0,0,,2025-12-31,1649.77,20,2025-09-18,2023-02-12,82.49,0,0.0,0,104.0,1,71.3
C002189,2023-10-23,Startup,North America,Business,Organic,7,209.12,800,8.0,4,50.9,0.441,1,0,,2025-12-31,2280.58,11,2025-09-18,2024-03-19,207.33,4,27.3,0,104.0,1,52.5
C002190,2024-04-17,SMB,North America,Business,Paid Search,19,177.22,623,22.0,0,91.3,0.708,1,0,,2025-12-31,1806.7,11,2025-12-09,2024-06-14,164.25,1,142.6,0,22.0,1,83.0
C002191,2023-06-03,SMB,Europe,Enterprise,Partner,11,1876.02,942,22.0,3,35.4,0.167,1,0,,2025-12-31,28764.21,15,2025-07-29,2023-08-11,1917.61,5,18.7,1,155.0,1,56.7
C002192,2023-08-10,Mid-Market,North America,Free,Sales,22,0.0,874,5.0,1,39.6,0.74,0,1,2025-10-09,2025-12-31,122.03999999999999,26,2025-08-21,2023-08-25,4.69,1,3.6,0,132.0,0,64.1
C002193,2023-02-14,SMB,APAC,Pro,Referral,7,68.19,1051,26.0,1,47.0,0.325,0,0,,2025-12-31,1357.84,20,2025-12-04,2023-10-04,67.89,1,0.0,0,27.0,1,71.2
C002194,2022-11-09,Startup,North America,Starter,Paid Search,4,29.46,1148,14.0,0,60.5,0.549,0,0,,2025-12-31,618.02,20,2025-09-15,2023-02-19,30.9,0,0.0,0,107.0,1,70.0
C002195,2024-07-29,Mid-Market,Europe,Business,Referral,77,199.16,520,7.0,0,58.9,0.183,1,0,,2025-12-31,2725.26,15,2025-11-12,2024-08-04,181.68,0,0.0,0,49.0,1,50.6
C002196,2025-03-12,SMB,North America,Pro,Organic,7,82.5,294,12.0,2,43.0,0.552,0,0,,2025-12-31,254.67000000000002,3,2025-12-15,2025-03-27,84.89,3,27.6,0,16.0,1,63.6
C002197,2023-02-20,SMB,Europe,Starter,Partner,18,30.64,1045,5.0,1,34.2,0.164,0,0,,2025-12-31,400.3,14,2025-11-30,2023-03-16,28.59,2,57.0,0,31.0,1,46.3
C002198,2025-05-15,SMB,Europe,Business,Organic,13,173.1,230,23.0,5,56.1,0.414,0,0,,2025-12-31,828.07,5,2025-12-22,2025-06-07,165.61,6,26.0,2,9.0,1,66.1
C002199,2024-03-27,SMB,North America,Pro,Organic,11,73.05,644,7.0,1,33.1,0.428,1,0,,2025-12-31,595.71,8,2025-11-03,2024-03-28,74.46,1,31.9,0,58.0,1,53.9
C002200,2022-08-28,SMB,North America,Pro,Partner,5,86.71,1221,12.0,3,2.8,0.361,1,0,,2025-12-31,2595.4700000000003,28,2025-12-23,2022-10-09,92.7,4,61.7,0,8.0,1,50.3
C002201,2023-06-08,Startup,North America,Enterprise,Organic,4,642.86,937,1.0,1,-2.5,0.093,0,0,,2025-12-31,11936.36,19,2025-12-14,2023-09-19,628.23,2,58.4,0,17.0,1,36.9
C002202,2022-01-11,SMB,North America,Pro,Partner,6,86.45,1450,26.0,1,27.7,0.691,1,0,,2025-12-31,2232.22,28,2025-11-28,2022-01-12,79.72,3,4.6,0,33.0,1,78.2
C002203,2022-02-26,Mid-Market,LATAM,Pro,Partner,22,73.21,1404,8.0,0,38.0,0.246,1,0,,2025-12-31,1889.62,24,2025-10-12,2022-06-16,78.73,1,43.7,0,80.0,1,51.3
C002204,2023-04-26,Mid-Market,North America,Free,Organic,57,0.0,980,18.0,1,96.8,0.476,0,0,,2025-12-31,93.28999999999999,18,2025-11-04,2023-06-03,5.18,2,34.4,0,57.0,0,73.5
C002205,2023-10-12,Mid-Market,North America,Starter,Paid Search,65,28.68,811,9.0,0,32.0,0.482,0,0,,2025-12-31,485.84000000000003,16,2025-10-03,2024-01-13,30.36,0,0.0,0,89.0,1,60.7
C002206,2025-02-14,Mid-Market,North America,Free,Partner,39,0.0,320,15.0,1,36.2,0.538,0,0,,2025-12-31,31.759999999999998,7,2025-10-31,2025-03-07,4.54,2,116.3,0,61.0,0,66.7
C002207,2022-07-12,Enterprise,APAC,Starter,Referral,140,27.21,1268,15.0,1,24.9,0.472,0,0,,2025-12-31,699.99,25,2025-12-26,2022-09-13,28.0,3,62.8,0,5.0,1,63.5
C002208,2025-04-15,SMB,LATAM,Starter,Referral,4,31.55,260,8.0,0,50.5,0.381,1,1,2025-10-17,2025-12-31,197.48000000000002,6,2025-10-17,2025-06-06,32.91,0,0.0,0,75.0,0,56.6
C002209,2022-12-02,Mid-Market,APAC,Pro,Paid Search,56,83.67,1125,12.0,1,42.0,0.255,0,0,,2025-12-31,2075.32,26,2025-12-03,2023-05-01,79.82,2,10.2,1,28.0,1,56.1
C002210,2022-07-17,Mid-Market,Europe,Pro,Referral,66,87.63,1263,16.0,1,19.0,0.72,0,0,,2025-12-31,2903.71,32,2025-12-29,2022-08-15,90.74,2,70.9,0,2.0,1,71.3
C002211,2024-09-27,SMB,APAC,Starter,Paid Search,23,28.34,460,6.0,1,9.7,0.236,0,0,,2025-12-31,338.15,12,2025-11-18,2024-09-30,28.18,2,46.4,0,43.0,1,46.9
C002212,2025-01-12,Mid-Market,Europe,Pro,Organic,17,86.5,353,3.0,0,24.9,0.358,0,0,,2025-12-31,539.5799999999999,6,2025-11-15,2025-04-09,89.93,1,178.6,0,46.0,1,50.9
C002213,2024-05-15,SMB,APAC,Enterprise,Partner,22,3452.76,595,4.0,3,13.9,0.391,0,0,,2025-12-31,23394.19,7,2025-12-26,2024-09-11,3342.03,5,43.2,0,5.0,1,47.2
C002214,2022-06-15,Startup,APAC,Starter,Organic,1,27.29,1295,11.0,1,29.2,0.354,0,0,,2025-12-31,778.76,29,2025-09-18,2022-08-29,26.85,3,103.3,0,104.0,1,56.9
C002215,2022-06-14,SMB,North America,Pro,Organic,19,90.53,1296,5.0,3,38.5,0.291,0,0,,2025-12-31,1585.91,18,2025-10-20,2022-08-20,88.11,4,22.6,0,72.0,1,47.5
C002216,2023-07-12,Mid-Market,Europe,Free,Organic,38,0.0,903,7.0,0,22.5,0.458,0,1,2025-05-11,2025-12-31,130.99,15,2025-02-18,2023-07-15,8.73,0,0.0,0,316.0,0,57.2
C002217,2023-10-07,Mid-Market,North America,Pro,Referral,63,71.86,816,19.0,2,71.4,0.133,0,0,,2025-12-31,981.52,14,2025-09-18,2023-10-30,70.11,2,18.8,0,104.0,1,60.1
C002218,2025-11-29,SMB,North America,Business,Sales,23,204.12,32,18.0,2,64.0,0.586,0,0,,2025-12-31,459.88,2,2025-12-24,2025-12-02,229.94,5,13.2,2,7.0,1,72.1
C002219,2023-02-14,SMB,APAC,Free,Sales,6,0.0,1051,26.0,1,29.3,0.298,1,0,,2025-12-31,96.67999999999999,26,2025-12-04,2023-03-30,3.72,1,0.0,0,27.0,0,66.6
C002220,2022-10-03,Mid-Market,North America,Starter,Paid Search,48,25.86,1185,21.0,0,10.9,0.414,0,0,,2025-12-31,570.0699999999999,22,2025-12-04,2023-01-07,25.91,0,0.0,0,27.0,1,67.3
C002221,2025-09-14,SMB,APAC,Business,Paid Search,14,217.0,108,11.0,0,34.3,0.173,0,0,,2025-12-31,276.0,1,2025-09-28,2025-09-28,276.0,1,51.7,0,94.0,1,53.4
C002222,2022-08-09,SMB,LATAM,Starter,Referral,16,33.1,1240,26.0,1,31.7,0.211,0,0,,2025-12-31,1164.28,36,2025-12-24,2022-09-17,32.34,2,11.6,0,7.0,1,66.2
C002223,2022-02-07,Mid-Market,Europe,Pro,Paid Search,21,79.3,1423,25.0,3,33.4,0.384,0,0,,2025-12-31,2439.25,32,2025-12-01,2022-02-22,76.23,5,17.9,0,30.0,1,67.7
C002224,2023-08-28,SMB,North America,Pro,Paid Search,20,90.04,856,6.0,0,25.0,0.07,0,0,,2025-12-31,1649.48,19,2025-07-03,2023-09-23,86.81,0,0.0,0,181.0,1,45.0
C002225,2023-07-28,Enterprise,Europe,Starter,Organic,66,25.85,887,4.0,2,8.8,0.659,2,1,2025-03-20,2025-12-31,380.45,15,2025-03-12,2023-07-31,25.36,2,23.3,0,294.0,0,52.2
C002226,2024-06-05,Mid-Market,APAC,Business,Partner,33,203.26,574,24.0,0,35.9,0.678,0,0,,2025-12-31,2018.3,9,2025-11-29,2024-06-28,224.26,0,0.0,0,32.0,1,80.4
C002227,2025-06-09,Startup,North America,Pro,Partner,7,88.1,205,24.0,3,26.2,0.452,0,0,,2025-12-31,343.0,4,2025-12-10,2025-08-02,85.75,3,30.9,0,21.0,1,68.1
C002228,2025-08-27,Mid-Market,North America,Free,Paid Search,24,0.0,126,23.0,1,28.5,0.571,0,0,,2025-12-31,0.0,1,2025-12-10,2025-12-10,0.0,3,15.5,0,21.0,0,74.0
C002229,2023-02-19,SMB,Europe,Enterprise,Organic,10,1754.33,1046,12.0,1,37.3,0.245,2,0,,2025-12-31,31312.86,18,2025-07-15,2023-10-29,1739.6,1,55.3,0,169.0,1,51.3
C002230,2025-11-03,SMB,LATAM,Pro,Referral,8,82.67,58,24.0,0,33.3,0.209,0,0,,2025-12-31,66.67,1,2025-11-07,2025-11-07,66.67,1,32.9,0,54.0,1,66.0
C002231,2024-06-23,Mid-Market,North America,Business,Partner,67,184.69,556,21.0,1,36.8,0.162,0,0,,2025-12-31,1564.01,9,2025-10-24,2024-06-28,173.78,1,0.0,0,68.0,1,60.8
C002232,2022-04-10,Startup,North America,Starter,Organic,6,32.48,1361,20.0,1,25.1,0.123,0,0,,2025-12-31,707.77,23,2025-12-14,2022-08-12,30.77,1,5.8,0,17.0,1,57.6
C002233,2025-09-03,Mid-Market,LATAM,Free,Paid Search,72,0.0,119,16.0,2,44.0,0.367,0,0,,2025-12-31,5.52,3,2025-12-03,2025-09-19,1.84,4,17.7,1,28.0,0,61.7
C002234,2022-07-17,Mid-Market,North America,Business,Sales,42,171.88,1263,7.0,1,17.1,0.276,0,0,,2025-12-31,5561.5,32,2025-12-04,2022-09-30,173.8,3,7.9,0,27.0,1,49.7
C002235,2024-04-21,Startup,North America,Pro,Partner,3,72.63,619,20.0,1,7.8,0.368,2,0,,2025-12-31,825.9200000000001,11,2025-08-16,2024-05-22,75.08,2,8.8,0,137.0,1,59.2
C002236,2025-02-04,SMB,Europe,Starter,Partner,15,31.6,330,24.0,1,12.8,0.328,1,0,,2025-12-31,146.93,5,2025-09-27,2025-05-25,29.39,1,0.0,1,95.0,1,64.0
C002237,2022-12-23,SMB,North America,Business,Partner,7,212.05,1104,24.0,0,18.1,0.176,0,0,,2025-12-31,5495.59,26,2025-08-08,2023-01-12,211.37,1,59.3,0,145.0,1,63.5
C002238,2023-01-23,Enterprise,North America,Pro,Sales,261,82.99,1073,16.0,0,2.8,0.506,0,0,,2025-12-31,1698.61,20,2025-10-31,2023-02-04,84.93,0,0.0,0,61.0,1,64.7
C002239,2023-11-12,Mid-Market,Europe,Starter,Paid Search,64,25.42,780,1.0,1,-7.3,0.322,0,0,,2025-12-31,429.48,16,2025-12-25,2024-02-11,26.84,3,39.1,0,6.0,1,43.3
C002240,2025-06-19,SMB,Europe,Business,Organic,10,215.05,195,20.0,0,47.6,0.226,1,0,,2025-12-31,920.22,5,2025-11-02,2025-06-21,184.04,1,7.6,0,59.0,1,62.4
C002241,2022-11-16,Mid-Market,Europe,Pro,Paid Search,50,81.62,1141,7.0,1,66.9,0.319,1,0,,2025-12-31,2353.52,29,2025-11-15,2022-11-24,81.16,1,3.8,0,46.0,1,54.0
C002242,2024-08-06,Mid-Market,North America,Pro,Referral,73,70.24,512,5.0,0,48.9,0.494,1,0,,2025-12-31,599.17,8,2025-11-24,2024-11-07,74.9,2,25.4,0,37.0,1,57.2
C002243,2023-10-10,SMB,Europe,Business,Organic,19,195.54,813,2.0,2,22.9,0.703,0,0,,2025-12-31,3016.73,17,2025-12-03,2023-10-10,177.45,2,32.0,0,28.0,1,57.2
C002244,2022-06-09,Mid-Market,Europe,Pro,Organic,27,74.67,1301,4.0,0,-7.9,0.483,0,0,,2025-12-31,1943.97,27,2025-12-08,2022-06-28,72.0,0,0.0,0,23.0,1,52.3
C002245,2024-10-13,Enterprise,APAC,Enterprise,Organic,440,74804.95,444,13.0,2,39.8,0.535,0,0,,2025-12-31,625679.15,9,2025-12-12,2025-02-22,69519.91,2,105.2,0,19.0,1,63.6
C002246,2025-04-05,Enterprise,APAC,Business,Partner,313,194.1,270,7.0,2,-5.2,0.162,3,1,2025-07-13,2025-12-31,244.78,1,2025-06-23,2025-06-23,244.78,3,35.0,0,191.0,0,36.6
C002247,2024-04-03,SMB,Europe,Starter,Partner,19,30.58,637,10.0,2,32.8,0.753,0,0,,2025-12-31,314.95,10,2025-12-26,2024-04-29,31.49,3,25.4,0,5.0,1,66.8
C002248,2022-09-10,SMB,APAC,Pro,Paid Search,23,88.9,1208,14.0,3,15.0,0.546,0,0,,2025-12-31,1519.91,18,2025-11-07,2023-02-16,84.44,3,73.8,0,54.0,1,60.9
C002249,2022-08-11,Startup,APAC,Enterprise,Organic,4,625.35,1238,14.0,1,-22.0,0.569,0,0,,2025-12-31,12525.21,21,2025-12-31,2023-01-29,596.44,1,9.4,0,0.0,1,60.9
C002250,2023-08-29,Enterprise,North America,Business,Referral,309,221.46,855,11.0,1,72.0,0.274,0,1,2025-08-29,2025-12-31,3185.92,15,2025-07-08,2023-11-11,212.39,1,6.6,0,176.0,0,58.7
C002251,2023-12-26,Mid-Market,LATAM,Starter,Organic,42,27.7,736,12.0,0,3.6,0.251,0,0,,2025-12-31,254.81,9,2025-09-22,2024-03-13,28.31,0,0.0,0,100.0,1,53.6
C002252,2024-02-29,SMB,APAC,Starter,Referral,4,27.39,671,24.0,1,26.1,0.355,1,0,,2025-12-31,679.2,27,2025-12-24,2024-03-15,25.16,1,13.3,0,7.0,1,66.2
C002253,2022-12-15,Mid-Market,North America,Starter,Organic,34,26.01,1112,7.0,1,31.8,0.189,0,1,2024-04-04,2025-12-31,197.44,8,2023-12-18,2023-01-09,24.68,2,60.8,0,744.0,0,48.6
C002254,2023-12-18,SMB,North America,Business,Sales,6,212.61,744,0.0,2,23.2,0.321,0,0,,2025-12-31,2979.17,15,2025-11-26,2024-01-16,198.61,2,58.6,0,35.0,1,44.0
C002255,2023-02-26,Startup,Europe,Enterprise,Paid Search,4,686.05,1039,22.0,1,46.6,0.509,0,0,,2025-12-31,16630.25,26,2025-08-24,2023-06-20,639.62,2,39.4,0,129.0,1,73.1
C002256,2024-09-08,SMB,Europe,Business,Partner,21,176.98,479,2.0,2,16.5,0.072,0,0,,2025-12-31,1313.81,8,2025-05-01,2024-10-27,164.23,3,7.1,0,244.0,1,37.6
C002257,2025-02-12,SMB,APAC,Starter,Organic,15,32.73,322,21.0,0,44.5,0.325,0,0,,2025-12-31,134.95,4,2025-09-11,2025-03-23,33.74,1,38.6,0,111.0,1,68.0
C002258,2024-07-22,Startup,Europe,Business,Organic,6,191.7,527,9.0,1,43.0,0.148,0,0,,2025-12-31,2569.8,12,2025-12-05,2024-09-21,214.15,1,140.0,0,26.0,1,50.3
C002259,2022-01-02,Enterprise,North America,Free,Referral,450,0.0,1459,23.0,1,0.6,0.37,3,0,,2025-12-31,182.26,38,2025-12-18,2022-01-15,4.8,1,44.5,0,13.0,0,59.2
C002260,2025-11-19,Startup,North America,Starter,Partner,6,32.15,42,4.0,0,40.9,0.192,1,1,2025-12-29,2025-12-31,34.52,1,2025-12-09,2025-12-09,34.52,1,0.0,0,22.0,0,46.4
C002261,2022-02-03,SMB,APAC,Starter,Referral,6,29.04,1427,4.0,1,8.7,0.798,0,0,,2025-12-31,818.07,26,2025-09-03,2022-03-06,31.46,4,59.3,0,119.0,1,61.9
C002262,2025-11-30,SMB,North America,Pro,Partner,19,88.03,31,11.0,3,5.9,0.033,0,0,,2025-12-31,182.26999999999998,2,2025-12-24,2025-11-30,91.14,3,21.5,0,7.0,1,41.9
C002263,2022-02-15,Startup,APAC,Pro,Partner,3,85.16,1415,11.0,4,42.3,0.497,0,0,,2025-12-31,2685.16,32,2025-08-01,2022-03-04,83.91,5,53.9,0,152.0,1,58.0
C002264,2024-01-09,SMB,North America,Starter,Referral,16,27.91,722,20.0,0,24.8,0.509,1,0,,2025-12-31,236.4,9,2025-10-02,2024-05-07,26.27,0,0.0,0,90.0,1,68.6
C002265,2022-06-01,SMB,Europe,Starter,Paid Search,6,28.54,1309,18.0,1,44.3,0.332,1,0,,2025-12-31,730.85,27,2025-11-06,2022-08-08,27.07,1,131.8,0,55.0,1,62.0
C002266,2022-05-17,Mid-Market,Europe,Business,Sales,32,207.45,1324,27.0,1,44.5,0.339,0,0,,2025-12-31,5058.05,26,2025-11-29,2022-06-19,194.54,2,1.2,0,32.0,1,72.2
C002267,2024-09-04,SMB,North America,Free,Paid Search,18,0.0,483,18.0,3,-0.7,0.57,0,0,,2025-12-31,61.910000000000004,9,2025-05-12,2024-10-18,6.88,4,79.7,0,233.0,0,63.6
C002268,2024-11-06,SMB,Europe,Pro,Paid Search,23,90.56,420,5.0,0,53.5,0.504,0,0,,2025-12-31,487.48,5,2025-12-13,2024-12-10,97.5,0,0.0,0,18.0,1,59.9
C002269,2022-06-19,Mid-Market,APAC,Starter,Referral,57,26.03,1291,2.0,0,42.1,0.106,1,1,2025-08-01,2025-12-31,813.49,32,2025-06-20,2022-07-19,25.42,0,0.0,0,194.0,0,42.2
C002270,2025-10-28,SMB,North America,Starter,Organic,12,30.06,64,7.0,1,20.3,0.386,0,0,,2025-12-31,32.58,1,2025-12-13,2025-12-13,32.58,1,17.9,0,18.0,1,53.4
C002271,2023-04-04,SMB,North America,Starter,Organic,14,32.54,1002,27.0,1,31.6,0.653,0,0,,2025-12-31,582.5,18,2025-12-01,2023-05-23,32.36,1,164.2,0,30.0,1,80.4
C002272,2023-04-01,Mid-Market,APAC,Pro,Organic,30,73.65,1005,21.0,3,54.2,0.526,2,1,2024-03-24,2025-12-31,837.8,12,2024-01-14,2023-05-06,69.82,4,64.2,0,717.0,0,66.4
C002273,2023-03-01,Enterprise,APAC,Pro,Paid Search,119,79.02,1036,20.0,2,27.0,0.274,0,0,,2025-12-31,1964.19,27,2025-08-13,2023-04-19,72.75,2,10.2,0,140.0,1,60.8
C002274,2023-10-22,SMB,Europe,Starter,Partner,17,30.75,801,7.0,2,87.9,0.48,0,0,,2025-12-31,461.47,18,2025-10-11,2023-12-06,25.64,5,43.9,0,81.0,1,61.4
C002275,2022-09-12,Enterprise,APAC,Business,Organic,314,197.26,1206,13.0,1,72.3,0.379,0,0,,2025-12-31,3399.01,17,2025-07-31,2022-10-31,199.94,2,23.4,0,153.0,1,63.7
C002276,2023-08-31,Enterprise,North America,Free,Organic,254,0.0,853,19.0,2,37.9,0.107,0,0,,2025-12-31,140.32,14,2025-10-14,2024-02-17,10.02,3,109.5,0,78.0,0,56.0
C002277,2022-10-28,SMB,North America,Business,Paid Search,8,180.5,1160,26.0,1,29.3,0.417,1,0,,2025-12-31,5776.79,32,2025-11-25,2022-11-08,180.52,1,6.3,0,36.0,1,70.2
C002278,2022-03-15,Enterprise,Europe,Starter,Organic,258,29.82,1387,16.0,1,30.4,0.252,0,0,,2025-12-31,815.45,27,2025-12-30,2022-04-03,30.2,2,32.8,0,1.0,1,58.4
C002279,2023-06-12,Mid-Market,APAC,Enterprise,Organic,69,12642.8,933,0.0,0,20.0,0.719,1,0,,2025-12-31,280649.72000000003,23,2025-12-10,2023-07-21,12202.16,1,19.0,0,21.0,1,56.6
C002280,2024-08-19,SMB,APAC,Free,Organic,10,0.0,499,23.0,1,38.1,0.605,0,0,,2025-12-31,68.61,13,2025-11-22,2024-09-02,5.28,1,21.9,0,39.0,0,76.0
C002281,2024-12-27,Mid-Market,North America,Pro,Referral,27,78.78,369,26.0,0,52.2,0.286,0,0,,2025-12-31,916.38,11,2025-12-14,2024-12-30,83.31,1,0.0,1,17.0,1,72.0
C002282,2023-05-21,Startup,Europe,Pro,Referral,3,69.22,955,0.0,0,1.3,0.104,1,0,,2025-12-31,1261.94,20,2025-11-30,2023-07-26,63.1,0,0.0,0,31.0,1,36.2
C002283,2023-04-08,Startup,Europe,Pro,Organic,6,85.12,998,10.0,0,51.1,0.35,0,0,,2025-12-31,2173.98,25,2025-10-05,2023-05-27,86.96,1,24.9,0,87.0,1,59.5
C002284,2025-01-31,SMB,North America,Business,Organic,5,217.5,334,27.0,2,58.3,0.321,0,0,,2025-12-31,935.53,4,2025-12-22,2025-02-07,233.88,3,63.7,0,9.0,1,71.6
C002285,2024-09-01,Startup,Europe,Free,Organic,2,0.0,486,26.0,2,49.3,0.081,0,0,,2025-12-31,47.7,13,2025-12-03,2024-10-08,3.67,2,23.2,0,28.0,0,62.6
C002286,2025-04-04,Startup,Europe,Starter,Paid Search,7,30.41,271,26.0,0,31.8,0.409,0,1,2025-09-07,2025-12-31,82.35,3,2025-08-03,2025-04-07,27.45,0,0.0,0,150.0,0,73.7
C002287,2025-07-19,Mid-Market,North America,Business,Paid Search,31,218.27,165,27.0,0,48.3,0.621,0,0,,2025-12-31,2512.93,10,2025-12-19,2025-08-19,251.29,1,40.0,0,12.0,1,82.6
C002288,2025-03-20,SMB,North America,Business,Sales,19,212.04,286,0.0,2,67.5,0.419,0,0,,2025-12-31,538.94,2,2025-06-05,2025-04-26,269.47,2,31.0,0,209.0,1,51.3
C002289,2025-09-01,Mid-Market,North America,Pro,Referral,17,81.61,121,4.0,0,33.5,0.724,1,1,2025-10-24,2025-12-31,92.48,1,2025-10-18,2025-10-18,92.48,2,54.8,0,74.0,0,61.6
C002290,2023-08-19,SMB,LATAM,Pro,Paid Search,10,84.12,865,13.0,0,35.6,0.632,0,0,,2025-12-31,1269.89,16,2025-12-13,2023-09-21,79.37,1,24.8,0,18.0,1,69.1
C002291,2023-07-19,SMB,North America,Business,Organic,6,175.62,896,16.0,1,88.3,0.623,1,0,,2025-12-31,2900.31,17,2025-12-12,2023-08-23,170.61,1,34.2,0,19.0,1,73.3
C002292,2023-04-05,Enterprise,North America,Business,Partner,52,189.84,1001,11.0,2,42.7,0.389,0,0,,2025-12-31,4103.66,22,2025-10-22,2023-04-23,186.53,2,66.7,0,70.0,1,57.8
C002293,2022-12-03,Mid-Market,North America,Business,Sales,65,208.59,1124,7.0,0,9.8,0.707,0,0,,2025-12-31,4169.9,19,2025-12-08,2022-12-16,219.47,1,19.5,0,23.0,1,63.4
C002294,2024-12-06,Startup,North America,Business,Organic,7,216.78,390,7.0,1,56.8,0.46,0,0,,2025-12-31,2933.96,13,2025-11-11,2024-12-18,225.69,2,42.3,1,50.0,1,59.2
C002295,2024-10-18,Mid-Market,North America,Starter,Referral,78,26.48,439,16.0,2,45.0,0.24,1,0,,2025-12-31,403.68,14,2025-12-16,2024-10-25,28.83,2,26.4,0,15.0,1,56.0
C002296,2025-02-19,Mid-Market,Europe,Pro,Organic,49,74.98,315,27.0,0,18.6,0.256,0,0,,2025-12-31,468.58,6,2025-12-23,2025-03-28,78.1,1,17.2,1,8.0,1,68.6
C002297,2022-08-28,Mid-Market,North America,Pro,Referral,26,77.7,1221,23.0,3,7.4,0.07,1,1,2025-08-22,2025-12-31,2318.97,29,2025-07-11,2022-08-31,79.96,3,74.0,0,173.0,0,51.9
C002298,2023-12-04,SMB,North America,Free,Organic,11,0.0,758,4.0,2,41.0,0.557,0,0,,2025-12-31,68.56,14,2025-11-30,2024-02-19,4.9,3,27.7,0,31.0,0,56.4
C002299,2022-11-14,Startup,North America,Business,Partner,2,191.14,1143,4.0,0,33.5,0.576,0,0,,2025-12-31,5180.85,28,2025-10-24,2022-11-26,185.03,0,0.0,0,68.0,1,59.2
C002300,2025-07-01,SMB,Europe,Pro,Organic,18,70.47,183,7.0,5,3.9,0.659,0,0,,2025-12-31,180.76,2,2025-10-15,2025-09-29,90.38,5,60.6,0,77.0,1,53.9
C002301,2023-01-18,SMB,North America,Free,Paid Search,11,0.0,1078,20.0,1,32.8,0.454,2,1,2024-02-06,2025-12-31,14.02,8,2023-09-01,2023-02-27,1.75,1,28.0,0,852.0,0,64.3
C002302,2022-07-25,Mid-Market,Europe,Pro,Partner,70,76.57,1255,0.0,0,31.2,0.287,0,0,,2025-12-31,2026.75,29,2025-12-27,2022-07-27,69.89,1,0.9,1,4.0,1,46.7
C002303,2024-03-25,Enterprise,APAC,Starter,Partner,198,32.16,646,19.0,0,33.4,0.469,1,0,,2025-12-31,404.74,12,2025-12-02,2024-04-27,33.73,1,6.9,0,29.0,1,67.4
C002304,2025-06-11,SMB,APAC,Free,Partner,18,0.0,203,16.0,0,47.3,0.487,1,0,,2025-12-31,0.0,5,2025-12-06,2025-07-26,0.0,0,0.0,0,25.0,0,66.6
C002305,2025-08-02,Startup,North America,Pro,Organic,4,89.57,151,18.0,0,-9.0,0.204,0,0,,2025-12-31,117.8,1,2025-09-01,2025-09-01,117.8,0,0.0,0,121.0,1,56.3
C002306,2022-05-18,SMB,APAC,Business,Referral,15,226.16,1323,24.0,6,7.2,0.347,0,1,2023-11-04,2025-12-31,2970.89,15,2023-10-28,2022-07-23,198.06,6,49.5,1,795.0,0,58.6
C002307,2023-04-12,SMB,APAC,Pro,Organic,23,73.93,994,16.0,0,22.8,0.467,0,0,,2025-12-31,2063.19,27,2025-11-08,2023-05-23,76.41,0,0.0,0,53.0,1,65.6
C002308,2022-08-08,SMB,North America,Free,Partner,21,0.0,1241,17.0,2,68.2,0.854,2,1,2025-12-30,2025-12-31,150.39,16,2025-11-24,2023-01-10,9.4,2,27.8,0,37.0,0,75.6
C002309,2023-03-17,SMB,Europe,Pro,Organic,7,76.66,1020,13.0,1,94.2,0.459,0,0,,2025-12-31,1424.77,19,2025-12-31,2023-04-08,74.99,1,0.0,0,0.0,1,68.3
C002310,2024-02-03,SMB,APAC,Free,Paid Search,19,0.0,697,18.0,0,35.1,0.339,1,1,2025-08-02,2025-12-31,52.2,13,2025-07-27,2024-02-23,4.02,0,0.0,0,157.0,0,62.8
C002311,2023-02-06,SMB,North America,Enterprise,Paid Search,9,1556.04,1059,10.0,2,36.1,0.679,0,0,,2025-12-31,34267.52,23,2025-10-31,2023-03-18,1489.89,2,19.7,0,61.0,1,64.9
C002312,2022-04-07,SMB,North America,Starter,Sales,15,25.03,1364,1.0,1,-26.1,0.912,0,0,,2025-12-31,621.77,24,2025-08-18,2022-04-28,25.91,1,43.6,0,135.0,1,59.1
C002313,2023-12-31,SMB,Europe,Business,Partner,17,176.07,731,0.0,2,57.6,0.623,0,0,,2025-12-31,3447.89,20,2025-12-21,2024-03-09,172.39,3,43.1,0,10.0,1,56.4
C002314,2022-03-17,Startup,North America,Free,Organic,6,0.0,1385,20.0,5,46.2,0.432,0,0,,2025-12-31,176.49,30,2025-12-31,2022-03-26,5.88,5,74.0,0,0.0,0,62.9
C002315,2022-11-21,SMB,LATAM,Free,Referral,11,0.0,1136,17.0,2,42.1,0.688,0,0,,2025-12-31,111.56,29,2025-12-03,2023-01-27,3.85,4,18.6,1,28.0,0,72.0
C002316,2022-01-01,Enterprise,North America,Pro,Organic,294,67.95,1460,11.0,0,3.8,0.559,1,0,,2025-12-31,2158.55,32,2025-11-09,2022-01-06,67.45,1,13.2,0,52.0,1,60.0
C002317,2022-05-05,Mid-Market,North America,Business,Organic,70,184.32,1336,20.0,0,84.5,0.21,0,0,,2025-12-31,5197.53,31,2025-11-24,2022-06-04,167.66,1,55.9,0,37.0,1,67.6
C002318,2023-09-16,SMB,North America,Enterprise,Paid Search,11,1815.66,837,13.0,0,73.0,0.289,0,0,,2025-12-31,34095.39,18,2025-11-20,2023-09-30,1894.19,1,25.2,0,41.0,1,62.6
C002319,2025-05-01,SMB,North America,Pro,Referral,12,73.81,244,7.0,1,42.4,0.437,0,0,,2025-12-31,354.42,5,2025-12-31,2025-05-03,70.88,1,12.6,0,0.0,1,57.1
C002320,2025-01-12,SMB,APAC,Starter,Sales,14,30.31,353,16.0,1,59.8,0.164,0,0,,2025-12-31,79.05,2,2025-09-26,2025-06-08,39.52,1,20.7,0,96.0,1,58.7
C002321,2022-05-22,SMB,APAC,Free,Sales,5,0.0,1319,10.0,0,36.3,0.35,0,0,,2025-12-31,149.66,34,2025-12-31,2022-08-23,4.4,3,55.4,0,0.0,0,58.1
C002322,2022-02-19,Mid-Market,LATAM,Pro,Organic,48,79.14,1411,27.0,2,55.5,0.467,0,0,,2025-12-31,3474.54,42,2025-10-05,2022-03-17,82.73,3,25.3,0,87.0,1,75.7
C002323,2023-04-29,SMB,Europe,Starter,Organic,23,31.46,977,20.0,1,2.3,0.497,0,0,,2025-12-31,519.31,19,2025-10-16,2023-05-26,27.33,3,12.0,0,76.0,1,66.5
C002324,2024-07-21,SMB,Europe,Enterprise,Referral,7,974.6,528,20.0,1,-21.8,0.312,0,0,,2025-12-31,14495.28,14,2025-12-10,2024-08-12,1035.38,2,8.2,1,21.0,1,58.5
C002325,2024-12-03,SMB,North America,Pro,Organic,18,69.7,393,19.0,1,3.3,0.162,0,1,2025-09-07,2025-12-31,417.79,7,2025-09-05,2025-01-22,59.68,1,36.9,0,117.0,0,55.7
C002326,2025-03-23,SMB,North America,Business,Partner,18,176.91,283,19.0,0,14.8,0.646,1,0,,2025-12-31,1395.76,8,2025-11-28,2025-04-16,174.47,0,0.0,0,33.0,1,70.8
C002327,2023-05-05,Mid-Market,LATAM,Business,Sales,69,227.48,971,21.0,2,18.9,0.496,2,1,2024-03-09,2025-12-31,1194.5900000000001,5,2024-01-16,2023-05-19,238.92,2,151.4,0,715.0,0,63.5
C002328,2022-08-29,SMB,Europe,Free,Organic,9,0.0,1220,12.0,2,46.2,0.261,0,0,,2025-12-31,74.83,24,2025-08-27,2022-09-15,3.12,2,13.8,0,126.0,0,55.2
C002329,2022-02-07,SMB,Europe,Starter,Paid Search,12,28.08,1423,23.0,1,28.6,0.453,0,0,,2025-12-31,582.33,20,2025-12-07,2022-02-20,29.12,2,23.9,0,24.0,1,70.5
C002330,2022-07-30,Startup,Europe,Business,Referral,4,185.27,1250,0.0,2,34.3,0.346,0,0,,2025-12-31,5396.1,28,2025-11-16,2022-08-06,192.72,2,69.8,0,45.0,1,45.8
C002331,2022-04-04,SMB,APAC,Starter,Partner,12,31.07,1367,18.0,0,5.4,0.198,0,0,,2025-12-31,944.54,32,2025-11-16,2022-04-06,29.52,1,0.0,0,45.0,1,57.6
C002332,2025-05-15,Mid-Market,North America,Pro,Sales,25,73.43,230,15.0,0,3.2,0.395,0,0,,2025-12-31,322.36,4,2025-12-12,2025-07-10,80.59,0,0.0,0,19.0,1,60.6
C002333,2023-01-19,SMB,APAC,Business,Partner,12,203.03,1077,0.0,1,36.0,0.779,0,0,,2025-12-31,5410.31,25,2025-12-17,2023-03-03,216.41,1,43.8,0,14.0,1,60.5
C002334,2025-03-23,SMB,APAC,Starter,Paid Search,7,25.61,283,18.0,1,21.4,0.342,0,0,,2025-12-31,228.57999999999998,9,2025-11-06,2025-06-27,25.4,1,51.7,0,55.0,1,62.0
C002335,2024-03-02,Mid-Market,APAC,Business,Referral,15,217.72,669,0.0,1,35.1,0.405,0,0,,2025-12-31,2574.77,12,2025-12-16,2024-06-25,214.56,2,13.9,0,15.0,1,49.2
C002336,2024-02-10,Startup,North America,Starter,Referral,5,32.96,690,19.0,1,48.6,0.125,1,0,,2025-12-31,425.31,12,2025-11-24,2024-03-25,35.44,1,5.4,0,37.0,1,57.1
C002337,2023-10-13,Enterprise,North America,Pro,Sales,140,75.57,810,14.0,2,76.0,0.31,0,0,,2025-12-31,855.69,13,2025-12-02,2023-11-13,65.82,2,81.4,0,29.0,1,61.4
C002338,2025-03-17,Enterprise,Europe,Starter,Paid Search,383,25.5,289,17.0,2,34.5,0.532,2,1,2025-12-18,2025-12-31,185.39999999999998,6,2025-12-16,2025-07-08,30.9,3,26.8,0,15.0,0,62.6
C002339,2022-03-04,Mid-Market,APAC,Pro,Paid Search,35,75.43,1398,17.0,3,80.3,0.15,1,0,,2025-12-31,2025.49,29,2025-12-22,2022-06-04,69.84,4,53.5,0,9.0,1,56.2
C002340,2022-05-13,Mid-Market,LATAM,Free,Paid Search,34,0.0,1328,8.0,0,45.2,0.527,0,0,,2025-12-31,231.65,32,2025-11-13,2022-06-23,7.24,0,0.0,0,48.0,0,62.5
C002341,2023-08-29,Startup,Europe,Free,Organic,6,0.0,855,17.0,3,52.2,0.074,1,0,,2025-12-31,23.76,18,2025-12-09,2023-09-05,1.32,4,49.3,0,22.0,0,51.1
C002342,2023-07-19,SMB,North America,Starter,Sales,23,33.04,896,6.0,1,61.3,0.529,0,0,,2025-12-31,343.23,11,2025-08-27,2023-08-19,31.2,1,4.9,0,126.0,1,60.9
C002343,2024-02-20,Mid-Market,North America,Starter,Sales,45,27.22,680,21.0,1,53.0,0.228,1,0,,2025-12-31,509.34000000000003,19,2025-12-10,2024-02-26,26.81,3,15.2,0,21.0,1,62.4
C002344,2024-11-21,SMB,Europe,Pro,Paid Search,17,85.15,405,2.0,2,15.0,0.898,0,0,,2025-12-31,1261.23,13,2025-11-18,2024-12-22,97.02,2,89.6,0,43.0,1,62.2
C002345,2024-04-20,Mid-Market,North America,Free,Sales,49,0.0,620,3.0,1,62.1,0.158,0,1,2024-12-10,2025-12-31,23.81,4,2024-08-12,2024-04-24,5.95,1,11.8,0,506.0,0,47.1
C002346,2023-01-04,Mid-Market,Europe,Starter,Paid Search,46,31.42,1092,19.0,2,25.6,0.225,0,0,,2025-12-31,738.56,24,2025-12-01,2023-02-20,30.77,3,74.6,0,30.0,1,58.3
C002347,2023-04-14,Mid-Market,APAC,Starter,Referral,62,25.45,992,1.0,1,42.5,0.525,0,0,,2025-12-31,782.93,31,2025-12-19,2023-04-26,25.26,1,27.6,0,12.0,1,54.4
C002348,2024-12-11,SMB,North America,Starter,Partner,23,32.04,385,27.0,0,38.3,0.56,0,0,,2025-12-31,228.94,7,2025-07-26,2025-01-20,32.71,0,0.0,0,158.0,1,79.7
C002349,2022-10-16,Mid-Market,North America,Starter,Referral,46,28.49,1172,0.0,1,63.6,0.436,0,0,,2025-12-31,714.34,26,2025-11-22,2022-10-29,27.47,2,87.8,0,39.0,1,52.9
C002350,2023-12-22,SMB,North America,Free,Referral,9,0.0,740,14.0,4,44.8,0.111,1,0,,2025-12-31,63.73,15,2025-12-17,2023-12-31,4.25,4,36.5,0,14.0,0,47.3
C002351,2024-02-10,Mid-Market,North America,Pro,Partner,21,75.07,690,27.0,1,0.3,0.502,0,0,,2025-12-31,1154.09,14,2025-10-18,2024-02-25,82.43,1,24.4,0,74.0,1,72.7
C002352,2024-12-08,SMB,APAC,Business,Referral,17,223.91,388,18.0,1,87.3,0.198,1,0,,2025-12-31,1841.0,8,2025-11-28,2025-02-03,230.12,1,11.3,0,33.0,1,62.2
C002353,2024-10-18,Startup,North America,Pro,Paid Search,2,72.41,439,17.0,2,55.9,0.38,2,0,,2025-12-31,508.28,7,2025-09-16,2024-10-31,72.61,2,30.2,0,106.0,1,60.2
C002354,2023-10-27,Mid-Market,North America,Starter,Referral,64,26.23,796,19.0,2,21.2,0.538,0,0,,2025-12-31,500.58,20,2025-12-30,2023-10-28,25.03,3,3.5,0,1.0,1,67.2
C002355,2023-03-19,Enterprise,North America,Business,Organic,317,169.87,1018,19.0,3,6.6,0.351,0,0,,2025-12-31,2299.8,15,2025-12-12,2023-04-14,153.32,3,29.1,0,19.0,1,58.7
C002356,2023-06-11,Startup,North America,Pro,Organic,4,73.97,934,4.0,0,58.7,0.3,2,0,,2025-12-31,1413.17,19,2025-11-16,2023-06-29,74.38,1,0.0,0,45.0,1,49.4
C002357,2023-08-12,SMB,Europe,Pro,Referral,23,77.21,872,8.0,0,9.5,0.484,1,0,,2025-12-31,1634.1,20,2025-12-22,2023-10-14,81.7,0,0.0,0,9.0,1,55.6
C002358,2022-11-10,SMB,Europe,Starter,Referral,12,31.32,1147,5.0,2,55.0,0.536,0,0,,2025-12-31,656.98,21,2025-12-07,2022-12-29,31.28,2,103.0,0,24.0,1,58.0
C002359,2024-06-13,Enterprise,Europe,Starter,Sales,198,25.21,566,5.0,0,61.7,0.864,0,0,,2025-12-31,155.72,8,2025-11-23,2024-07-07,19.46,0,0.0,0,38.0,1,71.6
C002360,2022-10-25,Mid-Market,Europe,Pro,Organic,55,72.49,1163,5.0,1,18.8,0.691,0,0,,2025-12-31,1194.47,17,2025-12-06,2023-03-22,70.26,1,53.7,0,25.0,1,60.6
C002361,2024-07-16,SMB,North America,Starter,Organic,20,29.87,533,17.0,1,16.5,0.466,0,0,,2025-12-31,298.68,9,2025-12-14,2024-07-22,33.19,1,15.8,0,17.0,1,64.3
C002362,2024-12-10,Startup,Europe,Pro,Paid Search,5,85.33,386,26.0,2,23.2,0.666,0,0,,2025-12-31,460.0,5,2025-12-21,2025-04-09,92.0,2,53.2,0,10.0,1,77.5
C002363,2025-10-07,Mid-Market,North America,Starter,Referral,46,30.65,85,15.0,1,10.3,0.352,0,0,,2025-12-31,19.37,1,2025-11-30,2025-11-30,19.37,2,9.0,0,31.0,1,58.5
C002364,2022-06-20,SMB,LATAM,Starter,Sales,9,31.33,1290,0.0,2,40.7,0.124,0,0,,2025-12-31,975.1,30,2025-12-06,2022-07-10,32.5,2,36.5,0,25.0,1,39.8
C002365,2024-12-22,SMB,North America,Starter,Referral,14,31.41,374,19.0,2,44.3,0.785,2,0,,2025-12-31,228.32,8,2025-12-12,2025-02-19,28.54,2,45.0,0,19.0,1,72.9
C002366,2022-05-03,Enterprise,Europe,Free,Paid Search,295,0.0,1338,15.0,2,53.2,0.322,0,0,,2025-12-31,179.64,36,2025-12-14,2022-05-26,4.99,2,44.9,0,17.0,0,60.4
C002367,2023-04-28,Mid-Market,North America,Starter,Referral,38,27.13,978,21.0,1,14.2,0.538,1,1,2025-12-05,2025-12-31,551.2,20,2025-09-06,2023-06-29,27.56,1,25.4,0,116.0,0,67.8
C002368,2022-09-10,Mid-Market,APAC,Free,Organic,55,0.0,1208,10.0,1,56.0,0.271,0,0,,2025-12-31,116.97,27,2025-11-27,2022-10-11,4.33,1,6.8,0,34.0,0,56.2
C002369,2022-08-21,SMB,North America,Pro,Sales,9,84.41,1228,12.0,2,10.3,0.386,0,0,,2025-12-31,1879.29,23,2025-05-31,2022-09-02,81.71,4,21.2,0,214.0,1,55.3
C002370,2022-09-08,SMB,LATAM,Starter,Partner,18,33.01,1210,18.0,1,56.0,0.372,1,0,,2025-12-31,605.72,18,2025-09-27,2022-11-09,33.65,1,16.0,0,95.0,1,64.3
C002371,2022-03-04,SMB,North America,Pro,Paid Search,20,90.11,1398,19.0,1,-2.2,0.469,0,0,,2025-12-31,2304.56,25,2025-12-23,2022-06-07,92.18,1,68.2,0,8.0,1,64.3
C002372,2025-03-23,Mid-Market,APAC,Enterprise,Partner,79,10742.84,283,6.0,1,74.2,0.683,1,0,,2025-12-31,56898.39,5,2025-10-16,2025-04-03,11379.68,2,0.0,0,76.0,1,64.8
C002373,2022-03-29,SMB,Europe,Business,Referral,6,204.57,1373,16.0,1,22.0,0.42,1,0,,2025-12-31,4180.0,22,2025-09-23,2022-06-18,190.0,1,24.4,0,99.0,1,60.6
C002374,2023-07-24,SMB,North America,Pro,Organic,4,86.07,891,26.0,1,50.0,0.193,2,0,,2025-12-31,2725.38,30,2025-12-26,2023-07-26,90.85,2,25.6,0,5.0,1,63.5
C002375,2024-09-26,SMB,North America,Starter,Organic,23,30.3,461,1.0,2,52.0,0.889,1,0,,2025-12-31,437.03,14,2025-11-08,2024-10-05,31.22,2,23.4,0,53.0,1,62.8
C002376,2025-11-17,SMB,North America,Pro,Referral,7,68.77,44,9.0,0,3.3,0.707,0,0,,2025-12-31,78.56,1,2025-12-25,2025-12-25,78.56,0,0.0,0,6.0,1,64.6
C002377,2025-05-05,Mid-Market,APAC,Enterprise,Sales,40,6740.19,240,14.0,0,55.9,0.606,0,1,2025-10-12,2025-12-31,6068.81,1,2025-07-02,2025-07-02,6068.81,0,0.0,0,182.0,0,71.3
C002378,2022-07-16,SMB,APAC,Pro,Partner,12,78.32,1264,25.0,0,21.2,0.686,1,0,,2025-12-31,1366.61,20,2025-10-22,2022-08-12,68.33,0,0.0,0,70.0,1,78.0
C002379,2025-11-13,Mid-Market,North America,Free,Organic,78,0.0,48,27.0,1,27.3,0.631,1,0,,2025-12-31,27.33,4,2025-12-11,2025-11-28,6.83,1,17.9,0,20.0,0,77.3
C002380,2024-07-23,Mid-Market,North America,Business,Partner,15,216.56,526,16.0,0,18.2,0.325,0,0,,2025-12-31,2833.16,13,2025-11-16,2024-11-14,217.94,1,139.3,0,45.0,1,60.9
C002381,2022-09-14,Mid-Market,North America,Free,Organic,78,0.0,1204,15.0,0,75.3,0.343,0,0,,2025-12-31,158.65,20,2025-11-10,2022-10-02,7.93,2,10.2,0,51.0,0,66.2
C002382,2023-10-04,SMB,North America,Business,Paid Search,13,190.5,819,11.0,2,5.8,0.213,1,0,,2025-12-31,4434.21,24,2025-12-23,2024-02-22,184.76,2,4.7,0,8.0,1,46.8
C002383,2025-08-05,SMB,Europe,Free,Organic,4,0.0,148,12.0,1,45.8,0.357,2,0,,2025-12-31,44.89,6,2025-12-01,2025-08-27,7.48,2,7.1,1,30.0,0,55.5
C002384,2023-07-16,Mid-Market,North America,Free,Paid Search,74,0.0,899,20.0,1,19.4,0.388,0,0,,2025-12-31,133.88,26,2025-12-17,2023-07-20,5.15,1,0.0,0,14.0,0,64.9
C002385,2022-09-20,Startup,North America,Business,Paid Search,3,174.41,1198,15.0,1,62.3,0.245,0,0,,2025-12-31,4521.25,27,2025-12-30,2022-11-08,167.45,1,4.7,0,1.0,1,60.5
C002386,2025-06-05,Startup,APAC,Pro,Organic,3,73.13,209,15.0,3,93.0,0.894,0,0,,2025-12-31,731.98,10,2025-12-31,2025-08-30,73.2,3,39.9,0,0.0,1,80.0
C002387,2025-09-24,Enterprise,APAC,Pro,Paid Search,303,84.95,98,23.0,1,19.2,0.357,0,0,,2025-12-31,194.81,2,2025-11-12,2025-10-16,97.4,1,0.0,0,49.0,1,66.7
C002388,2025-10-27,SMB,APAC,Business,Partner,19,175.9,65,3.0,2,38.5,0.342,0,0,,2025-12-31,228.66,1,2025-12-22,2025-12-22,228.66,3,26.8,0,9.0,1,48.8
C002389,2025-09-28,Mid-Market,North America,Business,Organic,66,189.82,94,26.0,0,25.4,0.437,1,0,,2025-12-31,497.20000000000005,2,2025-11-23,2025-10-22,248.6,1,57.2,0,38.0,1,71.9
C002390,2025-06-02,Startup,LATAM,Pro,Organic,5,84.96,212,19.0,1,61.0,0.222,1,0,,2025-12-31,524.12,7,2025-12-24,2025-06-29,74.87,3,77.9,0,7.0,1,61.2
C002391,2023-10-12,Mid-Market,Europe,Enterprise,Paid Search,44,7601.57,811,16.0,2,28.8,0.546,1,0,,2025-12-31,56745.880000000005,8,2025-09-26,2023-10-21,7093.24,3,20.4,0,96.0,1,63.5
C002392,2022-10-02,Mid-Market,Europe,Starter,Referral,72,31.17,1186,16.0,1,57.6,0.422,1,1,2025-10-07,2025-12-31,648.06,20,2025-07-17,2022-11-26,32.4,2,32.8,0,167.0,0,64.2
C002393,2024-06-01,SMB,North America,Starter,Referral,14,29.85,578,16.0,2,25.1,0.269,0,0,,2025-12-31,351.02,12,2025-12-29,2024-06-09,29.25,2,31.8,0,2.0,1,56.9
C002394,2022-11-12,Mid-Market,APAC,Business,Paid Search,22,210.74,1145,15.0,2,91.1,0.44,1,0,,2025-12-31,5191.27,25,2025-12-13,2023-01-19,207.65,2,8.8,0,18.0,1,65.7
C002395,2023-11-08,SMB,Europe,Starter,Referral,5,30.44,784,9.0,0,-19.8,0.108,0,0,,2025-12-31,681.6,24,2025-06-03,2023-12-08,28.4,2,14.6,0,211.0,1,44.3
C002396,2024-07-27,SMB,APAC,Business,Referral,19,201.77,522,20.0,0,44.4,0.606,3,0,,2025-12-31,2258.76,13,2025-12-20,2024-08-16,173.75,2,50.6,0,11.0,1,69.5
C002397,2025-09-15,Mid-Market,Europe,Free,Partner,70,0.0,107,7.0,0,34.7,0.731,2,1,2025-11-17,2025-12-31,0.0,3,2025-11-12,2025-10-22,0.0,1,0.0,0,49.0,0,62.6
C002398,2023-02-18,SMB,APAC,Free,Paid Search,14,0.0,1047,18.0,2,33.8,0.58,0,1,2024-06-02,2025-12-31,75.73,11,2024-03-13,2023-04-09,6.88,3,8.2,0,658.0,0,68.9
C002399,2022-12-27,Startup,APAC,Free,Organic,6,0.0,1100,14.0,1,42.1,0.301,0,0,,2025-12-31,149.66,24,2025-10-27,2023-02-13,6.24,1,33.3,0,65.0,0,59.2
C002400,2024-11-16,SMB,LATAM,Pro,Organic,23,78.97,410,10.0,0,36.5,0.438,0,0,,2025-12-31,590.39,7,2025-07-26,2025-01-05,84.34,0,0.0,0,158.0,1,60.7
C002401,2022-01-10,SMB,North America,Business,Paid Search,21,215.9,1451,22.0,2,40.5,0.357,0,0,,2025-12-31,6388.96,28,2025-11-03,2022-01-24,228.18,2,21.5,0,58.0,1,66.4
C002402,2024-03-20,Mid-Market,North America,Starter,Paid Search,18,28.73,651,8.0,4,45.2,0.181,0,0,,2025-12-31,424.41,16,2025-12-08,2024-05-30,26.53,4,50.7,1,23.0,1,46.1
C002403,2024-12-02,Mid-Market,APAC,Free,Sales,59,0.0,394,18.0,2,78.7,0.813,1,0,,2025-12-31,77.2,12,2025-12-18,2024-12-11,6.43,3,69.3,0,13.0,0,78.3
C002404,2024-02-27,Startup,Europe,Starter,Organic,3,33.19,673,7.0,0,-34.1,0.787,1,0,,2025-12-31,542.23,14,2025-12-26,2024-03-02,38.73,0,0.0,0,5.0,1,59.4
C002405,2023-07-04,SMB,Europe,Starter,Paid Search,19,25.48,911,5.0,2,81.2,0.641,1,0,,2025-12-31,414.43,17,2025-11-04,2023-09-04,24.38,3,14.8,0,57.0,1,61.8
C002406,2025-03-30,SMB,APAC,Pro,Sales,13,74.01,276,16.0,2,99.0,0.478,0,0,,2025-12-31,403.92,5,2025-11-22,2025-04-21,80.78,3,24.1,1,39.0,1,70.5
C002407,2023-06-15,Startup,Europe,Pro,Partner,1,73.25,930,27.0,0,-8.8,0.662,0,0,,2025-12-31,1444.42,20,2025-12-23,2023-06-15,72.22,2,41.6,0,8.0,1,78.1
C002408,2024-10-13,Mid-Market,APAC,Free,Organic,48,0.0,444,8.0,2,36.2,0.163,0,1,2025-03-09,2025-12-31,24.04,3,2025-01-18,2024-11-14,8.01,3,20.3,0,347.0,0,47.7
C002409,2023-10-26,SMB,North America,Starter,Sales,18,25.73,797,3.0,1,69.3,0.404,0,0,,2025-12-31,365.47,13,2025-12-11,2024-01-04,28.11,1,3.0,1,20.0,1,55.2
C002410,2022-02-08,Mid-Market,APAC,Pro,Paid Search,44,87.04,1422,3.0,0,58.0,0.351,0,0,,2025-12-31,2291.23,28,2025-09-23,2022-03-11,81.83,1,79.5,0,99.0,1,54.0
C002411,2024-01-29,Mid-Market,North America,Starter,Organic,64,25.56,702,13.0,0,76.9,0.673,0,0,,2025-12-31,616.17,24,2025-12-06,2024-03-01,25.67,0,0.0,0,25.0,1,74.5
C002412,2022-03-12,SMB,Europe,Starter,Paid Search,6,33.19,1390,21.0,0,44.3,0.424,0,0,,2025-12-31,1302.91,44,2025-10-28,2022-03-15,29.61,2,57.4,0,64.0,1,70.9
C002413,2025-08-24,Mid-Market,APAC,Pro,Organic,23,70.58,129,19.0,1,-15.8,0.236,0,0,,2025-12-31,133.78,2,2025-12-29,2025-11-07,66.89,2,55.4,0,2.0,1,56.0
C002414,2024-05-10,Startup,North America,Starter,Referral,7,24.97,600,5.0,0,67.6,0.355,0,0,,2025-12-31,180.75,8,2025-09-19,2024-05-25,22.59,0,0.0,0,103.0,1,56.9
C002415,2023-06-17,Mid-Market,North America,Free,Organic,27,0.0,928,23.0,1,50.9,0.749,0,0,,2025-12-31,142.09,22,2025-10-23,2023-06-19,6.46,2,17.2,1,69.0,0,81.6
C002416,2023-11-27,Startup,North America,Starter,Referral,6,32.73,765,4.0,2,71.7,0.21,0,0,,2025-12-31,508.48,15,2025-12-30,2023-12-19,33.9,3,69.5,0,1.0,1,49.0
C002417,2024-06-04,SMB,Europe,Business,Organic,10,196.48,575,15.0,3,-3.3,0.163,2,1,2025-06-01,2025-12-31,1426.1100000000001,7,2025-04-22,2024-08-27,203.73,5,37.6,1,253.0,0,44.5
C002418,2023-01-08,SMB,Europe,Starter,Sales,11,30.03,1088,23.0,0,4.6,0.101,0,0,,2025-12-31,578.03,19,2025-12-14,2023-01-10,30.42,2,11.8,0,17.0,1,59.0
C002419,2023-02-17,Startup,North America,Business,Organic,7,180.74,1048,22.0,2,35.4,0.746,0,0,,2025-12-31,4810.39,26,2025-12-02,2023-02-27,185.02,3,33.6,0,29.0,1,77.6
C002420,2023-08-22,SMB,APAC,Pro,Sales,22,89.81,862,19.0,1,68.3,0.143,0,0,,2025-12-31,1137.53,13,2025-12-02,2023-09-21,87.5,1,33.9,0,29.0,1,61.6
C002421,2023-01-05,Mid-Market,North America,Pro,Organic,67,87.04,1091,9.0,1,75.3,0.473,0,0,,2025-12-31,2112.3,23,2025-10-09,2023-05-01,91.84,1,14.5,0,83.0,1,63.3
C002422,2024-12-19,Mid-Market,Europe,Business,Referral,35,222.11,377,21.0,1,16.9,0.554,0,0,,2025-12-31,602.52,3,2025-06-23,2025-02-26,200.84,1,13.6,0,191.0,1,70.6
C002423,2022-05-29,Mid-Market,Europe,Starter,Referral,33,32.0,1312,10.0,6,24.8,0.338,0,0,,2025-12-31,1034.59,32,2025-12-01,2022-08-14,32.33,6,93.2,0,30.0,1,47.5
C002424,2025-03-28,Startup,North America,Starter,Partner,3,29.47,278,9.0,1,100.0,0.274,0,0,,2025-12-31,345.84,12,2025-12-17,2025-04-06,28.82,1,0.0,0,14.0,1,59.8
C002425,2023-05-14,SMB,North America,Free,Organic,19,0.0,962,14.0,0,21.2,0.214,0,0,,2025-12-31,135.53,23,2025-12-19,2023-06-30,5.89,1,0.0,0,12.0,0,56.0
C002426,2024-03-13,Mid-Market,LATAM,Pro,Partner,57,90.69,658,17.0,1,51.9,0.446,0,0,,2025-12-31,1098.8600000000001,11,2025-12-18,2024-05-16,99.9,2,81.6,0,13.0,1,67.2
C002427,2022-08-14,Mid-Market,Europe,Pro,Partner,58,76.59,1235,5.0,1,23.7,0.379,0,0,,2025-12-31,2026.06,26,2025-10-27,2022-09-22,77.93,1,0.0,0,65.0,1,51.7
C002428,2023-07-06,SMB,North America,Business,Partner,17,227.17,909,26.0,0,46.9,0.498,1,0,,2025-12-31,4653.58,19,2025-12-28,2023-07-11,244.93,0,0.0,0,3.0,1,75.8
C002429,2024-12-15,SMB,APAC,Pro,Partner,3,72.68,381,24.0,0,13.3,0.401,0,0,,2025-12-31,605.18,8,2025-12-02,2025-01-14,75.65,1,24.9,0,29.0,1,69.8
C002430,2023-01-23,Mid-Market,Europe,Starter,Sales,51,29.86,1073,7.0,0,14.1,0.025,0,1,2025-02-18,2025-12-31,480.25,15,2025-02-07,2023-04-07,32.02,1,47.2,0,327.0,0,43.4
C002431,2022-07-09,SMB,North America,Starter,Sales,20,29.44,1271,6.0,0,25.7,0.457,0,0,,2025-12-31,784.79,29,2025-10-20,2022-11-17,27.06,0,0.0,0,72.0,1,56.6
C002432,2024-01-17,SMB,APAC,Starter,Paid Search,13,26.96,714,1.0,1,21.4,0.727,0,0,,2025-12-31,388.02,14,2025-12-12,2024-02-08,27.72,1,19.4,0,19.0,1,58.3
C002433,2022-08-21,SMB,Europe,Business,Organic,24,184.65,1228,11.0,2,27.4,0.104,1,0,,2025-12-31,4133.74,23,2025-12-13,2022-10-06,179.73,2,27.2,0,18.0,1,45.7
C002434,2023-03-27,Mid-Market,North America,Free,Organic,46,0.0,1010,4.0,1,48.1,0.505,0,0,,2025-12-31,145.84,19,2025-10-20,2023-04-06,7.68,1,12.2,0,72.0,0,57.0
C002435,2023-10-07,SMB,APAC,Enterprise,Referral,22,3338.15,816,26.0,0,82.3,0.191,1,0,,2025-12-31,59938.52,18,2025-11-01,2023-11-26,3329.92,1,9.4,0,60.0,1,70.2
C002436,2024-03-17,Mid-Market,North America,Free,Sales,19,0.0,654,25.0,2,20.2,0.516,0,0,,2025-12-31,102.84,15,2025-11-30,2024-03-21,6.86,3,12.4,0,31.0,0,71.8
C002437,2024-07-03,Mid-Market,North America,Pro,Paid Search,45,79.63,546,23.0,1,10.3,0.128,1,1,2025-02-19,2025-12-31,221.35000000000002,3,2025-02-07,2024-10-25,73.78,1,58.3,0,327.0,0,56.9
C002438,2024-08-25,SMB,North America,Free,Organic,17,0.0,493,7.0,0,35.2,0.138,1,0,,2025-12-31,120.78,11,2025-12-01,2024-09-06,10.98,0,0.0,0,30.0,0,46.9
C002439,2025-04-22,SMB,APAC,Business,Paid Search,12,185.94,253,19.0,0,13.7,0.671,0,0,,2025-12-31,1045.23,6,2025-11-24,2025-05-01,174.2,2,18.9,0,37.0,1,73.5
C002440,2022-04-05,Mid-Market,APAC,Starter,Paid Search,62,27.45,1366,13.0,1,-5.9,0.786,0,0,,2025-12-31,700.02,26,2025-08-17,2022-06-14,26.92,1,198.6,0,136.0,1,68.1
C002441,2023-06-03,Startup,LATAM,Pro,Sales,2,73.57,942,7.0,1,61.6,0.345,2,0,,2025-12-31,1123.18,16,2025-12-27,2023-09-15,70.2,2,19.2,0,4.0,1,52.3
C002442,2022-01-02,Enterprise,North America,Enterprise,Partner,65,9145.72,1459,14.0,0,37.0,0.72,1,0,,2025-12-31,209066.64,25,2025-11-17,2022-02-20,8362.67,0,0.0,0,44.0,1,70.8
C002443,2022-01-14,SMB,APAC,Pro,Organic,13,67.35,1447,4.0,0,39.5,0.392,0,0,,2025-12-31,1683.5900000000001,25,2025-10-15,2022-02-20,67.34,0,0.0,0,77.0,1,54.3
C002444,2022-10-31,Startup,Europe,Starter,Paid Search,7,31.61,1157,26.0,3,-13.2,0.745,0,0,,2025-12-31,902.2,29,2025-12-08,2022-11-08,31.11,3,34.8,0,23.0,1,74.7
C002445,2024-05-05,SMB,North America,Business,Organic,12,184.93,605,4.0,0,20.4,0.529,0,0,,2025-12-31,3650.27,19,2025-12-20,2024-06-07,192.12,0,0.0,0,11.0,1,56.5
C002446,2025-07-03,Startup,North America,Starter,Partner,5,32.47,181,8.0,0,-0.4,0.327,0,0,,2025-12-31,127.39,3,2025-10-11,2025-07-15,42.46,1,23.0,0,81.0,1,51.9
C002447,2025-01-11,SMB,APAC,Free,Partner,12,0.0,354,6.0,3,34.5,0.097,1,0,,2025-12-31,16.78,6,2025-12-26,2025-03-06,2.8,3,62.0,0,5.0,0,40.2
C002448,2024-07-13,SMB,North America,Pro,Organic,15,85.73,536,14.0,2,38.4,0.331,0,0,,2025-12-31,1250.14,15,2025-09-08,2024-07-16,83.34,2,47.0,0,114.0,1,58.3
C002449,2025-01-17,SMB,Europe,Business,Paid Search,20,186.99,348,18.0,1,38.3,0.241,0,0,,2025-12-31,1396.68,7,2025-09-12,2025-02-09,199.53,1,0.0,0,110.0,1,60.6
C002450,2022-09-03,SMB,Europe,Starter,Sales,24,30.49,1215,26.0,2,18.3,0.758,0,0,,2025-12-31,643.76,21,2025-12-08,2022-09-21,30.66,3,25.2,0,23.0,1,79.8
C002451,2025-04-15,Mid-Market,North America,Business,Referral,35,210.58,260,10.0,3,13.7,0.615,0,0,,2025-12-31,1363.27,6,2025-12-26,2025-07-01,227.21,4,7.2,0,5.0,1,59.2
C002452,2025-06-27,SMB,LATAM,Pro,Partner,15,72.31,187,5.0,0,30.2,0.524,1,1,2025-09-27,2025-12-31,142.39,2,2025-09-16,2025-08-24,71.19,0,0.0,0,106.0,0,56.2
C002453,2022-05-16,Mid-Market,APAC,Pro,Paid Search,72,71.93,1325,0.0,3,43.9,0.522,0,0,,2025-12-31,2063.79,29,2025-12-28,2022-06-23,71.17,3,16.6,0,3.0,1,50.6
C002454,2023-11-04,Startup,Europe,Starter,Sales,5,32.05,788,16.0,2,20.5,0.777,1,0,,2025-12-31,429.35,14,2025-11-13,2024-01-09,30.67,2,19.8,0,48.0,1,69.6
C002455,2025-04-01,Mid-Market,APAC,Pro,Referral,27,72.53,274,27.0,0,11.6,0.247,0,0,,2025-12-31,169.62,2,2025-10-21,2025-06-04,84.81,0,0.0,0,71.0,1,67.7
C002456,2023-11-12,Mid-Market,Europe,Starter,Sales,34,25.7,780,1.0,0,12.6,0.328,0,0,,2025-12-31,518.89,19,2025-12-22,2023-12-04,27.31,1,142.2,0,9.0,1,47.0
C002457,2025-04-16,Startup,APAC,Starter,Organic,2,30.65,259,27.0,1,18.5,0.318,0,0,,2025-12-31,217.75,6,2025-12-05,2025-04-19,36.29,2,10.5,0,26.0,1,69.0
C002458,2025-08-30,Mid-Market,North America,Starter,Organic,15,26.54,123,7.0,1,23.7,0.158,0,1,2025-11-08,2025-12-31,72.05,3,2025-10-14,2025-09-20,24.02,4,44.8,0,78.0,0,46.9
C002459,2023-11-10,Mid-Market,Europe,Business,Organic,16,212.35,782,25.0,2,7.5,0.25,1,0,,2025-12-31,3479.52,17,2025-12-04,2023-12-09,204.68,2,38.7,0,27.0,1,60.6
C002460,2022-03-27,SMB,North America,Starter,Referral,15,28.64,1375,1.0,0,23.9,0.388,1,0,,2025-12-31,724.21,24,2025-08-17,2022-04-03,30.18,0,0.0,0,136.0,1,47.9
C002461,2023-05-02,Mid-Market,Europe,Starter,Partner,59,27.8,974,24.0,2,65.9,0.304,1,0,,2025-12-31,564.62,21,2025-12-20,2023-08-11,26.89,2,9.8,0,11.0,1,67.1
C002462,2022-11-04,Mid-Market,Europe,Free,Organic,68,0.0,1153,9.0,1,27.6,0.02,0,0,,2025-12-31,166.08,26,2025-10-29,2023-01-08,6.39,1,3.0,0,63.0,0,44.9
C002463,2023-11-09,SMB,North America,Free,Sales,22,0.0,783,7.0,3,4.0,0.52,0,0,,2025-12-31,129.36,18,2025-12-30,2023-12-01,7.19,4,50.5,0,1.0,0,52.8
C002464,2024-04-17,Mid-Market,LATAM,Enterprise,Sales,55,8160.71,623,5.0,0,-21.5,0.304,0,1,2024-11-16,2025-12-31,59024.92,7,2024-11-04,2024-05-15,8432.13,0,0.0,0,422.0,0,46.4
C002465,2023-10-26,Mid-Market,North America,Pro,Organic,52,84.83,797,3.0,0,80.9,0.547,2,0,,2025-12-31,956.96,12,2025-10-21,2023-11-25,79.75,0,0.0,0,71.0,1,58.2
C002466,2022-10-07,Enterprise,North America,Pro,Partner,440,79.0,1181,22.0,2,63.5,0.439,1,0,,2025-12-31,1725.68,23,2025-10-13,2022-12-05,75.03,2,85.0,0,79.0,1,69.2
C002467,2023-03-07,Mid-Market,North America,Business,Partner,57,223.63,1030,1.0,2,42.1,0.038,0,1,2024-10-13,2025-12-31,1614.01,6,2024-10-09,2023-09-01,269.0,4,64.2,0,448.0,0,38.2
C002468,2024-08-29,Mid-Market,Europe,Starter,Organic,59,25.36,489,12.0,0,64.1,0.623,0,1,2025-05-03,2025-12-31,238.75,10,2025-05-01,2024-09-20,23.88,1,155.2,0,244.0,0,70.8
C002469,2022-02-08,Enterprise,North America,Business,Partner,261,199.63,1422,26.0,2,48.2,0.446,3,0,,2025-12-31,5675.53,27,2025-12-12,2022-04-16,210.2,2,64.4,0,19.0,1,67.4
C002470,2022-11-03,SMB,Europe,Enterprise,Organic,21,3094.36,1154,11.0,0,33.1,0.317,0,0,,2025-12-31,75751.69,25,2025-09-12,2022-11-09,3030.07,3,43.2,0,110.0,1,57.6
C002471,2025-06-30,SMB,APAC,Business,Sales,17,196.78,184,23.0,0,4.0,0.434,1,0,,2025-12-31,667.9399999999999,3,2025-10-04,2025-07-12,222.65,0,0.0,0,88.0,1,67.0
C002472,2022-05-22,Enterprise,North America,Pro,Referral,467,71.85,1319,19.0,1,82.7,0.355,1,0,,2025-12-31,1675.65,25,2025-12-04,2022-06-05,67.03,1,2.4,1,27.0,1,67.4
C002473,2023-08-17,Mid-Market,LATAM,Starter,Sales,60,27.33,867,22.0,1,24.1,0.534,0,0,,2025-12-31,599.7,20,2025-12-10,2023-10-18,29.99,1,8.1,0,21.0,1,71.6
C002474,2022-10-23,Startup,North America,Business,Referral,1,209.91,1165,26.0,2,25.4,0.21,0,0,,2025-12-31,5120.93,24,2025-11-26,2022-12-02,213.37,2,3.1,0,35.0,1,64.1
C002475,2022-05-30,SMB,Europe,Free,Organic,15,0.0,1311,2.0,2,35.9,0.517,0,0,,2025-12-31,121.33,23,2025-12-12,2022-05-31,5.28,2,28.6,0,19.0,0,52.9
C002476,2023-08-28,SMB,North America,Business,Paid Search,17,202.32,856,8.0,2,36.4,0.621,0,0,,2025-12-31,2336.13,11,2025-10-22,2024-03-10,212.38,2,7.2,0,70.0,1,61.4
C002477,2024-01-16,SMB,APAC,Starter,Referral,21,27.42,715,9.0,1,49.4,0.603,0,0,,2025-12-31,486.66,18,2025-12-18,2024-03-29,27.04,1,28.6,0,13.0,1,64.6
C002478,2022-09-09,Mid-Market,APAC,Pro,Paid Search,59,75.79,1209,1.0,1,46.5,0.539,0,0,,2025-12-31,1869.3,25,2025-12-07,2022-10-01,74.77,2,25.8,1,24.0,1,55.2
C002479,2022-04-22,Startup,North America,Business,Referral,2,199.9,1349,2.0,1,20.6,0.18,0,0,,2025-12-31,5208.88,26,2025-12-09,2022-05-10,200.34,1,55.2,0,22.0,1,42.7
C002480,2022-07-12,Startup,North America,Pro,Paid Search,3,80.21,1268,3.0,1,35.6,0.809,0,0,,2025-12-31,1605.18,19,2025-11-21,2022-07-30,84.48,1,23.8,0,40.0,1,64.0
C002481,2024-07-20,Startup,North America,Free,Organic,1,0.0,529,26.0,1,48.6,0.046,1,0,,2025-12-31,63.9,16,2025-12-27,2024-08-14,3.99,1,0.0,0,4.0,0,61.0
C002482,2025-05-15,Mid-Market,North America,Pro,Paid Search,34,89.81,230,24.0,0,18.5,0.285,0,0,,2025-12-31,231.79,3,2025-12-23,2025-05-24,77.26,2,0.0,0,8.0,1,66.8
C002483,2022-09-15,Mid-Market,LATAM,Enterprise,Partner,50,7271.8,1203,16.0,0,71.2,0.243,0,0,,2025-12-31,173890.75,24,2025-12-01,2022-11-15,7245.45,0,0.0,0,30.0,1,63.7
C002484,2023-04-04,Mid-Market,Europe,Pro,Paid Search,34,89.06,1002,23.0,2,34.5,0.644,1,0,,2025-12-31,1766.35,21,2025-08-26,2023-05-25,84.11,4,17.1,1,127.0,1,73.3
C002485,2023-05-07,Mid-Market,Europe,Business,Partner,35,203.72,969,9.0,3,75.0,0.497,0,0,,2025-12-31,3155.24,16,2025-11-01,2023-09-13,197.2,3,15.8,1,60.0,1,60.9
C002486,2023-05-31,Mid-Market,LATAM,Business,Paid Search,69,190.42,945,13.0,3,0.2,0.472,0,0,,2025-12-31,4598.05,23,2025-12-11,2023-07-28,199.92,4,15.7,2,20.0,1,56.3
C002487,2022-12-16,SMB,APAC,Business,Referral,10,180.39,1111,24.0,1,51.4,0.132,1,0,,2025-12-31,3383.08,19,2025-11-27,2022-12-19,178.06,2,36.7,0,34.0,1,62.0
C002488,2022-03-21,Mid-Market,APAC,Starter,Partner,26,30.35,1381,4.0,3,12.7,0.362,0,0,,2025-12-31,1240.09,39,2025-12-28,2022-05-02,31.8,3,27.2,0,3.0,1,46.2
C002489,2024-01-21,Startup,North America,Pro,Partner,3,83.22,710,4.0,3,19.1,0.22,0,0,,2025-12-31,1153.79,14,2025-11-07,2024-04-12,82.41,5,29.4,1,54.0,1,42.6
C002490,2023-05-27,Enterprise,North America,Business,Paid Search,184,222.85,949,14.0,0,57.6,0.173,1,0,,2025-12-31,4330.61,20,2025-12-03,2023-05-28,216.53,1,0.0,0,28.0,1,56.4
C002491,2023-05-05,Enterprise,North America,Enterprise,Paid Search,159,24086.2,971,7.0,5,29.3,0.167,1,0,,2025-12-31,321302.69,14,2025-12-01,2023-09-03,22950.19,6,49.6,0,30.0,1,39.7
C002492,2023-01-14,Startup,North America,Free,Organic,1,0.0,1082,18.0,0,99.9,0.33,0,0,,2025-12-31,97.42,17,2025-11-27,2023-02-16,5.73,0,0.0,0,34.0,0,71.0
C002493,2025-08-21,SMB,North America,Starter,Partner,12,30.22,132,17.0,0,48.0,0.127,1,0,,2025-12-31,142.39,5,2025-12-14,2025-08-25,28.48,0,0.0,0,17.0,1,56.8
C002494,2024-05-22,Mid-Market,North America,Starter,Organic,45,31.42,588,9.0,3,17.6,0.339,0,0,,2025-12-31,482.86,15,2025-09-24,2024-06-04,32.19,4,28.3,0,98.0,1,50.5
C002495,2023-08-22,SMB,North America,Business,Referral,5,220.09,862,3.0,2,48.0,0.181,1,0,,2025-12-31,5348.14,24,2025-08-31,2023-10-18,222.84,5,39.4,1,122.0,1,42.9
C002496,2022-10-21,Mid-Market,Europe,Business,Referral,32,213.11,1167,2.0,2,29.1,0.381,0,0,,2025-12-31,5138.24,22,2025-11-26,2023-03-24,233.56,3,23.3,0,35.0,1,48.1
C002497,2025-02-19,Mid-Market,North America,Pro,Paid Search,51,74.25,315,12.0,2,55.8,0.393,0,0,,2025-12-31,158.86,2,2025-06-15,2025-06-13,79.43,2,23.2,0,199.0,1,60.1
C002498,2025-06-24,SMB,North America,Free,Referral,6,0.0,190,9.0,2,27.6,0.411,2,1,2025-12-19,2025-12-31,0.0,1,2025-09-22,2025-09-22,0.0,3,83.2,0,100.0,0,51.1
C002499,2022-02-16,Mid-Market,North America,Starter,Partner,52,29.27,1414,0.0,2,45.2,0.225,1,0,,2025-12-31,1163.91,38,2025-11-09,2022-02-24,30.63,3,23.4,1,52.0,1,41.3
C002500,2025-08-22,SMB,Europe,Business,Organic,24,227.6,131,19.0,1,40.0,0.709,0,0,,2025-12-31,1676.59,6,2025-11-14,2025-08-29,279.43,2,91.0,0,47.0,1,75.7
C002501,2024-09-27,Mid-Market,APAC,Starter,Referral,71,29.32,460,26.0,0,37.0,0.156,0,0,,2025-12-31,310.59000000000003,10,2025-12-25,2024-11-24,31.06,0,0.0,0,6.0,1,66.6
C002502,2022-05-23,SMB,APAC,Free,Sales,5,0.0,1318,27.0,0,61.0,0.728,0,0,,2025-12-31,122.35,28,2025-12-22,2022-09-14,4.37,1,11.9,0,9.0,0,87.0
C002503,2024-12-13,SMB,North America,Starter,Organic,20,31.17,383,3.0,2,-10.1,0.155,0,1,2025-06-08,2025-12-31,78.34,3,2025-05-03,2025-04-04,26.11,2,50.2,0,242.0,0,38.3
C002504,2022-06-03,Mid-Market,North America,Business,Organic,35,192.67,1307,5.0,1,37.4,0.358,0,0,,2025-12-31,3903.66,22,2025-12-27,2022-07-25,177.44,1,5.5,0,4.0,1,52.4
C002505,2022-03-14,Enterprise,North America,Pro,Partner,396,79.41,1388,12.0,3,17.5,0.446,1,0,,2025-12-31,2800.66,35,2025-12-31,2022-03-17,80.02,3,27.8,0,0.0,1,54.3
C002506,2022-06-14,SMB,North America,Starter,Paid Search,4,31.09,1296,25.0,2,1.3,0.213,0,0,,2025-12-31,900.95,29,2025-11-12,2022-06-14,31.07,2,27.6,0,49.0,1,60.8
C002507,2023-10-20,SMB,North America,Starter,Partner,10,33.03,803,16.0,1,14.1,0.13,0,0,,2025-12-31,429.65,13,2025-10-04,2023-11-07,33.05,2,121.7,0,88.0,1,53.1
C002508,2024-06-04,SMB,LATAM,Enterprise,Partner,11,1918.58,575,12.0,2,19.5,0.474,1,0,,2025-12-31,37676.47,19,2025-12-28,2024-08-02,1982.97,2,158.0,0,3.0,1,56.9
C002509,2023-08-06,SMB,North America,Starter,Referral,12,26.87,878,25.0,0,29.1,0.656,0,0,,2025-12-31,417.05,16,2025-11-16,2023-09-01,26.07,0,0.0,0,45.0,1,79.9
C002510,2022-06-24,SMB,North America,Starter,Organic,6,26.53,1286,18.0,2,43.4,0.414,0,0,,2025-12-31,618.08,25,2025-12-17,2022-07-09,24.72,2,21.6,0,14.0,1,64.8
C002511,2022-10-12,Mid-Market,APAC,Starter,Paid Search,40,33.15,1176,27.0,0,48.6,0.461,1,0,,2025-12-31,680.17,19,2025-08-25,2022-10-23,35.8,2,0.0,0,128.0,1,75.8
C002512,2025-05-03,SMB,Europe,Starter,Referral,24,26.5,242,24.0,2,24.8,0.386,0,1,2025-11-06,2025-12-31,54.93,2,2025-10-29,2025-08-14,27.46,2,32.8,0,63.0,0,67.5
C002513,2025-10-08,Mid-Market,North America,Business,Paid Search,22,177.38,84,27.0,1,74.6,0.317,0,0,,2025-12-31,155.18,1,2025-11-17,2025-11-17,155.18,1,0.0,0,44.0,1,74.6
C002514,2024-12-14,SMB,North America,Business,Paid Search,14,222.54,382,15.0,0,25.7,0.702,0,0,,2025-12-31,1420.49,6,2025-11-09,2025-03-15,236.75,1,12.4,0,52.0,1,72.0
C002515,2022-05-28,Mid-Market,LATAM,Starter,Organic,35,28.52,1313,10.0,2,-13.7,0.668,1,0,,2025-12-31,686.39,24,2025-12-12,2022-06-06,28.6,3,33.8,1,19.0,1,57.6
C002516,2025-03-18,Mid-Market,North America,Business,Organic,58,172.06,288,1.0,1,26.4,0.485,1,0,,2025-12-31,524.27,3,2025-06-13,2025-03-20,174.76,2,27.0,0,201.0,1,49.6
C002517,2024-09-16,SMB,Europe,Starter,Paid Search,19,29.81,471,20.0,1,36.2,0.55,0,0,,2025-12-31,365.89,13,2025-12-04,2024-11-20,28.15,3,34.2,0,27.0,1,71.5
C002518,2024-01-23,SMB,APAC,Business,Paid Search,9,191.18,708,7.0,1,-46.8,0.532,0,1,2025-09-02,2025-12-31,2003.2,11,2025-08-25,2024-02-08,182.11,1,0.0,0,128.0,0,51.0
C002519,2022-07-24,SMB,North America,Free,Referral,10,0.0,1256,0.0,2,65.2,0.446,0,1,2025-05-02,2025-12-31,107.47,21,2025-03-14,2023-01-05,5.12,2,21.4,1,292.0,0,51.9
C002520,2025-11-26,SMB,APAC,Starter,Partner,8,29.86,35,22.0,2,32.5,0.735,0,0,,2025-12-31,34.32,1,2025-12-04,2025-12-04,34.32,4,26.1,0,27.0,1,76.9
C002521,2023-09-25,Startup,North America,Business,Sales,5,228.36,828,11.0,3,6.2,0.398,0,0,,2025-12-31,3017.8900000000003,13,2025-10-03,2023-10-16,232.15,3,46.6,0,89.0,1,52.9
C002522,2022-03-05,Startup,North America,Enterprise,Referral,7,987.84,1397,15.0,0,11.0,0.56,2,0,,2025-12-31,32679.91,31,2025-12-26,2022-03-25,1054.19,1,0.0,0,5.0,1,62.3
C002523,2022-10-28,Startup,North America,Business,Organic,3,183.29,1160,21.0,0,54.0,0.497,0,0,,2025-12-31,5315.74,28,2025-12-22,2022-12-04,189.85,1,15.6,0,9.0,1,74.1
C002524,2023-07-28,SMB,LATAM,Pro,Organic,20,86.97,887,9.0,3,57.1,0.423,0,0,,2025-12-31,1488.05,18,2025-10-28,2023-10-03,82.67,4,31.5,0,64.0,1,56.9
C002525,2022-03-31,SMB,North America,Business,Referral,14,177.3,1371,22.0,0,18.8,0.205,2,0,,2025-12-31,6592.39,35,2025-12-27,2022-04-01,188.35,0,0.0,0,4.0,1,58.7
C002526,2023-04-09,SMB,North America,Pro,Paid Search,16,90.23,997,16.0,0,1.1,0.436,0,0,,2025-12-31,1480.16,16,2025-11-24,2023-05-15,92.51,0,0.0,0,37.0,1,62.5
C002527,2023-11-01,SMB,LATAM,Starter,Paid Search,22,27.51,791,15.0,1,38.3,0.564,0,0,,2025-12-31,334.42,12,2025-12-31,2024-01-31,27.87,2,22.8,0,0.0,1,67.6
C002528,2025-09-18,Mid-Market,North America,Pro,Organic,76,82.08,104,7.0,1,42.9,0.463,1,0,,2025-12-31,168.45999999999998,2,2025-10-11,2025-09-24,84.23,1,29.6,0,81.0,1,55.9
C002529,2022-05-04,SMB,APAC,Pro,Partner,20,71.8,1337,22.0,0,49.1,0.412,0,0,,2025-12-31,1967.22,30,2025-12-05,2022-07-16,65.57,2,16.5,0,26.0,1,71.9
C002530,2024-04-04,Enterprise,Europe,Pro,Organic,301,74.65,636,6.0,0,20.9,0.35,1,0,,2025-12-31,1180.6100000000001,16,2025-12-29,2024-04-13,73.79,2,10.5,0,2.0,1,50.9
C002531,2025-08-02,Enterprise,Europe,Business,Organic,358,202.27,151,17.0,1,31.9,0.449,0,0,,2025-12-31,248.52,1,2025-12-30,2025-12-30,248.52,1,67.1,0,1.0,1,65.3
C002532,2025-02-26,Startup,APAC,Pro,Paid Search,3,90.02,308,23.0,2,35.5,0.466,1,0,,2025-12-31,880.61,10,2025-12-20,2025-03-25,88.06,2,23.4,0,11.0,1,68.1
C002533,2025-08-15,Enterprise,APAC,Starter,Referral,440,27.95,138,3.0,1,59.2,0.08,0,1,2025-11-03,2025-12-31,271.15,9,2025-11-01,2025-08-19,30.13,4,27.0,0,60.0,0,44.5
C002534,2022-09-01,SMB,North America,Starter,Organic,17,32.51,1217,11.0,4,68.2,0.616,0,0,,2025-12-31,590.63,20,2025-10-24,2023-07-09,29.53,5,70.7,0,68.0,1,64.1
C002535,2025-02-19,SMB,LATAM,Business,Referral,8,181.59,315,18.0,1,75.0,0.112,0,0,,2025-12-31,777.18,4,2025-11-10,2025-06-07,194.3,1,2.8,1,51.0,1,60.4
C002536,2025-10-31,Mid-Market,LATAM,Free,Paid Search,43,0.0,61,7.0,1,67.6,0.255,0,0,,2025-12-31,25.96,1,2025-12-17,2025-12-17,25.96,1,66.9,0,14.0,0,54.2
C002537,2023-04-12,Startup,APAC,Business,Paid Search,5,219.31,994,0.0,0,80.3,0.309,2,0,,2025-12-31,4590.72,22,2025-12-14,2023-08-07,208.67,2,24.8,0,17.0,1,48.3
C002538,2023-12-15,Mid-Market,Europe,Free,Paid Search,49,0.0,747,11.0,2,60.3,0.296,1,0,,2025-12-31,81.52000000000001,17,2025-11-08,2023-12-27,4.8,2,8.3,0,53.0,0,54.7
C002539,2024-01-30,Startup,Europe,Starter,Organic,5,25.65,701,13.0,2,20.3,0.241,0,0,,2025-12-31,305.01,11,2025-12-31,2024-02-18,27.73,2,45.4,0,0.0,1,52.9
C002540,2023-12-07,SMB,Europe,Business,Paid Search,24,170.4,755,25.0,4,73.3,0.18,0,0,,2025-12-31,1695.54,12,2025-10-24,2024-03-19,141.29,5,85.9,0,68.0,1,64.1
C002541,2023-02-19,Mid-Market,North America,Starter,Referral,53,31.79,1046,22.0,2,0.6,0.392,0,1,2025-06-10,2025-12-31,599.31,18,2025-04-02,2023-06-18,33.29,2,4.1,0,273.0,0,63.5
C002542,2025-10-20,Mid-Market,Europe,Business,Organic,48,179.37,72,5.0,1,94.1,0.819,0,0,,2025-12-31,161.71,1,2025-10-27,2025-10-27,161.71,1,25.1,0,65.0,1,71.9
C002543,2025-09-29,Mid-Market,Europe,Free,Sales,74,0.0,93,7.0,2,10.6,0.389,0,1,2025-11-24,2025-12-31,18.36,1,2025-11-24,2025-11-24,18.36,3,49.1,0,37.0,0,51.0
C002544,2023-06-29,Mid-Market,Europe,Pro,Organic,42,87.36,916,5.0,1,57.2,0.548,0,0,,2025-12-31,1654.05,19,2025-12-22,2023-09-13,87.06,1,47.5,0,9.0,1,60.1
C002545,2025-02-25,Mid-Market,North America,Pro,Paid Search,32,80.65,309,25.0,1,71.1,0.148,0,0,,2025-12-31,730.69,9,2025-12-24,2025-05-24,81.19,2,37.1,0,7.0,1,67.4
C002546,2023-07-23,Startup,Europe,Business,Partner,1,222.89,892,9.0,2,46.5,0.565,0,0,,2025-12-31,7536.93,32,2025-12-08,2023-07-25,235.53,2,65.6,0,23.0,1,61.6
C002547,2025-02-10,Mid-Market,Europe,Free,Referral,45,0.0,324,24.0,1,-16.3,0.13,2,1,2025-09-12,2025-12-31,14.94,3,2025-07-11,2025-04-17,4.98,2,0.0,0,173.0,0,53.2
C002548,2024-04-16,Startup,Europe,Starter,Organic,4,28.34,624,1.0,0,11.3,0.457,0,0,,2025-12-31,224.4,8,2025-12-04,2024-04-23,28.05,1,39.1,0,27.0,1,50.7
C002549,2023-11-04,Mid-Market,LATAM,Pro,Organic,71,71.81,788,15.0,0,43.9,0.542,0,0,,2025-12-31,1563.28,20,2025-12-06,2023-12-26,78.16,1,26.5,0,25.0,1,69.0
C002550,2022-07-03,Startup,APAC,Enterprise,Partner,1,155.08,1277,2.0,2,50.9,0.224,0,0,,2025-12-31,3892.81,26,2025-11-29,2022-10-24,149.72,2,34.6,0,32.0,1,45.6
C002551,2024-07-25,Mid-Market,North America,Business,Organic,70,214.59,524,15.0,1,30.5,0.355,0,1,2025-06-29,2025-12-31,1658.31,8,2025-06-10,2024-09-22,207.29,1,44.5,0,204.0,0,60.6
C002552,2023-04-05,SMB,North America,Business,Partner,6,222.44,1001,0.0,1,36.9,0.304,2,0,,2025-12-31,6145.16,30,2025-12-24,2023-05-31,204.84,1,12.9,0,7.0,1,42.3
C002553,2022-11-07,SMB,APAC,Pro,Referral,9,70.66,1150,4.0,3,-1.7,0.491,1,0,,2025-12-31,1699.37,24,2025-12-25,2023-04-13,70.81,3,36.0,0,6.0,1,46.6
C002554,2022-10-04,Mid-Market,Europe,Pro,Organic,76,75.35,1184,4.0,0,79.4,0.342,0,0,,2025-12-31,1568.76,21,2025-06-12,2022-11-28,74.7,1,9.2,0,202.0,1,56.8
C002555,2025-11-05,Startup,APAC,Business,Referral,7,195.64,56,19.0,0,25.6,0.198,0,0,,2025-12-31,182.74,1,2025-11-27,2025-11-27,182.74,2,28.6,0,34.0,1,60.5
C002556,2022-05-28,Mid-Market,North America,Business,Organic,77,183.96,1313,17.0,2,54.7,0.068,0,0,,2025-12-31,4427.83,24,2025-10-10,2022-08-13,184.49,2,59.6,0,82.0,1,54.7
C002557,2025-02-15,SMB,North America,Business,Sales,24,180.99,319,15.0,0,70.1,0.148,0,0,,2025-12-31,643.3299999999999,4,2025-10-15,2025-04-28,160.83,1,64.5,0,77.0,1,59.8
C002558,2025-05-23,SMB,North America,Business,Sales,19,218.21,222,5.0,0,6.1,0.346,0,0,,2025-12-31,1667.43,7,2025-12-19,2025-06-06,238.2,2,31.3,0,12.0,1,50.5
C002559,2022-02-14,SMB,APAC,Business,Partner,15,220.94,1416,7.0,2,38.2,0.549,0,0,,2025-12-31,7644.74,36,2025-12-30,2022-04-01,212.35,2,0.0,0,1.0,1,58.5
C002560,2024-04-22,Enterprise,LATAM,Free,Sales,209,0.0,618,10.0,2,41.9,0.403,0,1,2025-03-02,2025-12-31,33.34,8,2025-02-28,2024-06-08,4.17,2,69.8,0,306.0,0,57.2
C002561,2024-04-05,Mid-Market,APAC,Starter,Referral,18,32.66,635,27.0,0,28.5,0.458,0,0,,2025-12-31,239.6,7,2025-10-30,2024-06-11,34.23,1,97.4,0,62.0,1,75.7
C002562,2023-05-28,Mid-Market,Europe,Enterprise,Organic,48,8337.42,948,19.0,0,58.2,0.06,0,0,,2025-12-31,167679.29,20,2025-12-31,2023-06-16,8383.96,0,0.0,0,0.0,1,59.6
C002563,2024-08-11,Mid-Market,APAC,Pro,Organic,36,73.99,507,0.0,0,18.3,0.5,1,0,,2025-12-31,596.99,9,2025-09-28,2024-09-26,66.33,0,0.0,0,94.0,1,49.8
C002564,2023-08-08,Mid-Market,North America,Starter,Organic,73,30.21,876,0.0,2,36.4,0.077,0,1,2024-10-21,2025-12-31,349.03,12,2024-09-09,2023-08-18,29.09,2,68.4,0,478.0,0,38.0
C002565,2023-09-21,Startup,Europe,Pro,Paid Search,3,78.12,832,9.0,1,25.7,0.316,0,0,,2025-12-31,1258.36,16,2025-12-31,2023-11-03,78.65,1,6.8,0,0.0,1,53.6
C002566,2023-09-10,SMB,LATAM,Pro,Partner,24,72.05,843,5.0,1,93.1,0.351,0,0,,2025-12-31,1328.67,18,2025-12-23,2023-11-15,73.82,1,48.9,0,8.0,1,57.8
C002567,2025-02-18,SMB,North America,Business,Paid Search,11,175.73,316,11.0,1,18.4,0.537,0,0,,2025-12-31,1565.98,9,2025-12-26,2025-06-04,174.0,1,4.6,1,5.0,1,61.3
C002568,2024-06-24,Mid-Market,LATAM,Business,Partner,63,204.42,555,27.0,2,53.6,0.657,0,0,,2025-12-31,1883.18,9,2025-11-25,2024-07-15,209.24,2,25.3,0,36.0,1,81.2
C002569,2023-06-27,Mid-Market,North America,Free,Paid Search,40,0.0,918,5.0,1,79.9,0.507,2,1,2025-09-11,2025-12-31,78.1,16,2025-06-06,2023-07-29,4.88,1,206.4,0,208.0,0,57.2
C002570,2025-08-18,SMB,North America,Pro,Organic,8,86.17,135,16.0,0,12.0,0.299,0,0,,2025-12-31,221.06,3,2025-12-04,2025-08-18,73.69,0,0.0,0,27.0,1,59.5
C002571,2025-02-20,Mid-Market,Europe,Free,Organic,62,0.0,314,13.0,1,37.4,0.878,3,1,2025-06-04,2025-12-31,0.0,3,2025-04-27,2025-03-23,0.0,1,53.6,0,248.0,0,69.2
C002572,2025-08-26,Mid-Market,LATAM,Business,Sales,61,207.95,127,18.0,1,10.3,0.607,0,0,,2025-12-31,1512.13,7,2025-12-08,2025-08-27,216.02,2,23.3,0,23.0,1,68.8
C002573,2024-11-10,SMB,North America,Starter,Paid Search,13,29.38,416,15.0,0,-15.3,0.178,0,0,,2025-12-31,137.66,5,2025-08-03,2025-01-30,27.53,2,100.6,0,150.0,1,52.2
C002574,2023-07-14,SMB,APAC,Pro,Paid Search,21,81.77,901,14.0,2,15.4,0.13,1,1,2024-10-16,2025-12-31,562.1999999999999,8,2024-10-15,2023-08-08,70.27,3,30.2,0,442.0,0,47.9
C002575,2025-01-10,Startup,North America,Pro,Organic,3,88.89,355,7.0,1,20.7,0.369,1,0,,2025-12-31,900.27,9,2025-11-21,2025-01-12,100.03,1,4.9,0,40.0,1,50.9
C002576,2023-04-16,Mid-Market,APAC,Pro,Sales,61,80.37,990,27.0,0,22.2,0.66,0,0,,2025-12-31,1670.02,21,2025-10-29,2023-04-21,79.52,0,0.0,0,63.0,1,81.1
C002577,2023-01-23,SMB,Europe,Pro,Organic,3,73.71,1073,7.0,1,27.5,0.208,0,0,,2025-12-31,1135.49,15,2025-11-11,2023-01-24,75.7,2,22.1,0,50.0,1,48.7
C002578,2023-10-07,Mid-Market,North America,Pro,Partner,79,84.28,816,4.0,2,35.2,0.42,1,0,,2025-12-31,1699.35,21,2025-12-20,2023-11-28,80.92,2,5.6,1,11.0,1,49.7
C002579,2025-10-18,Mid-Market,APAC,Pro,Organic,59,75.11,74,2.0,1,5.1,0.606,0,0,,2025-12-31,51.55,1,2025-11-10,2025-11-10,51.55,1,4.5,0,51.0,1,54.0
C002580,2024-03-23,SMB,APAC,Free,Organic,23,0.0,648,1.0,1,43.8,0.621,0,0,,2025-12-31,102.77,16,2025-10-21,2024-04-09,6.42,3,19.9,0,71.0,0,57.4
C002581,2023-07-03,Mid-Market,Europe,Starter,Referral,30,28.48,912,9.0,1,65.3,0.636,2,0,,2025-12-31,517.34,17,2025-11-16,2023-10-31,30.43,1,6.7,0,45.0,1,63.1
C002582,2023-10-23,SMB,North America,Pro,Partner,6,73.47,800,22.0,0,68.3,0.374,1,0,,2025-12-31,1662.99,21,2025-12-23,2023-12-28,79.19,1,25.3,0,8.0,1,70.7
C002583,2023-02-21,SMB,North America,Starter,Partner,9,25.33,1044,4.0,0,28.5,0.964,0,0,,2025-12-31,549.14,21,2025-12-31,2023-10-03,26.15,0,0.0,0,0.0,1,70.3
C002584,2024-07-31,Enterprise,LATAM,Business,Organic,78,189.06,518,0.0,1,57.3,0.505,0,0,,2025-12-31,1115.09,6,2025-10-27,2024-08-11,185.85,2,19.3,1,65.0,1,54.4
C002585,2023-05-17,Startup,Europe,Starter,Sales,4,29.16,959,14.0,1,18.0,0.183,0,0,,2025-12-31,612.84,21,2025-12-29,2023-06-01,29.18,1,4.2,0,2.0,1,53.3
C002586,2024-03-03,SMB,APAC,Business,Partner,3,173.91,668,15.0,1,26.4,0.303,2,1,2025-04-08,2025-12-31,1488.56,9,2025-01-12,2024-05-05,165.4,1,17.0,0,353.0,0,54.6
C002587,2023-06-13,SMB,APAC,Free,Sales,13,0.0,932,15.0,0,45.0,0.335,0,0,,2025-12-31,103.65,18,2025-12-31,2023-09-03,5.76,0,0.0,0,0.0,0,62.9
C002588,2023-04-04,SMB,APAC,Business,Organic,12,205.31,1002,0.0,1,26.6,0.72,2,0,,2025-12-31,3412.63,17,2025-06-14,2023-05-14,200.74,1,0.0,1,200.0,1,53.8
C002589,2025-10-19,Startup,North America,Starter,Paid Search,5,31.32,73,5.0,0,3.4,0.415,0,0,,2025-12-31,214.26,7,2025-12-17,2025-11-04,30.61,0,0.0,0,14.0,1,52.3
C002590,2023-05-10,Mid-Market,Europe,Pro,Paid Search,53,69.02,966,9.0,1,55.8,0.286,1,0,,2025-12-31,1136.97,16,2025-12-24,2023-05-19,71.06,1,18.3,0,7.0,1,53.7
C002591,2022-04-11,SMB,Europe,Starter,Referral,5,28.18,1360,20.0,3,14.3,0.481,0,0,,2025-12-31,845.43,29,2025-12-13,2022-04-25,29.15,5,46.6,0,18.0,1,64.2
C002592,2023-06-26,SMB,North America,Pro,Referral,7,76.33,919,18.0,1,22.0,0.35,1,0,,2025-12-31,1749.3899999999999,23,2025-12-29,2023-06-27,76.06,1,18.3,0,2.0,1,60.3
C002593,2024-01-31,Mid-Market,North America,Starter,Paid Search,78,30.49,700,22.0,1,61.5,0.641,0,0,,2025-12-31,504.43,17,2025-12-17,2024-02-11,29.67,1,59.5,0,14.0,1,78.5
C002594,2022-05-16,Mid-Market,Europe,Business,Organic,19,197.33,1325,15.0,0,48.4,0.761,0,0,,2025-12-31,6114.45,31,2025-12-21,2022-10-16,197.24,0,0.0,0,10.0,1,76.1
C002595,2023-03-14,Startup,APAC,Pro,Organic,3,73.09,1023,11.0,0,39.4,0.272,0,0,,2025-12-31,1339.16,20,2025-11-16,2023-06-08,66.96,1,0.0,0,45.0,1,56.9
C002596,2022-08-26,SMB,Europe,Enterprise,Organic,15,2575.51,1223,15.0,1,-1.7,0.27,0,0,,2025-12-31,38348.13,16,2025-11-01,2022-10-04,2396.76,1,22.1,0,60.0,1,54.8
C002597,2023-12-17,SMB,North America,Pro,Referral,19,83.6,745,10.0,1,5.9,0.42,0,0,,2025-12-31,1346.58,17,2025-11-19,2023-12-23,79.21,1,4.8,1,42.0,1,55.6
C002598,2024-10-31,SMB,LATAM,Pro,Organic,9,76.85,426,4.0,1,44.9,0.227,3,1,2025-07-31,2025-12-31,219.67,3,2025-03-25,2024-12-18,73.22,1,104.8,0,281.0,0,42.4
C002599,2025-10-16,Startup,North America,Business,Organic,4,221.44,76,16.0,0,50.8,0.311,0,0,,2025-12-31,302.39,1,2025-10-16,2025-10-16,302.39,0,0.0,0,76.0,1,63.7
C002600,2023-07-11,Startup,North America,Starter,Paid Search,2,25.87,904,8.0,1,41.3,0.503,0,0,,2025-12-31,591.11,24,2025-12-19,2023-07-31,24.63,2,14.9,0,12.0,1,59.9
C002601,2025-05-19,SMB,LATAM,Pro,Organic,11,79.33,226,7.0,2,23.2,0.361,0,0,,2025-12-31,433.76,5,2025-12-04,2025-05-28,86.75,4,77.6,0,27.0,1,51.4
C002602,2022-11-03,Mid-Market,APAC,Starter,Sales,39,32.04,1154,19.0,0,22.3,0.207,0,0,,2025-12-31,798.57,24,2025-08-15,2022-11-05,33.27,0,0.0,0,138.0,1,60.4
C002603,2025-01-21,Enterprise,LATAM,Business,Paid Search,280,211.31,344,1.0,0,40.4,0.465,0,1,2025-05-30,2025-12-31,214.08,1,2025-04-22,2025-04-22,214.08,0,0.0,0,253.0,0,53.9
C002604,2024-03-15,SMB,APAC,Free,Sales,6,0.0,656,0.0,1,3.7,0.12,0,0,,2025-12-31,88.39,12,2025-12-30,2024-10-01,7.37,1,19.1,0,1.0,0,37.5
C002605,2024-12-20,Startup,Europe,Starter,Partner,1,25.47,376,9.0,1,37.3,0.646,0,0,,2025-12-31,89.89,3,2025-11-22,2024-12-21,29.96,3,27.0,0,39.0,1,64.6
C002606,2024-12-16,SMB,North America,Pro,Partner,8,67.97,380,16.0,1,0.3,0.239,0,0,,2025-12-31,453.09,7,2025-12-03,2025-01-29,64.73,1,0.0,0,28.0,1,55.0
C002607,2024-02-01,Mid-Market,North America,Pro,Paid Search,55,83.02,699,23.0,2,8.7,0.458,0,0,,2025-12-31,1714.86,21,2025-08-02,2024-02-18,81.66,2,10.0,0,151.0,1,67.1
C002608,2023-01-04,Mid-Market,LATAM,Starter,Partner,54,28.46,1092,14.0,0,39.5,0.258,1,0,,2025-12-31,515.17,20,2025-10-17,2023-02-11,25.76,1,66.4,0,75.0,1,57.2
C002609,2024-01-23,SMB,APAC,Pro,Partner,7,77.05,708,7.0,1,49.6,0.468,0,0,,2025-12-31,1490.73,19,2025-12-24,2024-02-28,78.46,2,13.4,0,7.0,1,58.8
C002610,2025-03-28,Startup,North America,Business,Organic,3,192.49,278,9.0,2,43.5,0.512,0,1,2025-07-06,2025-12-31,641.5,3,2025-06-22,2025-04-26,213.83,2,28.2,0,192.0,0,59.7
C002611,2025-10-20,Mid-Market,North America,Starter,Sales,34,26.16,72,10.0,0,7.1,0.692,0,0,,2025-12-31,99.83000000000001,3,2025-12-01,2025-11-13,33.28,0,0.0,0,30.0,1,65.4
C002612,2025-08-19,SMB,North America,Starter,Paid Search,21,29.53,134,9.0,4,-11.8,0.734,0,1,2025-11-25,2025-12-31,31.76,1,2025-10-18,2025-10-18,31.76,4,73.3,0,74.0,0,57.9
C002613,2022-09-17,SMB,North America,Enterprise,Paid Search,13,2002.65,1201,18.0,1,34.8,0.07,3,1,2024-12-29,2025-12-31,37567.69,19,2024-11-01,2022-09-18,1977.25,2,22.6,0,425.0,0,49.2
C002614,2024-05-04,Startup,APAC,Enterprise,Paid Search,2,278.69,606,22.0,0,-12.5,0.232,0,0,,2025-12-31,5178.0199999999995,17,2025-11-13,2024-06-30,304.59,0,0.0,0,48.0,1,60.4
C002615,2022-05-30,Enterprise,North America,Free,Partner,166,0.0,1311,19.0,3,58.6,0.222,1,0,,2025-12-31,152.96,28,2025-12-18,2022-06-05,5.46,3,13.7,1,13.0,0,58.0
C002616,2024-08-14,Startup,Europe,Pro,Paid Search,5,78.99,504,10.0,3,8.0,0.438,0,0,,2025-12-31,1304.23,15,2025-12-16,2024-09-12,86.95,3,80.8,1,15.0,1,53.4
C002617,2025-11-20,SMB,LATAM,Free,Paid Search,23,0.0,41,8.0,1,90.9,0.399,0,0,,2025-12-31,18.19,2,2025-12-22,2025-12-14,9.1,2,76.4,0,9.0,0,61.7
C002618,2022-03-17,SMB,Europe,Enterprise,Organic,9,1526.24,1385,2.0,4,11.0,0.245,1,0,,2025-12-31,41044.64,27,2025-12-19,2022-04-13,1520.17,4,44.0,0,12.0,1,37.2
C002619,2024-07-27,Enterprise,Europe,Starter,Paid Search,212,32.04,522,22.0,2,46.6,0.379,0,1,2025-02-15,2025-12-31,197.27,6,2025-01-07,2024-08-27,32.88,3,14.5,0,358.0,0,67.7
C002620,2025-09-14,SMB,North America,Starter,Organic,15,27.26,108,26.0,3,16.6,0.612,0,0,,2025-12-31,66.16,3,2025-11-30,2025-10-09,22.05,3,18.6,0,31.0,1,73.7
C002621,2025-04-26,SMB,North America,Starter,Referral,23,32.73,249,1.0,1,30.8,0.428,0,1,2025-09-23,2025-12-31,111.28999999999999,3,2025-08-31,2025-05-25,37.1,2,21.0,0,122.0,0,50.3
C002622,2023-07-16,Mid-Market,North America,Pro,Paid Search,15,81.16,899,3.0,5,39.6,0.381,0,0,,2025-12-31,1477.68,18,2025-08-29,2023-09-09,82.09,5,59.5,1,124.0,1,45.6
C002623,2022-05-29,SMB,North America,Free,Sales,6,0.0,1312,6.0,1,56.5,0.356,0,0,,2025-12-31,194.81,29,2025-11-01,2022-07-08,6.72,1,67.0,0,60.0,0,55.2
C002624,2025-08-14,SMB,North America,Business,Partner,6,211.11,139,22.0,1,60.5,0.408,0,0,,2025-12-31,388.95,2,2025-12-13,2025-12-04,194.48,2,8.8,0,18.0,1,71.4
C002625,2025-08-10,SMB,North America,Pro,Referral,5,81.84,143,6.0,2,53.2,0.357,0,0,,2025-12-31,146.96,2,2025-09-04,2025-08-20,73.48,3,14.7,0,118.0,1,53.4
C002626,2024-04-07,Enterprise,North America,Pro,Sales,345,89.03,633,0.0,3,60.9,0.533,0,0,,2025-12-31,627.27,7,2025-08-04,2024-06-16,89.61,3,78.9,0,149.0,1,52.6
C002627,2025-10-31,SMB,North America,Business,Organic,16,222.01,61,9.0,1,19.6,0.439,0,0,,2025-12-31,852.51,4,2025-12-15,2025-11-06,213.13,1,5.3,0,16.0,1,56.7
C002628,2022-01-07,Mid-Market,LATAM,Starter,Partner,46,29.9,1454,10.0,3,51.2,0.23,0,0,,2025-12-31,935.83,32,2025-11-10,2022-02-18,29.24,3,28.5,0,51.0,1,51.4
C002629,2024-05-31,Startup,North America,Starter,Organic,7,30.16,579,11.0,1,26.5,0.082,1,1,2025-08-17,2025-12-31,132.69,5,2025-07-20,2024-07-13,26.54,2,44.3,0,164.0,0,46.4
C002630,2022-02-25,Startup,North America,Starter,Organic,6,26.51,1405,14.0,1,59.7,0.325,0,0,,2025-12-31,640.48,24,2025-12-13,2022-02-27,26.69,1,27.3,0,18.0,1,61.7
C002631,2025-08-31,Mid-Market,APAC,Business,Paid Search,54,213.76,122,6.0,0,37.9,0.577,0,0,,2025-12-31,617.64,4,2025-12-26,2025-12-01,154.41,1,16.5,0,5.0,1,61.5
C002632,2024-08-30,Mid-Market,North America,Free,Partner,35,0.0,488,0.0,0,50.5,0.364,1,0,,2025-12-31,57.71,8,2025-08-13,2024-10-09,7.21,1,98.3,0,140.0,0,49.0
C002633,2025-07-30,Mid-Market,Europe,Business,Referral,27,228.39,154,3.0,3,42.3,0.718,0,0,,2025-12-31,945.62,4,2025-12-29,2025-08-13,236.4,3,16.5,1,2.0,1,58.9
C002634,2024-03-15,SMB,APAC,Pro,Organic,19,72.38,656,20.0,2,54.0,0.377,0,0,,2025-12-31,1087.92,15,2025-11-30,2024-07-29,72.53,4,33.9,0,31.0,1,66.6
C002635,2022-04-30,Startup,Europe,Pro,Referral,6,80.32,1341,18.0,2,14.8,0.745,0,0,,2025-12-31,2214.94,25,2025-10-15,2022-05-17,88.6,2,34.4,0,77.0,1,71.9
C002636,2022-02-07,SMB,North America,Pro,Organic,24,90.17,1423,7.0,1,-4.3,0.518,1,0,,2025-12-31,2530.4700000000003,27,2025-10-03,2022-03-14,93.72,1,0.0,0,89.0,1,52.9
C002637,2023-04-25,Enterprise,APAC,Free,Organic,252,0.0,981,26.0,0,59.7,0.077,0,0,,2025-12-31,121.69999999999999,18,2025-12-21,2023-09-12,6.76,0,0.0,0,10.0,0,66.5
C002638,2024-11-29,Enterprise,APAC,Starter,Organic,353,27.54,397,15.0,1,68.6,0.272,1,0,,2025-12-31,195.48,7,2025-11-24,2025-04-18,27.93,1,26.5,0,37.0,1,59.9
C002639,2022-08-04,Mid-Market,North America,Business,Partner,72,171.82,1245,22.0,1,32.1,0.029,0,0,,2025-12-31,3616.41,22,2025-11-12,2022-10-02,164.38,1,6.8,1,49.0,1,57.2
C002640,2025-05-03,Startup,North America,Starter,Paid Search,1,33.16,242,22.0,0,55.3,0.383,1,0,,2025-12-31,154.03,5,2025-10-25,2025-05-25,30.81,0,0.0,0,67.0,1,69.7
C002641,2022-12-09,SMB,North America,Pro,Organic,14,82.34,1118,8.0,1,-5.7,0.825,0,0,,2025-12-31,2064.66,25,2025-12-23,2022-12-21,82.59,1,41.4,0,8.0,1,64.8
C002642,2023-12-11,SMB,APAC,Enterprise,Organic,17,2978.08,751,16.0,0,19.5,0.615,0,0,,2025-12-31,53593.21,16,2025-11-16,2024-03-12,3349.58,0,0.0,0,45.0,1,69.7
C002643,2022-10-18,Mid-Market,North America,Free,Partner,73,0.0,1170,16.0,1,37.0,0.083,0,0,,2025-12-31,128.74,26,2025-12-21,2022-11-29,4.95,2,33.8,0,10.0,0,54.0
C002644,2023-10-29,Startup,North America,Starter,Referral,5,29.68,794,12.0,1,-8.4,0.625,0,0,,2025-12-31,510.49,17,2025-10-19,2024-01-15,30.03,1,17.0,0,73.0,1,62.1
C002645,2023-10-09,Mid-Market,Europe,Starter,Organic,31,32.66,814,17.0,1,-3.2,0.642,0,0,,2025-12-31,769.41,24,2025-12-26,2023-10-17,32.06,2,22.2,0,5.0,1,67.6
C002646,2022-01-08,Startup,LATAM,Free,Referral,6,0.0,1453,9.0,2,38.9,0.499,1,1,2025-08-21,2025-12-31,121.57,23,2025-08-07,2022-01-10,5.29,2,18.4,0,146.0,0,56.9
C002647,2024-03-22,Startup,North America,Enterprise,Partner,7,1078.48,649,2.0,1,19.9,0.484,0,1,2024-09-12,2025-12-31,5253.4,5,2024-06-07,2024-04-02,1050.68,1,64.1,0,572.0,0,51.8
C002648,2025-01-29,SMB,North America,Enterprise,Paid Search,12,1801.96,336,1.0,2,26.3,0.603,2,1,2025-07-08,2025-12-31,1911.13,1,2025-02-17,2025-02-17,1911.13,3,22.8,0,317.0,0,49.6
C002649,2025-08-31,Startup,Europe,Starter,Organic,6,25.52,122,12.0,0,24.8,0.381,0,0,,2025-12-31,80.32,3,2025-12-20,2025-11-18,26.77,0,0.0,0,11.0,1,59.6
C002650,2023-04-18,Mid-Market,Europe,Enterprise,Sales,55,7479.13,988,25.0,3,2.9,0.402,2,0,,2025-12-31,167466.15,23,2025-11-23,2023-05-27,7281.14,5,43.1,0,38.0,1,61.2
C002651,2025-06-13,SMB,Europe,Free,Paid Search,15,0.0,201,6.0,3,29.6,0.351,0,1,2025-11-24,2025-12-31,23.240000000000002,2,2025-10-16,2025-07-09,11.62,3,29.8,0,76.0,0,49.3
C002652,2025-06-10,Enterprise,APAC,Enterprise,Paid Search,480,78280.44,204,16.0,1,34.7,0.383,1,0,,2025-12-31,655255.7,8,2025-12-05,2025-08-12,81906.96,1,0.0,0,26.0,1,60.7
C002653,2025-11-14,SMB,North America,Business,Referral,4,222.88,47,4.0,1,20.4,0.576,0,0,,2025-12-31,257.7,1,2025-11-16,2025-11-16,257.7,1,9.0,0,45.0,1,56.4
C002654,2023-06-18,Mid-Market,North America,Starter,Referral,51,33.22,927,17.0,0,22.5,0.164,1,0,,2025-12-31,577.33,17,2025-08-31,2023-08-03,33.96,0,0.0,0,122.0,1,55.3
C002655,2025-05-01,Enterprise,North America,Pro,Referral,86,69.48,244,5.0,0,29.9,0.353,0,0,,2025-12-31,184.2,3,2025-12-27,2025-06-14,61.4,0,0.0,0,4.0,1,53.0
C002656,2024-03-19,Enterprise,North America,Business,Referral,333,186.25,652,12.0,1,55.5,0.455,1,0,,2025-12-31,1486.33,8,2025-09-26,2024-03-21,185.79,1,41.3,0,96.0,1,61.4
C002657,2022-03-25,Mid-Market,Europe,Starter,Organic,71,24.92,1377,22.0,2,32.6,0.194,1,0,,2025-12-31,658.11,28,2025-11-12,2022-04-30,23.5,2,12.7,0,49.0,1,58.7
C002658,2023-01-22,SMB,APAC,Starter,Referral,7,27.65,1074,10.0,2,-13.2,0.258,0,1,2024-06-18,2025-12-31,522.84,18,2024-06-16,2023-04-27,29.05,4,26.4,0,563.0,0,47.3
C002659,2024-08-19,SMB,North America,Pro,Paid Search,19,82.64,499,26.0,0,5.2,0.57,1,0,,2025-12-31,936.45,11,2025-12-14,2024-09-10,85.13,0,0.0,0,17.0,1,73.8
C002660,2022-08-18,Mid-Market,APAC,Free,Referral,39,0.0,1231,1.0,0,58.3,0.158,1,0,,2025-12-31,188.31,29,2025-11-15,2022-09-20,6.49,1,54.1,0,46.0,0,44.5
C002661,2023-09-14,Startup,North America,Free,Paid Search,2,0.0,839,2.0,1,17.9,0.248,0,0,,2025-12-31,148.73,18,2025-12-28,2023-10-11,8.26,2,5.6,0,3.0,0,44.5
C002662,2025-01-13,Startup,Europe,Starter,Organic,1,25.23,352,4.0,1,32.8,0.556,0,0,,2025-12-31,248.25,9,2025-10-25,2025-01-28,27.58,1,0.0,0,67.0,1,57.0
C002663,2022-08-03,Mid-Market,North America,Business,Paid Search,26,207.33,1246,6.0,1,83.1,0.303,0,0,,2025-12-31,4988.11,25,2025-12-17,2023-01-30,199.52,3,45.1,0,14.0,1,56.3
C002664,2023-12-12,SMB,Europe,Starter,Referral,3,33.34,750,11.0,2,50.8,0.212,0,0,,2025-12-31,479.32,14,2025-11-25,2023-12-27,34.24,3,26.9,0,36.0,1,53.3
C002665,2022-11-04,SMB,North America,Pro,Paid Search,13,71.59,1153,25.0,3,-18.7,0.57,0,0,,2025-12-31,1693.78,24,2025-11-04,2022-11-22,70.57,4,33.2,0,57.0,1,68.1
C002666,2024-02-07,SMB,LATAM,Starter,Referral,3,33.04,693,6.0,0,71.1,0.21,0,0,,2025-12-31,658.87,21,2025-12-06,2024-03-28,31.37,0,0.0,0,25.0,1,53.8
C002667,2022-12-11,Mid-Market,LATAM,Starter,Organic,71,31.33,1116,9.0,3,38.7,0.472,0,0,,2025-12-31,659.72,22,2025-11-23,2023-02-28,29.99,4,58.5,0,38.0,1,56.6
C002668,2025-10-12,SMB,APAC,Pro,Organic,15,74.81,80,1.0,2,44.2,0.17,0,0,,2025-12-31,162.22000000000003,2,2025-11-15,2025-11-05,81.11,2,71.8,0,46.0,1,42.4
C002669,2022-04-20,Mid-Market,APAC,Free,Partner,18,0.0,1351,20.0,1,42.6,0.539,1,0,,2025-12-31,91.41,31,2025-12-28,2022-04-30,2.95,3,34.8,0,3.0,0,69.8
C002670,2025-10-09,Mid-Market,North America,Pro,Paid Search,48,69.68,83,15.0,1,57.8,0.324,0,0,,2025-12-31,241.16,4,2025-12-24,2025-10-26,60.29,2,11.3,0,7.0,1,62.4
C002671,2025-02-06,SMB,Europe,Starter,Partner,20,30.59,328,1.0,3,33.0,0.776,0,0,,2025-12-31,208.13,7,2025-12-18,2025-02-18,29.73,3,20.1,0,13.0,1,58.0
C002672,2025-05-08,SMB,North America,Pro,Sales,10,80.45,237,12.0,0,-2.0,0.328,0,0,,2025-12-31,455.28,6,2025-12-24,2025-05-30,75.88,1,2.1,0,7.0,1,55.4
C002673,2025-05-02,Startup,APAC,Starter,Partner,1,26.22,243,6.0,1,43.1,0.192,2,0,,2025-12-31,103.83,4,2025-12-28,2025-05-20,25.96,2,31.8,0,3.0,1,44.9
C002674,2022-09-26,Enterprise,North America,Business,Paid Search,266,200.54,1192,11.0,1,0.5,0.693,0,0,,2025-12-31,4690.09,23,2025-12-31,2022-10-16,203.92,1,25.7,0,0.0,1,64.2
C002675,2025-08-24,Mid-Market,North America,Free,Paid Search,47,0.0,129,7.0,1,80.4,0.354,0,0,,2025-12-31,19.47,4,2025-10-14,2025-08-25,4.87,1,40.6,0,78.0,0,58.4
C002676,2024-04-29,Enterprise,APAC,Business,Sales,296,226.94,611,21.0,1,25.9,0.334,0,0,,2025-12-31,2724.14,12,2025-09-19,2024-04-29,227.01,1,19.2,1,103.0,1,64.9
C002677,2025-10-07,Mid-Market,North America,Starter,Partner,55,31.56,85,1.0,1,33.7,0.608,0,0,,2025-12-31,50.3,2,2025-11-27,2025-10-24,25.15,1,89.5,0,34.0,1,56.0
C002678,2025-06-09,Enterprise,APAC,Free,Referral,200,0.0,205,16.0,4,18.1,0.563,0,0,,2025-12-31,48.63,7,2025-12-20,2025-07-25,6.95,5,76.0,0,11.0,0,62.0
C002679,2024-04-08,SMB,North America,Pro,Paid Search,23,75.76,632,22.0,1,43.5,0.787,1,0,,2025-12-31,972.26,13,2025-12-25,2024-04-17,74.79,1,5.6,0,6.0,1,79.1
C002680,2023-06-20,SMB,Europe,Starter,Referral,13,29.95,925,0.0,1,46.4,0.287,1,1,2024-05-14,2025-12-31,237.82999999999998,9,2024-03-19,2023-07-22,26.43,2,34.2,0,652.0,0,44.8
C002681,2022-06-17,SMB,APAC,Pro,Organic,5,71.3,1293,25.0,2,18.0,0.293,0,0,,2025-12-31,1961.73,25,2025-12-19,2022-07-09,78.47,3,64.6,1,12.0,1,64.9
C002682,2022-05-25,Mid-Market,Europe,Business,Referral,78,221.33,1316,21.0,0,46.3,0.704,0,0,,2025-12-31,4739.37,21,2025-09-19,2022-05-29,225.68,1,102.2,0,103.0,1,79.5
C002683,2023-07-12,Enterprise,North America,Business,Sales,437,210.34,903,7.0,0,36.7,0.379,1,0,,2025-12-31,5281.41,26,2025-11-05,2023-09-13,203.13,0,0.0,0,56.0,1,54.3
C002684,2025-03-05,SMB,North America,Pro,Sales,16,73.65,301,13.0,3,32.6,0.628,0,0,,2025-12-31,269.02,5,2025-12-22,2025-04-20,53.8,3,50.8,0,9.0,1,64.2
C002685,2023-12-24,Enterprise,North America,Enterprise,Organic,497,88375.98,738,19.0,0,16.2,0.23,0,0,,2025-12-31,1357275.99,15,2025-10-28,2024-01-24,90485.07,0,0.0,0,64.0,1,60.5
C002686,2023-11-20,Startup,North America,Pro,Referral,7,83.5,772,14.0,0,92.9,0.644,0,0,,2025-12-31,1283.25,15,2025-12-07,2023-12-27,85.55,1,0.0,0,24.0,1,76.1
C002687,2022-12-16,Enterprise,Europe,Free,Organic,78,0.0,1111,21.0,1,64.6,0.167,0,0,,2025-12-31,74.19,18,2025-12-21,2023-01-24,4.12,1,58.9,0,10.0,0,63.7
C002688,2024-03-18,SMB,North America,Business,Paid Search,10,207.43,653,24.0,3,53.2,0.471,2,0,,2025-12-31,2494.74,12,2025-11-14,2024-03-29,207.9,4,65.4,0,47.0,1,67.4
C002689,2024-07-01,Startup,North America,Starter,Partner,1,33.0,548,10.0,0,63.2,0.249,0,0,,2025-12-31,267.98,7,2025-09-13,2024-08-17,38.28,1,39.1,0,109.0,1,57.7
C002690,2025-11-05,SMB,North America,Starter,Paid Search,20,32.13,56,3.0,1,42.5,0.315,0,1,2025-11-24,2025-12-31,41.65,1,2025-11-14,2025-11-14,41.65,1,4.1,1,47.0,0,49.9
C002691,2024-11-09,SMB,LATAM,Free,Paid Search,4,0.0,417,12.0,0,26.3,0.308,0,0,,2025-12-31,67.03,12,2025-12-29,2024-12-16,5.59,0,0.0,0,2.0,0,57.6
C002692,2024-05-18,SMB,North America,Starter,Partner,24,32.71,592,16.0,1,-31.1,0.738,1,0,,2025-12-31,498.05,15,2025-12-17,2024-05-31,33.2,2,63.2,0,14.0,1,64.8
C002693,2025-07-25,Mid-Market,North America,Starter,Partner,59,30.04,159,21.0,0,4.5,0.404,0,0,,2025-12-31,138.46,4,2025-11-03,2025-09-02,34.62,0,0.0,0,58.0,1,66.3
C002694,2023-08-31,SMB,Europe,Starter,Partner,9,32.06,853,7.0,2,89.1,0.368,0,0,,2025-12-31,617.96,19,2025-11-16,2023-11-16,32.52,3,32.2,0,45.0,1,58.2
C002695,2025-08-29,Startup,North America,Pro,Paid Search,7,75.88,124,25.0,1,64.0,0.232,0,0,,2025-12-31,309.87,4,2025-10-25,2025-08-29,77.47,1,31.0,0,67.0,1,69.2
C002696,2023-06-14,Startup,LATAM,Business,Referral,4,175.08,931,1.0,2,40.1,0.246,0,0,,2025-12-31,3190.51,18,2025-05-20,2023-06-14,177.25,3,21.1,0,225.0,1,44.3
C002697,2022-07-02,SMB,North America,Enterprise,Paid Search,22,3501.44,1278,16.0,1,-4.4,0.339,0,0,,2025-12-31,91962.96,25,2025-09-05,2022-08-15,3678.52,2,25.0,0,117.0,1,57.5
C002698,2023-08-21,Mid-Market,APAC,Free,Organic,77,0.0,863,12.0,0,50.9,0.283,2,0,,2025-12-31,111.49,18,2025-12-27,2024-01-13,6.19,0,0.0,0,4.0,0,55.3
C002699,2022-07-04,SMB,Europe,Starter,Paid Search,24,26.44,1276,19.0,1,28.0,0.093,0,1,2024-12-27,2025-12-31,495.54,18,2024-12-19,2022-08-07,27.53,3,5.9,1,377.0,0,56.1
C002700,2022-06-19,SMB,APAC,Pro,Referral,18,81.06,1291,7.0,0,52.4,0.85,0,0,,2025-12-31,1916.64,23,2025-11-23,2022-11-13,83.33,0,0.0,0,38.0,1,72.0
C002701,2025-06-14,Mid-Market,Europe,Free,Organic,45,0.0,200,26.0,1,7.2,0.347,1,0,,2025-12-31,0.0,4,2025-11-09,2025-07-14,0.0,1,4.5,1,52.0,0,65.8
C002702,2025-02-10,Mid-Market,APAC,Starter,Organic,23,24.78,324,0.0,1,22.8,0.818,1,1,2025-08-27,2025-12-31,108.49,4,2025-07-09,2025-04-02,27.12,2,83.3,0,175.0,0,58.3
C002703,2022-11-13,Mid-Market,Europe,Pro,Sales,30,74.1,1144,22.0,4,57.1,0.495,0,0,,2025-12-31,1492.84,20,2025-12-25,2022-12-18,74.64,5,16.1,1,6.0,1,69.2
C002704,2025-04-12,SMB,Europe,Business,Referral,7,202.5,263,13.0,5,83.2,0.58,0,0,,2025-12-31,585.52,3,2025-07-13,2025-05-03,195.17,5,12.4,0,171.0,1,64.8
C002705,2022-04-09,Mid-Market,APAC,Starter,Partner,35,28.91,1362,14.0,2,18.5,0.23,0,0,,2025-12-31,705.18,25,2025-12-25,2022-06-09,28.21,3,4.8,0,6.0,1,53.2
C002706,2023-02-11,Enterprise,Europe,Pro,Referral,375,74.6,1054,8.0,0,10.0,0.34,0,0,,2025-12-31,2031.45,28,2025-11-06,2023-03-08,72.55,0,0.0,0,55.0,1,53.3
C002707,2024-10-06,Enterprise,Europe,Pro,Sales,96,84.14,451,10.0,1,60.6,0.149,1,0,,2025-12-31,574.12,7,2025-11-25,2024-11-17,82.02,1,2.0,0,36.0,1,51.0
C002708,2023-03-11,Startup,North America,Business,Partner,5,184.55,1026,12.0,0,3.5,0.468,1,0,,2025-12-31,5306.08,29,2025-12-27,2023-04-01,182.97,0,0.0,0,4.0,1,58.1
C002709,2024-11-10,Enterprise,North America,Starter,Organic,104,30.89,416,8.0,1,5.3,0.351,1,0,,2025-12-31,516.57,16,2025-12-26,2024-12-21,32.29,2,15.9,1,5.0,1,49.7
C002710,2025-06-04,Enterprise,North America,Business,Partner,499,181.31,210,0.0,0,41.6,0.255,0,0,,2025-12-31,870.29,5,2025-11-27,2025-06-15,174.06,0,0.0,0,34.0,1,46.8
C002711,2022-04-05,SMB,North America,Business,Sales,6,173.49,1366,11.0,2,87.1,0.421,0,0,,2025-12-31,3436.33,20,2025-11-07,2022-06-16,171.82,3,11.4,1,54.0,1,63.2
C002712,2022-02-04,Mid-Market,Europe,Starter,Partner,37,27.8,1426,11.0,1,13.8,0.345,0,0,,2025-12-31,820.28,29,2025-12-14,2022-05-11,28.29,2,42.0,0,17.0,1,55.1
C002713,2025-09-06,Startup,North America,Pro,Organic,6,87.53,116,20.0,3,25.8,0.833,0,0,,2025-12-31,332.09000000000003,4,2025-12-08,2025-09-12,83.02,6,39.5,0,23.0,1,75.9
C002714,2024-01-15,Startup,Europe,Pro,Sales,2,84.66,716,13.0,5,37.8,0.109,0,0,,2025-12-31,2107.75,25,2025-12-07,2024-01-24,84.31,6,30.7,1,24.0,1,46.2
C002715,2023-12-26,SMB,APAC,Starter,Referral,15,30.77,736,15.0,0,23.2,0.271,1,0,,2025-12-31,398.34,13,2025-12-03,2024-01-14,30.64,1,60.4,0,28.0,1,56.8
C002716,2023-10-26,SMB,Europe,Pro,Paid Search,23,68.98,797,13.0,0,-9.2,0.453,2,0,,2025-12-31,1606.25,23,2025-12-19,2023-11-09,69.84,2,8.2,0,12.0,1,55.3
C002717,2023-09-13,Mid-Market,APAC,Starter,Sales,78,26.21,840,11.0,0,55.0,0.726,0,0,,2025-12-31,564.89,24,2025-12-26,2023-09-25,23.54,1,58.1,0,5.0,1,72.1
C002718,2024-09-13,Enterprise,North America,Business,Referral,359,208.37,474,20.0,0,39.7,0.156,0,0,,2025-12-31,1888.31,8,2025-12-27,2024-10-19,236.04,0,0.0,0,4.0,1,61.5
C002719,2024-04-09,Mid-Market,North America,Free,Referral,39,0.0,631,18.0,0,44.2,0.221,1,0,,2025-12-31,9.18,11,2025-12-08,2024-06-25,0.83,0,0.0,0,23.0,0,60.1
C002720,2022-08-22,Mid-Market,APAC,Pro,Sales,16,76.89,1227,27.0,2,31.5,0.287,0,0,,2025-12-31,1780.72,23,2025-12-14,2022-10-23,77.42,3,41.7,1,17.0,1,67.9
C002721,2024-06-15,Enterprise,APAC,Starter,Organic,416,32.62,564,13.0,2,72.8,0.634,0,0,,2025-12-31,327.73,9,2025-12-23,2024-10-22,36.41,4,43.0,0,8.0,1,69.9
C002722,2024-08-13,SMB,APAC,Pro,Referral,12,90.18,505,0.0,0,22.4,0.414,0,1,2025-03-24,2025-12-31,840.53,8,2025-01-28,2024-09-11,105.07,0,0.0,0,337.0,0,49.7
C002723,2022-06-12,Enterprise,Europe,Pro,Paid Search,433,70.78,1298,16.0,3,8.1,0.329,1,0,,2025-12-31,1646.44,23,2025-12-31,2022-09-04,71.58,4,58.0,0,0.0,1,53.5
C002724,2023-06-23,Enterprise,APAC,Pro,Referral,80,72.44,922,11.0,2,76.6,0.618,0,0,,2025-12-31,1874.96,25,2025-09-16,2023-09-14,75.0,2,30.2,0,106.0,1,68.0
C002725,2025-02-04,SMB,APAC,Pro,Referral,9,90.28,330,2.0,2,-20.0,0.432,1,1,2025-11-03,2025-12-31,260.53,3,2025-11-03,2025-02-18,86.84,2,37.7,0,58.0,0,42.7
C002726,2024-06-03,SMB,APAC,Starter,Referral,17,31.64,576,23.0,1,31.2,0.973,0,0,,2025-12-31,530.2,16,2025-12-07,2024-08-06,33.14,2,95.2,1,24.0,1,86.3
C002727,2022-07-15,Mid-Market,APAC,Starter,Referral,39,26.68,1265,17.0,2,33.1,0.264,0,0,,2025-12-31,812.25,31,2025-12-10,2022-07-20,26.2,2,7.8,0,21.0,1,58.4
C002728,2022-02-27,Enterprise,North America,Business,Referral,216,222.83,1403,17.0,1,32.1,0.503,1,0,,2025-12-31,7058.54,32,2025-12-14,2022-06-29,220.58,1,1.0,0,17.0,1,65.0
C002729,2024-04-11,Mid-Market,North America,Free,Organic,38,0.0,629,17.0,0,-3.8,0.18,0,0,,2025-12-31,47.2,15,2025-12-17,2024-04-19,3.15,0,0.0,0,14.0,0,55.2
C002730,2023-10-23,Mid-Market,North America,Business,Paid Search,72,202.14,800,27.0,0,5.4,0.477,1,0,,2025-12-31,4591.76,21,2025-12-14,2023-10-30,218.66,1,63.3,0,17.0,1,72.0
C002731,2025-10-06,Startup,Europe,Pro,Organic,2,84.8,86,19.0,2,58.9,0.601,1,0,,2025-12-31,458.37,5,2025-11-25,2025-10-15,91.67,2,28.5,0,36.0,1,70.9
C002732,2024-01-17,Startup,APAC,Business,Referral,3,182.47,714,19.0,3,69.6,0.677,1,0,,2025-12-31,3265.86,18,2025-12-27,2024-04-21,181.44,3,31.8,0,4.0,1,72.7
C002733,2025-08-25,SMB,North America,Starter,Partner,14,28.2,128,21.0,1,24.6,0.698,0,0,,2025-12-31,169.37,5,2025-12-01,2025-09-25,33.87,1,4.8,1,30.0,1,75.6
C002734,2022-11-03,SMB,North America,Pro,Partner,24,77.23,1154,20.0,1,11.7,0.358,0,0,,2025-12-31,1784.84,23,2025-09-01,2022-11-22,77.6,1,15.1,0,121.0,1,63.3
C002735,2023-10-02,SMB,APAC,Free,Organic,18,0.0,821,19.0,2,-9.6,0.492,0,0,,2025-12-31,12.530000000000001,10,2025-12-15,2023-11-28,1.25,3,33.1,0,16.0,0,62.8
C002736,2022-07-19,SMB,North America,Enterprise,Partner,6,842.06,1261,2.0,3,58.5,0.578,0,0,,2025-12-31,26061.1,32,2025-06-23,2022-07-30,814.41,4,19.2,1,191.0,1,55.5
C002737,2024-04-01,Mid-Market,APAC,Pro,Paid Search,28,76.99,639,11.0,1,60.0,0.281,0,0,,2025-12-31,654.02,8,2025-05-14,2024-04-05,81.75,1,6.2,1,231.0,1,57.8
C002738,2022-09-27,Enterprise,North America,Pro,Sales,295,70.69,1191,7.0,1,-35.3,0.305,1,0,,2025-12-31,1822.1399999999999,26,2025-12-29,2022-10-24,70.08,1,53.0,0,2.0,1,43.4
C002739,2023-12-05,SMB,North America,Business,Referral,16,206.48,757,24.0,1,-25.6,0.368,0,0,,2025-12-31,4271.18,20,2025-11-25,2024-02-05,213.56,1,8.5,0,36.0,1,63.4
C002740,2023-05-08,SMB,Europe,Starter,Paid Search,23,32.53,968,16.0,2,38.4,0.55,1,0,,2025-12-31,696.81,20,2025-10-27,2023-07-31,34.84,2,47.4,0,65.0,1,64.6
C002741,2022-09-23,Mid-Market,North America,Pro,Referral,23,84.74,1195,14.0,3,41.7,0.412,0,0,,2025-12-31,1868.98,22,2025-11-18,2022-11-01,84.95,3,36.3,0,43.0,1,59.5
C002742,2022-05-19,Mid-Market,North America,Business,Organic,47,195.54,1322,14.0,1,23.1,0.602,1,0,,2025-12-31,6235.78,32,2025-11-03,2022-07-28,194.87,1,21.8,0,58.0,1,64.4
C002743,2024-01-03,Mid-Market,North America,Free,Organic,18,0.0,728,19.0,2,34.2,0.392,0,1,2024-10-14,2025-12-31,10.81,4,2024-08-06,2024-02-05,2.7,2,20.4,0,512.0,0,64.1
C002744,2025-09-16,Mid-Market,North America,Enterprise,Partner,24,3959.64,106,21.0,0,28.8,0.082,0,0,,2025-12-31,4676.75,1,2025-11-09,2025-11-09,4676.75,1,5.7,0,52.0,1,59.1
C002745,2022-10-12,SMB,North America,Business,Referral,8,225.73,1176,5.0,0,35.7,0.454,1,0,,2025-12-31,5509.04,24,2025-11-16,2022-12-15,229.54,2,17.0,0,45.0,1,54.7
C002746,2023-08-03,SMB,APAC,Enterprise,Organic,11,1996.95,881,27.0,3,12.5,0.659,0,0,,2025-12-31,34534.2,18,2025-12-28,2023-09-03,1918.57,5,23.2,0,3.0,1,75.6
C002747,2022-11-18,SMB,North America,Business,Organic,13,211.39,1139,21.0,0,34.7,0.057,0,0,,2025-12-31,8639.75,40,2025-12-24,2023-01-01,215.99,1,13.6,0,7.0,1,58.9
C002748,2025-03-02,Mid-Market,North America,Starter,Paid Search,75,28.47,304,5.0,0,18.1,0.263,0,0,,2025-12-31,165.39000000000001,6,2025-11-23,2025-03-29,27.56,1,1.4,0,38.0,1,49.2
C002749,2023-08-17,Enterprise,North America,Pro,Organic,450,72.38,867,16.0,1,16.1,0.848,0,0,,2025-12-31,870.51,11,2025-09-24,2023-10-10,79.14,1,141.6,0,98.0,1,74.8
C002750,2025-10-25,Startup,LATAM,Free,Paid Search,3,0.0,67,11.0,3,-11.7,0.313,2,1,2025-12-13,2025-12-31,12.62,1,2025-11-24,2025-11-24,12.62,4,44.9,0,37.0,0,44.5
C002751,2022-12-17,SMB,APAC,Business,Paid Search,18,169.62,1110,10.0,1,30.6,0.514,1,0,,2025-12-31,4869.17,29,2025-12-06,2023-01-22,167.9,1,38.8,0,25.0,1,58.9
C002752,2022-04-26,Enterprise,LATAM,Starter,Sales,456,27.83,1345,24.0,1,55.1,0.348,0,0,,2025-12-31,849.55,31,2025-12-29,2022-05-05,27.4,1,3.9,0,2.0,1,70.9
C002753,2024-04-13,Mid-Market,LATAM,Business,Paid Search,58,172.8,627,7.0,0,26.9,0.29,0,0,,2025-12-31,3492.71,20,2025-12-25,2024-05-20,174.64,1,9.1,1,6.0,1,52.6
C002754,2024-07-20,Startup,North America,Starter,Organic,2,30.69,529,23.0,1,26.2,0.498,0,0,,2025-12-31,318.72999999999996,10,2025-12-29,2024-09-08,31.87,3,17.4,1,2.0,1,71.6
C002755,2025-11-17,SMB,APAC,Starter,Organic,19,25.93,44,17.0,0,66.4,0.679,1,0,,2025-12-31,45.06,2,2025-12-18,2025-12-15,22.53,0,0.0,0,13.0,1,75.2
C002756,2025-05-31,Startup,North America,Free,Organic,1,0.0,214,22.0,2,60.6,0.344,0,1,2025-12-16,2025-12-31,17.22,7,2025-12-08,2025-06-18,2.46,2,27.3,0,23.0,0,68.0
C002757,2025-06-18,SMB,APAC,Pro,Referral,10,74.31,196,20.0,1,78.4,0.49,0,0,,2025-12-31,618.12,8,2025-12-21,2025-06-21,77.26,1,34.5,0,10.0,1,73.9
C002758,2024-06-25,SMB,Europe,Starter,Paid Search,7,32.12,554,17.0,1,91.4,0.277,1,0,,2025-12-31,346.40999999999997,11,2025-10-15,2024-11-17,31.49,1,143.2,0,77.0,1,64.1
C002759,2023-05-30,SMB,North America,Starter,Organic,3,24.79,946,5.0,0,36.5,0.477,0,0,,2025-12-31,579.94,22,2025-10-26,2023-07-24,26.36,0,0.0,0,66.0,1,57.4
C002760,2023-09-06,Mid-Market,LATAM,Starter,Sales,61,25.55,847,27.0,2,6.1,0.277,0,0,,2025-12-31,319.9,14,2025-11-24,2023-12-12,22.85,2,18.9,0,37.0,1,65.0
C002761,2022-07-11,SMB,APAC,Starter,Referral,4,31.48,1269,17.0,0,22.0,0.381,0,0,,2025-12-31,853.08,27,2025-11-24,2022-08-18,31.6,0,0.0,0,37.0,1,63.8
C002762,2023-09-09,SMB,LATAM,Enterprise,Organic,9,1497.25,844,10.0,0,49.3,0.626,1,0,,2025-12-31,20261.63,14,2025-12-21,2023-09-19,1447.26,1,29.3,0,10.0,1,65.6
C002763,2023-06-06,Mid-Market,North America,Pro,Organic,76,70.48,939,7.0,1,71.0,0.266,2,0,,2025-12-31,1185.46,16,2025-10-01,2023-08-01,74.09,1,3.0,1,91.0,1,50.8
C002764,2022-02-21,Startup,North America,Starter,Referral,2,32.48,1409,3.0,1,8.8,0.305,0,0,,2025-12-31,786.8,25,2025-11-23,2022-03-20,31.47,1,14.7,0,38.0,1,46.2
C002765,2022-10-20,Mid-Market,North America,Starter,Partner,45,30.51,1168,8.0,0,41.4,0.674,0,0,,2025-12-31,562.07,18,2025-11-20,2022-11-01,31.23,0,0.0,0,41.0,1,66.5
C002766,2024-02-04,Enterprise,Europe,Free,Sales,67,0.0,696,3.0,0,15.2,0.285,0,0,,2025-12-31,89.32000000000001,14,2025-11-10,2024-06-14,6.38,1,11.1,0,51.0,0,47.7
C002767,2023-06-13,Mid-Market,Europe,Starter,Organic,24,30.97,932,24.0,0,31.3,0.29,0,0,,2025-12-31,713.97,23,2025-11-12,2023-06-15,31.04,0,0.0,0,49.0,1,68.3
C002768,2025-11-21,Startup,North America,Free,Referral,7,0.0,40,12.0,1,31.0,0.249,0,1,2025-12-03,2025-12-31,10.46,1,2025-11-30,2025-11-30,10.46,1,22.4,0,31.0,0,54.8
C002769,2023-11-16,Startup,APAC,Free,Organic,6,0.0,776,17.0,1,44.5,0.717,0,0,,2025-12-31,46.06,13,2025-12-01,2024-01-04,3.54,2,13.0,0,30.0,0,74.6
C002770,2025-10-02,SMB,North America,Free,Paid Search,9,0.0,90,22.0,1,85.8,0.509,0,0,,2025-12-31,0.0,1,2025-11-09,2025-11-09,0.0,1,6.1,1,52.0,0,77.0
C002771,2024-08-02,Startup,APAC,Starter,Referral,6,31.91,516,26.0,0,46.9,0.302,0,0,,2025-12-31,439.90999999999997,13,2025-10-21,2024-08-18,33.84,1,5.8,0,71.0,1,72.0
C002772,2022-02-27,Startup,APAC,Business,Referral,7,203.66,1403,12.0,0,24.3,0.144,0,0,,2025-12-31,6015.94,31,2025-06-17,2022-03-18,194.06,0,0.0,0,197.0,1,52.5
C002773,2022-10-18,Startup,Europe,Free,Organic,6,0.0,1170,1.0,0,20.1,0.365,2,0,,2025-12-31,101.03,21,2025-04-12,2022-12-23,4.81,0,0.0,0,263.0,0,44.9
C002774,2024-10-06,Startup,North America,Pro,Organic,1,86.22,451,17.0,0,30.2,0.646,2,0,,2025-12-31,1061.57,12,2025-11-08,2024-12-16,88.46,1,0.0,0,53.0,1,68.6
C002775,2024-02-19,Mid-Market,North America,Pro,Referral,69,70.55,681,26.0,1,13.2,0.173,0,0,,2025-12-31,880.91,12,2025-07-18,2024-04-03,73.41,1,1.9,0,166.0,1,63.2
C002776,2023-03-08,SMB,North America,Business,Organic,4,225.51,1029,10.0,1,38.5,0.586,0,0,,2025-12-31,4934.14,24,2025-12-31,2023-03-29,205.59,2,144.0,0,0.0,1,63.9
C002777,2024-01-17,SMB,APAC,Starter,Paid Search,18,32.79,714,2.0,1,-25.3,0.55,0,0,,2025-12-31,413.02,12,2025-12-31,2024-02-07,34.42,2,208.3,0,0.0,1,49.3
C002778,2025-07-15,SMB,Europe,Business,Organic,4,194.92,169,20.0,1,29.7,0.125,0,0,,2025-12-31,149.45,1,2025-11-28,2025-11-28,149.45,1,16.8,0,33.0,1,58.1
C002779,2023-07-10,Mid-Market,North America,Business,Organic,48,204.77,905,17.0,1,31.7,0.25,0,0,,2025-12-31,2297.0,12,2025-08-29,2023-07-21,191.42,1,39.8,0,124.0,1,59.3
C002780,2022-03-06,SMB,LATAM,Enterprise,Referral,17,2848.39,1396,4.0,0,6.0,0.65,0,0,,2025-12-31,72514.74,26,2025-12-03,2022-04-01,2789.03,3,44.1,0,28.0,1,58.7
C002781,2023-03-21,Startup,Europe,Business,Organic,1,216.23,1016,0.0,1,25.4,0.344,0,0,,2025-12-31,5111.36,23,2025-09-20,2023-05-02,222.23,1,9.9,0,102.0,1,46.4
C002782,2025-08-31,Mid-Market,APAC,Free,Paid Search,23,0.0,122,14.0,0,63.0,0.15,0,0,,2025-12-31,0.0,7,2025-12-21,2025-10-16,0.0,1,3.1,0,10.0,0,58.3
C002783,2024-12-25,Startup,Europe,Enterprise,Partner,3,509.12,371,4.0,2,64.8,0.163,1,0,,2025-12-31,3927.39,7,2025-12-10,2025-01-02,561.06,2,8.7,0,21.0,1,44.9
C002784,2025-04-12,Mid-Market,LATAM,Business,Organic,69,217.99,263,5.0,0,21.7,0.665,1,0,,2025-12-31,1585.52,7,2025-11-20,2025-05-05,226.5,0,0.0,0,41.0,1,59.6
C002785,2025-07-27,Mid-Market,North America,Starter,Partner,75,27.07,157,8.0,0,48.1,0.9,0,0,,2025-12-31,102.81,4,2025-12-03,2025-08-08,25.7,0,0.0,0,28.0,1,74.0
C002786,2022-06-18,Enterprise,North America,Starter,Paid Search,80,28.93,1292,13.0,0,-2.5,0.323,0,0,,2025-12-31,917.61,31,2025-12-13,2022-08-14,29.6,0,0.0,0,18.0,1,56.0
C002787,2023-02-09,SMB,APAC,Enterprise,Referral,19,3388.46,1056,22.0,1,27.6,0.099,0,0,,2025-12-31,114076.77,31,2025-12-08,2023-05-20,3679.9,2,41.2,0,23.0,1,58.9
C002788,2022-03-27,SMB,APAC,Starter,Referral,13,30.66,1375,12.0,3,40.8,0.468,0,1,2024-06-30,2025-12-31,746.34,23,2024-06-03,2022-06-21,32.45,3,33.0,1,576.0,0,59.3
C002789,2022-01-07,Mid-Market,Europe,Business,Referral,61,214.72,1454,23.0,3,73.2,0.208,0,0,,2025-12-31,6493.5,30,2025-12-23,2022-02-06,216.45,3,5.9,1,8.0,1,64.6
C002790,2025-04-08,SMB,North America,Starter,Paid Search,17,28.59,267,16.0,2,64.8,0.522,0,0,,2025-12-31,274.2,9,2025-10-14,2025-04-22,30.47,4,14.9,0,78.0,1,68.4
C002791,2025-09-01,Mid-Market,North America,Pro,Referral,78,79.56,121,10.0,2,40.2,0.393,0,1,2025-10-28,2025-12-31,127.78,2,2025-09-11,2025-09-10,63.89,4,70.3,0,111.0,0,56.7
C002792,2022-08-11,SMB,APAC,Free,Partner,8,0.0,1238,14.0,1,12.2,0.123,0,0,,2025-12-31,147.72,29,2025-11-15,2022-11-21,5.09,1,0.0,0,46.0,0,50.9
C002793,2024-10-29,Startup,APAC,Pro,Paid Search,2,82.69,428,3.0,2,69.0,0.322,0,0,,2025-12-31,735.81,10,2025-10-20,2024-11-21,73.58,2,13.9,0,72.0,1,51.2
C002794,2024-02-04,SMB,North America,Pro,Organic,3,81.3,696,27.0,2,26.5,0.327,0,0,,2025-12-31,963.3399999999999,13,2025-11-23,2024-05-25,74.1,3,71.4,0,38.0,1,68.6
C002795,2022-04-09,SMB,North America,Enterprise,Organic,17,3106.42,1362,8.0,1,46.2,0.389,2,0,,2025-12-31,87469.4,29,2025-11-25,2022-04-16,3016.19,3,26.8,0,36.0,1,52.9
C002796,2025-08-02,SMB,Europe,Starter,Organic,13,29.01,151,25.0,1,31.9,0.327,0,0,,2025-12-31,49.72,2,2025-12-18,2025-10-21,24.86,4,12.7,1,13.0,1,68.8
C002797,2025-05-30,Startup,APAC,Free,Organic,4,0.0,215,18.0,2,84.8,0.427,0,0,,2025-12-31,8.59,1,2025-08-06,2025-08-06,8.59,2,4.5,1,147.0,0,69.4
C002798,2024-03-22,Mid-Market,Europe,Starter,Sales,48,29.19,649,8.0,0,19.7,0.491,0,0,,2025-12-31,586.2,20,2025-12-19,2024-06-23,29.31,1,64.3,0,12.0,1,58.8
C002799,2024-10-09,Mid-Market,Europe,Free,Sales,53,0.0,448,13.0,0,57.9,0.743,0,0,,2025-12-31,48.93,11,2025-10-31,2024-11-16,4.45,1,53.4,0,61.0,0,74.7
C002800,2023-07-23,Enterprise,LATAM,Enterprise,Organic,65,10589.84,892,3.0,0,32.8,0.51,1,1,2025-08-11,2025-12-31,185293.68,19,2025-06-08,2023-07-25,9752.3,0,0.0,0,206.0,0,54.3
C002801,2025-02-07,SMB,North America,Free,Sales,14,0.0,327,17.0,0,49.2,0.708,0,0,,2025-12-31,39.59,7,2025-11-05,2025-02-17,5.66,0,0.0,0,56.0,0,76.3
C002802,2023-09-29,SMB,Europe,Starter,Referral,10,27.13,824,1.0,0,75.5,0.285,0,0,,2025-12-31,582.96,22,2025-10-16,2023-10-06,26.5,0,0.0,0,76.0,1,52.0
C002803,2025-11-15,SMB,Europe,Business,Paid Search,14,228.81,46,17.0,3,-15.1,0.125,0,0,,2025-12-31,555.0,2,2025-11-25,2025-11-23,277.5,3,44.8,0,36.0,1,47.9
C002804,2022-04-01,Mid-Market,Europe,Starter,Sales,19,30.67,1370,5.0,2,33.4,0.768,0,0,,2025-12-31,899.39,30,2025-12-16,2022-05-27,29.98,2,12.9,0,15.0,1,62.8
C002805,2022-09-04,Enterprise,APAC,Starter,Referral,249,25.64,1214,3.0,3,12.6,0.378,0,0,,2025-12-31,745.83,31,2025-12-23,2022-09-24,24.06,3,28.6,0,8.0,1,45.8
C002806,2025-10-17,SMB,Europe,Pro,Partner,21,70.2,75,6.0,2,46.1,0.16,1,0,,2025-12-31,97.6,2,2025-11-19,2025-11-18,48.8,2,82.9,0,42.0,1,44.8
C002807,2023-02-17,Startup,Europe,Starter,Organic,4,29.51,1048,2.0,0,52.3,0.189,0,0,,2025-12-31,520.37,17,2025-12-02,2023-03-13,30.61,0,0.0,0,29.0,1,47.7
C002808,2023-03-21,Mid-Market,North America,Business,Organic,54,208.39,1016,24.0,1,23.2,0.196,0,0,,2025-12-31,6064.93,30,2025-12-25,2023-03-29,202.16,3,35.8,0,6.0,1,63.1
C002809,2025-02-05,Mid-Market,APAC,Pro,Sales,26,74.88,329,26.0,0,21.9,0.49,0,0,,2025-12-31,544.64,7,2025-11-23,2025-05-04,77.81,0,0.0,0,38.0,1,75.1
C002810,2022-09-28,Mid-Market,North America,Starter,Organic,30,24.77,1190,25.0,0,40.1,0.374,1,0,,2025-12-31,626.84,25,2025-12-07,2022-10-15,25.07,0,0.0,0,24.0,1,70.6
C002811,2024-01-05,SMB,North America,Pro,Organic,20,82.04,726,20.0,5,3.2,0.668,1,0,,2025-12-31,1396.59,16,2025-11-17,2024-01-08,87.29,5,69.0,0,44.0,1,63.7
C002812,2023-02-14,Mid-Market,Europe,Business,Organic,54,177.38,1051,6.0,1,43.3,0.614,0,0,,2025-12-31,4413.99,25,2025-12-29,2023-04-16,176.56,1,8.5,0,2.0,1,61.6
C002813,2022-10-11,Mid-Market,Europe,Starter,Paid Search,79,29.32,1177,21.0,0,14.6,0.501,0,0,,2025-12-31,846.8199999999999,28,2025-11-25,2022-11-14,30.24,0,0.0,0,36.0,1,70.2
C002814,2025-10-11,SMB,LATAM,Business,Paid Search,16,223.41,81,21.0,1,53.3,0.648,0,0,,2025-12-31,858.77,4,2025-12-30,2025-10-21,214.69,1,21.3,0,1.0,1,77.0
C002815,2022-10-13,Mid-Market,APAC,Starter,Sales,79,28.91,1175,6.0,1,2.1,0.573,0,0,,2025-12-31,735.75,25,2025-12-30,2022-11-26,29.43,2,21.9,0,1.0,1,56.3
C002816,2022-05-15,Mid-Market,APAC,Pro,Paid Search,64,70.94,1326,23.0,0,20.8,0.391,0,0,,2025-12-31,2218.15,30,2025-12-17,2022-07-14,73.94,0,0.0,0,14.0,1,69.3
C002817,2024-08-21,Enterprise,North America,Business,Sales,261,200.9,497,27.0,1,16.2,0.237,0,0,,2025-12-31,1835.26,9,2025-08-29,2024-09-04,203.92,1,12.4,0,124.0,1,66.3
C002818,2025-05-25,Startup,Europe,Free,Partner,7,0.0,220,10.0,2,27.5,0.391,1,1,2025-09-10,2025-12-31,0.0,1,2025-06-18,2025-06-18,0.0,3,51.6,0,196.0,0,53.4
C002819,2022-07-02,SMB,LATAM,Pro,Paid Search,24,86.13,1278,16.0,1,69.4,0.488,0,0,,2025-12-31,2955.07,34,2025-12-16,2022-08-07,86.91,1,45.5,0,15.0,1,69.4
C002820,2024-10-09,Mid-Market,Europe,Free,Organic,33,0.0,448,24.0,0,56.1,0.535,0,1,2025-10-14,2025-12-31,17.84,5,2025-09-09,2025-02-12,3.57,1,67.1,0,113.0,0,78.1
C002821,2024-02-13,Enterprise,APAC,Pro,Organic,260,76.27,687,7.0,1,23.0,0.228,0,0,,2025-12-31,1012.18,13,2025-12-13,2024-02-15,77.86,1,166.0,0,18.0,1,48.9
C002822,2025-04-01,SMB,Europe,Pro,Referral,12,80.14,274,27.0,2,23.0,0.346,1,0,,2025-12-31,463.48,6,2025-10-24,2025-06-04,77.25,4,75.0,0,68.0,1,66.8
C002823,2022-07-01,Startup,North America,Starter,Referral,6,26.36,1279,8.0,2,57.1,0.313,0,0,,2025-12-31,716.76,28,2025-12-24,2022-07-19,25.6,2,0.0,0,7.0,1,54.2
C002824,2025-10-27,Enterprise,Europe,Free,Paid Search,289,0.0,65,27.0,1,5.9,0.457,2,0,,2025-12-31,0.0,2,2025-11-22,2025-11-04,0.0,1,117.3,0,39.0,0,67.9
C002825,2024-06-04,Mid-Market,North America,Enterprise,Sales,49,7463.7,575,6.0,1,35.6,0.456,1,0,,2025-12-31,63189.56,8,2025-12-27,2024-06-08,7898.7,1,0.0,0,4.0,1,54.1
C002826,2025-04-19,Mid-Market,North America,Starter,Referral,24,30.12,256,20.0,0,19.9,0.68,1,0,,2025-12-31,182.51999999999998,6,2025-11-09,2025-04-30,30.42,0,0.0,0,52.0,1,73.2
C002827,2023-06-02,SMB,North America,Starter,Organic,21,29.81,943,14.0,2,30.7,0.405,0,0,,2025-12-31,573.61,21,2025-12-12,2023-08-11,27.31,2,17.4,0,19.0,1,59.7
C002828,2025-09-11,Startup,North America,Free,Partner,4,0.0,111,10.0,1,55.2,0.498,1,0,,2025-12-31,0.0,1,2025-10-06,2025-10-06,0.0,1,58.5,0,86.0,0,60.9
C002829,2024-06-14,SMB,North America,Pro,Referral,12,88.16,565,12.0,1,18.3,0.651,1,0,,2025-12-31,1124.9099999999999,13,2025-09-16,2024-06-23,86.53,1,14.4,0,106.0,1,63.6
C002830,2022-07-01,Mid-Market,APAC,Starter,Referral,74,26.83,1279,6.0,2,59.4,0.784,0,0,,2025-12-31,759.46,28,2025-12-05,2022-08-06,27.12,3,59.9,0,26.0,1,66.8
C002831,2025-08-12,SMB,North America,Business,Organic,8,220.94,141,18.0,1,90.0,0.607,0,0,,2025-12-31,302.34000000000003,2,2025-10-02,2025-09-25,151.17,1,43.4,0,90.0,1,76.8
C002832,2025-02-11,SMB,APAC,Pro,Organic,13,75.3,323,27.0,3,50.1,0.257,1,0,,2025-12-31,232.13000000000002,4,2025-10-20,2025-04-06,58.03,3,110.6,0,72.0,1,65.3
C002833,2023-03-06,Mid-Market,Europe,Free,Paid Search,76,0.0,1031,16.0,3,32.9,0.527,0,0,,2025-12-31,261.32,27,2025-08-14,2023-04-26,9.68,3,46.4,0,139.0,0,63.9
C002834,2024-02-20,Mid-Market,North America,Pro,Organic,55,78.37,680,7.0,2,63.9,0.022,0,0,,2025-12-31,871.26,12,2025-12-27,2024-03-06,72.6,2,28.5,0,4.0,1,45.3
C002835,2023-07-09,Mid-Market,North America,Starter,Organic,72,30.43,906,18.0,1,7.3,0.332,0,1,2025-04-04,2025-12-31,470.24,15,2025-03-03,2023-07-20,31.35,1,0.0,0,303.0,0,60.3
C002836,2024-02-17,SMB,LATAM,Free,Partner,10,0.0,683,12.0,3,73.0,0.279,0,0,,2025-12-31,42.69,11,2025-12-18,2024-03-04,3.88,3,24.8,0,13.0,0,56.9
C002837,2025-10-12,SMB,Europe,Pro,Paid Search,23,82.68,80,25.0,1,16.2,0.514,0,0,,2025-12-31,300.43,3,2025-11-08,2025-10-20,100.14,1,9.6,0,53.0,1,72.9
C002838,2025-07-09,SMB,LATAM,Starter,Organic,23,28.41,175,7.0,0,89.2,0.12,0,0,,2025-12-31,114.29,4,2025-12-30,2025-07-22,28.57,0,0.0,0,1.0,1,53.8
C002839,2022-11-05,Startup,North America,Business,Partner,4,213.1,1152,14.0,0,17.1,0.233,0,0,,2025-12-31,2687.14,13,2025-12-12,2023-01-06,206.7,1,81.6,0,19.0,1,56.2
C002840,2025-10-21,Mid-Market,APAC,Pro,Organic,28,80.32,71,13.0,1,51.5,0.271,0,0,,2025-12-31,138.1,2,2025-12-23,2025-10-31,69.05,1,39.9,0,8.0,1,58.4
C002841,2023-09-19,Mid-Market,APAC,Starter,Paid Search,79,31.48,834,24.0,0,-4.0,0.198,0,0,,2025-12-31,363.53,13,2025-09-12,2023-09-21,27.96,1,0.8,0,110.0,1,62.0
C002842,2024-10-04,Enterprise,LATAM,Enterprise,Referral,246,43842.35,453,3.0,0,29.7,0.399,0,0,,2025-12-31,462410.02,9,2025-12-31,2025-01-08,51378.89,2,23.8,0,0.0,1,52.6
C002843,2024-12-28,Startup,North America,Pro,Sales,4,77.06,368,17.0,0,8.0,0.311,1,0,,2025-12-31,943.73,12,2025-12-24,2025-01-04,78.64,1,3.8,0,7.0,1,58.3
C002844,2023-11-22,SMB,LATAM,Starter,Organic,23,26.35,770,22.0,0,-1.0,0.421,0,0,,2025-12-31,281.33,11,2025-11-15,2023-12-02,25.58,0,0.0,0,46.0,1,67.2
C002845,2023-10-16,Mid-Market,North America,Pro,Referral,19,68.87,807,10.0,2,65.1,0.356,0,0,,2025-12-31,1304.25,18,2025-11-23,2023-11-10,72.46,2,9.8,1,38.0,1,58.1
C002846,2023-10-15,Enterprise,APAC,Enterprise,Sales,282,43005.78,808,14.0,1,4.3,0.524,0,0,,2025-12-31,1047729.73,24,2025-10-05,2023-11-15,43655.41,3,17.1,0,87.0,1,62.2
C002847,2025-05-18,SMB,Europe,Starter,Partner,16,29.67,227,8.0,0,16.6,0.215,0,1,2025-11-27,2025-12-31,117.9,5,2025-11-24,2025-05-19,23.58,0,0.0,0,37.0,0,50.3
C002848,2023-07-07,SMB,Europe,Starter,Sales,5,30.77,908,11.0,3,13.7,0.515,1,1,2025-08-09,2025-12-31,681.98,22,2025-08-09,2023-07-17,31.0,3,41.9,1,144.0,0,55.1
C002849,2023-02-05,SMB,North America,Pro,Organic,11,82.4,1060,26.0,1,63.5,0.311,1,0,,2025-12-31,1749.43,20,2025-12-08,2023-03-05,87.47,1,0.0,0,23.0,1,70.4
C002850,2023-06-02,Mid-Market,APAC,Starter,Organic,15,26.23,943,10.0,0,60.4,0.707,0,0,,2025-12-31,541.46,20,2025-11-20,2023-09-09,27.07,0,0.0,0,41.0,1,71.2
C002851,2022-10-06,Startup,North America,Starter,Referral,2,28.9,1182,5.0,1,66.8,0.215,2,0,,2025-12-31,523.77,19,2025-06-16,2022-11-25,27.57,1,5.6,0,198.0,1,47.1
C002852,2023-07-14,SMB,Europe,Pro,Paid Search,16,85.39,901,16.0,1,15.3,0.311,1,1,2025-06-15,2025-12-31,1589.04,19,2025-05-31,2023-11-07,83.63,1,19.3,0,214.0,0,56.6
C002853,2022-06-13,SMB,Europe,Business,Paid Search,16,216.11,1297,13.0,2,68.7,0.393,0,0,,2025-12-31,7265.43,32,2025-12-21,2022-07-21,227.04,2,78.6,0,10.0,1,62.3
C002854,2022-05-09,SMB,APAC,Business,Organic,20,204.82,1332,21.0,1,15.1,0.821,1,0,,2025-12-31,7390.35,34,2025-12-13,2022-05-21,217.36,3,13.8,1,18.0,1,76.4
C002855,2024-11-01,Startup,Europe,Free,Organic,3,0.0,425,1.0,4,16.1,0.461,1,0,,2025-12-31,59.91,9,2025-12-28,2024-11-09,6.66,5,30.3,0,3.0,0,43.3
C002856,2022-04-21,Startup,APAC,Starter,Organic,4,28.49,1350,25.0,2,17.5,0.792,0,0,,2025-12-31,750.63,26,2025-12-27,2022-05-30,28.87,3,50.6,0,4.0,1,79.8
C002857,2024-03-23,SMB,Europe,Free,Organic,4,0.0,648,19.0,2,18.4,0.574,0,0,,2025-12-31,79.93,12,2025-08-28,2024-07-28,6.66,2,37.7,0,125.0,0,68.0
C002858,2025-01-20,SMB,Europe,Starter,Sales,22,30.61,345,23.0,0,32.7,0.454,1,0,,2025-12-31,311.05,10,2025-10-16,2025-02-07,31.1,0,0.0,0,76.0,1,70.4
C002859,2024-11-02,Mid-Market,Europe,Pro,Organic,18,76.14,424,11.0,0,14.0,0.292,0,0,,2025-12-31,614.2,8,2025-11-01,2024-12-06,76.78,0,0.0,0,60.0,1,55.0
C002860,2023-09-30,Startup,APAC,Starter,Referral,3,26.36,823,12.0,2,40.8,0.348,0,0,,2025-12-31,335.08,13,2025-10-02,2023-11-11,25.78,3,15.3,0,90.0,1,57.2
C002861,2022-10-04,SMB,APAC,Business,Organic,16,182.71,1184,9.0,1,-30.2,0.483,0,0,,2025-12-31,5955.61,32,2025-12-22,2022-10-15,186.11,1,5.4,1,9.0,1,53.0
C002862,2025-08-23,Enterprise,Europe,Pro,Paid Search,213,67.31,130,23.0,0,40.7,0.416,0,0,,2025-12-31,232.03,4,2025-12-24,2025-08-23,58.01,0,0.0,0,7.0,1,72.1
C002863,2025-04-09,Mid-Market,North America,Pro,Sales,59,87.07,266,1.0,0,7.8,0.39,0,0,,2025-12-31,84.77,1,2025-07-13,2025-07-13,84.77,0,0.0,0,171.0,1,48.4
C002864,2024-05-25,Startup,Europe,Business,Organic,1,169.42,585,14.0,0,18.3,0.601,0,0,,2025-12-31,1741.77,10,2025-10-19,2024-08-25,174.18,0,0.0,0,73.0,1,67.4
C002865,2022-05-05,Startup,North America,Pro,Organic,6,75.58,1336,7.0,3,18.9,0.432,0,0,,2025-12-31,3059.13,40,2025-12-30,2022-05-09,76.48,4,17.6,0,1.0,1,51.6
C002866,2022-02-20,Startup,North America,Business,Referral,3,207.07,1410,17.0,2,58.6,0.203,1,0,,2025-12-31,7332.24,37,2025-12-05,2022-03-01,198.17,3,2.5,1,26.0,1,57.1
C002867,2023-03-27,SMB,APAC,Business,Organic,7,217.96,1010,26.0,2,47.6,0.28,3,0,,2025-12-31,4488.23,21,2025-12-15,2023-04-12,213.73,2,4.2,0,16.0,1,62.4
C002868,2022-08-14,SMB,Europe,Pro,Organic,4,89.8,1235,18.0,1,30.9,0.463,1,0,,2025-12-31,2956.92,34,2025-12-17,2022-10-26,86.97,1,10.8,0,14.0,1,64.6
C002869,2025-05-15,Startup,Europe,Starter,Sales,1,27.09,230,1.0,0,17.1,0.12,0,1,2025-12-30,2025-12-31,170.82999999999998,7,2025-11-25,2025-06-16,24.4,2,21.7,0,36.0,0,41.2
C002870,2022-10-22,Mid-Market,LATAM,Starter,Paid Search,66,24.66,1166,11.0,0,54.6,0.603,1,0,,2025-12-31,506.56,21,2025-07-03,2022-11-04,24.12,1,55.7,0,181.0,1,66.4
C002871,2023-02-09,Mid-Market,North America,Business,Partner,51,213.36,1056,0.0,0,79.9,0.106,0,0,,2025-12-31,5251.93,24,2025-12-20,2023-02-16,218.83,1,30.9,0,11.0,1,46.2
C002872,2025-10-27,Startup,North America,Free,Organic,4,0.0,65,13.0,1,34.3,0.562,0,0,,2025-12-31,0.0,0,,,0.0,2,23.0,1,,0,65.4
C002873,2025-03-16,Enterprise,North America,Enterprise,Organic,403,62797.89,290,4.0,3,-5.0,0.19,0,0,,2025-12-31,460064.01,7,2025-10-05,2025-03-23,65723.43,3,24.3,0,87.0,1,39.3
C002874,2022-11-09,SMB,North America,Starter,Paid Search,13,30.8,1148,19.0,0,17.4,0.702,1,0,,2025-12-31,468.49,16,2025-08-06,2022-11-09,29.28,1,0.0,0,147.0,1,72.8
C002875,2023-07-03,SMB,APAC,Business,Partner,17,228.45,912,14.0,1,49.0,0.584,1,0,,2025-12-31,3761.54,17,2025-11-03,2023-07-23,221.27,3,47.4,0,58.0,1,66.4
C002876,2024-01-08,SMB,APAC,Starter,Organic,3,26.61,723,8.0,1,23.9,0.228,1,0,,2025-12-31,640.9300000000001,24,2025-12-05,2024-01-24,26.71,1,66.0,0,26.0,1,47.9
C002877,2024-08-07,Mid-Market,Europe,Enterprise,Sales,74,12278.31,511,24.0,1,13.5,0.676,0,0,,2025-12-31,84421.29000000001,7,2025-10-23,2024-08-12,12060.18,1,31.0,0,69.0,1,76.6
C002878,2025-08-31,SMB,North America,Free,Referral,17,0.0,122,20.0,0,12.4,0.663,0,0,,2025-12-31,24.16,6,2025-11-21,2025-09-13,4.03,0,0.0,0,40.0,0,74.0
C002879,2025-05-30,Mid-Market,Europe,Starter,Partner,55,30.0,215,17.0,3,37.3,0.884,0,0,,2025-12-31,106.96000000000001,4,2025-11-23,2025-07-28,26.74,4,61.9,1,38.0,1,75.9
C002880,2025-10-29,Startup,North America,Business,Paid Search,7,200.77,63,9.0,1,-3.3,0.284,1,0,,2025-12-31,606.25,3,2025-12-27,2025-11-13,202.08,1,202.1,0,4.0,1,47.7
C002881,2022-02-28,Mid-Market,APAC,Starter,Partner,38,33.13,1402,7.0,1,34.1,0.413,0,0,,2025-12-31,861.92,27,2025-12-22,2022-03-15,31.92,2,15.6,0,9.0,1,55.6
C002882,2022-12-04,SMB,Europe,Starter,Referral,12,26.85,1123,16.0,1,37.2,0.505,0,0,,2025-12-31,734.3100000000001,26,2025-11-20,2022-12-15,28.24,4,57.7,0,41.0,1,66.7
C002883,2024-03-16,SMB,North America,Business,Organic,19,221.26,655,22.0,3,23.8,0.12,0,0,,2025-12-31,4304.98,20,2025-12-02,2024-05-11,215.25,5,19.9,0,29.0,1,56.1
C002884,2022-03-12,Mid-Market,APAC,Business,Referral,63,208.54,1390,23.0,2,8.9,0.531,0,0,,2025-12-31,6111.65,29,2025-11-25,2022-03-17,210.75,3,12.8,0,36.0,1,69.4
C002885,2023-05-24,Mid-Market,APAC,Free,Paid Search,46,0.0,952,21.0,1,60.5,0.352,3,1,2025-08-29,2025-12-31,162.73,17,2025-08-21,2023-07-03,9.57,1,7.5,1,132.0,0,62.9
C002886,2022-08-08,SMB,North America,Pro,Sales,24,86.02,1241,0.0,1,1.7,0.707,1,0,,2025-12-31,2393.51,27,2025-12-02,2022-10-22,88.65,1,1.8,1,29.0,1,52.9
C002887,2025-08-27,Enterprise,Europe,Starter,Sales,469,30.39,126,27.0,1,39.3,0.472,0,0,,2025-12-31,187.04,6,2025-12-29,2025-09-29,31.17,2,41.6,0,2.0,1,75.7
C002888,2022-04-01,Mid-Market,Europe,Starter,Organic,79,25.05,1370,6.0,1,53.2,0.168,2,0,,2025-12-31,613.23,26,2025-10-17,2022-05-11,23.59,1,25.2,0,75.0,1,45.2
C002889,2022-08-01,SMB,North America,Pro,Paid Search,9,81.49,1248,0.0,1,39.0,0.542,0,0,,2025-12-31,1886.74,24,2025-11-08,2022-08-10,78.61,2,9.6,0,53.0,1,53.7
C002890,2022-10-07,Startup,North America,Free,Paid Search,5,0.0,1181,15.0,1,65.8,0.106,0,0,,2025-12-31,85.68,21,2025-12-06,2022-11-28,4.08,1,26.4,0,25.0,0,56.7
C002891,2022-08-01,SMB,APAC,Pro,Paid Search,10,75.19,1248,12.0,1,6.6,0.368,0,0,,2025-12-31,1865.6,24,2025-09-06,2022-10-12,77.73,1,6.5,0,116.0,1,55.9
C002892,2024-03-24,Mid-Market,LATAM,Starter,Referral,62,28.11,647,2.0,1,15.2,0.283,1,0,,2025-12-31,518.52,18,2025-12-30,2024-05-31,28.81,1,48.1,0,1.0,1,43.3
C002893,2023-06-06,Startup,Europe,Business,Organic,3,221.33,939,6.0,1,23.5,0.458,0,0,,2025-12-31,4996.49,23,2025-12-15,2023-06-28,217.24,1,7.7,0,16.0,1,54.9
C002894,2025-07-28,SMB,Europe,Pro,Partner,6,89.34,156,5.0,1,100.0,0.233,0,0,,2025-12-31,323.47,4,2025-11-03,2025-09-04,80.87,1,3.1,0,58.0,1,55.0
C002895,2023-01-08,SMB,Europe,Starter,Sales,16,31.36,1088,12.0,1,47.7,0.776,1,0,,2025-12-31,646.48,20,2025-11-08,2023-03-20,32.32,3,24.0,0,53.0,1,70.3
C002896,2024-02-08,SMB,Europe,Enterprise,Sales,22,3148.35,692,20.0,1,52.4,0.136,0,0,,2025-12-31,39297.23,12,2025-11-17,2024-02-28,3274.77,2,15.0,0,44.0,1,60.7
C002897,2024-08-01,Mid-Market,North America,Business,Organic,76,192.73,517,19.0,2,51.3,0.379,0,0,,2025-12-31,2242.28,12,2025-12-05,2024-08-15,186.86,2,11.3,1,26.0,1,65.5
C002898,2024-06-14,Mid-Market,North America,Starter,Sales,55,24.7,565,0.0,0,37.0,0.453,0,0,,2025-12-31,186.75,8,2025-08-31,2024-09-14,23.34,0,0.0,0,122.0,1,52.3
C002899,2025-02-12,SMB,LATAM,Enterprise,Organic,16,2830.63,322,4.0,0,61.2,0.515,0,1,2025-07-03,2025-12-31,6878.99,2,2025-06-25,2025-03-30,3439.5,0,0.0,0,189.0,0,60.1
C002900,2022-10-16,Enterprise,APAC,Starter,Paid Search,412,25.85,1172,17.0,4,-11.8,0.347,0,0,,2025-12-31,542.69,19,2025-10-27,2023-02-05,28.56,4,97.5,0,65.0,1,53.4
C002901,2023-12-27,SMB,LATAM,Starter,Organic,19,30.29,735,22.0,3,41.9,0.611,0,0,,2025-12-31,389.8,13,2025-12-04,2024-01-28,29.98,3,23.4,1,27.0,1,72.7
C002902,2025-02-18,Mid-Market,North America,Starter,Partner,32,29.27,316,0.0,0,45.7,0.384,0,0,,2025-12-31,366.76,11,2025-11-29,2025-03-04,33.34,0,0.0,0,32.0,1,51.1
C002903,2025-05-19,Mid-Market,Europe,Starter,Organic,17,26.85,226,9.0,2,60.5,0.634,2,0,,2025-12-31,256.31,9,2025-12-20,2025-05-22,28.48,3,80.7,0,11.0,1,61.1
C002904,2024-06-02,Mid-Market,Europe,Pro,Organic,17,80.9,577,3.0,1,6.1,0.814,0,0,,2025-12-31,1176.12,16,2025-11-13,2024-06-18,73.51,1,11.1,0,48.0,1,61.2
C002905,2024-07-21,SMB,North America,Pro,Paid Search,11,74.34,528,13.0,1,7.9,0.658,0,0,,2025-12-31,946.9,11,2025-12-07,2024-08-31,86.08,1,36.3,0,24.0,1,65.6
C002906,2025-05-20,SMB,North America,Business,Sales,3,187.89,225,10.0,4,9.5,0.345,0,0,,2025-12-31,1818.8600000000001,9,2025-12-17,2025-06-04,202.1,4,35.6,0,14.0,1,49.2
C002907,2024-06-12,Mid-Market,APAC,Starter,Partner,49,25.8,567,4.0,0,48.1,0.175,0,1,2024-12-15,2025-12-31,199.12,7,2024-11-19,2024-07-22,28.45,0,0.0,0,407.0,0,48.6
C002908,2025-09-18,Mid-Market,Europe,Starter,Referral,57,29.42,104,27.0,0,48.4,0.936,0,0,,2025-12-31,0.0,0,,,0.0,0,0.0,0,,1,92.0
C002909,2022-07-02,Mid-Market,Europe,Starter,Partner,55,32.45,1278,21.0,1,11.3,0.552,0,0,,2025-12-31,574.88,17,2025-10-28,2022-07-11,33.82,2,40.1,0,64.0,1,69.9
C002910,2023-05-13,Startup,North America,Free,Paid Search,6,0.0,963,15.0,0,82.9,0.258,1,0,,2025-12-31,161.36,32,2025-12-13,2023-06-04,5.04,1,0.0,0,18.0,0,62.4
C002911,2022-06-10,Mid-Market,Europe,Enterprise,Organic,68,11116.14,1300,21.0,2,42.2,0.603,1,0,,2025-12-31,272316.11,24,2025-12-10,2022-07-27,11346.5,2,53.8,0,21.0,1,71.1
C002912,2022-05-10,SMB,North America,Pro,Organic,13,76.07,1331,8.0,3,38.1,0.874,0,0,,2025-12-31,1748.47,23,2025-12-22,2022-05-15,76.02,4,27.9,0,9.0,1,67.7
C002913,2023-11-06,Mid-Market,North America,Business,Paid Search,60,185.95,786,26.0,3,29.8,0.518,0,0,,2025-12-31,2268.2,12,2025-06-24,2024-04-16,189.02,4,19.6,0,190.0,1,72.2
C002914,2022-11-20,Mid-Market,Europe,Business,Sales,53,198.51,1137,11.0,1,58.3,0.322,0,0,,2025-12-31,4482.36,23,2025-12-11,2022-12-09,194.89,1,126.3,0,20.0,1,58.8
C002915,2023-08-06,SMB,North America,Starter,Organic,3,26.85,878,10.0,0,44.7,0.28,0,1,2024-07-17,2025-12-31,121.84,5,2024-03-26,2023-09-11,24.37,0,0.0,0,645.0,0,56.8
C002916,2023-09-19,SMB,LATAM,Free,Partner,10,0.0,834,15.0,1,82.2,0.728,0,0,,2025-12-31,63.129999999999995,15,2025-12-15,2023-11-10,4.21,1,11.5,0,16.0,0,77.0
C002917,2024-06-06,Enterprise,Europe,Starter,Referral,195,32.59,573,16.0,2,4.7,0.207,0,0,,2025-12-31,244.83,8,2025-12-26,2024-08-02,30.6,2,43.4,0,5.0,1,53.0
C002918,2025-09-14,Startup,North America,Business,Sales,6,194.17,108,17.0,3,-3.6,0.312,1,0,,2025-12-31,719.24,4,2025-12-02,2025-10-11,179.81,4,39.5,1,29.0,1,52.7
C002919,2025-04-29,Mid-Market,North America,Starter,Organic,52,30.53,246,23.0,1,16.5,0.689,0,0,,2025-12-31,177.04,6,2025-11-30,2025-06-16,29.51,2,45.4,0,31.0,1,76.4
C002920,2023-06-25,Mid-Market,APAC,Free,Sales,29,0.0,920,7.0,1,48.8,0.51,1,0,,2025-12-31,156.64,21,2025-11-06,2023-07-10,7.46,2,20.9,0,55.0,0,57.9
C002921,2023-04-11,Mid-Market,North America,Pro,Partner,66,79.39,995,19.0,0,24.3,0.712,1,0,,2025-12-31,1376.46,18,2025-10-29,2023-07-18,76.47,0,0.0,0,63.0,1,73.8
C002922,2025-01-07,SMB,North America,Starter,Paid Search,24,29.82,358,5.0,1,66.8,0.415,1,1,2025-07-31,2025-12-31,104.83,3,2025-07-09,2025-02-06,34.94,2,17.6,0,175.0,0,55.1
C002923,2022-06-26,SMB,Europe,Pro,Referral,11,87.02,1284,6.0,3,25.2,0.707,1,0,,2025-12-31,1941.76,24,2025-09-16,2022-09-09,80.91,3,52.6,0,106.0,1,57.6
C002924,2024-02-12,Enterprise,North America,Free,Organic,463,0.0,688,13.0,3,62.0,0.33,0,0,,2025-12-31,81.54,17,2025-12-04,2024-04-04,4.8,4,58.2,0,27.0,0,58.2
C002925,2023-08-28,Startup,Europe,Pro,Referral,6,74.09,856,14.0,1,14.2,0.434,1,0,,2025-12-31,1164.45,17,2025-11-28,2023-10-20,68.5,1,0.0,0,33.0,1,58.4
C002926,2022-09-19,SMB,Europe,Starter,Partner,24,31.44,1199,18.0,5,64.6,0.459,0,0,,2025-12-31,686.26,23,2025-11-06,2022-09-20,29.84,8,83.5,1,55.0,1,63.8
C002927,2024-05-31,Startup,North America,Business,Referral,3,219.78,579,3.0,2,69.2,0.426,0,0,,2025-12-31,2568.88,12,2025-10-18,2024-06-08,214.07,3,28.9,1,74.0,1,54.4
C002928,2023-04-04,Startup,APAC,Pro,Referral,1,80.15,1002,22.0,1,20.9,0.588,1,0,,2025-12-31,2106.43,25,2025-12-23,2023-05-12,84.26,2,10.4,0,8.0,1,70.9
C002929,2022-09-23,Startup,Europe,Free,Partner,7,0.0,1195,15.0,3,47.2,0.593,0,0,,2025-12-31,86.96,25,2025-11-24,2022-11-05,3.48,5,24.7,0,37.0,0,66.4
C002930,2024-07-23,SMB,Europe,Business,Organic,23,209.72,526,16.0,1,41.7,0.329,0,0,,2025-12-31,2283.0099999999998,12,2025-10-05,2024-09-02,190.25,1,0.0,0,87.0,1,61.8
C002931,2022-09-07,Mid-Market,North America,Business,Organic,27,197.01,1211,20.0,2,47.9,0.833,0,0,,2025-12-31,4265.65,22,2025-12-19,2022-10-05,193.89,2,71.5,0,12.0,1,79.6
C002932,2024-08-20,SMB,Europe,Pro,Referral,19,80.79,498,19.0,2,67.1,0.628,0,0,,2025-12-31,338.32,4,2025-10-06,2024-09-14,84.58,4,73.0,1,86.0,1,74.5
C002933,2022-08-20,SMB,North America,Enterprise,Partner,13,2197.05,1229,12.0,0,59.3,0.417,0,0,,2025-12-31,64149.07,31,2025-11-23,2022-09-05,2069.32,0,0.0,0,38.0,1,64.2
C002934,2023-09-14,SMB,Europe,Business,Sales,12,185.4,839,13.0,1,47.9,0.765,0,0,,2025-12-31,4294.85,23,2025-10-12,2023-09-17,186.73,3,54.1,0,80.0,1,72.8
C002935,2025-03-01,SMB,North America,Starter,Paid Search,6,25.37,305,6.0,1,51.6,0.864,1,1,2025-08-21,2025-12-31,207.92000000000002,8,2025-07-16,2025-03-03,25.99,1,0.0,0,168.0,0,67.9
C002936,2022-11-23,Enterprise,LATAM,Starter,Paid Search,91,27.37,1134,15.0,1,3.3,0.221,0,0,,2025-12-31,876.27,35,2025-12-27,2022-12-21,25.04,1,78.9,0,4.0,1,53.9
C002937,2025-01-02,Startup,North America,Starter,Referral,6,28.11,363,5.0,2,34.0,0.745,0,0,,2025-12-31,182.64,7,2025-12-17,2025-03-01,26.09,2,19.9,0,14.0,1,62.2
C002938,2024-10-29,Mid-Market,LATAM,Pro,Referral,79,88.32,428,17.0,2,7.5,0.088,2,0,,2025-12-31,895.16,10,2025-12-21,2025-02-22,89.52,3,38.6,0,10.0,1,46.6
C002939,2025-07-14,Startup,LATAM,Enterprise,Paid Search,5,896.58,170,11.0,2,34.5,0.391,0,1,2025-11-29,2025-12-31,1807.79,2,2025-10-08,2025-07-15,903.9,4,31.8,0,84.0,0,57.0
C002940,2022-08-30,Mid-Market,Europe,Pro,Organic,44,81.79,1219,6.0,1,62.9,0.447,0,0,,2025-12-31,1517.8400000000001,18,2025-12-28,2022-09-28,84.32,1,13.8,0,3.0,1,58.6
C002941,2024-10-19,Mid-Market,North America,Starter,Sales,57,25.49,438,13.0,2,34.8,0.723,0,0,,2025-12-31,265.9,10,2025-12-31,2025-01-03,26.59,2,4.8,0,0.0,1,68.8
C002942,2025-09-01,Startup,North America,Enterprise,Referral,4,570.0,121,26.0,1,-27.6,0.129,0,0,,2025-12-31,1615.34,3,2025-12-17,2025-09-10,538.45,1,11.1,0,14.0,1,57.8
C002943,2024-12-27,Startup,LATAM,Pro,Paid Search,1,67.2,369,15.0,0,8.8,0.398,0,0,,2025-12-31,546.26,8,2025-07-14,2025-02-16,68.28,0,0.0,0,170.0,1,61.2
C002944,2022-09-26,SMB,Europe,Starter,Paid Search,4,28.53,1192,9.0,0,49.5,0.755,0,0,,2025-12-31,829.58,28,2025-12-23,2022-10-10,29.63,0,0.0,0,8.0,1,70.6
C002945,2025-03-21,Startup,Europe,Enterprise,Organic,2,336.22,285,12.0,2,21.5,0.435,2,0,,2025-12-31,1720.77,6,2025-10-31,2025-08-18,286.8,2,63.2,0,61.0,1,53.9
C002946,2022-06-03,Mid-Market,North America,Starter,Paid Search,32,32.82,1307,16.0,0,54.6,0.11,1,0,,2025-12-31,376.9,13,2025-12-26,2022-10-06,28.99,0,0.0,0,5.0,1,56.0
C002947,2024-04-22,Startup,APAC,Pro,Organic,7,72.47,618,4.0,2,4.8,0.405,1,1,2025-08-03,2025-12-31,671.23,10,2025-07-07,2024-05-31,67.12,3,13.9,0,177.0,0,46.2
C002948,2023-12-13,Mid-Market,North America,Pro,Organic,53,70.39,749,15.0,1,44.5,0.713,0,0,,2025-12-31,929.11,12,2025-11-21,2023-12-15,77.43,1,16.1,0,40.0,1,72.7
C002949,2024-01-30,SMB,North America,Enterprise,Referral,8,1189.67,701,0.0,0,45.8,0.431,0,0,,2025-12-31,23499.24,21,2025-12-16,2024-03-03,1119.01,1,21.3,0,15.0,1,52.5
C002950,2024-01-13,SMB,North America,Starter,Paid Search,8,29.38,718,23.0,0,54.7,0.433,0,0,,2025-12-31,528.85,18,2025-11-19,2024-03-05,29.38,0,0.0,0,42.0,1,74.0
C002951,2022-02-15,Enterprise,Europe,Starter,Referral,89,24.97,1415,17.0,1,18.6,0.624,0,0,,2025-12-31,330.59000000000003,13,2024-02-10,2022-04-16,25.43,1,34.3,0,690.0,1,69.3
C002952,2023-12-28,SMB,APAC,Pro,Paid Search,23,86.81,734,3.0,2,54.5,0.76,0,0,,2025-12-31,1609.57,19,2025-12-30,2024-01-14,84.71,2,21.7,0,1.0,1,62.9
C002953,2025-09-01,SMB,APAC,Business,Organic,9,206.0,121,13.0,4,72.7,0.263,0,0,,2025-12-31,347.08,2,2025-11-29,2025-09-21,173.54,4,28.2,0,32.0,1,55.8
C002954,2023-09-17,Mid-Market,North America,Free,Paid Search,22,0.0,836,24.0,1,-21.8,0.297,0,0,,2025-12-31,52.43000000000001,14,2025-09-07,2023-10-02,3.75,1,49.5,0,115.0,0,61.7
C002955,2023-01-31,Startup,North America,Starter,Organic,7,32.94,1065,27.0,0,36.3,0.214,1,0,,2025-12-31,623.75,19,2025-11-25,2023-05-24,32.83,1,23.3,0,36.0,1,67.2
C002956,2025-11-23,SMB,APAC,Enterprise,Partner,15,2560.39,38,3.0,2,-10.2,0.534,0,0,,2025-12-31,5323.75,2,2025-12-13,2025-12-05,2661.88,2,8.8,1,18.0,1,49.7
C002957,2022-05-22,Mid-Market,Europe,Business,Sales,67,217.5,1319,7.0,1,13.5,0.296,0,0,,2025-12-31,6988.15,31,2025-10-09,2022-07-13,225.42,2,13.9,0,83.0,1,50.0
C002958,2023-11-27,SMB,North America,Starter,Referral,15,30.34,765,4.0,1,15.5,0.06,1,1,2024-08-27,2025-12-31,219.22,7,2024-08-13,2023-11-30,31.32,3,52.4,0,505.0,0,38.4
C002959,2024-01-04,Mid-Market,North America,Starter,Referral,25,27.05,727,10.0,1,33.3,0.065,0,0,,2025-12-31,450.48,17,2025-09-17,2024-01-06,26.5,2,53.3,0,105.0,1,47.7
C002960,2023-11-15,Enterprise,Europe,Pro,Referral,444,72.16,777,24.0,2,44.4,0.762,0,0,,2025-12-31,1158.05,16,2025-06-21,2024-01-17,72.38,2,40.7,1,193.0,1,80.7
C002961,2025-08-11,SMB,LATAM,Pro,Referral,10,90.35,142,19.0,2,57.6,0.405,0,0,,2025-12-31,317.66999999999996,4,2025-12-10,2025-08-20,79.42,4,73.7,0,21.0,1,66.9
C002962,2023-08-27,Enterprise,Europe,Pro,Partner,290,76.92,857,7.0,2,41.6,0.245,2,0,,2025-12-31,916.83,13,2025-12-07,2023-11-25,70.53,2,36.8,0,24.0,1,45.8
C002963,2025-10-23,Enterprise,North America,Business,Referral,244,199.4,69,9.0,1,51.8,0.389,1,0,,2025-12-31,241.2,1,2025-12-30,2025-12-30,241.2,1,45.7,0,1.0,1,56.4
C002964,2022-04-06,SMB,APAC,Free,Paid Search,13,0.0,1365,17.0,0,8.0,0.563,1,0,,2025-12-31,166.43,26,2025-12-16,2022-05-10,6.4,0,0.0,0,15.0,0,65.9
C002965,2024-11-15,Enterprise,North America,Business,Organic,231,176.14,411,16.0,1,61.4,0.312,0,0,,2025-12-31,1281.85,8,2025-10-03,2024-12-29,160.23,2,13.2,0,89.0,1,63.3
C002966,2024-04-27,Startup,APAC,Free,Referral,4,0.0,613,12.0,1,-47.4,0.612,1,0,,2025-12-31,54.120000000000005,15,2025-12-17,2024-05-27,3.61,2,14.0,0,14.0,0,55.8
C002967,2022-12-10,SMB,North America,Business,Referral,3,207.03,1117,11.0,0,73.2,0.565,0,0,,2025-12-31,4707.01,22,2025-11-23,2023-02-13,213.96,1,21.8,0,38.0,1,69.1
C002968,2022-11-22,Mid-Market,North America,Free,Organic,59,0.0,1135,26.0,2,68.7,0.508,0,0,,2025-12-31,144.57,27,2025-10-26,2022-11-23,5.35,2,26.0,0,66.0,0,77.3
C002969,2024-10-26,SMB,Europe,Free,Sales,7,0.0,431,14.0,0,53.8,0.366,0,0,,2025-12-31,61.51,11,2025-11-30,2024-11-29,5.59,0,0.0,0,31.0,0,63.9
C002970,2024-06-30,Enterprise,North America,Starter,Organic,429,28.15,549,21.0,1,90.7,0.283,0,0,,2025-12-31,290.54,11,2025-09-15,2024-08-17,26.41,1,30.8,0,107.0,1,69.8
C002971,2024-05-23,SMB,North America,Starter,Referral,5,32.22,587,26.0,0,-10.1,0.334,0,0,,2025-12-31,436.62,13,2025-12-23,2024-09-09,33.59,0,0.0,0,8.0,1,67.2
C002972,2022-03-14,Enterprise,Europe,Starter,Sales,224,30.81,1388,9.0,1,54.5,0.505,1,0,,2025-12-31,648.03,22,2025-10-09,2022-06-14,29.46,1,37.5,0,83.0,1,60.1
C002973,2024-05-04,Startup,APAC,Pro,Paid Search,1,73.87,606,21.0,3,38.4,0.852,0,0,,2025-12-31,1242.26,17,2025-12-07,2024-08-27,73.07,4,17.5,1,24.0,1,78.6
C002974,2025-11-04,Mid-Market,APAC,Business,Sales,33,223.83,57,22.0,1,41.1,0.553,0,0,,2025-12-31,143.5,1,2025-11-11,2025-11-11,143.5,1,0.0,0,50.0,1,73.8
C002975,2022-01-25,SMB,North America,Pro,Referral,18,68.28,1436,6.0,0,5.9,0.41,1,0,,2025-12-31,1388.83,21,2025-12-02,2022-03-18,66.13,0,0.0,0,29.0,1,51.2
C002976,2023-11-02,Mid-Market,North America,Pro,Referral,27,82.41,790,6.0,1,44.9,0.601,0,0,,2025-12-31,1172.76,15,2025-11-30,2023-11-16,78.18,2,117.4,0,31.0,1,61.4
C002977,2023-12-08,Mid-Market,Europe,Starter,Sales,38,33.11,754,4.0,1,43.7,0.516,0,0,,2025-12-31,607.83,18,2025-12-12,2024-03-03,33.77,1,10.5,0,19.0,1,56.9
C002978,2025-07-06,SMB,Europe,Business,Partner,22,172.66,178,17.0,0,17.8,0.219,0,0,,2025-12-31,613.79,3,2025-12-16,2025-08-06,204.6,0,0.0,0,15.0,1,58.5
C002979,2023-02-09,SMB,North America,Free,Paid Search,20,0.0,1056,21.0,0,33.3,0.269,0,0,,2025-12-31,89.93,21,2025-12-27,2023-02-18,4.28,1,21.2,0,4.0,0,65.2
C002980,2023-11-12,Startup,APAC,Starter,Partner,2,27.86,780,21.0,1,2.1,0.073,0,1,2025-07-19,2025-12-31,387.48,14,2025-04-07,2024-01-12,27.68,1,39.1,0,268.0,0,54.6
C002981,2024-10-22,Enterprise,LATAM,Free,Paid Search,187,0.0,435,10.0,2,25.1,0.628,1,1,2025-08-26,2025-12-31,49.28,7,2025-07-19,2024-11-25,7.04,2,32.5,0,165.0,0,60.3
C002982,2022-03-28,Enterprise,North America,Starter,Paid Search,179,26.72,1374,19.0,1,59.0,0.299,0,0,,2025-12-31,613.74,24,2025-11-28,2022-05-25,25.57,2,8.3,0,33.0,1,65.3
C002983,2025-02-19,Mid-Market,APAC,Pro,Organic,15,88.62,315,0.0,1,59.5,0.404,1,0,,2025-12-31,523.28,6,2025-12-29,2025-04-09,87.21,1,33.0,0,2.0,1,49.6
C002984,2025-03-21,Mid-Market,Europe,Free,Paid Search,66,0.0,285,18.0,1,54.2,0.296,1,1,2025-11-25,2025-12-31,23.36,9,2025-11-16,2025-03-31,2.6,1,59.5,0,45.0,0,61.9
C002985,2024-10-26,Startup,North America,Free,Referral,6,0.0,431,13.0,1,59.0,0.376,0,0,,2025-12-31,18.73,7,2025-12-28,2025-01-08,2.68,2,35.1,0,3.0,0,62.3
C002986,2024-07-15,Startup,Europe,Business,Sales,5,175.12,534,23.0,0,59.3,0.437,0,0,,2025-12-31,1780.49,10,2025-12-24,2024-10-01,178.05,0,0.0,0,7.0,1,74.6
C002987,2024-12-05,Startup,North America,Free,Sales,4,0.0,391,27.0,0,18.9,0.48,1,0,,2025-12-31,69.6,9,2025-12-06,2025-01-20,7.73,2,41.6,0,25.0,0,73.4
C002988,2025-01-22,Mid-Market,North America,Pro,Organic,66,80.64,343,15.0,2,43.5,0.373,1,0,,2025-12-31,628.99,9,2025-12-04,2025-02-04,69.89,3,26.6,0,27.0,1,58.9
C002989,2025-07-15,SMB,LATAM,Starter,Partner,6,26.86,169,17.0,2,62.2,0.448,1,1,2025-10-20,2025-12-31,61.42,2,2025-08-18,2025-08-06,30.71,2,21.3,0,135.0,0,64.8
C002990,2023-09-05,SMB,Europe,Business,Partner,20,222.9,848,25.0,2,0.5,0.252,1,0,,2025-12-31,4661.36,23,2025-12-03,2023-09-08,202.67,2,130.2,0,28.0,1,59.9
C002991,2023-10-15,Mid-Market,North America,Pro,Organic,38,85.56,808,9.0,0,0.4,0.099,0,0,,2025-12-31,1674.67,19,2025-11-19,2023-11-15,88.14,0,0.0,0,42.0,1,46.0
C002992,2024-07-01,SMB,Europe,Free,Partner,13,0.0,548,4.0,1,-1.0,0.457,1,0,,2025-12-31,35.12,12,2025-11-02,2024-07-04,2.93,1,67.6,0,59.0,0,48.7
C002993,2022-10-04,Mid-Market,LATAM,Business,Paid Search,19,185.27,1184,14.0,1,-9.6,0.317,0,0,,2025-12-31,4379.98,25,2025-11-22,2022-10-12,175.2,1,37.5,0,39.0,1,54.6
C002994,2025-05-09,Mid-Market,Europe,Starter,Sales,76,33.02,236,9.0,3,8.7,0.234,3,1,2025-08-31,2025-12-31,177.39000000000001,5,2025-07-27,2025-05-12,35.48,3,64.4,0,157.0,0,40.4
C002995,2025-01-06,Startup,LATAM,Starter,Organic,5,26.1,359,17.0,2,21.9,0.354,0,0,,2025-12-31,281.8,11,2025-10-24,2025-01-09,25.62,2,10.8,0,68.0,1,60.0
C002996,2024-06-21,Mid-Market,APAC,Pro,Referral,57,89.22,558,21.0,1,72.8,0.221,0,0,,2025-12-31,1280.88,14,2025-12-17,2024-07-19,91.49,1,0.0,0,14.0,1,66.2
C002997,2023-03-08,Startup,North America,Pro,Sales,2,74.87,1029,14.0,2,24.1,0.462,0,0,,2025-12-31,2423.8,30,2025-12-11,2023-05-26,80.79,2,58.0,0,20.0,1,60.8
C002998,2023-05-13,Mid-Market,APAC,Starter,Referral,66,30.78,963,8.0,1,-2.9,0.551,0,0,,2025-12-31,690.14,23,2025-07-16,2023-06-07,30.01,1,5.6,0,168.0,1,56.9
C002999,2023-09-15,Enterprise,Europe,Starter,Organic,372,30.77,838,15.0,2,39.2,0.641,1,0,,2025-12-31,481.26,16,2025-12-29,2023-10-04,30.08,2,26.8,0,2.0,1,66.5
C003000,2024-08-05,Mid-Market,APAC,Starter,Organic,75,29.31,513,12.0,1,30.3,0.581,0,0,,2025-12-31,581.84,18,2025-12-11,2024-08-25,32.32,1,0.0,0,20.0,1,64.7
C003001,2025-01-17,Mid-Market,North America,Pro,Sales,77,75.06,348,5.0,0,15.4,0.343,1,0,,2025-12-31,553.72,9,2025-12-30,2025-01-28,61.52,0,0.0,0,1.0,1,49.3
C003002,2024-08-18,SMB,North America,Enterprise,Organic,4,592.51,500,21.0,1,20.3,0.399,0,0,,2025-12-31,5556.71,10,2025-06-30,2024-10-07,555.67,4,28.8,0,184.0,1,66.2
C003003,2025-08-22,Enterprise,North America,Starter,Organic,309,28.43,131,9.0,0,61.7,0.244,0,0,,2025-12-31,229.1,9,2025-12-24,2025-08-26,25.46,0,0.0,0,7.0,1,56.5
C003004,2025-10-05,SMB,Europe,Enterprise,Sales,18,3229.06,87,15.0,0,-0.2,0.358,0,0,,2025-12-31,4374.44,1,2025-10-28,2025-10-28,4374.44,0,0.0,0,64.0,1,59.1
C003005,2024-10-05,Startup,APAC,Starter,Referral,2,27.4,452,25.0,1,-6.6,0.464,0,0,,2025-12-31,310.0,11,2025-12-21,2024-12-18,28.18,2,34.0,0,10.0,1,69.1
C003006,2023-06-15,Mid-Market,APAC,Business,Referral,46,205.79,930,5.0,1,46.7,0.585,0,0,,2025-12-31,4411.25,23,2025-12-31,2023-11-05,191.79,1,133.9,0,0.0,1,60.2
C003007,2024-05-06,Mid-Market,Europe,Enterprise,Organic,29,4051.83,604,11.0,1,19.7,0.327,0,1,2025-02-06,2025-12-31,28883.54,7,2025-01-16,2024-06-21,4126.22,1,20.0,0,349.0,0,55.1
C003008,2023-08-31,SMB,North America,Pro,Paid Search,12,71.24,853,4.0,4,73.8,0.65,0,0,,2025-12-31,739.09,10,2025-09-30,2023-09-20,73.91,4,20.5,0,92.0,1,59.5
C003009,2024-06-18,SMB,North America,Free,Referral,9,0.0,561,12.0,0,31.1,0.192,1,1,2025-10-25,2025-12-31,26.27,7,2025-10-25,2024-08-31,3.75,0,0.0,0,67.0,0,52.6
C003010,2025-03-07,SMB,APAC,Starter,Paid Search,21,32.6,299,8.0,1,32.5,0.572,0,0,,2025-12-31,90.32,3,2025-11-15,2025-05-31,30.11,2,54.0,0,46.0,1,61.1
C003011,2023-06-13,Enterprise,Europe,Free,Organic,493,0.0,932,25.0,1,54.7,0.36,1,0,,2025-12-31,133.02,15,2025-10-03,2023-06-26,8.87,2,68.8,0,89.0,0,70.1
C003012,2023-12-25,SMB,APAC,Pro,Organic,9,84.76,737,8.0,1,-6.8,0.508,3,1,2024-11-12,2025-12-31,733.14,9,2024-09-23,2024-01-12,81.46,1,16.0,0,464.0,0,49.2
C003013,2022-03-07,SMB,North America,Enterprise,Partner,15,2556.08,1395,17.0,2,43.4,0.155,0,1,2025-01-20,2025-12-31,48250.08,18,2024-05-11,2022-03-09,2680.56,2,17.2,0,599.0,0,56.2
C003014,2024-11-19,Mid-Market,Europe,Starter,Organic,40,24.83,407,3.0,0,25.9,0.655,0,0,,2025-12-31,159.54,6,2025-07-24,2024-11-25,26.59,0,0.0,0,160.0,1,59.9
C003015,2023-12-02,Enterprise,LATAM,Starter,Referral,82,28.74,760,12.0,0,60.7,0.761,0,0,,2025-12-31,354.37,13,2025-12-23,2023-12-07,27.26,0,0.0,0,8.0,1,74.6
C003016,2023-10-20,Startup,North America,Starter,Organic,3,32.44,803,23.0,1,18.8,0.586,0,0,,2025-12-31,318.77,10,2025-12-10,2023-12-16,31.88,1,19.8,0,21.0,1,73.5
C003017,2024-02-01,Mid-Market,North America,Pro,Organic,29,84.53,699,18.0,4,39.4,0.546,2,1,2025-03-22,2025-12-31,783.01,10,2024-11-25,2024-02-19,78.3,4,18.7,0,401.0,0,61.4
C003018,2022-11-05,Mid-Market,Europe,Pro,Sales,44,83.86,1152,7.0,2,26.0,0.187,0,0,,2025-12-31,1896.77,23,2025-09-11,2023-02-04,82.47,3,41.8,0,111.0,1,46.5
C003019,2024-05-05,Mid-Market,Europe,Starter,Sales,23,30.05,605,27.0,2,45.3,0.667,0,0,,2025-12-31,438.56,15,2025-09-26,2024-08-27,29.24,2,15.8,0,96.0,1,80.6
C003020,2024-12-01,SMB,LATAM,Business,Partner,24,186.61,395,22.0,1,28.7,0.142,1,0,,2025-12-31,1682.0,9,2025-08-16,2024-12-05,186.89,1,28.2,0,137.0,1,58.3
C003021,2023-05-16,SMB,LATAM,Free,Sales,7,0.0,960,11.0,0,41.6,0.252,0,0,,2025-12-31,108.77,23,2025-10-22,2023-05-31,4.73,0,0.0,0,70.0,0,56.5
C003022,2022-07-07,Mid-Market,APAC,Pro,Organic,65,67.17,1273,27.0,0,78.8,0.462,2,0,,2025-12-31,1352.19,21,2025-12-16,2022-07-27,64.39,0,0.0,0,15.0,1,76.8
C003023,2023-07-08,SMB,North America,Starter,Paid Search,8,30.54,907,5.0,1,27.9,0.514,0,0,,2025-12-31,460.55,15,2025-11-25,2023-07-24,30.7,2,94.6,1,36.0,1,56.2
C003024,2022-10-11,SMB,Europe,Free,Organic,15,0.0,1177,9.0,0,45.1,0.698,0,0,,2025-12-31,116.71000000000001,23,2025-12-03,2023-02-01,5.07,0,0.0,0,28.0,0,68.5
C003025,2023-06-19,Mid-Market,APAC,Pro,Paid Search,45,75.73,926,26.0,1,92.2,0.307,1,0,,2025-12-31,1078.25,16,2025-12-18,2023-06-23,67.39,2,72.3,0,13.0,1,73.1
C003026,2024-06-15,Startup,Europe,Pro,Referral,2,69.14,564,27.0,1,44.7,0.158,0,0,,2025-12-31,925.24,12,2025-12-20,2024-12-13,77.1,1,17.5,0,11.0,1,66.8
C003027,2022-06-12,Mid-Market,LATAM,Starter,Referral,18,32.27,1298,23.0,0,-25.9,0.319,0,0,,2025-12-31,987.15,29,2025-12-06,2022-07-13,34.04,1,8.6,0,25.0,1,62.5
C003028,2024-12-04,Mid-Market,Europe,Business,Organic,33,179.51,392,5.0,0,18.3,0.425,1,1,2025-03-17,2025-12-31,250.73,1,2025-02-23,2025-02-23,250.73,1,28.5,0,311.0,0,52.0
C003029,2022-11-18,Startup,North America,Pro,Paid Search,2,77.7,1139,6.0,0,4.9,0.175,0,0,,2025-12-31,2647.71,32,2025-11-22,2023-01-11,82.74,1,14.7,0,39.0,1,46.1
C003030,2025-07-03,Startup,Europe,Starter,Sales,6,27.79,181,18.0,2,58.0,0.601,0,0,,2025-12-31,20.6,1,2025-12-19,2025-12-19,20.6,3,20.6,1,12.0,1,71.9
C003031,2024-11-13,Mid-Market,APAC,Enterprise,Partner,64,9317.84,413,1.0,0,32.7,0.263,0,0,,2025-12-31,65519.27,7,2025-12-22,2024-12-29,9359.9,0,0.0,0,9.0,1,47.1
C003032,2023-01-25,Startup,North America,Enterprise,Organic,2,352.96,1071,27.0,0,61.6,0.591,0,0,,2025-12-31,9859.460000000001,28,2025-11-25,2023-02-03,352.12,1,35.6,0,36.0,1,83.0
C003033,2024-03-16,SMB,North America,Free,Paid Search,15,0.0,655,26.0,1,50.3,0.886,1,0,,2025-12-31,40.34,16,2025-09-27,2024-03-25,2.52,1,42.4,0,95.0,0,86.3
C003034,2022-06-08,Mid-Market,APAC,Enterprise,Paid Search,30,4529.38,1302,22.0,2,50.2,0.529,0,0,,2025-12-31,141229.34,31,2025-12-20,2022-10-17,4555.79,2,5.3,1,11.0,1,72.5
C003035,2022-05-23,Startup,North America,Business,Paid Search,3,218.52,1318,27.0,2,4.4,0.591,1,0,,2025-12-31,5640.22,25,2025-12-22,2022-08-16,225.61,3,28.1,0,9.0,1,72.3
C003036,2025-09-29,SMB,North America,Free,Paid Search,10,0.0,93,6.0,1,47.6,0.281,0,1,2025-11-26,2025-12-31,0.0,4,2025-11-26,2025-10-08,0.0,2,41.7,0,35.0,0,52.0
C003037,2025-02-21,Mid-Market,APAC,Pro,Paid Search,24,80.6,313,24.0,0,69.2,0.414,0,0,,2025-12-31,659.0799999999999,8,2025-12-15,2025-04-22,82.38,1,22.9,0,16.0,1,75.8
C003038,2022-08-09,SMB,APAC,Free,Paid Search,8,0.0,1240,7.0,1,-1.2,0.398,0,1,2025-12-06,2025-12-31,141.76,25,2025-11-05,2022-09-23,5.67,4,25.3,1,56.0,0,51.6
C003039,2023-02-09,Mid-Market,Europe,Pro,Paid Search,30,75.52,1056,3.0,0,27.1,0.829,0,0,,2025-12-31,1980.47,26,2025-12-15,2023-02-15,76.17,0,0.0,0,16.0,1,65.3
C003040,2022-10-10,Enterprise,LATAM,Enterprise,Organic,85,13393.49,1178,7.0,2,43.9,0.514,0,0,,2025-12-31,309963.01,24,2025-11-19,2022-12-02,12915.13,4,72.2,0,42.0,1,58.1
C003041,2023-07-20,Startup,LATAM,Starter,Organic,2,27.51,895,21.0,1,37.5,0.304,0,0,,2025-12-31,758.44,28,2025-11-23,2023-08-28,27.09,2,31.6,0,38.0,1,65.1
C003042,2023-02-21,SMB,Europe,Pro,Paid Search,14,69.26,1044,26.0,1,70.9,0.137,0,0,,2025-12-31,1640.25,24,2025-11-25,2023-03-12,68.34,1,9.3,0,36.0,1,67.9
C003043,2023-04-15,SMB,North America,Starter,Sales,16,30.58,991,17.0,2,53.2,0.647,0,0,,2025-12-31,662.96,22,2025-07-15,2023-07-14,30.13,2,130.4,0,169.0,1,71.9
C003044,2024-01-28,SMB,APAC,Pro,Referral,20,75.93,703,6.0,0,45.2,0.353,0,0,,2025-12-31,1283.75,18,2025-11-14,2024-01-29,71.32,1,61.6,0,47.0,1,55.5
C003045,2022-09-28,SMB,North America,Business,Organic,17,172.41,1190,16.0,1,55.4,0.495,0,0,,2025-12-31,4174.66,29,2025-12-10,2022-11-18,143.95,2,24.8,0,21.0,1,68.2
C003046,2025-06-16,Mid-Market,APAC,Starter,Paid Search,27,32.97,198,14.0,3,54.1,0.756,2,0,,2025-12-31,144.49,4,2025-12-04,2025-07-06,36.12,4,61.0,0,27.0,1,67.1
C003047,2024-11-06,Startup,Europe,Pro,Partner,7,77.76,420,14.0,2,36.0,0.362,0,0,,2025-12-31,851.54,11,2025-09-27,2024-11-07,77.41,3,38.8,0,95.0,1,59.0
C003048,2024-12-23,SMB,North America,Starter,Paid Search,11,24.8,373,9.0,1,26.1,0.529,0,1,2025-06-27,2025-12-31,132.1,5,2025-04-04,2025-01-04,26.42,1,19.3,0,271.0,0,60.0
C003049,2022-08-31,SMB,Europe,Business,Partner,14,190.67,1218,3.0,0,59.8,0.559,2,0,,2025-12-31,4541.49,25,2025-11-26,2022-09-04,181.66,0,0.0,0,35.0,1,56.4
C003050,2024-10-09,SMB,Europe,Pro,Sales,14,84.63,448,10.0,1,16.4,0.16,0,0,,2025-12-31,656.24,8,2025-12-07,2024-10-12,82.03,2,0.0,0,24.0,1,48.9
C003051,2025-04-10,Mid-Market,LATAM,Pro,Organic,15,73.46,265,24.0,1,33.2,0.128,0,0,,2025-12-31,705.81,9,2025-12-28,2025-04-20,78.42,1,47.3,0,3.0,1,62.1
C003052,2022-09-08,Enterprise,North America,Starter,Paid Search,449,24.92,1210,11.0,1,6.1,0.213,1,0,,2025-12-31,522.02,20,2025-11-18,2022-10-13,26.1,1,2.8,1,43.0,1,48.3
C003053,2024-12-10,Mid-Market,LATAM,Pro,Paid Search,20,90.58,386,0.0,2,53.3,0.434,0,0,,2025-12-31,1061.5,12,2025-12-01,2025-01-06,88.46,2,27.0,0,30.0,1,50.4
C003054,2023-05-27,Mid-Market,North America,Pro,Partner,65,81.85,949,9.0,1,65.8,0.332,0,0,,2025-12-31,1780.93,22,2025-12-27,2023-06-27,80.95,1,66.4,0,4.0,1,58.1
C003055,2025-01-31,SMB,APAC,Pro,Organic,11,78.93,334,12.0,3,11.6,0.114,0,0,,2025-12-31,687.53,9,2025-12-10,2025-05-04,76.39,3,16.9,1,21.0,1,45.8
C003056,2023-11-16,Startup,LATAM,Pro,Partner,4,85.74,776,16.0,1,31.2,0.517,0,0,,2025-12-31,1453.38,18,2025-10-17,2023-11-20,80.74,3,85.6,0,75.0,1,66.4
C003057,2025-02-21,Mid-Market,North America,Business,Organic,75,187.05,313,17.0,0,23.0,0.448,0,0,,2025-12-31,1927.09,11,2025-12-18,2025-03-03,175.19,0,0.0,0,13.0,1,65.9
C003058,2022-07-30,Mid-Market,North America,Starter,Referral,43,30.2,1250,11.0,0,61.9,0.506,0,0,,2025-12-31,606.14,22,2025-11-25,2022-08-18,27.55,0,0.0,0,36.0,1,66.2
C003059,2023-07-11,SMB,APAC,Free,Partner,12,0.0,904,4.0,2,70.4,0.534,0,0,,2025-12-31,104.2,24,2025-10-10,2023-08-02,4.34,2,23.6,0,82.0,0,58.6
C003060,2023-01-27,Mid-Market,APAC,Enterprise,Paid Search,78,11682.17,1069,12.0,1,23.0,0.165,1,1,2024-05-11,2025-12-31,53618.64,6,2024-02-23,2023-03-09,8936.44,2,121.8,0,677.0,0,49.5
C003061,2022-12-22,Startup,North America,Free,Sales,7,0.0,1105,0.0,5,-42.3,0.282,1,1,2024-11-18,2025-12-31,58.540000000000006,17,2024-10-16,2022-12-30,3.44,6,25.4,0,441.0,0,29.7
C003062,2023-03-17,Mid-Market,Europe,Enterprise,Referral,30,4384.75,1020,14.0,2,63.8,0.39,1,0,,2025-12-31,96357.82,22,2025-12-18,2023-05-01,4379.9,3,36.0,1,13.0,1,60.6
C003063,2023-07-01,Enterprise,APAC,Pro,Paid Search,97,87.06,914,12.0,1,36.1,0.455,0,0,,2025-12-31,1989.18,24,2025-11-02,2023-08-08,82.88,1,16.7,0,59.0,1,61.5
C003064,2022-07-02,Mid-Market,North America,Enterprise,Sales,23,3537.19,1278,9.0,1,36.2,0.452,0,0,,2025-12-31,110927.59,32,2025-12-14,2022-07-12,3466.49,2,24.7,0,17.0,1,58.7
C003065,2024-10-08,Startup,Europe,Pro,Referral,5,69.15,449,18.0,1,59.1,0.161,0,0,,2025-12-31,753.67,11,2025-12-21,2024-10-09,68.52,1,34.5,0,10.0,1,60.3
C003066,2024-02-26,Mid-Market,Europe,Business,Organic,41,227.52,674,21.0,0,25.9,0.536,1,0,,2025-12-31,4538.18,18,2025-11-23,2024-03-08,252.12,2,17.4,0,38.0,1,70.4
C003067,2025-03-31,SMB,North America,Pro,Partner,18,77.64,275,7.0,1,19.2,0.218,0,1,2025-06-22,2025-12-31,221.25,3,2025-04-30,2025-04-03,73.75,2,11.2,1,245.0,0,48.2
C003068,2024-10-05,Mid-Market,APAC,Pro,Partner,24,71.53,452,14.0,1,26.1,0.5,0,0,,2025-12-31,606.73,9,2025-11-23,2024-12-23,67.41,2,24.8,0,38.0,1,63.6
C003069,2022-08-02,Mid-Market,North America,Starter,Partner,53,27.76,1247,14.0,0,47.2,0.398,0,0,,2025-12-31,367.51,15,2025-11-15,2022-08-13,24.5,1,139.6,0,46.0,1,64.2
C003070,2022-04-11,Startup,LATAM,Free,Sales,5,0.0,1360,14.0,2,57.0,0.181,0,0,,2025-12-31,88.33,23,2025-12-28,2022-05-01,3.84,2,68.8,0,3.0,0,55.6
C003071,2023-08-28,Mid-Market,Europe,Starter,Paid Search,46,28.26,856,11.0,2,75.8,0.208,0,0,,2025-12-31,330.0,11,2025-12-17,2023-11-16,30.0,3,71.7,0,14.0,1,55.6
C003072,2023-11-20,Enterprise,Europe,Enterprise,Organic,60,9192.58,772,5.0,1,45.1,0.526,0,0,,2025-12-31,188110.57,20,2025-12-16,2024-01-01,9405.53,1,0.0,0,15.0,1,58.3
C003073,2022-12-10,SMB,Europe,Starter,Paid Search,24,32.63,1117,4.0,4,31.4,0.624,2,1,2024-07-30,2025-12-31,274.79,9,2024-02-13,2023-01-13,30.53,4,61.2,0,687.0,0,50.4
C003074,2025-01-23,Startup,Europe,Business,Referral,1,207.59,342,0.0,4,57.2,0.353,0,0,,2025-12-31,1775.85,9,2025-11-27,2025-02-10,197.32,4,33.2,0,34.0,1,45.3
C003075,2024-04-11,Mid-Market,APAC,Pro,Paid Search,34,82.05,629,1.0,0,10.7,0.417,0,0,,2025-12-31,685.87,8,2025-11-01,2025-01-20,85.73,1,10.3,0,60.0,1,49.5
C003076,2024-12-05,Mid-Market,Europe,Starter,Organic,31,32.9,391,22.0,0,70.5,0.244,0,0,,2025-12-31,346.07,10,2025-12-12,2025-01-20,34.61,0,0.0,0,19.0,1,69.0
C003077,2022-06-05,Startup,APAC,Enterprise,Paid Search,3,428.1,1305,1.0,2,40.3,0.49,0,0,,2025-12-31,11924.52,27,2025-12-26,2022-07-18,441.65,3,41.7,0,5.0,1,51.6
C003078,2025-03-11,SMB,Europe,Free,Partner,3,0.0,295,23.0,0,29.3,0.877,0,0,,2025-12-31,42.49,8,2025-12-11,2025-04-11,5.31,0,0.0,0,20.0,0,84.8
C003079,2022-10-22,Startup,North America,Pro,Organic,5,82.48,1166,25.0,1,10.8,0.528,0,0,,2025-12-31,2128.97,24,2025-12-31,2022-10-27,88.71,1,54.1,0,0.0,1,72.7
C003080,2023-10-03,SMB,North America,Pro,Paid Search,21,78.33,820,6.0,1,50.7,0.648,0,0,,2025-12-31,956.77,12,2025-12-31,2023-10-11,79.73,3,63.8,1,0.0,1,63.4
C003081,2023-09-21,SMB,APAC,Free,Organic,4,0.0,832,12.0,0,28.0,0.193,0,0,,2025-12-31,179.44,22,2025-12-28,2023-12-30,8.16,1,0.0,0,3.0,0,54.3
C003082,2025-03-19,Mid-Market,Europe,Starter,Paid Search,68,26.98,287,10.0,0,32.6,0.446,0,0,,2025-12-31,133.03,5,2025-12-18,2025-04-06,26.61,1,13.9,0,13.0,1,60.6
C003083,2023-01-31,Mid-Market,Europe,Pro,Organic,15,67.51,1065,11.0,4,-6.8,0.214,1,1,2024-10-12,2025-12-31,1025.65,15,2024-09-26,2023-04-18,68.38,4,31.1,0,461.0,0,42.6
C003084,2022-12-11,SMB,Europe,Free,Organic,8,0.0,1116,10.0,2,24.1,0.142,1,0,,2025-12-31,115.26,23,2025-10-22,2023-01-20,5.01,2,30.0,0,70.0,0,45.6
C003085,2023-05-01,SMB,Europe,Business,Partner,20,202.54,975,9.0,1,20.8,0.236,0,0,,2025-12-31,4244.3,21,2025-12-23,2023-05-16,202.11,2,43.4,0,8.0,1,50.7
C003086,2023-05-31,Startup,APAC,Pro,Organic,1,87.05,945,19.0,1,45.5,0.73,0,0,,2025-12-31,1457.86,17,2025-10-18,2023-08-07,85.76,1,3.7,1,74.0,1,76.9
C003087,2022-09-17,SMB,Europe,Free,Organic,15,0.0,1201,11.0,1,28.3,0.294,1,0,,2025-12-31,203.86,34,2025-12-02,2022-09-28,6.0,1,3.7,0,29.0,0,53.0
C003088,2022-09-10,Mid-Market,LATAM,Starter,Partner,74,32.87,1208,5.0,2,-31.2,0.301,0,1,2024-07-12,2025-12-31,335.01,10,2024-07-04,2023-01-14,33.5,2,6.1,0,545.0,0,42.4
C003089,2022-11-27,SMB,North America,Free,Organic,9,0.0,1130,10.0,0,24.6,0.369,0,0,,2025-12-31,185.72,25,2025-09-22,2022-12-11,7.43,0,0.0,0,100.0,0,57.5
C003090,2023-10-31,SMB,Europe,Business,Organic,4,185.42,792,27.0,2,-1.4,0.418,0,0,,2025-12-31,2683.6,13,2025-12-20,2023-12-26,206.43,2,12.4,0,11.0,1,68.5
C003091,2023-05-06,SMB,North America,Pro,Paid Search,5,82.58,970,27.0,1,8.9,0.335,0,0,,2025-12-31,2206.88,26,2025-11-08,2023-05-06,84.88,2,18.3,0,53.0,1,68.5
C003092,2023-07-15,SMB,APAC,Free,Paid Search,17,0.0,900,1.0,0,60.1,0.402,0,0,,2025-12-31,75.53999999999999,19,2025-10-16,2023-08-30,3.98,0,0.0,0,76.0,0,54.0
C003093,2024-10-25,SMB,Europe,Pro,Paid Search,24,68.37,432,16.0,2,-7.2,0.318,0,0,,2025-12-31,495.21999999999997,7,2025-10-01,2024-11-29,70.75,2,22.2,0,91.0,1,55.1
C003094,2022-12-11,Enterprise,Europe,Pro,Sales,83,79.21,1116,27.0,0,42.4,0.488,0,0,,2025-12-31,1639.36,22,2025-12-15,2022-12-13,74.52,0,0.0,0,16.0,1,78.0
C003095,2025-07-25,SMB,APAC,Pro,Paid Search,20,85.48,159,5.0,0,22.3,0.162,0,0,,2025-12-31,206.13,2,2025-12-12,2025-10-05,103.06,0,0.0,0,19.0,1,46.6
C003096,2024-12-11,SMB,Europe,Free,Partner,3,0.0,385,1.0,1,17.5,0.114,0,0,,2025-12-31,105.98,6,2025-12-09,2024-12-28,17.66,3,52.9,0,22.0,0,39.6
C003097,2022-09-07,Startup,North America,Free,Sales,2,0.0,1211,5.0,1,10.5,0.531,1,0,,2025-12-31,79.05,14,2025-07-12,2022-10-10,5.65,1,0.0,0,172.0,0,52.9
C003098,2023-03-25,SMB,Europe,Starter,Paid Search,19,29.43,1012,8.0,1,43.0,0.245,0,0,,2025-12-31,728.15,25,2025-12-28,2023-04-24,29.13,1,1.7,0,3.0,1,52.3
C003099,2022-09-20,SMB,North America,Pro,Referral,10,69.71,1198,26.0,1,45.8,0.168,1,0,,2025-12-31,1306.65,18,2025-09-28,2023-02-07,72.59,1,20.2,0,94.0,1,64.3
C003100,2023-01-26,SMB,APAC,Pro,Paid Search,23,68.91,1070,7.0,0,-8.1,0.126,1,1,2024-12-22,2025-12-31,882.47,12,2024-09-06,2023-04-04,73.54,0,0.0,0,481.0,0,42.2
C003101,2023-06-07,SMB,APAC,Starter,Partner,4,24.74,938,9.0,0,63.8,0.473,0,0,,2025-12-31,689.29,28,2025-10-16,2023-06-24,24.62,0,0.0,0,76.0,1,63.6
C003102,2022-07-07,Enterprise,APAC,Starter,Sales,384,28.24,1273,7.0,2,5.3,0.394,1,1,2024-08-27,2025-12-31,262.90999999999997,9,2024-04-20,2022-10-05,29.21,3,133.7,0,620.0,0,48.6
C003103,2022-01-21,Startup,APAC,Pro,Organic,3,78.06,1440,10.0,1,44.7,0.25,0,0,,2025-12-31,2327.82,30,2025-08-27,2022-04-06,77.59,1,0.0,0,126.0,1,54.4
C003104,2023-09-20,Startup,APAC,Free,Sales,6,0.0,833,27.0,0,5.5,0.416,0,0,,2025-12-31,114.88,19,2025-08-27,2023-10-04,6.05,0,0.0,0,126.0,0,72.1
C003105,2024-09-29,SMB,Europe,Pro,Paid Search,3,88.73,458,2.0,0,23.5,0.746,0,0,,2025-12-31,668.15,9,2025-12-16,2024-11-14,74.24,0,0.0,0,15.0,1,61.5
C003106,2023-03-10,SMB,North America,Starter,Partner,7,27.96,1027,12.0,0,3.0,0.254,0,0,,2025-12-31,391.52,16,2025-11-14,2023-03-17,24.47,1,12.1,0,47.0,1,53.6
C003107,2025-05-15,Enterprise,North America,Starter,Paid Search,346,33.09,230,17.0,0,21.8,0.147,0,0,,2025-12-31,234.61,7,2025-11-24,2025-06-22,33.52,0,0.0,0,37.0,1,56.8
C003108,2023-06-13,SMB,LATAM,Pro,Organic,3,70.9,932,3.0,4,30.0,0.486,0,0,,2025-12-31,798.37,11,2025-09-11,2023-09-20,72.58,4,44.8,1,111.0,1,49.3
C003109,2025-07-12,SMB,LATAM,Starter,Organic,13,26.71,172,1.0,2,6.3,0.076,0,1,2025-10-23,2025-12-31,147.71,6,2025-10-14,2025-07-13,24.62,2,12.6,0,78.0,0,35.8
C003110,2022-12-04,SMB,APAC,Pro,Sales,11,79.45,1123,27.0,2,42.9,0.362,0,0,,2025-12-31,1914.22,25,2025-12-13,2022-12-27,76.57,2,50.1,0,18.0,1,71.3
C003111,2024-02-11,Enterprise,North America,Free,Partner,285,0.0,689,7.0,3,46.1,0.446,0,0,,2025-12-31,46.68,19,2025-12-21,2024-02-12,2.46,3,66.7,0,10.0,0,54.7
C003112,2024-12-27,SMB,North America,Starter,Referral,20,29.26,369,6.0,1,100.0,0.372,1,1,2025-06-26,2025-12-31,99.25999999999999,4,2025-06-21,2025-01-28,24.82,1,0.0,0,193.0,0,58.0
C003113,2022-03-26,Mid-Market,APAC,Pro,Organic,35,67.28,1376,9.0,1,58.2,0.536,0,0,,2025-12-31,2117.5,31,2025-09-02,2022-05-04,68.31,2,11.8,0,120.0,1,63.4
C003114,2025-08-22,SMB,North America,Free,Organic,9,0.0,131,2.0,0,64.4,0.327,0,0,,2025-12-31,0.0,2,2025-11-14,2025-10-02,0.0,0,0.0,0,47.0,0,53.0
C003115,2023-06-06,SMB,Europe,Pro,Paid Search,9,73.66,939,4.0,1,-9.2,0.536,1,0,,2025-12-31,1466.23,18,2025-12-23,2023-07-02,81.46,1,29.4,0,8.0,1,50.2
C003116,2023-12-14,Mid-Market,North America,Business,Organic,22,187.52,748,0.0,2,-14.0,0.376,0,0,,2025-12-31,3113.34,16,2025-12-24,2024-03-29,194.58,2,46.8,0,7.0,1,41.9
C003117,2024-06-17,SMB,North America,Enterprise,Paid Search,17,3052.53,562,14.0,2,27.6,0.871,0,0,,2025-12-31,25679.739999999998,8,2025-11-20,2024-08-22,3209.97,3,18.0,0,41.0,1,73.4
C003118,2024-07-08,Startup,Europe,Starter,Sales,7,32.36,541,12.0,1,79.7,0.767,0,0,,2025-12-31,249.3,8,2025-08-29,2024-09-17,31.16,2,53.2,0,124.0,1,75.2
C003119,2022-02-03,SMB,LATAM,Starter,Referral,8,28.19,1427,7.0,0,96.9,0.67,0,0,,2025-12-31,605.48,23,2025-11-17,2022-03-05,26.33,0,0.0,0,44.0,1,71.0
C003120,2025-05-25,Enterprise,APAC,Starter,Paid Search,341,27.93,220,25.0,1,17.8,0.204,1,1,2025-11-23,2025-12-31,136.77,5,2025-11-22,2025-05-30,27.35,3,50.8,0,39.0,0,61.7
C003121,2024-06-10,SMB,Europe,Business,Paid Search,4,216.32,569,8.0,1,20.3,0.708,0,0,,2025-12-31,2654.09,13,2025-10-27,2024-06-10,204.16,2,26.6,0,65.0,1,63.9
C003122,2025-11-29,Mid-Market,Europe,Starter,Partner,35,31.0,32,0.0,2,48.6,0.645,0,0,,2025-12-31,47.99,2,2025-12-12,2025-12-12,24.0,3,28.0,0,19.0,1,56.2
C003123,2023-11-06,SMB,LATAM,Starter,Partner,4,25.85,786,2.0,1,30.1,0.263,2,1,2024-12-06,2025-12-31,292.34999999999997,10,2024-11-13,2024-01-21,29.23,1,0.0,0,413.0,0,42.2
C003124,2024-05-27,SMB,Europe,Business,Partner,12,193.01,583,20.0,2,30.7,0.172,0,0,,2025-12-31,2279.56,13,2025-12-20,2024-06-07,175.35,2,89.4,0,11.0,1,58.1
C003125,2023-09-23,Enterprise,Europe,Free,Paid Search,396,0.0,830,14.0,2,50.9,0.629,0,0,,2025-12-31,91.56,14,2025-12-21,2023-11-30,6.54,4,57.2,0,10.0,0,68.5
C003126,2025-06-26,SMB,APAC,Pro,Organic,6,78.35,188,7.0,2,100.0,0.592,1,0,,2025-12-31,265.62,4,2025-12-31,2025-08-01,66.4,4,74.0,0,0.0,1,64.0
C003127,2025-04-05,SMB,North America,Pro,Organic,24,69.58,270,6.0,0,67.6,0.419,1,0,,2025-12-31,138.9,2,2025-08-27,2025-04-29,69.45,1,0.0,0,126.0,1,57.7
C003128,2025-07-23,SMB,North America,Pro,Sales,24,82.1,161,6.0,2,81.7,0.393,1,0,,2025-12-31,195.55,2,2025-11-09,2025-08-05,97.78,2,51.0,0,52.0,1,55.3
C003129,2023-12-23,Enterprise,APAC,Business,Referral,162,207.16,739,11.0,1,-11.1,0.101,0,0,,2025-12-31,2752.63,14,2025-07-24,2024-01-07,196.62,1,139.9,0,160.0,1,45.2
C003130,2025-02-05,Mid-Market,Europe,Starter,Sales,61,31.47,329,19.0,1,61.9,0.464,0,0,,2025-12-31,162.49,6,2025-07-27,2025-02-09,27.08,1,23.8,0,157.0,1,70.6
C003131,2023-05-29,SMB,North America,Pro,Paid Search,10,81.48,947,17.0,2,11.3,0.272,0,0,,2025-12-31,1376.99,17,2025-12-29,2023-06-09,81.0,2,15.1,0,2.0,1,56.5
C003132,2023-10-22,Mid-Market,North America,Pro,Paid Search,39,68.2,801,20.0,4,76.9,0.466,0,0,,2025-12-31,1517.98,22,2025-12-05,2023-10-22,69.0,4,31.1,1,26.0,1,68.5
C003133,2024-12-23,SMB,LATAM,Free,Paid Search,5,0.0,373,1.0,1,68.9,0.213,0,1,2025-04-27,2025-12-31,11.69,3,2025-04-27,2025-04-15,3.9,2,63.9,1,248.0,0,47.7
C003134,2022-04-27,Enterprise,Europe,Business,Sales,417,201.13,1344,15.0,0,50.1,0.818,1,0,,2025-12-31,5780.65,29,2025-11-22,2022-05-21,199.33,0,0.0,0,39.0,1,75.9
C003135,2024-10-13,Enterprise,Europe,Business,Organic,266,193.95,444,21.0,1,16.4,0.313,0,0,,2025-12-31,1183.15,6,2025-11-16,2024-12-27,197.19,3,40.2,0,45.0,1,63.3
C003136,2022-01-23,SMB,North America,Enterprise,Partner,9,1486.22,1438,5.0,1,22.9,0.147,0,0,,2025-12-31,49041.47,30,2025-12-30,2022-03-09,1634.72,1,136.1,0,1.0,1,44.7
C003137,2024-04-10,Mid-Market,LATAM,Pro,Organic,61,68.84,630,16.0,2,24.9,0.489,0,0,,2025-12-31,654.19,9,2025-11-19,2024-05-10,72.69,3,53.7,0,42.0,1,63.4
C003138,2023-11-14,SMB,APAC,Starter,Organic,7,27.33,778,0.0,1,54.1,0.298,0,0,,2025-12-31,237.22,8,2025-08-05,2024-02-17,29.65,2,34.9,0,148.0,1,47.8
C003139,2023-11-02,Enterprise,Europe,Starter,Organic,329,26.54,790,25.0,0,45.1,0.789,0,0,,2025-12-31,324.01,12,2025-08-19,2024-01-10,27.0,1,40.3,0,134.0,1,85.5
C003140,2023-12-08,SMB,North America,Starter,Paid Search,5,29.73,754,20.0,1,70.5,0.472,0,0,,2025-12-31,455.64,14,2025-12-31,2023-12-20,32.55,1,27.7,0,0.0,1,72.6
C003141,2023-12-05,Mid-Market,APAC,Free,Referral,40,0.0,757,17.0,0,75.3,0.739,0,0,,2025-12-31,48.45,19,2025-11-28,2024-01-08,2.55,1,10.8,0,33.0,0,79.9
C003142,2023-08-06,SMB,APAC,Starter,Sales,12,27.6,878,16.0,1,13.9,0.36,1,0,,2025-12-31,471.83,15,2025-11-01,2023-08-08,31.46,2,0.0,0,60.0,1,58.0
C003143,2023-10-08,SMB,APAC,Starter,Partner,6,32.04,815,18.0,3,46.9,0.393,0,0,,2025-12-31,794.17,27,2025-12-22,2023-12-02,29.41,3,10.9,0,9.0,1,63.1
C003144,2024-03-23,Mid-Market,LATAM,Free,Paid Search,63,0.0,648,11.0,2,46.6,0.322,0,0,,2025-12-31,129.35,14,2025-10-22,2024-05-06,9.24,3,10.7,1,70.0,0,56.1
C003145,2024-12-27,SMB,Europe,Business,Referral,18,195.69,369,27.0,3,32.6,0.819,1,0,,2025-12-31,1268.6399999999999,6,2025-11-21,2025-03-28,211.44,3,30.2,0,40.0,1,80.4
C003146,2024-02-29,Mid-Market,North America,Free,Organic,74,0.0,671,5.0,3,58.5,0.486,0,1,2025-07-21,2025-12-31,33.61,14,2025-06-14,2024-04-25,2.4,3,10.2,0,200.0,0,55.4
C003147,2024-07-07,SMB,Europe,Pro,Referral,6,67.51,542,22.0,0,47.3,0.228,0,0,,2025-12-31,582.83,10,2025-11-19,2024-07-30,58.28,1,70.6,0,42.0,1,66.2
C003148,2025-04-11,Enterprise,APAC,Business,Referral,189,217.75,264,21.0,3,20.6,0.511,0,0,,2025-12-31,1161.16,5,2025-12-04,2025-06-16,232.23,3,74.9,0,27.0,1,66.6
C003149,2025-11-16,SMB,North America,Pro,Paid Search,16,74.66,45,23.0,0,31.4,0.452,0,0,,2025-12-31,78.42,1,2025-12-12,2025-12-12,78.42,0,0.0,0,19.0,1,72.2
C003150,2022-06-05,Mid-Market,North America,Starter,Organic,39,26.81,1305,1.0,2,26.3,0.257,0,0,,2025-12-31,877.48,33,2025-12-20,2022-10-15,26.59,2,36.0,0,11.0,1,43.2
C003151,2024-10-16,Startup,APAC,Pro,Organic,5,74.73,441,12.0,1,16.8,0.671,2,0,,2025-12-31,1007.0,14,2025-12-26,2025-02-01,71.93,1,6.0,1,5.0,1,62.0
C003152,2022-11-19,SMB,Europe,Business,Paid Search,4,181.06,1138,17.0,0,32.9,0.309,1,0,,2025-12-31,4004.82,21,2025-11-21,2023-01-05,190.71,0,0.0,0,40.0,1,60.7
C003153,2022-10-09,SMB,APAC,Business,Sales,8,217.93,1179,17.0,0,2.6,0.567,0,0,,2025-12-31,3677.49,17,2025-08-31,2022-11-08,216.32,0,0.0,0,122.0,1,67.4
C003154,2025-02-07,Mid-Market,North America,Starter,Partner,77,25.15,327,19.0,0,46.8,0.467,1,0,,2025-12-31,106.36,4,2025-07-28,2025-06-08,26.59,1,6.0,0,156.0,1,68.7
C003155,2022-04-09,Mid-Market,North America,Free,Paid Search,49,0.0,1362,17.0,1,70.1,0.233,0,0,,2025-12-31,175.48,30,2025-09-30,2022-05-20,5.85,1,56.8,0,92.0,0,62.7
C003156,2025-04-27,Mid-Market,North America,Pro,Paid Search,68,82.72,248,6.0,1,36.3,0.511,0,0,,2025-12-31,444.6,5,2025-12-30,2025-05-27,88.92,2,27.4,0,1.0,1,57.8
C003157,2025-01-06,Startup,APAC,Starter,Referral,7,25.09,359,23.0,2,58.7,0.794,1,0,,2025-12-31,68.88,3,2025-12-27,2025-08-26,22.96,3,28.5,0,4.0,1,80.2
C003158,2025-11-23,SMB,APAC,Business,Paid Search,3,200.49,38,13.0,3,38.9,0.622,1,1,2025-12-26,2025-12-31,523.6600000000001,2,2025-11-30,2025-11-25,261.83,4,58.0,0,31.0,0,62.7
C003159,2024-08-13,Mid-Market,Europe,Pro,Organic,24,76.75,505,27.0,1,9.4,0.644,2,0,,2025-12-31,972.7,12,2025-12-13,2024-08-19,81.06,1,19.8,0,18.0,1,73.9
C003160,2025-06-02,SMB,Europe,Business,Partner,21,212.46,212,14.0,1,85.2,0.237,0,0,,2025-12-31,568.75,3,2025-12-26,2025-09-11,189.58,1,133.7,0,5.0,1,61.6
C003161,2022-06-19,SMB,North America,Enterprise,Paid Search,14,2495.73,1291,15.0,2,-25.6,0.558,1,0,,2025-12-31,86927.83,35,2025-12-31,2022-07-20,2483.65,2,42.8,0,0.0,1,57.6
C003162,2025-06-26,Enterprise,APAC,Pro,Paid Search,461,67.93,188,16.0,2,35.3,0.704,2,0,,2025-12-31,434.03000000000003,6,2025-12-31,2025-09-15,72.34,2,116.4,0,0.0,1,66.9
C003163,2022-08-18,SMB,LATAM,Enterprise,Paid Search,12,1784.43,1231,24.0,2,15.8,0.31,0,0,,2025-12-31,33474.37,19,2025-12-14,2022-09-15,1761.81,4,42.5,0,17.0,1,64.3
C003164,2023-03-26,Mid-Market,APAC,Pro,Organic,71,82.51,1011,25.0,0,74.5,0.356,0,0,,2025-12-31,1610.59,20,2025-12-03,2023-05-11,80.53,0,0.0,0,28.0,1,75.5
C003165,2022-07-03,Mid-Market,North America,Starter,Sales,76,32.97,1277,16.0,0,40.4,0.651,1,0,,2025-12-31,721.65,22,2025-10-07,2022-08-05,32.8,0,0.0,0,85.0,1,70.9
C003166,2023-07-29,SMB,Europe,Business,Referral,15,226.0,886,15.0,0,98.9,0.357,1,0,,2025-12-31,5341.389999999999,24,2025-10-18,2023-12-16,222.56,0,0.0,0,74.0,1,67.0
C003167,2024-12-07,Mid-Market,North America,Pro,Sales,15,90.76,389,1.0,1,35.9,0.376,0,0,,2025-12-31,813.45,9,2025-12-18,2025-01-28,90.38,2,15.6,0,13.0,1,49.3
C003168,2023-01-19,Startup,North America,Enterprise,Sales,5,882.82,1077,1.0,4,16.0,0.569,0,0,,2025-12-31,19298.86,21,2025-11-05,2023-02-10,918.99,4,35.7,0,56.0,1,48.6
C003169,2025-03-21,SMB,North America,Starter,Paid Search,24,25.68,285,20.0,3,-7.8,0.585,1,0,,2025-12-31,259.02,9,2025-11-26,2025-03-24,28.78,3,25.6,0,35.0,1,63.1
C003170,2024-05-17,Startup,North America,Starter,Paid Search,7,31.7,593,9.0,0,62.7,0.245,0,0,,2025-12-31,331.97,11,2025-12-04,2024-05-29,30.18,1,37.6,0,27.0,1,56.7
C003171,2024-06-18,SMB,North America,Business,Partner,23,179.01,561,12.0,1,14.1,0.422,0,0,,2025-12-31,3086.11,16,2025-12-26,2024-06-19,192.88,1,49.7,0,5.0,1,58.3
C003172,2025-09-04,Startup,APAC,Free,Organic,7,0.0,118,17.0,1,24.5,0.391,0,0,,2025-12-31,14.54,3,2025-11-17,2025-10-03,4.85,1,42.2,0,44.0,0,62.9
C003173,2023-09-10,Mid-Market,North America,Pro,Sales,21,80.71,843,6.0,1,65.7,0.327,1,0,,2025-12-31,1810.98,24,2025-10-26,2023-10-12,75.46,1,29.3,0,66.0,1,53.2
C003174,2023-05-08,SMB,APAC,Pro,Organic,7,81.99,968,9.0,0,61.3,0.484,1,0,,2025-12-31,2199.11,28,2025-11-28,2023-06-18,78.54,0,0.0,0,33.0,1,61.7
C003175,2025-11-23,SMB,LATAM,Starter,Paid Search,20,25.74,38,1.0,1,19.8,0.531,0,1,2025-12-02,2025-12-31,68.36,3,2025-11-29,2025-11-25,22.79,1,8.3,0,32.0,0,52.3
C003176,2024-03-07,Startup,Europe,Starter,Partner,4,31.28,664,21.0,1,23.6,0.255,0,0,,2025-12-31,415.77,12,2025-10-31,2024-04-19,34.65,2,14.9,0,61.0,1,62.3
C003177,2024-05-28,Mid-Market,Europe,Business,Sales,60,173.33,582,14.0,2,-8.9,0.266,0,0,,2025-12-31,2889.74,15,2025-12-08,2024-06-16,192.65,2,26.6,0,23.0,1,51.6
C003178,2023-02-28,SMB,APAC,Free,Partner,5,0.0,1037,5.0,5,-16.4,0.122,0,1,2024-11-25,2025-12-31,59.19,14,2024-11-17,2023-03-31,4.23,5,29.1,0,409.0,0,34.0
C003179,2022-11-05,SMB,North America,Business,Partner,20,199.96,1152,16.0,0,54.1,0.792,0,0,,2025-12-31,2400.52,13,2025-09-19,2023-01-17,184.66,1,3.0,1,103.0,1,78.5
C003180,2022-08-31,Mid-Market,Europe,Business,Paid Search,50,188.58,1218,4.0,0,56.9,0.729,1,0,,2025-12-31,6248.46,37,2025-09-18,2022-10-04,168.88,2,0.0,0,104.0,1,64.1
C003181,2022-11-16,Startup,Europe,Pro,Partner,4,71.84,1141,21.0,2,43.9,0.468,0,0,,2025-12-31,1360.2,19,2025-09-17,2022-12-18,71.59,2,68.8,0,105.0,1,69.2
C003182,2022-10-07,Mid-Market,APAC,Starter,Referral,44,32.69,1181,6.0,2,39.7,0.888,0,0,,2025-12-31,743.94,21,2025-12-06,2023-04-12,35.43,2,9.1,0,25.0,1,68.0
C003183,2024-12-03,Mid-Market,APAC,Free,Paid Search,18,0.0,393,7.0,0,17.3,0.473,0,0,,2025-12-31,21.240000000000002,10,2025-12-26,2024-12-29,2.12,1,11.0,0,5.0,0,57.2
C003184,2022-03-24,SMB,APAC,Business,Referral,9,202.36,1378,24.0,0,71.7,0.084,0,0,,2025-12-31,5215.2300000000005,28,2025-12-01,2022-05-26,186.26,0,0.0,0,30.0,1,66.1
C003185,2024-06-19,SMB,APAC,Free,Organic,15,0.0,560,20.0,0,-9.6,0.568,0,0,,2025-12-31,0.0,11,2025-12-04,2024-07-08,0.0,1,109.5,0,27.0,0,68.9
C003186,2025-09-19,Enterprise,Europe,Starter,Paid Search,183,32.17,103,19.0,1,23.3,0.42,0,0,,2025-12-31,149.51,5,2025-12-28,2025-10-02,29.9,3,41.0,0,3.0,1,65.4
C003187,2024-12-30,Enterprise,APAC,Enterprise,Sales,375,59411.3,366,16.0,1,39.0,0.285,0,0,,2025-12-31,551244.48,9,2025-12-10,2025-01-31,61249.39,1,6.3,1,21.0,1,60.2
C003188,2023-07-31,Mid-Market,APAC,Starter,Paid Search,52,33.02,884,14.0,1,35.0,0.648,0,0,,2025-12-31,786.2,23,2025-09-17,2023-08-17,34.18,2,71.4,0,105.0,1,68.9
C003189,2022-03-26,SMB,Europe,Starter,Partner,24,26.64,1376,5.0,1,34.9,0.218,0,0,,2025-12-31,716.53,27,2025-10-13,2022-08-04,26.54,1,7.2,1,79.0,1,48.0
C003190,2025-04-07,Startup,LATAM,Enterprise,Paid Search,1,173.36,268,8.0,2,22.0,0.513,0,0,,2025-12-31,1484.41,9,2025-12-23,2025-04-21,164.93,2,109.1,1,8.0,1,56.7
C003191,2022-01-05,SMB,APAC,Free,Sales,13,0.0,1456,26.0,1,48.5,0.177,0,0,,2025-12-31,197.35999999999999,32,2025-11-09,2022-03-03,6.17,2,88.6,0,52.0,0,66.9
C003192,2024-09-01,Enterprise,Europe,Starter,Organic,454,33.35,486,25.0,2,4.6,0.421,0,0,,2025-12-31,245.98,7,2025-10-21,2025-01-09,35.14,2,6.5,0,71.0,1,67.4
C003193,2024-08-17,SMB,North America,Starter,Organic,16,32.08,501,20.0,1,31.4,0.708,0,0,,2025-12-31,113.28,4,2025-06-30,2024-10-18,28.32,3,41.8,0,184.0,1,75.7
C003194,2022-10-02,Startup,North America,Business,Referral,7,228.13,1186,24.0,1,45.8,0.647,0,0,,2025-12-31,6146.7,26,2025-11-28,2023-01-01,236.41,1,46.4,0,33.0,1,78.9
C003195,2024-11-24,SMB,APAC,Business,Partner,20,210.58,402,22.0,2,26.7,0.475,0,0,,2025-12-31,1906.5700000000002,9,2025-10-12,2024-11-26,211.84,2,74.4,0,80.0,1,68.6
C003196,2022-09-08,Mid-Market,North America,Business,Paid Search,41,203.48,1210,11.0,1,35.1,0.167,0,0,,2025-12-31,5091.02,24,2025-12-31,2023-02-18,212.13,1,36.3,0,0.0,1,51.8
C003197,2022-11-19,Mid-Market,Europe,Enterprise,Paid Search,35,5502.85,1138,20.0,2,40.4,0.778,1,0,,2025-12-31,118206.39,20,2025-12-30,2023-01-21,5910.32,3,28.8,0,1.0,1,75.2
C003198,2025-03-07,Startup,Europe,Free,Paid Search,7,0.0,299,21.0,0,-9.0,0.258,0,0,,2025-12-31,29.02,5,2025-12-06,2025-07-29,5.8,0,0.0,0,25.0,0,60.6
C003199,2025-11-01,Startup,APAC,Pro,Sales,3,84.13,60,3.0,2,-6.7,0.354,0,1,2025-11-20,2025-12-31,83.56,1,2025-11-20,2025-11-20,83.56,2,25.2,0,41.0,0,44.6
C003200,2023-01-14,Enterprise,APAC,Free,Partner,247,0.0,1082,25.0,3,38.3,0.323,0,0,,2025-12-31,139.98,22,2025-12-01,2023-01-24,6.36,4,12.1,0,30.0,0,66.3
C003201,2025-08-10,Startup,APAC,Enterprise,Sales,6,892.56,143,13.0,1,19.8,0.266,1,0,,2025-12-31,2458.2,2,2025-12-18,2025-11-01,1229.1,1,1.1,0,13.0,1,53.1
C003202,2025-07-29,Enterprise,Europe,Enterprise,Sales,427,66917.62,155,8.0,0,21.3,0.339,0,0,,2025-12-31,159845.41,2,2025-10-01,2025-09-26,79922.7,0,0.0,0,91.0,1,54.4
C003203,2025-01-05,Enterprise,North America,Starter,Paid Search,444,32.02,360,13.0,0,49.2,0.381,1,0,,2025-12-31,203.09,7,2025-11-23,2025-01-12,29.01,0,0.0,0,38.0,1,61.0
C003204,2022-07-20,SMB,Europe,Business,Partner,23,170.25,1260,9.0,0,10.3,0.725,0,1,2023-08-12,2025-12-31,1684.72,10,2023-06-29,2022-08-14,168.47,0,0.0,0,916.0,0,65.8
C003205,2023-03-05,SMB,North America,Pro,Partner,22,71.21,1032,9.0,1,-25.3,0.465,1,0,,2025-12-31,1346.28,17,2025-12-24,2023-04-06,79.19,1,0.0,0,7.0,1,51.0
C003206,2024-08-27,SMB,Europe,Free,Referral,5,0.0,491,15.0,0,76.4,0.458,0,0,,2025-12-31,29.37,10,2025-12-21,2024-11-24,2.94,0,0.0,0,10.0,0,69.8
C003207,2025-11-29,Startup,LATAM,Pro,Partner,7,79.23,32,27.0,2,65.2,0.517,0,0,,2025-12-31,155.89999999999998,2,2025-12-14,2025-12-04,77.95,3,9.6,1,17.0,1,78.1
C003208,2025-03-10,Startup,Europe,Enterprise,Organic,3,465.57,296,11.0,1,64.9,0.49,1,0,,2025-12-31,1137.13,2,2025-12-29,2025-05-08,568.57,2,80.6,0,2.0,1,62.5
C003209,2023-08-24,Enterprise,Europe,Starter,Sales,75,24.98,860,6.0,2,7.0,0.706,0,1,2025-08-06,2025-12-31,432.03,17,2025-06-02,2023-08-26,25.41,3,35.4,0,212.0,0,59.2
C003210,2022-12-03,SMB,Europe,Free,Partner,3,0.0,1124,21.0,0,33.1,0.134,0,0,,2025-12-31,58.97,10,2025-04-22,2024-01-04,5.9,0,0.0,0,253.0,0,61.1
C003211,2025-10-05,SMB,APAC,Enterprise,Referral,12,2015.3,87,8.0,1,3.3,0.197,0,0,,2025-12-31,5230.719999999999,2,2025-12-11,2025-11-20,2615.36,1,12.0,0,20.0,1,46.9
C003212,2023-01-30,SMB,Europe,Starter,Paid Search,23,25.77,1066,15.0,0,33.5,0.035,0,0,,2025-12-31,519.64,19,2025-12-23,2023-02-19,27.35,0,0.0,0,8.0,1,52.8
C003213,2023-05-05,Startup,Europe,Starter,Paid Search,7,30.39,971,7.0,0,26.3,0.127,0,0,,2025-12-31,492.5,16,2025-10-02,2023-06-24,30.78,0,0.0,0,90.0,1,47.7
C003214,2025-10-11,SMB,North America,Pro,Partner,10,89.76,81,5.0,4,8.0,0.633,0,0,,2025-12-31,279.46,3,2025-11-24,2025-11-19,93.15,4,47.1,0,37.0,1,53.3
C003215,2024-03-14,Enterprise,Europe,Pro,Referral,69,80.16,657,7.0,0,47.6,0.221,0,0,,2025-12-31,1013.37,13,2025-08-04,2024-05-05,77.95,0,0.0,0,149.0,1,52.6
C003216,2023-01-14,Mid-Market,North America,Starter,Organic,18,26.6,1082,9.0,1,28.5,0.218,0,0,,2025-12-31,692.81,26,2025-11-21,2023-02-01,26.65,1,54.6,0,40.0,1,50.9
C003217,2022-01-08,Startup,Europe,Free,Paid Search,1,0.0,1453,26.0,4,78.1,0.323,0,0,,2025-12-31,53.95,21,2025-12-01,2022-03-07,2.57,5,48.6,0,30.0,0,69.7
C003218,2023-09-07,Startup,APAC,Business,Referral,7,178.08,846,18.0,1,37.1,0.664,1,1,2025-12-16,2025-12-31,2379.96,14,2025-12-01,2023-09-21,170.0,1,14.7,0,30.0,0,71.2
C003219,2025-11-10,Enterprise,North America,Pro,Sales,264,71.87,51,19.0,0,-28.7,0.446,0,0,,2025-12-31,88.94,1,2025-12-26,2025-12-26,88.94,1,25.3,0,5.0,1,62.5
C003220,2023-09-11,Enterprise,Europe,Pro,Organic,151,84.77,842,1.0,1,-10.3,0.384,0,0,,2025-12-31,1639.7,21,2025-12-10,2023-10-25,78.08,1,20.5,0,21.0,1,44.9
C003221,2024-09-27,SMB,North America,Business,Organic,3,221.06,460,0.0,0,87.4,0.478,0,0,,2025-12-31,3083.27,14,2025-09-25,2024-11-08,220.23,0,0.0,0,97.0,1,58.1
C003222,2022-12-28,Enterprise,North America,Free,Paid Search,153,0.0,1099,9.0,1,26.0,0.652,0,0,,2025-12-31,105.59,22,2025-10-06,2023-02-20,4.8,1,19.5,0,86.0,0,63.7
C003223,2025-01-14,Enterprise,North America,Business,Organic,104,202.16,351,24.0,2,41.0,0.548,0,0,,2025-12-31,1422.92,7,2025-12-21,2025-01-14,203.27,2,44.6,0,10.0,1,74.0
C003224,2025-01-14,Startup,North America,Business,Organic,1,202.76,351,0.0,1,35.2,0.239,0,0,,2025-12-31,1089.22,5,2025-07-11,2025-02-23,217.84,1,14.7,0,173.0,1,44.2
C003225,2024-05-19,Startup,LATAM,Enterprise,Paid Search,3,513.91,591,21.0,1,70.4,0.631,0,0,,2025-12-31,2124.65,4,2025-12-20,2024-06-19,531.16,1,36.2,0,11.0,1,78.2
C003226,2025-01-08,Startup,LATAM,Starter,Partner,7,26.11,357,22.0,2,-12.7,0.512,0,0,,2025-12-31,121.41,5,2025-08-20,2025-02-05,24.28,3,42.6,0,133.0,1,65.7
C003227,2024-04-07,SMB,APAC,Starter,Paid Search,12,25.35,633,7.0,1,68.2,0.734,0,0,,2025-12-31,297.56,14,2025-09-14,2024-04-16,21.25,1,7.3,0,108.0,1,68.6
C003228,2023-06-25,Mid-Market,Europe,Pro,Paid Search,71,84.5,920,3.0,3,66.5,0.378,0,0,,2025-12-31,1257.6000000000001,15,2025-12-28,2023-08-05,83.84,4,27.2,0,3.0,1,51.2
C003229,2024-11-21,Startup,APAC,Enterprise,Sales,2,362.62,405,4.0,1,35.2,0.31,1,0,,2025-12-31,3003.35,8,2025-11-16,2025-03-11,375.42,1,66.3,0,45.0,1,47.9
C003230,2025-04-09,Mid-Market,APAC,Enterprise,Paid Search,15,2724.87,266,2.0,2,45.3,0.575,0,0,,2025-12-31,8334.18,3,2025-08-29,2025-08-21,2778.06,2,5.0,1,124.0,1,55.6
C003231,2025-04-17,Mid-Market,Europe,Starter,Referral,50,31.81,258,23.0,0,25.7,0.429,0,0,,2025-12-31,357.03999999999996,12,2025-12-27,2025-05-21,29.75,0,0.0,0,4.0,1,71.0
C003232,2022-11-01,Startup,North America,Pro,Organic,6,89.0,1156,22.0,1,-7.1,0.358,1,0,,2025-12-31,1904.61,21,2025-11-06,2023-03-09,90.7,1,18.6,0,55.0,1,61.2
C003233,2024-08-25,SMB,APAC,Starter,Referral,4,26.73,493,18.0,1,49.5,0.488,2,0,,2025-12-31,366.4,14,2025-11-03,2024-09-26,26.17,1,192.9,0,58.0,1,65.2
C003234,2022-01-07,Startup,LATAM,Pro,Referral,6,67.81,1454,2.0,1,41.2,0.767,1,0,,2025-12-31,2267.82,34,2025-12-06,2022-02-16,66.7,3,23.3,1,25.0,1,60.4
C003235,2024-03-28,Mid-Market,North America,Business,Organic,54,179.97,643,26.0,2,41.7,0.262,0,0,,2025-12-31,1971.82,11,2025-12-25,2024-04-09,179.26,2,92.4,0,6.0,1,67.2
C003236,2024-03-27,Startup,Europe,Business,Partner,1,205.36,644,19.0,2,47.1,0.25,0,1,2024-09-19,2025-12-31,548.69,3,2024-05-26,2024-04-11,182.9,2,34.4,0,584.0,0,61.2
C003237,2023-06-04,SMB,North America,Starter,Partner,17,29.23,941,23.0,1,19.9,0.519,1,0,,2025-12-31,647.63,22,2025-12-20,2023-07-27,29.44,2,7.6,0,11.0,1,69.6
C003238,2025-11-22,SMB,North America,Enterprise,Paid Search,6,1092.62,39,10.0,1,72.3,0.331,0,0,,2025-12-31,1413.05,1,2025-12-22,2025-12-22,1413.05,1,130.9,0,9.0,1,59.6
C003239,2025-06-16,Startup,APAC,Free,Referral,3,0.0,198,5.0,0,35.2,0.428,0,1,2025-12-16,2025-12-31,0.0,6,2025-11-30,2025-06-26,0.0,1,98.9,0,31.0,0,55.8
C003240,2022-02-25,Mid-Market,North America,Pro,Paid Search,20,72.25,1405,23.0,2,48.5,0.731,0,0,,2025-12-31,1779.29,24,2025-09-28,2022-03-25,74.14,2,38.0,0,94.0,1,79.3
C003241,2022-10-26,SMB,LATAM,Pro,Paid Search,17,67.55,1162,1.0,0,28.2,0.204,1,0,,2025-12-31,1628.6,25,2025-12-28,2022-11-03,65.14,0,0.0,0,3.0,1,42.8
C003242,2022-10-25,SMB,APAC,Pro,Sales,8,73.0,1163,5.0,2,61.3,0.457,1,0,,2025-12-31,1494.95,21,2025-12-07,2022-11-16,71.19,3,81.5,0,24.0,1,54.3
C003243,2025-07-07,SMB,North America,Business,Organic,7,193.16,177,4.0,1,37.6,0.088,0,0,,2025-12-31,1593.22,9,2025-12-24,2025-07-14,177.02,1,6.5,0,7.0,1,43.5
C003244,2024-01-13,Startup,APAC,Pro,Organic,7,75.91,718,2.0,2,32.9,0.375,1,1,2024-11-27,2025-12-31,426.67,5,2024-10-25,2024-06-14,85.33,3,45.1,0,432.0,0,46.3
C003245,2024-11-08,SMB,APAC,Free,Organic,12,0.0,418,15.0,1,65.2,0.255,0,0,,2025-12-31,44.019999999999996,5,2025-11-16,2025-02-09,8.8,1,82.1,0,45.0,0,61.1
C003246,2025-03-04,Enterprise,Europe,Starter,Sales,226,29.69,302,6.0,0,-8.1,0.466,0,0,,2025-12-31,294.61,10,2025-11-05,2025-03-21,29.46,0,0.0,0,56.0,1,53.5
C003247,2025-01-02,Mid-Market,Europe,Pro,Organic,66,73.72,363,27.0,3,28.0,0.563,1,0,,2025-12-31,613.89,8,2025-09-29,2025-01-11,76.74,3,41.0,1,93.0,1,72.3
C003248,2022-05-08,Startup,APAC,Pro,Organic,3,68.51,1333,26.0,1,19.7,0.242,0,0,,2025-12-31,1832.57,27,2025-12-09,2022-09-15,67.87,3,101.7,0,22.0,1,65.9
C003249,2022-07-20,Startup,Europe,Pro,Partner,5,76.62,1260,4.0,2,44.3,0.383,0,0,,2025-12-31,2101.26,27,2025-11-06,2022-07-28,77.82,3,18.6,0,55.0,1,51.5
C003250,2023-07-20,Startup,North America,Starter,Referral,3,32.73,895,23.0,3,42.9,0.344,0,1,2024-09-29,2025-12-31,504.96,16,2024-09-18,2023-08-08,31.56,4,17.5,0,469.0,0,65.6
C003251,2023-04-29,Enterprise,North America,Free,Paid Search,154,0.0,977,1.0,0,34.7,0.616,0,0,,2025-12-31,139.3,24,2025-12-29,2023-06-21,5.8,2,0.0,0,2.0,0,57.8
C003252,2024-12-04,Mid-Market,North America,Business,Sales,27,181.35,392,8.0,1,17.1,0.648,1,0,,2025-12-31,1167.19,7,2025-11-22,2025-02-12,166.74,1,16.1,0,39.0,1,59.8
C003253,2022-08-12,SMB,APAC,Pro,Organic,15,71.5,1237,18.0,0,34.4,0.328,1,0,,2025-12-31,1592.13,23,2025-06-03,2022-11-19,69.22,0,0.0,0,211.0,1,62.4
C003254,2023-06-16,SMB,North America,Pro,Partner,15,82.73,929,5.0,0,43.1,0.689,1,1,2024-12-15,2025-12-31,1398.55,16,2024-12-15,2023-07-16,87.41,2,7.2,0,381.0,0,62.4
C003255,2022-12-05,Enterprise,Europe,Pro,Partner,476,88.28,1122,2.0,0,30.5,0.438,0,0,,2025-12-31,1748.8400000000001,19,2025-11-08,2023-01-05,92.04,0,0.0,0,53.0,1,53.0
C003256,2022-09-28,SMB,Europe,Starter,Paid Search,9,29.32,1190,4.0,3,62.7,0.33,0,0,,2025-12-31,746.18,26,2025-11-27,2022-11-18,28.7,4,26.3,0,34.0,1,50.2
C003257,2022-09-05,Mid-Market,APAC,Starter,Sales,32,29.77,1213,18.0,0,50.3,0.205,0,1,2024-10-07,2025-12-31,393.01,13,2024-06-01,2022-11-05,30.23,0,0.0,0,578.0,0,62.3
C003258,2022-10-07,SMB,Europe,Free,Partner,7,0.0,1181,6.0,2,35.5,0.428,0,0,,2025-12-31,173.4,30,2025-11-02,2022-10-14,5.78,2,26.0,0,59.0,0,53.7
C003259,2024-03-18,Mid-Market,LATAM,Pro,Organic,19,82.67,653,6.0,2,-23.7,0.417,0,0,,2025-12-31,1345.9,15,2025-11-12,2024-04-01,89.73,3,16.4,0,49.0,1,47.5
C003260,2023-08-10,Enterprise,LATAM,Starter,Organic,337,32.55,874,5.0,2,29.5,0.849,0,0,,2025-12-31,525.7,17,2025-12-26,2023-10-30,30.92,3,32.8,0,5.0,1,64.9
C003261,2023-09-15,Enterprise,North America,Starter,Organic,159,30.29,838,24.0,1,50.8,0.707,0,0,,2025-12-31,582.4399999999999,20,2025-08-16,2023-12-17,29.12,1,40.5,0,137.0,1,81.2
C003262,2023-11-17,Startup,APAC,Enterprise,Sales,3,425.4,775,24.0,0,28.0,0.634,2,0,,2025-12-31,7580.62,17,2025-11-30,2023-12-14,445.92,1,39.4,0,31.0,1,74.2
C003263,2024-11-25,SMB,North America,Starter,Organic,4,32.66,401,22.0,2,42.6,0.601,0,0,,2025-12-31,415.95,12,2025-12-31,2024-12-20,34.66,2,19.8,0,0.0,1,73.9
C003264,2025-05-17,Startup,APAC,Pro,Sales,2,76.86,228,0.0,0,29.4,0.601,0,0,,2025-12-31,167.39,2,2025-11-26,2025-10-03,83.7,0,0.0,0,35.0,1,56.0
C003265,2024-01-23,SMB,Europe,Starter,Organic,22,24.72,708,7.0,0,40.8,0.205,0,0,,2025-12-31,254.57999999999998,9,2025-07-20,2024-03-29,28.29,0,0.0,0,164.0,1,51.5
C003266,2024-07-07,SMB,North America,Starter,Sales,21,29.88,542,24.0,0,70.0,0.518,0,0,,2025-12-31,536.74,16,2025-09-28,2024-08-02,33.55,0,0.0,0,94.0,1,79.0
C003267,2024-11-22,Mid-Market,North America,Free,Referral,42,0.0,404,15.0,1,54.7,0.551,0,0,,2025-12-31,85.35,8,2025-12-27,2025-01-24,10.67,2,20.1,0,4.0,0,68.9
C003268,2024-09-14,SMB,Europe,Business,Organic,18,207.45,473,1.0,2,2.6,0.696,1,0,,2025-12-31,1708.63,9,2025-12-28,2024-09-29,189.85,2,46.9,0,3.0,1,52.0
C003269,2022-07-11,Mid-Market,APAC,Pro,Organic,74,67.7,1269,6.0,1,-6.5,0.364,0,0,,2025-12-31,1401.37,22,2025-11-23,2023-01-23,63.7,1,23.3,0,38.0,1,49.1
C003270,2025-11-06,SMB,APAC,Pro,Referral,11,79.64,55,23.0,0,46.1,0.222,0,0,,2025-12-31,0.0,0,,,0.0,1,36.1,0,,1,66.8
C003271,2022-08-24,Startup,North America,Enterprise,Organic,1,172.5,1225,24.0,0,64.2,0.642,0,0,,2025-12-31,5788.45,34,2025-12-21,2022-11-16,170.25,1,0.0,0,10.0,1,82.1
C003272,2023-08-12,Startup,North America,Free,Organic,1,0.0,872,11.0,1,-6.5,0.423,0,0,,2025-12-31,174.38,26,2025-10-17,2023-10-29,6.71,2,0.0,0,75.0,0,55.4
C003273,2024-07-22,Mid-Market,Europe,Pro,Referral,35,72.5,527,4.0,0,29.8,0.037,1,0,,2025-12-31,859.28,11,2025-12-25,2024-09-13,78.12,0,0.0,0,6.0,1,40.7
C003274,2023-07-31,SMB,Europe,Free,Sales,24,0.0,884,2.0,2,94.3,0.352,1,1,2024-06-16,2025-12-31,0.0,5,2024-04-12,2023-09-05,0.0,2,15.2,0,628.0,0,51.8
C003275,2022-12-14,Mid-Market,North America,Pro,Referral,63,68.49,1113,6.0,0,28.3,0.571,1,0,,2025-12-31,1872.61,28,2025-10-24,2022-12-15,66.88,0,0.0,0,68.0,1,58.3
C003276,2025-08-13,Enterprise,North America,Business,Sales,276,171.96,140,22.0,2,98.1,0.81,0,0,,2025-12-31,660.28,3,2025-12-21,2025-08-17,220.09,3,49.0,0,10.0,1,85.8
C003277,2022-04-13,SMB,APAC,Free,Partner,11,0.0,1358,23.0,1,14.4,0.552,0,0,,2025-12-31,146.09,30,2025-10-07,2022-05-23,4.87,1,63.7,0,85.0,0,72.0
C003278,2022-12-18,SMB,Europe,Enterprise,Referral,24,3621.86,1109,7.0,2,18.8,0.514,1,0,,2025-12-31,76039.15,20,2025-12-18,2022-12-21,3801.96,2,19.9,0,13.0,1,53.6
C003279,2025-11-20,SMB,APAC,Pro,Paid Search,13,88.83,41,27.0,0,17.4,0.498,0,0,,2025-12-31,80.52,1,2025-12-11,2025-12-11,80.52,1,79.4,0,20.0,1,75.8
C003280,2024-11-09,Enterprise,Europe,Starter,Referral,360,31.7,417,24.0,3,3.0,0.408,0,0,,2025-12-31,207.28,7,2025-11-22,2024-12-01,29.61,4,18.6,1,39.0,1,64.5
C003281,2022-05-05,Startup,Europe,Free,Partner,3,0.0,1336,27.0,3,-7.3,0.495,1,0,,2025-12-31,112.19,24,2025-12-06,2022-05-25,4.67,4,23.3,0,25.0,0,66.7
C003282,2024-12-15,Startup,Europe,Pro,Partner,1,78.36,381,21.0,0,29.5,0.371,0,0,,2025-12-31,592.61,8,2025-12-06,2024-12-15,74.08,0,0.0,0,25.0,1,67.8
C003283,2025-10-18,SMB,North America,Pro,Sales,18,86.43,74,16.0,1,38.6,0.605,2,0,,2025-12-31,438.12,5,2025-12-04,2025-11-05,87.62,2,23.6,0,27.0,1,65.8
C003284,2022-05-20,Startup,North America,Starter,Paid Search,2,31.25,1321,27.0,0,17.1,0.159,0,0,,2025-12-31,612.48,21,2025-12-29,2022-06-18,29.17,1,9.0,0,2.0,1,65.6
C003285,2023-08-16,Mid-Market,LATAM,Pro,Partner,52,82.13,868,19.0,0,23.1,0.494,0,0,,2025-12-31,1534.07,19,2025-10-10,2023-08-21,80.74,0,0.0,0,82.0,1,69.1
C003286,2023-11-01,SMB,APAC,Free,Paid Search,5,0.0,791,23.0,5,71.2,0.519,0,0,,2025-12-31,74.82,20,2025-12-21,2024-03-05,3.74,6,50.1,0,10.0,0,70.7
C003287,2022-07-07,Startup,APAC,Enterprise,Organic,4,715.47,1273,11.0,3,59.3,0.331,0,0,,2025-12-31,16634.33,24,2025-12-21,2022-10-15,693.1,4,50.9,0,10.0,1,56.2
C003288,2022-10-14,Startup,North America,Starter,Paid Search,2,25.42,1174,6.0,2,28.5,0.342,0,0,,2025-12-31,393.90999999999997,14,2025-07-06,2022-10-18,28.14,4,40.9,0,178.0,1,50.5
C003289,2022-09-06,Startup,North America,Pro,Sales,1,71.97,1212,16.0,1,45.7,0.836,1,0,,2025-12-31,1956.04,28,2025-08-15,2022-10-14,69.86,1,23.5,0,138.0,1,75.4
C003290,2022-09-23,SMB,North America,Business,Paid Search,5,188.17,1195,11.0,0,-5.9,0.416,0,0,,2025-12-31,6859.43,35,2025-11-19,2022-10-01,195.98,1,114.8,0,42.0,1,56.7
C003291,2023-08-01,Startup,LATAM,Pro,Partner,3,75.88,883,9.0,0,41.7,0.38,0,0,,2025-12-31,1069.19,14,2025-11-18,2023-12-07,76.37,0,0.0,0,43.0,1,58.6
C003292,2023-10-26,SMB,APAC,Business,Partner,6,176.7,797,19.0,1,33.4,0.078,0,0,,2025-12-31,2355.95,14,2025-12-15,2024-03-10,168.28,2,8.2,0,16.0,1,56.1
C003293,2022-12-07,Mid-Market,Europe,Enterprise,Sales,38,6347.14,1120,17.0,1,25.6,0.694,0,0,,2025-12-31,143144.5,23,2025-10-26,2022-12-08,6223.67,2,67.2,0,66.0,1,72.1
C003294,2023-02-18,Enterprise,LATAM,Starter,Referral,196,28.25,1047,8.0,0,35.8,0.444,0,0,,2025-12-31,565.61,21,2025-12-29,2023-06-06,26.93,1,6.9,0,2.0,1,59.0
C003295,2022-10-02,SMB,North America,Starter,Organic,24,26.77,1186,6.0,1,31.8,0.535,0,0,,2025-12-31,633.76,25,2025-06-23,2022-11-19,25.35,1,2.2,1,191.0,1,58.1
C003296,2025-02-12,SMB,Europe,Pro,Paid Search,7,87.48,322,15.0,0,2.2,0.226,0,0,,2025-12-31,738.6,9,2025-12-10,2025-03-13,82.07,1,3.3,0,21.0,1,55.4
C003297,2022-10-30,SMB,North America,Free,Referral,4,0.0,1158,9.0,0,77.0,0.68,0,0,,2025-12-31,112.23,23,2025-11-01,2022-11-21,4.88,0,0.0,0,60.0,0,71.1
C003298,2025-07-21,Startup,North America,Pro,Organic,4,74.71,163,6.0,1,58.8,0.546,0,0,,2025-12-31,131.32999999999998,2,2025-10-25,2025-09-24,65.66,1,9.8,0,67.0,1,61.1
C003299,2024-02-10,SMB,LATAM,Free,Paid Search,19,0.0,690,6.0,1,25.3,0.656,0,0,,2025-12-31,103.56,17,2025-12-21,2024-05-15,6.09,1,16.2,0,10.0,0,61.1
C003300,2025-02-21,Mid-Market,APAC,Enterprise,Paid Search,59,9352.84,313,18.0,0,-9.0,0.113,0,0,,2025-12-31,30686.4,4,2025-12-15,2025-04-16,7671.6,0,0.0,0,16.0,1,53.6
C003301,2024-06-29,SMB,North America,Pro,Organic,7,77.08,550,11.0,0,-26.4,0.198,1,0,,2025-12-31,1350.85,17,2025-11-21,2024-07-10,79.46,2,12.5,0,40.0,1,46.1
C003302,2023-01-16,SMB,North America,Pro,Sales,4,84.21,1080,9.0,0,85.1,0.088,0,0,,2025-12-31,1967.05,25,2025-12-17,2023-04-07,78.68,0,0.0,0,14.0,1,54.2
C003303,2024-05-09,SMB,Europe,Starter,Sales,6,32.79,601,3.0,2,30.7,0.453,1,0,,2025-12-31,238.3,7,2025-12-01,2024-10-20,34.04,3,56.8,0,30.0,1,49.3
C003304,2023-01-28,SMB,North America,Enterprise,Referral,21,3573.98,1068,1.0,1,54.1,0.465,1,0,,2025-12-31,77852.73,22,2025-12-13,2023-02-21,3538.76,3,41.5,0,18.0,1,51.8
C003305,2022-06-19,SMB,Europe,Business,Organic,21,223.76,1291,19.0,4,11.3,0.335,0,0,,2025-12-31,6311.86,28,2025-11-04,2022-11-21,225.42,5,22.7,0,57.0,1,57.1
C003306,2022-12-31,SMB,Europe,Business,Sales,21,228.5,1096,27.0,1,27.3,0.688,0,0,,2025-12-31,6090.19,27,2025-12-26,2023-04-23,225.56,1,0.0,1,5.0,1,81.0
C003307,2023-01-30,SMB,North America,Business,Partner,14,219.17,1066,9.0,1,28.6,0.709,0,0,,2025-12-31,5377.78,25,2025-08-08,2023-02-25,215.11,2,23.7,0,145.0,1,65.7
C003308,2022-07-13,Startup,North America,Free,Sales,6,0.0,1267,23.0,0,41.0,0.567,0,0,,2025-12-31,79.45,22,2025-12-11,2022-08-22,3.61,0,0.0,0,20.0,0,76.6
C003309,2022-02-03,Enterprise,North America,Free,Organic,57,0.0,1427,16.0,2,37.2,0.238,0,0,,2025-12-31,129.7,24,2025-09-21,2022-04-24,5.4,2,19.6,0,101.0,0,57.1
C003310,2025-09-11,SMB,LATAM,Starter,Organic,16,27.98,111,8.0,0,11.9,0.749,1,0,,2025-12-31,25.66,1,2025-11-29,2025-11-29,25.66,0,0.0,0,32.0,1,63.8
C003311,2024-01-05,SMB,North America,Pro,Partner,16,83.51,726,15.0,1,11.7,0.216,0,0,,2025-12-31,1272.55,14,2025-11-14,2024-02-24,90.9,1,4.0,0,47.0,1,54.5
C003312,2023-07-29,Enterprise,Europe,Pro,Sales,119,78.23,886,3.0,0,33.0,0.272,0,0,,2025-12-31,2031.99,25,2025-12-29,2023-09-27,81.28,0,0.0,0,2.0,1,49.1
C003313,2025-08-22,SMB,North America,Starter,Organic,8,29.05,131,9.0,1,-8.9,0.53,1,0,,2025-12-31,118.78,4,2025-10-28,2025-09-07,29.7,1,12.2,0,64.0,1,54.5
C003314,2022-11-18,SMB,APAC,Enterprise,Paid Search,16,2782.94,1139,20.0,0,14.4,0.198,0,0,,2025-12-31,83807.24,29,2025-12-18,2022-11-18,2889.9,1,16.7,0,13.0,1,60.2
C003315,2023-07-31,SMB,North America,Free,Partner,23,0.0,884,23.0,1,31.1,0.372,0,1,2024-08-16,2025-12-31,46.55,13,2024-07-26,2023-08-28,3.58,1,0.0,0,523.0,0,68.3
C003316,2025-04-25,SMB,North America,Business,Sales,8,182.44,250,6.0,0,44.9,0.239,0,0,,2025-12-31,647.75,4,2025-10-19,2025-07-15,161.94,0,0.0,0,73.0,1,52.0
C003317,2024-06-22,Mid-Market,APAC,Pro,Referral,76,81.6,557,25.0,2,72.6,0.508,0,0,,2025-12-31,753.9300000000001,10,2025-10-21,2024-08-13,75.39,4,23.3,0,71.0,1,76.8
C003318,2023-07-25,Mid-Market,APAC,Starter,Sales,60,33.1,890,16.0,3,23.1,0.258,0,0,,2025-12-31,489.14,15,2025-11-14,2023-09-09,32.61,3,30.1,0,47.0,1,54.8
C003319,2023-01-01,Mid-Market,North America,Free,Partner,57,0.0,1095,6.0,1,35.9,0.276,2,1,2024-10-17,2025-12-31,75.06,16,2024-09-26,2023-01-01,4.69,1,15.5,0,461.0,0,46.7
C003320,2022-02-20,SMB,North America,Pro,Referral,4,67.99,1410,21.0,1,-11.7,0.552,1,0,,2025-12-31,1821.15,27,2025-12-27,2022-04-17,67.45,3,34.7,0,4.0,1,65.6
C003321,2022-05-02,SMB,LATAM,Business,Paid Search,16,219.87,1339,24.0,0,43.4,0.127,1,0,,2025-12-31,6190.25,29,2025-11-02,2022-05-10,213.46,0,0.0,0,59.0,1,62.6
C003322,2022-08-20,Startup,North America,Starter,Organic,4,32.27,1229,7.0,1,12.3,0.732,0,0,,2025-12-31,625.22,19,2025-11-01,2022-09-28,32.91,1,186.1,0,60.0,1,62.9
C003323,2025-01-29,SMB,North America,Pro,Referral,9,73.59,336,2.0,1,27.3,0.322,1,0,,2025-12-31,270.05,4,2025-08-30,2025-01-30,67.51,2,38.5,0,123.0,1,45.7
C003324,2024-07-03,Mid-Market,Europe,Pro,Partner,41,90.11,546,7.0,2,46.9,0.355,1,0,,2025-12-31,666.98,9,2025-12-14,2024-11-02,74.11,2,21.2,0,17.0,1,51.6
C003325,2023-09-12,Mid-Market,North America,Starter,Paid Search,41,28.38,841,21.0,3,47.9,0.606,0,0,,2025-12-31,324.98,12,2025-08-06,2023-10-25,27.08,3,37.5,0,147.0,1,72.2
C003326,2025-01-24,Mid-Market,Europe,Pro,Organic,66,84.9,341,1.0,0,-1.3,0.277,0,0,,2025-12-31,705.48,9,2025-11-07,2025-04-30,78.39,0,0.0,0,54.0,1,44.1
C003327,2022-08-18,SMB,APAC,Starter,Referral,6,25.01,1231,8.0,1,55.0,0.571,0,0,,2025-12-31,726.8,32,2025-10-24,2022-09-27,22.71,2,77.0,0,68.0,1,63.3
C003328,2022-10-29,Mid-Market,Europe,Business,Referral,19,178.9,1159,8.0,1,34.0,0.926,0,0,,2025-12-31,2809.28,16,2025-10-08,2022-10-29,175.58,1,0.0,0,84.0,1,71.8
C003329,2023-07-16,SMB,Europe,Pro,Paid Search,15,76.87,899,0.0,2,66.7,0.28,0,0,,2025-12-31,1967.79,26,2025-11-04,2023-09-10,75.68,2,33.7,0,57.0,1,47.1
C003330,2025-08-04,SMB,Europe,Free,Sales,17,0.0,149,16.0,2,71.5,0.419,0,0,,2025-12-31,23.4,5,2025-12-31,2025-08-14,4.68,3,13.1,0,0.0,0,66.0
C003331,2024-05-28,SMB,APAC,Business,Paid Search,22,204.33,582,22.0,0,75.2,0.558,0,0,,2025-12-31,3796.1000000000004,17,2025-10-04,2024-06-08,223.3,0,0.0,0,88.0,1,78.9
C003332,2025-05-01,Mid-Market,North America,Starter,Organic,29,26.9,244,4.0,1,-0.6,0.616,0,1,2025-10-02,2025-12-31,168.63,7,2025-09-23,2025-05-13,24.09,1,25.7,0,99.0,0,55.5
C003333,2022-12-21,Mid-Market,North America,Enterprise,Organic,42,6277.34,1106,24.0,1,45.1,0.516,0,0,,2025-12-31,113911.91,18,2025-12-23,2023-01-11,6328.44,1,0.0,0,8.0,1,74.9
C003334,2025-04-28,SMB,APAC,Pro,Paid Search,7,83.03,247,26.0,0,-4.4,0.282,0,0,,2025-12-31,473.2,6,2025-11-16,2025-05-03,78.87,0,0.0,0,45.0,1,66.2
C003335,2022-04-14,SMB,North America,Free,Organic,12,0.0,1357,24.0,1,67.5,0.16,1,0,,2025-12-31,109.44,23,2025-12-24,2022-05-10,4.76,2,43.0,0,7.0,0,64.5
C003336,2022-11-22,Enterprise,North America,Business,Referral,438,182.12,1135,20.0,0,71.1,0.216,0,0,,2025-12-31,3326.71,18,2025-10-08,2023-01-26,184.82,0,0.0,0,84.0,1,66.4
C003337,2024-01-18,Startup,North America,Free,Referral,3,0.0,713,12.0,0,59.5,0.77,3,0,,2025-12-31,65.52,14,2025-10-31,2024-05-27,4.68,0,0.0,0,61.0,0,68.8
C003338,2022-03-14,SMB,APAC,Business,Paid Search,9,188.91,1388,5.0,0,24.4,0.11,0,0,,2025-12-31,4393.08,24,2025-12-04,2022-04-22,183.04,0,0.0,0,27.0,1,45.2
C003339,2025-05-12,SMB,North America,Enterprise,Sales,18,2718.84,233,25.0,2,48.6,0.574,0,0,,2025-12-31,12035.73,5,2025-12-16,2025-07-21,2407.15,2,38.5,0,15.0,1,76.4
C003340,2025-05-25,Mid-Market,APAC,Pro,Sales,59,89.07,220,14.0,0,21.2,0.349,1,0,,2025-12-31,610.66,6,2025-12-27,2025-08-08,101.78,0,0.0,0,4.0,1,58.1
C003341,2024-02-14,Mid-Market,APAC,Pro,Paid Search,72,84.86,686,12.0,0,35.3,0.318,0,0,,2025-12-31,1465.16,17,2025-11-07,2024-03-01,86.19,0,0.0,0,54.0,1,58.8
C003342,2023-03-14,Mid-Market,Europe,Pro,Organic,60,73.52,1023,10.0,1,32.7,0.308,0,0,,2025-12-31,1370.21,19,2025-10-16,2023-03-21,72.12,1,6.1,0,76.0,1,54.9
C003343,2022-05-22,Mid-Market,North America,Starter,Organic,73,32.9,1319,6.0,0,-15.0,0.251,1,1,2024-06-18,2025-12-31,617.66,19,2024-06-09,2022-05-28,32.51,0,0.0,0,570.0,0,44.4
C003344,2024-06-04,SMB,APAC,Free,Partner,19,0.0,575,10.0,1,14.8,0.629,0,0,,2025-12-31,77.46,15,2025-11-15,2024-07-26,5.16,1,39.8,0,46.0,0,62.8
C003345,2024-02-08,SMB,North America,Enterprise,Paid Search,15,2653.18,692,22.0,2,91.8,0.465,0,0,,2025-12-31,23464.61,8,2025-12-10,2024-03-11,2933.08,4,21.2,0,21.0,1,74.8
C003346,2024-12-22,Startup,LATAM,Starter,Partner,2,31.02,374,15.0,0,32.8,0.306,0,0,,2025-12-31,390.65,12,2025-12-19,2025-01-06,32.55,0,0.0,0,12.0,1,60.9
C003347,2024-05-11,Startup,APAC,Starter,Partner,3,31.34,599,11.0,1,39.0,0.653,0,0,,2025-12-31,492.96,16,2025-09-19,2024-05-18,30.81,1,70.7,0,103.0,1,66.8
C003348,2022-07-03,Mid-Market,North America,Starter,Partner,24,28.77,1277,3.0,2,34.8,0.067,0,0,,2025-12-31,434.32,15,2025-12-18,2022-07-20,28.95,3,25.5,0,13.0,1,40.2
C003349,2022-06-24,Enterprise,APAC,Enterprise,Organic,468,70150.6,1286,11.0,2,24.7,0.33,0,0,,2025-12-31,2174231.76,31,2025-12-24,2022-06-29,70136.51,2,3.5,0,7.0,1,54.2
C003350,2025-01-21,SMB,Europe,Enterprise,Organic,20,3218.94,344,6.0,1,35.9,0.596,0,0,,2025-12-31,29903.35,10,2025-10-23,2025-03-09,2990.34,1,4.5,0,69.0,1,60.3
C003351,2022-08-16,Startup,Europe,Starter,Paid Search,5,31.28,1233,11.0,1,24.8,0.699,0,0,,2025-12-31,750.22,24,2025-11-19,2022-10-21,31.26,1,26.2,0,42.0,1,66.8
C003352,2025-09-04,Startup,Europe,Starter,Referral,2,27.96,118,4.0,2,-22.1,0.144,1,1,2025-10-25,2025-12-31,40.55,2,2025-10-11,2025-10-08,20.27,2,8.1,0,81.0,0,35.7
C003353,2022-06-01,Enterprise,Europe,Business,Partner,164,188.71,1309,26.0,3,54.7,0.334,0,0,,2025-12-31,4769.1,24,2025-10-02,2022-06-13,198.71,5,49.7,1,90.0,1,69.2
C003354,2024-11-07,Mid-Market,APAC,Starter,Partner,19,25.95,419,4.0,2,75.3,0.424,0,0,,2025-12-31,105.98,5,2025-12-27,2025-06-25,21.2,2,7.8,1,4.0,1,55.8
C003355,2025-10-26,Enterprise,APAC,Enterprise,Partner,263,45360.23,66,3.0,3,5.9,0.217,0,1,2025-11-23,2025-12-31,29223.91,1,2025-11-23,2025-11-23,29223.91,4,43.0,0,38.0,0,40.3
C003356,2023-09-23,Startup,North America,Enterprise,Paid Search,4,670.56,830,18.0,0,24.7,0.623,0,0,,2025-12-31,10593.17,16,2025-08-17,2023-09-25,662.07,1,7.7,0,136.0,1,72.2
C003357,2022-03-23,SMB,Europe,Business,Organic,19,201.59,1379,9.0,3,72.5,0.469,0,0,,2025-12-31,5499.21,24,2025-10-24,2022-07-04,229.13,3,40.8,0,68.0,1,59.9
C003358,2025-06-07,SMB,APAC,Free,Organic,18,0.0,207,27.0,1,15.7,0.332,1,0,,2025-12-31,69.75,9,2025-10-20,2025-06-15,7.75,2,123.6,0,72.0,0,67.1
C003359,2022-09-25,SMB,Europe,Pro,Organic,10,80.29,1193,11.0,1,44.7,0.131,0,0,,2025-12-31,1722.43,22,2025-12-29,2022-10-27,78.29,1,45.3,0,2.0,1,51.7
C003360,2024-01-25,Mid-Market,Europe,Enterprise,Organic,24,3322.0,706,18.0,0,100.0,0.487,0,0,,2025-12-31,46409.39,14,2025-12-11,2024-08-03,3314.96,1,0.0,0,20.0,1,75.7
C003361,2025-11-08,SMB,North America,Starter,Paid Search,19,25.97,53,23.0,0,50.8,0.363,0,0,,2025-12-31,34.32,1,2025-12-30,2025-12-30,34.32,2,78.8,0,1.0,1,71.5
C003362,2024-12-01,Enterprise,APAC,Business,Referral,353,186.83,395,27.0,0,36.7,0.523,0,0,,2025-12-31,1137.85,6,2025-12-11,2025-02-13,189.64,1,8.1,0,20.0,1,78.5
C003363,2022-03-08,SMB,North America,Starter,Organic,15,25.51,1394,22.0,1,57.0,0.283,0,0,,2025-12-31,664.49,27,2025-12-20,2022-05-30,24.61,3,52.5,0,11.0,1,67.3
C003364,2025-03-19,SMB,North America,Enterprise,Organic,8,1097.96,287,16.0,1,54.4,0.767,0,0,,2025-12-31,2575.44,3,2025-10-27,2025-05-14,858.48,2,33.2,0,65.0,1,76.2
C003365,2022-08-19,SMB,Europe,Pro,Organic,16,72.51,1230,22.0,1,18.4,0.206,0,0,,2025-12-31,1701.5900000000001,23,2025-10-14,2022-08-28,73.98,1,34.7,0,78.0,1,61.2
C003366,2024-12-07,Mid-Market,North America,Free,Organic,34,0.0,389,7.0,2,-8.4,0.198,0,1,2025-06-30,2025-12-31,35.17,8,2025-06-23,2024-12-07,4.4,3,37.4,1,191.0,0,43.4
C003367,2024-06-06,Startup,North America,Pro,Organic,7,67.3,573,24.0,1,49.8,0.168,1,0,,2025-12-31,1134.41,16,2025-11-17,2024-07-05,70.9,2,6.0,0,44.0,1,62.9
C003368,2023-02-16,SMB,North America,Free,Organic,10,0.0,1049,24.0,3,53.6,0.202,0,0,,2025-12-31,126.89,19,2025-11-01,2023-04-16,6.68,5,35.7,0,60.0,0,63.3
C003369,2023-08-29,Mid-Market,APAC,Starter,Organic,33,29.61,855,10.0,0,27.6,0.821,2,0,,2025-12-31,571.0,19,2025-12-26,2023-11-03,30.05,0,0.0,0,5.0,1,67.3
C003370,2022-06-18,Mid-Market,LATAM,Enterprise,Sales,31,4283.66,1292,1.0,0,76.1,0.45,0,0,,2025-12-31,91936.33,23,2025-12-27,2022-06-28,3997.23,0,0.0,0,4.0,1,57.0
C003371,2025-11-12,SMB,Europe,Starter,Paid Search,23,28.29,49,19.0,0,71.1,0.257,0,0,,2025-12-31,38.64,1,2025-12-24,2025-12-24,38.64,0,0.0,0,7.0,1,66.8
C003372,2022-12-07,Mid-Market,North America,Enterprise,Organic,43,7146.51,1120,2.0,0,54.4,0.228,0,0,,2025-12-31,211296.84,30,2025-12-30,2022-12-21,7043.23,1,5.1,0,1.0,1,49.1
C003373,2023-03-18,Enterprise,APAC,Free,Paid Search,433,0.0,1019,0.0,0,28.0,0.346,0,1,2024-09-08,2025-12-31,49.47,10,2024-07-22,2023-10-13,4.95,0,0.0,0,527.0,0,48.2
C003374,2023-12-21,Mid-Market,North America,Pro,Organic,58,69.7,741,26.0,1,-17.3,0.292,0,0,,2025-12-31,730.9300000000001,12,2025-11-20,2024-02-14,60.91,1,20.7,0,41.0,1,63.7
C003375,2024-08-19,Mid-Market,LATAM,Enterprise,Partner,30,4230.01,499,15.0,2,30.6,0.523,0,0,,2025-12-31,50757.42,12,2025-11-27,2024-11-08,4229.78,3,34.5,0,34.0,1,64.1
C003376,2023-12-24,SMB,Europe,Pro,Paid Search,9,85.03,738,18.0,2,-10.9,0.545,0,0,,2025-12-31,1039.19,12,2025-06-13,2024-01-21,86.6,4,20.0,1,201.0,1,63.3
C003377,2023-12-24,SMB,North America,Business,Sales,6,174.3,738,24.0,2,-23.9,0.173,0,0,,2025-12-31,2232.55,13,2025-12-16,2024-02-12,171.73,2,3.4,1,15.0,1,56.2
C003378,2024-04-13,Mid-Market,Europe,Enterprise,Sales,18,2984.71,627,26.0,3,51.2,0.403,0,0,,2025-12-31,23605.3,9,2025-12-27,2024-06-20,2622.81,3,37.4,0,4.0,1,70.9
C003379,2025-05-11,SMB,North America,Pro,Referral,10,74.26,234,26.0,2,64.3,0.548,1,0,,2025-12-31,289.3,3,2025-11-10,2025-06-20,96.43,2,63.4,0,51.0,1,76.1
C003380,2023-07-19,Mid-Market,APAC,Business,Organic,31,204.84,896,3.0,1,-13.8,0.598,0,1,2024-08-29,2025-12-31,1419.98,7,2024-07-16,2023-09-27,202.85,2,12.6,0,533.0,0,52.7
C003381,2025-04-04,Mid-Market,North America,Free,Paid Search,70,0.0,271,9.0,0,28.6,0.515,1,0,,2025-12-31,34.24,7,2025-08-18,2025-04-21,4.89,0,0.0,0,135.0,0,59.3
C003382,2025-01-30,Mid-Market,APAC,Starter,Paid Search,23,29.22,335,21.0,2,34.6,0.08,1,0,,2025-12-31,287.33,10,2025-10-06,2025-02-03,28.73,3,5.6,1,86.0,1,54.6
C003383,2025-10-06,SMB,APAC,Starter,Referral,6,31.79,86,0.0,4,27.7,0.433,0,0,,2025-12-31,67.58,2,2025-11-18,2025-10-13,33.79,5,18.0,0,43.0,1,44.8
C003384,2025-07-29,Startup,APAC,Business,Organic,5,215.64,155,6.0,1,0.5,0.619,1,0,,2025-12-31,1519.6399999999999,6,2025-12-22,2025-08-20,253.27,1,55.3,0,9.0,1,55.5
C003385,2025-02-15,SMB,APAC,Pro,Partner,14,79.77,319,14.0,1,68.3,0.599,1,0,,2025-12-31,332.48,4,2025-10-02,2025-05-13,83.12,1,56.8,0,90.0,1,68.8
C003386,2022-12-19,Enterprise,North America,Pro,Paid Search,399,72.18,1108,9.0,2,1.2,0.181,1,0,,2025-12-31,1398.26,20,2025-10-15,2023-01-03,69.91,3,65.1,0,77.0,1,43.6
C003387,2025-01-12,Mid-Market,Europe,Enterprise,Paid Search,22,3791.95,353,4.0,2,-13.7,0.241,0,1,2025-06-04,2025-12-31,10626.0,3,2025-04-30,2025-03-20,3542.0,2,25.2,0,245.0,0,41.4
C003388,2024-11-19,Mid-Market,APAC,Free,Paid Search,30,0.0,407,25.0,1,0.6,0.904,0,1,2025-07-15,2025-12-31,23.01,6,2025-07-13,2024-11-23,3.84,1,18.0,0,171.0,0,83.0
C003389,2023-02-18,Startup,North America,Enterprise,Paid Search,4,598.89,1047,12.0,0,47.0,0.541,0,0,,2025-12-31,11386.94,19,2025-12-05,2023-05-29,599.31,0,0.0,0,26.0,1,66.6
C003390,2024-08-27,Enterprise,North America,Free,Partner,325,0.0,491,11.0,1,28.3,0.371,0,0,,2025-12-31,37.95,11,2025-11-06,2024-09-25,3.45,1,0.0,0,55.0,0,57.3
C003391,2022-12-28,Startup,North America,Starter,Partner,2,29.28,1099,18.0,1,15.7,0.288,1,0,,2025-12-31,826.52,30,2025-12-08,2023-01-02,27.55,1,30.1,0,23.0,1,57.8
C003392,2024-01-19,SMB,North America,Pro,Organic,3,88.58,712,18.0,1,48.2,0.151,1,0,,2025-12-31,1664.12,18,2025-12-17,2024-02-03,92.45,1,0.0,0,14.0,1,56.9
C003393,2025-02-13,SMB,APAC,Starter,Organic,17,28.39,321,13.0,1,43.3,0.361,2,1,2025-11-29,2025-12-31,168.37,6,2025-09-14,2025-04-21,28.06,1,88.8,0,108.0,0,56.3
C003394,2022-09-27,Startup,Europe,Pro,Referral,3,77.9,1191,24.0,6,-22.7,0.521,0,0,,2025-12-31,1821.61,23,2025-09-30,2022-09-30,79.2,6,14.3,1,92.0,1,60.8
C003395,2023-04-27,Enterprise,APAC,Business,Paid Search,121,190.54,979,8.0,3,47.9,0.47,0,0,,2025-12-31,4325.19,22,2025-12-27,2023-05-08,196.6,3,60.2,1,4.0,1,56.5
C003396,2025-02-11,SMB,LATAM,Business,Partner,11,191.79,323,24.0,0,64.5,0.405,0,0,,2025-12-31,696.89,4,2025-12-08,2025-03-25,174.22,0,0.0,0,23.0,1,75.0
C003397,2023-10-11,Enterprise,North America,Starter,Paid Search,435,27.62,812,24.0,2,31.9,0.395,0,0,,2025-12-31,678.2,24,2025-11-10,2023-10-19,28.26,3,32.0,0,51.0,1,68.5
C003398,2025-10-05,Startup,APAC,Starter,Partner,1,31.24,87,0.0,1,29.1,0.343,0,0,,2025-12-31,69.78999999999999,2,2025-12-17,2025-11-20,34.89,3,65.4,0,14.0,1,46.7
C003399,2022-01-12,SMB,North America,Free,Partner,15,0.0,1449,21.0,3,82.3,0.353,1,0,,2025-12-31,131.65,34,2025-09-17,2022-04-23,3.87,3,10.8,0,105.0,0,66.1
C003400,2024-10-29,Enterprise,North America,Pro,Organic,105,72.44,428,4.0,4,17.3,0.49,0,0,,2025-12-31,996.57,14,2025-12-29,2024-11-25,71.18,5,36.2,0,2.0,1,49.0
C003401,2025-03-10,Startup,North America,Free,Paid Search,6,0.0,296,13.0,0,30.9,0.072,0,0,,2025-12-31,29.23,4,2025-09-04,2025-03-31,7.31,1,14.6,0,118.0,0,51.9
C003402,2025-08-05,Enterprise,North America,Starter,Paid Search,479,33.16,148,25.0,0,43.3,0.335,0,0,,2025-12-31,73.19,2,2025-12-03,2025-08-05,36.6,1,64.9,0,28.0,1,71.7
C003403,2022-08-13,Mid-Market,Europe,Business,Organic,68,199.94,1236,5.0,0,36.2,0.324,0,0,,2025-12-31,2579.48,15,2025-08-01,2022-09-29,171.97,0,0.0,0,152.0,1,52.8
C003404,2025-11-08,SMB,Europe,Enterprise,Referral,12,1723.66,53,15.0,0,28.2,0.333,0,0,,2025-12-31,1070.36,1,2025-11-24,2025-11-24,1070.36,2,32.2,0,37.0,1,61.2
C003405,2023-07-15,SMB,North America,Business,Organic,17,175.08,900,21.0,0,37.2,0.638,2,0,,2025-12-31,2788.48,19,2025-12-25,2023-08-21,146.76,0,0.0,0,6.0,1,72.6
C003406,2023-05-19,Startup,North America,Free,Organic,1,0.0,957,13.0,0,74.2,0.563,1,0,,2025-12-31,149.82,20,2025-10-21,2023-05-29,7.49,1,53.3,0,71.0,0,68.9
C003407,2023-05-24,SMB,Europe,Pro,Referral,3,85.65,952,2.0,1,55.2,0.609,0,0,,2025-12-31,1317.03,16,2025-12-09,2023-09-24,82.31,1,18.1,0,22.0,1,59.1
C003408,2024-07-01,SMB,North America,Starter,Referral,17,30.87,548,1.0,1,33.1,0.663,0,0,,2025-12-31,319.02,11,2025-11-06,2024-08-21,29.0,1,33.8,0,55.0,1,57.6
C003409,2024-07-31,Mid-Market,APAC,Starter,Organic,49,32.44,518,14.0,0,13.4,0.217,0,0,,2025-12-31,529.22,16,2025-11-08,2024-08-13,33.08,0,0.0,0,53.0,1,55.4
C003410,2023-11-09,Mid-Market,LATAM,Starter,Partner,30,28.26,783,0.0,3,16.7,0.424,0,1,2024-06-30,2025-12-31,117.54,5,2024-05-27,2023-12-12,23.51,5,86.8,0,583.0,0,44.9
C003411,2022-04-12,Startup,APAC,Enterprise,Organic,5,904.26,1359,0.0,2,58.8,0.365,0,0,,2025-12-31,16598.260000000002,19,2025-10-05,2022-07-09,873.59,2,26.2,0,87.0,1,48.8
C003412,2025-11-11,Enterprise,Europe,Pro,Referral,417,83.33,50,26.0,0,-4.8,0.761,0,1,2025-11-27,2025-12-31,60.97,1,2025-11-15,2025-11-15,60.97,0,0.0,0,46.0,0,80.6
C003413,2022-11-14,SMB,Europe,Starter,Paid Search,7,31.15,1143,14.0,3,95.1,0.368,1,0,,2025-12-31,568.4,18,2025-11-23,2023-10-03,31.58,3,56.1,0,38.0,1,61.6
C003414,2022-05-15,Mid-Market,Europe,Pro,Referral,49,82.24,1326,13.0,3,34.2,0.605,0,0,,2025-12-31,2291.87,27,2025-12-30,2022-06-19,84.88,3,27.4,0,1.0,1,63.7
C003415,2024-05-04,Mid-Market,LATAM,Enterprise,Paid Search,60,8385.19,606,2.0,0,0.5,0.61,0,0,,2025-12-31,101392.75,13,2025-09-27,2024-05-29,7799.44,0,0.0,0,95.0,1,55.1
C003416,2023-08-13,SMB,LATAM,Free,Paid Search,16,0.0,871,22.0,1,39.5,0.381,1,1,2025-03-02,2025-12-31,50.82,13,2025-01-29,2023-10-25,3.91,1,0.0,0,336.0,0,66.5
C003417,2024-05-30,SMB,Europe,Business,Referral,7,184.98,580,14.0,0,15.0,0.802,0,0,,2025-12-31,1939.58,11,2025-12-17,2024-08-18,176.33,1,25.1,0,14.0,1,73.1
C003418,2025-06-06,SMB,Europe,Starter,Organic,11,25.51,208,6.0,2,24.5,0.383,0,0,,2025-12-31,61.95,2,2025-11-04,2025-10-31,30.98,3,19.8,0,57.0,1,51.3
C003419,2022-05-20,Startup,APAC,Starter,Organic,3,32.55,1321,21.0,1,-2.8,0.294,0,1,2025-06-15,2025-12-31,660.3199999999999,19,2025-05-21,2022-06-11,34.75,1,5.9,0,224.0,0,60.8
C003420,2023-02-11,Mid-Market,North America,Business,Paid Search,55,185.56,1054,6.0,0,29.0,0.466,0,0,,2025-12-31,2260.24,12,2025-11-17,2023-03-26,188.35,1,57.7,0,44.0,1,57.2
C003421,2024-01-09,SMB,Europe,Free,Partner,11,0.0,722,14.0,0,-18.1,0.459,0,0,,2025-12-31,53.6,9,2025-05-05,2024-02-07,5.96,0,0.0,0,240.0,0,59.5
C003422,2025-01-31,Enterprise,Europe,Business,Organic,455,220.39,334,15.0,1,20.0,0.393,0,0,,2025-12-31,1141.24,5,2025-11-10,2025-06-18,228.25,2,41.2,0,51.0,1,60.7
C003423,2024-05-08,SMB,APAC,Free,Partner,4,0.0,602,7.0,1,14.3,0.487,1,1,2025-01-12,2025-12-31,11.09,6,2024-12-01,2024-05-11,1.85,1,15.5,0,395.0,0,53.8
C003424,2023-07-02,Mid-Market,North America,Pro,Paid Search,68,88.22,913,24.0,2,22.4,0.54,0,0,,2025-12-31,2188.43,27,2025-11-17,2023-08-30,81.05,2,20.8,0,44.0,1,71.9
C003425,2024-05-22,SMB,North America,Pro,Partner,13,86.46,588,19.0,1,15.9,0.316,0,0,,2025-12-31,1835.13,21,2025-12-20,2024-07-04,87.39,1,13.0,0,11.0,1,61.5
C003426,2025-11-02,Mid-Market,North America,Business,Sales,74,208.33,59,8.0,3,35.8,0.22,0,0,,2025-12-31,410.8,2,2025-12-12,2025-11-02,205.4,4,56.0,0,19.0,1,47.8
C003427,2023-11-18,Startup,Europe,Business,Paid Search,2,204.04,774,4.0,1,57.2,0.792,0,0,,2025-12-31,4425.21,22,2025-11-10,2023-12-20,201.15,1,6.0,0,51.0,1,66.6
C003428,2025-06-17,Startup,LATAM,Pro,Partner,5,84.66,197,9.0,0,44.0,0.299,1,0,,2025-12-31,390.44,5,2025-11-20,2025-07-10,78.09,1,23.4,0,41.0,1,54.4
C003429,2025-01-20,Startup,APAC,Starter,Paid Search,6,26.3,345,13.0,0,67.5,0.393,0,0,,2025-12-31,198.21,8,2025-12-22,2025-04-05,24.78,0,0.0,0,9.0,1,65.1
C003430,2023-03-07,Enterprise,North America,Starter,Organic,295,30.4,1030,15.0,2,22.5,0.255,1,0,,2025-12-31,664.8100000000001,21,2025-10-13,2023-04-09,31.66,2,59.0,0,79.0,1,53.3
C003431,2022-12-23,Startup,North America,Pro,Referral,1,68.52,1104,11.0,2,43.1,0.525,0,0,,2025-12-31,1212.11,18,2025-08-18,2022-12-27,67.34,2,27.4,0,135.0,1,61.9
C003432,2025-01-06,Mid-Market,APAC,Pro,Sales,23,87.85,359,1.0,0,44.1,0.227,0,0,,2025-12-31,437.14,5,2025-12-10,2025-01-18,87.43,1,45.6,0,21.0,1,47.1
C003433,2022-10-24,Mid-Market,APAC,Free,Referral,45,0.0,1164,18.0,1,63.8,0.655,2,0,,2025-12-31,179.3,21,2025-09-01,2022-10-30,8.54,1,104.4,0,121.0,0,71.6
C003434,2023-04-27,Mid-Market,Europe,Enterprise,Sales,49,6947.11,979,10.0,0,16.7,0.281,0,0,,2025-12-31,112676.98,16,2025-12-22,2023-05-31,7042.31,1,34.7,0,9.0,1,54.0
C003435,2022-12-03,Mid-Market,North America,Starter,Paid Search,58,33.03,1124,9.0,0,54.7,0.285,1,0,,2025-12-31,721.25,20,2025-10-03,2022-12-25,36.06,0,0.0,0,89.0,1,55.1
C003436,2024-05-17,SMB,North America,Free,Partner,3,0.0,593,15.0,1,13.6,0.685,0,0,,2025-12-31,95.33,12,2025-11-25,2024-06-24,7.94,1,22.4,0,36.0,0,68.8
C003437,2023-02-25,Mid-Market,APAC,Enterprise,Organic,26,4237.03,1040,23.0,4,20.8,0.337,0,0,,2025-12-31,110596.04000000001,27,2025-11-14,2023-03-24,4096.15,4,52.3,1,47.0,1,61.7
C003438,2024-07-30,Mid-Market,Europe,Pro,Sales,55,67.31,519,0.0,1,26.0,0.742,0,1,2025-04-03,2025-12-31,618.37,9,2025-02-13,2024-09-08,68.71,1,126.2,0,321.0,0,58.4
C003439,2025-08-29,SMB,North America,Business,Partner,13,220.84,124,26.0,2,46.3,0.536,0,0,,2025-12-31,859.44,4,2025-12-08,2025-08-31,214.86,2,91.0,0,23.0,1,75.9
C003440,2025-04-01,Startup,LATAM,Starter,Organic,1,32.48,274,17.0,3,7.8,0.712,0,0,,2025-12-31,227.87,6,2025-11-12,2025-04-01,37.98,3,2.6,1,49.0,1,67.8
C003441,2025-09-17,SMB,Europe,Starter,Referral,7,25.86,105,15.0,2,11.3,0.594,3,0,,2025-12-31,33.16,1,2025-12-10,2025-12-10,33.16,2,28.3,0,21.0,1,58.3
C003442,2022-02-04,SMB,LATAM,Pro,Partner,21,78.54,1426,1.0,1,18.9,0.692,0,0,,2025-12-31,3293.48,41,2025-12-20,2022-02-22,80.33,1,30.9,0,11.0,1,57.0
C003443,2023-10-14,Mid-Market,Europe,Starter,Sales,34,32.76,809,19.0,1,36.2,0.588,0,0,,2025-12-31,338.73,12,2025-12-18,2023-11-26,28.23,1,14.6,0,13.0,1,71.7
C003444,2022-11-11,Startup,Europe,Pro,Referral,2,87.15,1146,20.0,0,11.6,0.868,0,0,,2025-12-31,2114.09,25,2025-12-04,2022-12-30,84.56,1,186.3,0,27.0,1,80.1
C003445,2025-08-05,Enterprise,LATAM,Starter,Referral,87,32.95,148,15.0,1,41.6,0.155,0,0,,2025-12-31,72.98,2,2025-12-29,2025-09-20,36.49,1,0.0,0,2.0,1,55.7
C003446,2024-10-15,Mid-Market,LATAM,Starter,Paid Search,69,30.84,442,22.0,1,26.1,0.7,0,0,,2025-12-31,217.06,7,2025-10-23,2024-11-05,31.01,2,38.5,0,69.0,1,76.8
C003447,2023-04-03,Enterprise,LATAM,Free,Paid Search,375,0.0,1003,23.0,2,51.4,0.537,0,0,,2025-12-31,165.49,25,2025-12-02,2023-05-05,6.62,3,47.0,0,29.0,0,73.8
C003448,2024-03-16,SMB,APAC,Starter,Referral,22,30.84,655,23.0,0,36.6,0.351,0,0,,2025-12-31,486.9,15,2025-10-14,2024-04-02,32.46,0,0.0,0,78.0,1,69.7
C003449,2024-05-15,Mid-Market,Europe,Starter,Organic,21,28.41,595,9.0,1,78.8,0.421,0,0,,2025-12-31,370.16,13,2025-09-28,2024-08-06,28.47,2,6.1,0,94.0,1,62.0
C003450,2023-12-10,SMB,North America,Business,Organic,7,211.25,752,18.0,1,38.0,0.292,1,0,,2025-12-31,3001.22,14,2025-12-08,2024-01-23,214.37,1,4.3,1,23.0,1,60.1
C003451,2023-11-10,Mid-Market,North America,Pro,Sales,37,78.4,782,1.0,5,4.5,0.706,1,0,,2025-12-31,1305.3799999999999,16,2025-08-19,2023-11-12,81.59,6,31.5,1,134.0,1,48.0
C003452,2022-03-20,SMB,LATAM,Starter,Sales,9,32.07,1382,15.0,0,29.7,0.399,0,0,,2025-12-31,775.63,24,2025-12-07,2022-04-14,32.32,0,0.0,0,24.0,1,63.3
C003453,2023-10-10,SMB,North America,Pro,Sales,16,81.67,813,4.0,1,35.5,0.439,0,0,,2025-12-31,704.98,10,2025-07-09,2023-12-11,70.5,1,14.8,0,175.0,1,53.8
C003454,2023-05-14,Enterprise,APAC,Starter,Organic,214,27.95,962,8.0,2,12.3,0.218,0,0,,2025-12-31,765.66,27,2025-12-30,2023-05-18,28.36,3,22.0,0,1.0,1,46.9
C003455,2025-03-16,SMB,LATAM,Starter,Organic,18,26.98,290,18.0,0,72.9,0.264,1,0,,2025-12-31,84.44,4,2025-12-12,2025-04-06,21.11,0,0.0,0,19.0,1,64.3
C003456,2025-05-22,SMB,LATAM,Business,Sales,11,212.45,223,11.0,1,27.3,0.369,0,0,,2025-12-31,348.84000000000003,2,2025-12-07,2025-12-03,174.42,2,55.8,0,24.0,1,57.1
C003457,2024-12-09,SMB,LATAM,Pro,Organic,21,87.96,387,24.0,2,18.9,0.169,0,0,,2025-12-31,866.87,9,2025-12-28,2025-01-23,96.32,2,17.7,0,3.0,1,60.4
C003458,2022-02-14,Enterprise,Europe,Pro,Paid Search,286,89.45,1416,2.0,0,39.5,0.203,1,0,,2025-12-31,2496.02,28,2025-09-21,2022-05-08,89.14,0,0.0,0,101.0,1,44.8
C003459,2025-04-17,SMB,Europe,Starter,Paid Search,19,32.49,258,27.0,1,12.3,0.281,0,0,,2025-12-31,86.4,3,2025-10-18,2025-05-14,28.8,1,43.8,0,74.0,1,67.3
C003460,2023-07-21,Mid-Market,LATAM,Free,Referral,19,0.0,894,19.0,2,59.2,0.389,2,0,,2025-12-31,80.25,14,2025-07-16,2023-07-28,5.73,2,17.7,0,168.0,0,62.6
C003461,2023-08-19,Enterprise,North America,Business,Paid Search,160,205.47,865,12.0,2,54.1,0.279,0,1,2024-07-09,2025-12-31,1699.5,8,2024-06-22,2023-10-09,212.44,2,65.6,0,557.0,0,56.5
C003462,2025-09-13,Mid-Market,North America,Pro,Organic,38,84.18,109,0.0,1,38.3,0.155,1,1,2025-12-19,2025-12-31,0.0,0,,,0.0,1,11.6,0,,0,40.0
C003463,2025-05-25,SMB,LATAM,Pro,Paid Search,5,72.31,220,1.0,0,49.8,0.431,0,0,,2025-12-31,575.72,7,2025-12-11,2025-06-17,82.25,1,15.6,0,20.0,1,53.8
C003464,2022-03-14,Mid-Market,APAC,Enterprise,Organic,30,4516.93,1388,11.0,2,22.5,0.29,0,0,,2025-12-31,117954.90000000001,26,2025-12-31,2022-04-05,4536.73,2,52.6,0,0.0,1,52.8
C003465,2023-05-30,SMB,Europe,Starter,Referral,17,30.94,946,16.0,2,-2.6,0.568,0,0,,2025-12-31,505.27,17,2025-12-02,2023-07-18,29.72,2,10.2,0,29.0,1,63.1
C003466,2024-12-08,Mid-Market,North America,Business,Partner,41,224.93,388,14.0,4,26.9,0.554,1,0,,2025-12-31,3312.57,15,2025-09-27,2024-12-24,220.84,4,33.3,0,95.0,1,58.8
C003467,2024-02-10,SMB,Europe,Pro,Partner,18,71.8,690,8.0,1,22.5,0.395,0,0,,2025-12-31,857.11,13,2025-10-18,2024-04-08,65.93,2,9.6,0,74.0,1,54.7
C003468,2023-01-04,Mid-Market,LATAM,Starter,Paid Search,70,31.14,1092,18.0,1,-15.9,0.501,0,0,,2025-12-31,631.8,21,2025-10-20,2023-01-11,30.09,1,21.9,0,72.0,1,63.0
C003469,2024-01-21,SMB,Europe,Free,Organic,19,0.0,710,17.0,1,8.6,0.481,1,1,2025-01-18,2025-12-31,17.810000000000002,5,2025-01-14,2024-03-24,3.56,1,119.6,0,351.0,0,62.0
C003470,2025-05-24,SMB,Europe,Pro,Organic,24,74.52,221,9.0,1,4.2,0.192,2,0,,2025-12-31,627.0,8,2025-12-17,2025-06-01,78.38,3,20.6,0,14.0,1,43.7
C003471,2022-11-16,Mid-Market,Europe,Starter,Sales,59,27.21,1141,9.0,1,8.7,0.248,0,0,,2025-12-31,610.34,23,2025-12-10,2022-12-14,26.54,2,9.4,0,21.0,1,49.8
C003472,2024-12-02,Enterprise,APAC,Pro,Paid Search,80,86.67,394,12.0,0,68.3,0.676,0,0,,2025-12-31,571.49,6,2025-11-08,2025-05-27,95.25,0,0.0,0,53.0,1,72.8
C003473,2024-11-16,SMB,LATAM,Pro,Paid Search,16,68.53,410,20.0,0,47.8,0.392,0,0,,2025-12-31,758.6700000000001,11,2025-12-15,2024-12-22,68.97,0,0.0,0,16.0,1,69.4
C003474,2025-06-20,Startup,Europe,Pro,Paid Search,6,84.89,194,16.0,0,59.1,0.495,0,0,,2025-12-31,366.72,5,2025-12-26,2025-07-07,73.34,0,0.0,0,5.0,1,70.0
C003475,2023-03-03,Startup,Europe,Pro,Sales,4,73.33,1034,3.0,2,47.7,0.413,0,0,,2025-12-31,1698.56,21,2025-12-28,2023-03-17,80.88,3,19.6,0,3.0,1,51.8
C003476,2022-11-05,Mid-Market,North America,Pro,Referral,43,74.64,1152,25.0,1,62.1,0.094,0,0,,2025-12-31,1453.23,19,2025-12-14,2022-11-09,76.49,1,0.0,0,17.0,1,64.9
C003477,2024-02-23,SMB,Europe,Pro,Organic,4,84.03,677,5.0,1,35.7,0.372,0,0,,2025-12-31,1439.99,15,2025-09-30,2024-03-22,96.0,2,83.4,0,92.0,1,52.7
C003478,2024-01-30,Mid-Market,North America,Business,Partner,25,198.41,701,18.0,3,72.9,0.159,0,0,,2025-12-31,2481.44,13,2025-07-23,2024-05-03,190.88,3,48.7,0,161.0,1,58.6
C003479,2023-08-09,Mid-Market,Europe,Free,Paid Search,19,0.0,875,0.0,1,4.2,0.412,0,0,,2025-12-31,72.99000000000001,14,2025-12-10,2023-12-18,5.21,1,15.9,0,21.0,0,46.3
C003480,2025-01-19,SMB,Europe,Enterprise,Referral,23,3996.28,346,7.0,2,33.3,0.409,1,0,,2025-12-31,17441.66,5,2025-08-20,2025-03-05,3488.33,3,82.5,0,133.0,1,51.8
C003481,2025-02-16,SMB,North America,Free,Sales,14,0.0,318,15.0,3,9.4,0.346,1,0,,2025-12-31,22.86,4,2025-09-10,2025-04-29,5.72,4,30.0,0,112.0,0,53.2
C003482,2022-12-18,SMB,North America,Starter,Referral,24,28.07,1109,23.0,1,66.0,0.465,0,0,,2025-12-31,535.94,19,2025-11-30,2023-01-27,28.21,1,47.8,0,31.0,1,74.6
C003483,2025-02-11,Startup,North America,Pro,Referral,3,80.27,323,15.0,2,45.5,0.681,1,0,,2025-12-31,547.93,7,2025-11-26,2025-03-09,78.28,2,34.1,0,35.0,1,68.4
C003484,2022-11-26,Mid-Market,North America,Free,Paid Search,27,0.0,1131,1.0,1,64.7,0.019,0,0,,2025-12-31,97.34,19,2025-11-29,2022-12-21,5.12,2,20.3,0,32.0,0,41.4
C003485,2023-08-06,SMB,APAC,Starter,Paid Search,4,32.89,878,26.0,2,-0.1,0.113,1,0,,2025-12-31,866.62,26,2025-11-19,2023-09-03,33.33,2,32.3,0,42.0,1,56.6
C003486,2022-02-08,Mid-Market,North America,Starter,Partner,32,25.21,1422,7.0,0,19.9,0.614,0,0,,2025-12-31,608.87,25,2025-12-24,2022-02-15,24.35,0,0.0,0,7.0,1,61.7
C003487,2023-05-02,Enterprise,North America,Pro,Referral,397,83.13,974,10.0,1,-9.6,0.349,0,0,,2025-12-31,1872.71,21,2025-12-19,2023-08-08,89.18,5,77.4,0,12.0,1,51.9
C003488,2025-10-02,Mid-Market,LATAM,Pro,Organic,42,70.81,90,3.0,2,44.0,0.336,0,0,,2025-12-31,97.83,1,2025-12-07,2025-12-07,97.83,2,134.9,0,24.0,1,49.2
C003489,2023-09-25,Startup,North America,Free,Paid Search,1,0.0,828,19.0,4,24.3,0.482,0,0,,2025-12-31,119.28999999999999,17,2025-10-16,2023-10-10,7.02,4,17.2,1,76.0,0,62.9
C003490,2024-10-12,SMB,APAC,Pro,Organic,6,86.77,445,12.0,0,53.9,0.309,0,0,,2025-12-31,867.01,10,2025-11-10,2025-03-10,86.7,2,8.8,0,51.0,1,60.4
C003491,2022-06-04,Enterprise,Europe,Starter,Organic,143,32.94,1306,6.0,2,35.8,0.603,1,0,,2025-12-31,918.17,27,2025-11-17,2022-09-19,34.01,3,16.4,0,44.0,1,57.0
C003492,2024-06-27,SMB,APAC,Enterprise,Sales,3,451.62,552,17.0,1,-18.3,0.534,0,0,,2025-12-31,4187.6,9,2025-12-05,2024-07-14,465.29,1,6.2,0,26.0,1,62.9
C003493,2023-06-16,Startup,Europe,Free,Organic,4,0.0,929,5.0,0,-6.5,0.533,0,0,,2025-12-31,117.82,26,2025-11-29,2023-07-04,4.53,1,21.0,0,32.0,0,54.8
C003494,2024-11-29,Startup,North America,Pro,Referral,2,81.09,397,14.0,2,37.1,0.387,1,0,,2025-12-31,327.1,4,2025-10-19,2025-01-09,81.78,4,15.4,0,73.0,1,57.8
C003495,2025-08-20,SMB,APAC,Pro,Paid Search,11,81.45,133,18.0,1,46.6,0.058,1,0,,2025-12-31,275.18,4,2025-12-10,2025-12-01,68.8,2,69.1,0,21.0,1,54.0
C003496,2024-01-31,Mid-Market,APAC,Pro,Partner,48,86.91,700,22.0,0,-20.4,0.522,0,0,,2025-12-31,1748.81,19,2025-11-30,2024-01-31,92.04,0,0.0,0,31.0,1,68.3
C003497,2022-05-28,SMB,North America,Enterprise,Sales,15,2284.8,1313,19.0,1,32.9,0.176,0,0,,2025-12-31,52458.49,24,2025-12-06,2022-07-28,2185.77,3,59.7,2,25.0,1,59.0
C003498,2023-11-12,Startup,APAC,Starter,Referral,5,29.94,780,15.0,1,9.6,0.347,1,0,,2025-12-31,305.83,11,2025-08-17,2024-01-30,27.8,1,36.8,0,136.0,1,56.3
C003499,2022-06-26,Startup,Europe,Business,Referral,3,174.36,1284,0.0,2,7.2,0.352,0,0,,2025-12-31,4897.62,29,2025-12-14,2022-08-22,168.88,2,15.2,0,17.0,1,43.3
C003500,2023-10-05,Startup,LATAM,Starter,Organic,1,31.8,818,6.0,1,18.6,0.314,0,0,,2025-12-31,409.29,12,2025-12-28,2023-11-13,34.11,1,1.5,0,3.0,1,50.1
C003501,2022-03-29,SMB,APAC,Pro,Paid Search,4,82.88,1373,16.0,2,38.1,0.74,0,0,,2025-12-31,2585.8,33,2025-12-29,2022-06-08,78.36,2,10.6,0,2.0,1,72.3
C003502,2024-07-04,Enterprise,North America,Starter,Referral,304,29.87,545,15.0,1,17.3,0.35,1,0,,2025-12-31,338.11,10,2025-12-15,2024-09-04,33.81,1,0.0,0,16.0,1,57.1
C003503,2023-03-20,SMB,APAC,Starter,Referral,6,25.15,1017,14.0,2,-14.7,0.38,0,0,,2025-12-31,419.76,18,2025-10-29,2023-09-06,23.32,2,97.4,0,63.0,1,54.4
C003504,2022-10-16,Mid-Market,LATAM,Free,Referral,27,0.0,1172,20.0,2,37.9,0.515,0,0,,2025-12-31,83.33,24,2025-10-21,2022-10-19,3.47,2,13.6,1,71.0,0,69.1
C003505,2022-01-25,Enterprise,APAC,Free,Referral,258,0.0,1436,25.0,0,26.2,0.585,0,0,,2025-12-31,126.76,30,2025-09-29,2022-02-13,4.23,0,0.0,0,93.0,0,77.5
C003506,2025-06-23,SMB,North America,Enterprise,Organic,14,2056.93,191,14.0,2,11.5,0.282,0,0,,2025-12-31,6332.3,3,2025-10-13,2025-07-24,2110.77,3,25.2,1,79.0,1,54.1
C003507,2025-04-12,SMB,APAC,Business,Organic,4,194.7,263,3.0,2,27.3,0.585,2,1,2025-08-19,2025-12-31,344.25,2,2025-07-29,2025-06-24,172.12,3,39.4,0,155.0,0,51.0
C003508,2025-03-06,Startup,Europe,Starter,Sales,2,28.45,300,12.0,1,26.3,0.913,0,0,,2025-12-31,219.73000000000002,8,2025-12-26,2025-05-23,27.47,1,4.5,0,5.0,1,74.2
C003509,2022-03-25,SMB,North America,Pro,Partner,15,70.86,1377,7.0,0,36.1,0.342,0,0,,2025-12-31,1608.05,23,2025-09-23,2022-03-31,69.92,1,58.7,0,99.0,1,55.1
C003510,2023-05-15,Startup,APAC,Pro,Referral,3,77.67,961,14.0,1,28.8,0.784,0,0,,2025-12-31,1653.71,23,2025-10-13,2023-06-07,71.9,2,115.7,0,79.0,1,72.4
C003511,2025-10-21,SMB,Europe,Starter,Partner,24,29.14,71,16.0,0,39.1,0.285,0,0,,2025-12-31,79.19,2,2025-11-11,2025-11-07,39.6,0,0.0,0,50.0,1,61.7
C003512,2024-04-07,SMB,APAC,Starter,Sales,7,25.52,633,15.0,2,33.8,0.153,0,0,,2025-12-31,342.07,14,2025-11-09,2024-08-09,24.43,2,23.9,0,52.0,1,53.4
C003513,2022-07-03,Enterprise,Europe,Pro,Referral,330,70.09,1277,16.0,1,55.5,0.449,0,0,,2025-12-31,1444.33,20,2025-12-26,2022-10-27,72.22,2,35.2,0,5.0,1,66.8
C003514,2022-07-21,SMB,North America,Starter,Organic,13,31.12,1259,8.0,2,74.6,0.723,1,0,,2025-12-31,662.29,23,2025-12-31,2023-01-29,28.8,3,75.6,0,0.0,1,66.3
C003515,2023-01-12,Mid-Market,LATAM,Pro,Sales,65,90.79,1084,4.0,3,34.6,0.603,2,0,,2025-12-31,1931.96,21,2025-12-03,2023-02-14,92.0,4,26.4,0,28.0,1,51.6
C003516,2025-10-22,Enterprise,Europe,Starter,Paid Search,291,26.27,70,23.0,2,19.5,0.765,0,1,2025-12-17,2025-12-31,82.16,3,2025-12-14,2025-10-28,27.39,2,0.9,0,17.0,0,77.4
C003517,2022-08-31,Mid-Market,Europe,Free,Paid Search,43,0.0,1218,11.0,3,-0.9,0.274,1,1,2023-10-28,2025-12-31,32.33,6,2023-10-03,2022-12-03,5.39,4,11.7,0,820.0,0,46.5
C003518,2025-07-15,Startup,Europe,Pro,Referral,6,71.6,169,5.0,1,51.2,0.741,0,0,,2025-12-31,643.47,9,2025-12-28,2025-07-19,71.5,1,48.3,0,3.0,1,65.3
C003519,2024-08-27,SMB,North America,Pro,Paid Search,15,68.56,491,27.0,2,12.4,0.63,0,0,,2025-12-31,360.82,6,2025-08-11,2025-01-31,60.14,2,12.2,0,142.0,1,76.2
C003520,2025-08-11,Startup,APAC,Enterprise,Organic,7,1011.3,142,0.0,0,93.7,0.285,1,0,,2025-12-31,5182.18,5,2025-10-27,2025-09-04,1036.44,3,23.7,0,65.0,1,50.9
C003521,2025-03-27,Startup,Europe,Starter,Partner,2,27.78,279,9.0,1,100.0,0.505,1,0,,2025-12-31,34.8,1,2025-11-27,2025-11-27,34.8,1,0.0,0,34.0,1,64.7
C003522,2023-04-20,Startup,LATAM,Business,Sales,5,201.88,986,20.0,1,29.7,0.073,0,0,,2025-12-31,3393.63,19,2025-12-13,2023-04-20,178.61,2,26.6,0,18.0,1,56.5
C003523,2025-03-29,Mid-Market,LATAM,Enterprise,Organic,38,6115.85,277,11.0,2,-6.6,0.17,0,0,,2025-12-31,42200.82,7,2025-11-24,2025-05-31,6028.69,3,65.9,0,37.0,1,46.3
C003524,2022-08-30,Startup,APAC,Pro,Referral,6,77.82,1219,23.0,2,51.3,0.567,0,0,,2025-12-31,1735.94,21,2025-10-12,2022-11-05,82.66,3,20.2,0,80.0,1,74.7
C003525,2023-02-21,Startup,North America,Enterprise,Paid Search,7,1071.42,1044,10.0,1,87.5,0.413,1,0,,2025-12-31,32932.08,30,2025-10-20,2023-02-26,1097.74,1,0.0,0,72.0,1,61.6
C003526,2022-10-30,Startup,APAC,Enterprise,Paid Search,2,308.37,1158,17.0,1,2.2,0.247,1,0,,2025-12-31,6246.5199999999995,20,2025-09-03,2022-11-27,312.33,1,24.6,0,119.0,1,54.3
C003527,2022-07-10,Mid-Market,North America,Business,Referral,56,169.28,1270,11.0,2,82.5,0.337,1,0,,2025-12-31,4028.55,22,2025-11-17,2022-11-03,183.12,2,80.8,0,44.0,1,58.2
C003528,2022-05-09,Enterprise,APAC,Enterprise,Partner,189,27695.37,1332,13.0,1,-11.2,0.354,0,0,,2025-12-31,976867.5700000001,35,2025-12-21,2022-08-08,27910.5,1,205.8,0,10.0,1,54.6
C003529,2022-09-25,Startup,Europe,Pro,Referral,1,71.28,1193,13.0,1,-1.4,0.455,0,0,,2025-12-31,1633.12,23,2025-12-08,2023-01-18,71.01,3,21.4,0,23.0,1,58.6
C003530,2022-06-21,Mid-Market,LATAM,Pro,Referral,77,80.96,1289,27.0,0,42.7,0.383,1,0,,2025-12-31,1986.79,26,2025-10-20,2022-10-18,76.41,0,0.0,0,72.0,1,72.9
C003531,2023-06-29,Mid-Market,North America,Enterprise,Sales,48,7548.09,916,21.0,1,60.4,0.63,0,0,,2025-12-31,242107.58,30,2025-11-10,2023-09-02,8070.25,1,5.4,0,51.0,1,77.2
C003532,2022-04-12,SMB,North America,Business,Referral,23,182.22,1359,10.0,1,33.3,0.618,0,0,,2025-12-31,4807.66,27,2025-12-05,2022-06-11,178.06,2,39.1,0,26.0,1,64.3
C003533,2022-03-29,Mid-Market,LATAM,Free,Organic,26,0.0,1373,11.0,0,46.2,0.238,0,0,,2025-12-31,173.92000000000002,28,2025-08-10,2022-07-30,6.21,0,0.0,0,143.0,0,56.6
C003534,2025-11-16,Enterprise,Europe,Starter,Referral,433,30.53,45,11.0,0,62.6,0.513,1,0,,2025-12-31,40.33,1,2025-11-23,2025-11-23,40.33,0,0.0,0,38.0,1,64.5
C003535,2022-05-06,Startup,APAC,Starter,Partner,6,32.48,1335,20.0,1,65.5,0.769,0,0,,2025-12-31,1143.81,36,2025-09-13,2022-06-03,31.77,2,110.0,0,109.0,1,81.0
C003536,2022-04-16,Startup,LATAM,Business,Organic,6,184.4,1355,16.0,1,19.4,0.392,1,0,,2025-12-31,4461.71,23,2025-12-27,2022-04-25,193.99,1,60.4,0,4.0,1,59.5
C003537,2022-02-13,Startup,Europe,Starter,Partner,5,30.0,1417,14.0,0,13.4,0.446,0,0,,2025-12-31,896.79,30,2025-12-20,2022-04-26,29.89,0,0.0,0,11.0,1,62.2
C003538,2022-07-09,Mid-Market,Europe,Starter,Referral,23,26.05,1271,12.0,3,61.3,0.768,0,1,2024-04-25,2025-12-31,318.15,12,2024-04-18,2022-09-03,26.51,3,44.6,0,622.0,0,70.4
C003539,2024-01-25,Mid-Market,Europe,Pro,Organic,28,72.88,706,11.0,1,46.4,0.213,0,0,,2025-12-31,1270.86,17,2025-12-16,2024-02-01,74.76,2,26.6,0,15.0,1,54.4
C003540,2025-03-28,SMB,APAC,Free,Paid Search,13,0.0,278,15.0,2,49.7,0.519,0,0,,2025-12-31,34.12,7,2025-12-31,2025-07-03,4.87,2,142.6,0,0.0,0,65.9
C003541,2024-11-16,SMB,LATAM,Enterprise,Paid Search,15,2427.28,410,23.0,2,18.5,0.333,1,0,,2025-12-31,18191.74,8,2025-12-23,2024-11-30,2273.97,3,8.9,0,8.0,1,62.4
C003542,2024-04-09,Enterprise,North America,Pro,Paid Search,119,68.16,631,27.0,1,51.0,0.35,1,0,,2025-12-31,1026.34,16,2025-12-22,2024-08-31,64.15,2,54.2,0,9.0,1,71.2
C003543,2022-05-02,SMB,APAC,Starter,Referral,3,28.7,1339,1.0,3,7.6,0.541,0,0,,2025-12-31,652.94,23,2025-10-31,2022-09-15,28.39,3,20.6,0,61.0,1,48.4
C003544,2025-01-12,Startup,North America,Starter,Organic,4,32.49,353,6.0,1,41.2,0.252,0,0,,2025-12-31,221.86,8,2025-12-30,2025-03-02,27.73,1,117.5,0,1.0,1,50.5
C003545,2022-02-23,SMB,Europe,Business,Referral,24,177.49,1407,19.0,1,37.8,0.403,0,0,,2025-12-31,4613.71,26,2025-10-02,2022-05-30,177.45,1,7.2,0,90.0,1,66.3
C003546,2024-06-21,Mid-Market,APAC,Pro,Referral,66,81.15,558,4.0,0,38.0,0.324,0,0,,2025-12-31,716.38,9,2025-11-07,2024-08-23,79.6,1,58.5,0,54.0,1,52.1
C003547,2023-08-09,Mid-Market,APAC,Pro,Paid Search,34,68.14,875,17.0,0,54.5,0.763,0,0,,2025-12-31,1299.45,19,2025-12-31,2023-10-25,68.39,0,0.0,0,0.0,1,78.5
C003548,2025-06-15,Enterprise,Europe,Starter,Paid Search,221,29.44,199,11.0,1,9.5,0.471,0,0,,2025-12-31,156.58,5,2025-12-07,2025-06-26,31.32,1,0.0,0,24.0,1,58.4
C003549,2023-03-16,Mid-Market,North America,Enterprise,Organic,75,13038.34,1021,5.0,2,51.9,0.31,1,0,,2025-12-31,241651.83000000002,17,2025-11-13,2023-04-27,14214.81,2,26.2,0,48.0,1,49.0
C003550,2024-07-02,SMB,North America,Business,Organic,17,180.78,547,14.0,0,35.5,0.115,0,0,,2025-12-31,1917.15,10,2025-12-23,2024-08-18,191.72,0,0.0,0,8.0,1,54.5
C003551,2023-09-22,SMB,North America,Pro,Paid Search,8,76.23,831,14.0,3,15.2,0.514,0,0,,2025-12-31,1114.1,15,2025-12-16,2023-12-21,74.27,3,87.8,0,15.0,1,59.9
C003552,2024-01-17,SMB,North America,Starter,Organic,16,28.27,714,19.0,3,2.0,0.341,0,1,2025-01-25,2025-12-31,318.38,11,2024-12-27,2024-01-26,28.94,4,42.2,0,369.0,0,57.9
C003553,2025-09-04,Startup,APAC,Enterprise,Referral,2,354.36,118,23.0,0,82.2,0.422,0,0,,2025-12-31,975.1600000000001,3,2025-12-20,2025-09-06,325.05,0,0.0,0,11.0,1,76.4
C003554,2024-10-16,Mid-Market,Europe,Pro,Partner,62,68.15,441,26.0,2,33.3,0.63,0,0,,2025-12-31,669.4,10,2025-12-12,2024-11-21,66.94,2,88.4,0,19.0,1,77.4
C003555,2023-08-16,Enterprise,North America,Starter,Organic,398,27.41,868,12.0,0,26.1,0.575,0,0,,2025-12-31,723.03,26,2025-12-14,2023-10-21,27.81,1,16.0,0,17.0,1,65.6
C003556,2023-10-02,Enterprise,APAC,Enterprise,Paid Search,138,19388.23,821,19.0,2,6.4,0.639,0,0,,2025-12-31,337954.09,18,2025-11-25,2023-10-05,18775.23,3,65.2,0,36.0,1,68.8
C003557,2024-10-04,Mid-Market,North America,Business,Referral,49,208.5,453,22.0,2,62.2,0.687,0,0,,2025-12-31,1123.14,6,2025-11-04,2024-11-22,187.19,2,102.5,0,57.0,1,78.5
C003558,2023-05-10,SMB,North America,Business,Organic,19,199.78,966,27.0,0,60.3,0.43,1,0,,2025-12-31,3758.9,20,2025-11-28,2023-08-27,187.94,0,0.0,0,33.0,1,76.0
C003559,2022-08-29,Startup,LATAM,Business,Referral,5,200.99,1220,18.0,0,55.5,0.23,1,0,,2025-12-31,5706.59,30,2025-11-16,2022-10-12,190.22,0,0.0,0,45.0,1,61.5
C003560,2023-10-31,Startup,North America,Starter,Organic,7,26.17,792,6.0,4,33.5,0.172,0,1,2025-08-07,2025-12-31,316.07,13,2025-08-07,2024-07-27,24.31,4,26.6,0,146.0,0,42.9
C003561,2022-04-08,SMB,Europe,Pro,Sales,19,75.93,1363,9.0,1,53.8,0.447,1,0,,2025-12-31,1852.79,24,2025-11-22,2022-04-09,77.2,1,0.0,0,39.0,1,58.3
C003562,2022-08-31,SMB,Europe,Starter,Paid Search,3,32.26,1218,5.0,1,14.4,0.539,0,0,,2025-12-31,619.67,19,2025-11-01,2022-09-06,32.61,1,65.9,0,60.0,1,55.6
C003563,2023-08-25,Mid-Market,North America,Pro,Paid Search,42,81.8,859,5.0,0,40.4,0.358,1,0,,2025-12-31,1411.83,17,2025-12-08,2023-09-05,83.05,0,0.0,0,23.0,1,52.2
C003564,2025-02-13,SMB,North America,Starter,Partner,24,32.15,321,8.0,1,33.6,0.576,1,1,2025-06-18,2025-12-31,93.2,3,2025-04-01,2025-02-18,31.07,1,30.8,0,274.0,0,59.3
C003565,2025-01-22,Mid-Market,North America,Starter,Paid Search,24,30.13,343,13.0,0,41.7,0.26,0,0,,2025-12-31,337.87,10,2025-10-14,2025-03-04,33.79,3,89.4,0,78.0,1,58.6
C003566,2023-01-08,Startup,North America,Enterprise,Referral,6,980.11,1088,22.0,1,-10.3,0.207,0,0,,2025-12-31,19604.82,18,2025-09-13,2023-01-08,1089.16,1,58.9,0,109.0,1,58.3
C003567,2023-08-27,SMB,APAC,Starter,Organic,3,32.47,857,8.0,1,81.7,0.136,0,0,,2025-12-31,523.49,15,2025-12-02,2023-10-16,34.9,1,26.5,0,29.0,1,52.9
C003568,2022-08-08,Mid-Market,Europe,Business,Organic,77,199.05,1241,5.0,2,75.5,0.202,0,0,,2025-12-31,5278.32,26,2025-11-09,2022-08-23,203.01,3,8.6,0,52.0,1,50.1
C003569,2024-12-15,Mid-Market,Europe,Starter,Organic,64,30.9,381,3.0,0,6.2,0.45,1,0,,2025-12-31,96.39,3,2025-11-04,2025-07-29,32.13,1,21.6,0,57.0,1,49.8
C003570,2022-12-19,Mid-Market,North America,Free,Partner,23,0.0,1108,5.0,1,49.4,0.269,0,1,2025-12-14,2025-12-31,88.6,21,2025-11-24,2023-02-12,4.22,1,120.5,0,37.0,0,51.0
C003571,2025-02-17,Startup,LATAM,Free,Sales,4,0.0,317,12.0,0,-2.2,0.453,0,1,2025-08-09,2025-12-31,63.68,6,2025-07-14,2025-03-25,10.61,0,0.0,0,170.0,0,59.1
C003572,2025-04-19,Enterprise,North America,Starter,Organic,210,28.61,256,11.0,0,37.1,0.605,0,0,,2025-12-31,152.59,6,2025-12-16,2025-05-20,25.43,1,9.4,0,15.0,1,66.7
C003573,2024-09-12,Enterprise,APAC,Pro,Referral,105,75.29,475,11.0,2,-19.9,0.554,0,0,,2025-12-31,1070.87,15,2025-11-21,2024-09-24,71.39,2,28.0,0,40.0,1,56.5
C003574,2023-04-18,Mid-Market,North America,Starter,Referral,63,26.68,988,8.0,0,27.7,0.218,0,1,2025-11-20,2025-12-31,774.25,27,2025-09-09,2023-05-01,28.68,0,0.0,0,113.0,0,51.5
C003575,2025-09-24,Startup,LATAM,Pro,Organic,7,74.97,98,12.0,1,22.8,0.179,0,0,,2025-12-31,232.61,3,2025-12-23,2025-11-18,77.54,3,29.9,0,8.0,1,51.9
C003576,2024-09-08,SMB,North America,Pro,Organic,19,83.35,479,18.0,1,63.9,0.417,1,0,,2025-12-31,520.08,7,2025-12-28,2024-11-04,74.3,1,5.6,0,3.0,1,66.5
C003577,2024-07-12,SMB,North America,Free,Paid Search,11,0.0,537,1.0,3,76.7,0.487,0,0,,2025-12-31,70.07000000000001,14,2025-09-18,2024-09-01,5.01,5,19.6,1,104.0,0,53.7
C003578,2025-05-09,Mid-Market,Europe,Starter,Organic,51,25.67,236,24.0,4,77.3,0.413,0,1,2025-08-05,2025-12-31,90.55,3,2025-06-05,2025-05-12,30.18,5,66.0,0,209.0,0,70.5
C003579,2025-06-14,Enterprise,North America,Free,Referral,212,0.0,200,8.0,2,64.0,0.636,0,0,,2025-12-31,21.47,2,2025-12-17,2025-07-23,10.74,3,28.5,1,14.0,0,64.6
C003580,2022-04-22,Startup,APAC,Free,Paid Search,4,0.0,1349,3.0,4,37.1,0.393,0,0,,2025-12-31,137.1,31,2025-10-12,2022-04-29,4.42,4,46.9,0,80.0,0,47.2
C003581,2025-06-14,Mid-Market,Europe,Starter,Paid Search,74,26.59,200,4.0,0,44.7,0.696,1,0,,2025-12-31,146.49,6,2025-10-23,2025-08-21,24.42,1,0.0,0,69.0,1,61.9
C003582,2024-12-29,Enterprise,APAC,Pro,Referral,347,69.21,367,15.0,0,44.6,0.703,1,0,,2025-12-31,900.03,13,2025-12-21,2025-01-25,69.23,0,0.0,0,10.0,1,71.9
C003583,2022-10-23,SMB,North America,Pro,Organic,4,88.22,1165,14.0,1,5.5,0.454,1,0,,2025-12-31,2215.51,26,2025-12-31,2022-11-08,85.21,1,14.4,0,0.0,1,58.2
C003584,2023-03-16,Enterprise,APAC,Business,Referral,277,190.81,1021,2.0,2,63.6,0.572,1,0,,2025-12-31,4492.6,22,2025-10-30,2023-04-27,204.21,2,71.4,0,62.0,1,55.3
C003585,2024-12-12,Enterprise,North America,Business,Partner,226,182.89,384,13.0,3,52.3,0.374,0,0,,2025-12-31,1721.23,9,2025-12-15,2024-12-19,191.25,5,59.2,0,16.0,1,58.6
C003586,2022-11-06,Startup,LATAM,Pro,Paid Search,6,73.83,1151,6.0,1,53.4,0.581,1,0,,2025-12-31,1761.28,24,2025-11-30,2022-12-13,73.39,1,0.0,0,31.0,1,59.6
C003587,2023-10-09,SMB,APAC,Starter,Paid Search,6,26.98,814,25.0,3,-22.0,0.629,0,0,,2025-12-31,632.9,25,2025-12-31,2023-10-25,25.32,3,17.0,0,0.0,1,69.5
C003588,2024-09-12,Mid-Market,Europe,Free,Organic,51,0.0,475,8.0,2,46.3,0.479,1,1,2025-03-28,2025-12-31,37.52,5,2024-12-05,2024-09-16,7.5,3,13.8,0,391.0,0,56.1
C003589,2024-07-19,Mid-Market,APAC,Pro,Sales,32,82.43,530,27.0,4,60.1,0.443,0,0,,2025-12-31,1001.85,11,2025-11-30,2024-11-28,91.08,4,48.3,0,31.0,1,72.4
C003590,2025-07-25,SMB,Europe,Starter,Paid Search,21,27.67,159,16.0,1,34.6,0.235,0,0,,2025-12-31,113.77,4,2025-10-03,2025-09-01,28.44,1,19.3,0,89.0,1,58.3
C003591,2022-06-09,Enterprise,Europe,Starter,Sales,480,27.53,1301,27.0,2,22.5,0.326,0,0,,2025-12-31,537.8,21,2025-10-13,2022-10-07,25.61,2,12.9,0,79.0,1,68.1
C003592,2023-02-26,Enterprise,North America,Enterprise,Sales,171,31070.98,1039,15.0,1,0.9,0.604,0,0,,2025-12-31,969826.19,31,2025-08-11,2023-03-05,31284.72,1,105.9,0,142.0,1,65.1
C003593,2025-11-09,SMB,Europe,Starter,Paid Search,18,30.25,52,3.0,2,-0.9,0.334,0,0,,2025-12-31,22.47,1,2025-12-07,2025-12-07,22.47,4,21.5,0,24.0,1,44.6
C003594,2024-03-24,SMB,North America,Free,Referral,4,0.0,647,18.0,0,38.9,0.346,1,0,,2025-12-31,49.589999999999996,13,2025-12-12,2024-05-21,3.81,0,0.0,0,19.0,0,63.3
C003595,2022-12-22,Startup,North America,Enterprise,Partner,5,750.59,1105,13.0,2,29.1,0.368,0,0,,2025-12-31,17368.05,23,2025-12-28,2023-01-03,755.13,3,55.1,0,3.0,1,57.6
C003596,2023-02-19,Mid-Market,APAC,Starter,Organic,70,33.27,1046,22.0,0,28.8,0.707,0,0,,2025-12-31,824.62,26,2025-12-13,2023-04-10,31.72,1,17.5,0,18.0,1,78.7
C003597,2023-05-01,Enterprise,North America,Starter,Sales,411,31.14,975,10.0,1,73.2,0.381,0,0,,2025-12-31,711.74,22,2025-12-21,2023-06-26,32.35,1,61.0,0,10.0,1,61.2
C003598,2024-03-03,SMB,Europe,Free,Paid Search,8,0.0,668,5.0,0,3.6,0.566,1,0,,2025-12-31,103.91,17,2025-11-21,2024-03-19,6.11,0,0.0,0,40.0,0,54.8
C003599,2023-02-11,SMB,North America,Starter,Sales,21,32.67,1054,3.0,3,26.4,0.555,0,0,,2025-12-31,381.33,12,2025-11-10,2023-04-11,31.78,3,30.3,0,51.0,1,52.5
C003600,2024-06-08,Mid-Market,Europe,Enterprise,Partner,66,10194.29,571,20.0,1,77.4,0.764,0,0,,2025-12-31,122187.87,12,2025-11-02,2024-10-28,10182.32,2,39.2,0,59.0,1,82.0
C003601,2023-09-29,SMB,APAC,Pro,Organic,10,68.76,824,6.0,2,27.2,0.526,1,0,,2025-12-31,1332.47,20,2025-12-23,2023-10-20,66.62,3,17.7,0,8.0,1,53.9
C003602,2024-05-22,Mid-Market,North America,Pro,Paid Search,67,76.04,588,18.0,0,36.7,0.502,0,0,,2025-12-31,1070.66,13,2025-10-19,2024-07-12,82.36,2,13.6,0,73.0,1,69.8
C003603,2022-08-10,Startup,Europe,Starter,Organic,2,31.7,1239,3.0,0,30.6,0.151,1,0,,2025-12-31,758.89,23,2025-12-14,2022-09-12,33.0,0,0.0,0,17.0,1,43.3
C003604,2024-06-10,Startup,Europe,Starter,Organic,3,28.42,569,2.0,0,52.6,0.533,1,0,,2025-12-31,229.87,8,2025-12-13,2024-06-30,28.73,1,35.6,0,18.0,1,56.0
C003605,2025-08-15,SMB,APAC,Pro,Referral,19,79.49,138,19.0,0,-16.4,0.516,1,0,,2025-12-31,341.67,4,2025-12-10,2025-10-08,85.42,0,0.0,0,21.0,1,63.8
C003606,2022-07-13,Startup,North America,Starter,Organic,6,28.85,1267,9.0,2,29.9,0.538,1,1,2023-08-04,2025-12-31,232.13,8,2023-04-28,2022-09-25,29.02,2,68.4,0,978.0,0,57.2
C003607,2023-04-14,Startup,APAC,Starter,Sales,4,32.96,992,15.0,2,36.4,0.462,0,0,,2025-12-31,734.39,22,2025-12-28,2023-07-12,33.38,3,24.9,0,3.0,1,62.9
C003608,2024-09-18,Mid-Market,Europe,Pro,Paid Search,22,68.19,469,0.0,2,10.0,0.645,0,0,,2025-12-31,459.43,7,2025-12-06,2025-02-05,65.63,2,10.5,0,25.0,1,52.4
C003609,2024-06-01,Mid-Market,Europe,Business,Paid Search,36,185.56,578,5.0,0,43.6,0.209,1,0,,2025-12-31,1641.45,10,2025-11-19,2024-08-18,164.14,1,63.8,0,42.0,1,48.1
C003610,2024-08-22,SMB,North America,Enterprise,Organic,18,3116.72,496,2.0,3,54.7,0.541,1,1,2025-12-06,2025-12-31,29994.88,10,2025-11-28,2024-11-13,2999.49,3,7.0,0,33.0,0,52.0
C003611,2024-03-11,Enterprise,North America,Business,Organic,229,172.73,660,7.0,1,46.3,0.711,0,0,,2025-12-31,1473.68,8,2025-11-12,2024-03-21,184.21,1,49.5,0,49.0,1,65.7
C003612,2024-09-03,Mid-Market,Europe,Pro,Partner,48,75.35,484,7.0,0,79.5,0.311,1,0,,2025-12-31,714.8299999999999,10,2025-10-18,2024-09-25,71.48,0,0.0,0,74.0,1,56.5
C003613,2024-05-21,Mid-Market,North America,Business,Paid Search,72,220.97,589,10.0,1,24.2,0.108,0,0,,2025-12-31,2790.62,12,2025-11-25,2024-08-09,232.55,1,18.3,0,36.0,1,48.1
C003614,2022-04-16,Startup,Europe,Enterprise,Partner,1,140.59,1355,6.0,1,47.5,0.152,0,0,,2025-12-31,3639.91,27,2025-12-11,2022-07-15,134.81,1,6.5,0,20.0,1,48.2
C003615,2024-12-10,SMB,Europe,Free,Partner,19,0.0,386,12.0,2,46.9,0.293,2,0,,2025-12-31,75.97,9,2025-11-08,2024-12-25,8.44,4,32.0,0,53.0,0,52.2
C003616,2023-10-01,SMB,Europe,Starter,Organic,17,27.49,822,25.0,1,29.1,0.404,0,0,,2025-12-31,370.64,14,2025-09-17,2023-11-22,26.47,2,29.9,0,105.0,1,70.9
C003617,2022-03-15,Mid-Market,North America,Starter,Paid Search,67,30.92,1387,2.0,0,63.3,0.564,0,0,,2025-12-31,698.5699999999999,22,2025-12-14,2022-04-20,31.75,0,0.0,0,17.0,1,60.0
C003618,2023-08-08,Mid-Market,North America,Enterprise,Paid Search,15,2302.02,876,25.0,2,42.2,0.182,0,0,,2025-12-31,46470.86,21,2025-10-12,2023-11-20,2212.9,2,68.0,0,80.0,1,64.0
C003619,2023-09-15,Startup,Europe,Enterprise,Organic,2,351.1,838,11.0,0,5.0,0.474,0,0,,2025-12-31,6180.49,17,2025-12-19,2023-09-25,363.56,0,0.0,0,12.0,1,59.5
C003620,2022-05-04,Enterprise,Europe,Business,Referral,420,169.41,1337,16.0,1,53.8,0.414,1,1,2025-01-03,2025-12-31,2400.69,14,2024-07-30,2022-05-14,171.48,1,47.2,0,519.0,0,63.6
C003621,2025-11-25,Enterprise,LATAM,Starter,Organic,477,25.21,36,18.0,3,22.5,0.221,0,0,,2025-12-31,17.03,1,2025-12-30,2025-12-30,17.03,4,31.4,0,1.0,1,55.5
C003622,2022-11-14,Mid-Market,Europe,Enterprise,Organic,42,7397.89,1143,20.0,2,26.9,0.363,2,1,2025-09-05,2025-12-31,94698.88,14,2025-05-26,2023-01-12,6764.21,2,13.2,0,219.0,0,59.4
C003623,2023-04-18,SMB,Europe,Free,Paid Search,11,0.0,988,26.0,1,28.8,0.495,0,0,,2025-12-31,58.68,22,2025-12-28,2023-05-20,2.67,1,32.6,0,3.0,0,74.4
C003624,2023-09-23,Mid-Market,North America,Starter,Paid Search,60,29.03,830,27.0,2,53.4,0.159,0,0,,2025-12-31,549.5,19,2025-08-13,2023-09-29,28.92,4,32.0,0,140.0,1,66.2
C003625,2025-04-05,Enterprise,LATAM,Pro,Sales,195,88.62,270,2.0,3,62.0,0.28,2,0,,2025-12-31,585.79,6,2025-10-19,2025-04-23,97.63,3,21.7,0,73.0,1,42.9
C003626,2024-11-28,Mid-Market,North America,Business,Referral,51,177.15,398,11.0,2,31.0,0.275,1,0,,2025-12-31,1430.04,8,2025-09-07,2024-11-28,178.76,2,29.4,1,115.0,1,51.2
C003627,2025-01-07,Mid-Market,North America,Business,Referral,41,206.63,358,15.0,0,29.6,0.236,2,1,2025-04-25,2025-12-31,1595.4,7,2025-04-07,2025-02-03,227.91,0,0.0,0,268.0,0,54.4
C003628,2022-12-05,Enterprise,North America,Starter,Paid Search,202,31.14,1122,14.0,2,-16.2,0.322,0,1,2023-10-04,2025-12-31,205.07,6,2023-10-01,2023-02-04,34.18,3,34.3,0,822.0,0,52.5
C003629,2025-04-23,SMB,North America,Starter,Paid Search,7,28.66,252,27.0,1,17.3,0.283,0,0,,2025-12-31,160.63,5,2025-12-26,2025-07-31,32.13,2,7.6,1,5.0,1,67.8
C003630,2025-04-01,Enterprise,APAC,Pro,Organic,84,73.04,274,18.0,1,11.3,0.454,0,0,,2025-12-31,765.48,11,2025-12-29,2025-04-01,69.59,1,8.2,0,2.0,1,64.3
C003631,2023-10-26,Mid-Market,North America,Free,Referral,51,0.0,797,11.0,0,42.8,0.307,1,0,,2025-12-31,103.7,18,2025-12-15,2023-12-02,5.76,2,99.4,0,16.0,0,56.3
C003632,2024-02-20,SMB,North America,Business,Paid Search,4,203.32,680,25.0,1,32.3,0.502,1,0,,2025-12-31,2583.41,13,2025-10-25,2024-03-05,198.72,1,0.0,0,67.0,1,72.1
C003633,2022-02-23,SMB,North America,Starter,Paid Search,21,26.28,1407,20.0,1,12.3,0.451,2,0,,2025-12-31,319.13,12,2025-11-12,2022-08-01,26.59,1,42.5,0,49.0,1,62.1
C003634,2024-12-23,Mid-Market,LATAM,Starter,Partner,30,26.77,373,22.0,1,38.8,0.525,0,0,,2025-12-31,121.51999999999998,5,2025-11-23,2025-01-19,24.3,2,55.0,0,38.0,1,72.8
C003635,2025-10-06,Mid-Market,APAC,Starter,Referral,31,27.58,86,17.0,1,33.3,0.156,0,0,,2025-12-31,59.74,2,2025-11-21,2025-10-23,29.87,1,30.8,0,40.0,1,56.7
C003636,2023-11-07,Mid-Market,LATAM,Pro,Paid Search,56,81.03,785,1.0,1,-28.5,0.405,0,0,,2025-12-31,1212.53,16,2025-12-22,2024-03-15,75.78,1,39.9,0,9.0,1,43.7
C003637,2024-02-12,Startup,APAC,Business,Organic,3,222.01,688,27.0,0,62.7,0.073,1,0,,2025-12-31,2815.19,13,2025-11-19,2024-02-24,216.55,1,8.8,0,42.0,1,65.6
C003638,2023-12-15,Mid-Market,LATAM,Starter,Sales,29,31.12,747,19.0,1,60.3,0.626,0,0,,2025-12-31,539.04,17,2025-12-25,2024-02-20,31.71,1,19.9,0,6.0,1,75.3
C003639,2022-04-29,Mid-Market,Europe,Starter,Organic,43,29.48,1342,4.0,2,29.1,0.547,0,0,,2025-12-31,855.12,29,2025-12-17,2022-06-12,29.49,2,19.3,0,14.0,1,54.9
C003640,2024-06-05,SMB,North America,Enterprise,Sales,24,3376.95,574,7.0,1,43.8,0.313,1,0,,2025-12-31,34499.01,11,2025-12-22,2024-06-15,3136.27,1,3.3,1,9.0,1,51.5
C003641,2024-10-28,Mid-Market,North America,Pro,Paid Search,41,71.46,429,9.0,1,26.9,0.608,1,0,,2025-12-31,652.4300000000001,9,2025-12-03,2024-10-30,72.49,1,0.0,0,28.0,1,60.5
C003642,2025-08-19,Mid-Market,North America,Starter,Sales,24,26.99,134,7.0,2,-5.1,0.483,0,0,,2025-12-31,157.09,6,2025-12-16,2025-09-10,26.18,2,18.8,0,15.0,1,52.2
C003643,2025-08-22,Enterprise,APAC,Starter,Sales,349,29.82,131,17.0,1,89.1,0.506,0,0,,2025-12-31,158.91,5,2025-12-30,2025-08-23,31.78,1,0.0,0,1.0,1,72.8
C003644,2023-12-05,SMB,North America,Enterprise,Paid Search,21,3536.05,757,15.0,1,53.7,0.501,2,1,2025-03-31,2025-12-31,37994.08,10,2025-03-07,2024-01-06,3799.41,1,21.7,0,299.0,0,63.3
C003645,2025-10-03,SMB,North America,Pro,Referral,3,74.01,89,5.0,0,58.5,0.744,0,0,,2025-12-31,134.32,2,2025-12-30,2025-12-29,67.16,0,0.0,0,1.0,1,67.6
C003646,2024-01-26,SMB,APAC,Starter,Organic,24,29.52,705,19.0,0,27.9,0.301,0,0,,2025-12-31,459.62,16,2025-10-11,2024-04-04,28.73,1,0.0,0,81.0,1,63.8
C003647,2024-07-07,SMB,North America,Free,Organic,14,0.0,542,8.0,6,63.1,0.636,0,1,2025-12-20,2025-12-31,86.73,10,2025-10-18,2024-08-22,8.67,7,55.7,0,74.0,0,58.5
C003648,2024-05-10,Mid-Market,North America,Starter,Paid Search,48,29.66,600,4.0,0,0.7,0.248,0,0,,2025-12-31,400.86,13,2025-12-22,2024-05-23,30.84,0,0.0,0,9.0,1,46.1
C003649,2025-11-29,Startup,North America,Starter,Partner,6,33.1,32,26.0,1,28.9,0.428,1,0,,2025-12-31,53.230000000000004,2,2025-12-27,2025-12-24,26.62,1,16.6,0,4.0,1,70.4
C003650,2024-11-20,SMB,APAC,Free,Organic,14,0.0,406,8.0,2,53.5,0.531,1,0,,2025-12-31,86.48,14,2025-11-27,2024-11-24,6.18,3,28.4,0,34.0,0,58.4
C003651,2022-06-21,Startup,North America,Starter,Paid Search,5,30.44,1289,6.0,1,19.3,0.104,0,0,,2025-12-31,651.55,21,2025-07-20,2022-07-01,31.03,2,4.8,1,164.0,1,43.9
C003652,2022-04-13,SMB,North America,Free,Sales,5,0.0,1358,20.0,4,57.8,0.78,0,0,,2025-12-31,77.94,23,2025-12-23,2022-05-07,3.39,4,45.9,0,8.0,0,76.0
C003653,2023-08-10,Mid-Market,North America,Starter,Referral,66,25.23,874,21.0,2,42.6,0.518,0,0,,2025-12-31,252.17,11,2025-12-26,2023-10-09,22.92,5,53.4,0,5.0,1,70.6
C003654,2024-01-08,Mid-Market,APAC,Pro,Organic,42,67.23,723,4.0,0,40.2,0.116,0,0,,2025-12-31,801.73,11,2025-11-09,2024-03-01,72.88,1,60.6,0,52.0,1,46.1
C003655,2024-08-14,SMB,North America,Pro,Paid Search,16,74.67,504,1.0,1,17.0,0.508,2,1,2025-04-28,2025-12-31,49.53,1,2024-11-14,2024-11-14,49.53,2,89.4,0,412.0,0,47.3
C003656,2023-11-20,Enterprise,North America,Business,Organic,247,170.92,772,23.0,1,45.1,0.599,0,0,,2025-12-31,2493.12,14,2025-06-09,2023-12-07,178.08,1,0.9,0,205.0,1,76.5
C003657,2024-01-06,SMB,LATAM,Starter,Organic,8,32.18,725,14.0,0,83.3,0.193,0,0,,2025-12-31,662.46,22,2025-10-08,2024-01-06,30.11,0,0.0,0,84.0,1,61.6
C003658,2025-08-11,Enterprise,APAC,Business,Sales,203,199.23,142,12.0,1,39.4,0.919,0,0,,2025-12-31,219.79,1,2025-11-23,2025-11-23,219.79,1,66.7,0,38.0,1,75.7
C003659,2023-04-24,Enterprise,North America,Enterprise,Sales,294,49959.31,982,11.0,0,48.9,0.276,0,0,,2025-12-31,1174017.71,24,2025-12-19,2023-04-25,48917.4,1,11.3,0,12.0,1,58.0
C003660,2023-12-07,Startup,North America,Enterprise,Organic,5,846.32,755,16.0,0,52.6,0.384,0,0,,2025-12-31,10171.23,13,2025-12-28,2024-02-06,782.4,0,0.0,0,3.0,1,66.1
C003661,2024-03-08,SMB,North America,Starter,Organic,9,32.4,663,18.0,1,6.4,0.368,0,1,2025-12-10,2025-12-31,389.19,11,2025-12-08,2024-03-15,35.38,2,3.1,0,23.0,0,61.3
C003662,2023-11-01,SMB,APAC,Starter,Paid Search,21,25.54,791,2.0,1,31.7,0.303,2,0,,2025-12-31,399.69,15,2025-08-08,2023-11-30,26.65,1,78.1,0,145.0,1,43.5
C003663,2025-10-16,Mid-Market,North America,Pro,Paid Search,41,68.18,76,7.0,0,30.9,0.161,0,0,,2025-12-31,153.12,2,2025-12-18,2025-11-18,76.56,0,0.0,0,13.0,1,49.2
C003664,2025-10-07,SMB,LATAM,Free,Organic,21,0.0,85,26.0,3,-18.1,0.043,0,0,,2025-12-31,11.69,2,2025-11-19,2025-11-18,5.84,4,66.1,0,42.0,0,53.2
C003665,2024-01-04,Startup,APAC,Free,Organic,7,0.0,727,4.0,0,54.7,0.247,0,1,2025-10-14,2025-12-31,89.53,15,2025-09-25,2024-02-21,5.97,0,0.0,0,97.0,0,51.5
C003666,2023-10-07,SMB,Europe,Free,Paid Search,24,0.0,816,25.0,1,11.7,0.599,0,0,,2025-12-31,95.33,12,2025-12-10,2023-10-08,7.94,1,4.4,1,21.0,0,75.0
C003667,2024-04-22,SMB,North America,Pro,Organic,21,79.97,618,11.0,1,52.0,0.707,1,0,,2025-12-31,592.4,9,2025-11-14,2024-09-09,65.82,2,34.1,0,47.0,1,67.7
C003668,2022-09-16,SMB,APAC,Business,Referral,3,192.97,1202,5.0,1,16.0,0.124,0,0,,2025-12-31,5468.64,28,2025-10-25,2022-10-27,195.31,2,13.4,0,67.0,1,43.3
C003669,2023-09-02,Mid-Market,APAC,Starter,Referral,25,32.58,851,16.0,1,86.1,0.064,0,0,,2025-12-31,525.4300000000001,16,2025-11-13,2023-09-03,32.84,1,39.5,0,48.0,1,58.3
C003670,2022-11-07,SMB,APAC,Enterprise,Paid Search,21,3554.92,1150,18.0,0,28.0,0.064,1,1,2025-05-23,2025-12-31,76152.27,21,2025-01-10,2022-11-08,3626.3,0,0.0,0,355.0,0,53.8
C003671,2022-07-25,Startup,North America,Business,Paid Search,5,227.71,1255,9.0,1,83.0,0.306,1,0,,2025-12-31,5076.28,22,2025-12-13,2022-11-12,230.74,1,9.2,0,18.0,1,57.0
C003672,2022-05-17,SMB,APAC,Free,Referral,9,0.0,1324,22.0,2,30.7,0.526,0,0,,2025-12-31,132.15,24,2025-12-30,2022-07-31,5.51,2,9.5,0,1.0,0,70.5
C003673,2024-04-19,Mid-Market,APAC,Starter,Organic,25,25.88,621,1.0,1,33.7,0.212,1,0,,2025-12-31,111.92,4,2025-11-04,2024-11-01,27.98,2,18.4,0,57.0,1,42.1
C003674,2022-01-01,SMB,LATAM,Free,Sales,7,0.0,1460,3.0,1,74.2,0.554,0,0,,2025-12-31,243.07,36,2025-12-19,2022-02-10,6.75,3,22.6,1,12.0,0,60.2
C003675,2024-07-13,SMB,Europe,Enterprise,Organic,19,3264.67,536,17.0,2,12.1,0.469,0,0,,2025-12-31,28087.239999999998,9,2025-12-06,2024-07-30,3120.8,3,30.8,0,25.0,1,62.5
C003676,2023-09-10,Startup,Europe,Business,Sales,7,194.26,843,16.0,1,36.2,0.345,0,0,,2025-12-31,3361.02,16,2025-12-09,2023-12-06,210.06,3,56.9,1,22.0,1,61.8
C003677,2023-06-09,SMB,Europe,Pro,Organic,8,71.66,936,19.0,1,48.5,0.668,1,0,,2025-12-31,1249.09,16,2025-07-06,2023-08-11,78.07,2,32.6,0,178.0,1,73.4
C003678,2025-01-05,Mid-Market,APAC,Pro,Referral,60,69.0,360,23.0,2,45.1,0.633,0,0,,2025-12-31,681.18,9,2025-12-30,2025-02-03,75.69,3,65.4,0,1.0,1,76.0
C003679,2024-02-10,Mid-Market,LATAM,Starter,Organic,64,30.22,690,26.0,2,36.1,0.314,0,0,,2025-12-31,315.9,11,2025-12-20,2024-06-05,28.72,2,108.3,0,11.0,1,68.2
C003680,2024-11-14,SMB,Europe,Enterprise,Referral,22,3197.81,412,14.0,1,32.6,0.647,2,0,,2025-12-31,18520.9,5,2025-12-31,2025-04-05,3704.18,2,15.6,0,0.0,1,64.7
C003681,2024-10-11,Enterprise,North America,Enterprise,Partner,430,59948.32,446,14.0,0,56.2,0.371,0,0,,2025-12-31,554615.74,9,2025-11-23,2024-11-10,61623.97,0,0.0,0,38.0,1,64.2
C003682,2022-02-15,SMB,North America,Business,Organic,22,207.18,1415,25.0,0,39.4,0.388,0,0,,2025-12-31,6049.83,30,2025-03-31,2022-04-15,201.66,0,0.0,0,275.0,1,72.9
C003683,2022-11-05,Startup,Europe,Pro,Referral,5,81.94,1152,26.0,2,59.2,0.573,1,0,,2025-12-31,1682.5,21,2025-11-16,2022-11-21,80.12,3,41.5,0,45.0,1,76.3
C003684,2024-03-26,SMB,APAC,Free,Organic,15,0.0,645,1.0,1,44.8,0.497,1,1,2025-11-25,2025-12-31,53.870000000000005,10,2025-08-27,2024-06-11,5.39,1,165.3,0,126.0,0,51.8
C003685,2025-10-27,Mid-Market,North America,Free,Paid Search,68,0.0,65,14.0,0,51.3,0.258,0,1,2025-12-12,2025-12-31,0.0,1,2025-11-13,2025-11-13,0.0,3,63.9,0,48.0,0,60.4
C003686,2022-08-09,SMB,North America,Free,Paid Search,12,0.0,1240,25.0,1,63.3,0.508,1,0,,2025-12-31,191.78,36,2025-12-18,2022-10-28,5.33,1,27.8,0,13.0,0,75.4
C003687,2022-05-31,SMB,LATAM,Pro,Referral,23,79.41,1310,1.0,0,27.2,0.344,0,0,,2025-12-31,1877.37,23,2025-08-28,2022-06-02,81.62,0,0.0,0,125.0,1,48.9
C003688,2025-09-07,Mid-Market,Europe,Business,Referral,41,226.1,115,27.0,0,62.7,0.492,2,0,,2025-12-31,324.81,2,2025-12-20,2025-10-01,162.4,0,0.0,0,11.0,1,76.1
C003689,2025-10-14,SMB,North America,Enterprise,Paid Search,17,2528.55,78,20.0,1,31.1,0.577,0,0,,2025-12-31,11037.8,4,2025-11-21,2025-10-28,2759.45,1,36.5,0,40.0,1,71.8
C003690,2022-08-28,SMB,North America,Starter,Referral,18,25.74,1221,4.0,1,-0.0,0.109,0,0,,2025-12-31,758.83,29,2025-12-30,2022-10-18,26.17,1,16.1,0,1.0,1,40.3
C003691,2023-07-29,Startup,Europe,Starter,Sales,4,27.99,886,17.0,1,26.8,0.611,0,0,,2025-12-31,345.32,13,2025-12-29,2024-03-12,26.56,2,22.5,0,2.0,1,69.7
C003692,2024-06-15,Mid-Market,North America,Free,Partner,15,0.0,564,12.0,0,16.9,0.459,0,0,,2025-12-31,28.009999999999998,7,2025-10-13,2024-06-25,4.0,1,0.0,0,79.0,0,61.2
C003693,2022-10-07,Mid-Market,Europe,Enterprise,Paid Search,29,5058.34,1181,9.0,1,44.4,0.302,0,0,,2025-12-31,113380.65,23,2025-12-25,2022-11-13,4929.59,2,11.0,0,6.0,1,55.0
C003694,2023-04-12,SMB,Europe,Business,Paid Search,12,198.23,994,17.0,2,27.9,0.043,1,0,,2025-12-31,6363.9,33,2025-12-30,2023-04-28,192.85,2,25.0,0,1.0,1,49.3
C003695,2023-07-20,Enterprise,Europe,Pro,Organic,275,82.76,895,20.0,0,38.2,0.051,0,0,,2025-12-31,1041.75,13,2025-12-28,2023-12-19,80.13,1,0.0,0,3.0,1,58.2
C003696,2024-07-06,SMB,Europe,Pro,Paid Search,12,81.36,543,25.0,1,60.4,0.783,0,0,,2025-12-31,1066.7,13,2025-12-01,2024-09-28,82.05,1,15.2,0,30.0,1,85.4
C003697,2023-03-17,SMB,North America,Pro,Organic,17,77.87,1020,11.0,2,72.1,0.24,0,0,,2025-12-31,1168.91,15,2025-10-08,2023-05-02,77.93,3,80.6,0,84.0,1,56.2
C003698,2023-08-13,Mid-Market,North America,Starter,Referral,74,31.6,871,4.0,0,42.3,0.515,1,0,,2025-12-31,741.55,24,2025-12-27,2023-10-09,30.9,0,0.0,0,4.0,1,56.3
C003699,2023-02-19,SMB,North America,Starter,Partner,19,25.68,1046,24.0,0,62.1,0.704,0,0,,2025-12-31,525.11,21,2025-10-27,2023-09-25,25.01,0,0.0,0,65.0,1,83.8
C003700,2024-12-22,Startup,North America,Starter,Partner,1,31.2,374,9.0,0,30.6,0.744,1,0,,2025-12-31,338.52,11,2025-12-20,2025-01-03,30.77,0,0.0,0,11.0,1,66.4
C003701,2022-08-07,SMB,APAC,Starter,Organic,17,30.1,1242,21.0,0,-4.1,0.749,0,0,,2025-12-31,882.93,30,2025-12-12,2022-10-11,29.43,1,29.7,0,19.0,1,75.8
C003702,2022-11-26,SMB,North America,Pro,Organic,14,89.56,1131,22.0,0,5.5,0.647,0,0,,2025-12-31,1596.62,17,2025-11-26,2022-12-25,93.92,1,65.0,0,35.0,1,74.6
C003703,2022-12-24,SMB,Europe,Starter,Referral,16,27.17,1103,1.0,1,30.1,0.237,0,0,,2025-12-31,537.39,19,2025-12-24,2023-01-07,28.28,1,6.1,0,7.0,1,44.5
C003704,2025-07-19,Mid-Market,North America,Pro,Paid Search,49,71.21,165,11.0,0,54.9,0.175,0,0,,2025-12-31,378.25,5,2025-09-13,2025-08-11,75.65,0,0.0,0,109.0,1,55.6
C003705,2025-09-12,Mid-Market,North America,Pro,Sales,77,74.03,110,2.0,0,30.2,0.247,0,0,,2025-12-31,98.57,1,2025-10-11,2025-10-11,98.57,0,0.0,0,81.0,1,47.2
C003706,2023-12-17,SMB,North America,Pro,Paid Search,16,72.89,745,16.0,1,64.6,0.14,0,0,,2025-12-31,663.05,10,2025-09-05,2024-05-15,66.3,2,11.7,0,117.0,1,58.4
C003707,2022-08-12,Mid-Market,Europe,Enterprise,Organic,21,3719.98,1237,22.0,0,80.8,0.092,0,0,,2025-12-31,87747.86,22,2025-12-28,2022-09-30,3988.54,0,0.0,0,3.0,1,65.5
C003708,2024-12-17,Mid-Market,Europe,Starter,Partner,45,30.24,379,15.0,1,12.8,0.674,0,0,,2025-12-31,392.84000000000003,12,2025-11-07,2024-12-23,32.74,1,1.3,1,54.0,1,68.4
C003709,2023-12-05,Enterprise,APAC,Pro,Referral,214,79.18,757,9.0,0,88.1,0.188,0,0,,2025-12-31,1545.99,20,2025-08-26,2023-12-09,77.3,0,0.0,0,127.0,1,57.5
C003710,2025-04-30,Startup,North America,Free,Organic,4,0.0,245,27.0,0,-5.9,0.164,0,1,2025-10-22,2025-12-31,0.0,5,2025-08-24,2025-05-22,0.0,0,0.0,0,129.0,0,63.4
C003711,2023-05-30,Enterprise,Europe,Business,Partner,311,172.83,946,2.0,3,81.2,0.651,0,0,,2025-12-31,4092.94,22,2025-12-10,2023-06-12,186.04,4,94.6,0,21.0,1,59.9
C003712,2025-11-29,SMB,APAC,Pro,Organic,24,76.12,32,3.0,1,34.2,0.332,0,0,,2025-12-31,225.85,3,2025-12-27,2025-12-09,75.28,1,20.9,0,4.0,1,49.6
C003713,2025-02-28,Mid-Market,North America,Starter,Organic,17,27.67,306,10.0,1,29.2,0.694,1,0,,2025-12-31,260.65,9,2025-11-06,2025-03-10,28.96,1,101.2,0,55.0,1,64.2
C003714,2022-11-17,SMB,North America,Free,Organic,24,0.0,1140,26.0,1,34.8,0.548,0,0,,2025-12-31,54.519999999999996,19,2025-07-14,2022-12-03,2.87,2,0.0,1,170.0,0,76.6
C003715,2024-11-03,Mid-Market,North America,Pro,Partner,56,74.87,423,25.0,0,15.0,0.57,2,0,,2025-12-31,948.37,13,2025-12-13,2024-11-08,72.95,1,38.2,0,18.0,1,71.9
C003716,2023-02-15,Mid-Market,North America,Pro,Referral,19,74.28,1050,15.0,0,72.5,0.295,0,0,,2025-12-31,1019.96,14,2025-11-13,2023-03-16,72.85,0,0.0,0,48.0,1,64.5
C003717,2023-05-16,SMB,APAC,Pro,Organic,14,89.43,960,26.0,1,17.7,0.372,0,0,,2025-12-31,2186.14,23,2025-12-26,2023-05-20,95.05,1,27.2,0,5.0,1,69.6
C003718,2022-12-25,SMB,North America,Starter,Referral,23,31.84,1102,25.0,2,20.9,0.526,0,0,,2025-12-31,734.13,22,2025-11-01,2023-01-26,33.37,5,61.5,0,60.0,1,72.2
C003719,2024-09-02,Mid-Market,Europe,Pro,Referral,40,84.66,485,16.0,2,0.5,0.51,0,0,,2025-12-31,561.48,7,2025-12-20,2024-10-30,80.21,2,211.8,0,11.0,1,61.6
C003720,2023-01-11,SMB,APAC,Pro,Paid Search,8,68.47,1085,3.0,2,16.7,0.165,0,1,2025-12-23,2025-12-31,2135.41,30,2025-12-23,2023-02-08,71.18,3,39.2,0,8.0,0,41.3
C003721,2024-07-02,SMB,North America,Starter,Organic,16,26.81,547,25.0,3,17.5,0.588,1,0,,2025-12-31,118.51,5,2025-12-14,2024-07-10,23.7,3,63.2,0,17.0,1,70.2
C003722,2024-04-12,Mid-Market,Europe,Pro,Organic,50,71.84,628,17.0,1,15.8,0.429,0,0,,2025-12-31,1042.22,14,2025-11-14,2024-04-23,74.44,1,37.5,0,47.0,1,63.1
C003723,2024-12-09,SMB,North America,Pro,Organic,11,87.28,387,3.0,2,30.6,0.931,1,0,,2025-12-31,980.74,10,2025-12-14,2025-01-16,98.07,2,42.6,0,17.0,1,63.7
C003724,2025-11-21,Mid-Market,Europe,Business,Sales,37,224.96,40,23.0,3,7.1,0.451,1,1,2025-12-12,2025-12-31,251.82,1,2025-12-08,2025-12-08,251.82,5,36.1,0,23.0,0,63.3
C003725,2022-01-13,SMB,North America,Starter,Referral,15,30.54,1448,11.0,0,74.9,0.265,0,0,,2025-12-31,961.48,31,2025-10-26,2022-02-01,31.02,0,0.0,0,66.0,1,60.3
C003726,2025-11-17,Enterprise,North America,Starter,Organic,183,32.09,44,22.0,2,31.2,0.19,0,1,2025-12-04,2025-12-31,31.68,1,2025-12-02,2025-12-02,31.68,2,17.1,1,29.0,0,60.5
C003727,2022-06-06,SMB,North America,Enterprise,Paid Search,6,952.74,1304,7.0,0,44.4,0.7,2,0,,2025-12-31,21454.5,22,2025-08-05,2022-07-21,975.2,1,39.2,0,148.0,1,62.7
C003728,2024-01-24,Mid-Market,APAC,Business,Organic,66,177.24,707,0.0,1,56.5,0.586,1,1,2025-04-26,2025-12-31,2352.65,13,2025-04-12,2024-02-16,180.97,2,9.4,0,263.0,0,54.7
C003729,2023-05-03,SMB,Europe,Starter,Organic,8,31.08,973,12.0,2,85.6,0.75,0,0,,2025-12-31,562.78,20,2025-11-22,2023-06-17,28.14,2,33.3,0,39.0,1,73.8
C003730,2024-07-02,SMB,APAC,Enterprise,Paid Search,5,890.83,547,12.0,2,57.7,0.27,0,0,,2025-12-31,15699.89,17,2025-12-21,2024-09-15,923.52,4,29.4,0,10.0,1,56.6
C003731,2024-10-29,Startup,North America,Free,Organic,7,0.0,428,24.0,1,28.8,0.701,0,0,,2025-12-31,40.34,8,2025-07-28,2024-11-05,5.04,1,30.2,0,156.0,0,78.8
C003732,2025-05-14,SMB,LATAM,Business,Organic,13,181.4,231,3.0,3,8.2,0.265,0,1,2025-11-22,2025-12-31,575.32,3,2025-08-02,2025-05-18,191.77,3,31.1,0,151.0,0,41.9
C003733,2023-07-29,Startup,North America,Starter,Paid Search,5,33.0,886,25.0,2,43.5,0.488,1,1,2024-07-01,2025-12-31,315.08,10,2024-05-11,2023-08-10,31.51,2,19.2,1,599.0,0,71.3
C003734,2025-08-27,Mid-Market,APAC,Starter,Paid Search,41,28.49,126,4.0,0,61.6,0.216,0,0,,2025-12-31,100.34,3,2025-12-02,2025-09-03,33.45,0,0.0,0,29.0,1,51.2
C003735,2023-04-07,Mid-Market,APAC,Enterprise,Paid Search,55,8773.51,999,26.0,0,38.5,0.462,0,0,,2025-12-31,133696.56,14,2025-11-20,2023-06-16,9549.75,0,0.0,0,41.0,1,75.9
C003736,2022-10-19,Enterprise,Europe,Free,Paid Search,425,0.0,1169,19.0,3,36.6,0.437,0,0,,2025-12-31,160.1,24,2025-12-23,2022-11-21,6.67,4,5.8,0,8.0,0,64.2
C003737,2023-06-27,SMB,Europe,Business,Paid Search,13,182.58,918,10.0,1,40.3,0.969,0,0,,2025-12-31,2948.29,16,2025-10-01,2023-07-12,184.27,1,11.3,0,91.0,1,75.5
C003738,2024-01-26,SMB,APAC,Pro,Paid Search,9,78.79,705,26.0,2,-11.7,0.418,1,0,,2025-12-31,819.16,10,2025-09-11,2024-05-02,81.92,2,19.3,0,111.0,1,64.6
C003739,2024-08-13,Startup,APAC,Free,Paid Search,3,0.0,505,10.0,0,38.7,0.261,0,0,,2025-12-31,57.06,14,2025-12-13,2024-09-09,4.08,1,0.0,0,18.0,0,55.6
C003740,2025-04-05,SMB,North America,Enterprise,Sales,14,2529.44,270,17.0,0,53.3,0.494,0,0,,2025-12-31,21431.61,9,2025-12-25,2025-04-12,2381.29,0,0.0,0,6.0,1,70.3
C003741,2022-11-18,SMB,APAC,Pro,Organic,16,89.91,1139,0.0,1,33.9,0.473,0,0,,2025-12-31,1969.17,22,2025-11-01,2023-01-19,89.51,2,24.8,0,60.0,1,51.1
C003742,2023-03-10,Mid-Market,North America,Business,Partner,57,182.5,1027,2.0,0,63.1,0.538,0,0,,2025-12-31,4101.87,22,2025-12-17,2023-04-17,186.45,0,0.0,0,14.0,1,59.2
C003743,2025-09-04,Enterprise,Europe,Business,Organic,301,177.41,118,9.0,3,63.9,0.677,0,1,2025-12-23,2025-12-31,675.6099999999999,4,2025-12-17,2025-09-11,168.9,3,12.7,0,14.0,0,65.2
C003744,2023-09-21,SMB,Europe,Free,Paid Search,15,0.0,832,6.0,0,22.4,0.211,0,0,,2025-12-31,46.44,16,2025-11-19,2023-10-01,2.9,1,0.0,0,42.0,0,48.9
C003745,2022-12-12,Mid-Market,APAC,Starter,Paid Search,67,27.33,1115,6.0,0,46.0,0.073,0,0,,2025-12-31,667.15,24,2025-09-17,2022-12-20,27.8,1,5.9,1,105.0,1,47.1
C003746,2025-11-10,Enterprise,Europe,Starter,Referral,484,29.35,51,10.0,2,36.1,0.414,0,1,2025-12-27,2025-12-31,23.8,1,2025-12-22,2025-12-22,23.8,2,25.2,0,9.0,0,57.0
C003747,2023-10-05,Startup,North America,Pro,Sales,5,77.86,818,17.0,3,-15.7,0.715,0,0,,2025-12-31,1027.3600000000001,14,2025-12-17,2023-12-23,73.38,3,20.0,0,14.0,1,65.6
C003748,2025-11-09,Startup,Europe,Free,Paid Search,3,0.0,52,3.0,1,30.3,0.37,0,1,2025-12-11,2025-12-31,14.67,1,2025-11-28,2025-11-28,14.67,1,20.1,0,33.0,0,50.3
C003749,2025-08-07,SMB,North America,Starter,Organic,10,25.08,146,21.0,0,9.2,0.284,0,0,,2025-12-31,21.66,1,2025-12-23,2025-12-23,21.66,1,2.2,1,8.0,1,63.2
C003750,2025-07-19,Mid-Market,Europe,Business,Referral,43,212.71,165,23.0,2,38.3,0.269,0,0,,2025-12-31,833.34,4,2025-12-13,2025-10-25,208.34,2,88.2,0,18.0,1,64.4
C003751,2024-04-12,Startup,Europe,Starter,Organic,3,31.81,628,23.0,2,52.1,0.703,1,0,,2025-12-31,391.23,13,2025-11-17,2024-08-12,30.09,3,53.2,1,44.0,1,76.8
C003752,2025-02-15,Mid-Market,APAC,Pro,Paid Search,15,85.8,319,5.0,2,29.6,0.447,1,1,2025-12-09,2025-12-31,373.26,5,2025-10-27,2025-02-15,74.65,2,72.5,0,65.0,0,50.8
C003753,2025-10-05,SMB,North America,Pro,Referral,21,67.26,87,24.0,1,12.5,0.559,0,0,,2025-12-31,253.92000000000002,4,2025-12-22,2025-10-09,63.48,1,26.1,0,9.0,1,72.9
C003754,2023-01-20,Mid-Market,North America,Free,Paid Search,18,0.0,1076,3.0,1,40.8,0.438,0,0,,2025-12-31,69.7,18,2025-12-19,2023-02-15,3.87,1,123.9,0,12.0,0,53.4
C003755,2022-02-23,Startup,Europe,Starter,Partner,4,32.78,1407,2.0,0,96.1,0.288,1,0,,2025-12-31,927.95,32,2025-11-18,2022-03-12,29.0,0,0.0,0,43.0,1,53.0
C003756,2023-04-04,Startup,North America,Free,Organic,7,0.0,1002,20.0,1,-19.3,0.2,1,0,,2025-12-31,47.0,14,2025-12-27,2023-05-28,3.36,1,0.0,0,4.0,0,53.4
C003757,2024-06-29,SMB,North America,Pro,Organic,18,90.38,550,21.0,1,40.8,0.403,1,1,2025-03-16,2025-12-31,602.72,7,2025-03-06,2024-10-03,86.1,1,7.0,0,300.0,0,66.4
C003758,2024-02-22,Enterprise,North America,Free,Sales,83,0.0,678,3.0,2,21.4,0.222,1,1,2025-10-05,2025-12-31,71.39,11,2025-09-14,2024-02-25,6.49,3,52.4,0,108.0,0,41.5
C003759,2022-04-26,SMB,Europe,Business,Organic,21,207.28,1345,11.0,1,24.3,0.481,0,0,,2025-12-31,6016.19,27,2025-12-29,2022-05-20,222.82,1,57.9,0,2.0,1,60.2
C003760,2024-03-12,Mid-Market,North America,Business,Paid Search,33,221.4,659,11.0,3,32.4,0.539,0,0,,2025-12-31,2599.42,14,2025-12-26,2024-08-19,185.67,3,15.4,0,5.0,1,59.7
C003761,2022-09-07,Startup,Europe,Free,Paid Search,7,0.0,1211,20.0,2,26.4,0.512,0,0,,2025-12-31,96.89,23,2025-12-26,2022-11-11,4.21,2,87.1,0,5.0,0,67.9
C003762,2023-12-24,Mid-Market,APAC,Business,Paid Search,41,203.68,738,14.0,1,50.0,0.391,0,0,,2025-12-31,2999.06,14,2025-12-10,2024-01-09,214.22,1,32.0,0,21.0,1,62.7
C003763,2024-04-03,Enterprise,Europe,Enterprise,Organic,262,37277.36,637,16.0,3,29.0,0.391,1,0,,2025-12-31,421224.73,12,2025-12-29,2024-05-05,35102.06,3,19.0,1,2.0,1,57.4
C003764,2024-06-29,SMB,North America,Free,Organic,17,0.0,550,2.0,1,-19.0,0.308,0,1,2025-05-16,2025-12-31,48.93,7,2025-04-16,2024-09-15,6.99,1,1.4,0,259.0,0,42.6
C003765,2023-08-13,SMB,North America,Enterprise,Paid Search,14,2361.57,871,27.0,1,67.0,0.358,0,0,,2025-12-31,35691.87,15,2025-11-26,2023-10-19,2379.46,1,0.0,0,35.0,1,75.0
C003766,2023-08-07,Startup,North America,Starter,Paid Search,1,30.19,877,15.0,1,63.2,0.628,0,0,,2025-12-31,454.59000000000003,16,2025-10-10,2023-10-25,28.41,1,0.0,0,82.0,1,72.1
C003767,2024-08-28,Enterprise,Europe,Pro,Referral,115,77.05,490,18.0,0,19.8,0.532,2,0,,2025-12-31,522.66,8,2025-11-10,2024-12-30,65.33,3,42.9,0,51.0,1,65.0
C003768,2024-12-07,Startup,APAC,Starter,Paid Search,6,25.62,389,13.0,4,36.2,0.698,0,0,,2025-12-31,329.61,13,2025-12-16,2025-02-20,25.35,5,18.2,1,15.0,1,65.2
C003769,2025-03-01,Enterprise,North America,Business,Sales,407,182.28,305,6.0,2,65.4,0.306,0,0,,2025-12-31,1054.74,6,2025-12-22,2025-04-21,175.79,2,104.4,0,9.0,1,53.1
C003770,2023-04-22,Enterprise,North America,Business,Organic,390,228.7,984,18.0,0,60.8,0.696,0,0,,2025-12-31,4027.69,19,2025-10-18,2023-05-05,211.98,1,198.2,0,74.0,1,78.0
C003771,2023-08-30,SMB,North America,Enterprise,Paid Search,8,1089.92,854,8.0,5,68.9,0.48,0,0,,2025-12-31,15255.6,15,2025-12-17,2023-09-20,1017.04,6,44.7,0,14.0,1,55.9
C003772,2023-04-18,Mid-Market,North America,Enterprise,Sales,48,8433.58,988,6.0,0,44.4,0.661,0,0,,2025-12-31,176591.58,21,2025-12-13,2023-04-18,8409.12,0,0.0,0,18.0,1,64.6
C003773,2024-01-25,SMB,LATAM,Free,Referral,11,0.0,706,15.0,2,54.2,0.422,0,0,,2025-12-31,67.57,21,2025-12-16,2024-02-15,3.22,2,34.4,0,15.0,0,63.5
C003774,2022-07-01,Enterprise,North America,Pro,Paid Search,180,68.13,1279,9.0,1,70.2,0.516,0,0,,2025-12-31,1558.55,23,2025-12-25,2022-08-23,67.76,2,75.2,0,6.0,1,64.0
C003775,2023-09-08,Enterprise,North America,Starter,Paid Search,274,28.34,845,25.0,1,26.4,0.762,0,0,,2025-12-31,479.44,18,2025-12-14,2023-10-15,26.64,1,14.2,0,17.0,1,81.3
C003776,2022-09-27,SMB,North America,Free,Referral,19,0.0,1191,18.0,0,46.0,0.42,2,0,,2025-12-31,261.38,33,2025-11-06,2022-10-18,7.92,0,0.0,0,55.0,0,64.3
C003777,2024-02-01,Mid-Market,North America,Free,Organic,73,0.0,699,10.0,1,-18.7,0.725,0,0,,2025-12-31,121.77,18,2025-12-28,2024-04-06,6.76,2,30.3,0,3.0,0,62.3
C003778,2025-05-01,SMB,North America,Enterprise,Organic,5,901.07,244,0.0,5,-4.5,0.615,0,0,,2025-12-31,4247.55,5,2025-12-09,2025-06-24,849.51,5,53.5,0,22.0,1,45.5
C003779,2025-11-10,SMB,Europe,Pro,Paid Search,15,89.94,51,9.0,0,47.5,0.251,0,1,2025-12-25,2025-12-31,92.76,1,2025-12-18,2025-12-18,92.76,1,30.4,0,13.0,0,55.3
C003780,2023-10-01,Enterprise,North America,Free,Referral,301,0.0,822,3.0,0,51.3,0.073,0,1,2025-12-14,2025-12-31,90.83,16,2025-11-11,2023-10-01,5.68,0,0.0,0,50.0,0,45.0
C003781,2022-03-22,SMB,North America,Enterprise,Partner,11,1876.71,1380,6.0,1,25.3,0.652,0,0,,2025-12-31,68746.78,37,2025-12-19,2022-03-24,1858.02,2,56.6,0,12.0,1,60.9
C003782,2022-11-22,Mid-Market,Europe,Business,Paid Search,17,175.61,1135,7.0,0,19.8,0.356,1,0,,2025-12-31,4803.54,28,2025-11-25,2023-02-05,171.56,0,0.0,0,36.0,1,51.9
C003783,2022-05-30,Mid-Market,Europe,Starter,Sales,61,31.31,1311,18.0,1,26.1,0.451,0,0,,2025-12-31,923.88,29,2025-11-25,2022-10-06,31.86,1,20.6,0,36.0,1,65.7
C003784,2024-12-21,Enterprise,North America,Pro,Organic,492,82.25,375,2.0,2,39.8,0.311,2,0,,2025-12-31,420.16999999999996,6,2025-12-02,2025-03-06,70.03,2,26.2,0,29.0,1,43.1
C003785,2025-11-09,Startup,APAC,Pro,Referral,1,76.14,52,4.0,0,-22.8,0.168,2,1,2025-11-26,2025-12-31,0.0,0,,,0.0,0,0.0,0,,0,37.3
C003786,2024-03-03,SMB,North America,Pro,Organic,12,85.82,668,1.0,1,46.6,0.663,1,0,,2025-12-31,884.77,10,2025-12-25,2024-07-16,88.48,1,2.2,0,6.0,1,56.9
C003787,2022-09-10,SMB,LATAM,Pro,Referral,5,77.66,1208,25.0,2,35.8,0.204,0,0,,2025-12-31,2194.14,26,2025-12-26,2022-11-04,84.39,4,97.8,0,5.0,1,64.0
C003788,2022-01-31,Startup,LATAM,Pro,Paid Search,3,83.81,1430,27.0,2,41.2,0.366,0,0,,2025-12-31,2327.14,27,2025-10-29,2022-02-03,86.19,2,111.0,0,63.0,1,71.2
C003789,2025-10-27,Mid-Market,Europe,Free,Organic,27,0.0,65,8.0,0,31.9,0.408,0,0,,2025-12-31,0.0,1,2025-11-20,2025-11-20,0.0,1,19.4,1,41.0,0,57.6
C003790,2023-03-29,Startup,North America,Pro,Paid Search,1,85.2,1008,12.0,1,0.4,0.547,0,0,,2025-12-31,1887.71,22,2025-11-15,2023-04-12,85.8,2,126.3,0,46.0,1,60.7
C003791,2022-06-10,SMB,APAC,Starter,Referral,5,27.67,1300,8.0,1,7.5,0.498,0,0,,2025-12-31,675.3199999999999,24,2025-09-09,2022-06-20,28.14,1,0.0,0,113.0,1,56.3
C003792,2022-09-11,Startup,North America,Starter,Paid Search,5,26.25,1207,14.0,0,73.1,0.371,0,0,,2025-12-31,709.24,26,2025-12-29,2022-10-31,27.28,1,125.7,0,2.0,1,65.9
C003793,2023-01-01,Startup,North America,Starter,Organic,3,30.98,1095,15.0,2,18.9,0.645,0,0,,2025-12-31,924.02,31,2025-12-22,2023-01-25,29.81,2,16.9,0,9.0,1,66.6
C003794,2024-07-26,Startup,Europe,Pro,Organic,4,76.57,523,7.0,3,55.2,0.16,0,0,,2025-12-31,765.22,11,2025-11-26,2024-09-18,69.57,5,21.7,0,35.0,1,47.1
C003795,2025-06-29,Mid-Market,Europe,Starter,Partner,57,33.12,185,18.0,1,7.9,0.688,3,0,,2025-12-31,150.88,6,2025-12-22,2025-07-18,25.15,1,0.0,0,9.0,1,65.0
C003796,2023-01-29,SMB,APAC,Starter,Partner,6,33.33,1067,0.0,1,34.6,0.36,1,0,,2025-12-31,1063.67,31,2025-12-06,2023-05-07,34.31,3,15.1,0,25.0,1,45.8
C003797,2024-09-09,Startup,APAC,Starter,Paid Search,3,32.87,478,18.0,0,24.0,0.393,0,0,,2025-12-31,338.64,11,2025-09-22,2024-09-17,30.79,0,0.0,0,100.0,1,65.3
C003798,2022-04-03,SMB,APAC,Enterprise,Organic,14,2217.24,1368,21.0,2,27.8,0.221,0,0,,2025-12-31,52046.71,22,2025-11-28,2022-04-10,2365.76,2,5.7,0,33.0,1,60.2
C003799,2022-01-15,Mid-Market,APAC,Starter,Referral,78,32.87,1446,1.0,0,26.5,0.126,0,0,,2025-12-31,1101.86,32,2025-10-26,2022-01-29,34.43,0,0.0,0,66.0,1,42.3
C003800,2022-03-20,Startup,Europe,Starter,Paid Search,7,24.98,1382,20.0,0,71.1,0.113,0,0,,2025-12-31,724.35,31,2025-11-18,2022-05-21,23.37,0,0.0,0,43.0,1,63.4
C003801,2025-08-13,Mid-Market,Europe,Starter,Organic,78,30.27,140,20.0,1,83.2,0.494,0,0,,2025-12-31,132.99,4,2025-11-24,2025-09-19,33.25,1,41.6,0,37.0,1,74.5
C003802,2024-04-11,SMB,LATAM,Pro,Paid Search,12,90.32,629,27.0,1,40.9,0.308,2,0,,2025-12-31,845.88,10,2025-05-19,2024-08-12,84.59,2,21.2,0,226.0,1,66.9
C003803,2025-02-25,SMB,LATAM,Starter,Paid Search,24,24.75,309,22.0,2,24.7,0.476,0,0,,2025-12-31,97.8,4,2025-12-27,2025-07-08,24.45,2,42.6,0,4.0,1,68.4
C003804,2022-02-01,Mid-Market,APAC,Starter,Sales,48,31.27,1429,0.0,3,1.8,0.227,1,0,,2025-12-31,799.9300000000001,26,2025-12-31,2022-04-14,30.77,3,35.8,1,0.0,1,35.5
C003805,2022-02-01,SMB,APAC,Business,Partner,7,204.6,1429,2.0,1,0.0,0.444,1,0,,2025-12-31,6463.82,30,2025-12-17,2022-02-17,215.46,2,23.8,0,14.0,1,46.6
C003806,2025-04-28,Enterprise,Europe,Business,Organic,269,173.22,247,3.0,3,71.2,0.472,1,0,,2025-12-31,1490.08,8,2025-12-25,2025-06-13,186.26,3,39.9,0,6.0,1,52.5
C003807,2022-05-27,SMB,North America,Pro,Referral,24,72.16,1314,16.0,0,-1.7,0.668,0,0,,2025-12-31,2152.26,30,2025-12-11,2022-07-31,71.74,0,0.0,0,20.0,1,69.2
C003808,2022-08-11,Startup,APAC,Pro,Organic,6,70.36,1238,19.0,2,24.0,0.776,2,0,,2025-12-31,1700.4,25,2025-09-09,2022-11-24,68.02,3,51.8,0,113.0,1,70.6
C003809,2024-01-13,Mid-Market,North America,Enterprise,Sales,68,11660.6,718,18.0,2,38.9,0.529,0,0,,2025-12-31,202259.17,17,2025-12-23,2024-02-02,11897.6,3,49.4,0,8.0,1,67.8
C003810,2024-05-17,SMB,North America,Enterprise,Paid Search,4,693.34,593,9.0,1,-30.0,0.577,1,0,,2025-12-31,5264.31,8,2025-10-10,2024-06-11,658.04,2,42.5,0,82.0,1,53.8
C003811,2022-11-24,Mid-Market,Europe,Pro,Sales,58,90.22,1133,5.0,2,3.7,0.228,1,0,,2025-12-31,2340.96,26,2025-09-26,2023-03-03,90.04,3,10.0,2,96.0,1,41.7
C003812,2023-09-28,Startup,Europe,Business,Referral,3,215.32,825,1.0,0,1.5,0.307,0,0,,2025-12-31,6505.48,30,2025-12-17,2023-10-23,216.85,0,0.0,0,14.0,1,45.3
C003813,2024-08-23,Startup,Europe,Business,Referral,7,215.86,495,10.0,0,18.4,0.39,0,0,,2025-12-31,2030.46,10,2025-10-07,2024-08-25,203.05,1,20.0,0,85.0,1,57.5
C003814,2023-09-26,Mid-Market,North America,Enterprise,Organic,32,5020.12,827,8.0,1,41.5,0.489,0,0,,2025-12-31,116532.16,25,2025-10-07,2023-09-30,4661.29,2,65.3,0,85.0,1,59.5
C003815,2023-07-02,SMB,North America,Free,Referral,6,0.0,913,8.0,0,60.7,0.18,0,0,,2025-12-31,111.74000000000001,19,2025-11-28,2023-07-16,5.88,1,20.3,0,33.0,0,53.6
C003816,2022-04-13,SMB,North America,Enterprise,Referral,5,780.61,1358,2.0,2,18.4,0.404,0,0,,2025-12-31,25664.13,33,2025-12-11,2022-05-15,777.7,2,18.2,0,20.0,1,47.7
C003817,2023-10-09,SMB,North America,Pro,Paid Search,17,69.65,814,8.0,4,23.5,0.211,0,0,,2025-12-31,1338.18,18,2025-12-23,2023-12-15,74.34,4,52.3,0,8.0,1,44.8
C003818,2025-02-21,SMB,North America,Pro,Paid Search,13,87.22,313,23.0,2,32.0,0.497,0,0,,2025-12-31,465.56,6,2025-12-07,2025-04-01,77.59,3,33.5,0,24.0,1,70.6
C003819,2024-06-15,SMB,APAC,Starter,Partner,12,28.52,564,6.0,2,14.9,0.371,0,0,,2025-12-31,249.55,9,2025-11-30,2025-07-26,27.73,2,21.1,0,31.0,1,50.0
C003820,2025-07-01,SMB,North America,Starter,Sales,5,31.56,183,24.0,2,45.4,0.34,0,0,,2025-12-31,127.07,4,2025-12-26,2025-08-19,31.77,4,63.7,0,5.0,1,68.2
C003821,2022-06-30,Mid-Market,North America,Business,Referral,46,226.04,1280,2.0,1,46.2,0.637,1,0,,2025-12-31,7895.52,34,2025-11-18,2022-10-09,232.22,2,29.8,0,43.0,1,57.0
C003822,2022-01-16,Mid-Market,North America,Pro,Paid Search,28,75.52,1445,17.0,0,-33.0,0.427,0,0,,2025-12-31,1939.55,26,2025-12-21,2022-08-02,74.6,1,0.0,0,10.0,1,59.7
C003823,2024-02-23,Startup,Europe,Starter,Partner,4,26.45,677,3.0,1,51.0,0.211,0,0,,2025-12-31,500.78,18,2025-12-23,2024-05-07,27.82,1,199.8,0,8.0,1,47.6
C003824,2022-09-13,Enterprise,APAC,Pro,Organic,384,72.96,1205,10.0,1,38.2,0.282,0,0,,2025-12-31,1669.94,22,2025-10-05,2022-11-01,75.91,3,11.8,1,87.0,1,54.7
C003825,2024-04-29,SMB,North America,Free,Paid Search,24,0.0,611,26.0,2,41.5,0.498,3,1,2025-09-04,2025-12-31,24.42,12,2025-09-02,2024-07-24,2.04,4,26.8,1,120.0,0,68.3
C003826,2025-07-16,Mid-Market,North America,Pro,Referral,32,72.87,168,21.0,0,64.5,0.237,0,1,2025-10-10,2025-12-31,47.86,1,2025-09-13,2025-09-13,47.86,0,0.0,0,109.0,0,67.3
C003827,2023-04-28,Startup,APAC,Pro,Partner,1,75.09,978,14.0,0,-9.7,0.476,0,0,,2025-12-31,1866.9,23,2025-12-23,2023-06-08,81.17,1,19.3,0,8.0,1,60.8
C003828,2024-02-25,SMB,North America,Pro,Referral,17,81.62,675,17.0,0,3.6,0.401,0,1,2025-05-15,2025-12-31,1223.95,15,2025-04-28,2024-03-01,81.6,0,0.0,0,247.0,0,62.6
C003829,2024-09-01,SMB,APAC,Free,Paid Search,15,0.0,486,18.0,2,33.2,0.62,0,0,,2025-12-31,0.0,3,2025-09-25,2024-12-08,0.0,2,28.6,0,97.0,0,70.0
C003830,2022-08-03,Mid-Market,LATAM,Free,Paid Search,15,0.0,1246,22.0,2,-23.0,0.814,0,0,,2025-12-31,152.31,24,2025-12-17,2022-08-06,6.35,3,48.3,1,14.0,0,73.8
C003831,2025-07-07,SMB,Europe,Starter,Referral,15,28.85,177,16.0,1,29.7,0.692,1,0,,2025-12-31,158.26,5,2025-12-26,2025-07-09,31.65,1,9.5,0,5.0,1,69.5
C003832,2022-10-17,Startup,LATAM,Pro,Organic,4,77.69,1171,14.0,1,56.2,0.481,0,0,,2025-12-31,1816.48,23,2025-12-15,2023-04-12,78.98,1,9.9,0,16.0,1,66.0
C003833,2025-03-01,SMB,Europe,Enterprise,Sales,14,2341.08,305,2.0,0,44.9,0.534,2,0,,2025-12-31,10948.96,5,2025-12-08,2025-07-24,2189.79,1,41.7,0,23.0,1,53.3
C003834,2024-08-01,SMB,Europe,Business,Sales,22,193.27,517,26.0,0,37.0,0.391,0,0,,2025-12-31,2209.02,11,2025-11-20,2024-09-12,200.82,0,0.0,0,41.0,1,73.6
C003835,2022-07-21,SMB,North America,Business,Sales,17,217.43,1259,15.0,0,29.2,0.41,1,0,,2025-12-31,5360.84,25,2025-10-13,2022-10-09,214.43,0,0.0,0,79.0,1,61.6
C003836,2024-11-02,Mid-Market,North America,Starter,Sales,79,26.7,424,8.0,1,24.3,0.372,0,0,,2025-12-31,204.23000000000002,8,2025-11-14,2025-02-16,25.53,1,22.5,0,47.0,1,54.2
C003837,2022-10-08,SMB,North America,Free,Paid Search,17,0.0,1180,3.0,2,22.9,0.79,1,0,,2025-12-31,175.57999999999998,28,2025-12-10,2022-12-16,6.27,3,67.0,0,21.0,0,58.7
C003838,2024-05-07,Mid-Market,Europe,Business,Paid Search,34,216.99,603,16.0,1,40.7,0.386,0,0,,2025-12-31,1668.06,8,2025-11-13,2024-07-09,208.51,1,41.1,0,48.0,1,63.4
C003839,2025-10-04,Mid-Market,Europe,Pro,Referral,69,73.51,88,21.0,1,-3.8,0.463,0,0,,2025-12-31,201.05,3,2025-12-23,2025-11-20,67.02,2,39.3,0,8.0,1,65.8
C003840,2025-09-25,SMB,North America,Free,Organic,4,0.0,97,22.0,0,71.6,0.361,1,1,2025-12-11,2025-12-31,0.0,1,2025-10-29,2025-10-29,0.0,0,0.0,0,63.0,0,70.6
C003841,2025-05-30,Startup,Europe,Pro,Referral,2,80.73,215,24.0,0,16.6,0.245,0,0,,2025-12-31,178.6,2,2025-11-16,2025-06-30,89.3,0,0.0,0,45.0,1,65.4
C003842,2023-12-08,Startup,North America,Pro,Organic,4,79.92,754,25.0,1,48.9,0.476,0,0,,2025-12-31,1130.08,15,2025-09-12,2023-12-15,75.34,1,18.5,0,110.0,1,75.0
C003843,2024-03-11,Startup,North America,Starter,Referral,2,32.93,660,17.0,0,37.0,0.741,0,0,,2025-12-31,749.53,22,2025-11-18,2024-06-14,34.07,0,0.0,0,43.0,1,76.1
C003844,2023-03-06,SMB,North America,Free,Paid Search,21,0.0,1031,26.0,0,6.2,0.378,0,0,,2025-12-31,196.3,23,2025-12-18,2023-06-07,8.53,1,116.0,0,13.0,0,70.2
C003845,2025-08-09,Mid-Market,APAC,Pro,Referral,40,74.43,144,2.0,1,67.3,0.408,2,1,2025-09-26,2025-12-31,254.70999999999998,3,2025-09-24,2025-09-10,84.9,1,33.4,0,98.0,0,50.3
C003846,2023-11-14,SMB,Europe,Free,Paid Search,5,0.0,778,11.0,0,62.0,0.274,1,0,,2025-12-31,93.16,22,2025-12-20,2024-01-05,4.23,1,134.4,0,11.0,0,57.2
C003847,2025-01-08,Startup,APAC,Starter,Partner,7,26.83,357,13.0,0,-4.3,0.606,0,1,2025-10-25,2025-12-31,21.82,1,2025-03-26,2025-03-26,21.82,0,0.0,0,280.0,0,64.4
C003848,2023-05-30,SMB,North America,Business,Sales,6,193.3,946,19.0,2,33.2,0.434,0,0,,2025-12-31,3214.44,17,2025-12-11,2023-06-03,189.08,2,11.2,0,20.0,1,65.3
C003849,2024-11-24,SMB,Europe,Enterprise,Paid Search,17,2382.61,402,8.0,1,40.2,0.054,0,0,,2025-12-31,10514.67,5,2025-05-26,2024-12-03,2102.93,2,44.0,0,219.0,1,46.3
C003850,2022-11-17,SMB,LATAM,Starter,Organic,19,26.97,1140,8.0,2,-16.8,0.393,1,0,,2025-12-31,601.26,23,2025-12-16,2022-12-01,26.14,3,68.2,0,15.0,1,47.3
C003851,2024-11-15,SMB,North America,Free,Organic,18,0.0,411,25.0,1,-18.0,0.499,0,0,,2025-12-31,39.91,10,2025-11-18,2024-12-01,3.99,1,10.7,0,43.0,0,69.0
C003852,2022-03-07,Startup,Europe,Pro,Partner,1,80.84,1395,18.0,2,14.2,0.41,0,0,,2025-12-31,1970.56,25,2025-12-29,2022-03-27,78.82,2,0.0,0,2.0,1,61.8
C003853,2022-05-30,SMB,North America,Starter,Partner,7,24.99,1311,17.0,1,2.2,0.721,0,0,,2025-12-31,479.32,19,2025-07-05,2022-06-18,25.23,1,2.3,0,179.0,1,70.5
C003854,2023-05-19,SMB,North America,Business,Partner,7,169.69,957,5.0,1,8.9,0.046,0,0,,2025-12-31,3012.46,18,2025-12-26,2023-07-30,167.36,2,18.8,0,5.0,1,40.2
C003855,2023-11-21,Mid-Market,Europe,Pro,Organic,24,76.27,771,14.0,1,2.2,0.504,0,0,,2025-12-31,1981.67,25,2025-12-16,2024-05-07,79.27,1,53.1,0,15.0,1,61.3
C003856,2024-10-14,SMB,North America,Starter,Organic,6,25.02,443,11.0,2,31.9,0.692,2,1,2025-09-20,2025-12-31,190.89,8,2025-08-22,2025-02-13,23.86,2,68.4,1,131.0,0,61.8
C003857,2023-05-29,Mid-Market,Europe,Business,Sales,27,187.5,947,17.0,1,12.7,0.327,0,0,,2025-12-31,4134.15,23,2025-12-08,2023-06-24,179.75,1,37.2,0,23.0,1,59.8
C003858,2022-01-27,Startup,LATAM,Starter,Partner,2,26.65,1434,25.0,0,62.8,0.383,0,0,,2025-12-31,622.48,23,2025-12-13,2022-05-25,27.06,1,4.2,1,18.0,1,75.1
C003859,2023-04-11,SMB,North America,Pro,Organic,8,78.6,995,7.0,0,39.5,0.347,0,0,,2025-12-31,1409.95,19,2025-12-12,2023-04-15,74.21,2,29.4,0,19.0,1,55.6
C003860,2023-09-21,SMB,North America,Enterprise,Organic,3,487.41,832,22.0,1,54.9,0.226,0,0,,2025-12-31,10482.49,21,2025-12-19,2024-03-10,499.17,2,30.8,0,12.0,1,65.4
C003861,2024-02-17,Mid-Market,APAC,Starter,Organic,75,30.6,683,17.0,1,-7.2,0.182,1,1,2025-04-27,2025-12-31,288.48,10,2025-04-19,2024-06-17,28.85,1,0.0,0,256.0,0,51.4
C003862,2024-07-09,SMB,Europe,Starter,Referral,12,28.34,540,13.0,3,19.3,0.464,0,0,,2025-12-31,457.36,18,2025-12-25,2024-07-27,25.41,3,40.3,1,6.0,1,58.0
C003863,2022-12-21,SMB,APAC,Business,Referral,5,204.96,1106,26.0,1,38.4,0.392,1,0,,2025-12-31,6350.33,29,2025-12-18,2023-03-03,218.98,1,6.3,1,13.0,1,70.3
C003864,2024-05-22,Mid-Market,North America,Pro,Partner,28,81.76,588,4.0,1,46.3,0.433,1,0,,2025-12-31,1395.07,16,2025-12-28,2024-06-02,87.19,2,28.4,0,3.0,1,52.7
C003865,2024-06-22,Startup,Europe,Starter,Partner,1,27.53,557,18.0,0,18.8,0.593,1,1,2025-02-26,2025-12-31,184.11,6,2025-02-24,2024-08-07,30.68,1,6.1,0,310.0,0,68.7
C003866,2025-01-15,Mid-Market,LATAM,Free,Referral,73,0.0,350,11.0,1,22.5,0.241,0,1,2025-06-30,2025-12-31,10.9,2,2025-06-27,2025-01-27,5.45,2,0.0,0,187.0,0,52.8
C003867,2024-01-17,SMB,North America,Starter,Paid Search,12,30.45,714,19.0,1,25.2,0.183,1,0,,2025-12-31,377.82,12,2025-05-25,2024-02-05,31.48,3,30.7,0,220.0,1,56.5
C003868,2025-03-05,Mid-Market,APAC,Pro,Paid Search,49,72.5,301,3.0,1,27.6,0.395,0,0,,2025-12-31,427.41,6,2025-12-01,2025-06-09,71.24,1,25.1,0,30.0,1,50.8
C003869,2022-11-13,SMB,Europe,Starter,Paid Search,4,25.19,1144,20.0,0,89.1,0.347,1,0,,2025-12-31,642.08,24,2025-11-21,2022-11-15,26.75,0,0.0,0,40.0,1,70.2
C003870,2024-10-14,SMB,APAC,Starter,Sales,4,25.12,443,1.0,3,42.8,0.39,0,0,,2025-12-31,187.18,8,2025-12-16,2025-02-01,23.4,4,24.2,0,15.0,1,47.4
C003871,2022-03-07,Startup,North America,Starter,Partner,7,27.57,1395,9.0,1,36.0,0.141,0,0,,2025-12-31,554.08,19,2025-09-28,2022-04-20,29.16,1,0.0,0,94.0,1,49.4
C003872,2022-05-28,Enterprise,Europe,Pro,Paid Search,335,90.3,1313,25.0,3,3.5,0.542,1,0,,2025-12-31,2019.74,22,2025-12-20,2022-10-09,91.81,4,32.4,1,11.0,1,67.4
C003873,2025-05-21,Startup,North America,Business,Referral,1,198.66,224,17.0,0,4.1,0.466,1,0,,2025-12-31,543.77,3,2025-12-11,2025-06-19,181.26,0,0.0,0,20.0,1,62.6
C003874,2023-11-11,SMB,LATAM,Pro,Organic,11,74.6,781,13.0,3,29.7,0.377,0,0,,2025-12-31,1155.75,16,2025-10-08,2023-11-15,72.23,3,32.9,0,84.0,1,56.4
C003875,2024-06-06,Mid-Market,North America,Pro,Paid Search,34,83.0,573,9.0,2,63.3,0.734,0,0,,2025-12-31,557.12,7,2025-11-12,2024-09-09,79.59,2,48.6,0,49.0,1,68.4
C003876,2024-05-12,Mid-Market,North America,Business,Partner,33,177.62,598,2.0,0,30.0,0.377,0,0,,2025-12-31,1562.57,9,2025-09-28,2024-05-26,173.62,0,0.0,0,94.0,1,51.1
C003877,2024-09-20,Mid-Market,APAC,Starter,Sales,65,32.21,467,3.0,3,31.1,0.56,0,0,,2025-12-31,243.95000000000002,8,2025-11-28,2024-09-21,30.49,3,48.0,0,33.0,1,53.1
C003878,2022-12-18,Startup,North America,Starter,Organic,5,33.3,1109,20.0,0,16.4,0.597,0,0,,2025-12-31,722.86,21,2025-11-28,2023-02-14,34.42,0,0.0,0,33.0,1,72.4
C003879,2022-09-12,Mid-Market,Europe,Free,Paid Search,59,0.0,1206,7.0,0,-8.5,0.438,0,0,,2025-12-31,126.87,25,2025-11-19,2023-01-20,5.07,1,4.7,0,42.0,0,53.5
C003880,2022-03-02,SMB,North America,Starter,Sales,15,25.69,1400,2.0,0,45.9,0.421,0,0,,2025-12-31,772.01,29,2025-11-25,2022-04-22,26.62,0,0.0,0,36.0,1,54.0
C003881,2025-05-21,SMB,Europe,Enterprise,Referral,22,3963.89,224,12.0,4,28.6,0.121,2,1,2025-12-30,2025-12-31,24149.0,6,2025-12-27,2025-06-27,4024.83,4,17.2,0,4.0,0,42.2
C003882,2022-11-16,Startup,North America,Starter,Partner,4,25.61,1141,11.0,2,46.2,0.425,0,0,,2025-12-31,576.6,22,2025-12-12,2023-04-02,26.21,2,3.5,0,19.0,1,59.2
C003883,2024-04-02,SMB,Europe,Business,Organic,16,177.08,638,26.0,1,38.9,0.705,0,0,,2025-12-31,2544.58,14,2025-12-11,2024-05-24,181.76,1,0.0,0,20.0,1,81.8
C003884,2023-10-13,SMB,Europe,Free,Organic,20,0.0,810,6.0,0,10.9,0.494,0,1,2025-10-18,2025-12-31,65.0,19,2025-09-15,2023-10-14,3.42,0,0.0,0,107.0,0,56.3
C003885,2022-08-21,Mid-Market,North America,Pro,Paid Search,60,84.32,1228,7.0,1,40.6,0.185,0,0,,2025-12-31,2694.2,30,2025-12-05,2022-09-28,89.81,2,11.4,1,26.0,1,49.4
C003886,2023-08-15,Startup,North America,Starter,Organic,4,26.62,869,4.0,1,2.7,0.677,0,0,,2025-12-31,475.49,19,2025-11-11,2023-08-23,25.03,1,127.4,0,50.0,1,57.7
C003887,2022-04-29,Mid-Market,North America,Starter,Referral,51,30.6,1342,5.0,1,40.4,0.362,0,1,2024-09-01,2025-12-31,518.76,15,2024-07-10,2022-05-24,34.58,1,24.3,0,539.0,0,52.9
C003888,2022-09-10,Mid-Market,APAC,Starter,Referral,31,32.71,1208,14.0,3,33.4,0.445,0,0,,2025-12-31,816.7,25,2025-11-25,2022-09-27,32.67,3,20.5,0,36.0,1,59.7
C003889,2022-07-19,Startup,North America,Pro,Referral,2,86.92,1261,6.0,0,73.5,0.27,1,0,,2025-12-31,1751.93,21,2025-11-14,2022-07-30,83.43,1,8.0,0,47.0,1,53.8
C003890,2025-03-24,Mid-Market,North America,Pro,Organic,59,73.44,282,20.0,1,13.3,0.802,1,0,,2025-12-31,265.88,3,2025-09-08,2025-05-01,88.63,2,27.3,0,114.0,1,74.7
C003891,2024-03-22,Mid-Market,North America,Business,Paid Search,21,189.72,649,22.0,1,1.8,0.295,0,0,,2025-12-31,3233.1,17,2025-08-22,2024-04-26,190.18,1,173.9,0,131.0,1,62.2
C003892,2025-08-16,SMB,Europe,Enterprise,Referral,8,1460.79,137,13.0,2,24.7,0.561,0,0,,2025-12-31,4394.51,3,2025-11-19,2025-10-24,1464.84,3,22.1,0,42.0,1,62.9
C003893,2023-09-16,Mid-Market,APAC,Pro,Organic,66,78.15,837,6.0,2,50.2,0.522,1,0,,2025-12-31,1378.19,19,2025-12-26,2023-11-18,72.54,3,48.8,0,5.0,1,56.0
C003894,2022-10-15,Mid-Market,Europe,Enterprise,Organic,42,7433.44,1173,22.0,2,-34.9,0.288,0,0,,2025-12-31,209096.0,29,2025-12-23,2022-12-20,7210.21,2,24.6,0,8.0,1,56.8
C003895,2024-05-20,SMB,APAC,Free,Paid Search,14,0.0,590,27.0,3,56.9,0.14,1,0,,2025-12-31,10.65,8,2025-10-03,2024-07-11,1.33,4,44.4,0,89.0,0,62.5
C003896,2025-08-22,SMB,Europe,Starter,Organic,12,24.93,131,25.0,1,29.8,0.302,0,0,,2025-12-31,16.0,1,2025-08-30,2025-08-30,16.0,1,7.7,0,123.0,1,67.9
C003897,2024-02-01,SMB,APAC,Starter,Organic,24,26.1,699,25.0,1,6.5,0.851,1,0,,2025-12-31,462.79,18,2025-12-05,2024-05-10,25.71,1,15.5,1,26.0,1,80.0
C003898,2022-01-26,Mid-Market,APAC,Pro,Paid Search,18,73.61,1435,22.0,4,25.8,0.655,1,0,,2025-12-31,1676.35,23,2025-11-22,2022-04-02,72.88,4,23.7,2,39.0,1,68.9
C003899,2023-03-11,SMB,North America,Pro,Referral,18,88.11,1026,20.0,0,16.5,0.124,1,0,,2025-12-31,1360.8600000000001,15,2025-12-11,2023-03-29,90.72,0,0.0,0,20.0,1,56.2
C003900,2025-08-15,Startup,LATAM,Pro,Organic,5,70.55,138,26.0,1,4.4,0.575,1,0,,2025-12-31,337.76,5,2025-12-23,2025-08-25,67.55,2,27.6,0,8.0,1,72.4
C003901,2024-01-12,Mid-Market,APAC,Business,Partner,44,218.16,719,9.0,0,-13.5,0.608,0,0,,2025-12-31,2791.79,13,2025-12-05,2024-05-31,214.75,1,26.9,0,26.0,1,59.9
C003902,2025-09-23,Mid-Market,Europe,Starter,Partner,75,30.67,99,26.0,2,53.3,0.217,1,0,,2025-12-31,60.81,2,2025-12-01,2025-11-02,30.4,2,34.8,0,30.0,1,65.1
C003903,2023-12-30,Enterprise,North America,Business,Paid Search,391,197.18,732,0.0,0,21.0,0.227,2,0,,2025-12-31,4086.24,20,2025-10-31,2023-12-30,204.31,0,0.0,0,61.0,1,39.9
C003904,2022-01-18,SMB,North America,Pro,Paid Search,19,79.58,1443,23.0,1,25.2,0.638,0,0,,2025-12-31,3221.14,37,2025-11-09,2022-01-31,87.06,2,6.7,0,52.0,1,75.7
C003905,2025-06-02,Mid-Market,Europe,Pro,Organic,60,80.9,212,9.0,2,56.1,0.483,1,0,,2025-12-31,484.11,5,2025-11-10,2025-06-22,96.82,3,21.6,0,51.0,1,58.1
C003906,2024-12-27,SMB,Europe,Starter,Organic,7,27.3,369,8.0,1,36.4,0.235,0,0,,2025-12-31,213.18,7,2025-11-28,2025-02-25,30.45,3,42.0,0,33.0,1,51.3
C003907,2024-10-19,Startup,Europe,Starter,Paid Search,6,31.58,438,18.0,1,-4.0,0.092,0,0,,2025-12-31,192.69,6,2025-08-31,2025-01-21,32.12,3,41.9,0,122.0,1,51.9
C003908,2025-10-19,Mid-Market,North America,Starter,Sales,60,26.11,73,4.0,2,51.8,0.5,1,1,2025-12-21,2025-12-31,16.17,1,2025-11-28,2025-11-28,16.17,2,34.4,0,33.0,0,53.8
C003909,2022-10-08,SMB,Europe,Business,Paid Search,22,179.09,1180,27.0,1,72.1,0.547,0,0,,2025-12-31,5344.69,28,2025-10-13,2022-10-14,190.88,1,16.8,0,79.0,1,81.2
C003910,2025-07-19,Mid-Market,North America,Pro,Paid Search,72,81.79,165,20.0,0,47.6,0.452,0,0,,2025-12-31,172.05,2,2025-11-18,2025-11-17,86.02,0,0.0,0,43.0,1,71.2
C003911,2022-11-29,Enterprise,North America,Starter,Sales,189,27.44,1128,0.0,1,13.4,0.52,0,1,2025-02-08,2025-12-31,438.98,16,2024-12-20,2023-01-20,27.44,1,8.8,0,376.0,0,50.4
C003912,2025-10-20,SMB,North America,Business,Referral,13,169.98,72,23.0,1,-1.8,0.568,0,0,,2025-12-31,203.52,1,2025-11-26,2025-11-26,203.52,2,8.7,1,35.0,1,70.9
C003913,2022-10-01,SMB,APAC,Pro,Referral,24,82.38,1187,3.0,2,12.5,0.557,0,0,,2025-12-31,1667.96,21,2025-12-23,2022-10-29,79.43,3,78.4,0,8.0,1,52.6
C003914,2024-02-26,Startup,Europe,Enterprise,Paid Search,2,348.87,674,23.0,2,37.6,0.436,0,0,,2025-12-31,6129.9,17,2025-12-07,2024-03-20,360.58,4,76.0,0,24.0,1,69.4
C003915,2025-02-02,SMB,LATAM,Pro,Sales,16,82.9,332,22.0,2,70.7,0.514,0,0,,2025-12-31,592.21,7,2025-11-23,2025-03-29,84.6,3,43.6,0,38.0,1,74.1
C003916,2022-04-22,Mid-Market,APAC,Pro,Partner,21,78.39,1349,18.0,0,16.0,0.149,0,0,,2025-12-31,1526.41,20,2025-09-24,2022-07-07,76.32,2,116.6,0,98.0,1,57.1
C003917,2022-04-06,SMB,APAC,Pro,Partner,10,83.52,1365,16.0,1,18.8,0.587,0,0,,2025-12-31,1972.44,22,2025-07-18,2022-05-23,89.66,1,0.0,0,166.0,1,67.3
C003918,2025-04-30,Mid-Market,Europe,Pro,Referral,46,77.58,245,23.0,0,60.5,0.323,0,0,,2025-12-31,346.52,5,2025-11-12,2025-06-09,69.3,1,4.5,0,49.0,1,71.3
C003919,2022-03-28,Startup,APAC,Starter,Paid Search,4,30.25,1374,23.0,0,24.1,0.591,0,0,,2025-12-31,926.58,29,2025-09-19,2022-04-04,31.95,1,9.3,0,103.0,1,75.7
C003920,2024-05-27,SMB,LATAM,Free,Sales,23,0.0,583,19.0,1,77.8,0.283,0,0,,2025-12-31,115.97,14,2025-08-10,2024-07-11,8.28,2,141.3,1,143.0,0,66.7
C003921,2025-09-03,Mid-Market,APAC,Enterprise,Sales,28,4784.39,119,4.0,1,31.3,0.701,0,0,,2025-12-31,26905.43,5,2025-12-09,2025-11-02,5381.09,1,115.0,0,22.0,1,61.2
C003922,2024-05-29,SMB,North America,Pro,Partner,4,89.78,581,18.0,1,64.2,0.778,1,0,,2025-12-31,1092.72,12,2025-11-22,2024-06-06,91.06,2,13.4,1,39.0,1,77.3
C003923,2023-11-19,SMB,Europe,Pro,Organic,10,84.84,773,5.0,0,44.6,0.16,1,0,,2025-12-31,1874.1000000000001,21,2025-12-21,2023-12-22,89.24,0,0.0,0,10.0,1,46.7
C003924,2023-08-20,SMB,North America,Pro,Referral,12,81.28,864,1.0,1,52.7,0.236,0,0,,2025-12-31,1399.68,17,2025-11-15,2023-09-02,82.33,2,20.5,0,46.0,1,46.7
C003925,2024-07-01,Enterprise,North America,Pro,Paid Search,242,70.61,548,4.0,3,30.6,0.758,0,0,,2025-12-31,871.61,12,2025-11-12,2024-11-27,72.63,3,16.7,0,49.0,1,59.9
C003926,2024-03-28,Enterprise,APAC,Free,Partner,480,0.0,643,12.0,1,32.2,0.433,1,0,,2025-12-31,56.230000000000004,15,2025-07-26,2024-05-09,3.75,2,125.7,0,158.0,0,58.4
C003927,2023-12-19,Enterprise,APAC,Starter,Organic,217,24.8,743,26.0,1,45.5,0.418,1,1,2025-05-07,2025-12-31,372.5,15,2025-03-24,2024-02-02,24.83,2,21.0,0,282.0,0,71.8
C003928,2022-08-08,Mid-Market,North America,Free,Referral,44,0.0,1241,0.0,2,55.0,0.14,0,0,,2025-12-31,177.9,32,2025-11-10,2022-08-13,5.56,2,66.0,0,51.0,0,41.7
C003929,2024-08-05,SMB,North America,Free,Sales,20,0.0,513,2.0,3,48.2,0.273,0,0,,2025-12-31,29.8,10,2025-10-15,2024-08-30,2.98,4,42.8,0,77.0,0,45.3
C003930,2024-11-23,Mid-Market,APAC,Free,Organic,72,0.0,403,2.0,1,-9.2,0.218,2,0,,2025-12-31,49.56,12,2025-12-02,2025-01-21,4.13,3,8.4,0,29.0,0,36.9
C003931,2024-10-10,SMB,North America,Business,Referral,21,184.58,447,5.0,0,41.4,0.443,0,0,,2025-12-31,867.29,5,2025-09-01,2024-10-29,173.46,1,0.0,0,121.0,1,56.9
C003932,2022-04-18,SMB,North America,Starter,Referral,24,33.05,1353,15.0,3,18.6,0.608,1,0,,2025-12-31,1099.87,30,2025-11-26,2022-04-22,36.66,3,29.8,0,35.0,1,62.0
C003933,2024-10-02,Enterprise,APAC,Business,Organic,135,182.38,455,22.0,2,21.4,0.677,0,0,,2025-12-31,1516.87,8,2025-11-11,2024-10-11,189.61,2,75.0,0,50.0,1,74.1
C003934,2024-11-09,Startup,APAC,Enterprise,Organic,6,966.89,417,1.0,2,46.4,0.332,0,0,,2025-12-31,8515.43,9,2025-12-24,2025-01-09,946.16,2,14.4,0,7.0,1,47.5
C003935,2022-09-20,SMB,Europe,Starter,Paid Search,15,33.18,1198,22.0,1,77.4,0.307,0,0,,2025-12-31,876.44,28,2025-09-15,2022-10-20,31.3,1,13.9,0,107.0,1,70.1
C003936,2025-04-29,Mid-Market,Europe,Pro,Referral,58,70.36,246,25.0,1,29.2,0.696,1,0,,2025-12-31,344.44,5,2025-11-10,2025-05-09,68.89,1,22.5,0,51.0,1,77.6
C003937,2024-01-20,SMB,North America,Pro,Paid Search,18,72.88,711,2.0,3,84.3,0.54,0,0,,2025-12-31,852.0,12,2025-11-15,2024-03-30,71.0,4,103.0,0,46.0,1,56.9
C003938,2023-11-07,Mid-Market,North America,Enterprise,Organic,58,9520.07,785,12.0,2,7.6,0.549,1,0,,2025-12-31,85732.73,9,2025-11-28,2023-11-19,9525.86,2,111.4,0,33.0,1,57.9
C003939,2024-10-30,Startup,APAC,Pro,Organic,2,84.37,427,22.0,1,65.8,0.494,0,0,,2025-12-31,867.9,11,2025-12-31,2024-11-03,78.9,1,49.1,0,0.0,1,74.5
C003940,2023-12-31,SMB,APAC,Starter,Paid Search,3,32.07,731,19.0,0,45.8,0.584,0,1,2025-12-31,2025-12-31,368.0,13,2025-12-11,2024-05-16,28.31,0,0.0,0,20.0,0,74.1
C003941,2024-02-18,SMB,North America,Starter,Organic,22,30.4,682,5.0,1,40.2,0.521,0,1,2024-08-29,2025-12-31,97.66,3,2024-07-20,2024-03-23,32.55,2,17.0,0,529.0,0,57.6
C003942,2023-03-23,Startup,North America,Enterprise,Partner,4,548.62,1014,4.0,2,69.6,0.139,0,0,,2025-12-31,9608.77,18,2025-12-05,2023-03-28,533.82,2,0.0,0,26.0,1,46.7
C003943,2025-08-19,Startup,North America,Starter,Organic,2,26.53,134,12.0,5,19.1,0.383,0,1,2025-12-06,2025-12-31,83.77,3,2025-11-12,2025-09-06,27.92,5,20.3,1,49.0,0,51.6
C003944,2025-10-18,Startup,North America,Business,Referral,6,201.87,74,23.0,1,66.9,0.576,0,0,,2025-12-31,215.31,1,2025-12-23,2025-12-23,215.31,3,15.4,0,8.0,1,78.0
C003945,2022-07-06,Mid-Market,North America,Starter,Referral,60,25.73,1274,26.0,1,29.8,0.109,0,0,,2025-12-31,975.08,39,2025-12-18,2022-07-20,25.0,1,19.8,0,13.0,1,63.0
C003946,2024-11-14,Mid-Market,North America,Pro,Referral,37,70.35,412,13.0,1,18.9,0.664,1,0,,2025-12-31,506.87,7,2025-12-01,2024-11-25,72.41,1,14.6,0,30.0,1,64.9
C003947,2022-02-03,SMB,APAC,Pro,Organic,6,86.41,1427,14.0,1,1.8,0.42,0,0,,2025-12-31,2179.9900000000002,26,2025-12-24,2022-03-03,83.85,1,3.1,0,7.0,1,58.8
C003948,2023-06-12,SMB,North America,Free,Partner,6,0.0,933,15.0,2,74.6,0.374,0,0,,2025-12-31,89.07,26,2025-12-21,2023-06-23,3.43,2,57.0,0,10.0,0,64.1
C003949,2025-10-19,SMB,APAC,Free,Referral,13,0.0,73,13.0,1,63.5,0.592,1,0,,2025-12-31,19.8,2,2025-12-28,2025-11-15,9.9,1,0.0,0,3.0,0,67.2
C003950,2022-09-07,SMB,Europe,Starter,Paid Search,22,28.94,1211,18.0,1,23.0,0.786,0,0,,2025-12-31,925.99,30,2025-10-15,2023-01-30,30.87,1,0.0,0,77.0,1,75.5
C003951,2023-06-24,Mid-Market,APAC,Business,Organic,73,227.61,921,7.0,1,48.6,0.177,0,0,,2025-12-31,4041.65,18,2025-12-09,2023-09-07,224.54,1,119.5,0,22.0,1,49.9
C003952,2022-11-10,Mid-Market,LATAM,Pro,Organic,62,81.17,1147,15.0,2,38.2,0.533,0,0,,2025-12-31,1603.04,20,2025-06-07,2022-12-01,80.15,3,48.8,0,207.0,1,65.2
C003953,2024-11-07,SMB,North America,Starter,Partner,24,30.95,419,17.0,0,26.2,0.63,0,0,,2025-12-31,202.97000000000003,7,2025-11-12,2024-11-23,29.0,1,44.7,0,49.0,1,71.7
C003954,2023-10-26,Mid-Market,North America,Pro,Paid Search,58,82.65,797,15.0,0,59.1,0.201,0,0,,2025-12-31,686.23,9,2025-12-16,2024-04-14,76.25,1,39.1,0,15.0,1,60.3
C003955,2024-04-28,SMB,APAC,Free,Sales,4,0.0,612,27.0,0,19.4,0.348,0,0,,2025-12-31,58.25,19,2025-12-27,2024-06-19,3.07,0,0.0,0,4.0,0,71.5
C003956,2025-09-09,SMB,North America,Pro,Referral,13,86.52,113,20.0,2,-19.8,0.458,1,0,,2025-12-31,278.39,3,2025-12-02,2025-10-07,92.8,2,18.7,0,29.0,1,59.6
C003957,2024-01-16,SMB,North America,Business,Referral,6,173.82,715,20.0,2,41.5,0.649,1,0,,2025-12-31,3080.43,18,2025-11-06,2024-01-31,171.14,2,39.8,0,55.0,1,71.5
C003958,2024-11-15,SMB,North America,Business,Sales,24,205.33,411,22.0,2,36.7,0.195,0,0,,2025-12-31,361.04,2,2025-10-06,2025-04-03,180.52,2,25.4,0,86.0,1,61.2
C003959,2022-05-21,SMB,APAC,Business,Partner,9,193.73,1320,14.0,5,20.2,0.126,0,0,,2025-12-31,6774.71,34,2025-12-03,2022-06-21,199.26,5,40.9,1,28.0,1,45.8
C003960,2022-11-04,SMB,North America,Starter,Organic,15,32.27,1153,8.0,0,12.7,0.747,0,0,,2025-12-31,675.18,20,2025-08-18,2022-11-06,33.76,0,0.0,0,135.0,1,65.8
C003961,2025-09-16,Mid-Market,Europe,Starter,Organic,50,30.04,106,15.0,1,-4.0,0.276,0,0,,2025-12-31,94.50999999999999,3,2025-12-16,2025-09-26,31.5,2,11.9,0,15.0,1,54.8
C003962,2025-05-14,SMB,Europe,Business,Referral,18,185.39,231,25.0,1,25.9,0.487,1,1,2025-08-09,2025-12-31,186.89,1,2025-06-03,2025-06-03,186.89,2,20.2,0,211.0,0,71.0
C003963,2024-07-28,SMB,Europe,Free,Paid Search,24,0.0,521,24.0,3,13.1,0.369,0,0,,2025-12-31,5.46,3,2025-10-06,2024-12-09,1.82,3,17.8,0,86.0,0,64.3
C003964,2023-06-25,Mid-Market,North America,Free,Sales,25,0.0,920,9.0,1,59.1,0.458,0,0,,2025-12-31,103.55,16,2025-06-21,2023-06-28,6.47,2,8.4,0,193.0,0,61.2
C003965,2022-10-13,SMB,APAC,Starter,Organic,13,31.41,1175,13.0,0,47.9,0.315,1,0,,2025-12-31,819.8,28,2025-12-12,2022-11-20,29.28,0,0.0,0,19.0,1,58.8
C003966,2025-05-02,Startup,APAC,Business,Organic,5,175.91,243,7.0,3,22.9,0.327,0,0,,2025-12-31,653.53,4,2025-09-03,2025-05-04,163.38,3,18.8,0,119.0,1,48.8
C003967,2025-01-27,Mid-Market,Europe,Pro,Referral,48,75.82,338,0.0,1,48.1,0.093,0,0,,2025-12-31,725.26,10,2025-12-26,2025-03-28,72.53,2,45.1,0,5.0,1,41.1
C003968,2022-12-12,SMB,North America,Enterprise,Referral,18,2935.27,1115,8.0,0,32.3,0.217,0,0,,2025-12-31,62717.76,23,2025-11-14,2023-01-15,2726.86,0,0.0,0,47.0,1,51.9
C003969,2024-04-23,Startup,APAC,Starter,Referral,3,25.74,617,2.0,3,28.3,0.373,0,0,,2025-12-31,214.24,10,2025-12-13,2024-08-14,21.42,3,35.9,0,18.0,1,46.3
C003970,2024-06-03,Startup,APAC,Starter,Organic,5,29.04,576,10.0,1,33.6,0.303,0,0,,2025-12-31,251.45000000000002,9,2025-07-30,2024-10-12,27.94,1,66.0,0,154.0,1,54.9
C003971,2023-11-14,SMB,North America,Starter,Paid Search,15,32.32,778,1.0,1,79.3,0.433,0,0,,2025-12-31,532.73,15,2025-11-11,2024-01-08,35.52,1,3.4,0,50.0,1,55.3
C003972,2025-08-18,SMB,North America,Business,Partner,10,172.97,135,8.0,1,51.1,0.23,0,0,,2025-12-31,117.74,1,2025-11-12,2025-11-12,117.74,1,36.0,0,49.0,1,52.7
C003973,2022-06-27,Startup,North America,Starter,Sales,1,28.45,1283,20.0,0,27.5,0.464,1,0,,2025-12-31,480.65,17,2025-10-28,2022-07-09,28.27,0,0.0,0,64.0,1,67.5
C003974,2023-01-04,SMB,North America,Enterprise,Organic,22,3825.39,1092,23.0,1,57.3,0.492,0,0,,2025-12-31,88626.38,23,2025-10-24,2023-03-26,3853.32,1,48.6,0,68.0,1,74.5
C003975,2022-05-16,Enterprise,North America,Pro,Partner,253,69.96,1325,24.0,0,56.4,0.156,0,0,,2025-12-31,1359.76,19,2025-12-29,2022-08-17,71.57,0,0.0,0,2.0,1,66.7
C003976,2024-09-17,Enterprise,North America,Business,Organic,212,172.2,470,15.0,2,41.5,0.54,1,0,,2025-12-31,2294.08,12,2025-11-21,2024-09-26,191.17,2,130.3,0,40.0,1,63.7
C003977,2024-07-09,SMB,North America,Business,Referral,9,198.03,540,15.0,0,26.8,0.4,0,0,,2025-12-31,3331.34,16,2025-12-26,2024-08-21,208.21,0,0.0,0,5.0,1,63.1
C003978,2025-11-12,SMB,APAC,Pro,Organic,12,89.57,49,27.0,3,25.1,0.308,1,1,2025-12-12,2025-12-31,96.36,1,2025-11-14,2025-11-14,96.36,4,36.8,0,47.0,0,64.4
C003979,2024-02-15,Mid-Market,APAC,Business,Sales,65,208.41,685,15.0,2,8.1,0.362,1,0,,2025-12-31,2547.6,12,2025-12-02,2024-03-30,212.3,3,58.5,0,29.0,1,55.1
C003980,2022-08-04,Mid-Market,APAC,Starter,Organic,41,32.13,1245,2.0,1,39.5,0.653,0,0,,2025-12-31,1150.09,37,2025-11-15,2022-09-13,31.08,1,0.0,0,46.0,1,58.8
C003981,2023-10-07,SMB,Europe,Business,Partner,18,225.19,816,26.0,0,19.8,0.42,1,0,,2025-12-31,3713.06,16,2025-11-18,2024-01-01,232.07,2,51.7,0,43.0,1,70.8
C003982,2022-05-07,SMB,Europe,Business,Referral,23,199.76,1334,17.0,0,24.1,0.248,0,0,,2025-12-31,6724.81,33,2025-12-09,2022-05-21,203.78,1,1.0,0,22.0,1,60.0
C003983,2024-08-17,Startup,North America,Pro,Organic,6,68.86,501,18.0,0,50.6,0.197,0,0,,2025-12-31,480.42,7,2025-11-20,2024-10-28,68.63,0,0.0,0,41.0,1,62.0
C003984,2024-08-22,SMB,APAC,Starter,Organic,8,25.54,496,2.0,1,77.2,0.448,1,0,,2025-12-31,225.0,8,2025-12-18,2024-11-06,28.12,1,57.0,0,13.0,1,54.4
C003985,2025-05-11,Startup,North America,Enterprise,Partner,2,340.27,234,13.0,0,44.4,0.3,1,1,2025-10-12,2025-12-31,2678.68,8,2025-09-11,2025-05-21,334.84,0,0.0,0,111.0,0,58.0
C003986,2023-05-01,Startup,Europe,Enterprise,Partner,1,167.52,975,12.0,1,32.4,0.522,0,0,,2025-12-31,3794.23,23,2025-12-22,2023-07-08,164.97,1,0.0,0,9.0,1,63.1
C003987,2023-03-20,Mid-Market,LATAM,Pro,Referral,51,72.58,1017,22.0,1,34.5,0.331,0,0,,2025-12-31,768.98,11,2025-12-01,2023-08-14,69.91,2,55.6,0,30.0,1,66.5
C003988,2022-04-12,SMB,APAC,Enterprise,Partner,11,1893.72,1359,10.0,4,63.4,0.3,1,0,,2025-12-31,56874.15,30,2025-12-29,2022-08-30,1895.8,5,32.0,0,2.0,1,51.3
C003989,2023-08-17,Enterprise,North America,Pro,Organic,271,72.87,867,9.0,4,44.7,0.411,1,0,,2025-12-31,1026.96,15,2025-12-21,2023-10-13,68.46,5,55.4,0,10.0,1,51.8
C003990,2023-11-11,Startup,APAC,Starter,Sales,1,29.53,781,19.0,1,39.8,0.336,0,0,,2025-12-31,550.77,18,2025-10-23,2023-12-11,30.6,1,25.8,0,69.0,1,64.5
C003991,2024-12-14,Mid-Market,North America,Pro,Organic,32,75.95,382,0.0,3,41.6,0.378,0,1,2025-08-24,2025-12-31,489.39,6,2025-07-28,2025-01-08,81.56,3,6.6,0,156.0,0,46.0
C003992,2024-12-13,SMB,North America,Free,Partner,6,0.0,383,20.0,2,-0.7,0.079,0,0,,2025-12-31,5.59,5,2025-12-08,2025-05-02,1.12,2,20.4,0,23.0,0,52.2
C003993,2022-07-20,Startup,North America,Pro,Sales,5,83.34,1260,0.0,0,44.8,0.163,0,0,,2025-12-31,2033.1299999999999,25,2025-10-16,2023-01-13,81.33,0,0.0,0,76.0,1,44.4
C003994,2023-02-12,Mid-Market,North America,Pro,Sales,54,86.69,1053,6.0,0,13.1,0.369,0,0,,2025-12-31,2421.59,27,2025-12-13,2023-02-12,89.69,0,0.0,0,18.0,1,52.7
C003995,2024-01-02,Startup,APAC,Free,Organic,7,0.0,729,13.0,1,44.9,0.288,0,0,,2025-12-31,122.47,15,2025-11-08,2024-01-03,8.16,1,28.7,0,53.0,0,58.2
C003996,2023-04-25,Enterprise,North America,Starter,Organic,432,28.14,981,5.0,0,16.6,0.356,0,0,,2025-12-31,331.65999999999997,12,2025-12-07,2023-06-14,27.64,0,0.0,0,24.0,1,51.8
C003997,2022-02-06,SMB,North America,Pro,Partner,8,72.51,1424,0.0,0,49.8,0.265,0,0,,2025-12-31,1408.11,19,2025-12-30,2022-04-27,74.11,1,52.8,0,1.0,1,47.9
C003998,2025-04-24,SMB,LATAM,Business,Paid Search,11,200.61,251,11.0,0,31.2,0.092,0,0,,2025-12-31,676.63,4,2025-12-24,2025-05-26,169.16,2,18.2,0,7.0,1,50.7
C003999,2024-11-11,Mid-Market,Europe,Enterprise,Referral,62,8553.56,415,19.0,2,6.4,0.463,1,0,,2025-12-31,47459.71,5,2025-08-07,2024-12-06,9491.94,3,19.7,0,146.0,1,61.5
C004000,2024-01-14,SMB,North America,Starter,Paid Search,7,32.43,717,6.0,2,27.7,0.458,1,0,,2025-12-31,685.37,22,2025-12-01,2024-03-17,31.15,2,13.0,0,30.0,1,51.9
C004001,2023-03-31,Startup,Europe,Business,Organic,1,189.41,1006,7.0,1,90.1,0.394,0,1,2025-07-07,2025-12-31,5308.81,29,2025-05-29,2023-04-03,183.06,1,11.0,0,216.0,0,60.6
C004002,2025-04-20,Mid-Market,Europe,Starter,Paid Search,28,27.51,255,18.0,0,-21.8,0.259,0,0,,2025-12-31,255.07,9,2025-11-29,2025-07-14,28.34,1,60.0,0,32.0,1,56.7
C004003,2022-02-20,SMB,Europe,Free,Partner,10,0.0,1410,26.0,0,39.2,0.409,0,0,,2025-12-31,101.03,40,2025-10-12,2022-03-06,2.53,1,131.0,0,80.0,0,74.4
C004004,2023-10-01,Startup,Europe,Pro,Referral,4,74.92,822,14.0,2,9.7,0.385,0,0,,2025-12-31,1224.46,16,2025-11-26,2023-12-13,76.53,3,31.6,0,35.0,1,57.0
C004005,2025-02-19,SMB,APAC,Starter,Paid Search,14,30.39,315,15.0,0,69.4,0.378,0,0,,2025-12-31,347.24,11,2025-11-14,2025-04-01,31.57,1,47.0,0,47.0,1,66.7
C004006,2025-09-24,Enterprise,North America,Business,Organic,246,225.06,98,23.0,1,55.4,0.252,0,0,,2025-12-31,176.42,1,2025-10-30,2025-10-30,176.42,3,70.7,0,62.0,1,67.1
C004007,2022-12-26,Startup,Europe,Starter,Paid Search,6,29.09,1101,1.0,1,39.6,0.264,0,0,,2025-12-31,574.95,21,2025-10-23,2023-01-30,27.38,1,22.4,0,69.0,1,46.3
C004008,2024-07-19,Enterprise,North America,Starter,Partner,433,31.69,530,27.0,0,57.9,0.366,2,0,,2025-12-31,438.53000000000003,13,2025-11-29,2024-08-07,33.73,0,0.0,0,32.0,1,71.9
C004009,2022-09-29,SMB,APAC,Pro,Referral,7,74.9,1189,13.0,1,41.1,0.467,0,0,,2025-12-31,2496.14,33,2025-12-17,2022-10-09,75.64,1,42.5,0,14.0,1,63.2
C004010,2022-06-15,SMB,North America,Free,Referral,17,0.0,1295,10.0,1,35.2,0.607,0,0,,2025-12-31,147.23000000000002,30,2025-12-04,2022-07-10,4.91,2,44.2,0,27.0,0,64.2
C004011,2023-05-20,SMB,North America,Starter,Sales,21,32.49,956,17.0,2,20.0,0.789,0,0,,2025-12-31,921.74,28,2025-09-13,2023-07-03,32.92,2,17.4,0,109.0,1,72.8
C004012,2025-06-19,Mid-Market,LATAM,Starter,Paid Search,51,25.11,195,25.0,0,26.0,0.4,0,0,,2025-12-31,209.0,8,2025-12-12,2025-06-22,26.12,0,0.0,0,19.0,1,71.9
C004013,2024-09-12,Mid-Market,Europe,Starter,Sales,16,29.05,475,26.0,2,23.4,0.39,0,0,,2025-12-31,208.07,8,2025-12-02,2024-12-05,26.01,2,20.0,1,29.0,1,69.3
C004014,2023-12-01,SMB,North America,Business,Organic,17,218.76,761,21.0,0,35.3,0.663,1,0,,2025-12-31,2610.44,13,2025-12-23,2024-02-04,200.8,1,2.7,0,8.0,1,75.2
C004015,2023-02-09,Mid-Market,North America,Free,Partner,20,0.0,1056,13.0,1,-12.3,0.742,0,0,,2025-12-31,41.07,18,2025-10-29,2023-03-07,2.28,1,0.0,0,63.0,0,66.1
C004016,2022-07-22,SMB,North America,Pro,Paid Search,4,69.56,1258,4.0,0,60.7,0.295,1,0,,2025-12-31,1736.01,25,2025-10-17,2023-02-20,69.44,1,39.9,0,75.0,1,51.5
C004017,2023-01-23,SMB,LATAM,Pro,Referral,14,68.58,1073,5.0,1,83.7,0.221,0,0,,2025-12-31,1742.79,24,2025-12-12,2023-02-26,72.62,1,26.6,0,19.0,1,53.0
C004018,2022-08-07,SMB,Europe,Pro,Referral,23,88.04,1242,23.0,1,24.2,0.687,0,0,,2025-12-31,2436.21,28,2025-12-06,2022-11-09,87.01,3,53.4,0,25.0,1,77.1
C004019,2022-09-25,Mid-Market,North America,Pro,Organic,17,76.77,1193,3.0,0,64.4,0.416,1,0,,2025-12-31,2145.29,28,2025-11-19,2022-10-15,76.62,1,0.0,0,42.0,1,54.6
C004020,2024-09-10,Mid-Market,Europe,Pro,Sales,63,78.13,477,13.0,2,31.6,0.017,0,0,,2025-12-31,919.88,12,2025-11-14,2024-09-11,76.66,2,42.9,0,47.0,1,47.3
C004021,2022-07-09,Startup,Europe,Business,Sales,1,179.87,1271,11.0,1,19.9,0.206,2,0,,2025-12-31,4291.63,23,2025-11-24,2022-08-05,186.59,1,0.0,0,37.0,1,47.5
C004022,2022-03-09,SMB,North America,Starter,Sales,5,28.74,1393,19.0,3,25.5,0.664,0,0,,2025-12-31,662.97,24,2025-11-18,2022-03-11,27.62,3,31.4,0,43.0,1,69.9
C004023,2024-02-15,Enterprise,APAC,Business,Paid Search,471,193.97,685,9.0,1,37.1,0.532,0,0,,2025-12-31,3227.31,16,2025-12-30,2024-02-23,201.71,1,49.3,0,1.0,1,61.2
C004024,2023-02-14,Mid-Market,North America,Free,Sales,63,0.0,1051,19.0,0,17.0,0.377,2,0,,2025-12-31,64.19,18,2025-12-23,2023-06-15,3.57,0,0.0,0,8.0,0,61.0
C004025,2023-10-13,Mid-Market,APAC,Pro,Referral,35,69.36,810,14.0,1,50.2,0.231,1,0,,2025-12-31,1123.35,16,2025-12-25,2024-02-06,70.21,1,13.0,0,6.0,1,56.0
C004026,2022-07-19,Startup,APAC,Pro,Partner,7,82.27,1261,24.0,3,22.0,0.112,0,0,,2025-12-31,1927.78,23,2025-10-15,2022-10-06,83.82,5,62.5,0,77.0,1,57.5
C004027,2022-10-28,Mid-Market,North America,Starter,Paid Search,42,33.1,1160,5.0,1,8.2,0.271,0,0,,2025-12-31,808.29,23,2025-09-16,2022-10-30,35.14,1,5.9,0,106.0,1,46.9
C004028,2023-09-23,Enterprise,APAC,Free,Referral,415,0.0,830,21.0,1,34.5,0.324,1,1,2025-11-02,2025-12-31,138.99,22,2025-11-01,2023-12-31,6.32,1,45.4,0,60.0,0,63.4
C004029,2024-09-13,SMB,APAC,Free,Referral,20,0.0,474,20.0,0,17.7,0.767,2,0,,2025-12-31,85.82000000000001,15,2025-12-24,2024-09-14,5.72,0,0.0,0,7.0,0,73.6
C004030,2023-08-16,Enterprise,Europe,Free,Partner,122,0.0,868,23.0,1,26.8,0.543,0,0,,2025-12-31,12.06,15,2025-11-01,2023-11-13,0.8,3,61.2,1,60.0,0,73.0
C004031,2024-02-14,Mid-Market,Europe,Pro,Sales,56,78.6,686,13.0,0,33.6,0.252,0,0,,2025-12-31,1873.38,23,2025-12-26,2024-04-09,81.45,0,0.0,0,5.0,1,57.5
C004032,2024-01-17,Startup,North America,Starter,Organic,5,27.79,714,8.0,2,1.5,0.357,0,0,,2025-12-31,342.6,13,2025-11-30,2024-03-29,26.35,2,7.0,0,31.0,1,50.0
C004033,2023-01-20,SMB,North America,Business,Partner,11,212.13,1076,14.0,2,71.5,0.173,0,0,,2025-12-31,4165.46,21,2025-12-14,2023-03-20,198.36,4,18.4,1,17.0,1,56.8
C004034,2023-02-04,Enterprise,APAC,Business,Paid Search,295,226.24,1061,27.0,1,55.3,0.624,0,0,,2025-12-31,3714.78,16,2025-09-22,2023-05-14,232.17,1,56.3,0,100.0,1,81.9
C004035,2023-09-01,SMB,North America,Starter,Paid Search,8,31.3,852,5.0,2,19.2,0.207,0,1,2024-08-02,2025-12-31,146.38,5,2024-07-20,2023-10-09,29.28,2,26.8,0,529.0,0,44.6
C004036,2022-02-15,Mid-Market,North America,Starter,Paid Search,31,26.3,1415,18.0,2,34.5,0.313,0,0,,2025-12-31,991.92,37,2025-12-18,2022-02-17,26.81,2,40.0,0,13.0,1,60.9
C004037,2024-09-07,Mid-Market,Europe,Starter,Paid Search,73,31.77,480,6.0,1,50.9,0.552,0,0,,2025-12-31,429.07,13,2025-11-07,2024-11-16,33.01,1,0.0,0,54.0,1,60.5
C004038,2024-05-28,SMB,North America,Business,Paid Search,23,170.99,582,21.0,3,40.2,0.664,0,0,,2025-12-31,2709.64,14,2025-10-30,2024-06-16,193.55,4,25.2,0,62.0,1,73.2
C004039,2023-03-14,SMB,APAC,Starter,Organic,21,30.59,1023,11.0,0,82.0,0.499,0,0,,2025-12-31,745.32,23,2025-12-27,2023-09-30,32.41,1,65.6,0,4.0,1,68.0
C004040,2023-06-19,SMB,APAC,Free,Organic,12,0.0,926,24.0,1,29.0,0.512,0,0,,2025-12-31,55.53,15,2025-12-10,2023-09-08,3.7,1,140.1,0,21.0,0,73.2
C004041,2023-04-16,Startup,APAC,Enterprise,Referral,2,352.19,990,4.0,1,64.7,0.341,0,0,,2025-12-31,7817.84,24,2025-11-04,2023-05-12,325.74,1,120.9,0,57.0,1,53.8
C004042,2024-07-20,Mid-Market,North America,Pro,Paid Search,25,88.27,529,3.0,2,1.6,0.386,0,0,,2025-12-31,594.01,8,2025-11-22,2024-08-04,74.25,2,34.5,0,39.0,1,46.4
C004043,2024-12-22,Startup,Europe,Starter,Organic,6,30.31,374,26.0,0,5.5,0.519,0,0,,2025-12-31,317.49,10,2025-12-07,2025-02-10,31.75,2,32.0,0,24.0,1,74.3
C004044,2022-06-05,SMB,APAC,Business,Organic,7,183.61,1305,9.0,1,77.1,0.314,0,0,,2025-12-31,4011.1,23,2025-09-03,2022-07-16,174.4,1,10.6,0,119.0,1,58.7
C004045,2023-08-15,Mid-Market,North America,Enterprise,Organic,50,7270.19,869,2.0,2,24.2,0.075,0,0,,2025-12-31,123866.11,16,2025-10-04,2023-11-24,7741.63,2,12.4,0,88.0,1,38.5
C004046,2022-01-20,Startup,APAC,Pro,Organic,4,72.38,1441,23.0,2,5.8,0.394,0,0,,2025-12-31,2387.43,33,2025-10-23,2022-02-25,72.35,2,30.6,0,69.0,1,64.9
C004047,2023-10-09,Enterprise,Europe,Starter,Sales,424,27.35,814,11.0,2,33.8,0.147,0,0,,2025-12-31,421.98,15,2025-11-03,2024-06-30,28.13,2,62.5,0,58.0,1,49.6
C004048,2022-12-22,SMB,North America,Pro,Partner,10,79.05,1105,25.0,2,66.6,0.606,0,0,,2025-12-31,1680.9,23,2025-11-30,2023-02-16,73.08,2,77.8,0,31.0,1,79.2
C004049,2023-04-26,SMB,North America,Starter,Paid Search,16,25.12,980,12.0,0,15.9,0.556,0,0,,2025-12-31,287.94,12,2025-09-05,2023-07-28,24.0,1,0.0,0,117.0,1,64.0
C004050,2023-10-15,Mid-Market,Europe,Pro,Paid Search,50,85.54,808,21.0,1,34.0,0.323,0,0,,2025-12-31,1190.24,13,2025-10-12,2023-11-13,91.56,2,43.0,0,80.0,1,65.3
C004051,2023-04-08,Startup,North America,Starter,Organic,7,28.99,998,16.0,3,-11.4,0.234,1,0,,2025-12-31,669.12,22,2025-12-03,2023-05-13,30.41,3,44.2,0,28.0,1,48.7
C004052,2023-07-18,Mid-Market,APAC,Pro,Referral,40,80.38,897,13.0,1,23.3,0.212,2,0,,2025-12-31,1429.41,18,2025-12-22,2023-08-29,79.41,2,12.9,0,9.0,1,49.8
C004053,2024-12-29,Startup,Europe,Business,Sales,5,207.82,367,13.0,2,59.9,0.513,1,0,,2025-12-31,2537.44,12,2025-09-13,2025-03-03,211.45,3,14.0,0,109.0,1,63.0
C004054,2025-03-04,Enterprise,North America,Enterprise,Organic,196,28124.49,302,7.0,0,15.4,0.517,0,0,,2025-12-31,73632.26999999999,2,2025-09-09,2025-04-21,36816.13,1,25.9,0,113.0,1,58.3
C004055,2022-01-09,Mid-Market,APAC,Business,Organic,24,205.14,1452,20.0,0,3.2,0.626,0,0,,2025-12-31,4276.7,20,2025-11-20,2022-02-17,213.83,1,63.4,0,41.0,1,72.0
C004056,2023-06-25,Mid-Market,Europe,Free,Partner,46,0.0,920,14.0,1,15.6,0.862,0,0,,2025-12-31,90.28,21,2025-12-14,2023-07-25,4.3,1,24.2,0,17.0,0,73.4
C004057,2025-04-26,Startup,North America,Starter,Organic,1,28.73,249,0.0,2,19.8,0.545,2,1,2025-12-20,2025-12-31,122.06,4,2025-12-15,2025-05-03,30.52,2,28.3,0,16.0,0,46.3
C004058,2024-01-29,Mid-Market,LATAM,Pro,Organic,30,81.41,702,11.0,1,54.1,0.672,2,0,,2025-12-31,1322.08,17,2025-12-18,2024-03-03,77.77,1,5.6,1,13.0,1,64.9
C004059,2022-10-21,Startup,APAC,Starter,Partner,4,26.76,1167,11.0,2,44.5,0.415,0,0,,2025-12-31,527.49,20,2025-09-26,2022-11-12,26.37,3,21.4,1,96.0,1,58.7
C004060,2024-04-28,Mid-Market,Europe,Free,Partner,25,0.0,612,24.0,0,49.3,0.559,0,0,,2025-12-31,61.4,12,2025-12-22,2024-07-19,5.12,0,0.0,0,9.0,0,78.1
C004061,2022-07-27,SMB,APAC,Business,Organic,11,193.84,1253,11.0,4,35.7,0.544,0,0,,2025-12-31,3223.98,16,2025-12-21,2022-09-12,201.5,4,13.2,0,10.0,1,58.7
C004062,2022-02-01,Mid-Market,Europe,Starter,Referral,21,25.98,1429,15.0,2,19.5,0.19,0,0,,2025-12-31,892.59,34,2025-12-14,2022-04-02,26.25,4,35.9,0,17.0,1,53.0
C004063,2024-06-23,Enterprise,Europe,Free,Organic,350,0.0,556,2.0,2,15.6,0.068,0,1,2025-04-20,2025-12-31,9.82,3,2024-12-30,2024-08-03,3.27,3,13.4,0,366.0,0,37.4
C004064,2024-01-07,Startup,North America,Pro,Paid Search,2,84.33,724,10.0,1,45.8,0.739,0,0,,2025-12-31,1195.88,13,2025-10-28,2024-03-30,91.99,1,44.7,0,64.0,1,69.2
C004065,2024-12-17,SMB,North America,Enterprise,Referral,10,1652.1,379,7.0,1,74.7,0.255,1,1,2025-08-06,2025-12-31,6552.09,4,2025-04-08,2024-12-19,1638.02,1,50.5,0,267.0,0,52.9
C004066,2023-05-09,SMB,Europe,Pro,Partner,16,70.91,967,13.0,0,11.5,0.333,0,0,,2025-12-31,1486.19,20,2025-12-19,2023-06-12,74.31,0,0.0,0,12.0,1,57.7
C004067,2025-05-06,SMB,Europe,Starter,Partner,20,28.93,239,25.0,2,9.6,0.646,0,0,,2025-12-31,119.13,4,2025-10-08,2025-06-17,29.78,4,16.5,0,84.0,1,74.7
C004068,2023-08-26,SMB,APAC,Pro,Partner,17,88.81,858,26.0,2,6.6,0.168,0,0,,2025-12-31,1485.42,17,2025-09-23,2023-09-09,87.38,6,35.5,1,99.0,1,60.9
C004069,2024-11-21,SMB,Europe,Enterprise,Partner,17,3051.43,405,8.0,0,55.8,0.41,1,0,,2025-12-31,22986.510000000002,7,2025-11-22,2025-03-29,3283.79,0,0.0,0,39.0,1,58.0
C004070,2022-05-24,Startup,Europe,Free,Referral,4,0.0,1317,17.0,3,33.9,0.262,0,0,,2025-12-31,78.65,24,2025-07-22,2022-08-31,3.28,3,10.0,0,162.0,0,56.9
C004071,2022-05-19,SMB,APAC,Pro,Partner,18,88.85,1322,26.0,2,48.9,0.197,3,0,,2025-12-31,3176.87,35,2025-12-25,2022-07-26,90.77,2,85.3,1,6.0,1,60.0
C004072,2025-01-24,SMB,LATAM,Pro,Paid Search,18,87.26,341,6.0,1,22.3,0.293,0,0,,2025-12-31,386.82,5,2025-11-16,2025-02-02,77.36,1,20.3,0,45.0,1,49.9
C004073,2025-04-07,SMB,North America,Pro,Referral,9,70.03,268,12.0,1,50.5,0.29,1,0,,2025-12-31,303.65999999999997,4,2025-10-31,2025-05-28,75.91,2,0.0,0,61.0,1,56.0
C004074,2025-09-09,SMB,LATAM,Starter,Organic,9,27.08,113,14.0,1,27.8,0.622,0,0,,2025-12-31,17.84,1,2025-12-16,2025-12-16,17.84,2,53.5,0,15.0,1,67.4
C004075,2023-04-10,SMB,APAC,Enterprise,Referral,4,593.94,996,0.0,1,-3.6,0.287,0,0,,2025-12-31,10999.03,18,2025-11-28,2023-04-11,611.06,3,20.0,0,33.0,1,41.8
C004076,2022-02-01,SMB,North America,Starter,Organic,19,24.99,1429,13.0,1,58.1,0.441,1,0,,2025-12-31,599.43,24,2025-12-14,2022-02-16,24.98,1,0.0,0,17.0,1,62.1
C004077,2025-11-02,SMB,North America,Free,Paid Search,3,0.0,59,3.0,0,34.1,0.578,1,0,,2025-12-31,0.0,1,2025-11-16,2025-11-16,0.0,1,17.2,0,45.0,0,56.4
C004078,2024-05-09,SMB,North America,Free,Referral,17,0.0,601,8.0,0,27.2,0.553,0,0,,2025-12-31,39.01,14,2025-12-19,2024-08-29,2.79,1,64.8,0,12.0,0,61.5
C004079,2022-12-20,Startup,Europe,Pro,Partner,3,68.38,1107,3.0,0,42.0,0.196,0,0,,2025-12-31,1843.26,27,2025-11-03,2023-02-11,68.27,2,15.2,1,58.0,1,47.8
C004080,2024-12-28,Startup,Europe,Free,Organic,7,0.0,368,20.0,1,-1.1,0.322,0,0,,2025-12-31,10.81,2,2025-10-20,2025-01-06,5.4,1,14.0,0,72.0,0,60.9
C004081,2025-07-16,Startup,Europe,Business,Paid Search,7,181.98,168,23.0,1,45.8,0.406,0,0,,2025-12-31,470.58,3,2025-11-12,2025-09-06,156.86,2,49.9,0,49.0,1,70.8
C004082,2023-02-12,SMB,APAC,Business,Referral,6,184.83,1053,7.0,0,20.1,0.78,0,0,,2025-12-31,3494.45,20,2025-08-17,2023-06-05,174.72,0,0.0,0,136.0,1,66.7
C004083,2025-01-05,SMB,North America,Free,Sales,20,0.0,360,1.0,3,31.1,0.455,0,1,2025-08-10,2025-12-31,37.84,3,2025-04-23,2025-03-17,12.61,3,41.4,0,252.0,0,48.2
C004084,2025-01-31,Mid-Market,North America,Business,Paid Search,77,169.84,334,13.0,0,63.5,0.128,0,0,,2025-12-31,1106.1100000000001,6,2025-12-13,2025-03-22,184.35,3,28.6,1,18.0,1,56.8
C004085,2023-12-19,SMB,APAC,Enterprise,Organic,23,3852.31,743,3.0,0,51.1,0.15,0,0,,2025-12-31,43988.91,11,2025-11-01,2024-02-20,3998.99,1,27.7,0,60.0,1,47.3
C004086,2024-06-23,Mid-Market,LATAM,Free,Paid Search,66,0.0,556,12.0,2,30.6,0.436,0,0,,2025-12-31,42.85,11,2025-09-17,2024-07-10,3.9,4,13.8,0,105.0,0,58.9
C004087,2023-01-21,Enterprise,APAC,Pro,Paid Search,263,89.88,1075,15.0,1,32.5,0.562,1,0,,2025-12-31,2326.04,27,2025-11-21,2023-01-29,86.15,2,44.7,0,40.0,1,65.0
C004088,2025-08-21,Startup,North America,Enterprise,Organic,5,895.19,132,13.0,1,-29.0,0.467,1,1,2025-10-27,2025-12-31,1811.81,2,2025-10-23,2025-10-12,905.9,2,21.4,0,69.0,0,54.2
C004089,2025-11-06,Startup,North America,Business,Referral,5,171.55,55,14.0,2,14.5,0.437,0,0,,2025-12-31,751.59,4,2025-12-17,2025-11-08,187.9,3,25.2,1,14.0,1,59.1
C004090,2025-11-03,SMB,North America,Pro,Paid Search,20,86.81,58,15.0,0,39.2,0.349,1,0,,2025-12-31,52.87,1,2025-11-16,2025-11-16,52.87,0,0.0,0,45.0,1,60.8
C004091,2024-11-20,Mid-Market,Europe,Business,Paid Search,55,209.52,406,4.0,0,15.9,0.234,0,0,,2025-12-31,1609.36,8,2025-12-16,2025-01-11,201.17,0,0.0,0,15.0,1,47.2
C004092,2022-03-02,SMB,North America,Pro,Paid Search,12,76.85,1400,19.0,1,1.8,0.432,0,0,,2025-12-31,2462.89,33,2025-10-15,2022-03-24,74.63,1,173.0,0,77.0,1,63.6
C004093,2023-06-09,SMB,LATAM,Starter,Organic,24,26.66,936,18.0,2,47.0,0.572,0,0,,2025-12-31,286.03,10,2025-11-13,2024-05-10,28.6,3,25.0,1,48.0,1,69.9
C004094,2023-09-29,Startup,Europe,Starter,Paid Search,7,29.59,824,4.0,1,67.7,0.365,0,0,,2025-12-31,505.29,18,2025-12-30,2023-10-12,28.07,3,84.2,0,1.0,1,54.8
C004095,2025-10-04,Startup,Europe,Pro,Paid Search,4,88.7,88,12.0,0,17.0,0.294,0,1,2025-11-22,2025-12-31,329.68,4,2025-11-21,2025-10-07,82.42,1,14.6,0,40.0,0,56.2
C004096,2024-02-22,Mid-Market,North America,Starter,Paid Search,64,25.65,678,8.0,1,56.9,0.702,2,1,2025-09-11,2025-12-31,345.88,13,2025-08-11,2024-03-25,26.61,1,16.2,0,142.0,0,63.4
C004097,2024-02-06,Mid-Market,North America,Starter,Partner,49,32.65,694,11.0,0,53.1,0.143,0,0,,2025-12-31,481.17,14,2025-10-10,2024-04-23,34.37,0,0.0,0,82.0,1,54.4
C004098,2022-07-29,Mid-Market,Europe,Starter,Paid Search,63,30.58,1251,21.0,2,10.6,0.649,0,0,,2025-12-31,661.3199999999999,23,2025-10-08,2022-11-28,28.75,2,50.2,0,84.0,1,71.3
C004099,2025-02-09,Enterprise,APAC,Business,Partner,216,173.47,325,16.0,1,16.8,0.226,0,0,,2025-12-31,867.62,5,2025-10-17,2025-03-06,173.52,1,132.1,0,75.0,1,56.2
C004100,2023-04-26,Mid-Market,North America,Pro,Sales,23,78.86,980,25.0,2,80.1,0.366,0,0,,2025-12-31,1777.84,21,2025-12-30,2023-05-18,84.66,2,90.2,0,1.0,1,73.3
C004101,2022-05-12,Enterprise,APAC,Starter,Paid Search,254,25.16,1329,15.0,1,7.1,0.357,0,0,,2025-12-31,836.57,32,2025-12-19,2022-06-28,26.14,1,7.0,0,12.0,1,58.3
C004102,2025-11-13,Enterprise,North America,Starter,Paid Search,99,30.65,48,1.0,1,19.8,0.296,0,1,2025-11-25,2025-12-31,36.49,1,2025-11-17,2025-11-17,36.49,1,9.8,0,44.0,0,45.3
C004103,2022-09-29,Mid-Market,North America,Free,Referral,58,0.0,1189,19.0,1,84.1,0.169,1,0,,2025-12-31,91.55,27,2025-08-03,2022-10-20,3.39,1,56.3,0,150.0,0,61.9
C004104,2022-01-24,Mid-Market,LATAM,Free,Paid Search,52,0.0,1437,2.0,0,20.8,0.237,1,0,,2025-12-31,201.7,45,2025-07-24,2022-03-08,4.48,1,40.1,0,160.0,0,44.0
C004105,2022-04-22,SMB,North America,Pro,Paid Search,24,69.59,1349,9.0,0,68.8,0.164,0,0,,2025-12-31,1868.58,26,2025-11-12,2022-04-29,71.87,1,61.9,0,49.0,1,54.8
C004106,2023-10-10,Enterprise,North America,Free,Referral,374,0.0,813,26.0,1,9.4,0.584,0,0,,2025-12-31,184.07,24,2025-12-17,2023-10-12,7.67,1,0.0,0,14.0,0,75.2
C004107,2022-05-28,Startup,Europe,Enterprise,Partner,5,746.56,1313,27.0,2,38.5,0.096,2,0,,2025-12-31,19732.34,26,2025-11-28,2022-07-05,758.94,2,81.1,1,33.0,1,58.8
C004108,2025-04-19,Mid-Market,North America,Starter,Sales,79,28.97,256,4.0,1,62.1,0.177,0,0,,2025-12-31,234.81,8,2025-12-12,2025-05-15,29.35,1,34.0,0,19.0,1,48.6
C004109,2024-01-03,Enterprise,North America,Free,Paid Search,448,0.0,728,27.0,2,23.3,0.301,0,0,,2025-12-31,53.27,13,2025-12-16,2024-01-20,4.1,2,35.8,0,15.0,0,67.5
C004110,2023-04-09,Enterprise,North America,Business,Paid Search,377,202.72,997,27.0,1,37.5,0.612,0,0,,2025-12-31,4976.46,24,2025-11-24,2023-05-25,207.35,3,12.5,0,37.0,1,79.7
C004111,2022-01-05,SMB,North America,Starter,Organic,5,25.6,1456,24.0,0,53.6,0.842,0,0,,2025-12-31,859.96,36,2025-11-10,2022-01-26,23.89,0,0.0,0,51.0,1,87.0
C004112,2023-11-18,Mid-Market,Europe,Starter,Organic,69,30.73,774,23.0,1,12.5,0.502,0,0,,2025-12-31,438.15999999999997,14,2025-12-11,2024-01-12,31.3,3,76.1,0,20.0,1,70.3
C004113,2022-08-05,SMB,North America,Free,Paid Search,11,0.0,1244,2.0,1,91.0,0.408,0,0,,2025-12-31,158.09,27,2025-12-15,2022-08-28,5.86,1,0.0,0,16.0,0,56.6
C004114,2025-10-30,Enterprise,APAC,Pro,Organic,112,89.75,62,3.0,0,60.9,0.206,0,0,,2025-12-31,154.97,2,2025-12-27,2025-11-03,77.48,1,28.8,0,4.0,1,49.9
C004115,2023-02-21,Startup,APAC,Starter,Paid Search,1,29.71,1044,17.0,0,26.1,0.517,0,0,,2025-12-31,638.86,20,2025-10-18,2023-04-08,31.94,1,63.9,0,74.0,1,68.3
C004116,2023-11-11,Mid-Market,North America,Business,Organic,50,223.36,781,2.0,1,29.1,0.401,0,0,,2025-12-31,3933.46,17,2025-11-27,2023-11-14,231.38,1,0.0,0,34.0,1,50.2
C004117,2022-01-27,SMB,North America,Pro,Organic,13,69.15,1434,7.0,2,82.8,0.05,1,0,,2025-12-31,2347.27,32,2025-08-14,2022-02-15,73.35,4,21.0,0,139.0,1,46.0
C004118,2022-07-07,Startup,North America,Business,Paid Search,5,187.55,1273,27.0,3,26.1,0.152,0,0,,2025-12-31,2858.07,17,2025-06-25,2022-08-28,168.12,3,47.3,0,189.0,1,61.8
C004119,2022-10-24,Mid-Market,North America,Pro,Partner,55,80.28,1164,25.0,1,23.2,0.798,0,0,,2025-12-31,1934.63,25,2025-08-09,2022-10-26,77.39,2,110.8,0,144.0,1,82.1
C004120,2022-03-15,Mid-Market,North America,Business,Paid Search,32,204.4,1387,7.0,0,63.7,0.575,1,0,,2025-12-31,6707.02,32,2025-12-15,2022-04-14,209.59,0,0.0,0,16.0,1,62.9
C004121,2024-11-04,Startup,APAC,Pro,Referral,4,86.16,422,15.0,1,-0.0,0.026,1,0,,2025-12-31,766.02,9,2025-12-29,2024-12-29,85.11,1,30.3,0,2.0,1,45.7
C004122,2025-09-13,Mid-Market,North America,Pro,Organic,61,67.52,109,15.0,1,33.0,0.582,0,0,,2025-12-31,80.87,1,2025-09-30,2025-09-30,80.87,1,15.1,0,92.0,1,67.7
C004123,2025-11-10,Enterprise,Europe,Pro,Organic,163,83.93,51,7.0,0,37.1,0.412,1,0,,2025-12-31,71.43,1,2025-12-06,2025-12-06,71.43,1,79.5,0,25.0,1,55.3
C004124,2023-01-16,SMB,Europe,Pro,Sales,3,80.24,1080,6.0,1,17.4,0.442,1,0,,2025-12-31,1915.43,25,2025-12-09,2023-02-08,76.62,2,52.4,0,22.0,1,51.9
C004125,2025-02-01,Enterprise,APAC,Free,Sales,311,0.0,333,12.0,2,-4.1,0.459,1,1,2025-06-03,2025-12-31,18.3,2,2025-05-11,2025-04-10,9.15,2,0.0,0,234.0,0,54.1
C004126,2023-12-22,Startup,North America,Pro,Paid Search,1,86.22,740,16.0,0,36.7,0.409,0,0,,2025-12-31,1098.24,12,2025-11-19,2024-04-07,91.52,0,0.0,0,42.0,1,65.2
C004127,2022-03-07,SMB,North America,Starter,Paid Search,4,27.28,1395,22.0,1,52.2,0.394,0,0,,2025-12-31,580.73,22,2025-11-10,2022-03-30,26.4,1,17.8,0,51.0,1,70.2
C004128,2022-05-10,SMB,LATAM,Pro,Referral,13,67.59,1331,23.0,0,18.0,0.274,0,0,,2025-12-31,1615.0,23,2025-09-04,2022-06-02,70.22,0,0.0,0,118.0,1,65.6
C004129,2024-02-23,Mid-Market,North America,Free,Paid Search,20,0.0,677,0.0,1,5.5,0.613,0,0,,2025-12-31,62.14,21,2025-11-07,2024-02-25,2.96,2,24.2,0,54.0,0,52.4
C004130,2023-08-29,SMB,Europe,Free,Organic,21,0.0,855,18.0,2,66.4,0.26,0,0,,2025-12-31,72.63,19,2025-11-26,2023-09-22,3.82,2,11.0,0,35.0,0,62.5
C004131,2022-01-12,SMB,Europe,Free,Organic,18,0.0,1449,17.0,0,48.2,0.515,0,0,,2025-12-31,156.14000000000001,28,2025-11-24,2022-01-30,5.58,0,0.0,0,37.0,0,70.4
C004132,2025-08-23,Enterprise,Europe,Starter,Organic,194,25.52,130,1.0,0,26.0,0.131,0,0,,2025-12-31,67.69,3,2025-11-19,2025-09-19,22.56,0,0.0,0,42.0,1,42.4
C004133,2024-11-10,Startup,North America,Free,Referral,2,0.0,416,23.0,0,58.0,0.328,0,1,2025-07-30,2025-12-31,26.29,5,2025-07-20,2024-11-15,5.26,0,0.0,0,164.0,0,71.2
C004134,2023-12-20,SMB,North America,Free,Partner,4,0.0,742,16.0,1,41.0,0.186,0,0,,2025-12-31,112.86,13,2025-05-04,2024-03-30,8.68,2,6.6,0,241.0,0,57.5
C004135,2025-11-12,SMB,Europe,Pro,Organic,15,67.74,49,20.0,0,79.7,0.49,0,0,,2025-12-31,199.68,3,2025-12-31,2025-11-15,66.56,0,0.0,0,0.0,1,75.5
C004136,2025-10-20,Mid-Market,Europe,Starter,Organic,26,25.12,72,18.0,1,51.6,0.51,0,0,,2025-12-31,21.6,1,2025-12-02,2025-12-02,21.6,1,4.4,0,29.0,1,70.0
C004137,2025-10-24,Mid-Market,APAC,Enterprise,Organic,62,8430.58,68,9.0,1,0.3,0.09,0,0,,2025-12-31,36670.66,4,2025-12-25,2025-11-07,9167.67,1,28.1,0,6.0,1,44.3
C004138,2023-01-06,SMB,APAC,Business,Referral,13,172.65,1090,5.0,2,18.5,0.752,0,0,,2025-12-31,3879.03,22,2025-11-26,2023-03-19,176.32,2,78.6,0,35.0,1,60.9
C004139,2025-06-13,SMB,LATAM,Free,Sales,18,0.0,201,10.0,1,19.7,0.598,0,1,2025-10-01,2025-12-31,0.0,2,2025-06-28,2025-06-25,0.0,1,68.1,0,186.0,0,62.3
C004140,2023-12-23,Mid-Market,LATAM,Starter,Paid Search,31,30.38,739,21.0,1,42.7,0.511,0,0,,2025-12-31,485.16,16,2025-08-29,2024-01-27,30.32,1,51.2,0,124.0,1,71.8
C004141,2024-11-04,Enterprise,APAC,Starter,Referral,169,29.03,422,17.0,1,27.4,0.276,1,1,2025-09-21,2025-12-31,316.76,10,2025-07-24,2025-01-09,31.68,2,5.5,0,160.0,0,57.7
C004142,2025-05-14,Startup,North America,Starter,Organic,7,25.4,231,17.0,2,6.8,0.376,0,0,,2025-12-31,98.58,4,2025-11-13,2025-06-30,24.64,2,4.4,0,48.0,1,59.1
C004143,2022-08-22,Mid-Market,Europe,Pro,Partner,53,75.58,1227,3.0,1,49.7,0.33,0,1,2023-07-13,2025-12-31,517.85,7,2023-05-24,2022-09-16,73.98,2,93.6,0,952.0,0,51.0
C004144,2023-10-04,Mid-Market,Europe,Pro,Paid Search,43,76.77,819,0.0,0,60.0,0.457,1,0,,2025-12-31,1573.2,19,2025-07-24,2023-10-25,82.8,1,19.3,0,160.0,1,52.7
C004145,2022-07-04,SMB,Europe,Pro,Organic,4,82.18,1276,18.0,0,32.4,0.608,0,0,,2025-12-31,3274.4,38,2025-12-20,2022-07-06,86.17,0,0.0,0,11.0,1,72.6
C004146,2023-02-04,Enterprise,North America,Starter,Paid Search,325,26.92,1061,26.0,3,40.2,0.307,0,0,,2025-12-31,595.89,24,2025-11-09,2023-05-11,24.83,3,35.0,0,52.0,1,66.9
C004147,2023-08-15,Enterprise,Europe,Pro,Referral,384,67.26,869,10.0,2,10.8,0.534,1,1,2024-10-03,2025-12-31,691.15,10,2024-09-21,2023-09-22,69.11,2,27.0,0,466.0,0,56.0
C004148,2025-05-08,Enterprise,North America,Starter,Organic,182,25.21,237,12.0,1,21.9,0.578,0,1,2025-12-03,2025-12-31,159.15,6,2025-10-10,2025-05-26,26.52,2,70.6,0,82.0,0,63.7
C004149,2025-05-18,Startup,North America,Business,Paid Search,5,172.15,227,26.0,0,23.0,0.399,0,0,,2025-12-31,279.1,2,2025-10-29,2025-10-07,139.55,0,0.0,0,63.0,1,72.5
C004150,2023-07-12,Mid-Market,APAC,Enterprise,Referral,29,5084.67,903,6.0,1,49.0,0.574,0,0,,2025-12-31,92088.36,17,2025-10-10,2023-07-30,5416.96,1,27.1,0,82.0,1,61.0
C004151,2023-04-16,SMB,Europe,Starter,Referral,23,24.8,990,14.0,4,41.4,0.044,1,0,,2025-12-31,455.34,16,2025-12-06,2023-10-26,28.46,5,23.6,1,25.0,1,45.0
C004152,2024-01-29,Startup,Europe,Business,Paid Search,3,185.99,702,2.0,1,26.8,0.429,0,0,,2025-12-31,2183.11,12,2025-12-12,2024-04-04,181.93,1,121.1,0,19.0,1,50.8
C004153,2025-07-27,SMB,Europe,Business,Organic,20,189.99,157,7.0,2,25.8,0.2,1,1,2025-10-04,2025-12-31,402.06,2,2025-08-30,2025-08-20,201.03,2,14.2,0,123.0,0,44.8
C004154,2025-10-28,SMB,Europe,Pro,Referral,21,86.38,64,10.0,2,-14.2,0.053,0,0,,2025-12-31,297.39,3,2025-12-29,2025-12-02,99.13,2,3.7,1,2.0,1,41.1
C004155,2022-11-21,SMB,North America,Free,Organic,23,0.0,1136,19.0,0,75.1,0.39,0,0,,2025-12-31,84.86999999999999,14,2025-05-31,2023-01-01,6.06,0,0.0,0,214.0,0,71.2
C004156,2022-09-24,Mid-Market,Europe,Business,Organic,78,211.79,1194,8.0,0,-17.1,0.648,2,0,,2025-12-31,4683.34,24,2025-12-10,2022-10-17,195.14,0,0.0,0,21.0,1,55.9
C004157,2024-10-07,SMB,North America,Starter,Organic,11,30.27,450,12.0,1,45.5,0.36,1,0,,2025-12-31,341.24,11,2025-10-13,2024-11-03,31.02,1,4.6,0,79.0,1,57.6
C004158,2023-03-08,Startup,Europe,Starter,Paid Search,2,29.79,1029,8.0,1,35.9,0.709,0,0,,2025-12-31,448.75,15,2025-09-14,2023-04-06,29.92,1,37.4,0,108.0,1,65.5
C004159,2022-10-13,SMB,North America,Pro,Partner,18,89.76,1175,3.0,0,28.4,0.198,0,0,,2025-12-31,1967.66,22,2025-12-25,2022-12-30,89.44,1,39.2,0,6.0,1,46.5
C004160,2022-02-14,SMB,LATAM,Starter,Referral,24,24.7,1416,22.0,2,34.8,0.577,0,0,,2025-12-31,871.55,32,2025-12-23,2022-05-23,27.24,2,27.0,0,8.0,1,72.4
C004161,2023-07-31,Mid-Market,APAC,Free,Paid Search,28,0.0,884,18.0,0,18.4,0.154,0,0,,2025-12-31,45.28,16,2025-10-11,2023-11-19,2.83,0,0.0,0,81.0,0,57.5
C004162,2023-07-15,Startup,Europe,Enterprise,Sales,4,670.34,900,18.0,3,51.3,0.283,0,0,,2025-12-31,16821.87,24,2025-11-10,2023-08-04,700.91,3,28.7,0,51.0,1,60.2
C004163,2024-03-16,Mid-Market,North America,Starter,Partner,76,30.12,655,16.0,3,2.2,0.288,0,0,,2025-12-31,316.6,10,2025-12-04,2024-08-03,31.66,3,23.2,1,27.0,1,53.6
C004164,2022-10-14,Startup,North America,Pro,Partner,3,90.36,1174,3.0,1,43.2,0.481,0,0,,2025-12-31,2060.84,22,2025-12-28,2022-11-15,93.67,3,79.3,0,3.0,1,54.9
C004165,2024-10-18,Mid-Market,APAC,Pro,Organic,31,84.96,439,14.0,2,18.1,0.165,2,1,2025-02-20,2025-12-31,170.98000000000002,2,2024-12-21,2024-12-06,85.49,3,8.5,1,375.0,0,47.3
C004166,2024-08-30,SMB,Europe,Free,Organic,21,0.0,488,19.0,3,24.3,0.28,1,1,2025-03-28,2025-12-31,35.75,10,2025-03-21,2024-09-06,3.58,3,27.3,0,285.0,0,56.3
C004167,2023-10-24,Startup,APAC,Business,Partner,5,185.42,799,13.0,1,25.0,0.605,0,0,,2025-12-31,2801.51,15,2025-12-24,2023-10-28,186.77,1,30.6,0,7.0,1,65.8
C004168,2022-09-17,SMB,APAC,Pro,Referral,16,88.38,1201,20.0,0,30.9,0.571,1,0,,2025-12-31,3220.77,35,2025-11-07,2022-11-19,92.02,2,87.4,0,54.0,1,71.1
C004169,2023-12-26,Mid-Market,Europe,Pro,Organic,51,74.8,736,9.0,1,47.6,0.218,1,0,,2025-12-31,981.28,14,2025-11-10,2024-01-10,70.09,1,19.4,0,51.0,1,50.8
C004170,2024-08-22,Startup,Europe,Pro,Paid Search,4,84.08,496,14.0,0,34.1,0.567,0,0,,2025-12-31,1010.6700000000001,13,2025-12-24,2024-09-27,77.74,0,0.0,0,7.0,1,67.9
C004171,2023-06-17,Mid-Market,Europe,Enterprise,Paid Search,79,12007.82,928,10.0,1,58.3,0.455,1,0,,2025-12-31,183741.76,17,2025-12-01,2023-09-07,10808.34,5,70.0,0,30.0,1,59.9
C004172,2023-01-12,Mid-Market,Europe,Enterprise,Paid Search,49,8056.89,1084,27.0,1,61.1,0.614,0,0,,2025-12-31,114338.95999999999,13,2025-12-09,2023-05-21,8795.3,1,0.0,0,22.0,1,82.1
C004173,2023-12-26,SMB,Europe,Free,Organic,18,0.0,736,5.0,1,42.7,0.307,0,0,,2025-12-31,51.51,17,2025-11-06,2024-03-02,3.03,1,31.2,0,55.0,0,51.4
C004174,2023-05-23,SMB,APAC,Starter,Organic,16,28.71,953,7.0,1,52.1,0.644,0,0,,2025-12-31,463.79,17,2025-11-20,2023-08-19,27.28,3,30.4,1,41.0,1,64.3
C004175,2023-07-27,SMB,North America,Pro,Paid Search,17,76.85,888,19.0,1,85.6,0.219,0,0,,2025-12-31,1425.98,18,2025-12-06,2023-08-02,79.22,1,19.1,0,25.0,1,65.6
C004176,2023-05-14,Mid-Market,North America,Enterprise,Referral,62,10770.04,962,1.0,0,-0.3,0.589,0,0,,2025-12-31,211388.74,20,2025-11-19,2023-08-02,10569.44,0,0.0,0,42.0,1,53.5
C004177,2023-03-10,SMB,North America,Business,Referral,8,204.36,1027,14.0,1,61.9,0.229,0,0,,2025-12-31,4712.39,24,2025-11-17,2023-03-22,196.35,2,38.6,0,44.0,1,59.1
C004178,2024-10-21,Startup,LATAM,Starter,Organic,6,29.03,436,0.0,1,73.6,0.171,0,0,,2025-12-31,279.19,10,2025-12-12,2024-11-16,27.92,1,17.3,0,19.0,1,46.0
C004179,2023-10-21,Enterprise,Europe,Business,Organic,309,198.64,802,14.0,1,45.8,0.149,0,0,,2025-12-31,5008.38,26,2025-12-21,2024-05-06,192.63,1,125.4,0,10.0,1,55.0
C004180,2023-10-30,SMB,North America,Starter,Paid Search,14,28.72,793,8.0,1,82.6,0.452,1,1,2025-04-05,2025-12-31,261.72,9,2025-02-14,2023-11-11,29.08,1,56.3,0,320.0,0,60.5
C004181,2024-07-22,SMB,Europe,Starter,Organic,9,31.71,527,5.0,2,79.3,0.059,0,0,,2025-12-31,544.4300000000001,18,2025-12-19,2024-09-03,30.25,3,25.6,0,12.0,1,46.2
C004182,2023-06-01,Startup,Europe,Pro,Referral,6,78.97,944,13.0,0,26.6,0.201,1,0,,2025-12-31,1148.12,15,2025-12-17,2023-08-08,76.54,0,0.0,0,14.0,1,53.3
C004183,2022-05-25,SMB,APAC,Starter,Paid Search,17,28.94,1316,9.0,1,28.5,0.382,0,0,,2025-12-31,693.99,24,2025-11-18,2022-06-23,28.92,1,0.0,0,43.0,1,55.8
C004184,2025-05-04,Startup,LATAM,Pro,Referral,6,70.33,241,2.0,1,48.3,0.589,1,0,,2025-12-31,135.73,2,2025-09-04,2025-07-19,67.86,1,10.5,0,118.0,1,55.8
C004185,2022-03-21,Mid-Market,APAC,Starter,Organic,61,26.78,1381,14.0,2,19.4,0.862,0,0,,2025-12-31,876.19,31,2025-12-12,2022-04-16,28.26,3,51.0,0,19.0,1,72.3
C004186,2024-03-28,Mid-Market,APAC,Business,Sales,73,217.46,643,15.0,2,100.0,0.255,0,0,,2025-12-31,2832.95,13,2025-12-05,2024-04-03,217.92,2,2.4,1,26.0,1,63.0
C004187,2023-01-16,Startup,North America,Enterprise,Referral,4,701.47,1080,18.0,0,54.7,0.544,2,0,,2025-12-31,14486.18,23,2025-11-20,2023-03-24,629.83,0,0.0,0,41.0,1,68.9
C004188,2022-11-02,Startup,North America,Starter,Referral,5,27.7,1155,25.0,1,36.2,0.608,0,0,,2025-12-31,583.87,21,2025-12-22,2022-12-28,27.8,1,14.0,0,9.0,1,77.7
C004189,2022-03-01,SMB,Europe,Pro,Sales,16,71.83,1401,19.0,0,-0.3,0.295,0,0,,2025-12-31,1813.35,26,2025-12-31,2022-03-30,69.74,0,0.0,0,0.0,1,60.8
C004190,2025-07-11,SMB,Europe,Pro,Paid Search,3,85.87,173,22.0,1,41.3,0.321,0,0,,2025-12-31,144.17000000000002,2,2025-10-21,2025-09-22,72.09,1,5.2,0,71.0,1,66.9
C004191,2023-09-06,SMB,North America,Starter,Organic,5,32.61,847,18.0,2,5.4,0.113,0,1,2025-04-10,2025-12-31,393.55,13,2025-02-23,2023-11-08,30.27,2,34.2,0,311.0,0,52.0
C004192,2023-05-05,Enterprise,APAC,Business,Paid Search,205,210.96,971,18.0,2,54.0,0.295,0,0,,2025-12-31,4494.6,21,2025-11-25,2023-10-25,214.03,3,22.8,0,36.0,1,62.3
C004193,2024-11-25,Startup,North America,Pro,Referral,2,76.11,401,22.0,1,-27.6,0.306,0,0,,2025-12-31,822.12,11,2025-12-31,2024-12-17,74.74,1,42.9,0,0.0,1,59.6
C004194,2022-02-25,Startup,North America,Free,Referral,2,0.0,1405,18.0,1,69.6,0.407,0,0,,2025-12-31,139.54,29,2025-12-24,2022-07-03,4.81,1,0.0,0,7.0,0,68.7
C004195,2024-03-18,SMB,North America,Business,Paid Search,23,221.48,653,14.0,1,24.4,0.685,1,0,,2025-12-31,3472.76,16,2025-12-08,2024-04-29,217.05,1,153.8,0,23.0,1,67.0
C004196,2023-12-09,Mid-Market,APAC,Starter,Referral,61,25.97,753,20.0,0,-7.3,0.128,0,0,,2025-12-31,393.21,15,2025-11-03,2024-02-09,26.21,1,23.6,0,58.0,1,56.0
C004197,2024-03-02,Mid-Market,APAC,Starter,Organic,70,25.06,669,27.0,0,34.6,0.379,1,0,,2025-12-31,291.1,13,2025-09-09,2024-03-02,22.39,1,30.2,0,113.0,1,71.9
C004198,2022-06-27,Mid-Market,Europe,Starter,Organic,65,32.54,1283,13.0,0,35.4,0.398,0,0,,2025-12-31,643.14,20,2025-10-26,2022-06-30,32.16,1,75.0,0,66.0,1,62.1
C004199,2025-09-24,SMB,APAC,Business,Partner,18,203.32,98,6.0,1,33.4,0.557,1,0,,2025-12-31,1169.4,5,2025-12-30,2025-10-30,233.88,1,9.9,0,1.0,1,56.9
C004200,2022-12-08,SMB,APAC,Enterprise,Paid Search,10,1664.11,1119,11.0,0,69.5,0.456,0,0,,2025-12-31,34796.91,20,2025-09-27,2023-01-13,1739.85,0,0.0,0,95.0,1,65.5
C004201,2024-08-28,Mid-Market,North America,Starter,Organic,32,25.85,490,0.0,4,44.5,0.711,1,0,,2025-12-31,134.74,5,2025-09-29,2024-09-18,26.95,4,41.3,0,93.0,1,52.8
C004202,2024-12-04,SMB,APAC,Free,Referral,3,0.0,392,8.0,1,54.9,0.682,0,1,2025-12-30,2025-12-31,90.69,8,2025-12-16,2025-02-17,11.34,1,32.6,0,15.0,0,66.6
C004203,2023-05-07,Startup,North America,Free,Paid Search,5,0.0,969,24.0,2,28.8,0.44,0,0,,2025-12-31,104.84,20,2025-12-26,2023-05-08,5.24,2,18.4,0,5.0,0,69.5
C004204,2022-07-06,Mid-Market,Europe,Pro,Paid Search,45,75.12,1274,2.0,0,45.7,0.544,0,0,,2025-12-31,1931.29,26,2025-10-27,2022-08-20,74.28,1,100.1,0,65.0,1,57.7
C004205,2023-03-01,SMB,North America,Starter,Organic,7,30.48,1036,24.0,3,2.3,0.239,0,0,,2025-12-31,574.34,17,2025-12-25,2023-03-11,33.78,6,29.1,0,6.0,1,59.3
C004206,2025-02-27,SMB,Europe,Starter,Organic,17,32.64,307,15.0,1,41.5,0.206,1,0,,2025-12-31,361.93,10,2025-11-27,2025-03-22,36.19,2,11.9,0,34.0,1,55.2
C004207,2025-07-20,Mid-Market,Europe,Starter,Partner,38,32.65,164,8.0,1,16.0,0.089,0,0,,2025-12-31,210.65,6,2025-12-27,2025-08-12,35.11,2,111.9,0,4.0,1,44.9
C004208,2025-09-01,SMB,North America,Pro,Referral,3,67.98,121,13.0,1,68.0,0.483,2,0,,2025-12-31,75.07,1,2025-10-13,2025-10-13,75.07,1,3.9,0,79.0,1,62.4
C004209,2022-11-20,SMB,Europe,Pro,Organic,7,69.34,1137,24.0,2,36.9,0.425,0,0,,2025-12-31,1417.21,20,2025-05-29,2022-12-27,70.86,2,107.4,0,216.0,1,69.9
C004210,2024-05-17,Mid-Market,Europe,Pro,Referral,63,80.1,593,3.0,0,51.6,0.679,0,0,,2025-12-31,765.52,10,2025-11-18,2024-06-29,76.55,1,39.8,0,43.0,1,63.2
C004211,2022-08-04,Mid-Market,Europe,Starter,Referral,76,30.1,1245,15.0,3,41.6,0.514,0,0,,2025-12-31,326.33,12,2025-08-18,2022-09-09,27.19,4,22.4,0,135.0,1,63.5
C004212,2024-10-12,Startup,North America,Pro,Referral,1,89.28,445,7.0,1,80.2,0.599,0,0,,2025-12-31,870.9,9,2025-12-20,2024-12-23,96.77,1,57.4,0,11.0,1,65.7
C004213,2023-08-18,Mid-Market,North America,Pro,Partner,40,81.75,866,15.0,1,-4.0,0.518,1,0,,2025-12-31,1496.34,19,2025-10-19,2023-10-08,78.75,2,28.6,0,73.0,1,60.0
C004214,2024-10-17,SMB,North America,Pro,Paid Search,4,86.06,440,22.0,0,32.2,0.108,0,0,,2025-12-31,530.34,7,2025-05-10,2024-10-24,75.76,0,0.0,0,235.0,1,61.1
C004215,2024-09-06,SMB,APAC,Free,Referral,12,0.0,481,25.0,1,11.0,0.229,0,0,,2025-12-31,19.79,12,2025-12-07,2024-09-20,1.65,1,16.5,0,24.0,0,63.8
C004216,2025-11-20,Startup,APAC,Starter,Paid Search,3,28.42,41,7.0,1,-16.2,0.271,0,0,,2025-12-31,0.0,0,,,0.0,1,42.1,0,,1,46.3
C004217,2023-11-30,SMB,North America,Pro,Organic,14,75.11,762,18.0,2,9.4,0.592,0,0,,2025-12-31,878.46,11,2025-09-20,2024-01-17,79.86,3,44.1,0,102.0,1,66.8
C004218,2023-05-04,Startup,APAC,Starter,Paid Search,3,30.21,972,11.0,0,64.3,0.515,1,0,,2025-12-31,1012.5699999999999,33,2025-11-23,2023-06-11,30.68,1,12.4,0,38.0,1,64.7
C004219,2024-01-24,SMB,Europe,Pro,Paid Search,24,82.45,707,14.0,0,34.2,0.293,1,0,,2025-12-31,1382.6399999999999,16,2025-12-15,2024-01-27,86.42,1,20.6,0,16.0,1,57.7
C004220,2022-08-21,SMB,LATAM,Starter,Paid Search,4,27.75,1228,4.0,3,29.5,0.591,1,0,,2025-12-31,689.63,24,2025-09-25,2022-08-24,28.73,3,70.0,0,97.0,1,52.8
C004221,2022-06-09,Mid-Market,North America,Starter,Sales,29,27.32,1301,23.0,1,54.3,0.705,0,0,,2025-12-31,591.41,22,2025-07-12,2022-06-21,26.88,3,9.3,0,172.0,1,80.6
C004222,2024-01-13,Mid-Market,Europe,Pro,Paid Search,55,69.81,718,4.0,0,37.9,0.234,0,1,2025-12-14,2025-12-31,1182.97,18,2025-11-15,2024-01-27,65.72,0,0.0,0,46.0,0,49.4
C004223,2025-03-26,SMB,Europe,Starter,Organic,5,25.48,280,1.0,1,50.3,0.605,1,0,,2025-12-31,215.37,9,2025-11-13,2025-04-08,23.93,1,27.8,0,48.0,1,55.6
C004224,2024-02-02,Mid-Market,North America,Starter,Sales,50,25.41,698,21.0,1,43.1,0.6,0,0,,2025-12-31,327.03,13,2025-11-16,2024-03-11,25.16,1,31.0,0,45.0,1,74.6
C004225,2025-01-23,SMB,North America,Business,Organic,21,210.93,342,11.0,1,48.6,0.591,0,0,,2025-12-31,2518.91,11,2025-12-25,2025-02-20,228.99,1,33.5,0,6.0,1,65.9
C004226,2022-09-12,Mid-Market,North America,Starter,Organic,73,29.28,1206,1.0,0,23.8,0.571,0,0,,2025-12-31,653.91,23,2025-12-01,2022-10-17,28.43,0,0.0,0,30.0,1,55.4
C004227,2023-10-05,Enterprise,Europe,Enterprise,Referral,119,21154.54,818,19.0,0,61.2,0.196,1,0,,2025-12-31,272190.14,12,2025-11-24,2024-05-17,22682.51,0,0.0,0,37.0,1,62.0
C004228,2024-05-26,Mid-Market,APAC,Starter,Sales,62,25.63,584,7.0,1,4.7,0.423,0,0,,2025-12-31,260.74,10,2025-11-04,2024-06-03,26.07,1,0.0,0,57.0,1,52.9
C004229,2023-05-13,SMB,APAC,Business,Partner,16,228.8,963,27.0,1,32.9,0.748,0,0,,2025-12-31,3568.14,16,2025-11-22,2023-06-24,223.01,2,24.6,0,39.0,1,83.3
C004230,2022-01-21,SMB,North America,Business,Paid Search,15,196.16,1440,27.0,1,62.4,0.264,0,0,,2025-12-31,6569.76,34,2025-10-29,2022-01-23,193.23,1,0.0,0,63.0,1,71.8
C004231,2022-04-16,Startup,APAC,Free,Paid Search,2,0.0,1355,15.0,1,31.1,0.328,1,0,,2025-12-31,39.6,21,2025-12-14,2022-05-22,1.89,1,5.6,1,17.0,0,57.8
C004232,2025-08-19,SMB,North America,Pro,Referral,9,72.59,134,13.0,3,24.2,0.74,0,0,,2025-12-31,147.08,2,2025-12-01,2025-08-23,73.54,4,36.0,0,30.0,1,66.7
C004233,2024-05-15,Startup,LATAM,Pro,Sales,6,74.7,595,12.0,5,92.2,0.498,0,0,,2025-12-31,916.98,13,2025-10-17,2024-07-02,70.54,5,92.0,0,75.0,1,62.4
C004234,2023-01-14,SMB,North America,Pro,Organic,15,70.04,1082,16.0,0,70.5,0.707,0,0,,2025-12-31,1713.66,25,2025-09-22,2023-04-05,68.55,1,18.0,0,100.0,1,77.5
C004235,2023-01-06,Enterprise,APAC,Starter,Referral,440,27.72,1090,25.0,2,38.5,0.562,0,0,,2025-12-31,485.17,17,2025-12-15,2023-01-20,28.54,2,71.5,0,16.0,1,75.0
C004236,2022-02-26,Startup,LATAM,Enterprise,Partner,4,614.79,1404,17.0,1,10.7,0.583,0,0,,2025-12-31,15795.37,27,2025-12-06,2022-07-03,585.01,2,31.4,0,25.0,1,67.2
C004237,2025-09-13,Enterprise,APAC,Pro,Organic,308,74.85,109,2.0,0,-15.9,0.642,0,0,,2025-12-31,47.46,1,2025-12-13,2025-12-13,47.46,0,0.0,0,18.0,1,54.5
C004238,2022-06-04,SMB,APAC,Enterprise,Organic,21,3765.35,1306,5.0,1,52.7,0.351,2,0,,2025-12-31,93577.97,24,2025-12-15,2022-06-14,3899.08,1,0.0,0,16.0,1,49.8
C004239,2024-12-22,SMB,North America,Business,Organic,5,219.86,374,17.0,1,66.6,0.7,0,0,,2025-12-31,1205.31,6,2025-08-12,2025-04-05,200.88,1,54.7,0,141.0,1,76.3
C004240,2022-12-10,Mid-Market,APAC,Business,Sales,75,175.5,1117,10.0,2,44.9,0.736,0,0,,2025-12-31,3282.59,20,2025-05-06,2022-12-27,164.13,2,58.5,0,239.0,1,67.5
C004241,2023-04-25,SMB,Europe,Pro,Paid Search,22,76.44,981,13.0,0,-7.8,0.707,0,0,,2025-12-31,1777.69,26,2025-12-31,2023-05-07,68.37,1,159.5,0,0.0,1,67.0
C004242,2023-01-27,Mid-Market,Europe,Pro,Referral,69,74.64,1069,11.0,1,39.0,0.373,0,0,,2025-12-31,1560.42,21,2025-11-16,2023-02-21,74.31,1,27.8,0,45.0,1,58.4
C004243,2025-03-25,Enterprise,LATAM,Business,Organic,96,224.69,281,16.0,2,22.8,0.474,0,0,,2025-12-31,2249.76,10,2025-12-20,2025-03-25,224.98,2,14.6,0,11.0,1,62.8
C004244,2022-02-16,Enterprise,North America,Pro,Referral,363,81.42,1414,6.0,2,39.0,0.617,1,0,,2025-12-31,2216.87,28,2025-12-10,2022-02-16,79.17,3,27.8,0,21.0,1,57.8
C004245,2023-05-19,Enterprise,Europe,Free,Paid Search,255,0.0,957,2.0,2,83.6,0.047,0,0,,2025-12-31,112.13,28,2025-12-27,2023-06-30,4.0,2,33.4,0,4.0,0,43.6
C004246,2023-02-04,Enterprise,LATAM,Pro,Sales,408,76.96,1061,6.0,1,54.7,0.47,0,0,,2025-12-31,1973.0,26,2025-12-26,2023-04-07,75.88,2,55.7,0,5.0,1,58.4
C004247,2023-01-26,SMB,North America,Free,Paid Search,3,0.0,1070,18.0,2,49.4,0.534,0,0,,2025-12-31,52.75,12,2025-11-04,2023-03-16,4.4,3,35.2,0,57.0,0,69.0
C004248,2022-10-03,SMB,North America,Enterprise,Referral,14,1994.69,1185,17.0,2,33.9,0.451,0,0,,2025-12-31,42550.64,20,2025-12-28,2022-10-04,2127.53,2,44.8,0,3.0,1,64.1
C004249,2025-07-28,SMB,North America,Pro,Partner,19,69.92,156,22.0,3,45.4,0.372,0,0,,2025-12-31,191.77,3,2025-12-20,2025-11-09,63.92,4,50.5,1,11.0,1,65.8
C004250,2023-06-26,SMB,APAC,Pro,Paid Search,19,81.68,919,3.0,0,16.9,0.44,1,0,,2025-12-31,1589.74,20,2025-09-07,2023-09-19,79.49,0,0.0,0,115.0,1,50.6
C004251,2023-08-22,Enterprise,APAC,Starter,Sales,298,29.56,862,3.0,2,48.9,0.419,0,1,2024-10-21,2025-12-31,361.96,11,2024-08-26,2023-08-25,32.91,3,103.9,0,492.0,0,52.1
C004252,2023-07-05,Mid-Market,North America,Pro,Paid Search,34,88.32,910,3.0,1,30.2,0.501,0,0,,2025-12-31,1888.18,21,2025-12-24,2023-11-28,89.91,1,78.3,0,7.0,1,54.2
C004253,2025-11-02,SMB,Europe,Starter,Sales,5,30.63,59,15.0,0,14.4,0.106,0,1,2025-11-21,2025-12-31,36.71,1,2025-11-09,2025-11-09,36.71,0,0.0,0,52.0,0,53.0
C004254,2023-04-30,Startup,Europe,Pro,Organic,2,72.19,976,16.0,0,55.4,0.079,0,0,,2025-12-31,1267.33,18,2025-12-10,2023-09-27,70.41,0,0.0,0,21.0,1,57.2
C004255,2023-05-04,SMB,Europe,Pro,Partner,13,79.49,972,4.0,0,-20.8,0.334,1,0,,2025-12-31,1483.0,19,2025-09-25,2023-06-16,78.05,0,0.0,0,97.0,1,44.5
C004256,2023-04-14,Enterprise,Europe,Pro,Sales,222,68.15,992,12.0,1,21.4,0.873,0,0,,2025-12-31,1381.64,20,2025-12-31,2023-05-09,69.08,2,66.4,0,0.0,1,72.5
C004257,2023-04-13,SMB,LATAM,Starter,Sales,13,30.35,993,1.0,0,50.3,0.365,0,0,,2025-12-31,547.23,17,2025-11-01,2023-06-22,32.19,1,2.5,0,60.0,1,51.9
C004258,2022-05-09,Startup,North America,Pro,Paid Search,5,70.05,1332,17.0,2,65.6,0.712,1,0,,2025-12-31,1409.46,20,2025-12-14,2022-05-27,70.47,2,13.0,0,17.0,1,73.1
C004259,2024-05-14,SMB,North America,Pro,Paid Search,4,77.0,596,15.0,0,46.8,0.394,0,0,,2025-12-31,1072.65,13,2025-12-14,2024-10-21,82.51,0,0.0,0,17.0,1,64.9
C004260,2022-02-06,Mid-Market,Europe,Business,Referral,55,171.45,1424,0.0,2,18.2,0.541,0,0,,2025-12-31,3987.2400000000002,22,2025-10-20,2022-06-07,181.24,2,19.2,1,72.0,1,50.0
C004261,2022-11-20,Enterprise,Europe,Business,Paid Search,201,208.95,1137,2.0,0,33.7,0.33,1,0,,2025-12-31,3795.81,17,2025-12-16,2022-11-26,223.28,0,0.0,0,15.0,1,48.1
C004262,2022-10-17,SMB,Europe,Business,Sales,12,209.99,1171,19.0,4,42.3,0.521,0,1,2025-07-11,2025-12-31,3538.19,17,2025-07-09,2022-12-19,208.13,5,44.8,0,175.0,0,65.8
C004263,2023-02-21,Startup,North America,Starter,Organic,1,25.92,1044,25.0,0,74.0,0.52,0,0,,2025-12-31,646.11,24,2025-12-24,2023-03-22,26.92,1,5.4,1,7.0,1,80.3
C004264,2024-12-18,SMB,North America,Free,Organic,18,0.0,378,23.0,2,58.0,0.154,0,0,,2025-12-31,40.75,9,2025-12-27,2025-05-21,4.53,2,31.6,0,4.0,0,63.0
C004265,2024-05-07,Mid-Market,LATAM,Enterprise,Referral,21,3177.09,603,15.0,0,58.2,0.408,0,0,,2025-12-31,41823.12,12,2025-10-26,2024-05-17,3485.26,0,0.0,0,66.0,1,66.5
C004266,2025-11-17,SMB,North America,Enterprise,Paid Search,4,734.16,44,14.0,0,36.6,0.272,0,0,,2025-12-31,712.0,1,2025-12-31,2025-12-31,712.0,0,0.0,0,0.0,1,59.3
C004267,2023-05-18,Startup,Europe,Free,Paid Search,1,0.0,958,22.0,4,8.2,0.337,0,1,2025-10-13,2025-12-31,117.03,19,2025-08-29,2023-06-15,6.16,5,71.4,0,124.0,0,59.6
C004268,2025-08-20,SMB,APAC,Pro,Paid Search,3,78.13,133,23.0,1,-0.2,0.127,0,0,,2025-12-31,362.97,5,2025-12-23,2025-10-05,72.59,4,57.1,1,8.0,1,57.8
C004269,2022-03-06,Startup,North America,Starter,Sales,7,31.67,1396,25.0,0,27.5,0.419,1,1,2023-07-09,2025-12-31,354.21000000000004,11,2023-05-24,2022-03-25,32.2,0,0.0,0,952.0,0,70.6
C004270,2023-12-23,Mid-Market,North America,Free,Partner,64,0.0,739,11.0,4,52.5,0.54,1,0,,2025-12-31,71.03,13,2025-12-27,2024-01-03,5.46,6,30.8,0,4.0,0,58.3
C004271,2025-02-16,Mid-Market,North America,Enterprise,Sales,66,9333.58,318,13.0,0,22.5,0.566,2,0,,2025-12-31,49751.39,5,2025-12-06,2025-02-24,9950.28,1,0.0,0,25.0,1,61.8
C004272,2024-01-31,SMB,Europe,Enterprise,Paid Search,18,3073.54,700,2.0,0,49.3,0.48,0,0,,2025-12-31,56195.840000000004,17,2025-12-24,2024-04-25,3305.64,1,24.2,0,7.0,1,56.1
C004273,2025-08-27,SMB,North America,Enterprise,Paid Search,19,3396.48,126,4.0,1,15.1,0.477,0,0,,2025-12-31,4453.18,2,2025-12-08,2025-10-10,2226.59,2,116.9,0,23.0,1,52.9
C004274,2023-03-26,Startup,Europe,Free,Organic,2,0.0,1011,10.0,1,19.0,0.556,2,1,2025-09-30,2025-12-31,126.95,24,2025-09-03,2023-03-28,5.29,1,10.6,0,119.0,0,57.0
C004275,2022-02-17,SMB,North America,Pro,Paid Search,23,85.73,1413,22.0,2,70.2,0.388,0,0,,2025-12-31,2612.01,29,2025-12-19,2022-03-07,90.07,3,32.8,0,12.0,1,70.3
C004276,2025-01-11,Mid-Market,North America,Business,Organic,79,172.69,354,12.0,1,54.2,0.492,1,0,,2025-12-31,2494.23,13,2025-11-27,2025-02-01,191.86,2,78.9,0,34.0,1,62.4
C004277,2022-04-08,Mid-Market,North America,Pro,Organic,64,75.41,1363,16.0,2,27.3,0.319,2,0,,2025-12-31,2059.66,29,2025-12-16,2022-04-27,71.02,2,46.4,0,15.0,1,54.6
C004278,2024-12-29,SMB,North America,Starter,Paid Search,8,31.32,367,24.0,2,14.2,0.964,0,0,,2025-12-31,139.72,5,2025-11-28,2024-12-31,27.94,4,16.2,0,33.0,1,83.8
C004279,2024-11-14,Mid-Market,North America,Pro,Referral,52,78.49,412,13.0,3,58.7,0.386,1,0,,2025-12-31,717.89,9,2025-09-19,2024-12-30,79.77,4,39.4,0,103.0,1,57.6
C004280,2025-04-22,SMB,LATAM,Free,Paid Search,6,0.0,253,9.0,1,56.9,0.546,0,1,2025-07-18,2025-12-31,19.64,3,2025-07-10,2025-06-12,6.55,2,66.7,0,174.0,0,63.6
C004281,2023-11-16,Mid-Market,North America,Pro,Paid Search,70,73.87,776,20.0,0,51.0,0.42,1,0,,2025-12-31,1650.22,22,2025-10-12,2024-02-11,75.01,0,0.0,0,80.0,1,68.6
C004282,2025-07-04,Mid-Market,Europe,Business,Paid Search,22,209.09,180,8.0,2,30.6,0.547,0,0,,2025-12-31,557.06,3,2025-12-29,2025-10-06,185.69,2,44.6,0,2.0,1,58.6
C004283,2022-08-31,SMB,Europe,Free,Paid Search,5,0.0,1218,10.0,3,7.6,0.237,2,0,,2025-12-31,161.03,27,2025-09-05,2022-10-06,5.96,4,10.3,0,117.0,0,43.3
C004284,2023-09-14,Enterprise,APAC,Starter,Referral,88,26.38,839,24.0,1,34.6,0.15,0,0,,2025-12-31,449.49,18,2025-10-20,2023-10-03,24.97,1,79.5,0,72.0,1,62.9
C004285,2022-06-24,SMB,Europe,Pro,Referral,16,71.56,1286,12.0,0,70.2,0.758,0,0,,2025-12-31,1643.28,23,2025-11-01,2023-02-23,71.45,0,0.0,0,60.0,1,75.5
C004286,2025-01-01,SMB,North America,Pro,Referral,22,68.22,364,7.0,0,12.3,0.437,0,0,,2025-12-31,373.11,6,2025-10-07,2025-04-12,62.18,1,0.0,0,85.0,1,55.6
C004287,2024-10-18,SMB,Europe,Starter,Organic,5,27.97,439,23.0,1,36.2,0.194,0,0,,2025-12-31,173.03,7,2025-11-22,2024-12-06,24.72,1,42.8,0,39.0,1,63.5
C004288,2025-02-27,SMB,North America,Free,Paid Search,18,0.0,307,17.0,0,75.9,0.348,1,0,,2025-12-31,43.97,4,2025-12-26,2025-03-27,10.99,0,0.0,0,5.0,0,66.2
C004289,2024-12-29,SMB,APAC,Business,Referral,16,200.63,367,21.0,0,27.4,0.437,0,0,,2025-12-31,2044.59,10,2025-10-14,2025-01-14,204.46,1,2.1,0,78.0,1,69.6
C004290,2023-03-18,Startup,North America,Starter,Sales,4,27.06,1019,9.0,0,31.8,0.124,0,0,,2025-12-31,719.87,27,2025-12-17,2023-03-19,26.66,1,15.9,0,14.0,1,49.9
C004291,2022-04-08,Mid-Market,APAC,Pro,Paid Search,34,90.59,1363,21.0,1,1.2,0.198,0,0,,2025-12-31,2316.04,27,2025-12-21,2022-04-08,85.78,1,55.6,0,10.0,1,58.3
C004292,2025-08-21,Mid-Market,Europe,Pro,Paid Search,46,87.81,132,26.0,0,50.6,0.091,2,0,,2025-12-31,61.59,1,2025-12-02,2025-12-02,61.59,0,0.0,0,29.0,1,62.0
C004293,2023-12-06,SMB,Europe,Starter,Referral,5,29.43,756,4.0,5,16.5,0.38,1,1,2025-06-11,2025-12-31,500.11,17,2025-04-28,2023-12-29,29.42,6,25.3,1,247.0,0,42.1
C004294,2022-05-15,SMB,North America,Pro,Sales,17,88.46,1326,5.0,0,-3.9,0.665,0,0,,2025-12-31,3172.89,35,2025-12-11,2022-07-29,90.65,2,49.0,0,20.0,1,59.0
C004295,2025-08-18,SMB,Europe,Pro,Paid Search,18,89.97,135,15.0,0,11.2,0.207,1,0,,2025-12-31,177.04,2,2025-12-16,2025-10-23,88.52,1,8.0,0,15.0,1,53.7
C004296,2025-11-22,SMB,APAC,Pro,Organic,10,81.37,39,20.0,3,40.2,0.092,1,0,,2025-12-31,76.19,1,2025-12-15,2025-12-15,76.19,3,34.6,0,16.0,1,53.1
C004297,2023-09-30,SMB,Europe,Pro,Referral,23,75.63,823,0.0,0,-4.5,0.092,0,0,,2025-12-31,1058.97,14,2025-11-26,2023-11-10,75.64,1,35.3,0,35.0,1,37.3
C004298,2025-01-06,Mid-Market,North America,Starter,Referral,58,32.33,359,15.0,0,0.4,0.528,0,1,2025-06-05,2025-12-31,150.94,5,2025-04-24,2025-02-26,30.19,0,0.0,0,251.0,0,64.3
C004299,2022-02-21,SMB,North America,Starter,Organic,6,26.97,1409,3.0,1,49.0,0.185,0,0,,2025-12-31,930.51,36,2025-12-07,2022-03-16,25.85,1,0.0,0,24.0,1,46.6
C004300,2022-05-14,Mid-Market,North America,Pro,Paid Search,63,74.93,1327,27.0,3,33.2,0.356,0,0,,2025-12-31,2499.93,32,2025-11-21,2022-07-21,78.12,4,21.2,1,40.0,1,68.6
C004301,2023-01-31,SMB,APAC,Pro,Partner,19,82.55,1065,20.0,0,12.2,0.705,0,0,,2025-12-31,1772.92,22,2025-12-21,2023-03-22,80.59,1,10.2,0,10.0,1,75.2
C004302,2024-07-27,SMB,Europe,Starter,Referral,17,24.94,522,27.0,1,27.0,0.396,0,0,,2025-12-31,212.73,9,2025-12-23,2024-08-07,23.64,1,22.7,0,8.0,1,72.2
C004303,2022-07-10,SMB,APAC,Starter,Referral,24,25.67,1270,6.0,2,78.5,0.509,0,0,,2025-12-31,660.61,27,2025-12-08,2022-07-26,24.47,2,5.8,0,23.0,1,60.5
C004304,2022-02-18,Mid-Market,APAC,Pro,Organic,60,80.29,1412,22.0,0,67.0,0.199,1,0,,2025-12-31,1596.85,19,2025-11-13,2022-06-05,84.04,0,0.0,0,48.0,1,65.3
C004305,2024-08-14,Startup,Europe,Free,Organic,2,0.0,504,10.0,1,32.3,0.475,0,0,,2025-12-31,53.120000000000005,11,2025-12-22,2024-09-19,4.83,1,6.0,0,9.0,0,59.9
C004306,2025-01-06,SMB,Europe,Enterprise,Referral,18,3183.82,359,2.0,1,55.4,0.146,0,0,,2025-12-31,13419.88,4,2025-12-08,2025-03-09,3354.97,1,4.9,0,23.0,1,45.2
C004307,2024-11-23,SMB,Europe,Pro,Organic,8,87.86,403,13.0,0,38.0,0.563,0,0,,2025-12-31,759.83,8,2025-09-07,2024-12-18,94.98,0,0.0,0,115.0,1,67.3
C004308,2025-02-16,Startup,Europe,Free,Paid Search,6,0.0,318,13.0,1,-9.4,0.489,0,0,,2025-12-31,59.85,9,2025-12-18,2025-03-16,6.65,2,0.0,0,13.0,0,58.8
C004309,2025-02-22,SMB,North America,Pro,Paid Search,19,69.34,312,14.0,0,-13.8,0.789,1,0,,2025-12-31,508.86,8,2025-09-15,2025-02-24,63.61,2,16.6,0,107.0,1,67.8
C004310,2024-05-11,SMB,APAC,Starter,Paid Search,19,27.09,599,23.0,2,12.3,0.784,0,1,2025-09-04,2025-12-31,293.49,11,2025-07-27,2024-05-21,26.68,3,49.8,0,157.0,0,77.3
C004311,2024-01-13,Mid-Market,LATAM,Enterprise,Referral,37,6061.19,718,7.0,0,-4.4,0.246,0,0,,2025-12-31,93273.27,15,2025-10-31,2024-01-25,6218.22,0,0.0,0,61.0,1,48.2
C004312,2025-05-10,Mid-Market,Europe,Enterprise,Organic,29,4015.53,235,17.0,0,41.8,0.05,0,0,,2025-12-31,16810.79,4,2025-10-30,2025-08-30,4202.7,3,37.6,0,62.0,1,55.9
C004313,2023-05-13,Mid-Market,LATAM,Business,Referral,42,190.29,963,5.0,0,21.3,0.32,0,0,,2025-12-31,4093.81,22,2025-12-25,2023-06-04,186.08,0,0.0,0,6.0,1,51.2
C004314,2022-05-20,Enterprise,LATAM,Pro,Partner,400,71.38,1321,24.0,2,45.6,0.373,0,0,,2025-12-31,1712.19,26,2025-11-02,2022-05-25,65.85,2,29.8,0,59.0,1,69.2
C004315,2024-12-11,SMB,Europe,Enterprise,Paid Search,4,653.82,385,12.0,0,46.0,0.163,0,0,,2025-12-31,2897.92,4,2025-12-27,2025-01-16,724.48,1,36.1,0,4.0,1,55.2
C004316,2023-01-30,Mid-Market,APAC,Pro,Referral,58,87.82,1066,22.0,2,52.3,0.683,0,0,,2025-12-31,2136.42,23,2025-12-04,2023-04-01,92.89,3,72.1,0,27.0,1,77.4
C004317,2025-10-31,SMB,Europe,Business,Organic,3,222.81,61,7.0,1,11.7,0.74,0,0,,2025-12-31,355.68,2,2025-12-12,2025-11-19,177.84,1,9.7,0,19.0,1,63.1
C004318,2023-08-16,Mid-Market,North America,Starter,Referral,51,25.5,868,8.0,0,47.9,0.502,0,0,,2025-12-31,459.81,18,2025-12-18,2023-10-07,25.54,0,0.0,0,13.0,1,62.0
C004319,2025-05-03,Mid-Market,North America,Enterprise,Organic,24,3368.85,242,27.0,2,11.1,0.52,0,0,,2025-12-31,15272.279999999999,4,2025-12-08,2025-07-30,3818.07,2,17.4,0,23.0,1,72.8
C004320,2022-03-02,Startup,Europe,Pro,Sales,6,84.35,1400,5.0,2,52.8,0.683,1,0,,2025-12-31,2535.7599999999998,29,2025-10-29,2022-03-09,87.44,3,38.4,0,63.0,1,60.2
C004321,2024-07-31,SMB,APAC,Starter,Organic,22,24.7,518,15.0,3,65.6,0.809,0,0,,2025-12-31,308.61,12,2025-10-03,2024-08-05,25.72,4,39.3,0,89.0,1,74.7
C004322,2023-10-03,Startup,North America,Enterprise,Partner,5,798.3,820,9.0,0,53.1,0.433,0,1,2025-09-01,2025-12-31,9611.85,11,2025-06-13,2023-12-24,873.8,0,0.0,0,201.0,0,61.3
C004323,2023-10-24,SMB,APAC,Pro,Organic,17,82.79,799,10.0,1,30.6,0.212,0,0,,2025-12-31,1761.39,20,2025-11-02,2023-12-16,88.07,1,48.7,0,59.0,1,51.8
C004324,2023-01-15,Enterprise,Europe,Enterprise,Paid Search,429,66262.73,1081,19.0,2,49.2,0.612,0,0,,2025-12-31,1834068.72,27,2025-11-09,2023-01-18,67928.47,3,27.8,0,52.0,1,72.2
C004325,2025-10-20,SMB,APAC,Free,Organic,20,0.0,72,21.0,3,-3.3,0.303,0,1,2025-12-22,2025-12-31,0.0,1,2025-12-04,2025-12-04,0.0,3,26.7,0,27.0,0,58.0
C004326,2023-07-16,SMB,North America,Pro,Organic,11,77.58,899,13.0,1,-9.0,0.197,0,0,,2025-12-31,1753.99,21,2025-11-19,2023-07-17,83.52,1,19.5,0,42.0,1,50.1
C004327,2025-05-01,Enterprise,Europe,Pro,Organic,317,74.16,244,17.0,0,46.7,0.362,3,0,,2025-12-31,352.63,5,2025-10-26,2025-05-02,70.53,0,0.0,0,66.0,1,59.7
C004328,2023-08-31,Startup,North America,Free,Organic,7,0.0,853,1.0,2,67.7,0.439,0,0,,2025-12-31,55.92,14,2025-12-29,2024-01-18,3.99,4,67.8,0,2.0,0,52.8
C004329,2022-03-11,SMB,North America,Business,Referral,20,217.11,1391,6.0,3,4.2,0.245,0,0,,2025-12-31,4479.11,21,2025-08-20,2022-03-19,213.29,3,8.6,0,133.0,1,43.6
C004330,2025-06-11,SMB,North America,Pro,Paid Search,22,86.96,203,20.0,0,35.4,0.393,1,0,,2025-12-31,548.38,5,2025-10-24,2025-07-09,109.68,0,0.0,0,68.0,1,66.2
C004331,2022-09-22,SMB,North America,Starter,Organic,9,29.85,1196,18.0,2,46.0,0.573,0,0,,2025-12-31,867.48,29,2025-10-09,2022-11-01,29.91,4,35.7,0,83.0,1,69.9
C004332,2023-01-22,SMB,North America,Pro,Sales,4,74.35,1074,1.0,1,19.6,0.785,0,0,,2025-12-31,2022.97,28,2025-12-31,2023-01-25,72.25,1,6.0,1,0.0,1,59.9
C004333,2025-05-16,Mid-Market,Europe,Free,Partner,18,0.0,229,24.0,5,26.5,0.352,0,1,2025-10-28,2025-12-31,26.44,4,2025-10-28,2025-06-13,6.61,6,54.7,0,64.0,0,62.1
C004334,2025-07-02,Startup,Europe,Business,Organic,1,211.15,182,11.0,1,50.3,0.396,1,0,,2025-12-31,179.45,1,2025-07-19,2025-07-19,179.45,1,21.0,0,165.0,1,58.2
C004335,2025-08-03,SMB,North America,Business,Paid Search,22,197.45,150,8.0,1,37.7,0.586,0,0,,2025-12-31,200.65,1,2025-10-23,2025-10-23,200.65,1,50.4,0,69.0,1,62.0
C004336,2023-09-02,Mid-Market,APAC,Pro,Paid Search,51,70.04,851,12.0,1,37.8,0.375,0,0,,2025-12-31,1518.4,22,2025-11-04,2023-09-19,69.02,1,4.1,0,57.0,1,59.2
C004337,2024-12-18,Enterprise,Europe,Pro,Partner,228,82.9,378,11.0,2,10.4,0.389,0,0,,2025-12-31,76.58,1,2025-08-20,2025-08-20,76.58,2,36.2,0,133.0,1,54.5
C004338,2023-04-14,SMB,LATAM,Starter,Referral,7,25.46,992,14.0,2,34.2,0.363,0,0,,2025-12-31,740.5600000000001,29,2025-10-21,2023-04-17,25.54,2,24.8,0,71.0,1,58.8
C004339,2024-11-24,Startup,Europe,Starter,Partner,2,33.24,402,4.0,0,25.1,0.388,0,0,,2025-12-31,380.95,12,2025-12-12,2024-12-11,31.75,0,0.0,0,19.0,1,52.7
C004340,2023-12-20,Startup,North America,Business,Sales,7,188.29,742,3.0,2,26.4,0.668,1,0,,2025-12-31,3190.93,17,2025-12-14,2024-02-19,187.7,2,10.4,0,17.0,1,55.4
C004341,2022-03-16,SMB,LATAM,Starter,Referral,11,26.03,1386,27.0,0,21.5,0.282,0,0,,2025-12-31,682.21,27,2025-12-05,2022-05-05,25.27,0,0.0,0,26.0,1,69.7
C004342,2023-08-21,Startup,APAC,Starter,Sales,3,29.83,863,20.0,0,34.3,0.242,1,0,,2025-12-31,469.77,18,2025-12-22,2023-08-26,26.1,2,36.2,0,9.0,1,61.5
C004343,2023-10-31,SMB,Europe,Starter,Partner,19,31.22,792,10.0,1,13.3,0.201,1,0,,2025-12-31,447.38,15,2025-11-18,2024-01-06,29.83,1,51.4,0,43.0,1,47.8
C004344,2023-01-04,Mid-Market,Europe,Pro,Partner,33,84.18,1092,23.0,0,35.3,0.072,0,0,,2025-12-31,1828.71,20,2025-12-22,2023-02-16,91.44,0,0.0,0,9.0,1,61.2
C004345,2023-06-20,SMB,Europe,Business,Referral,3,185.12,925,22.0,1,25.9,0.754,1,0,,2025-12-31,2927.24,16,2025-10-15,2023-07-10,182.95,2,32.2,0,77.0,1,76.4
C004346,2023-12-20,Enterprise,Europe,Starter,Referral,346,29.35,742,19.0,1,11.7,0.603,0,1,2025-04-10,2025-12-31,173.99,7,2025-03-24,2023-12-30,24.86,2,66.2,0,282.0,0,69.7
C004347,2022-03-13,Mid-Market,APAC,Starter,Organic,73,30.67,1389,20.0,1,-13.7,0.165,1,1,2025-07-09,2025-12-31,796.09,24,2025-06-04,2022-06-16,33.17,1,190.3,0,210.0,0,52.9
C004348,2022-08-06,SMB,Europe,Free,Organic,17,0.0,1243,26.0,1,58.7,0.159,1,0,,2025-12-31,154.12,19,2025-12-25,2022-08-08,8.11,2,30.4,0,6.0,0,65.4
C004349,2025-01-01,Mid-Market,North America,Starter,Organic,41,28.86,364,23.0,1,53.7,0.767,1,0,,2025-12-31,268.31,9,2025-09-02,2025-01-21,29.81,1,0.0,0,120.0,1,80.4
C004350,2023-05-19,Startup,North America,Starter,Organic,4,24.72,957,7.0,1,14.9,0.675,0,0,,2025-12-31,609.28,24,2025-12-28,2023-05-24,25.39,2,12.0,1,3.0,1,61.5
C004351,2024-05-19,Startup,North America,Business,Sales,2,194.37,591,20.0,2,52.0,0.365,0,0,,2025-12-31,1791.1699999999998,9,2025-10-04,2024-09-01,199.02,3,55.2,0,88.0,1,66.0
C004352,2024-03-20,Mid-Market,North America,Pro,Referral,19,81.72,651,4.0,1,9.4,0.583,0,0,,2025-12-31,1883.46,25,2025-12-19,2024-04-23,75.34,1,20.0,0,12.0,1,55.5
C004353,2024-02-28,SMB,North America,Free,Organic,3,0.0,672,14.0,2,27.3,0.342,0,1,2025-11-29,2025-12-31,91.64,13,2025-10-28,2024-03-08,7.05,2,19.4,0,64.0,0,57.5
C004354,2023-08-15,SMB,APAC,Pro,Paid Search,19,89.09,869,1.0,1,21.7,0.306,0,0,,2025-12-31,1543.51,16,2025-07-31,2023-08-18,96.47,1,98.0,0,153.0,1,45.7
C004355,2023-11-23,Mid-Market,North America,Business,Organic,39,179.82,769,4.0,2,28.1,0.566,1,0,,2025-12-31,1686.3,11,2025-12-26,2024-02-26,153.3,3,43.5,0,5.0,1,53.4
C004356,2025-03-24,Mid-Market,North America,Starter,Referral,47,25.98,282,20.0,0,51.2,0.525,1,0,,2025-12-31,156.5,5,2025-11-08,2025-07-16,31.3,0,0.0,0,53.0,1,71.7
C004357,2025-10-12,Mid-Market,North America,Starter,Sales,36,24.66,80,10.0,0,25.0,0.332,0,0,,2025-12-31,107.46000000000001,4,2025-12-17,2025-10-16,26.86,1,36.8,0,14.0,1,56.4
C004358,2023-01-03,Mid-Market,Europe,Business,Organic,36,184.07,1093,4.0,0,26.5,0.319,1,0,,2025-12-31,3983.0699999999997,22,2025-12-29,2023-04-20,181.05,0,0.0,0,2.0,1,48.8
C004359,2024-08-15,Mid-Market,Europe,Free,Paid Search,62,0.0,503,27.0,1,53.6,0.602,0,0,,2025-12-31,24.240000000000002,6,2025-12-03,2024-09-05,4.04,2,30.6,0,28.0,0,81.0
C004360,2025-10-18,Enterprise,Europe,Business,Sales,490,212.1,74,26.0,0,36.5,0.55,2,0,,2025-12-31,884.05,4,2025-12-28,2025-11-04,221.01,0,0.0,0,3.0,1,74.4
C004361,2022-01-11,Mid-Market,LATAM,Business,Partner,31,178.11,1450,6.0,0,20.2,0.42,0,0,,2025-12-31,5049.55,30,2025-12-19,2022-02-01,168.32,0,0.0,0,12.0,1,55.0
C004362,2025-01-27,Startup,LATAM,Business,Referral,2,224.88,338,16.0,0,41.0,0.119,0,0,,2025-12-31,1495.48,6,2025-11-09,2025-02-01,249.25,1,109.2,0,52.0,1,57.0
C004363,2023-12-12,Enterprise,APAC,Free,Paid Search,111,0.0,750,8.0,1,59.8,0.719,0,0,,2025-12-31,71.34,11,2025-12-07,2024-02-04,6.49,2,71.6,0,24.0,0,68.2
C004364,2025-10-15,Mid-Market,APAC,Free,Organic,40,0.0,77,22.0,0,61.4,0.221,0,0,,2025-12-31,14.71,3,2025-12-26,2025-11-09,4.9,0,0.0,0,5.0,0,67.4
C004365,2024-04-06,SMB,North America,Business,Partner,14,176.64,634,19.0,0,1.9,0.063,0,0,,2025-12-31,2042.1,13,2025-07-13,2024-06-10,157.08,1,47.6,0,171.0,1,54.0
C004366,2025-04-13,Mid-Market,Europe,Pro,Organic,15,88.23,262,12.0,3,3.1,0.482,0,0,,2025-12-31,476.35,6,2025-12-15,2025-04-25,79.39,3,19.2,0,16.0,1,56.0
C004367,2022-08-26,SMB,North America,Starter,Referral,20,29.87,1223,26.0,1,60.0,0.386,1,0,,2025-12-31,662.05,22,2025-07-27,2022-09-30,30.09,2,7.4,0,157.0,1,72.3
C004368,2022-07-23,Enterprise,APAC,Pro,Referral,145,70.41,1257,20.0,0,27.8,0.27,0,0,,2025-12-31,1643.61,26,2025-08-11,2022-08-24,63.22,0,0.0,0,142.0,1,63.7
C004369,2025-08-18,SMB,North America,Free,Paid Search,3,0.0,135,4.0,1,-20.0,0.613,1,1,2025-10-19,2025-12-31,8.09,4,2025-09-27,2025-08-19,2.02,2,87.2,0,95.0,0,51.5
C004370,2024-01-23,SMB,North America,Pro,Paid Search,20,68.03,708,12.0,0,16.8,0.253,0,0,,2025-12-31,1295.09,18,2025-11-21,2024-03-09,71.95,2,7.4,0,40.0,1,55.0
C004371,2024-03-09,SMB,North America,Enterprise,Referral,5,697.42,662,23.0,2,24.0,0.366,0,0,,2025-12-31,7252.92,10,2025-11-02,2024-03-16,725.29,2,7.4,0,59.0,1,65.9
C004372,2022-09-01,SMB,Europe,Pro,Sales,10,71.56,1217,15.0,1,27.2,0.583,0,0,,2025-12-31,2300.09,32,2025-12-30,2022-09-25,71.88,1,2.8,0,1.0,1,67.1
C004373,2022-11-21,SMB,APAC,Pro,Paid Search,18,77.25,1136,2.0,2,54.1,0.348,1,0,,2025-12-31,1604.61,22,2025-12-10,2023-01-01,72.94,4,55.4,0,21.0,1,47.6
C004374,2025-03-16,Mid-Market,North America,Enterprise,Referral,61,10677.23,290,21.0,0,11.8,0.404,1,0,,2025-12-31,56644.47,5,2025-12-17,2025-08-02,11328.89,0,0.0,0,14.0,1,65.0
C004375,2023-03-10,Mid-Market,Europe,Pro,Organic,76,83.06,1027,13.0,0,58.4,0.693,0,0,,2025-12-31,1482.81,17,2025-12-17,2023-05-14,87.22,0,0.0,0,14.0,1,73.2
C004376,2024-04-15,SMB,North America,Free,Sales,18,0.0,625,6.0,1,42.1,0.641,0,0,,2025-12-31,27.740000000000002,7,2025-12-29,2024-06-20,3.96,1,88.5,0,2.0,0,62.3
C004377,2023-03-29,Enterprise,APAC,Pro,Partner,309,68.95,1008,22.0,2,2.8,0.101,1,0,,2025-12-31,1107.74,17,2025-11-22,2023-04-19,65.16,3,40.7,0,39.0,1,53.0
C004378,2023-01-12,Mid-Market,North America,Free,Organic,29,0.0,1084,24.0,1,27.0,0.188,0,0,,2025-12-31,110.72,24,2025-12-30,2023-02-10,4.61,1,7.2,0,1.0,0,63.3
C004379,2022-08-26,SMB,North America,Starter,Referral,8,28.51,1223,16.0,0,47.4,0.143,1,0,,2025-12-31,825.34,30,2025-12-24,2022-09-08,27.51,0,0.0,0,7.0,1,56.3
C004380,2025-08-22,Enterprise,Europe,Pro,Referral,105,89.39,131,20.0,4,36.0,0.373,0,0,,2025-12-31,262.28,3,2025-12-26,2025-10-03,87.43,4,29.6,0,5.0,1,61.6
C004381,2025-09-06,Enterprise,Europe,Starter,Referral,299,30.11,116,6.0,3,44.5,0.378,0,0,,2025-12-31,61.349999999999994,2,2025-10-13,2025-09-19,30.67,4,17.0,0,79.0,1,51.6
C004382,2022-06-14,SMB,APAC,Free,Paid Search,17,0.0,1296,20.0,2,20.3,0.305,0,0,,2025-12-31,159.21,27,2025-12-22,2022-07-28,5.9,3,12.1,0,9.0,0,61.0
C004383,2023-05-21,Mid-Market,Europe,Pro,Referral,25,67.28,955,25.0,1,48.9,0.751,0,0,,2025-12-31,1234.08,18,2025-10-01,2023-06-24,68.56,2,51.6,0,91.0,1,83.2
C004384,2024-03-17,Startup,LATAM,Starter,Referral,7,25.22,654,6.0,0,25.0,0.324,0,1,2024-11-27,2025-12-31,99.18,4,2024-10-20,2024-03-31,24.8,0,0.0,0,437.0,0,52.6
C004385,2023-07-03,Startup,North America,Pro,Paid Search,1,71.33,912,26.0,0,98.7,0.621,0,0,,2025-12-31,948.28,13,2025-11-05,2023-09-14,72.94,1,22.6,0,56.0,1,86.7
C004386,2024-10-28,Startup,North America,Starter,Organic,4,30.12,429,2.0,1,2.0,0.299,1,0,,2025-12-31,226.96,7,2025-12-23,2024-12-21,32.42,3,46.7,1,8.0,1,42.5
C004387,2023-01-08,SMB,LATAM,Pro,Sales,3,70.56,1088,12.0,2,100.0,0.619,0,0,,2025-12-31,1570.32,22,2025-12-07,2023-02-10,71.38,2,54.3,0,24.0,1,71.3
C004388,2022-03-26,Mid-Market,North America,Business,Partner,72,171.64,1376,2.0,1,11.2,0.503,0,0,,2025-12-31,3328.42,20,2025-12-18,2022-04-14,166.42,2,19.1,0,13.0,1,51.5
C004389,2023-04-27,SMB,APAC,Free,Paid Search,18,0.0,979,12.0,2,66.8,0.305,0,0,,2025-12-31,39.31,22,2025-11-10,2023-06-10,1.79,2,30.2,0,51.0,0,58.5
C004390,2024-05-04,SMB,North America,Business,Referral,9,179.75,606,18.0,1,55.7,0.439,0,0,,2025-12-31,1880.83,11,2025-11-28,2024-08-19,170.98,1,36.2,0,33.0,1,68.3
C004391,2022-09-16,SMB,Europe,Starter,Organic,10,26.6,1202,24.0,0,12.3,0.343,0,0,,2025-12-31,688.55,27,2025-12-04,2022-09-25,25.5,0,0.0,0,27.0,1,67.9
C004392,2025-03-12,Mid-Market,North America,Starter,Referral,53,33.05,294,4.0,1,50.0,0.212,0,0,,2025-12-31,387.46,11,2025-12-24,2025-04-07,35.22,2,40.1,0,7.0,1,48.4
C004393,2022-01-18,Enterprise,Europe,Starter,Paid Search,464,31.73,1443,24.0,1,22.6,0.468,0,0,,2025-12-31,720.98,24,2025-11-15,2022-03-06,30.04,1,0.0,0,46.0,1,71.2
C004394,2022-04-07,Mid-Market,APAC,Starter,Organic,63,31.92,1364,27.0,2,41.9,0.521,0,0,,2025-12-31,888.27,29,2025-08-22,2022-04-21,30.63,2,113.8,0,131.0,1,75.9
C004395,2023-12-29,Mid-Market,North America,Free,Sales,59,0.0,733,1.0,0,38.7,0.237,0,1,2024-10-03,2025-12-31,42.28,7,2024-09-09,2024-01-16,6.04,0,0.0,0,478.0,0,46.9
C004396,2024-01-03,Mid-Market,North America,Business,Referral,37,227.1,728,26.0,3,26.3,0.523,1,0,,2025-12-31,2570.37,12,2025-12-31,2024-01-29,214.2,6,31.2,1,0.0,1,70.0
C004397,2023-02-26,Startup,North America,Business,Organic,4,197.87,1039,25.0,1,24.2,0.701,0,0,,2025-12-31,4621.6,23,2025-10-23,2023-03-14,200.94,2,55.4,0,69.0,1,79.3
C004398,2023-01-05,Enterprise,North America,Enterprise,Sales,230,32204.13,1091,0.0,1,43.5,0.288,0,0,,2025-12-31,659853.04,23,2025-12-30,2023-03-25,28689.26,2,31.0,0,1.0,1,46.5
C004399,2022-04-10,SMB,North America,Enterprise,Sales,12,1810.99,1361,1.0,2,12.4,0.276,0,0,,2025-12-31,57972.02,32,2025-10-25,2022-05-13,1811.63,2,4.4,0,67.0,1,42.4
C004400,2024-08-05,Startup,LATAM,Starter,Referral,7,25.54,513,20.0,1,13.3,0.834,1,0,,2025-12-31,131.57999999999998,5,2025-06-29,2025-01-17,26.32,1,0.0,0,185.0,1,75.7
C004401,2023-06-27,Mid-Market,North America,Free,Organic,38,0.0,918,11.0,0,58.9,0.584,0,0,,2025-12-31,91.56,12,2025-07-04,2023-07-24,7.63,1,12.3,0,180.0,0,68.2
C004402,2022-06-19,SMB,Europe,Free,Organic,18,0.0,1291,7.0,3,45.7,0.48,1,0,,2025-12-31,139.72,35,2025-11-21,2022-06-22,3.99,3,63.2,0,40.0,0,53.7
C004403,2023-07-26,SMB,Europe,Pro,Referral,7,73.08,889,11.0,0,2.3,0.265,2,0,,2025-12-31,953.77,13,2025-11-15,2023-09-11,73.37,1,30.4,0,46.0,1,49.0
C004404,2025-09-01,Mid-Market,North America,Business,Sales,33,173.19,121,9.0,1,9.9,0.314,0,0,,2025-12-31,188.44,1,2025-12-19,2025-12-19,188.44,1,23.4,0,12.0,1,51.9
C004405,2023-01-09,SMB,North America,Starter,Organic,7,26.88,1087,27.0,3,-18.4,0.437,0,0,,2025-12-31,673.21,26,2025-12-05,2023-02-28,25.89,3,7.4,0,26.0,1,65.9
C004406,2025-07-03,Startup,APAC,Starter,Paid Search,4,27.61,181,6.0,2,57.7,0.773,0,0,,2025-12-31,88.96,3,2025-11-22,2025-10-21,29.65,2,22.4,0,39.0,1,66.3
C004407,2023-01-06,SMB,Europe,Starter,Organic,11,32.6,1090,2.0,1,52.2,0.239,0,1,2025-04-01,2025-12-31,597.87,17,2025-02-09,2023-01-09,35.17,1,45.9,0,325.0,0,47.7
C004408,2022-09-23,Startup,APAC,Business,Paid Search,1,180.44,1195,23.0,1,7.8,0.576,0,0,,2025-12-31,6312.9,36,2025-12-07,2022-10-01,175.36,1,20.8,0,24.0,1,72.1
C004409,2023-01-08,Startup,Europe,Pro,Partner,5,86.77,1088,23.0,1,51.2,0.394,1,0,,2025-12-31,2698.44,30,2025-12-17,2023-01-12,89.95,1,7.7,0,14.0,1,69.0
C004410,2023-04-08,Mid-Market,Europe,Pro,Organic,43,86.53,998,25.0,4,84.6,0.902,0,0,,2025-12-31,1775.6399999999999,21,2025-12-24,2023-04-29,84.55,4,41.1,0,7.0,1,86.8
C004411,2022-06-22,SMB,APAC,Pro,Partner,13,80.45,1288,27.0,0,-3.5,0.28,0,0,,2025-12-31,1849.38,22,2025-11-03,2022-08-09,84.06,0,0.0,0,58.0,1,67.2
C004412,2024-04-20,SMB,APAC,Starter,Partner,9,28.46,620,1.0,3,19.6,0.413,0,0,,2025-12-31,358.5,12,2025-11-14,2024-04-30,29.88,4,60.3,0,47.0,1,45.7
C004413,2023-04-22,SMB,LATAM,Starter,Paid Search,24,28.14,984,21.0,0,-4.0,0.462,1,1,2025-01-31,2025-12-31,440.95,15,2024-12-22,2023-06-22,29.4,1,22.2,0,374.0,0,65.2
C004414,2024-10-23,SMB,North America,Business,Sales,18,223.5,434,7.0,0,58.7,0.351,0,0,,2025-12-31,1302.02,6,2025-08-28,2024-11-12,217.0,0,0.0,0,125.0,1,57.6
C004415,2023-12-04,SMB,LATAM,Business,Organic,7,226.09,758,11.0,1,32.6,0.72,0,0,,2025-12-31,4711.68,20,2025-12-28,2024-01-04,235.58,3,9.9,1,3.0,1,68.2
C004416,2023-09-25,Startup,APAC,Starter,Organic,5,30.75,828,12.0,1,25.0,0.06,1,0,,2025-12-31,766.33,24,2025-12-07,2023-10-01,31.93,1,0.0,0,24.0,1,46.5
C004417,2023-11-05,Mid-Market,APAC,Starter,Paid Search,53,32.16,787,27.0,0,40.7,0.133,0,0,,2025-12-31,511.36,16,2025-10-24,2023-11-24,31.96,3,66.8,0,68.0,1,67.2
C004418,2022-08-12,SMB,Europe,Free,Paid Search,5,0.0,1237,14.0,1,21.1,0.385,0,0,,2025-12-31,210.58,32,2025-11-05,2022-08-24,6.58,1,51.0,0,56.0,0,59.7
C004419,2024-10-16,Mid-Market,LATAM,Free,Organic,53,0.0,441,6.0,0,25.0,0.13,1,1,2025-07-10,2025-12-31,6.92,1,2025-04-13,2025-04-13,6.92,0,0.0,0,262.0,0,44.8
C004420,2022-05-29,SMB,Europe,Free,Sales,20,0.0,1312,2.0,0,41.9,0.544,0,0,,2025-12-31,125.49000000000001,22,2025-06-20,2022-06-08,5.7,0,0.0,0,194.0,0,57.3
C004421,2024-10-28,SMB,APAC,Starter,Organic,5,28.26,429,16.0,0,19.7,0.356,0,0,,2025-12-31,253.06,10,2025-12-25,2024-11-01,25.31,1,68.0,0,6.0,1,61.9
C004422,2025-11-30,SMB,APAC,Pro,Organic,15,73.05,31,23.0,1,23.3,0.576,0,0,,2025-12-31,174.16000000000003,2,2025-12-17,2025-12-01,87.08,3,9.9,0,14.0,1,73.6
C004423,2024-12-28,SMB,APAC,Business,Referral,22,214.12,368,19.0,2,31.1,0.309,0,0,,2025-12-31,1297.74,7,2025-09-15,2025-01-08,185.39,3,22.8,0,107.0,1,61.3
C004424,2023-10-14,SMB,APAC,Business,Sales,13,187.13,809,26.0,2,37.3,0.439,0,0,,2025-12-31,2783.57,15,2025-06-15,2023-10-26,185.57,3,33.1,0,199.0,1,72.1
C004425,2023-03-26,Mid-Market,North America,Pro,Paid Search,76,83.83,1011,1.0,1,50.0,0.15,0,0,,2025-12-31,2189.5,24,2025-12-11,2023-03-27,91.23,1,25.1,0,20.0,1,43.9
C004426,2025-06-01,Mid-Market,North America,Enterprise,Organic,57,8646.17,213,11.0,1,49.6,0.2,0,0,,2025-12-31,45330.7,5,2025-12-31,2025-06-03,9066.14,1,119.3,0,0.0,1,54.3
C004427,2023-01-03,Mid-Market,North America,Enterprise,Paid Search,50,6941.29,1093,17.0,2,-2.5,0.269,1,0,,2025-12-31,143955.36,19,2025-11-22,2023-01-21,7576.6,3,23.6,0,39.0,1,53.0
C004428,2023-11-21,Startup,APAC,Starter,Organic,3,32.41,771,24.0,1,70.2,0.783,0,0,,2025-12-31,517.03,17,2025-12-18,2023-12-03,30.41,2,90.1,0,13.0,1,85.4
C004429,2025-01-07,Mid-Market,APAC,Free,Paid Search,34,0.0,358,8.0,1,36.5,0.089,1,1,2025-04-15,2025-12-31,25.94,1,2025-02-09,2025-02-09,25.94,1,22.1,0,325.0,0,45.0
C004430,2025-08-11,Startup,APAC,Starter,Partner,7,26.65,142,18.0,2,26.7,0.261,1,1,2025-10-10,2025-12-31,56.14,2,2025-08-19,2025-08-19,28.07,3,27.8,0,134.0,0,56.6
C004431,2025-08-09,Mid-Market,APAC,Business,Paid Search,27,201.1,144,5.0,1,12.4,0.682,1,0,,2025-12-31,761.76,5,2025-12-22,2025-09-26,152.35,1,194.6,0,9.0,1,57.7
C004432,2022-05-06,SMB,Europe,Free,Paid Search,4,0.0,1335,16.0,0,84.7,0.414,0,0,,2025-12-31,184.33,31,2025-12-13,2022-06-14,5.95,0,0.0,0,18.0,0,70.2
C004433,2025-07-08,SMB,North America,Starter,Referral,10,24.75,176,21.0,1,94.0,0.659,0,0,,2025-12-31,65.33000000000001,2,2025-12-28,2025-11-07,32.67,4,41.4,0,3.0,1,81.4
C004434,2022-06-13,SMB,Europe,Pro,Organic,18,67.73,1297,22.0,0,81.7,0.702,0,0,,2025-12-31,2423.93,35,2025-11-22,2022-06-30,69.26,0,0.0,0,39.0,1,83.9
C004435,2024-04-15,SMB,APAC,Pro,Organic,13,90.63,625,12.0,2,38.0,0.053,1,0,,2025-12-31,1102.6,12,2025-10-29,2024-06-03,91.88,3,70.8,1,63.0,1,46.1
C004436,2025-08-22,SMB,Europe,Pro,Referral,13,86.01,131,13.0,0,43.6,0.542,1,0,,2025-12-31,183.62,2,2025-12-21,2025-11-11,91.81,0,0.0,0,10.0,1,65.2
C004437,2024-07-25,Startup,APAC,Business,Organic,2,219.59,524,24.0,1,72.3,0.669,0,0,,2025-12-31,2253.69,10,2025-12-22,2024-07-31,225.37,3,0.0,0,9.0,1,82.2
C004438,2025-09-16,SMB,LATAM,Pro,Organic,16,78.81,106,15.0,1,29.0,0.244,0,0,,2025-12-31,272.37,3,2025-12-13,2025-11-13,90.79,1,57.7,0,18.0,1,57.1
C004439,2023-05-08,Enterprise,North America,Business,Organic,170,200.85,968,9.0,3,48.5,0.702,0,0,,2025-12-31,3866.37,18,2025-12-30,2023-06-05,214.8,3,92.2,0,1.0,1,64.4
C004440,2023-03-27,Mid-Market,APAC,Free,Partner,45,0.0,1010,7.0,1,40.7,0.334,1,0,,2025-12-31,103.93,21,2025-12-22,2023-06-27,4.95,1,37.9,0,9.0,0,51.8
C004441,2023-04-12,SMB,Europe,Business,Partner,17,198.88,994,19.0,4,83.0,0.379,0,0,,2025-12-31,3563.92,17,2025-08-11,2023-07-14,209.64,4,49.8,0,142.0,1,65.6
C004442,2023-05-23,SMB,Europe,Pro,Paid Search,11,80.9,953,19.0,1,70.9,0.597,1,0,,2025-12-31,1944.25,22,2025-12-11,2024-02-01,88.38,1,60.3,0,20.0,1,73.5
C004443,2024-09-03,SMB,North America,Starter,Paid Search,5,31.81,484,15.0,4,31.6,0.191,0,0,,2025-12-31,362.66,11,2025-12-11,2024-11-07,32.97,6,21.3,0,20.0,1,51.3
C004444,2023-10-10,SMB,North America,Enterprise,Paid Search,11,1944.16,813,4.0,2,73.1,0.652,0,0,,2025-12-31,26346.37,14,2025-12-30,2023-11-03,1881.88,3,48.9,0,1.0,1,62.4
C004445,2024-11-20,Mid-Market,North America,Enterprise,Organic,28,4902.94,406,4.0,0,34.9,0.164,0,0,,2025-12-31,64319.590000000004,14,2025-12-26,2025-01-01,4594.26,1,9.1,0,5.0,1,47.0
C004446,2023-08-19,SMB,Europe,Business,Referral,15,226.05,865,6.0,1,21.4,0.666,1,0,,2025-12-31,3602.01,15,2025-12-24,2023-09-11,240.13,1,0.0,0,7.0,1,59.0
C004447,2023-03-17,SMB,North America,Enterprise,Sales,15,2688.16,1020,0.0,3,27.9,0.639,0,0,,2025-12-31,40360.1,17,2025-12-28,2023-04-19,2374.12,3,29.1,0,3.0,1,52.5
C004448,2022-09-29,SMB,Europe,Starter,Paid Search,22,27.06,1189,13.0,1,38.7,0.177,0,0,,2025-12-31,662.83,25,2025-12-05,2022-12-30,26.51,1,50.1,0,26.0,1,54.3
C004449,2024-02-28,SMB,Europe,Starter,Paid Search,13,26.36,672,11.0,1,15.4,0.301,0,0,,2025-12-31,210.89,8,2025-12-21,2024-11-10,26.36,2,77.4,0,10.0,1,53.9
C004450,2025-07-08,Startup,Europe,Starter,Referral,4,27.92,176,10.0,2,22.1,0.389,2,1,2025-10-24,2025-12-31,24.76,1,2025-10-02,2025-10-02,24.76,2,9.0,0,90.0,0,50.8
C004451,2025-05-13,SMB,APAC,Business,Organic,18,174.14,232,26.0,5,-1.1,0.694,0,0,,2025-12-31,1676.6399999999999,9,2025-12-18,2025-05-22,186.29,5,24.7,1,13.0,1,71.4
C004452,2022-12-29,Startup,Europe,Business,Paid Search,7,218.73,1098,6.0,1,14.4,0.798,0,0,,2025-12-31,6087.12,28,2025-10-09,2023-02-01,217.4,2,35.4,0,83.0,1,64.2
C004453,2023-11-15,Enterprise,North America,Enterprise,Sales,216,34158.94,777,22.0,0,40.9,0.144,0,0,,2025-12-31,656060.9,18,2025-09-26,2023-11-20,36447.83,1,0.0,0,96.0,1,63.1
C004454,2024-10-05,SMB,LATAM,Business,Organic,19,176.32,452,5.0,1,61.1,0.467,0,0,,2025-12-31,1351.3,7,2025-07-05,2024-10-29,193.04,2,6.3,0,179.0,1,58.1
C004455,2024-05-25,SMB,APAC,Pro,Organic,24,77.94,585,17.0,1,57.9,0.672,0,0,,2025-12-31,1046.87,13,2025-12-28,2024-06-08,80.53,1,0.0,0,3.0,1,74.6
C004456,2022-04-07,SMB,Europe,Free,Paid Search,7,0.0,1364,24.0,0,45.7,0.17,0,1,2024-02-09,2025-12-31,133.4,17,2023-12-24,2022-05-12,7.85,1,6.1,0,738.0,0,66.1
C004457,2024-04-25,Mid-Market,APAC,Starter,Partner,46,27.79,615,23.0,0,-3.2,0.601,0,0,,2025-12-31,262.48,10,2025-09-21,2024-05-18,26.25,1,0.0,0,101.0,1,73.2
C004458,2022-02-25,SMB,North America,Pro,Partner,14,74.62,1405,16.0,1,13.5,0.669,0,0,,2025-12-31,1723.19,23,2025-12-19,2022-06-14,74.92,1,39.3,0,12.0,1,69.2
C004459,2022-06-16,Mid-Market,APAC,Business,Organic,66,195.57,1294,5.0,1,30.1,0.229,0,0,,2025-12-31,4727.58,24,2025-12-25,2022-06-25,196.98,1,57.3,0,6.0,1,47.8
C004460,2024-07-23,Startup,North America,Starter,Referral,2,26.83,526,10.0,2,59.1,0.676,0,0,,2025-12-31,292.03,10,2025-12-21,2024-08-28,29.2,3,12.5,0,10.0,1,67.1
C004461,2022-05-27,Mid-Market,Europe,Enterprise,Organic,51,7848.24,1314,11.0,0,21.1,0.124,0,0,,2025-12-31,154404.72,20,2025-12-15,2022-09-05,7720.24,0,0.0,0,16.0,1,50.7
C004462,2023-04-30,Mid-Market,North America,Pro,Sales,28,83.88,976,23.0,1,4.5,0.467,1,0,,2025-12-31,2062.91,24,2025-11-30,2023-05-05,85.95,1,5.9,1,31.0,1,66.5
C004463,2024-04-21,SMB,APAC,Starter,Organic,19,32.51,619,10.0,1,71.2,0.466,0,0,,2025-12-31,683.12,21,2025-12-21,2024-05-18,32.53,1,42.8,0,10.0,1,63.5
C004464,2024-07-26,Mid-Market,North America,Business,Organic,58,172.31,523,23.0,0,16.6,0.383,0,0,,2025-12-31,1868.1200000000001,11,2025-11-22,2024-12-13,169.83,0,0.0,0,39.0,1,68.7
C004465,2023-09-30,Enterprise,North America,Pro,Partner,353,90.14,823,26.0,0,6.8,0.447,0,0,,2025-12-31,1729.26,18,2025-11-27,2023-10-09,96.07,1,40.4,0,34.0,1,72.3
C004466,2022-05-15,SMB,North America,Business,Organic,14,194.37,1326,3.0,0,40.7,0.113,1,0,,2025-12-31,6157.51,33,2025-11-03,2022-05-24,186.59,1,0.0,0,58.0,1,43.1
C004467,2025-02-16,SMB,APAC,Starter,Partner,24,32.0,318,26.0,0,33.7,0.712,0,0,,2025-12-31,282.25,10,2025-12-31,2025-02-21,28.22,0,0.0,0,0.0,1,82.9
C004468,2025-09-20,Mid-Market,North America,Starter,Organic,17,30.39,102,15.0,0,22.5,0.394,0,0,,2025-12-31,94.13,3,2025-10-28,2025-10-01,31.38,1,69.7,0,64.0,1,62.5
C004469,2025-06-24,SMB,Europe,Free,Paid Search,6,0.0,190,16.0,3,35.0,0.438,1,0,,2025-12-31,29.07,5,2025-12-16,2025-07-04,5.81,5,21.8,0,15.0,0,59.4
C004470,2024-12-06,SMB,North America,Pro,Organic,5,70.82,390,8.0,0,11.9,0.416,0,0,,2025-12-31,439.35,6,2025-10-20,2025-01-02,73.23,1,70.6,0,72.0,1,55.8
C004471,2023-07-30,SMB,APAC,Business,Paid Search,9,176.64,885,9.0,1,22.2,0.185,0,0,,2025-12-31,3861.66,21,2025-08-16,2023-10-04,183.89,2,26.4,0,137.0,1,49.3
C004472,2025-06-07,Mid-Market,North America,Enterprise,Organic,21,2899.81,207,15.0,2,34.1,0.694,0,0,,2025-12-31,10751.25,4,2025-12-28,2025-09-09,2687.81,2,12.6,0,3.0,1,69.6
C004473,2023-11-30,Mid-Market,LATAM,Business,Paid Search,28,182.15,762,5.0,3,-15.9,0.176,1,1,2025-12-08,2025-12-31,2999.55,16,2025-11-16,2023-12-21,187.47,3,30.2,0,45.0,0,36.7
C004474,2022-07-15,Startup,North America,Free,Organic,7,0.0,1265,20.0,0,58.9,0.425,0,0,,2025-12-31,131.91,23,2025-12-31,2022-08-31,5.74,0,0.0,0,0.0,0,71.5
C004475,2025-05-01,SMB,North America,Enterprise,Referral,11,1759.37,244,18.0,1,0.7,0.363,0,0,,2025-12-31,8697.91,4,2025-12-26,2025-09-11,2174.48,1,6.6,0,5.0,1,60.5
C004476,2023-04-03,Enterprise,North America,Free,Referral,384,0.0,1003,0.0,1,11.5,0.562,0,0,,2025-12-31,77.35,26,2025-11-12,2023-06-13,2.97,1,63.7,0,49.0,0,51.5
C004477,2025-09-04,Startup,North America,Free,Organic,4,0.0,118,5.0,0,60.0,0.437,1,0,,2025-12-31,35.1,5,2025-12-09,2025-09-05,7.02,0,0.0,0,22.0,0,56.6
C004478,2023-06-11,Mid-Market,Europe,Business,Organic,47,178.77,934,14.0,2,49.2,0.249,0,0,,2025-12-31,4393.81,25,2025-12-10,2023-06-26,175.75,2,60.2,0,21.0,1,56.9
C004479,2025-05-28,SMB,North America,Enterprise,Organic,5,732.3,217,20.0,0,37.2,0.127,0,1,2025-10-09,2025-12-31,1805.12,2,2025-08-04,2025-06-03,902.56,1,54.3,0,149.0,0,60.4
C004480,2024-02-08,SMB,APAC,Enterprise,Organic,6,879.61,692,8.0,1,-7.7,0.053,0,0,,2025-12-31,11757.19,13,2025-11-19,2024-08-04,904.4,1,0.0,0,42.0,1,41.5
C004481,2023-10-31,Startup,Europe,Business,Paid Search,5,212.39,792,24.0,0,19.9,0.11,0,0,,2025-12-31,2143.79,11,2025-11-19,2023-10-31,194.89,1,1.4,0,42.0,1,61.7
C004482,2023-03-01,Startup,North America,Starter,Paid Search,2,24.92,1036,14.0,1,29.6,0.554,0,0,,2025-12-31,435.32,17,2025-11-08,2023-03-08,25.61,4,8.2,0,53.0,1,65.6
C004483,2025-04-10,Mid-Market,Europe,Starter,Sales,55,27.58,265,15.0,0,31.4,0.669,0,1,2025-10-22,2025-12-31,209.03,7,2025-08-13,2025-04-14,29.86,0,0.0,0,140.0,0,71.6
C004484,2022-03-28,SMB,North America,Free,Referral,16,0.0,1374,3.0,1,63.5,0.171,0,0,,2025-12-31,119.41999999999999,31,2025-11-29,2022-06-07,3.85,3,100.2,0,32.0,0,47.7
C004485,2023-11-02,Mid-Market,North America,Pro,Organic,43,67.47,790,17.0,2,84.9,0.155,0,0,,2025-12-31,1146.17,17,2025-11-20,2023-11-20,67.42,2,10.0,0,41.0,1,60.3
C004486,2023-06-12,SMB,North America,Pro,Organic,21,89.24,933,22.0,0,50.4,0.476,0,0,,2025-12-31,1724.72,19,2025-12-14,2023-09-24,90.77,0,0.0,0,17.0,1,74.0
C004487,2024-02-17,SMB,North America,Free,Organic,3,0.0,683,5.0,3,21.6,0.526,0,0,,2025-12-31,86.24000000000001,12,2025-12-14,2024-04-06,7.19,6,35.1,1,17.0,0,52.9
C004488,2022-12-31,Enterprise,North America,Pro,Organic,84,86.62,1096,15.0,1,65.4,0.437,0,0,,2025-12-31,1252.56,15,2025-12-31,2023-03-23,83.5,1,13.7,0,0.0,1,66.5
C004489,2024-08-08,Enterprise,LATAM,Pro,Paid Search,413,78.32,510,0.0,2,20.3,0.496,0,0,,2025-12-31,369.43,4,2025-11-09,2024-12-12,92.36,2,9.7,0,52.0,1,48.9
C004490,2023-07-06,Enterprise,Europe,Pro,Organic,273,81.01,909,5.0,3,-30.6,0.421,0,0,,2025-12-31,1098.04,15,2025-07-14,2023-07-26,73.2,3,16.4,1,170.0,1,44.5
C004491,2022-09-27,Mid-Market,LATAM,Starter,Organic,76,24.87,1191,1.0,0,3.8,0.594,0,0,,2025-12-31,504.91,22,2025-09-21,2022-10-31,22.95,0,0.0,0,101.0,1,54.1
C004492,2022-10-09,Mid-Market,North America,Starter,Organic,42,31.65,1179,21.0,2,-24.3,0.585,0,0,,2025-12-31,922.6800000000001,29,2025-12-16,2022-11-30,31.82,3,42.8,0,15.0,1,65.9
C004493,2024-09-23,Startup,APAC,Pro,Partner,6,67.45,464,27.0,3,25.4,0.844,0,0,,2025-12-31,654.0500000000001,11,2025-12-10,2024-09-25,59.46,4,4.4,0,21.0,1,82.5
C004494,2023-01-10,SMB,North America,Pro,Organic,23,82.05,1086,1.0,1,30.5,0.26,0,0,,2025-12-31,1699.01,19,2025-05-02,2023-02-17,89.42,1,60.6,0,243.0,1,45.2
C004495,2023-03-16,SMB,North America,Starter,Sales,21,25.43,1021,19.0,1,-4.8,0.121,0,0,,2025-12-31,538.03,22,2025-12-03,2023-07-24,24.46,1,30.0,0,28.0,1,53.6
C004496,2024-06-15,Startup,APAC,Free,Paid Search,4,0.0,564,16.0,2,13.6,0.058,1,0,,2025-12-31,89.81,14,2025-12-17,2024-07-31,6.42,4,33.1,0,14.0,0,47.4
C004497,2023-04-17,SMB,North America,Enterprise,Paid Search,9,1450.98,989,19.0,1,-0.7,0.386,0,0,,2025-12-31,23553.489999999998,15,2025-11-23,2023-04-17,1570.23,2,32.3,0,38.0,1,62.0
C004498,2023-07-10,Mid-Market,Europe,Business,Paid Search,59,178.53,905,14.0,1,31.8,0.148,0,0,,2025-12-31,2998.37,18,2025-11-04,2024-01-13,166.58,2,87.0,0,57.0,1,53.6
C004499,2022-12-16,Startup,APAC,Starter,Paid Search,2,25.23,1111,27.0,0,13.7,0.367,0,0,,2025-12-31,649.34,26,2025-11-20,2022-12-31,24.97,0,0.0,0,41.0,1,71.5
C004500,2023-05-09,SMB,Europe,Pro,Paid Search,12,72.97,967,1.0,1,60.2,0.26,0,0,,2025-12-31,1767.51,23,2025-11-21,2023-06-24,76.85,1,18.8,0,40.0,1,48.2
C004501,2024-09-17,SMB,Europe,Pro,Paid Search,13,90.12,470,4.0,3,39.2,0.803,1,0,,2025-12-31,880.24,9,2025-11-30,2025-02-17,97.8,3,25.2,0,31.0,1,60.1
C004502,2024-02-03,Startup,North America,Free,Paid Search,3,0.0,697,6.0,0,75.1,0.844,0,0,,2025-12-31,45.660000000000004,11,2025-10-08,2024-02-16,4.15,0,0.0,0,84.0,0,73.2
C004503,2025-11-27,SMB,North America,Starter,Paid Search,22,28.61,34,21.0,0,23.6,0.455,0,1,2025-12-29,2025-12-31,24.85,1,2025-11-27,2025-11-27,24.85,0,0.0,0,34.0,0,69.8
C004504,2025-01-08,SMB,LATAM,Enterprise,Organic,13,1935.47,357,2.0,0,88.6,0.441,1,0,,2025-12-31,7860.21,4,2025-09-12,2025-05-02,1965.05,1,210.7,0,110.0,1,56.9
C004505,2022-01-25,Startup,North America,Pro,Partner,1,82.84,1436,3.0,2,35.1,0.12,0,0,,2025-12-31,1859.95,22,2025-12-04,2022-02-23,84.54,2,65.7,0,27.0,1,41.8
C004506,2023-06-26,SMB,North America,Starter,Partner,23,31.32,919,20.0,1,21.8,0.348,0,0,,2025-12-31,514.2,17,2025-10-20,2023-08-19,30.25,1,168.8,0,72.0,1,64.0
C004507,2023-02-19,Startup,North America,Business,Partner,4,225.16,1046,11.0,1,95.2,0.805,1,0,,2025-12-31,4492.33,20,2025-11-19,2023-02-21,224.62,1,0.0,0,42.0,1,75.0
C004508,2024-04-20,Enterprise,LATAM,Pro,Sales,366,78.19,620,19.0,0,-10.7,0.518,0,0,,2025-12-31,1041.16,13,2025-11-24,2024-06-25,80.09,0,0.0,0,37.0,1,66.4
C004509,2023-01-15,Enterprise,APAC,Pro,Paid Search,217,78.11,1081,10.0,0,21.2,0.537,0,0,,2025-12-31,2704.8,33,2025-12-28,2023-03-10,81.96,0,0.0,0,3.0,1,62.2
C004510,2025-10-13,SMB,Europe,Starter,Sales,18,27.08,79,2.0,1,-6.6,0.418,1,1,2025-12-01,2025-12-31,19.39,1,2025-11-10,2025-11-10,19.39,1,35.1,0,51.0,0,45.2
C004511,2023-03-05,Enterprise,LATAM,Free,Paid Search,223,0.0,1032,16.0,1,-11.0,0.41,1,1,2024-01-16,2025-12-31,39.17,8,2023-11-22,2023-03-09,4.9,1,28.5,0,770.0,0,57.0
C004512,2024-01-17,Startup,North America,Starter,Paid Search,3,33.28,714,3.0,0,-16.7,0.958,0,0,,2025-12-31,442.22,13,2025-12-21,2024-02-11,34.02,0,0.0,0,10.0,1,64.7
C004513,2022-06-25,Enterprise,APAC,Enterprise,Partner,394,60251.3,1285,13.0,2,50.4,0.638,2,0,,2025-12-31,815171.54,13,2025-09-24,2022-09-19,62705.5,2,43.9,0,98.0,1,63.8
C004514,2025-07-25,SMB,North America,Pro,Organic,6,83.81,159,24.0,1,1.8,0.775,0,1,2025-09-25,2025-12-31,184.95,2,2025-09-19,2025-09-17,92.48,2,41.6,0,103.0,0,78.4
C004515,2025-07-27,Mid-Market,North America,Business,Organic,58,215.19,157,5.0,1,28.6,0.424,0,1,2025-10-05,2025-12-31,444.57000000000005,2,2025-09-27,2025-08-05,222.29,2,5.5,0,95.0,0,53.5
C004516,2025-02-08,Startup,North America,Free,Paid Search,1,0.0,326,5.0,1,57.3,0.546,0,0,,2025-12-31,14.27,6,2025-12-17,2025-03-07,2.38,1,0.0,0,14.0,0,60.1
C004517,2023-05-18,Mid-Market,LATAM,Business,Organic,79,205.25,958,26.0,2,46.6,0.249,1,0,,2025-12-31,2689.54,13,2025-10-13,2024-03-10,206.89,2,143.4,0,79.0,1,65.3
C004518,2022-03-25,Enterprise,LATAM,Pro,Organic,148,76.76,1377,8.0,1,45.3,0.543,0,0,,2025-12-31,1902.17,25,2025-10-25,2022-07-09,76.09,1,5.3,0,67.0,1,61.5
C004519,2024-10-13,Enterprise,Europe,Pro,Referral,472,81.16,444,10.0,1,65.3,0.279,0,0,,2025-12-31,638.15,8,2025-10-19,2024-10-28,79.77,1,26.7,0,73.0,1,57.3
C004520,2023-09-06,SMB,North America,Starter,Paid Search,4,25.52,847,19.0,3,75.2,0.785,2,0,,2025-12-31,393.19,16,2025-11-23,2023-10-28,24.57,5,13.8,0,38.0,1,74.5
C004521,2025-11-17,Startup,North America,Pro,Organic,1,90.13,44,3.0,1,3.7,0.683,0,1,2025-12-13,2025-12-31,244.66,3,2025-12-13,2025-11-21,81.55,1,16.9,0,18.0,0,57.0
C004522,2024-09-25,Startup,Europe,Free,Organic,3,0.0,462,1.0,0,47.1,0.333,0,0,,2025-12-31,5.83,8,2025-12-29,2024-11-18,0.73,1,0.0,0,2.0,0,50.6
C004523,2024-02-10,Mid-Market,North America,Free,Sales,65,0.0,690,23.0,3,28.2,0.282,0,0,,2025-12-31,65.72,23,2025-12-29,2024-03-02,2.86,3,48.7,0,2.0,0,62.3
C004524,2025-11-11,SMB,North America,Business,Sales,8,204.89,50,26.0,0,31.3,0.383,0,0,,2025-12-31,276.0,1,2025-12-02,2025-12-02,276.0,0,0.0,0,29.0,1,72.8
C004525,2025-02-18,Enterprise,Europe,Free,Partner,379,0.0,316,27.0,0,-2.8,0.497,0,0,,2025-12-31,53.48,8,2025-12-24,2025-05-19,6.68,0,0.0,0,7.0,0,73.7
C004526,2023-10-18,SMB,Europe,Free,Organic,16,0.0,805,0.0,1,21.7,0.083,2,0,,2025-12-31,15.81,8,2025-10-12,2024-02-06,1.98,2,37.6,0,80.0,0,34.2
C004527,2022-01-27,SMB,LATAM,Enterprise,Paid Search,4,650.72,1434,14.0,0,24.4,0.182,0,0,,2025-12-31,14300.8,22,2025-12-20,2022-02-27,650.04,0,0.0,0,11.0,1,55.4
C004528,2022-05-13,Mid-Market,Europe,Starter,Paid Search,46,30.43,1328,23.0,0,70.8,0.519,2,0,,2025-12-31,831.78,28,2025-12-08,2022-07-04,29.71,0,0.0,0,23.0,1,74.2
C004529,2023-09-27,SMB,North America,Pro,Referral,22,78.51,826,23.0,1,6.1,0.374,2,0,,2025-12-31,1300.24,16,2025-11-15,2023-11-10,81.26,2,9.8,0,46.0,1,61.9
C004530,2024-03-14,Startup,Europe,Business,Paid Search,3,203.61,657,10.0,2,-24.6,0.798,0,0,,2025-12-31,3088.0099999999998,16,2025-11-24,2024-04-17,193.0,3,12.4,0,37.0,1,62.4
C004531,2022-02-13,Enterprise,North America,Business,Referral,343,176.06,1417,13.0,3,34.8,0.751,1,0,,2025-12-31,5165.42,30,2025-11-16,2022-04-11,172.18,3,95.6,0,45.0,1,66.1
C004532,2022-06-30,Mid-Market,Europe,Free,Paid Search,42,0.0,1280,4.0,0,3.6,0.388,0,0,,2025-12-31,112.23,20,2025-09-25,2022-11-07,5.61,1,46.1,0,97.0,0,50.6
C004533,2024-10-04,Mid-Market,APAC,Pro,Referral,62,90.7,453,3.0,0,31.5,0.403,0,0,,2025-12-31,757.24,8,2025-08-30,2024-10-09,94.66,0,0.0,0,123.0,1,52.9
C004534,2024-12-10,Mid-Market,North America,Pro,Paid Search,77,81.71,386,10.0,3,51.5,0.382,0,0,,2025-12-31,706.15,9,2025-09-10,2024-12-30,78.46,3,16.9,0,112.0,1,56.0
C004535,2022-02-12,Mid-Market,North America,Starter,Paid Search,29,29.44,1418,6.0,2,32.5,0.08,0,0,,2025-12-31,645.17,22,2025-09-06,2022-02-17,29.33,2,35.7,0,116.0,1,43.0
C004536,2023-12-27,SMB,APAC,Business,Paid Search,12,210.99,735,27.0,0,24.2,0.189,0,0,,2025-12-31,3962.62,19,2025-12-05,2023-12-31,208.56,0,0.0,0,26.0,1,67.2
C004537,2022-04-26,Enterprise,Europe,Enterprise,Partner,174,31015.82,1345,2.0,1,31.1,0.213,1,0,,2025-12-31,614176.47,21,2025-11-15,2022-06-27,29246.5,3,3.2,0,46.0,1,42.8
C004538,2024-10-31,SMB,Europe,Free,Sales,19,0.0,426,14.0,1,56.2,0.619,2,0,,2025-12-31,69.39,10,2025-12-25,2024-11-11,6.94,1,63.8,0,6.0,0,66.2
C004539,2025-04-07,Startup,APAC,Free,Paid Search,2,0.0,268,15.0,1,6.1,0.287,1,0,,2025-12-31,8.82,1,2025-08-25,2025-08-25,8.82,1,0.0,0,128.0,0,54.1
C004540,2025-05-28,Startup,Europe,Business,Sales,2,193.31,217,1.0,3,53.2,0.246,0,1,2025-07-23,2025-12-31,248.16,1,2025-06-13,2025-06-13,248.16,4,61.8,0,201.0,0,44.1
C004541,2024-05-05,SMB,North America,Pro,Paid Search,19,70.95,605,12.0,2,9.9,0.28,0,0,,2025-12-31,602.98,9,2025-12-14,2024-06-20,67.0,3,74.2,1,17.0,1,52.1
C004542,2024-06-18,Mid-Market,APAC,Business,Paid Search,33,193.74,561,26.0,1,50.1,0.127,0,0,,2025-12-31,3107.86,16,2025-11-07,2024-06-24,194.24,1,6.3,0,54.0,1,65.5
C004543,2025-08-18,Enterprise,LATAM,Free,Organic,381,0.0,135,3.0,1,-3.6,0.33,0,1,2025-11-15,2025-12-31,14.67,2,2025-10-06,2025-10-03,7.34,2,10.3,0,86.0,0,45.7
C004544,2024-05-25,Mid-Market,North America,Free,Organic,70,0.0,585,4.0,2,48.6,0.635,0,0,,2025-12-31,60.1,14,2025-12-13,2024-05-28,4.29,2,20.2,0,18.0,0,59.5
C004545,2023-10-01,Startup,North America,Pro,Referral,2,71.44,822,4.0,0,32.5,0.176,0,0,,2025-12-31,967.1600000000001,13,2025-12-22,2023-10-19,74.4,0,0.0,0,9.0,1,47.1
C004546,2024-12-15,Startup,APAC,Enterprise,Organic,6,999.51,381,1.0,0,37.4,0.326,0,0,,2025-12-31,10192.52,10,2025-12-28,2025-04-09,1019.25,1,13.0,0,3.0,1,49.4
C004547,2024-04-24,Mid-Market,Europe,Free,Paid Search,28,0.0,616,24.0,0,59.0,0.25,0,0,,2025-12-31,65.31,15,2025-11-10,2024-05-12,4.35,1,0.0,1,51.0,0,69.8
C004548,2025-04-19,Mid-Market,North America,Business,Organic,32,179.5,256,1.0,0,14.5,0.54,1,1,2025-11-16,2025-12-31,651.04,4,2025-10-19,2025-04-26,162.76,0,0.0,0,73.0,0,51.5
C004549,2024-01-21,SMB,Europe,Starter,Referral,15,32.69,710,7.0,1,34.4,0.591,1,1,2025-04-09,2025-12-31,296.75,8,2025-03-09,2024-02-05,37.09,2,15.3,0,297.0,0,58.9
C004550,2025-05-27,Mid-Market,APAC,Free,Sales,21,0.0,218,23.0,3,42.6,0.629,1,1,2025-11-26,2025-12-31,0.0,2,2025-11-17,2025-07-14,0.0,3,76.0,0,44.0,0,72.2
C004551,2022-03-06,Startup,Europe,Pro,Referral,6,72.23,1396,27.0,1,27.5,0.705,0,0,,2025-12-31,2566.15,36,2025-11-21,2022-03-21,71.28,2,76.0,0,40.0,1,81.5
C004552,2022-02-22,Mid-Market,North America,Starter,Paid Search,47,29.05,1408,4.0,0,52.9,0.632,0,0,,2025-12-31,775.63,27,2025-11-27,2022-02-28,28.73,0,0.0,0,34.0,1,62.8
C004553,2022-05-22,Mid-Market,North America,Pro,Paid Search,62,68.74,1319,10.0,0,43.2,0.475,1,0,,2025-12-31,2262.55,32,2025-10-21,2022-06-07,70.7,0,0.0,0,71.0,1,60.5
C004554,2024-03-06,SMB,Europe,Starter,Organic,11,26.68,665,5.0,0,20.5,0.556,0,0,,2025-12-31,382.36,15,2025-09-17,2024-03-12,25.49,0,0.0,0,105.0,1,58.2
C004555,2024-10-10,Mid-Market,LATAM,Pro,Sales,39,80.66,447,5.0,3,66.5,0.423,1,0,,2025-12-31,714.6899999999999,8,2025-10-08,2025-04-04,89.34,5,26.3,1,84.0,1,52.3
C004556,2022-11-06,Mid-Market,Europe,Starter,Organic,36,26.23,1151,26.0,4,49.0,0.744,3,0,,2025-12-31,702.64,26,2025-12-19,2022-12-27,27.02,4,28.8,0,12.0,1,73.4
C004557,2022-08-11,Startup,North America,Business,Sales,6,224.28,1238,9.0,1,13.9,0.651,0,0,,2025-12-31,4605.58,21,2025-10-18,2022-08-16,219.31,2,43.4,0,74.0,1,62.5
C004558,2025-05-15,Mid-Market,LATAM,Enterprise,Referral,77,11361.79,230,17.0,0,13.7,0.184,0,0,,2025-12-31,48411.75,4,2025-12-15,2025-05-29,12102.94,0,0.0,0,16.0,1,57.1
C004559,2024-12-09,SMB,North America,Starter,Referral,5,27.14,387,4.0,3,29.5,0.336,0,0,,2025-12-31,181.9,7,2025-11-23,2024-12-28,25.99,3,35.2,0,38.0,1,47.1
C004560,2024-07-16,SMB,Europe,Starter,Referral,4,30.81,533,7.0,0,46.2,0.088,0,0,,2025-12-31,350.44,10,2025-11-16,2024-08-10,35.04,0,0.0,0,45.0,1,48.5
C004561,2023-11-30,Mid-Market,North America,Enterprise,Paid Search,53,9399.5,762,10.0,0,-20.3,0.493,0,0,,2025-12-31,92819.25,10,2025-10-02,2023-12-11,9281.92,1,0.0,0,90.0,1,56.7
C004562,2023-08-24,Enterprise,APAC,Free,Organic,85,0.0,860,16.0,4,15.0,0.648,0,0,,2025-12-31,132.01,20,2025-11-04,2023-09-18,6.6,4,94.7,1,57.0,0,64.2
C004563,2022-01-30,Mid-Market,APAC,Business,Paid Search,23,202.4,1431,25.0,1,20.6,0.169,0,0,,2025-12-31,3899.05,20,2025-10-19,2022-03-25,194.95,1,33.8,0,73.0,1,63.0
C004564,2022-09-26,Enterprise,APAC,Pro,Organic,285,84.54,1192,6.0,0,-0.9,0.411,0,0,,2025-12-31,1561.29,19,2025-11-02,2022-10-17,82.17,0,0.0,0,59.0,1,52.6
C004565,2025-07-06,Mid-Market,North America,Business,Referral,79,220.79,178,18.0,1,9.5,0.675,0,0,,2025-12-31,344.99,2,2025-12-11,2025-09-12,172.5,1,101.0,0,20.0,1,70.8
C004566,2023-04-30,Startup,Europe,Starter,Paid Search,6,25.41,976,13.0,2,38.4,0.796,0,0,,2025-12-31,575.23,23,2025-12-31,2023-05-09,25.01,4,33.4,1,0.0,1,71.3
C004567,2024-10-04,SMB,North America,Starter,Sales,7,33.3,453,22.0,2,22.8,0.378,0,0,,2025-12-31,374.62,11,2025-12-31,2024-10-13,34.06,4,28.8,0,0.0,1,65.3
C004568,2024-10-03,Startup,LATAM,Starter,Referral,6,25.51,454,9.0,2,24.7,0.149,0,0,,2025-12-31,209.75,8,2025-11-05,2024-11-13,26.22,3,34.7,1,56.0,1,47.0
C004569,2023-03-19,SMB,North America,Free,Organic,4,0.0,1018,11.0,0,0.5,0.136,0,0,,2025-12-31,52.96,19,2025-12-27,2023-03-30,2.79,1,122.6,0,4.0,0,49.0
C004570,2022-10-20,SMB,Europe,Starter,Organic,3,25.94,1168,17.0,0,29.7,0.457,0,0,,2025-12-31,492.42,19,2025-12-24,2023-04-18,25.92,1,106.4,0,7.0,1,66.9
C004571,2024-09-16,SMB,APAC,Enterprise,Paid Search,21,3473.8,471,12.0,0,-2.6,0.374,1,0,,2025-12-31,27656.129999999997,8,2025-10-11,2024-10-05,3457.02,0,0.0,0,81.0,1,54.7
C004572,2022-05-14,Mid-Market,North America,Starter,Organic,65,27.61,1327,21.0,1,71.5,0.439,1,0,,2025-12-31,730.63,24,2025-12-28,2022-05-18,30.44,1,0.0,0,3.0,1,70.6
C004573,2023-12-09,Mid-Market,North America,Free,Partner,65,0.0,753,0.0,2,78.6,0.53,0,0,,2025-12-31,78.24000000000001,14,2025-12-26,2024-07-26,5.59,2,10.9,0,5.0,0,55.8
C004574,2025-06-23,SMB,North America,Starter,Referral,10,27.87,191,9.0,1,23.2,0.511,1,0,,2025-12-31,132.36,5,2025-12-06,2025-08-05,26.47,1,4.8,1,25.0,1,57.2
C004575,2024-10-14,SMB,Europe,Starter,Referral,15,30.91,443,4.0,1,6.9,0.436,1,0,,2025-12-31,359.25,12,2025-12-10,2025-01-02,29.94,1,33.6,0,21.0,1,48.8
C004576,2024-12-28,SMB,LATAM,Pro,Paid Search,6,76.34,368,4.0,0,56.4,0.465,1,0,,2025-12-31,514.54,7,2025-11-02,2025-02-21,73.51,0,0.0,0,59.0,1,56.2
C004577,2022-04-30,Mid-Market,Europe,Free,Referral,68,0.0,1341,1.0,4,49.8,0.435,0,0,,2025-12-31,232.13,33,2025-12-21,2022-05-17,7.03,7,24.4,0,10.0,0,47.9
C004578,2022-10-13,Startup,LATAM,Business,Partner,4,181.05,1175,9.0,0,81.9,0.53,0,0,,2025-12-31,3204.57,17,2025-12-03,2022-11-09,188.5,0,0.0,0,28.0,1,67.1
C004579,2023-01-29,Enterprise,North America,Business,Sales,351,169.45,1067,6.0,3,88.5,0.36,0,0,,2025-12-31,2905.36,17,2025-12-31,2023-02-16,170.9,3,81.4,0,0.0,1,55.5
C004580,2023-02-23,Startup,North America,Starter,Referral,2,26.18,1042,21.0,1,-15.7,0.931,0,0,,2025-12-31,512.85,20,2025-11-11,2023-04-23,25.64,1,37.9,0,50.0,1,78.6
C004581,2022-10-05,Startup,LATAM,Business,Referral,4,226.41,1183,14.0,1,64.0,0.361,1,0,,2025-12-31,6428.17,28,2025-12-21,2022-11-13,229.58,1,0.0,0,10.0,1,61.2
C004582,2025-10-22,Startup,APAC,Starter,Organic,6,30.23,70,22.0,1,29.4,0.584,0,0,,2025-12-31,53.93,2,2025-12-04,2025-11-16,26.96,2,97.2,0,27.0,1,73.6
C004583,2022-08-24,SMB,North America,Starter,Referral,16,30.0,1225,24.0,2,48.7,0.479,0,0,,2025-12-31,777.24,25,2025-09-14,2022-10-19,31.09,2,10.1,0,108.0,1,72.7
C004584,2024-10-09,Mid-Market,Europe,Enterprise,Paid Search,58,10596.32,448,21.0,1,54.4,0.62,2,1,2025-07-31,2025-12-31,77018.72,7,2025-04-27,2024-11-06,11002.67,1,67.6,0,248.0,0,72.3
C004585,2024-04-19,SMB,APAC,Business,Paid Search,3,196.21,621,11.0,0,53.4,0.734,0,0,,2025-12-31,3411.98,19,2025-12-25,2024-05-02,179.58,0,0.0,0,6.0,1,72.2
C004586,2024-05-23,SMB,APAC,Starter,Paid Search,6,27.37,587,27.0,3,60.0,0.743,0,0,,2025-12-31,282.58,10,2025-06-24,2024-06-09,28.26,3,25.9,0,190.0,1,82.9
C004587,2022-11-03,SMB,Europe,Pro,Paid Search,22,67.39,1154,10.0,1,21.0,0.427,1,0,,2025-12-31,1753.57,25,2025-12-09,2022-11-20,70.14,1,29.6,0,22.0,1,55.3
C004588,2023-03-16,Mid-Market,North America,Starter,Organic,73,27.08,1021,23.0,1,11.2,0.48,0,0,,2025-12-31,784.81,27,2025-12-14,2023-05-01,29.07,1,63.7,0,17.0,1,69.6
C004589,2024-05-17,Mid-Market,North America,Pro,Organic,30,78.46,593,4.0,2,64.7,0.376,0,0,,2025-12-31,1268.79,15,2025-11-11,2024-05-27,84.59,2,19.6,0,50.0,1,53.3
C004590,2023-03-04,Mid-Market,Europe,Pro,Referral,19,67.19,1033,27.0,2,13.2,0.634,2,0,,2025-12-31,1256.85,19,2025-12-18,2023-05-23,66.15,3,45.2,0,13.0,1,72.4
C004591,2024-09-19,SMB,Europe,Free,Partner,20,0.0,468,8.0,2,81.5,0.481,0,0,,2025-12-31,39.54,12,2025-11-13,2024-10-10,3.3,3,84.3,0,48.0,0,61.7
C004592,2022-02-26,SMB,North America,Enterprise,Sales,9,1458.44,1404,17.0,2,15.9,0.639,0,1,2025-08-06,2025-12-31,38357.75,24,2025-08-01,2022-03-21,1598.24,2,8.2,0,152.0,0,67.9
C004593,2022-04-15,Startup,North America,Pro,Referral,5,87.99,1356,9.0,0,25.5,0.622,0,0,,2025-12-31,2947.41,36,2025-12-22,2022-04-28,81.87,1,9.8,0,9.0,1,64.2
C004594,2024-11-07,SMB,North America,Free,Paid Search,21,0.0,419,6.0,2,30.2,0.554,0,0,,2025-12-31,59.41,11,2025-11-26,2024-11-29,5.4,2,37.6,0,35.0,0,57.0
C004595,2024-05-31,SMB,Europe,Business,Referral,5,206.55,579,9.0,2,-3.5,0.279,0,0,,2025-12-31,2491.91,12,2025-10-14,2024-07-01,207.66,2,42.6,0,78.0,1,48.1
C004596,2022-03-03,Mid-Market,North America,Business,Partner,58,211.58,1399,17.0,0,-3.5,0.616,0,0,,2025-12-31,6085.8,30,2025-11-25,2022-04-23,202.86,2,42.6,0,36.0,1,68.3
C004597,2025-07-09,SMB,North America,Starter,Organic,21,31.09,175,3.0,1,57.8,0.207,1,1,2025-12-27,2025-12-31,140.39,4,2025-11-19,2025-07-23,35.1,2,12.2,0,42.0,0,46.2
C004598,2022-01-07,Mid-Market,North America,Pro,Sales,77,76.65,1454,5.0,1,-8.0,0.062,0,0,,2025-12-31,2527.96,30,2025-09-26,2022-02-08,84.27,1,194.8,0,96.0,1,39.0
C004599,2025-09-28,Mid-Market,APAC,Business,Sales,19,211.98,94,25.0,0,98.0,0.767,0,0,,2025-12-31,265.3,1,2025-12-26,2025-12-26,265.3,1,31.8,0,5.0,1,90.1
C004600,2024-11-09,Enterprise,Europe,Enterprise,Organic,65,11530.87,417,2.0,1,32.6,0.224,0,0,,2025-12-31,102252.28,9,2025-12-19,2024-12-08,11361.36,2,53.6,0,12.0,1,45.3
C004601,2025-11-14,Mid-Market,North America,Starter,Referral,26,31.19,47,20.0,2,9.3,0.119,0,0,,2025-12-31,36.09,1,2025-11-16,2025-11-16,36.09,3,29.1,0,45.0,1,54.4
C004602,2025-09-18,Mid-Market,Europe,Pro,Organic,70,83.14,104,8.0,0,45.5,0.09,0,0,,2025-12-31,54.46,1,2025-11-16,2025-11-16,54.46,1,67.1,0,45.0,1,49.4
C004603,2023-03-24,SMB,Europe,Business,Sales,7,219.01,1013,8.0,0,-26.5,0.352,0,0,,2025-12-31,3740.35,18,2025-12-14,2023-06-12,207.8,0,0.0,0,17.0,1,50.1
C004604,2024-12-17,Enterprise,Europe,Enterprise,Partner,51,7440.66,379,10.0,1,26.7,0.415,0,0,,2025-12-31,80819.62,12,2025-12-11,2025-03-17,6734.97,1,5.9,1,20.0,1,57.5
C004605,2022-10-29,Mid-Market,Europe,Free,Organic,41,0.0,1159,10.0,0,29.9,0.581,1,0,,2025-12-31,63.88,20,2025-11-12,2023-01-03,3.19,0,0.0,0,49.0,0,62.3
C004606,2023-11-06,Enterprise,Europe,Pro,Referral,313,80.81,786,19.0,0,3.3,0.475,2,0,,2025-12-31,1201.97,16,2025-12-22,2023-12-15,75.12,0,0.0,0,9.0,1,62.5
C004607,2022-12-10,SMB,APAC,Business,Paid Search,9,181.3,1117,22.0,1,19.2,0.496,1,0,,2025-12-31,5844.25,31,2025-11-25,2023-02-15,188.52,1,0.0,0,36.0,1,67.9
C004608,2023-11-27,SMB,North America,Free,Organic,12,0.0,765,10.0,1,73.2,0.471,0,0,,2025-12-31,58.65,15,2025-11-17,2023-12-20,3.91,2,4.9,0,44.0,0,63.9
C004609,2025-06-01,Mid-Market,North America,Starter,Referral,78,31.21,213,4.0,2,39.6,0.318,1,0,,2025-12-31,92.42,3,2025-11-18,2025-06-21,30.81,2,25.3,0,43.0,1,47.1
C004610,2023-09-16,Mid-Market,North America,Pro,Referral,43,67.76,837,0.0,1,45.0,0.235,0,0,,2025-12-31,598.0,10,2025-10-26,2023-10-19,59.8,2,144.9,0,66.0,1,45.0
C004611,2022-05-13,Startup,Europe,Pro,Paid Search,5,82.79,1328,20.0,2,15.3,0.567,0,0,,2025-12-31,2979.62,34,2025-12-16,2022-05-26,87.64,2,6.0,0,15.0,1,68.4
C004612,2023-04-10,SMB,Europe,Business,Referral,6,170.97,996,25.0,2,1.9,0.473,0,0,,2025-12-31,3086.7799999999997,17,2025-11-25,2023-05-14,181.58,2,27.2,0,36.0,1,68.7
C004613,2025-01-29,SMB,APAC,Free,Organic,14,0.0,336,0.0,1,29.0,0.282,0,0,,2025-12-31,42.480000000000004,7,2025-11-09,2025-01-30,6.07,1,0.0,0,52.0,0,44.9
C004614,2024-01-17,SMB,North America,Business,Paid Search,6,178.05,714,16.0,0,-26.4,0.517,0,0,,2025-12-31,2982.17,16,2025-11-21,2024-01-19,186.39,1,0.0,0,40.0,1,62.2
C004615,2024-03-12,Startup,Europe,Starter,Partner,7,26.64,659,6.0,1,7.6,0.083,0,1,2025-07-29,2025-12-31,389.11,15,2025-07-28,2024-04-25,25.94,1,44.9,0,156.0,0,42.1
C004616,2023-09-09,Startup,North America,Business,Organic,4,220.69,844,5.0,2,3.7,0.298,1,0,,2025-12-31,2578.77,11,2025-12-12,2023-09-29,234.43,2,26.2,0,19.0,1,43.8
C004617,2023-02-23,Mid-Market,North America,Starter,Paid Search,37,29.5,1042,23.0,2,-16.0,0.465,1,0,,2025-12-31,569.13,20,2025-12-23,2023-04-16,28.46,3,31.9,0,8.0,1,62.9
C004618,2024-05-05,SMB,APAC,Free,Sales,16,0.0,605,7.0,2,51.2,0.511,1,1,2024-12-29,2025-12-31,0.0,1,2024-07-27,2024-07-27,0.0,3,52.5,0,522.0,0,56.7
C004619,2024-06-24,Mid-Market,North America,Enterprise,Referral,49,8914.15,555,8.0,2,31.7,0.138,0,0,,2025-12-31,91458.24,11,2025-06-04,2024-07-07,8314.39,3,80.2,0,210.0,1,46.5
C004620,2025-07-08,SMB,North America,Business,Partner,24,197.02,176,3.0,2,19.5,0.496,0,0,,2025-12-31,228.43,1,2025-09-27,2025-09-27,228.43,2,46.1,0,95.0,1,51.5
C004621,2024-06-02,Mid-Market,North America,Starter,Partner,75,29.44,577,25.0,2,51.8,0.888,0,0,,2025-12-31,404.88,14,2025-11-28,2024-06-28,28.92,3,66.4,0,33.0,1,86.1
C004622,2025-11-23,Enterprise,APAC,Starter,Sales,254,30.8,38,25.0,1,-6.1,0.431,1,1,2025-12-24,2025-12-31,76.64,2,2025-12-17,2025-11-28,38.32,4,37.1,0,14.0,0,66.1
C004623,2025-03-28,Startup,North America,Pro,Referral,2,87.03,278,25.0,0,1.4,0.602,1,0,,2025-12-31,784.1600000000001,9,2025-12-26,2025-05-02,87.13,1,28.8,0,5.0,1,73.5
C004624,2022-04-23,Startup,LATAM,Enterprise,Organic,1,164.09,1348,6.0,1,62.9,0.638,1,0,,2025-12-31,4341.16,27,2025-11-15,2022-05-02,160.78,1,9.4,0,46.0,1,62.3
C004625,2023-07-15,Mid-Market,LATAM,Starter,Paid Search,23,30.09,900,5.0,4,92.0,0.164,1,1,2024-11-20,2025-12-31,274.03,10,2024-08-12,2023-07-31,27.4,4,29.5,0,506.0,0,45.6
C004626,2023-07-05,Startup,APAC,Enterprise,Organic,7,979.6,910,26.0,1,52.1,0.832,0,0,,2025-12-31,11017.26,12,2025-09-11,2023-08-09,918.1,1,8.4,0,111.0,1,86.9
C004627,2022-01-05,Mid-Market,North America,Starter,Organic,29,25.12,1456,17.0,0,46.8,0.287,2,0,,2025-12-31,669.82,27,2025-12-30,2022-02-02,24.81,0,0.0,0,1.0,1,59.5
C004628,2022-09-16,SMB,Europe,Pro,Organic,24,73.31,1202,7.0,0,20.5,0.701,0,0,,2025-12-31,1863.97,25,2025-09-19,2023-01-27,74.56,0,0.0,0,103.0,1,64.3
C004629,2024-12-25,Startup,North America,Starter,Partner,5,29.42,371,1.0,2,21.0,0.04,0,1,2025-11-30,2025-12-31,194.76000000000002,6,2025-11-05,2024-12-31,32.46,3,10.8,0,56.0,0,36.2
C004630,2023-05-19,Mid-Market,APAC,Free,Referral,54,0.0,957,22.0,3,40.7,0.266,0,0,,2025-12-31,107.83,19,2025-12-03,2023-08-18,5.68,3,27.5,0,28.0,0,62.2
C004631,2022-07-31,SMB,Europe,Enterprise,Sales,24,3459.67,1249,22.0,1,69.3,0.652,0,0,,2025-12-31,84241.25,25,2025-12-18,2022-09-24,3369.65,1,39.7,0,13.0,1,79.6
C004632,2023-02-16,SMB,North America,Starter,Paid Search,22,32.83,1049,0.0,2,45.7,0.044,0,0,,2025-12-31,700.94,22,2025-11-08,2023-02-19,31.86,2,76.8,0,53.0,1,37.9
C004633,2023-01-28,Mid-Market,North America,Enterprise,Paid Search,30,4454.92,1068,13.0,1,58.9,0.398,0,0,,2025-12-31,115947.74,29,2025-12-31,2023-02-11,3998.2,3,54.5,0,0.0,1,62.9
C004634,2022-09-07,SMB,APAC,Free,Organic,19,0.0,1211,13.0,1,12.1,0.369,0,0,,2025-12-31,76.73,23,2025-10-26,2022-09-25,3.34,1,26.2,0,66.0,0,57.4
C004635,2022-05-25,Mid-Market,APAC,Starter,Organic,39,27.13,1316,12.0,3,50.4,0.167,0,1,2023-09-12,2025-12-31,225.76999999999998,8,2023-05-09,2022-05-27,28.22,4,32.5,0,967.0,0,51.3
C004636,2024-12-28,SMB,Europe,Enterprise,Organic,9,1397.2,368,10.0,3,18.2,0.475,0,1,2025-09-07,2025-12-31,12200.39,9,2025-08-26,2025-01-08,1355.6,4,46.4,1,127.0,0,55.5
C004637,2025-03-25,Mid-Market,Europe,Pro,Sales,76,83.8,281,9.0,0,38.5,0.288,0,0,,2025-12-31,418.49,6,2025-12-24,2025-04-08,69.75,0,0.0,0,7.0,1,55.5
C004638,2023-12-11,Mid-Market,APAC,Starter,Organic,65,32.32,751,9.0,0,50.4,0.389,0,0,,2025-12-31,508.9,15,2025-12-13,2023-12-15,33.93,0,0.0,0,18.0,1,59.7
C004639,2024-05-30,SMB,APAC,Pro,Referral,24,72.98,580,25.0,0,21.7,0.442,0,0,,2025-12-31,1260.98,18,2025-12-23,2024-06-09,70.05,0,0.0,0,8.0,1,72.8
C004640,2025-08-07,Mid-Market,APAC,Starter,Paid Search,74,31.37,146,27.0,1,9.6,0.13,0,0,,2025-12-31,77.99,3,2025-12-04,2025-11-02,26.0,1,40.7,0,27.0,1,62.5
C004641,2025-04-20,SMB,North America,Business,Paid Search,22,228.46,255,3.0,2,44.1,0.516,0,0,,2025-12-31,317.23,1,2025-10-02,2025-10-02,317.23,3,98.8,0,90.0,1,54.6
C004642,2022-02-16,SMB,Europe,Free,Referral,24,0.0,1414,20.0,0,31.6,0.123,0,0,,2025-12-31,134.19,31,2025-11-24,2022-02-16,4.33,2,38.3,0,37.0,0,59.7
C004643,2025-09-24,SMB,APAC,Pro,Sales,17,69.47,98,16.0,1,38.4,0.912,0,1,2025-11-17,2025-12-31,151.01,2,2025-11-12,2025-10-14,75.5,2,107.0,0,49.0,0,79.0
C004644,2022-04-06,Enterprise,North America,Free,Organic,373,0.0,1365,7.0,1,51.4,0.042,0,1,2024-11-15,2025-12-31,111.50999999999999,22,2024-10-24,2022-04-10,5.07,1,18.9,0,433.0,0,46.2
C004645,2022-02-07,Startup,North America,Pro,Sales,3,72.8,1423,5.0,0,67.7,0.188,0,0,,2025-12-31,2333.71,32,2025-12-30,2022-03-09,72.93,0,0.0,0,1.0,1,51.9
C004646,2023-07-31,SMB,North America,Enterprise,Organic,23,3226.0,884,21.0,0,51.6,0.116,0,0,,2025-12-31,69853.39,22,2025-12-15,2023-09-26,3175.15,1,22.7,0,16.0,1,62.4
C004647,2024-12-02,Mid-Market,Europe,Business,Referral,41,205.2,394,10.0,3,48.3,0.683,0,1,2025-04-07,2025-12-31,880.9300000000001,4,2025-04-01,2025-02-07,220.23,3,31.0,1,274.0,0,64.7
C004648,2022-04-25,SMB,APAC,Starter,Organic,7,27.71,1346,3.0,0,22.5,0.359,0,0,,2025-12-31,539.72,21,2025-12-02,2022-08-21,25.7,1,105.1,0,29.0,1,50.7
C004649,2023-02-23,SMB,North America,Starter,Paid Search,5,27.28,1042,27.0,1,26.3,0.208,0,0,,2025-12-31,388.15999999999997,14,2025-12-16,2023-04-23,27.73,1,5.4,0,15.0,1,66.5
C004650,2023-01-11,SMB,Europe,Free,Referral,14,0.0,1085,25.0,1,46.4,0.159,1,0,,2025-12-31,139.04,19,2025-12-25,2023-01-14,7.32,2,0.0,0,6.0,0,63.2
C004651,2023-07-23,SMB,North America,Business,Referral,15,175.73,892,11.0,1,25.9,0.429,0,1,2025-11-21,2025-12-31,4064.23,24,2025-10-18,2023-07-28,169.34,3,19.8,0,74.0,0,58.8
C004652,2025-11-11,SMB,APAC,Free,Referral,15,0.0,50,11.0,1,46.3,0.809,0,0,,2025-12-31,0.0,3,2025-12-17,2025-11-25,0.0,2,43.9,0,14.0,0,72.2
C004653,2023-04-19,Startup,APAC,Pro,Organic,6,84.06,987,11.0,0,14.6,0.481,0,0,,2025-12-31,2210.14,25,2025-11-12,2023-04-23,88.41,0,0.0,0,49.0,1,60.7
C004654,2022-10-26,SMB,Europe,Starter,Referral,7,30.05,1162,5.0,0,83.2,0.654,0,0,,2025-12-31,1136.04,39,2025-11-13,2022-10-28,29.13,2,20.2,0,48.0,1,67.4
C004655,2022-06-24,Startup,APAC,Enterprise,Paid Search,7,1165.84,1286,2.0,0,39.8,0.114,0,0,,2025-12-31,18378.600000000002,16,2025-07-30,2022-07-10,1148.66,1,4.9,0,154.0,1,44.2
C004656,2022-10-11,SMB,North America,Pro,Organic,3,86.23,1177,7.0,3,38.2,0.368,2,0,,2025-12-31,1720.79,20,2025-12-18,2022-11-09,86.04,3,54.9,0,13.0,1,47.6
C004657,2022-07-10,Startup,APAC,Pro,Organic,6,75.19,1270,10.0,2,22.9,0.672,1,0,,2025-12-31,1511.2,21,2025-08-25,2022-11-11,71.96,4,23.8,0,128.0,1,61.4
C004658,2024-03-31,Startup,APAC,Enterprise,Organic,4,630.01,640,4.0,0,82.8,0.686,0,0,,2025-12-31,5573.49,10,2025-10-21,2024-04-08,557.35,1,21.1,0,71.0,1,67.4
C004659,2023-08-25,Mid-Market,North America,Enterprise,Organic,25,3789.71,859,0.0,1,3.7,0.511,0,0,,2025-12-31,51771.83,14,2025-12-26,2023-10-11,3697.99,1,0.0,0,5.0,1,49.2
C004660,2023-12-14,Mid-Market,LATAM,Pro,Partner,39,73.22,748,26.0,0,17.4,0.56,0,0,,2025-12-31,1070.23,15,2025-08-12,2024-01-20,71.35,0,0.0,0,141.0,1,76.8
C004661,2025-04-04,SMB,North America,Business,Organic,14,191.02,271,24.0,1,56.3,0.27,0,0,,2025-12-31,1518.57,7,2025-11-18,2025-04-13,216.94,2,25.4,0,43.0,1,68.7
C004662,2024-04-10,SMB,Europe,Pro,Partner,7,75.15,630,8.0,1,41.0,0.368,1,0,,2025-12-31,1389.3,17,2025-12-23,2024-07-11,81.72,1,12.5,0,8.0,1,53.8
C004663,2022-08-10,SMB,North America,Starter,Organic,15,28.33,1239,17.0,2,20.6,0.805,0,0,,2025-12-31,582.73,20,2025-12-16,2022-09-01,29.14,2,20.8,0,15.0,1,73.4
C004664,2023-06-23,SMB,APAC,Free,Referral,17,0.0,922,3.0,0,21.3,0.455,1,1,2024-10-10,2025-12-31,87.11,10,2024-08-18,2023-07-02,8.71,1,21.5,0,500.0,0,51.5
C004665,2023-03-23,Startup,North America,Pro,Organic,2,75.41,1014,25.0,2,27.7,0.568,0,1,2024-06-27,2025-12-31,660.51,8,2024-01-23,2023-05-22,82.56,3,47.5,0,708.0,0,74.1
C004666,2025-03-28,SMB,North America,Pro,Paid Search,13,77.68,278,22.0,1,37.6,0.401,0,0,,2025-12-31,676.6,8,2025-12-01,2025-03-28,84.58,1,0.0,0,30.0,1,68.9
C004667,2023-03-16,SMB,Europe,Free,Partner,15,0.0,1021,4.0,0,73.8,0.089,0,0,,2025-12-31,30.4,15,2025-12-24,2023-04-04,2.03,0,0.0,0,7.0,0,48.6
C004668,2022-07-18,Mid-Market,LATAM,Starter,Sales,73,27.11,1262,5.0,1,50.1,0.536,0,0,,2025-12-31,594.17,22,2025-08-17,2022-08-08,27.01,3,69.0,0,136.0,1,59.1
C004669,2024-11-18,SMB,North America,Business,Sales,10,197.89,408,9.0,2,60.6,0.247,0,1,2025-06-26,2025-12-31,638.2,3,2025-04-07,2025-01-12,212.73,3,57.7,0,268.0,0,53.5
C004670,2023-09-05,Enterprise,Europe,Free,Paid Search,227,0.0,848,2.0,0,24.1,0.568,0,0,,2025-12-31,59.13,18,2025-12-01,2023-09-25,3.28,0,0.0,0,30.0,0,56.2
C004671,2022-05-18,SMB,Europe,Pro,Sales,17,73.68,1323,9.0,2,47.9,0.569,1,1,2024-03-02,2025-12-31,1133.83,15,2024-02-16,2022-07-30,75.59,3,48.5,0,684.0,0,59.9
C004672,2024-09-13,SMB,APAC,Pro,Partner,17,78.69,474,18.0,0,-3.9,0.088,0,0,,2025-12-31,1190.55,14,2025-12-11,2024-11-06,85.04,0,0.0,0,20.0,1,53.3
C004673,2022-10-29,SMB,North America,Starter,Sales,15,28.85,1159,20.0,2,39.6,0.448,1,0,,2025-12-31,750.66,24,2025-11-20,2022-11-06,31.28,2,22.2,0,41.0,1,65.3
C004674,2025-05-26,SMB,Europe,Starter,Organic,22,30.67,219,0.0,1,37.9,0.335,0,0,,2025-12-31,29.92,1,2025-12-20,2025-12-20,29.92,1,32.3,0,11.0,1,47.3
C004675,2025-04-05,Mid-Market,LATAM,Starter,Organic,36,29.0,270,9.0,0,80.5,0.682,0,0,,2025-12-31,196.1,6,2025-10-16,2025-05-09,32.68,0,0.0,0,76.0,1,71.5
C004676,2023-06-13,Enterprise,North America,Starter,Organic,123,26.62,932,23.0,0,73.9,0.566,1,0,,2025-12-31,502.25,20,2025-12-13,2023-06-28,25.11,2,16.2,0,18.0,1,77.9
C004677,2024-03-05,Enterprise,Europe,Pro,Referral,294,75.89,666,24.0,1,28.5,0.596,0,0,,2025-12-31,689.65,10,2025-10-17,2024-04-30,68.96,2,24.0,0,75.0,1,75.7
C004678,2024-03-22,Startup,APAC,Business,Organic,1,179.52,649,15.0,1,14.6,0.172,0,0,,2025-12-31,2702.34,16,2025-11-19,2024-04-27,168.9,2,23.2,0,42.0,1,53.5
C004679,2024-07-23,Startup,North America,Business,Organic,5,174.39,526,20.0,2,15.3,0.485,0,0,,2025-12-31,869.64,5,2025-11-09,2024-09-10,173.93,2,22.3,0,52.0,1,65.9
C004680,2022-04-09,Mid-Market,North America,Free,Partner,75,0.0,1362,6.0,0,27.6,0.459,0,0,,2025-12-31,162.09,32,2025-12-26,2022-05-28,5.07,0,0.0,0,5.0,0,56.9
C004681,2023-04-10,Mid-Market,North America,Pro,Sales,53,69.49,996,24.0,0,67.5,0.562,0,0,,2025-12-31,1398.72,21,2025-11-03,2023-04-19,66.61,0,0.0,0,58.0,1,80.0
C004682,2022-09-01,SMB,APAC,Starter,Partner,20,25.45,1217,13.0,1,45.4,0.248,0,0,,2025-12-31,637.8,26,2025-11-15,2022-09-06,24.53,1,67.2,0,46.0,1,57.1
C004683,2024-09-24,SMB,LATAM,Business,Referral,24,177.6,463,19.0,1,48.0,0.106,1,0,,2025-12-31,2315.13,14,2025-12-13,2024-10-08,165.37,2,17.5,1,18.0,1,56.4
C004684,2022-04-09,Mid-Market,Europe,Free,Organic,50,0.0,1362,7.0,2,55.3,0.595,0,0,,2025-12-31,49.57,28,2025-09-29,2022-05-26,1.77,2,72.1,0,93.0,0,61.6
C004685,2024-01-10,Enterprise,Europe,Pro,Sales,287,70.54,721,4.0,1,10.1,0.434,0,0,,2025-12-31,1029.13,15,2025-12-24,2024-01-12,68.61,2,54.2,0,7.0,1,51.1
C004686,2024-11-06,SMB,North America,Pro,Organic,4,78.7,420,14.0,1,17.3,0.543,0,0,,2025-12-31,1090.87,13,2025-09-28,2024-11-17,83.91,1,0.0,0,94.0,1,64.0
C004687,2025-09-18,Mid-Market,North America,Starter,Organic,18,26.88,104,14.0,4,48.0,0.832,1,0,,2025-12-31,24.64,1,2025-10-30,2025-10-30,24.64,4,67.5,0,62.0,1,69.3
C004688,2023-02-16,Mid-Market,North America,Enterprise,Paid Search,51,8975.11,1049,16.0,1,15.5,0.632,0,0,,2025-12-31,173154.77,18,2025-12-07,2023-02-25,9619.71,2,23.1,0,24.0,1,68.3
C004689,2022-01-12,Mid-Market,North America,Free,Organic,34,0.0,1449,22.0,1,-3.2,0.353,0,0,,2025-12-31,189.28,36,2025-12-31,2022-04-15,5.26,2,26.4,0,0.0,0,63.4
C004690,2024-10-31,SMB,North America,Free,Partner,8,0.0,426,21.0,0,7.9,0.335,0,0,,2025-12-31,0.0,11,2025-12-20,2025-02-04,0.0,2,140.6,0,11.0,0,64.6
C004691,2022-01-03,SMB,Europe,Pro,Partner,13,68.88,1458,8.0,0,61.4,0.485,0,0,,2025-12-31,2897.0499999999997,43,2025-12-23,2022-03-18,67.37,0,0.0,0,8.0,1,62.8
C004692,2022-04-05,Mid-Market,North America,Pro,Organic,56,90.11,1366,13.0,2,25.6,0.454,0,0,,2025-12-31,2728.06,30,2025-12-01,2022-04-22,90.94,3,63.5,0,30.0,1,59.8
C004693,2025-11-17,SMB,North America,Starter,Organic,8,30.84,44,2.0,0,40.6,0.594,0,0,,2025-12-31,37.61,1,2025-12-04,2025-12-04,37.61,1,71.9,0,27.0,1,58.7
C004694,2025-05-18,SMB,North America,Starter,Organic,17,32.15,227,22.0,1,9.2,0.108,0,0,,2025-12-31,67.77,2,2025-12-13,2025-07-17,33.88,2,14.6,0,18.0,1,57.3
C004695,2024-10-08,SMB,North America,Starter,Organic,17,25.45,449,3.0,0,44.5,0.298,0,0,,2025-12-31,426.51,16,2025-12-21,2025-01-19,26.66,0,0.0,0,10.0,1,51.1
C004696,2025-04-09,Startup,North America,Business,Sales,5,205.53,266,1.0,3,28.3,0.635,0,1,2025-11-07,2025-12-31,616.26,3,2025-10-06,2025-04-19,205.42,4,19.5,0,86.0,0,53.3
C004697,2022-04-18,Mid-Market,North America,Pro,Partner,56,67.32,1353,14.0,3,46.2,0.586,0,0,,2025-12-31,1870.61,29,2025-11-26,2022-06-06,64.5,3,28.2,0,35.0,1,65.2
C004698,2022-05-08,Startup,North America,Starter,Organic,4,27.88,1333,25.0,0,23.1,0.69,0,0,,2025-12-31,1011.78,36,2025-12-13,2022-05-13,28.1,0,0.0,0,18.0,1,80.3
C004699,2023-03-07,SMB,Europe,Starter,Organic,16,33.2,1030,10.0,1,47.6,0.29,1,0,,2025-12-31,705.18,21,2025-12-09,2023-03-09,33.58,2,15.8,0,22.0,1,53.9
C004700,2022-02-03,SMB,APAC,Enterprise,Referral,18,2760.82,1427,5.0,0,21.8,0.513,1,0,,2025-12-31,63821.6,23,2025-12-03,2022-04-03,2774.85,1,3.0,0,28.0,1,55.0
C004701,2025-06-24,Mid-Market,APAC,Business,Referral,28,203.5,190,5.0,0,33.0,0.379,0,0,,2025-12-31,752.6800000000001,3,2025-10-02,2025-07-25,250.89,0,0.0,0,90.0,1,54.1
C004702,2022-03-22,Mid-Market,APAC,Free,Sales,73,0.0,1380,23.0,1,28.2,0.393,0,0,,2025-12-31,59.32,21,2025-11-28,2022-03-29,2.82,2,10.1,1,33.0,0,68.6
C004703,2024-02-17,Enterprise,Europe,Pro,Organic,305,74.55,683,18.0,1,35.7,0.756,0,0,,2025-12-31,938.48,11,2025-05-03,2024-05-06,85.32,1,26.3,0,242.0,1,75.8
C004704,2025-05-05,Startup,LATAM,Starter,Paid Search,7,25.16,240,13.0,4,42.0,0.156,0,0,,2025-12-31,279.83,11,2025-11-22,2025-05-11,25.44,4,12.9,0,39.0,1,49.5
C004705,2024-11-17,SMB,Europe,Starter,Organic,10,32.22,409,25.0,0,22.6,0.629,0,0,,2025-12-31,36.09,1,2025-03-07,2025-03-07,36.09,0,0.0,0,299.0,1,78.5
C004706,2022-12-02,SMB,Europe,Business,Referral,5,208.91,1125,2.0,0,32.0,0.665,1,0,,2025-12-31,4174.02,22,2025-12-11,2023-01-26,189.73,1,20.6,0,20.0,1,57.9
C004707,2023-11-04,SMB,Europe,Business,Paid Search,16,227.48,788,17.0,1,39.7,0.251,2,0,,2025-12-31,5883.15,27,2025-12-07,2023-11-16,217.89,1,10.5,0,24.0,1,56.2
C004708,2024-02-24,Enterprise,North America,Free,Partner,278,0.0,676,10.0,2,47.7,0.199,0,1,2025-02-28,2025-12-31,58.97,10,2025-02-21,2024-03-30,5.9,3,34.5,0,313.0,0,51.7
C004709,2025-01-03,Mid-Market,North America,Business,Organic,39,175.48,362,6.0,3,33.1,0.119,0,0,,2025-12-31,1707.14,9,2025-10-17,2025-03-09,189.68,5,17.9,0,75.0,1,42.7
C004710,2023-09-02,SMB,North America,Pro,Referral,24,77.65,851,25.0,0,12.8,0.313,0,0,,2025-12-31,1171.97,14,2025-11-29,2023-11-01,83.71,0,0.0,0,32.0,1,68.0
C004711,2023-02-12,SMB,APAC,Business,Organic,20,184.95,1053,26.0,1,37.2,0.336,0,0,,2025-12-31,3063.62,19,2025-09-30,2023-04-29,161.24,1,35.0,0,92.0,1,70.5
C004712,2025-02-11,SMB,North America,Business,Referral,14,225.06,323,23.0,2,51.8,0.184,0,1,2025-12-11,2025-12-31,1972.34,8,2025-09-22,2025-03-11,246.54,2,16.8,0,100.0,0,63.2
C004713,2025-06-21,SMB,Europe,Pro,Organic,19,72.18,193,4.0,0,1.7,0.622,2,1,2025-09-16,2025-12-31,90.79,1,2025-09-13,2025-09-13,90.79,2,15.1,0,109.0,0,53.4
C004714,2023-12-01,SMB,APAC,Enterprise,Referral,24,3771.56,761,20.0,0,2.0,0.676,0,0,,2025-12-31,67870.41,18,2025-11-02,2024-03-16,3770.58,0,0.0,0,59.0,1,73.3
C004715,2022-02-10,Startup,Europe,Starter,Organic,4,32.87,1420,10.0,1,18.4,0.15,1,0,,2025-12-31,1422.33,40,2025-12-05,2022-03-04,35.56,1,39.7,0,26.0,1,46.8
C004716,2023-12-17,Enterprise,North America,Pro,Partner,63,69.2,745,10.0,0,30.2,0.196,0,0,,2025-12-31,1097.11,16,2025-11-15,2024-01-03,68.57,0,0.0,0,46.0,1,52.8
C004717,2025-06-25,SMB,Europe,Starter,Referral,14,31.13,189,5.0,1,-19.9,0.754,1,1,2025-10-22,2025-12-31,145.75,4,2025-10-16,2025-06-28,36.44,1,204.4,0,76.0,0,56.6
C004718,2025-11-15,SMB,North America,Business,Paid Search,22,207.46,46,16.0,1,49.4,0.388,0,0,,2025-12-31,0.0,0,,,0.0,2,38.1,0,,1,64.4
C004719,2023-07-28,Mid-Market,LATAM,Free,Organic,45,0.0,887,24.0,1,30.4,0.308,0,0,,2025-12-31,60.28,19,2025-11-23,2023-12-01,3.17,2,105.3,0,38.0,0,67.2
C004720,2022-08-03,Mid-Market,APAC,Starter,Paid Search,47,25.53,1246,6.0,1,-23.8,0.37,0,0,,2025-12-31,845.67,32,2025-12-07,2022-12-06,26.43,1,0.0,0,24.0,1,47.6
C004721,2024-03-29,Mid-Market,APAC,Business,Organic,16,219.14,642,15.0,2,7.2,0.382,0,0,,2025-12-31,2406.09,11,2025-11-05,2024-05-09,218.74,2,31.6,0,56.0,1,57.6
C004722,2025-04-02,Mid-Market,Europe,Starter,Partner,64,24.89,273,18.0,2,27.5,0.726,0,0,,2025-12-31,143.85,7,2025-12-06,2025-04-16,20.55,2,38.4,0,25.0,1,72.6
C004723,2025-09-13,SMB,APAC,Starter,Organic,10,31.48,109,17.0,0,-9.3,0.048,0,0,,2025-12-31,85.24000000000001,3,2025-11-27,2025-10-24,28.41,1,36.1,0,34.0,1,50.7
C004724,2022-03-16,Mid-Market,APAC,Starter,Organic,42,29.91,1386,7.0,2,59.3,0.661,1,0,,2025-12-31,806.68,26,2025-11-09,2022-07-06,31.03,2,0.0,0,52.0,1,62.0
C004725,2023-02-20,SMB,North America,Pro,Organic,5,71.72,1045,0.0,0,39.7,0.733,1,0,,2025-12-31,2373.66,32,2025-11-11,2023-03-05,74.18,0,0.0,0,50.0,1,59.0
C004726,2023-11-15,Enterprise,North America,Starter,Organic,344,29.53,777,23.0,0,52.0,0.346,0,0,,2025-12-31,565.9,18,2025-12-23,2023-12-29,31.44,1,42.7,0,8.0,1,71.1
C004727,2022-05-21,Enterprise,North America,Starter,Organic,378,30.69,1320,16.0,1,9.3,0.626,0,0,,2025-12-31,1119.14,36,2025-12-04,2022-06-05,31.09,1,9.2,0,27.0,1,67.5
C004728,2025-06-21,Mid-Market,Europe,Pro,Referral,54,76.35,193,19.0,3,45.3,0.595,0,0,,2025-12-31,91.18,1,2025-07-20,2025-07-20,91.18,4,24.1,0,164.0,1,69.8
C004729,2022-06-10,Mid-Market,APAC,Enterprise,Organic,69,12020.7,1300,14.0,1,18.5,0.336,0,0,,2025-12-31,258801.73,22,2025-12-27,2022-08-05,11763.72,1,130.6,0,4.0,1,57.9
C004730,2024-08-09,Startup,Europe,Business,Sales,4,226.24,509,10.0,0,30.2,0.847,0,0,,2025-12-31,2357.83,12,2025-11-27,2024-08-22,196.49,0,0.0,0,34.0,1,72.4
C004731,2025-08-06,Mid-Market,Europe,Starter,Referral,58,31.11,147,7.0,1,43.8,0.481,0,0,,2025-12-31,28.08,1,2025-11-06,2025-11-06,28.08,1,5.7,0,55.0,1,58.6
C004732,2024-09-06,Mid-Market,LATAM,Business,Paid Search,20,169.28,481,18.0,0,33.2,0.249,1,0,,2025-12-31,1108.8,7,2025-12-29,2024-09-30,158.4,0,0.0,0,2.0,1,59.9
C004733,2024-12-27,Mid-Market,North America,Business,Referral,25,189.57,369,23.0,3,55.2,0.145,0,0,,2025-12-31,1592.88,8,2025-12-08,2025-01-17,199.11,3,102.8,0,23.0,1,60.9
C004734,2023-01-12,Mid-Market,North America,Business,Partner,46,223.64,1084,9.0,2,38.5,0.762,1,0,,2025-12-31,6138.24,28,2025-10-15,2023-02-15,219.22,2,37.8,0,77.0,1,64.7
C004735,2025-03-29,SMB,LATAM,Pro,Partner,12,75.16,277,0.0,1,23.4,0.58,0,0,,2025-12-31,758.06,10,2025-12-10,2025-05-07,75.81,1,18.6,0,21.0,1,53.2
C004736,2023-08-22,SMB,LATAM,Free,Paid Search,5,0.0,862,4.0,2,56.1,0.632,0,0,,2025-12-31,36.26,13,2025-10-27,2023-09-30,2.79,4,92.6,0,65.0,0,60.1
C004737,2022-03-29,Mid-Market,APAC,Pro,Partner,69,70.56,1373,16.0,1,61.3,0.436,0,0,,2025-12-31,2067.52,30,2025-08-05,2022-03-30,68.92,2,22.1,0,148.0,1,67.0
C004738,2023-06-09,SMB,North America,Pro,Organic,8,86.15,936,6.0,4,37.2,0.495,0,0,,2025-12-31,1964.92,22,2025-10-21,2023-08-07,89.31,6,75.1,0,71.0,1,52.9
C004739,2023-05-16,SMB,LATAM,Starter,Paid Search,10,26.77,960,22.0,0,68.4,0.399,0,0,,2025-12-31,471.2,17,2025-10-10,2023-05-29,27.72,1,0.0,0,82.0,1,73.5
C004740,2024-01-16,Startup,APAC,Free,Organic,1,0.0,715,7.0,2,29.1,0.338,0,0,,2025-12-31,53.27,13,2025-10-07,2024-02-06,4.1,2,21.0,0,85.0,0,51.3
C004741,2023-01-14,SMB,Europe,Starter,Paid Search,22,29.03,1082,13.0,1,31.8,0.414,1,0,,2025-12-31,403.73,13,2025-10-03,2023-04-19,31.06,3,50.5,0,89.0,1,58.7
C004742,2023-10-23,Mid-Market,North America,Pro,Partner,19,89.96,800,6.0,0,35.1,0.254,0,0,,2025-12-31,1804.49,20,2025-10-29,2023-12-05,90.22,0,0.0,0,63.0,1,51.5
C004743,2023-09-04,SMB,Europe,Free,Organic,4,0.0,849,12.0,3,31.8,0.174,3,1,2025-09-01,2025-12-31,0.0,8,2024-11-09,2024-01-16,0.0,3,25.3,0,417.0,0,43.6
C004744,2023-04-13,Startup,APAC,Pro,Organic,2,89.89,993,18.0,1,27.2,0.536,0,0,,2025-12-31,2231.4,29,2025-12-08,2023-05-06,76.94,1,26.5,0,23.0,1,68.4
C004745,2024-09-22,SMB,APAC,Business,Referral,23,181.61,465,22.0,1,17.1,0.777,0,0,,2025-12-31,988.46,6,2025-08-14,2024-11-21,164.74,2,112.4,0,139.0,1,78.2
C004746,2023-03-13,Startup,Europe,Starter,Organic,7,32.14,1024,20.0,1,10.1,0.674,0,0,,2025-12-31,909.64,27,2025-11-19,2023-04-09,33.69,1,19.0,0,42.0,1,72.6
C004747,2024-12-31,Startup,Europe,Free,Organic,4,0.0,365,14.0,0,37.8,0.681,0,0,,2025-12-31,7.72,8,2025-10-24,2025-02-03,0.96,1,11.9,0,68.0,0,71.7
C004748,2022-12-25,Mid-Market,APAC,Free,Paid Search,73,0.0,1102,12.0,1,65.0,0.445,0,0,,2025-12-31,77.74,21,2025-12-23,2023-08-07,3.7,1,18.6,0,8.0,0,64.1
C004749,2025-05-21,SMB,Europe,Starter,Sales,10,33.16,224,9.0,1,55.4,0.539,0,0,,2025-12-31,73.7,3,2025-08-07,2025-05-22,24.57,1,31.4,0,146.0,1,63.2
C004750,2023-06-07,SMB,Europe,Business,Partner,5,198.7,938,27.0,1,44.7,0.22,0,0,,2025-12-31,5127.76,26,2025-11-07,2023-07-29,197.22,1,14.0,0,54.0,1,68.7
C004751,2022-02-28,SMB,North America,Pro,Partner,14,75.71,1402,20.0,2,66.2,0.489,1,0,,2025-12-31,2475.19,32,2025-12-18,2022-04-07,77.35,2,45.6,0,13.0,1,69.1
C004752,2022-08-03,SMB,North America,Business,Referral,9,208.12,1246,24.0,3,35.5,0.856,1,0,,2025-12-31,5533.07,27,2025-11-21,2023-01-24,204.93,4,17.4,0,40.0,1,79.2
C004753,2025-02-26,Startup,APAC,Enterprise,Partner,2,346.38,308,20.0,3,10.3,0.581,0,0,,2025-12-31,1492.1,4,2025-12-18,2025-07-12,373.02,3,23.8,1,13.0,1,66.8
C004754,2025-06-01,SMB,North America,Starter,Referral,14,28.59,213,2.0,0,26.3,0.356,0,1,2025-11-25,2025-12-31,34.66,1,2025-07-06,2025-07-06,34.66,0,0.0,0,178.0,0,50.1
C004755,2022-10-31,SMB,North America,Pro,Partner,8,86.96,1157,7.0,2,33.5,0.285,0,0,,2025-12-31,1886.58,23,2025-12-26,2022-11-25,82.03,2,108.9,0,5.0,1,50.2
C004756,2024-05-11,Enterprise,LATAM,Pro,Referral,332,82.33,599,12.0,2,22.2,0.342,0,1,2025-09-17,2025-12-31,252.9,3,2024-12-06,2024-06-14,84.3,3,57.0,0,390.0,0,55.2
C004757,2024-04-01,SMB,APAC,Pro,Partner,22,87.51,639,8.0,1,50.3,0.529,0,0,,2025-12-31,735.44,8,2025-12-01,2024-11-20,91.93,1,33.1,0,30.0,1,61.5
C004758,2022-07-11,Startup,North America,Starter,Organic,1,32.9,1269,25.0,2,58.4,0.592,0,0,,2025-12-31,564.88,17,2025-08-21,2022-08-06,33.23,2,19.8,0,132.0,1,77.9
C004759,2023-10-09,SMB,North America,Starter,Organic,24,30.23,814,13.0,1,-8.3,0.465,0,0,,2025-12-31,396.29,13,2025-12-05,2023-10-21,30.48,2,12.6,0,26.0,1,58.2
C004760,2024-09-19,Enterprise,APAC,Pro,Organic,423,84.03,468,6.0,1,31.4,0.593,0,0,,2025-12-31,654.53,8,2025-12-27,2024-12-14,81.82,1,80.1,0,4.0,1,59.8
C004761,2025-10-14,Startup,Europe,Pro,Paid Search,5,69.06,78,16.0,0,-37.6,0.268,1,0,,2025-12-31,90.03,1,2025-11-08,2025-11-08,90.03,1,15.5,0,53.0,1,51.6
C004762,2025-04-27,Startup,Europe,Starter,Sales,7,31.56,248,10.0,1,32.7,0.487,1,0,,2025-12-31,133.63,4,2025-10-18,2025-07-11,33.41,1,22.1,0,74.0,1,58.3
C004763,2022-05-20,SMB,Europe,Free,Referral,5,0.0,1321,3.0,0,32.4,0.465,0,1,2024-05-21,2025-12-31,84.36,18,2024-04-15,2022-06-05,4.69,0,0.0,0,625.0,0,54.9
C004764,2022-12-06,Enterprise,North America,Pro,Referral,440,78.35,1121,26.0,1,79.4,0.056,0,0,,2025-12-31,1690.97,21,2025-11-28,2023-01-09,80.52,1,0.0,0,33.0,1,66.3
C004765,2023-09-17,SMB,APAC,Business,Partner,20,193.39,836,26.0,0,71.9,0.385,1,0,,2025-12-31,4321.25,23,2025-11-08,2023-09-24,187.88,0,0.0,0,53.0,1,75.0
C004766,2022-08-04,Enterprise,North America,Pro,Sales,299,83.72,1245,21.0,1,58.3,0.587,0,0,,2025-12-31,2022.89,24,2025-12-17,2022-10-21,84.29,1,48.0,0,14.0,1,75.7
C004767,2024-03-27,Mid-Market,Europe,Free,Referral,31,0.0,644,8.0,1,11.0,0.754,0,0,,2025-12-31,46.51,16,2025-12-17,2024-04-04,2.91,1,1.0,0,14.0,0,64.4
C004768,2022-01-13,SMB,North America,Starter,Organic,5,25.67,1448,23.0,1,9.6,0.537,0,0,,2025-12-31,644.84,27,2025-10-15,2022-04-27,23.88,1,54.7,0,77.0,1,71.1
C004769,2022-06-12,Startup,North America,Business,Paid Search,2,224.55,1298,8.0,1,7.6,0.227,0,0,,2025-12-31,6934.42,30,2025-12-02,2022-07-03,231.15,1,19.5,0,29.0,1,48.2
C004770,2022-03-09,Mid-Market,North America,Business,Paid Search,72,173.17,1393,24.0,0,73.2,0.234,1,0,,2025-12-31,3752.74,21,2025-11-24,2022-03-16,178.7,1,34.5,0,37.0,1,68.8
C004771,2023-02-27,Startup,APAC,Free,Organic,3,0.0,1038,24.0,1,12.2,0.381,1,0,,2025-12-31,150.2,22,2025-10-24,2023-03-24,6.83,2,0.0,0,68.0,0,65.6
C004772,2024-12-26,Startup,North America,Pro,Organic,2,74.29,370,4.0,3,25.4,0.416,1,1,2025-12-26,2025-12-31,835.53,11,2025-11-01,2024-12-28,75.96,3,95.3,0,60.0,0,47.1
C004773,2022-09-11,Enterprise,North America,Starter,Organic,379,24.74,1207,8.0,1,12.5,0.267,1,1,2024-03-21,2025-12-31,217.73,8,2023-12-23,2023-06-20,27.22,2,0.0,0,739.0,0,47.9
C004774,2025-11-12,Mid-Market,North America,Pro,Organic,74,72.81,49,19.0,2,3.5,0.381,1,0,,2025-12-31,100.28,1,2025-12-29,2025-12-29,100.28,2,23.2,0,2.0,1,58.7
C004775,2023-01-21,SMB,APAC,Free,Organic,6,0.0,1075,6.0,2,43.3,0.486,0,0,,2025-12-31,96.8,17,2025-10-01,2023-03-04,5.69,2,71.0,0,91.0,0,56.3
C004776,2022-03-06,SMB,Europe,Pro,Sales,22,67.63,1396,22.0,2,38.8,0.508,0,0,,2025-12-31,1393.04,20,2025-12-20,2022-07-23,69.65,2,101.8,0,11.0,1,70.8
C004777,2023-04-25,Mid-Market,LATAM,Enterprise,Paid Search,41,5987.21,981,19.0,0,-20.6,0.285,0,0,,2025-12-31,118751.06,19,2025-12-13,2023-08-11,6250.06,1,107.2,0,18.0,1,58.5
C004778,2024-12-05,SMB,Europe,Starter,Referral,14,31.07,391,6.0,0,2.5,0.187,1,1,2025-11-15,2025-12-31,73.07,3,2025-10-22,2025-05-16,24.36,0,0.0,0,70.0,0,44.2
C004779,2022-06-02,SMB,Europe,Starter,Organic,8,33.2,1308,21.0,2,41.4,0.314,1,0,,2025-12-31,849.8,25,2025-05-13,2022-06-15,33.99,3,38.2,1,232.0,1,62.3
C004780,2022-04-13,SMB,Europe,Free,Sales,19,0.0,1358,1.0,2,33.2,0.412,0,1,2023-08-18,2025-12-31,61.16,11,2023-07-17,2022-05-01,5.56,2,11.6,0,898.0,0,48.6
C004781,2025-04-29,SMB,North America,Free,Referral,6,0.0,246,10.0,1,25.0,0.097,1,1,2025-10-05,2025-12-31,38.5,4,2025-07-15,2025-04-29,9.62,2,204.5,0,169.0,0,45.8
C004782,2024-04-26,Enterprise,LATAM,Enterprise,Sales,464,71692.37,614,4.0,0,50.1,0.368,1,0,,2025-12-31,1290989.52,18,2025-12-12,2024-06-11,71721.64,1,37.2,0,19.0,1,52.6
C004783,2023-05-06,Mid-Market,LATAM,Enterprise,Paid Search,77,13160.9,970,0.0,0,-1.1,0.403,1,0,,2025-12-31,140295.24,12,2025-07-29,2023-05-30,11691.27,0,0.0,0,155.0,1,45.0
C004784,2024-12-17,Mid-Market,North America,Free,Partner,32,0.0,379,20.0,2,20.1,0.14,1,0,,2025-12-31,9.93,8,2025-12-03,2024-12-18,1.24,2,43.0,0,28.0,0,54.1
C004785,2025-04-22,Startup,Europe,Enterprise,Paid Search,6,838.62,253,4.0,1,48.0,0.854,0,0,,2025-12-31,2324.29,3,2025-12-20,2025-05-05,774.76,1,23.6,0,11.0,1,67.5
C004786,2023-05-29,Startup,North America,Starter,Paid Search,7,30.75,947,19.0,0,18.8,0.463,0,0,,2025-12-31,897.41,28,2025-12-04,2023-08-31,32.05,0,0.0,0,27.0,1,67.7
C004787,2024-03-13,SMB,Europe,Pro,Referral,24,88.65,658,2.0,3,42.8,0.435,0,1,2025-03-07,2025-12-31,633.59,6,2025-02-17,2024-05-05,105.6,4,32.6,0,317.0,0,49.6
C004788,2022-01-16,Enterprise,APAC,Pro,Organic,117,87.82,1445,24.0,0,6.3,0.948,0,0,,2025-12-31,2967.38,34,2025-11-09,2022-02-16,87.28,0,0.0,0,52.0,1,85.5
C004789,2023-03-14,SMB,LATAM,Starter,Organic,6,27.93,1023,27.0,1,14.4,0.742,1,0,,2025-12-31,469.88,17,2025-11-19,2023-05-15,27.64,1,55.2,0,42.0,1,79.3
C004790,2024-05-01,Mid-Market,North America,Pro,Referral,44,89.39,609,8.0,0,-9.6,0.695,0,0,,2025-12-31,1081.7,12,2025-06-20,2024-05-14,90.14,0,0.0,0,194.0,1,62.0
C004791,2022-10-09,Mid-Market,APAC,Pro,Organic,16,69.07,1179,13.0,2,-16.4,0.717,3,1,2025-05-06,2025-12-31,1838.79,27,2025-04-26,2022-12-27,68.1,2,34.2,0,249.0,0,57.5
C004792,2025-11-18,Mid-Market,APAC,Starter,Referral,63,25.22,43,17.0,1,23.1,0.143,1,0,,2025-12-31,0.0,0,,,0.0,1,32.0,0,,1,53.3
C004793,2025-10-20,Startup,North America,Enterprise,Organic,1,161.93,72,16.0,1,46.3,0.404,0,0,,2025-12-31,188.8,1,2025-11-10,2025-11-10,188.8,1,98.7,0,51.0,1,64.5
C004794,2023-01-04,Mid-Market,Europe,Starter,Paid Search,28,30.67,1092,0.0,3,32.1,0.148,0,0,,2025-12-31,713.3,24,2025-12-22,2023-01-16,29.72,3,19.2,0,9.0,1,38.2
C004795,2023-07-21,SMB,Europe,Free,Organic,8,0.0,894,27.0,2,64.0,0.433,0,0,,2025-12-31,90.38,16,2025-09-23,2023-08-01,5.65,2,20.8,0,99.0,0,75.5
C004796,2022-09-28,Startup,APAC,Enterprise,Paid Search,1,163.96,1190,26.0,0,25.2,0.199,0,0,,2025-12-31,5952.54,32,2025-12-21,2022-10-07,186.02,1,0.0,0,10.0,1,66.7
C004797,2023-12-22,SMB,LATAM,Starter,Referral,7,25.14,740,13.0,2,-18.0,0.824,0,0,,2025-12-31,389.88,16,2025-12-09,2023-12-30,24.37,3,30.6,0,22.0,1,66.5
C004798,2022-06-27,Enterprise,North America,Starter,Referral,284,32.47,1283,15.0,2,43.6,0.885,1,0,,2025-12-31,1008.75,30,2025-10-25,2022-08-28,33.62,2,25.8,0,67.0,1,74.3
C004799,2023-07-14,Startup,North America,Starter,Organic,1,29.52,901,4.0,2,8.0,0.474,1,0,,2025-12-31,382.41,13,2025-12-17,2023-07-15,29.42,2,27.6,0,14.0,1,48.6
C004800,2024-03-05,SMB,North America,Free,Paid Search,11,0.0,666,20.0,2,38.1,0.327,0,0,,2025-12-31,31.2,15,2025-11-11,2024-05-06,2.08,5,30.9,0,50.0,0,63.5
C004801,2024-05-24,SMB,North America,Starter,Referral,17,29.71,586,14.0,1,-22.1,0.424,1,0,,2025-12-31,333.99,11,2025-11-29,2024-06-09,30.36,2,35.8,0,32.0,1,54.5
C004802,2024-05-02,SMB,Europe,Starter,Organic,14,32.02,608,7.0,2,28.1,0.419,0,0,,2025-12-31,293.13,10,2025-09-24,2024-10-25,29.31,2,9.5,1,98.0,1,53.6
C004803,2022-11-13,Startup,APAC,Pro,Organic,1,89.67,1144,8.0,0,52.6,0.52,0,0,,2025-12-31,1559.08,16,2025-10-04,2023-06-25,97.44,1,17.2,0,88.0,1,63.0
C004804,2025-02-06,SMB,Europe,Pro,Paid Search,7,78.29,328,2.0,1,49.5,0.281,0,0,,2025-12-31,612.2,8,2025-11-18,2025-02-06,76.53,1,25.3,0,43.0,1,48.7
C004805,2024-09-16,SMB,Europe,Business,Referral,8,188.85,471,22.0,4,28.7,0.504,0,0,,2025-12-31,1040.17,6,2025-10-09,2024-12-10,173.36,4,52.9,0,83.0,1,66.6
C004806,2024-12-12,SMB,North America,Enterprise,Paid Search,20,3026.08,384,1.0,2,33.7,0.263,0,0,,2025-12-31,25193.3,9,2025-12-07,2024-12-13,2799.26,2,43.9,0,24.0,1,44.2
C004807,2023-11-01,Enterprise,North America,Starter,Organic,190,27.87,791,15.0,0,22.6,0.572,0,0,,2025-12-31,595.8199999999999,22,2025-12-05,2023-12-04,27.08,0,0.0,0,26.0,1,67.8
C004808,2025-06-30,SMB,APAC,Enterprise,Sales,3,445.52,184,22.0,0,27.5,0.436,1,0,,2025-12-31,821.23,2,2025-10-30,2025-07-31,410.62,1,52.5,0,62.0,1,68.5
C004809,2023-07-12,Mid-Market,Europe,Business,Sales,20,225.33,903,1.0,4,50.7,0.322,0,0,,2025-12-31,2750.58,12,2025-11-18,2023-07-22,229.22,5,23.7,0,43.0,1,44.6
C004810,2025-02-26,Mid-Market,North America,Enterprise,Partner,61,9828.65,308,4.0,2,16.3,0.418,0,1,2025-11-05,2025-12-31,52762.24,5,2025-10-01,2025-03-05,10552.45,2,11.4,0,91.0,0,49.7
C004811,2022-10-19,Mid-Market,LATAM,Pro,Partner,22,81.51,1169,21.0,1,18.7,0.387,0,0,,2025-12-31,1630.64,21,2025-12-06,2022-12-01,77.65,2,13.8,0,25.0,1,65.7
C004812,2022-12-20,Mid-Market,Europe,Starter,Sales,38,25.25,1107,23.0,0,-4.5,0.775,0,0,,2025-12-31,692.06,29,2025-11-24,2022-12-31,23.86,1,0.4,0,37.0,1,78.3
C004813,2024-01-24,SMB,North America,Starter,Partner,3,32.33,707,2.0,0,51.2,0.738,0,0,,2025-12-31,394.99,13,2025-08-06,2024-02-11,30.38,0,0.0,0,147.0,1,64.0
C004814,2024-03-05,SMB,Europe,Enterprise,Referral,9,1257.12,666,7.0,0,27.0,0.478,0,0,,2025-12-31,10634.19,8,2025-12-09,2024-05-28,1329.27,0,0.0,0,22.0,1,58.3
C004815,2024-12-03,Mid-Market,Europe,Pro,Paid Search,38,79.37,393,16.0,3,3.4,0.584,0,0,,2025-12-31,852.85,11,2025-12-20,2024-12-17,77.53,4,21.4,0,11.0,1,62.6
C004816,2023-03-02,Mid-Market,North America,Business,Organic,15,220.84,1035,15.0,1,55.6,0.618,0,0,,2025-12-31,5899.21,27,2025-12-22,2023-03-31,218.49,2,30.4,0,9.0,1,71.0
C004817,2025-06-01,Startup,APAC,Pro,Referral,3,69.63,213,14.0,1,32.5,0.196,0,0,,2025-12-31,541.17,8,2025-11-13,2025-07-12,67.65,4,15.0,0,48.0,1,55.1
C004818,2023-04-17,Startup,Europe,Starter,Partner,7,31.88,989,7.0,4,15.1,0.478,0,0,,2025-12-31,788.39,25,2025-09-02,2023-06-27,31.54,4,20.0,0,120.0,1,51.1
C004819,2024-02-03,SMB,Europe,Starter,Organic,7,30.87,697,15.0,1,56.0,0.718,1,0,,2025-12-31,291.09,9,2025-05-26,2024-03-13,32.34,1,13.5,0,219.0,1,72.0
C004820,2025-08-25,Mid-Market,APAC,Enterprise,Partner,19,3073.1,128,1.0,1,25.1,0.096,1,0,,2025-12-31,25393.77,8,2025-12-18,2025-09-25,3174.22,2,69.3,0,13.0,1,37.8
C004821,2024-02-11,Enterprise,Europe,Free,Referral,301,0.0,689,24.0,4,-5.6,0.488,0,0,,2025-12-31,32.69,8,2025-12-09,2024-03-04,4.09,4,60.6,0,22.0,0,64.5
C004822,2024-09-02,Enterprise,Europe,Pro,Organic,226,84.32,485,15.0,0,57.6,0.262,0,1,2025-01-10,2025-12-31,80.1,1,2025-01-07,2025-01-07,80.1,1,59.7,0,358.0,0,62.0
C004823,2025-07-23,Mid-Market,North America,Enterprise,Referral,22,3980.51,161,10.0,1,12.6,0.376,2,0,,2025-12-31,18917.85,5,2025-12-27,2025-08-03,3783.57,1,19.7,1,4.0,1,51.0
C004824,2025-10-25,Startup,North America,Free,Organic,4,0.0,67,10.0,2,100.0,0.51,0,0,,2025-12-31,23.75,1,2025-12-17,2025-12-17,23.75,4,32.3,0,14.0,0,66.2
C004825,2023-12-16,SMB,North America,Starter,Partner,15,24.7,746,10.0,0,22.5,0.234,0,0,,2025-12-31,346.6,14,2025-11-28,2024-01-29,24.76,0,0.0,0,33.0,1,53.2
C004826,2023-08-20,Mid-Market,North America,Pro,Sales,77,67.25,864,12.0,0,-16.7,0.433,0,0,,2025-12-31,1267.98,19,2025-12-22,2023-09-07,66.74,0,0.0,0,9.0,1,57.0
C004827,2022-10-09,Startup,Europe,Business,Referral,1,228.15,1179,5.0,1,77.5,0.287,0,0,,2025-12-31,6123.71,26,2025-10-27,2022-12-07,235.53,1,8.9,0,65.0,1,54.3
C004828,2024-02-08,SMB,North America,Pro,Referral,8,80.36,692,16.0,1,32.2,0.406,0,0,,2025-12-31,1407.16,17,2025-08-24,2024-02-23,82.77,1,2.3,0,129.0,1,63.2
C004829,2025-08-06,Mid-Market,North America,Free,Partner,62,0.0,147,5.0,2,40.0,0.239,0,0,,2025-12-31,35.83,3,2025-12-28,2025-08-22,11.94,2,9.4,0,3.0,0,47.6
C004830,2023-11-28,SMB,Europe,Free,Paid Search,21,0.0,764,8.0,1,43.2,0.457,0,0,,2025-12-31,158.89,23,2025-10-30,2023-12-06,6.91,2,69.3,0,62.0,0,58.7
C004831,2023-05-14,Mid-Market,North America,Starter,Partner,43,27.31,962,24.0,0,-0.4,0.573,0,0,,2025-12-31,664.52,23,2025-11-03,2023-05-18,28.89,0,0.0,0,58.0,1,73.6
C004832,2022-06-03,Startup,Europe,Starter,Paid Search,3,29.94,1307,15.0,1,-20.5,0.368,0,0,,2025-12-31,666.63,23,2025-12-10,2022-06-04,28.98,1,4.2,0,21.0,1,55.9
C004833,2023-07-12,Mid-Market,APAC,Starter,Partner,63,25.94,903,25.0,3,82.5,0.101,1,0,,2025-12-31,515.8,20,2025-10-23,2023-07-18,25.79,3,29.8,0,69.0,1,62.1
C004834,2022-12-05,SMB,North America,Business,Paid Search,20,199.02,1122,18.0,2,-5.4,0.43,1,0,,2025-12-31,3762.14,18,2025-12-04,2023-03-27,209.01,2,5.1,1,27.0,1,58.4
C004835,2025-10-28,Mid-Market,North America,Free,Paid Search,67,0.0,64,21.0,4,74.6,0.492,0,0,,2025-12-31,5.8,1,2025-11-20,2025-11-20,5.8,4,22.0,0,41.0,0,70.0
C004836,2024-01-25,Startup,Europe,Business,Paid Search,4,213.53,706,2.0,3,46.8,0.662,0,0,,2025-12-31,2276.81,10,2025-11-26,2024-02-12,227.68,4,32.4,0,35.0,1,56.8
C004837,2022-07-15,SMB,North America,Enterprise,Paid Search,8,1163.45,1265,14.0,1,38.0,0.848,0,0,,2025-12-31,36594.71,30,2025-12-03,2022-08-15,1219.82,1,6.5,0,28.0,1,75.2
C004838,2022-04-07,SMB,Europe,Pro,Paid Search,21,90.35,1364,9.0,0,21.9,0.287,0,0,,2025-12-31,1982.1,23,2025-11-08,2022-04-22,86.18,1,16.9,0,53.0,1,53.8
C004839,2025-05-01,Mid-Market,APAC,Pro,Organic,49,89.95,244,0.0,3,91.4,0.207,0,1,2025-10-19,2025-12-31,511.48,6,2025-09-30,2025-05-05,85.25,3,17.2,0,92.0,0,45.8
C004840,2025-08-24,Startup,Europe,Free,Paid Search,5,0.0,129,2.0,2,16.3,0.451,2,1,2025-12-24,2025-12-31,0.0,2,2025-10-21,2025-10-19,0.0,2,49.3,0,71.0,0,44.9
C004841,2024-12-27,SMB,Europe,Pro,Organic,8,78.47,369,5.0,3,17.0,0.384,0,0,,2025-12-31,1124.18,12,2025-12-13,2024-12-29,93.68,3,12.4,1,18.0,1,48.2
C004842,2022-06-27,Mid-Market,LATAM,Starter,Sales,55,27.14,1283,0.0,0,50.5,0.109,0,0,,2025-12-31,616.11,23,2025-11-10,2022-07-25,26.79,2,51.2,0,51.0,1,43.3
C004843,2022-05-21,Startup,North America,Starter,Organic,7,29.45,1320,12.0,1,16.8,0.35,0,0,,2025-12-31,950.94,31,2025-12-23,2022-08-11,30.68,1,91.4,0,8.0,1,56.4
C004844,2022-10-11,Enterprise,APAC,Pro,Referral,79,80.71,1177,1.0,2,8.4,0.312,0,0,,2025-12-31,2033.21,25,2025-11-10,2022-10-30,81.33,2,67.8,0,51.0,1,43.1
C004845,2024-12-10,Mid-Market,APAC,Free,Organic,28,0.0,386,23.0,0,32.2,0.409,0,0,,2025-12-31,29.439999999999998,8,2025-08-23,2025-02-23,3.68,0,0.0,0,130.0,0,71.0
C004846,2024-12-30,SMB,Europe,Starter,Referral,23,30.22,366,16.0,2,50.9,0.528,0,0,,2025-12-31,198.74,7,2025-12-20,2025-03-03,28.39,2,12.2,0,11.0,1,67.2
C004847,2025-04-13,Mid-Market,North America,Pro,Referral,30,71.2,262,26.0,3,80.7,0.753,1,1,2025-07-30,2025-12-31,245.94,4,2025-07-09,2025-04-23,61.48,5,22.6,0,175.0,0,82.4
C004848,2022-05-19,SMB,North America,Pro,Sales,12,79.64,1322,2.0,1,85.8,0.333,2,0,,2025-12-31,1729.96,23,2025-07-30,2022-08-01,75.22,2,7.8,0,154.0,1,49.9
C004849,2022-08-08,Mid-Market,LATAM,Free,Referral,35,0.0,1241,2.0,2,-11.1,0.595,1,1,2025-06-11,2025-12-31,101.53,21,2025-04-02,2022-12-10,4.83,2,4.0,0,273.0,0,48.5
C004850,2025-07-11,Mid-Market,North America,Free,Referral,61,0.0,173,24.0,1,59.7,0.449,0,0,,2025-12-31,8.28,3,2025-09-17,2025-09-11,2.76,1,44.1,0,105.0,0,74.4
C004851,2025-08-21,Enterprise,APAC,Starter,Organic,396,25.03,132,10.0,1,9.1,0.566,0,1,2025-12-06,2025-12-31,50.07,2,2025-10-22,2025-09-01,25.04,1,198.9,0,70.0,0,60.3
C004852,2024-11-03,Mid-Market,Europe,Pro,Paid Search,21,73.0,423,21.0,1,10.3,0.057,0,0,,2025-12-31,340.43,5,2025-11-02,2024-11-28,68.09,2,18.2,0,59.0,1,55.0
C004853,2022-06-01,Startup,Europe,Pro,Paid Search,7,85.26,1309,5.0,2,20.2,0.104,0,0,,2025-12-31,2466.55,31,2025-12-24,2022-06-24,79.57,2,37.6,0,7.0,1,41.6
C004854,2022-04-09,SMB,Europe,Free,Sales,6,0.0,1362,0.0,1,18.6,0.517,0,0,,2025-12-31,74.84,21,2025-12-19,2022-05-26,3.56,1,0.0,0,12.0,0,50.9
C004855,2022-03-21,SMB,North America,Pro,Referral,4,71.44,1381,13.0,0,6.9,0.457,1,0,,2025-12-31,2382.74,35,2025-10-28,2022-04-21,68.08,2,25.0,1,64.0,1,59.0
C004856,2024-09-16,Mid-Market,Europe,Enterprise,Paid Search,73,10933.7,471,16.0,0,-24.4,0.395,0,0,,2025-12-31,68192.74,6,2025-05-14,2024-09-16,11365.46,0,0.0,0,231.0,1,58.7
C004857,2025-04-24,SMB,LATAM,Pro,Partner,23,87.58,251,3.0,0,69.9,0.498,1,0,,2025-12-31,309.08,3,2025-12-21,2025-05-16,103.03,0,0.0,0,10.0,1,57.6
C004858,2024-06-22,Mid-Market,North America,Pro,Paid Search,58,82.6,557,0.0,2,56.2,0.295,1,0,,2025-12-31,1115.65,13,2025-11-13,2024-06-29,85.82,4,61.6,0,48.0,1,44.5
C004859,2023-01-10,Mid-Market,LATAM,Pro,Partner,28,74.53,1086,5.0,1,33.3,0.666,0,0,,2025-12-31,1256.6100000000001,18,2025-10-29,2023-02-27,69.81,2,61.4,1,63.0,1,61.3
C004860,2024-12-19,SMB,LATAM,Business,Partner,10,210.87,377,3.0,3,9.5,0.208,0,0,,2025-12-31,1333.88,6,2025-10-05,2025-02-01,222.31,4,14.7,0,87.0,1,40.4
C004861,2022-03-26,SMB,North America,Enterprise,Paid Search,6,866.56,1376,27.0,1,64.6,0.255,0,0,,2025-12-31,21633.88,26,2025-12-15,2022-05-04,832.07,2,14.3,1,16.0,1,71.7
C004862,2025-03-30,SMB,Europe,Free,Referral,9,0.0,276,27.0,1,32.1,0.278,1,0,,2025-12-31,25.25,5,2025-10-07,2025-05-04,5.05,2,18.0,0,85.0,0,67.2
C004863,2025-06-29,Startup,North America,Starter,Organic,1,25.6,185,0.0,2,19.3,0.747,0,0,,2025-12-31,83.05,3,2025-12-30,2025-07-16,27.68,2,23.7,0,1.0,1,56.3
C004864,2024-10-24,Startup,Europe,Free,Referral,7,0.0,433,12.0,2,-7.4,0.693,0,0,,2025-12-31,42.43,15,2025-12-16,2024-11-08,2.83,3,43.2,0,15.0,0,62.8
C004865,2025-06-11,Mid-Market,LATAM,Business,Partner,74,198.34,203,10.0,0,47.2,0.664,0,0,,2025-12-31,423.44,2,2025-12-11,2025-07-25,211.72,2,6.9,0,20.0,1,68.6
C004866,2024-04-18,Enterprise,APAC,Free,Organic,370,0.0,622,0.0,1,25.4,0.582,0,0,,2025-12-31,34.45,13,2025-12-29,2024-05-30,2.65,1,55.5,0,2.0,0,53.5
C004867,2023-11-01,Mid-Market,LATAM,Enterprise,Paid Search,16,2592.51,791,18.0,1,40.3,0.363,0,0,,2025-12-31,49611.48,19,2025-12-27,2023-12-04,2611.13,2,7.9,0,4.0,1,64.5
C004868,2023-04-07,SMB,North America,Free,Organic,24,0.0,999,23.0,0,37.9,0.385,1,0,,2025-12-31,147.86,26,2025-12-20,2023-06-20,5.69,2,5.8,0,11.0,0,68.9
C004869,2025-08-11,Startup,Europe,Pro,Partner,7,79.82,142,17.0,2,49.6,0.182,1,0,,2025-12-31,440.31,5,2025-12-09,2025-08-20,88.06,2,40.1,1,22.0,1,55.6
C004870,2024-09-24,Startup,North America,Starter,Sales,2,25.98,463,25.0,0,39.2,0.112,0,0,,2025-12-31,323.66,12,2025-12-18,2024-10-05,26.97,1,115.2,0,13.0,1,64.6
C004871,2022-09-30,Mid-Market,APAC,Pro,Organic,62,71.68,1188,17.0,0,26.1,0.419,0,0,,2025-12-31,2268.52,30,2025-09-25,2023-01-26,75.62,1,50.5,0,97.0,1,65.4
C004872,2025-09-30,Startup,North America,Starter,Organic,6,26.74,92,15.0,0,47.6,0.48,0,0,,2025-12-31,54.45,2,2025-11-07,2025-09-30,27.22,1,13.1,0,54.0,1,67.6
C004873,2022-03-26,SMB,North America,Business,Paid Search,18,212.79,1376,26.0,0,57.5,0.767,2,0,,2025-12-31,5686.69,28,2025-12-25,2022-04-06,203.1,0,0.0,0,6.0,1,83.0
C004874,2024-04-20,Startup,North America,Pro,Organic,1,71.53,620,19.0,2,72.4,0.098,0,0,,2025-12-31,854.03,12,2025-12-20,2024-05-31,71.17,2,29.8,1,11.0,1,59.1
C004875,2022-09-30,SMB,North America,Starter,Organic,14,26.45,1188,21.0,0,5.7,0.405,0,0,,2025-12-31,620.02,26,2025-10-06,2022-10-08,23.85,0,0.0,0,86.0,1,66.5
C004876,2024-08-08,Mid-Market,North America,Business,Partner,30,227.54,510,21.0,0,61.5,0.195,0,0,,2025-12-31,3515.58,16,2025-12-14,2024-08-15,219.72,1,42.8,0,17.0,1,65.8
C004877,2023-08-14,Enterprise,North America,Enterprise,Paid Search,480,82618.27,870,0.0,1,-6.0,0.306,0,0,,2025-12-31,1514228.54,18,2025-07-26,2023-09-10,84123.81,1,32.6,0,158.0,1,42.1
C004878,2023-09-18,Startup,APAC,Business,Referral,5,191.85,835,20.0,1,59.1,0.435,0,0,,2025-12-31,2437.21,14,2025-10-24,2023-09-22,174.09,1,17.7,0,68.0,1,70.3
C004879,2024-08-18,SMB,APAC,Business,Paid Search,6,204.04,500,20.0,1,19.0,0.514,1,0,,2025-12-31,3264.77,16,2025-12-12,2024-09-01,204.05,1,0.0,0,19.0,1,66.7
C004880,2024-12-17,Mid-Market,North America,Pro,Partner,36,78.2,379,13.0,1,54.8,0.215,0,0,,2025-12-31,811.0899999999999,10,2025-11-05,2024-12-22,81.11,2,13.7,1,56.0,1,57.0
C004881,2023-06-28,Mid-Market,APAC,Enterprise,Paid Search,27,4466.14,917,15.0,1,71.1,0.516,1,0,,2025-12-31,88504.31,20,2025-12-08,2023-07-25,4425.22,1,4.7,0,23.0,1,67.5
C004882,2025-11-27,Mid-Market,Europe,Pro,Organic,41,89.75,34,23.0,2,39.5,0.443,1,0,,2025-12-31,91.21,1,2025-12-26,2025-12-26,91.21,3,66.5,0,5.0,1,67.8
C004883,2023-12-14,Startup,APAC,Enterprise,Paid Search,1,173.5,748,3.0,2,33.8,0.433,0,0,,2025-12-31,4339.7699999999995,24,2025-12-15,2024-01-12,180.82,3,80.1,0,16.0,1,51.0
C004884,2022-08-18,Enterprise,North America,Business,Referral,325,200.38,1231,14.0,2,32.5,0.229,0,0,,2025-12-31,6475.73,31,2025-12-12,2022-10-31,208.89,2,15.7,0,19.0,1,54.6
C004885,2022-01-10,Enterprise,Europe,Starter,Sales,401,25.93,1451,21.0,1,23.2,0.247,1,0,,2025-12-31,918.45,37,2025-12-09,2022-01-22,24.82,2,122.4,0,22.0,1,60.0
C004886,2022-10-17,SMB,North America,Free,Organic,16,0.0,1171,7.0,2,63.1,0.43,1,0,,2025-12-31,150.46,26,2025-12-21,2022-12-19,5.79,2,101.2,0,10.0,0,55.5
C004887,2024-09-15,SMB,North America,Business,Paid Search,5,198.23,472,7.0,1,32.3,0.354,0,0,,2025-12-31,2896.55,14,2025-12-20,2024-10-07,206.9,2,61.6,0,11.0,1,53.6
C004888,2024-02-11,Mid-Market,Europe,Pro,Partner,19,68.71,689,0.0,3,-19.4,0.37,0,0,,2025-12-31,1010.6,14,2025-12-28,2024-02-15,72.19,3,147.2,0,3.0,1,39.7
C004889,2023-04-29,Enterprise,APAC,Pro,Organic,134,90.38,977,8.0,2,57.1,0.391,0,0,,2025-12-31,1427.35,15,2025-12-19,2023-05-20,95.16,2,60.8,0,12.0,1,56.6
C004890,2023-11-20,Mid-Market,APAC,Enterprise,Referral,43,6882.38,772,10.0,3,55.8,0.315,0,0,,2025-12-31,103564.5,15,2025-11-29,2023-11-26,6904.3,3,23.3,0,32.0,1,54.5
C004891,2025-04-13,Mid-Market,North America,Pro,Organic,78,70.99,262,26.0,1,36.1,0.487,0,0,,2025-12-31,217.84,3,2025-09-13,2025-06-07,72.61,1,3.9,0,109.0,1,74.9
C004892,2024-03-28,Enterprise,Europe,Starter,Referral,157,26.68,643,2.0,2,15.3,0.389,0,0,,2025-12-31,290.92,11,2025-12-19,2024-04-18,26.45,4,36.7,0,12.0,1,47.0
C004893,2022-03-25,Mid-Market,APAC,Pro,Partner,36,72.54,1377,18.0,0,6.0,0.426,0,0,,2025-12-31,1755.38,22,2025-08-06,2022-05-11,79.79,0,0.0,0,147.0,1,64.5
C004894,2022-03-12,SMB,North America,Free,Organic,10,0.0,1390,1.0,0,15.4,0.297,0,0,,2025-12-31,133.78,26,2025-12-27,2022-09-10,5.15,0,0.0,0,4.0,0,46.3
C004895,2023-11-21,Startup,North America,Pro,Referral,5,77.58,771,22.0,0,40.0,0.251,1,0,,2025-12-31,1211.92,15,2025-10-25,2024-08-02,80.79,0,0.0,0,67.0,1,64.2
C004896,2023-08-02,Startup,North America,Enterprise,Organic,4,663.65,882,13.0,1,-11.1,0.65,1,0,,2025-12-31,14545.01,22,2025-11-18,2023-10-01,661.14,1,0.0,0,43.0,1,61.5
C004897,2025-05-01,Mid-Market,North America,Free,Referral,64,0.0,244,11.0,0,45.6,0.684,0,0,,2025-12-31,8.64,5,2025-12-25,2025-06-21,1.73,0,0.0,0,6.0,0,69.9
C004898,2024-04-13,Mid-Market,North America,Business,Referral,40,209.46,627,26.0,1,36.8,0.254,0,0,,2025-12-31,3805.85,19,2025-09-10,2024-04-21,200.31,1,10.6,0,112.0,1,68.0
C004899,2024-12-18,Startup,North America,Business,Partner,2,191.61,378,20.0,1,67.2,0.337,0,0,,2025-12-31,1140.29,6,2025-11-17,2025-02-13,190.05,2,41.1,0,44.0,1,68.2
C004900,2024-04-16,SMB,Europe,Free,Organic,4,0.0,624,2.0,1,52.5,0.665,0,0,,2025-12-31,101.61,12,2025-12-26,2024-04-19,8.47,3,39.3,0,5.0,0,60.5
C004901,2023-05-09,SMB,Europe,Business,Paid Search,23,171.57,967,7.0,3,16.9,0.468,0,1,2024-01-24,2025-12-31,704.11,4,2023-12-04,2023-05-14,176.03,4,42.9,0,758.0,0,52.5
C004902,2024-07-28,Mid-Market,APAC,Business,Paid Search,67,216.64,521,7.0,0,-7.3,0.677,0,0,,2025-12-31,1812.42,8,2025-10-22,2024-09-17,226.55,1,0.0,0,70.0,1,60.8
C004903,2024-06-07,Mid-Market,Europe,Pro,Partner,51,79.05,572,17.0,3,14.5,0.338,0,0,,2025-12-31,1024.91,12,2025-11-04,2024-08-23,85.41,3,22.1,1,57.0,1,57.3
C004904,2024-10-26,SMB,North America,Starter,Partner,14,26.37,431,23.0,4,69.5,0.646,0,0,,2025-12-31,331.07,12,2025-11-19,2024-11-08,27.59,4,46.9,0,42.0,1,75.9
C004905,2022-09-28,SMB,LATAM,Starter,Paid Search,7,28.64,1190,17.0,0,42.4,0.317,0,0,,2025-12-31,731.91,26,2025-11-12,2022-10-02,28.15,0,0.0,0,49.0,1,63.9
C004906,2024-07-06,Enterprise,APAC,Pro,Referral,201,74.96,543,11.0,2,49.9,0.524,0,0,,2025-12-31,1139.39,16,2025-12-09,2024-08-16,71.21,5,16.8,2,22.0,1,62.5
C004907,2023-02-13,Startup,Europe,Starter,Referral,4,26.53,1052,20.0,0,19.3,0.489,0,0,,2025-12-31,612.31,21,2025-08-29,2023-02-25,29.16,1,68.0,0,124.0,1,69.5
C004908,2025-02-04,SMB,North America,Starter,Partner,13,30.43,330,21.0,1,47.1,0.691,2,0,,2025-12-31,197.2,7,2025-12-24,2025-05-03,28.17,1,0.0,0,7.0,1,73.7
C004909,2025-02-15,SMB,Europe,Enterprise,Organic,18,2845.63,319,2.0,2,-3.0,0.748,0,0,,2025-12-31,28467.57,10,2025-12-29,2025-02-16,2846.76,2,98.6,0,2.0,1,55.9
C004910,2024-06-12,Mid-Market,Europe,Pro,Paid Search,29,77.36,567,15.0,1,58.4,0.424,0,0,,2025-12-31,698.35,9,2025-05-09,2024-06-23,77.59,1,14.9,0,236.0,1,65.5
C004911,2025-09-15,SMB,APAC,Business,Paid Search,6,197.09,107,19.0,2,6.1,0.188,1,1,2025-10-18,2025-12-31,480.94,3,2025-10-03,2025-09-27,160.31,2,41.1,0,89.0,0,53.2
C004912,2024-02-08,SMB,APAC,Enterprise,Referral,24,4010.21,692,16.0,0,-14.4,0.791,1,0,,2025-12-31,51344.17,13,2025-11-19,2024-09-26,3949.55,0,0.0,0,42.0,1,69.6
C004913,2022-02-05,Enterprise,LATAM,Free,Referral,487,0.0,1425,6.0,1,91.6,0.139,0,0,,2025-12-31,124.1,27,2025-12-29,2022-02-08,4.6,2,29.8,0,2.0,0,52.2
C004914,2024-05-16,SMB,LATAM,Starter,Referral,17,28.67,594,4.0,1,38.4,0.468,1,0,,2025-12-31,296.33,10,2025-10-31,2024-07-18,29.63,1,14.8,0,61.0,1,53.0
C004915,2025-01-17,SMB,Europe,Pro,Organic,12,80.01,348,8.0,0,37.7,0.337,0,0,,2025-12-31,726.89,9,2025-12-19,2025-05-15,80.77,1,30.7,0,12.0,1,56.0
C004916,2022-05-25,Startup,LATAM,Starter,Referral,7,30.27,1316,9.0,0,-11.7,0.448,0,0,,2025-12-31,967.31,32,2025-11-07,2022-06-15,30.23,1,40.2,0,54.0,1,55.3
C004917,2022-05-30,Mid-Market,LATAM,Free,Referral,42,0.0,1311,25.0,2,50.6,0.265,2,0,,2025-12-31,92.25,21,2025-11-30,2022-11-06,4.39,2,23.1,0,31.0,0,63.3
C004918,2023-01-26,Startup,North America,Business,Organic,6,215.19,1070,17.0,1,57.2,0.468,0,0,,2025-12-31,3964.45,19,2025-10-20,2023-03-14,208.66,3,23.7,0,72.0,1,68.4
C004919,2025-04-22,SMB,Europe,Free,Organic,13,0.0,253,23.0,3,30.0,0.503,0,0,,2025-12-31,28.950000000000003,4,2025-10-19,2025-04-25,7.24,3,42.6,0,73.0,0,69.1
C004920,2024-01-25,Enterprise,North America,Pro,Organic,378,72.78,706,0.0,2,57.2,0.537,0,0,,2025-12-31,1295.26,19,2025-11-12,2024-05-09,68.17,2,33.8,0,49.0,1,53.8
C004921,2025-10-28,Enterprise,North America,Pro,Partner,373,90.49,64,21.0,1,64.3,0.619,0,0,,2025-12-31,149.29,2,2025-11-11,2025-11-10,74.64,2,56.0,0,50.0,1,77.2
C004922,2025-06-02,Mid-Market,North America,Pro,Paid Search,36,81.95,212,5.0,0,48.1,0.276,0,0,,2025-12-31,122.44,2,2025-12-24,2025-11-28,61.22,2,25.5,0,7.0,1,52.6
C004923,2024-03-04,Mid-Market,Europe,Starter,Organic,72,28.32,667,15.0,2,-19.2,0.865,0,0,,2025-12-31,439.73,15,2025-10-14,2024-04-18,29.32,3,16.9,1,78.0,1,69.4
C004924,2024-08-29,SMB,North America,Free,Paid Search,6,0.0,489,10.0,2,6.2,0.565,0,0,,2025-12-31,116.98,9,2025-12-15,2024-11-21,13.0,2,13.5,0,16.0,0,58.5
C004925,2023-04-19,SMB,North America,Business,Referral,10,192.45,987,24.0,3,77.2,0.272,0,0,,2025-12-31,3810.06,19,2025-12-30,2023-05-06,200.53,3,83.8,0,1.0,1,67.8
C004926,2022-05-10,Mid-Market,North America,Enterprise,Referral,52,7964.08,1331,18.0,1,37.1,0.592,1,0,,2025-12-31,212967.85,26,2025-12-18,2022-07-06,8191.07,2,30.1,0,13.0,1,69.0
C004927,2023-07-25,Startup,Europe,Pro,Referral,7,84.93,890,12.0,1,37.2,0.076,1,0,,2025-12-31,1622.0,21,2025-11-10,2023-07-26,77.24,1,9.5,0,51.0,1,48.2
C004928,2024-04-26,Mid-Market,APAC,Free,Sales,58,0.0,614,14.0,1,14.2,0.457,1,1,2025-03-15,2025-12-31,7.98,10,2025-02-19,2024-07-06,0.8,1,64.3,0,315.0,0,59.1
C004929,2022-09-18,SMB,LATAM,Pro,Partner,17,78.31,1200,19.0,1,19.1,0.745,0,0,,2025-12-31,1774.95,22,2025-12-25,2023-04-22,80.68,2,36.3,0,6.0,1,74.7
C004930,2022-11-14,Startup,Europe,Starter,Referral,6,25.62,1143,20.0,0,64.8,0.126,1,0,,2025-12-31,374.42,15,2025-11-20,2023-02-13,24.96,0,0.0,0,41.0,1,61.1
C004931,2022-01-22,Startup,North America,Starter,Paid Search,3,31.83,1439,16.0,1,72.5,0.445,0,0,,2025-12-31,885.9,30,2025-12-11,2022-06-01,29.53,2,9.1,0,20.0,1,68.4
C004932,2024-11-15,SMB,APAC,Starter,Referral,6,27.66,411,20.0,1,54.9,0.576,1,1,2025-04-14,2025-12-31,226.69,8,2025-04-09,2024-11-17,28.34,3,17.7,0,266.0,0,72.1
C004933,2025-07-10,SMB,North America,Starter,Sales,10,29.56,174,22.0,5,48.8,0.161,0,1,2025-09-30,2025-12-31,21.09,1,2025-07-15,2025-07-15,21.09,6,48.8,0,169.0,0,56.9
C004934,2025-03-29,Mid-Market,LATAM,Starter,Partner,40,28.22,277,0.0,0,50.7,0.249,0,0,,2025-12-31,127.26,5,2025-12-11,2025-05-15,25.45,1,7.1,0,20.0,1,47.5
C004935,2023-06-28,Enterprise,APAC,Starter,Paid Search,70,29.94,917,10.0,2,33.2,0.295,0,0,,2025-12-31,545.0600000000001,20,2025-12-24,2023-08-02,27.25,3,76.3,0,7.0,1,53.1
C004936,2024-04-28,SMB,Europe,Business,Organic,15,200.61,612,25.0,2,4.9,0.125,2,1,2024-12-20,2025-12-31,1731.66,9,2024-12-13,2024-06-23,192.41,3,11.8,0,383.0,0,54.6
C004937,2025-10-05,Enterprise,North America,Pro,Paid Search,86,89.87,87,8.0,2,-0.5,0.566,0,0,,2025-12-31,87.14,1,2025-12-28,2025-12-28,87.14,2,16.0,0,3.0,1,56.1
C004938,2024-04-25,Mid-Market,North America,Starter,Organic,51,32.98,615,23.0,1,67.9,0.266,0,0,,2025-12-31,596.19,19,2025-11-29,2024-08-19,31.38,1,42.0,0,32.0,1,68.8
C004939,2023-02-28,Mid-Market,Europe,Free,Organic,73,0.0,1037,15.0,2,34.2,0.427,1,0,,2025-12-31,77.99,16,2025-11-15,2023-03-21,4.87,2,21.0,0,46.0,0,59.6
C004940,2023-04-30,Startup,Europe,Business,Paid Search,1,222.47,976,7.0,2,46.9,0.112,0,0,,2025-12-31,4166.93,18,2025-12-23,2023-07-16,231.5,2,31.1,0,8.0,1,46.3
C004941,2024-11-05,Startup,APAC,Free,Organic,2,0.0,421,9.0,0,40.3,0.484,2,0,,2025-12-31,35.37,7,2025-11-11,2024-12-01,5.05,0,0.0,0,50.0,0,57.6
C004942,2023-10-01,Startup,Europe,Starter,Sales,7,28.72,822,13.0,1,41.5,0.162,0,0,,2025-12-31,485.62,17,2025-10-09,2023-11-11,28.57,1,20.8,0,83.0,1,54.1
C004943,2025-04-12,SMB,Europe,Pro,Partner,21,84.65,263,3.0,0,43.6,0.837,0,0,,2025-12-31,354.17,4,2025-12-21,2025-05-14,88.54,0,0.0,0,10.0,1,67.1
C004944,2025-05-20,Mid-Market,North America,Pro,Referral,31,79.16,225,8.0,3,52.4,0.255,0,1,2025-12-03,2025-12-31,276.43,3,2025-11-12,2025-07-08,92.14,4,35.1,0,49.0,0,50.5
C004945,2022-02-21,Enterprise,Europe,Business,Paid Search,338,212.12,1409,19.0,0,15.8,0.568,0,0,,2025-12-31,7077.21,33,2025-12-07,2022-03-14,214.46,1,80.3,0,24.0,1,70.6
C004946,2024-10-31,SMB,North America,Starter,Organic,12,28.3,426,25.0,2,64.6,0.389,1,0,,2025-12-31,187.38,7,2025-11-22,2024-11-24,26.77,3,54.1,0,39.0,1,70.5
C004947,2023-06-14,SMB,Europe,Starter,Organic,8,30.95,931,26.0,0,16.6,0.58,1,0,,2025-12-31,737.27,23,2025-11-03,2023-07-27,32.06,0,0.0,0,58.0,1,75.3
C004948,2024-01-14,Mid-Market,Europe,Starter,Referral,61,28.92,717,10.0,1,41.0,0.677,0,0,,2025-12-31,241.38,8,2025-09-23,2024-01-28,30.17,1,11.3,0,99.0,1,66.8
C004949,2023-01-14,SMB,APAC,Pro,Organic,20,69.8,1082,22.0,1,5.4,0.152,1,0,,2025-12-31,1193.47,16,2025-09-08,2023-01-14,74.59,2,56.2,0,114.0,1,56.2
C004950,2023-06-11,SMB,Europe,Starter,Partner,3,29.86,934,11.0,3,30.8,0.212,0,0,,2025-12-31,385.68,14,2025-12-11,2023-11-23,27.55,3,48.1,0,20.0,1,49.8
C004951,2023-04-18,Mid-Market,North America,Starter,Organic,68,30.52,988,22.0,1,18.5,0.275,1,0,,2025-12-31,867.97,26,2025-12-02,2023-05-05,33.38,2,6.7,1,29.0,1,61.2
C004952,2022-03-14,Mid-Market,APAC,Free,Paid Search,33,0.0,1388,25.0,0,35.6,0.301,0,0,,2025-12-31,224.1,36,2025-12-24,2022-04-05,6.22,0,0.0,0,7.0,0,69.9
C004953,2025-01-24,SMB,APAC,Enterprise,Organic,19,3187.61,341,12.0,2,53.4,0.443,0,0,,2025-12-31,38800.52,11,2025-12-24,2025-05-12,3527.32,2,23.0,0,7.0,1,61.3
C004954,2022-07-24,SMB,APAC,Free,Paid Search,19,0.0,1256,16.0,0,36.9,0.463,0,0,,2025-12-31,161.94,27,2025-10-28,2022-09-05,6.0,1,40.3,0,64.0,0,66.9
C004955,2023-06-22,Startup,Europe,Starter,Organic,5,28.85,923,24.0,1,84.0,0.586,1,0,,2025-12-31,700.17,24,2025-12-03,2023-07-11,29.17,1,6.8,1,28.0,1,78.9
C004956,2022-10-04,SMB,APAC,Enterprise,Referral,5,754.01,1184,3.0,2,54.9,0.733,0,0,,2025-12-31,16493.55,21,2025-12-20,2022-10-09,785.41,2,142.7,0,11.0,1,62.2
C004957,2022-08-18,SMB,North America,Business,Organic,13,179.31,1231,6.0,3,29.3,0.394,1,0,,2025-12-31,5079.24,29,2025-11-30,2022-10-14,175.15,6,35.1,0,31.0,1,48.6
C004958,2023-06-18,Startup,Europe,Pro,Organic,7,71.83,927,17.0,2,32.8,0.05,0,0,,2025-12-31,1333.2,18,2025-09-29,2023-07-01,74.07,2,68.0,0,93.0,1,52.0
C004959,2025-08-06,Enterprise,APAC,Pro,Organic,271,72.52,147,5.0,0,44.4,0.366,0,0,,2025-12-31,118.4,2,2025-11-09,2025-08-23,59.2,0,0.0,0,52.0,1,54.9
C004960,2025-09-12,SMB,North America,Free,Sales,10,0.0,110,22.0,0,52.6,0.635,0,0,,2025-12-31,9.55,4,2025-12-24,2025-10-16,2.39,2,74.2,0,7.0,0,79.0
C004961,2023-06-30,SMB,APAC,Business,Partner,22,170.67,915,7.0,1,4.1,0.185,0,1,2025-05-28,2025-12-31,3335.12,20,2025-05-26,2023-07-20,166.76,2,50.4,0,219.0,0,45.7
C004962,2023-12-24,SMB,North America,Starter,Partner,5,28.8,738,9.0,1,50.9,0.377,0,0,,2025-12-31,560.25,20,2025-11-10,2023-12-31,28.01,1,60.7,0,51.0,1,57.9
C004963,2025-11-10,Enterprise,North America,Enterprise,Paid Search,107,19079.22,51,22.0,2,4.8,0.293,1,0,,2025-12-31,26496.79,1,2025-12-12,2025-12-12,26496.79,4,64.1,0,19.0,1,58.9
C004964,2022-12-02,Startup,North America,Starter,Referral,4,28.71,1125,14.0,2,48.5,0.474,0,0,,2025-12-31,614.43,22,2025-09-28,2022-12-26,27.93,2,105.9,0,94.0,1,63.6
C004965,2025-09-12,Startup,APAC,Pro,Organic,4,79.22,110,22.0,1,62.5,0.613,0,0,,2025-12-31,94.91,1,2025-09-29,2025-09-29,94.91,1,37.2,0,93.0,1,77.8
C004966,2022-06-01,Enterprise,APAC,Pro,Referral,487,80.7,1309,17.0,1,42.5,0.468,0,0,,2025-12-31,2604.7,31,2025-12-15,2022-06-21,84.02,1,38.0,0,16.0,1,67.0
C004967,2022-11-19,Mid-Market,North America,Free,Referral,36,0.0,1138,14.0,4,-23.1,0.729,0,0,,2025-12-31,244.11,31,2025-12-03,2022-12-10,7.87,6,29.3,1,28.0,0,61.1
C004968,2023-04-29,Mid-Market,North America,Starter,Organic,31,27.18,977,14.0,3,-9.6,0.285,0,1,2024-05-12,2025-12-31,271.22,11,2024-04-19,2023-06-13,24.66,4,43.2,1,621.0,0,50.6
C004969,2022-02-23,SMB,North America,Business,Organic,3,226.42,1407,22.0,0,49.1,0.562,0,0,,2025-12-31,5774.82,25,2025-07-30,2022-03-20,230.99,0,0.0,0,154.0,1,76.4
C004970,2025-03-12,SMB,North America,Starter,Paid Search,6,31.29,294,27.0,4,-26.3,0.125,0,0,,2025-12-31,157.81,5,2025-11-02,2025-04-14,31.56,5,21.3,1,59.0,1,54.2
C004971,2025-05-08,Mid-Market,APAC,Enterprise,Organic,31,4869.53,237,0.0,1,50.2,0.323,0,0,,2025-12-31,14821.329999999998,3,2025-12-26,2025-08-16,4940.44,2,110.5,0,5.0,1,48.2
C004972,2023-07-03,Startup,North America,Starter,Organic,6,31.98,912,14.0,0,59.6,0.074,1,1,2024-08-28,2025-12-31,161.06,4,2024-04-18,2023-12-01,40.26,0,0.0,0,622.0,0,53.7
C004973,2025-04-11,Mid-Market,North America,Pro,Paid Search,64,89.8,264,21.0,1,63.4,0.318,2,0,,2025-12-31,397.68,4,2025-12-18,2025-05-20,99.42,2,38.1,0,13.0,1,64.1
C004974,2025-01-09,SMB,North America,Pro,Organic,11,89.42,356,18.0,1,29.0,0.142,0,0,,2025-12-31,467.36,5,2025-12-19,2025-03-24,93.47,2,65.0,0,12.0,1,56.7
C004975,2025-02-20,Mid-Market,Europe,Pro,Referral,72,77.85,314,13.0,3,46.0,0.823,1,0,,2025-12-31,478.56,6,2025-10-17,2025-05-07,79.76,3,23.8,0,75.0,1,69.4
C004976,2025-02-21,SMB,APAC,Pro,Paid Search,4,88.7,313,22.0,3,40.2,0.514,0,0,,2025-12-31,380.88,4,2025-10-01,2025-03-28,95.22,3,72.2,0,91.0,1,69.6
C004977,2024-03-31,SMB,Europe,Business,Partner,24,211.18,640,13.0,1,-1.8,0.467,1,0,,2025-12-31,2250.23,9,2025-12-20,2024-05-07,250.03,1,0.0,0,11.0,1,56.9
C004978,2022-06-08,Mid-Market,Europe,Pro,Paid Search,75,69.0,1302,3.0,0,53.6,0.166,2,1,2025-03-06,2025-12-31,824.3199999999999,12,2024-10-09,2023-02-13,68.69,0,0.0,0,448.0,0,44.0
C004979,2025-08-13,SMB,LATAM,Pro,Paid Search,7,68.02,140,7.0,0,69.8,0.611,0,0,,2025-12-31,72.26,1,2025-09-28,2025-09-28,72.26,2,49.8,0,94.0,1,66.6
C004980,2024-05-20,Startup,Europe,Pro,Paid Search,2,76.61,590,1.0,1,52.2,0.436,1,0,,2025-12-31,1424.47,18,2025-09-19,2024-06-15,79.14,1,19.2,0,103.0,1,50.7
C004981,2025-07-12,SMB,APAC,Starter,Sales,11,30.26,172,19.0,1,22.4,0.706,0,0,,2025-12-31,98.66,4,2025-11-06,2025-09-15,24.66,1,3.7,1,55.0,1,73.9
C004982,2025-10-03,Startup,Europe,Free,Paid Search,7,0.0,89,27.0,1,53.5,0.441,0,1,2025-12-23,2025-12-31,0.0,1,2025-10-07,2025-10-07,0.0,1,14.5,0,85.0,0,76.2
C004983,2022-09-25,SMB,North America,Starter,Partner,14,24.98,1193,10.0,4,67.4,0.326,1,0,,2025-12-31,570.72,21,2025-12-20,2022-10-28,27.18,5,37.9,0,11.0,1,52.4
C004984,2023-07-30,SMB,APAC,Pro,Referral,21,73.55,885,20.0,0,64.2,0.498,1,0,,2025-12-31,2176.05,28,2025-12-28,2023-08-02,77.72,0,0.0,0,3.0,1,72.2
C004985,2022-10-03,Mid-Market,Europe,Enterprise,Partner,43,7381.75,1185,27.0,2,60.7,0.212,0,0,,2025-12-31,191596.02,27,2025-10-30,2022-11-04,7096.15,2,20.0,0,62.0,1,68.5
C004986,2022-03-14,SMB,Europe,Free,Organic,10,0.0,1388,11.0,0,-4.8,0.388,0,0,,2025-12-31,53.650000000000006,24,2025-10-13,2022-03-29,2.24,2,19.2,0,79.0,0,56.0
C004987,2025-10-13,Mid-Market,North America,Pro,Organic,37,81.44,79,24.0,2,45.0,0.571,0,0,,2025-12-31,78.47,1,2025-12-29,2025-12-29,78.47,2,42.6,0,2.0,1,75.1
C004988,2025-08-13,Enterprise,Europe,Starter,Partner,59,28.12,140,0.0,3,51.1,0.482,0,0,,2025-12-31,103.19999999999999,4,2025-12-02,2025-09-03,25.8,3,196.4,1,29.0,1,50.1
C004989,2025-08-25,Mid-Market,APAC,Pro,Referral,73,72.06,128,18.0,1,61.0,0.382,0,0,,2025-12-31,300.74,4,2025-12-15,2025-09-01,75.18,3,90.2,0,16.0,1,67.1
C004990,2025-06-17,Enterprise,North America,Business,Referral,324,172.76,197,4.0,1,47.9,0.333,1,0,,2025-12-31,553.79,3,2025-08-16,2025-07-16,184.6,1,52.9,0,137.0,1,49.9
C004991,2024-07-16,Startup,North America,Business,Partner,7,201.24,533,21.0,0,73.8,0.344,0,0,,2025-12-31,4294.26,20,2025-12-30,2024-08-03,214.71,0,0.0,0,1.0,1,71.4
C004992,2024-01-17,Startup,North America,Pro,Organic,3,71.55,714,0.0,0,-10.7,0.567,0,0,,2025-12-31,983.17,14,2025-12-30,2024-01-17,70.23,0,0.0,0,1.0,1,50.9
C004993,2025-11-18,SMB,Europe,Business,Referral,13,173.29,43,23.0,1,49.0,0.307,1,0,,2025-12-31,164.85,1,2025-12-11,2025-12-11,164.85,1,14.3,0,20.0,1,66.1
C004994,2024-02-29,Enterprise,APAC,Free,Partner,261,0.0,671,11.0,0,47.0,0.212,0,0,,2025-12-31,85.03999999999999,16,2025-12-21,2024-03-03,5.32,2,23.8,0,10.0,0,55.9
C004995,2024-07-07,Startup,Europe,Pro,Sales,5,89.1,542,6.0,1,57.6,0.371,0,0,,2025-12-31,813.19,9,2025-09-24,2024-08-17,90.35,3,77.8,1,98.0,1,55.7
C004996,2022-10-30,SMB,LATAM,Starter,Referral,15,29.52,1158,15.0,0,73.6,0.286,2,0,,2025-12-31,782.63,29,2025-12-27,2022-12-06,26.99,0,0.0,0,4.0,1,60.3
C004997,2024-12-03,Mid-Market,Europe,Enterprise,Paid Search,60,8840.05,393,27.0,3,12.8,0.512,2,0,,2025-12-31,77495.42,9,2025-12-05,2024-12-29,8610.6,3,12.4,0,26.0,1,67.2
C004998,2025-03-17,SMB,North America,Business,Partner,8,206.11,289,4.0,1,72.7,0.776,0,0,,2025-12-31,831.11,4,2025-12-10,2025-05-13,207.78,1,3.2,0,21.0,1,67.6
C004999,2024-08-28,SMB,North America,Free,Partner,17,0.0,490,8.0,3,55.4,0.306,0,0,,2025-12-31,33.11,7,2025-12-13,2024-10-25,4.73,3,35.2,0,18.0,0,52.4
C005000,2023-12-14,Enterprise,North America,Starter,Paid Search,284,32.05,748,17.0,0,30.3,0.47,1,0,,2025-12-31,315.25,11,2025-11-27,2024-04-01,28.66,0,0.0,0,34.0,1,65.3
